,,,,,,,,,,,,,,,,,,,,,,,,,,,,,,,,,,,,,,,,,,,,,,,,,,,,,,,,,,,,,,,,,,,,,,,,,,,,,,,,,,,,,,,,,,,,,,,,,,,,,,,,,,,,,,,,,,,,,,,,,,,,,,,,,,,,,,,,,,,,,,,,,,,,,,,,,,,,,,,,,,,,,,,,,,,,,,,,,,,,,,,,,,,,,,,,,,,,,,,,,,,,,,,,,,,,,,,,,,,,,,,,,,,,,,,,,,,,,,,,,,,,,,,,,,,,,,,,,,,,,,,,,,,,,,,,,,,,,,,,,,,,,,,,,,,,,,,,,,,,,,,,,,,,,,,,,,,,,,,,,,,,,,,,,,,,,,,,,,,,,,,,,,,,,,,,,,,,,,,
,,,,,,,,,,,,,,,,,,,,,,,,,,,,,,,,,,,,,,,,,,,,,,,,,,,,,,,,,,,,,,,,,,,,,,,,,,,,,,,,,,,,,,,,,,,,,,,,,,,,,,,,,,,,,,,,,,,,,,,,,,,,,,,,,,,,,,,,,,,,,,,,,,,,,,,,,,,,,,,,,,,,,,,,,,,,,,,,,,,,,,,,,,,,,,,,,,,,,,,,,,,,,,,,,,,,,,,,,,,,,,,,,,,,,,,,,,,,,,,,,,,,,,,,,,,,,,,,,,,,,,,,,,,,,,,,,,,,,,,,,,,,,,,,,,,,,,,,,,,,,,,,,,,,,,,,,,,,,,,,,,,,,,,,,,,,,,,,,,,,,,,,,,,,,,,,,,,,,,,
,,,,,,,,,,,,,,,,,,,,,,,,,,,,,,,,,,,,,,,,,,,,,,,,,,,,,,,,,,,,,,,,,,,,,,,,,,,,,,,,,,,,,,,,,,,,,,,,,,,,,,,,,,,,,,,,,,,,,,,,,,,,,,,,,,,,,,,,,,,,,,,,,,,,,,,,,,,,,,,,,,,,,,,,,,,,,,,,,,,,,,,,,,,,,,,,,,,,,,,,,,,,,,,,,,,,,,,,,,,,,,,,,,,,,,,,,,,,,,,,,,,,,,,,,,,,,,,,,,,,,,,,,,,,,,,,,,,,,,,,,,,,,,,,,,,,,,,,,,,,,,,,,,,,,,,,,,,,,,,,,,,,,,,,,,,,,,,,,,,,,,,,,,,,,,,,,,,,,,,
,,,,,,,,,,,,,,,,,,,,,,,,,,,,,,,,,,,,,,,,,,,,,,,,,,,,,,,,,,,,,,,,,,,,,,,,,,,,,,,,,,,,,,,,,,,,,,,,,,,,,,,,,,,,,,,,,,,,,,,,,,,,,,,,,,,,,,,,,,,,,,,,,,,,,,,,,,,,,,,,,,,,,,,,,,,,,,,,,,,,,,,,,,,,,,,,,,,,,,,,,,,,,,,,,,,,,,,,,,,,,,,,,,,,,,,,,,,,,,,,,,,,,,,,,,,,,,,,,,,,,,,,,,,,,,,,,,,,,,,,,,,,,,,,,,,,,,,,,,,,,,,,,,,,,,,,,,,,,,,,,,,,,,,,,,,,,,,,,,,,,,,,,,,,,,,,,,,,,,,
,,,,,,,,,,,,,,,,,,,,,,,,,,,,,,,,,,,,,,,,,,,,,,,,,,,,,,,,,,,,,,,,,,,,,,,,,,,,,,,,,,,,,,,,,,,,,,,,,,,,,,,,,,,,,,,,,,,,,,,,,,,,,,,,,,,,,,,,,,,,,,,,,,,,,,,,,,,,,,,,,,,,,,,,,,,,,,,,,,,,,,,,,,,,,,,,,,,,,,,,,,,,,,,,,,,,,,,,,,,,,,,,,,,,,,,,,,,,,,,,,,,,,,,,,,,,,,,,,,,,,,,,,,,,,,,,,,,,,,,,,,,,,,,,,,,,,,,,,,,,,,,,,,,,,,,,,,,,,,,,,,,,,,,,,,,,,,,,,,,,,,,,,,,,,,,,,,,,,,,
,,,,,,,,,,,,,,,,,,,,,,,,,,,,,,,,,,,,,,,,,,,,,,,,,,,,,,,,,,,,,,,,,,,,,,,,,,,,,,,,,,,,,,,,,,,,,,,,,,,,,,,,,,,,,,,,,,,,,,,,,,,,,,,,,,,,,,,,,,,,,,,,,,,,,,,,,,,,,,,,,,,,,,,,,,,,,,,,,,,,,,,,,,,,,,,,,,,,,,,,,,,,,,,,,,,,,,,,,,,,,,,,,,,,,,,,,,,,,,,,,,,,,,,,,,,,,,,,,,,,,,,,,,,,,,,,,,,,,,,,,,,,,,,,,,,,,,,,,,,,,,,,,,,,,,,,,,,,,,,,,,,,,,,,,,,,,,,,,,,,,,,,,,,,,,,,,,,,,,,
,,,,,,,,,,,,,,,,,,,,,,,,,,,,,,,,,,,,,,,,,,,,,,,,,,,,,,,,,,,,,,,,,,,,,,,,,,,,,,,,,,,,,,,,,,,,,,,,,,,,,,-18.89,-18.22,-18.14,-18.20,-18.39,-18.43,-14.43,-17.25,-4.37,0.00,,,,,,,,,,,,,,,,,,,,,-11.63,-13.47,-15.82,-17.19,-16.68,-14.41,-16.24,-16.69,-16.97,-13.87,-15.33,-16.99,-17.32,-18.24,-16.80,-17.32,-16.04,-14.00,-12.91,-10.78,-7.90,-3.87,0.00,0.00,,,,,,,,,,,,,,,,,,,,,,,,,,,,,,,,,,,,,,,,,,,,,,,,,,,,,,,,,,,,,,,,,,,,,,,,,,,,,,,,,,,,,,,,,,,,,,,,,,,,,,,,,,,,,,,,,,,,,,,,,,,,,,,,,,,,,,,,,,,,,,,,,,,,,,,,,,,,,,,,,,,,,,,,,,,,,,,,,,,,,,,,,,,,,,,,,,,,,,,,,,,,
,,,,,,,,,,,,,,,,,,,,,,,,,,,,,,,,,,,,,,,,,,,,,,,,,,,,,,,,,,,,,,,,,,,,,,,,,,,,,,,,,,,,,,,,,,-21.22,-21.21,-14.87,-21.94,-22.18,-16.24,-15.66,-21.29,-21.19,-21.16,-20.82,-20.98,-22.03,-21.37,-20.17,-20.94,-20.94,-20.58,-20.98,-20.18,-19.28,-18.21,-18.78,-17.73,-18.28,-16.13,-14.24,-15.24,-7.75,-17.26,-17.22,-16.72,-15.84,-17.20,-12.76,-14.09,-11.96,-9.97,-16.43,-14.54,-12.12,-12.14,-16.35,-16.08,-15.95,-16.77,-16.98,-17.14,-17.44,-17.46,-18.09,-18.32,-18.63,-18.91,-18.80,-19.37,-19.84,-19.51,-18.57,-19.18,-19.52,-18.51,-16.25,-15.47,-13.76,-11.40,-9.84,-2.60,-2.36,0.00,0.00,0.00,,,,,,,,,,,,,,,,,,,,,,,,,,,,,,,,,,,,,0.00,,,,,,,,,,,,,,,,,,,,,,,,,,,,,,,,,,,,,,,,,,,,,,,,,,,,,,,,,,,,,,,,,,,,,,,,,,,,,,,,,,,,,,,,,,,,,,,,,,,,,,,,,,,,,,,,,,,,,,,,,,,,,,,,,,,,,,,,,,,,,,,,,,,,,,,,,,,,,,,,,
,,,,,,,,,,,,,,,,,,,,,,,,,,,,,,,,,,,,,,,,,,,,,,,,,,,,,,,,,,,,,,,,,,,,,,,,,,,,,,,,,,,,-10.96,-18.27,-14.32,-8.92,-16.37,-20.74,-21.25,-21.54,-21.79,-21.70,-21.75,-21.96,-22.68,-22.81,-22.89,-23.10,-21.88,-20.56,-20.82,-20.36,-20.78,-20.51,-19.14,-18.29,-17.50,-17.18,-17.10,-17.64,-17.56,-16.96,-17.44,-12.29,-13.29,-9.14,-16.88,-18.15,-19.06,-19.58,-19.12,-18.85,-18.47,-15.85,-17.93,-17.86,-17.81,-17.73,-17.68,-18.11,-18.12,-18.05,-17.79,-17.84,-18.91,-20.40,-21.60,-22.48,-22.97,-22.81,-22.01,-21.03,-20.44,-19.46,-19.26,-17.22,-16.17,-18.97,-19.32,-18.92,-18.61,-13.77,-15.64,-18.67,-14.81,-6.10,-12.68,-16.09,-12.20,-12.84,-16.00,-15.60,-14.94,-13.24,-8.58,-3.30,0.00,,,,,,,,,,,,,,,,,,,,,,,,,,,,,,,,,,,,,,,,,,,,,,,,,,,,,,,,,,,,,,-5.18,,,,-4.15,-8.61,-12.79,-11.77,-12.23,-3.69,-8.08,-5.52,-13.46,-9.76,-6.96,-2.70,,,,,,,,,,,,,,,,,,,,,,,,,-13.64,-4.56,,-9.28,-17.13,-13.51,-2.49,,,,,,,,,,,,,,,,,,,,,,,,,,,,,,,,,,,,,,,,,,,,,,,,,,,,,,,,,,,,,,,,,,,,,,,,,,,,,,,,,,,
,,,,,,,,,,,,,,,,,,,,,,,,,,,,,,,,,,,,,,,,,,,,,,,,,,,,,,,,,,,,,,,,,,,,,,,,,,,0.00,,,,-20.33,-10.25,-9.75,,-15.54,-18.48,-20.91,-21.73,-22.71,-17.04,-14.36,-12.52,-17.61,-12.47,-18.10,-19.66,-19.20,-16.39,-18.64,-18.56,-18.54,-18.13,-20.39,-20.83,-21.31,-21.73,-22.25,-21.78,-20.04,-18.17,-15.61,-15.88,-14.09,-13.44,-12.28,-16.16,-17.24,-17.51,-17.69,-18.11,-18.68,-19.58,-20.58,-21.42,-21.78,-21.96,-21.96,-21.93,-22.00,-22.12,-22.03,-21.84,-21.70,-21.74,-21.97,-22.33,-22.76,-23.35,-24.02,-24.64,-24.91,-24.72,-24.34,-23.84,-23.29,-22.63,-22.80,-22.23,-21.62,-21.27,-20.98,-20.60,-19.97,-19.15,-18.48,-18.07,-17.31,-17.18,-17.97,-18.31,-18.01,-16.88,-15.51,-13.15,-7.83,-5.19,0.00,0.00,,,,,,,,,,,,,,,,,,,,,,,,,,,,-5.08,,-7.44,-5.99,-7.26,-8.53,-7.87,-7.60,-8.65,-8.16,-8.97,-9.35,-8.30,-8.14,-6.82,,,-8.51,-9.85,-10.31,,,-10.27,,,,,,,,-1.77,-13.64,-13.59,-10.02,-10.00,-13.30,-10.82,-11.21,-9.22,-9.90,-9.84,-9.95,-12.48,-12.46,-8.12,-11.87,-12.51,-12.54,-9.23,-14.26,-14.96,-4.43,,,,,,,,,,,,,-14.38,-13.20,-7.89,,,,,,,,,,,-13.40,-16.60,-17.44,-18.22,-18.26,-16.88,-9.94,-9.32,-15.77,,,,,,,,,,,,,,,,,,,,,,,,,,,,,,,,,,,,,,,,,,,,,,,,,,,,,,,,,,,,,,,,,,,,,,,,,,,,,,,,
,,,,,,,,,,,,,,,,,,,,,,,,,,,,,,,,,,,,,,,,,,,,,,,,,,,,,,,,,,,,,,,,,,,,,,,,,,-20.79,-19.94,-19.96,-18.94,-19.26,-20.21,-20.33,-14.53,-8.43,-19.67,-20.01,-19.75,-19.56,-21.43,-22.43,-22.02,-22.03,-20.82,-19.39,-19.08,-18.49,-18.43,-18.71,-18.79,-18.04,-19.05,-20.39,-19.62,-18.90,-18.19,-17.24,-16.84,-16.33,-16.37,-15.72,-14.32,,-13.50,-13.65,-13.84,-15.39,-16.25,-17.35,-18.39,-19.42,-20.28,-20.95,-21.39,-21.89,-22.33,-22.64,-22.75,-22.88,-23.12,-23.45,-23.69,-23.88,-24.02,-24.22,-24.54,-24.88,-25.18,-25.51,-25.79,-25.90,-25.90,-25.80,-25.68,-25.53,-25.31,-24.96,-25.22,-24.57,-23.61,-22.80,-21.95,-21.20,-20.53,-19.97,-19.55,-19.27,-18.73,-18.07,-17.44,-16.83,-15.46,-12.90,-15.06,-7.52,,,,,,,,,,,,,,,,,,,,,,,,,,,,-6.36,-7.46,-8.91,-8.49,-9.35,-8.01,-9.83,-9.71,-8.86,-8.73,-8.95,-9.50,-9.26,-10.15,-10.54,-10.23,-9.06,-7.48,,,-8.45,,,,,,,,,,,,,,,,,,,-12.10,-13.16,-12.96,,,,,,,-12.87,-13.36,,,,,,,,,,,,,,,,,-14.16,-14.01,,,,,,,,,,,,,,-15.85,-16.24,-16.40,-16.48,-17.78,-17.32,-17.06,-17.27,-16.70,-15.47,-15.85,-15.82,-14.89,-15.30,,,,,,,,,,,,,,,,,,,,,,,,,,,,,,,,,,,,,,,,,,,,,,,,,,,,,,,,,,,,,,,,,,,,,,,,,,,
,,,,,,,,,,,,,,,,,,,,,,,,,,,,,,,,,,,,,,,,,,,,,,,,,,,,,,,,,,,,,,,,,-19.60,-19.87,-19.99,-19.10,-20.03,-18.33,,,,-19.40,-19.31,-19.22,-19.29,-19.20,-19.12,-16.97,-18.25,-19.19,-18.93,-18.91,-16.47,-19.23,-18.67,-20.56,-20.00,-19.39,-18.95,-18.74,-18.26,-18.83,-18.31,-18.06,-17.48,-18.84,-22.02,-21.67,-20.09,-19.63,-18.12,-16.45,-14.23,-10.74,-12.89,-14.70,-15.11,-15.00,-15.76,-16.92,-17.92,-18.86,-19.67,-20.34,-20.88,-21.35,-21.91,-22.65,-23.37,-23.90,-24.26,-24.27,-24.21,-24.27,-24.43,-24.50,-24.54,-24.65,-24.88,-25.15,-25.45,-25.72,-26.00,-26.24,-26.37,-26.39,-26.33,-26.14,-25.96,-25.76,-25.46,-25.07,-25.35,-24.87,-24.40,-23.73,-23.10,-22.40,-21.75,-21.07,-20.53,-20.28,-19.87,-18.81,-16.84,-13.34,-10.19,-12.54,-9.96,-9.68,,,,,,,,,,,,,,,,,,,,,,,,,,,,-5.78,-5.63,-7.17,-8.02,-7.17,-7.27,-7.55,-9.01,-8.48,-8.35,-7.34,-7.44,-6.72,-6.62,,,-7.33,-6.75,-8.15,-8.47,-8.62,,,,,,,,,,,,,,,,,,,,,,,,,,,,,,,,,,,,,,,,,,,,,,,,,,,,,,,,,,,,,,,-14.04,,-16.43,-16.39,-15.96,-16.65,-16.19,-15.76,-16.60,-16.46,-16.59,-16.22,-15.88,-15.52,-15.73,,,,,,,,,,,,,,,,,,,,,,,,,,,,,,,,,,,,,,,,,,,,,,,,,,,,,,,,,,,,,,,,,,,,,,,,
,,,,,,,,,,,,,,,,,,,,,,,,,,,,,,,,,,,,,,,,,,,,,,,,,,,,,,,,,,,0.00,-18.71,-18.78,-18.62,-18.71,-18.71,-19.56,-18.36,-19.20,-19.19,-19.01,-9.61,,,-19.33,-19.09,-18.17,-10.75,-18.79,-17.17,-18.24,-18.63,,-18.63,-18.65,-17.55,-18.55,-16.58,0.00,-16.06,-17.84,-14.74,-17.95,-17.79,-17.99,-17.59,-17.52,-17.15,-17.06,-17.35,-19.28,-18.17,-16.31,-6.60,-11.11,-11.35,,,-12.17,-12.68,-13.52,-13.99,-14.55,-15.97,-15.08,-16.75,-18.87,-20.05,-20.67,-21.20,-21.77,-22.42,-22.92,-23.36,-23.67,-23.78,-23.85,-23.91,-23.97,-24.03,-24.20,-24.48,-24.81,-25.10,-25.36,-25.58,-25.78,-25.95,-26.06,-26.14,-26.12,-25.98,-25.75,-25.51,-25.21,-24.89,-25.17,-24.72,-24.23,-23.77,-23.30,-22.77,-22.12,-21.42,-20.60,-19.58,-17.36,-15.24,-13.78,-12.66,-13.64,-12.78,-11.17,-5.96,,,,,,,,,,,,,,,,,,,,,,,,,,,,,,,-4.63,-5.25,-5.99,-6.43,-6.39,-6.25,,-5.60,-6.31,-6.20,-6.47,-5.36,,,,,,,,,,,,,,,,,,,,,,,,,,,,,,,,,,,,,,,,,,,,,,,,,,,,,,,,,,-13.61,,,,,,-13.19,-11.02,0.00,-15.07,-15.08,,,-15.77,-15.81,,,-13.48,-15.08,-14.97,-14.14,-15.47,-15.57,-15.50,-14.99,-14.82,-15.57,,,,,,,,,,,,,,,,,,,,,,,,,,,,,,,,,,,,,,,,,,,,,,,,,,,,,,,,,,,,,,,,,,,,,,,
,,,,,,,,,,,,,,,,,,,,,,,,,,,,,,,,,,,,,,,,,,,,,,,,,,,,,,,,,-17.59,-17.59,-17.65,-17.44,-16.85,-16.83,-17.66,-17.54,-18.02,-16.77,-17.09,-17.33,-18.35,-18.42,-17.13,-17.91,-17.97,-17.94,-17.98,-18.00,-18.05,-18.26,-18.30,-18.07,-18.33,-14.29,-18.21,-18.27,-17.43,-17.86,-17.95,-18.17,-17.96,-17.57,-17.98,-17.90,-18.50,-18.69,-17.41,-16.83,-16.91,-16.56,-17.43,-17.02,-16.05,-14.94,,,,-10.91,-10.11,-11.35,-11.83,-12.29,-13.63,-15.06,-15.61,-16.23,-16.68,-16.71,-17.05,-16.55,-16.57,-16.92,-17.59,-18.20,-18.50,-19.13,-19.98,-20.61,-21.18,-21.71,-22.20,-22.84,-23.53,-24.16,-24.66,-25.07,-25.47,-25.77,-26.01,-26.11,-26.06,-25.96,-25.85,-25.71,-25.51,-25.17,-25.40,-25.11,-24.81,-24.50,-24.05,-23.52,-23.07,-22.54,-21.91,-19.95,-16.51,-14.32,-12.69,-12.02,-11.63,-11.99,-11.96,,,,,,,,,,,,,,,,,,,,,,,,,,,,,,,,,,-3.03,-4.41,-4.52,,,,,,,-3.56,-3.85,,,,,,,,,,,,,,,,,,,,,,,,,,,,,,,,,,-8.37,-10.23,-11.45,-11.64,-12.57,-12.61,-12.54,-12.59,-12.95,-12.03,-10.93,,,,,,,,,,,,,,,,,,,,,,-14.35,-14.52,-14.83,-15.11,-15.45,-15.28,-15.34,-15.25,-15.20,-14.88,-15.24,-15.34,-15.58,-15.57,-15.94,-15.80,-15.82,-16.30,-16.72,-16.93,-16.74,-16.17,-15.57,,,,,,,,,,,,,,,,,,,,,,,,,-15.35,-15.43,-13.69,-14.26,-15.79,,,,,,-13.72,-16.04,,,-15.26,,,,,,,,,,,,,,,,,,,,,,,,,,,
,,,,,,,,,,,,,,,,,,,,,,,,,,,,,,,,,,,,,,,,,,,,,,,,,,,,,,,,,-17.03,-16.74,-15.30,-14.96,-16.68,-16.31,-16.91,-17.33,-17.10,-17.70,-17.60,-16.61,-17.69,-17.83,-17.76,-17.86,-17.79,-16.47,-17.28,-16.16,-17.65,-17.84,-16.56,-17.73,-17.90,-16.28,-16.48,-16.91,-17.34,-13.55,-17.04,-17.50,-17.92,-17.55,-17.16,-17.29,-17.03,-16.87,-17.39,-18.85,-20.14,-18.57,-16.94,-14.70,-14.40,,,,,,,,,,,-12.45,-12.78,-8.65,-10.19,,,,-11.25,-12.01,-11.31,-13.67,-14.94,-15.92,-17.35,-18.34,-19.48,-20.36,-20.82,-21.32,-22.19,-23.08,-23.87,-24.62,-25.34,-25.89,-26.26,-26.41,-26.44,-26.37,-26.26,-26.03,-25.80,-25.54,-25.74,-25.44,-25.14,-24.84,-24.34,-23.55,-22.64,-21.67,-20.74,-20.16,-19.01,-17.86,-14.35,-13.36,-12.37,-10.87,-10.45,-8.72,,,,,,,,,,,,,,,,,,,,,,,,,,,,,,,,,,,,,,,,,,,,,,,,,,,,,,,,,,,,,,,,,,,,,,,,,-7.91,-9.43,-10.82,-11.75,-12.40,-12.53,-12.83,-12.99,-12.39,-12.21,-11.71,-11.35,,,,,,,,,,,,,,,-11.45,-12.17,-13.40,,,-9.21,-12.64,-13.67,-13.09,-14.56,-14.84,-14.99,-15.45,-15.59,-15.52,-15.53,-15.48,-15.30,-15.16,-15.18,-15.42,-15.51,-15.56,-15.62,-15.75,-15.92,-16.44,-16.83,-17.30,-17.30,-16.72,-16.05,-15.32,,,,,,,,,,,,,,,,,,,,,,-10.44,-12.18,-14.72,-15.50,-15.58,-15.68,-16.20,-16.09,-15.97,-15.90,-15.85,-14.74,-15.91,-15.88,-15.84,-15.71,,,,,,,,,,,,,,,,,,,,,,,,,,,,,
,,,,,,,,,,,,,,,,,,,,,,,,,,,,,,,,,,,,,,,,,,,,,,,,,,,,,,,-15.47,-15.46,-15.52,-15.52,-15.24,-15.17,-15.31,-15.87,-15.31,-15.72,-16.48,-16.69,-17.07,-16.89,-17.16,-17.34,-17.00,-16.04,-14.90,,,,,,-17.34,-17.11,-14.86,-16.33,-12.89,-16.44,-17.00,-16.40,-16.34,-15.96,-16.76,-16.90,-16.14,-16.87,-16.44,-16.33,-16.00,-14.39,-16.06,-16.63,-14.60,-14.24,,0.00,,,,,,,,,,,,,,,,,,,-10.27,-8.35,-9.84,-12.25,-14.38,-16.18,-17.85,-18.94,-19.77,-20.54,-21.54,-22.52,-23.50,-24.32,-25.04,-25.60,-26.00,-26.30,-26.49,-26.60,-26.55,-26.38,-26.08,-25.73,-25.56,-24.85,-24.28,-23.73,-22.86,-21.82,-20.67,-19.24,-17.89,-16.94,-16.16,-15.38,-13.87,-12.10,-10.77,-9.98,-8.40,-7.07,,,,,,,,,,,,,,,,,,,,,,,,,,,,,,,,,,,,-1.84,-2.08,,,,,,,,,,,,,,,,,,,,,,,,,,,,,,,,,,,-7.78,-8.57,-10.18,-11.44,-10.80,-10.46,-10.40,,,,,,,,,,,,,,,,,,,-12.19,,,-12.36,-11.91,-10.65,-12.53,-13.37,-13.61,-13.97,-14.26,-14.37,-14.55,-14.76,-14.93,-14.93,-15.09,-15.10,-15.00,-14.94,-14.81,-14.72,-14.88,-15.13,-15.00,-14.90,-15.05,-15.17,-15.35,-15.59,-15.72,-15.88,-15.76,-15.63,-15.39,,-13.99,-13.62,,,,,,,,,,,,,,,,,,,-14.01,-15.23,-14.99,-15.21,-15.21,-15.20,-15.67,-15.94,-15.86,,,,-15.93,-15.72,-15.82,-15.52,,,,,,,,,,,,,,,,,,,,,,,,,,,,,
,,,,,,,,,,,,,,,,,,,,,,,,,,,,,,,,,,,,,,,,,,,,,,,,,,,,,0.00,,-13.03,-14.74,-14.83,-14.82,-14.86,-14.58,-15.05,-15.36,-15.30,-14.79,-15.59,-14.40,-15.70,,-16.14,0.00,-16.56,-16.52,-16.67,-16.85,-14.39,,-16.21,-16.82,-16.87,-17.02,-16.92,-16.51,-13.35,-16.53,-17.31,-17.27,-17.08,-16.81,-16.25,-11.54,-15.97,-16.01,-15.53,-14.74,-14.17,-13.94,-14.95,-14.15,-14.91,-16.71,-17.88,-16.64,-14.43,,,,,,,,,,,,,,,,,,,-7.91,-7.87,-9.00,-13.19,-15.15,-16.69,-17.88,-18.83,-19.59,-20.55,-21.63,-22.67,-23.52,-24.25,-24.84,-25.37,-25.91,-26.30,-26.63,-26.84,-26.73,-26.38,-25.95,-25.78,-25.22,-24.51,-23.48,-21.84,-19.71,-18.28,-15.51,-14.96,-12.62,-11.25,-11.33,-10.68,-9.41,-8.58,,,,,,,,,,,,,,,,,,,,,,,,,,,,,,,,,,,,,,,,,,,,,,,,,,,,,,,,,,,,,,,,,,,,,,,,,,-6.47,-8.15,-9.16,-9.36,-9.20,-9.05,,,,,,,,,,,-9.58,-10.92,-10.69,,,-11.12,-11.15,-11.01,,-10.71,-11.98,-11.67,-12.19,-12.48,-12.53,-12.56,-12.69,-12.83,-12.98,-13.25,-13.50,-13.67,-13.67,-13.72,-13.79,-13.82,-14.05,-14.05,-14.15,-14.22,-14.30,-14.35,-14.36,-14.50,-14.49,-14.49,-14.56,-14.57,-14.78,-14.62,-14.71,-15.08,-15.28,-14.76,-15.23,-15.14,-15.17,-15.25,-15.24,-14.86,-14.65,-14.57,,-14.58,-12.91,-14.76,-13.74,-14.01,-14.23,-14.54,-14.55,,,,,,-15.12,-15.27,,,-13.17,-14.73,-14.97,-15.05,-14.88,,,,,,,,,,,,,,,,,,,,,,,,,,,,,,,,,,,,
,,,,,,,,,,,,,,,,,,,,,0.00,,,,,,,,,,,,,,,,,,,,,,,,,,,,,,,,,-13.46,-13.74,-13.81,-13.86,-13.79,-13.48,-13.06,-13.56,-14.20,-14.70,-15.08,-15.24,-15.51,-15.92,-15.49,-16.11,-15.98,-14.60,-16.43,-16.48,-16.02,-15.48,,-16.54,-16.08,-16.39,-16.52,-16.35,-16.27,-15.51,-16.10,-16.30,-15.14,-16.06,-15.79,-14.88,-15.42,-15.74,-15.27,-14.73,-13.90,-13.98,-14.28,-14.96,-14.53,-13.88,-14.41,-15.04,-16.41,-16.51,-15.60,-14.56,,,,,,,,,,,,,,,,,,-6.90,-7.57,-8.70,-10.89,-13.95,-15.77,-17.51,-18.52,-19.82,-20.74,-21.61,-22.51,-23.19,-23.82,-24.53,-25.23,-25.78,-26.31,-26.78,-26.77,-26.38,-25.83,-25.40,-24.54,-23.73,-22.32,-20.68,-18.22,-16.57,-14.71,-13.56,-12.04,-10.26,-9.80,-8.73,-7.43,,,,,,,,,,,,,,,,,,,,,,,,,,,,,,,,,,,,,,,,,,,,,,,,,,,,,,,,,,,,,,,,,,,,,,,,,-5.57,-5.63,-7.08,-7.93,-7.64,-7.64,,,,,,,,,,,,-10.22,-10.42,-10.73,-10.99,-10.97,,-10.89,-10.61,-10.90,-11.49,-11.80,-11.43,-11.61,-11.92,-12.06,-12.08,-12.10,-12.21,-12.42,-12.58,-12.79,-13.03,-13.16,-13.15,-13.11,-13.03,-13.05,-13.11,-13.28,-13.47,-13.54,-13.57,-13.66,-13.66,-13.63,-13.74,-13.80,-13.90,-14.10,-14.24,-14.31,-14.34,-14.49,-14.71,-14.84,-14.84,-14.96,-15.04,-15.07,-15.08,-15.02,-14.72,-14.72,-14.77,-14.89,-14.79,-14.46,-13.85,-13.26,-13.60,-13.89,-14.09,,,,,,,,,,-12.27,-14.07,-14.54,-14.61,-14.59,-14.60,-14.55,-14.60,-14.91,-15.25,-15.38,,,,,,,,,,,,,,,,,,,,,,,,,,,,,,
-12.31,-11.98,-11.45,,,,,,,,,,,,,,,,,,,,-11.51,-11.75,-11.74,-10.98,,,,,,,,,,,,,,,,,,,,,0.00,,,,,,,,-13.12,-12.74,-12.69,-12.52,-12.60,-10.48,-8.53,-12.73,-13.20,-13.83,-14.32,-14.87,-15.17,-15.46,-15.71,-15.91,-15.70,-15.42,-15.59,-15.80,-15.81,-14.49,,,,-16.16,-16.04,-15.72,-16.03,-15.86,-15.86,-16.02,-15.39,-11.33,,-15.11,-15.17,-15.17,-14.89,-14.40,-13.59,-13.13,-13.66,-13.85,-14.16,-14.24,-14.68,-15.25,-15.46,-16.00,-15.77,-15.05,-14.09,-14.81,-13.64,-13.41,,,,,,,,,,,,,,,-7.80,-8.73,-8.27,-9.57,-10.67,-13.05,-15.36,-17.13,-18.71,-19.84,-20.77,-21.67,-22.46,-23.18,-23.92,-24.53,-25.11,-25.51,-25.60,-25.43,-25.05,-24.58,-23.63,-22.60,-21.27,-18.68,-15.34,-12.75,-12.13,-13.33,-11.34,-9.02,-8.26,-8.00,-6.76,,,,,,,,,,,,,-1.82,-1.13,,,,,,,,,,,,,,,,,,,,,,,,,,,,,,,0.30,0.94,1.78,1.86,0.65,1.30,,,,,,,,,,,,,,,,,,,,,,,-5.52,-5.47,-6.03,-6.68,-6.96,-6.96,,,,,,,,,,-9.08,-9.39,-9.75,-10.05,-10.37,-10.71,-10.77,-10.74,-10.55,-10.34,-10.78,-11.25,-11.55,-11.60,-11.45,-11.23,-11.19,-11.27,-11.49,-11.56,-11.72,-11.87,-12.07,-12.36,-12.56,-12.54,-12.42,-12.29,-12.23,-12.41,-12.67,-12.88,-13.02,-13.08,-13.11,-13.04,-13.06,-13.44,-13.81,-14.00,-14.18,-14.36,-14.40,-14.36,-14.31,-14.31,-14.48,-14.74,-14.76,-14.87,-14.92,-14.92,-14.82,-14.67,-14.53,-14.57,-14.61,-14.77,-14.53,-14.16,-13.97,-13.71,-13.76,-13.27,-13.52,-14.74,-15.22,-15.51,-15.62,-15.23,-14.61,-14.44,-12.15,-13.76,-14.34,-14.36,-14.31,-14.22,-14.14,-14.14,-14.28,-14.52,-15.05,-15.28,-15.17,-15.08,-14.96,,,-15.14,-15.00,-14.88,,,,,,,,,,,,,,,,,,,,,-10.56,-12.66
-11.25,-11.29,,,,,,,,,,,,,,,,-10.16,-10.17,-10.30,-10.55,-10.47,-10.74,-10.81,-10.96,-11.15,-11.50,-11.50,-10.99,-10.81,-11.24,-11.16,-11.13,-10.95,-10.74,-7.19,-10.98,-11.08,,,,,,,,,,,-10.46,-9.06,-10.93,-10.20,-11.50,-10.77,-10.28,-9.42,,,,,,-11.77,-12.25,-12.75,-13.30,-13.65,-13.82,-14.09,-14.44,-14.78,-14.99,-15.10,-15.20,-15.23,-15.28,-15.14,-14.65,-15.21,-15.17,-14.36,,,,-15.55,-15.83,-16.31,-15.75,-14.38,-11.73,-14.63,-14.62,-14.45,-14.18,-13.90,-14.10,-13.62,-13.72,-13.63,-13.41,-13.38,-13.12,-13.23,-13.50,-14.30,-14.62,-15.52,-16.21,-15.31,-15.16,-14.91,-13.88,-12.81,-11.97,,,,,,,,,,,,-6.40,-8.17,-9.06,-8.32,-7.42,-7.62,-11.38,-13.73,-16.46,-18.19,-19.27,-20.22,-21.10,-21.92,-22.67,-23.30,-23.89,-24.29,-24.41,-24.28,-23.96,-23.47,-22.75,-21.88,-19.90,-16.09,-12.51,-10.03,-9.94,-9.83,-8.78,-8.91,-7.21,-6.86,-6.49,,,,,,,,,,,,-0.82,-1.16,,,,,,,,,,,,,,,,,,,,,,,,,,,3.25,3.43,3.28,2.49,1.49,0.01,-0.51,0.31,-0.44,-0.82,-0.45,-0.27,0.01,1.06,,,,,,,,,,,,,,,,,,,,,,-5.14,-5.80,-6.33,-6.60,-6.82,-6.56,-6.66,-6.47,,,,,,-8.49,-8.86,-9.14,-9.51,-9.80,-10.06,-10.26,-10.43,-10.54,-10.43,-10.60,-10.89,-11.04,-11.00,-10.89,-10.73,-10.55,-10.56,-10.81,-10.84,-10.84,-10.91,-11.15,-11.73,-12.19,-12.37,-12.56,-12.59,-12.27,-12.16,-12.52,-12.70,-12.85,-13.14,-13.26,-13.39,-13.59,-13.58,-13.85,-14.07,-14.34,-14.65,-14.95,-14.85,-14.46,-13.89,-13.80,-14.09,-14.35,-14.55,-14.72,-14.73,-14.67,-14.48,-14.47,-14.39,-14.20,-14.30,-14.02,-13.61,-13.65,-13.78,-14.11,-14.11,-14.33,-14.62,-15.05,-15.57,-15.76,-15.01,-13.97,-14.11,-14.23,-14.38,-14.26,-14.11,-13.93,-13.76,-13.61,-13.55,-13.56,-13.71,-14.32,-14.84,-14.85,-14.79,-14.76,-14.96,-15.04,-14.87,-14.72,-14.60,-14.39,-14.12,-12.03,-12.26,-5.97,,,,,,-12.69,,-12.25,-12.18,,,,,,,-11.27,-11.96
,,,,,,,,,,,,,,,,-8.90,-9.31,-9.07,-9.09,-9.15,-9.33,-9.57,-9.77,-9.92,-10.14,-10.39,-10.53,-10.19,-10.02,-10.23,-10.41,-10.68,-10.81,-11.31,-11.69,-11.94,-11.58,-11.44,-11.06,-10.64,-10.00,-9.96,-3.39,-9.95,-9.65,-9.74,-9.92,-9.80,-9.89,-10.32,-10.59,-10.81,-10.60,-10.27,-10.12,-9.26,-9.92,-10.63,-10.47,-9.98,-10.07,-11.35,-12.07,-12.42,-12.80,-13.00,-13.34,-13.60,-13.82,-14.04,-14.23,-14.29,-13.87,-14.41,-14.33,-14.44,-14.20,-13.63,-13.56,-14.92,-14.98,-15.11,-14.91,-14.88,-14.93,-14.76,-14.72,-14.57,-13.86,-13.78,-13.78,,-13.69,-12.88,-13.84,-13.40,-13.05,-12.89,-12.54,-12.68,-11.82,-12.11,-12.36,-12.69,-13.00,-13.99,-14.30,-13.89,-14.05,-14.88,-13.85,-11.74,-11.06,,,,,,,,,,,,-7.69,-8.38,-7.78,-4.70,-5.36,-9.35,-12.48,-14.65,-16.49,-17.85,-18.84,-19.78,-20.59,-21.33,-22.02,-22.61,-23.06,-23.15,-22.75,-21.74,-20.24,-19.02,-18.72,-18.54,-17.00,-16.15,-15.05,-13.67,-12.25,-8.90,-7.62,-6.14,-5.49,,,,,,,,,,,,,,,,,,,,,,,,,,,,,,,,,,,,,,3.95,3.66,2.24,1.69,1.50,0.34,-1.08,-1.69,-2.13,-2.59,-2.24,-2.04,-1.59,-1.03,-0.32,-0.55,-0.12,0.80,0.45,-0.07,0.16,0.38,,,,,,,,,,,,-3.96,-3.76,-3.67,,,,,,,,-6.02,-6.40,-6.62,-6.90,-7.17,-6.99,-6.89,-7.03,-7.72,-8.15,-8.30,-8.59,-8.96,-9.29,-9.57,-10.01,-10.07,-10.09,-10.29,-10.39,-10.42,-10.38,-10.24,-10.08,-10.04,-9.96,-10.02,-10.01,-10.07,-10.02,-10.37,-11.21,-11.92,-13.08,-14.38,-13.99,-13.70,-14.40,-13.96,-14.07,-13.85,-13.52,-13.53,-13.23,-13.18,-13.06,-13.34,-13.86,-14.19,-14.02,-14.05,-13.91,-13.57,-13.35,-13.19,-13.59,-13.74,-14.02,-14.22,-14.40,-14.40,-14.39,-14.22,-13.92,-13.47,-13.14,-12.86,-12.93,-13.33,-14.05,-15.01,-15.13,-14.58,-14.71,-15.13,-15.72,-15.87,-15.38,-14.92,-15.09,-15.27,-15.33,-14.98,-14.69,-14.16,-13.76,-13.37,-13.13,-13.08,-13.21,-13.77,-14.12,-14.16,-14.17,-14.18,-14.24,-14.23,-14.20,-14.10,-13.96,-13.74,-13.34,-12.68,-12.23,-12.96,-13.33,-13.68,-13.92,-13.69,-13.15,-12.57,-12.07,-10.64,-11.86,-11.29,-11.44,-11.76,-12.17,-12.44,-12.39,-11.95,-11.76
-11.23,-10.41,-9.78,-9.26,,,,,,,,,,-7.10,-7.64,-7.82,-7.89,-7.63,-7.39,-7.71,-7.85,-8.18,-8.58,-8.97,-9.56,-9.89,-10.03,-10.07,-9.67,-9.96,-10.10,-10.54,-10.93,-11.06,-10.82,-11.23,-11.22,-11.09,-10.95,-10.83,-10.55,-10.08,-9.76,-9.47,-9.04,-8.90,-9.06,-9.10,-9.10,-9.11,-9.34,-9.54,-9.75,-9.69,-9.59,-9.49,-9.52,-9.81,-10.26,-10.71,-10.65,-10.25,-10.79,-11.15,-11.21,-10.30,-11.14,-11.76,-12.06,-12.78,-11.28,-11.97,-13.01,-13.11,-13.21,-13.09,-12.97,-13.73,-14.31,-13.24,-12.99,-13.98,-14.42,-14.13,-11.83,-14.47,-14.64,-14.63,-14.57,-13.65,-13.76,-13.55,-10.65,-13.19,-13.79,-13.99,-13.81,-12.98,-11.49,,-11.97,-11.37,-11.54,-11.63,-11.71,-9.89,-11.27,-11.79,-12.23,-12.75,-12.90,-12.51,-11.80,-10.78,-10.19,-10.04,,,,,,,,,,,-4.57,-4.82,-4.77,-6.67,-9.22,-11.41,-12.86,-15.21,-16.92,-18.02,-18.95,-19.85,-20.66,-21.09,-21.38,-21.54,-21.57,-21.45,-19.84,-16.79,-12.57,-10.17,-11.54,-9.36,-10.36,-8.50,-7.72,-6.78,-4.68,,,,,,,,,,,,,,,,,,,,,,,,,,,,,,,,,,,,,,4.37,4.80,4.08,3.43,2.53,0.12,-2.01,-1.55,-2.00,-2.60,-2.04,-2.33,-2.51,-2.16,-1.69,-1.20,-1.17,-0.75,-0.61,-0.67,-0.68,-0.97,-1.23,-1.12,-0.94,-0.75,-0.86,-0.45,,,,-1.41,-1.75,-2.12,-1.50,,-3.18,-2.84,-3.60,-4.00,-4.14,-4.01,-4.18,-4.77,-5.00,-5.21,-5.61,-5.64,-5.97,-6.26,-6.49,-6.64,-6.42,-6.69,-7.19,-7.02,-6.98,-7.71,-8.15,-8.54,-8.90,-9.01,-9.27,-9.38,-9.51,-9.56,-9.64,-9.55,-9.39,-9.41,-9.46,-9.42,-9.52,-9.54,-9.31,-9.49,-9.73,-10.01,-10.79,-11.55,-12.51,-13.31,-13.37,-14.23,-14.14,-13.96,-14.08,-13.82,-12.91,-12.73,-12.52,-12.42,-12.44,-12.57,-12.67,-12.68,-12.71,-12.64,-12.52,-12.29,-12.27,-12.94,-13.46,-13.79,-13.96,-14.03,-14.13,-13.95,-13.48,-13.07,-12.64,-12.26,-12.36,-12.67,-12.92,-13.83,-15.72,-15.17,-14.68,-14.71,-15.16,-15.49,-15.28,-15.23,-14.97,-15.00,-15.79,-15.19,-15.11,-14.41,-13.72,-13.40,-12.96,-12.62,-12.70,-12.89,-13.10,-13.13,-13.21,-13.25,-13.22,-13.20,-13.29,-13.40,-13.46,-13.37,-13.21,-12.72,-12.04,-11.54,-12.09,-12.51,-12.99,-14.05,-14.45,-13.92,-13.46,-12.57,-12.19,-11.47,-11.05,-11.85,-12.43,-12.90,-13.36,-13.58,-13.01,-12.52
-10.67,-10.24,-9.38,-8.98,-8.70,-7.68,-8.17,-8.09,,,,,,,-6.34,-6.25,-5.86,-5.43,-4.99,-5.02,-5.55,-5.81,-6.39,-7.20,-8.02,-8.42,-8.32,-8.26,-7.80,-7.26,-7.56,-8.11,-8.07,-7.98,-7.83,-7.87,-8.18,-8.39,-8.93,-9.44,-9.53,-9.23,-8.92,-8.77,-8.12,-7.76,-7.78,-7.87,-7.86,-7.85,-8.24,-8.44,-8.65,-8.53,-8.39,-8.34,-8.51,-8.62,-8.86,-9.14,-9.35,-9.71,-10.11,-10.34,-10.52,-10.30,-11.09,-10.96,-11.70,-11.82,-11.62,-11.54,-12.04,-12.57,-12.68,-12.67,-12.86,-12.95,-13.11,-13.34,-13.07,-13.57,-13.74,-13.67,-13.02,-14.20,-14.42,-14.57,-14.28,-14.06,-13.79,-13.45,-12.74,-12.93,-13.67,-13.58,-13.56,-13.15,-12.59,,,,-11.33,-11.42,-11.07,-10.12,-11.13,-10.72,-10.92,-11.13,-11.61,-12.09,-13.01,-13.87,-13.61,-11.40,-10.23,-10.25,-9.80,,,,,,,,-5.57,-6.19,-5.77,-5.75,-8.77,-10.71,-12.33,-14.49,-16.09,-17.21,-18.03,-18.70,-18.82,-18.42,-18.20,-18.20,-18.77,-19.30,-16.99,-12.28,-6.83,-4.75,,,,,,,,,,,,,,,,,,,,,,,,,,,,,,,,,,,,,,,,,,,,5.97,5.17,5.50,3.88,1.68,-1.19,-2.25,-2.22,-2.04,-1.22,-1.29,-0.56,-0.78,-1.05,-1.00,-1.08,-1.11,-1.04,-0.88,-0.95,-1.02,-0.83,-1.20,-1.19,-1.23,-1.37,-1.43,-1.54,-1.85,-1.51,-0.74,,-1.01,-1.31,-1.60,-1.97,-2.25,-2.75,-2.99,-3.30,-3.58,-3.55,-3.53,-3.92,-4.48,-4.64,-4.58,-4.94,-5.29,-5.44,-5.68,-5.63,-5.86,-5.75,-6.47,-7.15,-6.38,-6.53,-6.96,-7.40,-7.71,-8.08,-8.30,-8.35,-8.48,-8.58,-8.60,-8.72,-8.70,-8.64,-8.60,-8.58,-8.62,-8.77,-8.75,-8.34,-8.26,-9.07,-9.89,-10.56,-10.88,-11.44,-12.30,-12.71,-12.67,-12.95,-13.50,-13.33,-12.84,-12.20,-11.89,-11.98,-12.28,-12.44,-12.46,-12.25,-12.23,-12.24,-12.19,-12.05,-12.06,-12.24,-12.94,-13.49,-13.57,-13.56,-13.66,-13.55,-13.24,-12.95,-12.56,-12.12,-11.75,-11.87,-12.05,-12.49,-14.03,-14.99,-14.15,-13.84,-14.11,-14.57,-15.06,-15.02,-14.68,-14.21,-14.52,-15.90,-15.37,-14.23,-14.12,-13.94,-14.07,-13.39,-12.73,-12.59,-12.80,-13.00,-12.64,-12.50,-12.47,-12.39,-12.25,-12.54,-12.80,-13.01,-13.20,-13.09,-12.85,-12.35,-11.57,-11.48,-12.00,-12.48,-13.04,-13.80,-13.94,-14.09,-13.71,-13.05,-12.15,-11.71,-11.21,-11.38,-11.75,-12.20,-12.68,-12.43,-11.69
-8.97,-8.55,-8.53,-8.31,-7.90,-7.63,-7.74,-8.13,-8.01,-7.43,-4.81,,,-5.44,-5.20,-4.84,-4.18,-5.17,-3.98,-3.67,-4.19,-4.02,-4.17,-4.61,-4.50,-4.89,-5.65,-5.81,-5.10,-5.17,-4.94,-4.67,-5.32,-6.02,-6.00,-6.22,-6.51,-6.87,-7.32,-8.28,-8.86,-8.51,-7.86,-7.01,-7.06,-6.80,-6.64,-6.68,-6.76,-6.69,-6.96,-7.23,-7.28,-7.25,-7.34,-7.20,-7.17,-7.29,-7.23,-7.21,-7.59,-8.07,-8.77,-9.63,-10.23,-10.56,-10.92,-11.24,-11.59,-11.75,-11.66,-11.56,-11.32,-11.82,-12.02,-12.11,-12.36,-12.52,-12.70,-12.95,-13.14,-13.31,-13.44,-13.35,-13.49,-14.30,-14.31,-14.03,-13.77,-13.72,-13.33,-13.14,-12.69,-11.85,-12.33,-12.10,-11.66,-12.24,-11.50,,,,,,,-10.16,-10.17,-10.27,-10.27,-10.23,-10.16,-10.31,-9.86,-10.08,-12.42,-11.75,-11.86,-10.92,-9.92,,,,,,,,-5.08,-7.18,-7.08,-6.63,-7.75,-10.97,-12.94,-14.49,-15.76,-16.61,-16.84,-16.34,-15.03,-13.88,-13.08,-10.10,-8.63,-9.67,-8.41,-5.98,-4.11,-1.16,,,,,,,,,1.61,1.09,1.77,2.84,2.71,1.79,1.88,2.26,2.50,3.31,,,,,,,,,,,,,,,,,,,,,,,,,,6.70,5.75,3.21,0.19,-1.53,-2.06,-1.51,-1.24,-1.01,0.08,0.45,0.66,0.41,0.26,0.30,0.11,-0.16,-0.57,-0.92,-0.46,-0.14,0.12,0.35,0.32,-0.29,-0.51,-0.58,-0.95,-1.61,-1.92,-0.70,-0.13,-0.49,-0.89,-1.21,-1.40,-1.68,-2.37,-2.86,-3.03,-2.96,-2.57,-2.73,-3.04,-3.28,-3.48,-3.68,-4.02,-4.33,-4.44,-4.72,-5.09,-5.51,-5.50,-5.61,-6.09,-5.61,-5.68,-6.13,-6.54,-6.61,-6.92,-7.23,-7.44,-7.59,-7.65,-7.66,-7.81,-7.86,-7.67,-7.53,-7.54,-7.77,-7.90,-7.76,-7.32,-7.13,-7.80,-8.91,-9.50,-9.90,-10.76,-11.21,-11.52,-12.02,-12.14,-12.64,-12.75,-12.53,-12.16,-12.09,-12.25,-12.17,-12.29,-12.40,-12.33,-12.32,-12.51,-12.03,-11.59,-11.95,-12.21,-12.87,-13.41,-13.37,-13.22,-13.00,-12.69,-12.32,-12.03,-11.82,-11.65,-11.33,-11.41,-11.57,-12.30,-13.35,-14.07,-13.76,-13.61,-13.28,-13.87,-14.83,-15.32,-15.46,-14.72,-14.59,-15.20,-16.31,-16.28,-15.08,-14.40,-14.63,-15.89,-15.30,-13.94,-12.71,-12.03,-11.78,-11.70,-11.82,-12.10,-12.38,-12.90,-12.87,-13.11,-13.04,-13.05,-12.59,-12.31,-12.13,-11.73,-11.78,-12.29,-12.56,-13.32,-13.75,-13.56,-12.64,-12.17,-11.68,-10.73,-9.79,-10.24,-10.47,-10.33,-10.13,-9.97,-9.48
-6.45,-6.52,-6.75,-6.81,-6.59,-6.86,-6.75,-6.36,-6.92,-5.87,-5.50,-4.95,-5.83,-4.98,-4.79,-4.35,-3.83,-4.72,-4.54,-3.91,-4.12,-3.93,-3.26,-3.32,-3.34,-3.77,-4.09,-4.20,-4.56,-4.75,-4.19,-4.11,-4.56,-5.48,-6.15,-6.16,-6.10,-6.07,-6.21,-7.66,-8.42,-8.11,-7.21,-6.51,-6.13,-6.25,-6.86,-7.44,-7.02,-7.11,-6.86,-6.63,-6.43,-6.31,-6.21,-6.24,-6.25,-6.12,-6.17,-6.33,-6.58,-6.80,-7.40,-8.38,-9.25,-9.70,-9.91,-10.19,-10.59,-10.74,-10.98,-11.04,-11.00,-11.10,-11.23,-11.43,-11.41,-11.54,-11.79,-12.06,-12.35,-12.55,-12.72,-12.87,-13.07,-13.27,-13.18,-13.21,-13.02,-12.68,-12.27,-11.74,-11.68,-11.67,-11.90,-11.76,-11.65,,,0.00,,-9.69,-9.80,-9.80,-9.65,-9.53,-9.70,-9.96,-9.79,-9.90,-10.50,-10.29,-9.28,-8.35,-8.58,-9.17,-9.00,-8.99,,,,,,,,,-3.39,-4.32,-5.03,-5.30,-8.74,-10.66,-13.11,-15.01,-16.46,-16.89,-15.92,-14.02,-10.51,-7.91,-4.84,-4.37,-3.09,-2.96,-3.19,,,,0.46,,,,,,,2.55,1.96,2.37,2.00,1.96,1.06,-0.22,0.86,1.00,1.16,2.15,2.53,,,,,,,,,,,,,,,,,,,,,,,,6.06,6.12,4.30,1.14,-0.84,-0.73,-0.84,-0.25,-0.13,0.41,1.12,2.07,1.61,1.76,1.64,1.27,1.05,0.79,0.23,-0.04,0.09,0.28,0.46,0.73,1.08,1.44,1.15,0.98,,0.66,-0.24,-0.50,-0.46,-0.29,-0.41,-0.84,-1.09,-1.31,-1.84,-2.39,-2.32,-2.05,-1.78,-1.92,-1.88,-2.12,-2.48,-2.77,-3.21,-4.18,-5.15,-5.38,-4.90,-4.59,-4.59,-4.65,-4.99,-4.96,-4.97,-5.32,-5.76,-5.95,-6.06,-6.23,-6.42,-6.60,-6.62,-6.59,-6.75,-6.86,-6.80,-6.71,-6.70,-7.00,-7.23,-7.02,-6.63,-6.38,-6.97,-8.20,-8.85,-9.37,-9.60,-9.89,-10.38,-10.66,-11.12,-11.58,-11.77,-11.71,-11.37,-11.32,-11.76,-11.93,-11.82,-11.59,-11.69,-11.55,-11.63,-11.67,-11.59,-11.59,-11.95,-12.41,-12.58,-12.47,-12.29,-11.99,-11.54,-11.17,-11.02,-10.96,-10.99,-11.12,-11.13,-11.17,-11.47,-12.24,-13.67,-14.36,-13.30,-13.19,-13.98,-15.12,-15.75,-16.00,-15.55,-15.02,-15.11,-15.82,-16.66,-16.47,-15.74,-15.55,-15.66,-16.10,-15.17,-14.62,-13.16,-11.76,-10.95,-11.22,-12.15,-12.67,-12.86,-12.69,-12.78,-13.01,-12.76,-12.44,-12.23,-12.18,-12.57,-12.65,-12.83,-13.18,-12.83,-12.29,-11.90,-11.53,-10.11,-9.49,-9.41,-9.09,-9.54,-9.05,-8.88,-8.37,-8.08,-7.32
,,,,-5.33,-5.18,-5.52,-4.88,,,,0.00,,-3.57,-3.81,-3.42,-3.08,-3.47,-3.30,-3.41,-3.83,-3.21,-3.01,-3.24,-3.02,-2.66,-2.84,-3.45,-3.73,-3.47,-3.16,-3.05,-2.99,-3.05,-4.00,-4.91,-6.36,-6.71,-6.13,-6.13,-6.93,-7.24,-6.87,-6.81,-6.81,-6.69,-6.98,-7.57,-8.25,-9.00,-8.30,-8.19,-7.61,-6.17,-5.31,-5.36,-5.77,-5.55,-5.34,-5.78,-6.20,-6.03,-6.09,-6.93,-7.69,-8.27,-8.72,-8.95,-9.04,-9.17,-9.59,-9.91,-10.11,-10.27,-10.43,-10.55,-10.51,-10.61,-10.85,-11.08,-11.33,-11.67,-11.90,-11.93,-12.06,-11.88,-11.86,-12.00,-11.96,-11.57,-11.55,-11.40,-11.12,-11.18,-11.51,-11.83,-11.84,-11.45,-10.58,-9.99,,-9.41,-9.66,-9.56,-9.12,-8.72,-8.86,-9.26,-9.45,-9.55,-9.95,-10.78,-11.12,-10.20,-9.21,-6.54,-7.58,,,,,,,,,,,-1.40,-2.08,-2.68,-5.43,-10.14,-12.98,-15.02,-16.19,-16.67,-15.83,-13.10,-7.85,-3.55,-0.99,,,,,2.45,,,,,,,,,,4.07,2.91,3.67,2.80,1.37,0.42,-0.14,-1.77,-1.52,0.82,2.31,3.35,,,,,,,,,,,,,,,,,,,,,,,6.53,5.31,4.87,2.68,0.84,0.23,0.75,0.50,0.76,1.26,1.59,2.04,2.60,,2.31,2.18,2.03,1.75,1.64,1.40,0.99,0.80,0.86,0.98,1.10,1.28,1.44,1.66,1.06,0.80,0.91,0.85,0.59,0.27,0.17,-0.01,-0.30,-0.50,-0.82,-1.13,-1.75,-2.11,-1.82,-1.62,-1.40,-1.52,-1.67,-1.99,-2.29,-3.00,-4.62,-4.12,-3.80,-3.60,-3.78,-3.92,-3.85,-3.99,-4.17,-4.32,-4.59,-4.91,-5.09,-5.13,-5.12,-5.19,-5.36,-5.48,-5.67,-5.78,-5.89,-5.92,-5.95,-6.12,-6.38,-6.37,-6.36,-6.05,-5.89,-6.46,-7.59,-7.95,-8.38,-8.40,-8.44,-8.79,-9.20,-9.69,-10.15,-10.69,-10.39,-10.01,-10.33,-10.68,-10.96,-11.03,-10.85,-10.62,-10.52,-10.45,-10.12,-10.25,-10.31,-10.75,-11.44,-11.61,-11.46,-11.10,-10.82,-10.44,-10.17,-9.92,-9.90,-10.30,-10.78,-10.99,-10.55,-10.48,-11.23,-12.53,-13.06,-12.73,-14.02,-14.82,-15.50,-15.82,-15.24,-14.67,-14.30,-14.34,-14.55,-14.87,-15.05,-15.54,-16.31,-16.62,-16.79,-16.39,-14.44,-12.61,-11.40,-10.79,-10.75,-11.69,-12.04,-11.90,-12.14,-12.35,-12.53,-13.22,-12.94,-11.84,-11.45,-11.87,-11.79,-11.27,-11.19,-11.31,-11.17,-10.48,-9.36,-8.48,-8.66,-9.26,-8.91,-8.60,-8.28,-7.67,-7.22,-6.60,-6.25
,,,,,,,,-3.88,-3.95,-3.59,-3.56,,,,-1.94,-1.95,-2.41,-3.10,-3.11,-2.72,-2.11,-2.04,-2.67,-2.87,-2.59,-2.46,-3.01,-4.29,-4.76,-3.66,-4.07,-5.20,-5.58,-4.95,-4.60,-4.42,-5.18,-5.80,-5.75,-5.36,-4.97,-4.73,-4.65,-4.70,-4.58,-4.57,-5.34,-6.58,-7.57,-8.07,-7.98,-8.03,-6.77,-6.01,-5.46,-5.28,-5.24,-4.97,-4.90,-5.00,-4.97,-5.08,-5.70,-6.30,-6.68,-6.98,-7.55,-7.92,-8.09,-8.49,-8.83,-9.14,-9.34,-9.39,-9.33,-9.81,-9.93,-10.50,-10.57,-10.88,-10.98,-11.09,-11.25,-11.25,-11.19,-10.93,-10.91,-11.16,-10.40,-10.10,-10.97,-10.60,-10.77,-10.85,-10.77,-9.63,-10.40,-10.29,-9.86,,-8.49,-8.43,-8.48,,,-7.98,-8.08,-8.32,-9.09,-9.87,-9.58,-9.01,-9.52,-9.03,-7.35,-6.39,,,,,,,,,,,,-1.18,-3.13,-6.36,-10.61,-12.88,-14.71,-15.84,-16.20,-14.23,-9.51,-3.83,-2.65,,,,,,,,,,,,,,,,,,4.56,4.04,4.65,1.87,3.54,4.71,3.91,,,,7.68,,,,,,,,,,,,,,,,,,,,6.96,6.33,5.06,4.04,3.22,1.14,1.18,2.19,1.85,1.95,1.92,2.45,3.46,3.38,3.93,3.37,2.72,2.48,2.56,2.34,2.43,1.94,1.74,1.56,1.25,1.32,1.59,1.48,1.16,0.87,1.15,1.42,1.04,0.78,1.08,0.83,0.48,0.36,0.13,-0.13,-0.17,-0.46,-0.78,-0.95,-0.96,-1.08,-0.94,-1.12,-1.31,-1.45,-1.94,-2.79,-3.26,-2.68,-2.54,-2.53,-2.84,-2.90,-2.95,-3.09,-3.28,-3.47,-3.75,-4.12,-4.33,-4.23,-4.20,-4.22,-4.35,-4.62,-4.84,-5.07,-5.18,-5.27,-5.34,-5.31,-5.45,-5.61,-5.58,-5.29,-4.86,-5.37,-6.04,-6.78,-7.39,-7.97,-8.19,-8.20,-8.20,-8.30,-8.83,-9.02,-9.08,-9.27,-9.80,-9.69,-9.69,-9.64,-9.46,-9.24,-9.19,-9.16,-8.83,-8.71,-8.60,-8.94,-10.24,-10.26,-10.12,-9.96,-9.51,-9.10,-9.09,-8.90,-8.86,-9.40,-10.02,-10.43,-10.34,-9.99,-9.92,-10.54,-11.20,-11.28,-11.64,-12.08,-12.27,-12.74,-12.99,-12.59,-12.38,-12.99,-14.60,-14.59,-14.70,-15.56,-16.27,-16.79,-16.17,-15.40,-14.33,-13.02,-10.85,-10.22,-11.37,-11.48,-11.54,-11.46,-12.05,-11.92,-12.42,-12.66,-11.95,-11.12,-10.35,-10.38,-9.93,-9.62,-9.78,-9.44,-8.46,-8.18,-8.23,-8.29,-8.55,-9.07,-8.77,-7.97,-7.66,-7.27,-6.59,-6.04,-5.29
,,,,,,,,,,-3.08,,,,-1.43,-1.69,-1.72,-2.02,-2.38,-2.27,-2.03,-2.11,-2.25,-2.27,-2.38,-2.65,-3.04,-3.41,-3.05,-0.89,-1.22,-3.78,-4.00,-3.65,-3.19,-4.56,-5.35,-5.63,-5.38,-5.04,-5.08,-5.21,-4.84,-3.92,-3.47,-3.93,-3.87,-4.57,-5.12,-5.77,-6.67,-7.02,-7.65,-7.69,-6.80,-5.72,-4.74,-4.39,-3.83,-4.02,-4.33,-4.12,-4.15,-4.58,-4.78,-4.87,-5.19,-5.63,-5.84,-6.15,-6.86,-7.70,-8.09,-8.26,-8.31,-8.47,-8.90,-9.06,-9.47,-9.81,-10.17,-10.03,-10.25,-10.34,-10.33,-10.21,-10.13,-9.63,-10.28,-10.59,,,,,,,-9.67,-9.67,-9.43,-8.28,-8.24,-7.37,-8.06,-8.39,-8.28,-7.55,-7.72,-6.06,-7.14,-7.41,-7.77,-8.49,-8.70,-8.08,-7.00,-6.16,,,,,,,,,,,,,,-0.32,-2.97,-7.97,-10.66,-13.00,-14.11,-13.39,-9.77,-3.51,-2.55,,,,,,,,,,,,,,,,,,,,,,,,,,,,,,,,,,6.29,6.32,,,,,,,,,,,5.69,5.76,4.96,2.99,1.27,0.12,0.70,-0.04,-0.66,0.41,2.29,2.38,2.53,3.38,3.71,,4.66,4.15,3.45,3.00,2.81,3.03,2.83,2.93,3.00,2.78,2.31,1.96,1.73,1.85,2.26,2.05,1.48,1.45,1.44,1.39,1.05,1.12,1.48,1.37,0.98,0.66,0.47,0.36,0.22,0.17,0.15,-0.22,-0.33,-0.50,-0.64,-0.82,-0.94,-1.43,-2.05,-2.56,-1.81,-1.71,-1.95,-2.27,-2.11,-1.94,-2.23,-2.52,-2.68,-2.91,-3.10,-3.22,-3.14,-3.16,-3.03,-3.36,-3.78,-4.06,-4.22,-4.32,-4.41,-4.56,-4.71,-4.87,-4.97,-4.98,-4.70,-4.44,-4.18,-4.74,-5.59,-6.31,-7.13,-7.52,-7.61,-7.97,-8.15,-8.26,-8.06,-7.87,-7.85,-8.31,-8.54,-8.79,-8.95,-8.64,-8.48,-8.22,-8.01,-7.89,-7.55,-7.14,-7.20,-7.56,-8.03,-8.52,-8.58,-8.00,-8.36,-8.63,-8.64,-8.91,-9.31,-9.75,-10.04,-10.10,-10.06,-10.20,-10.47,-10.48,-10.69,-11.12,-11.18,-11.06,-10.96,-11.28,-11.32,-11.53,-12.38,-13.73,-14.81,-15.50,-15.02,-15.56,-15.37,-15.04,-13.79,-12.86,-12.15,-10.46,-9.21,-10.38,-10.91,-10.70,-11.15,-11.82,-11.02,-10.89,-9.52,-8.08,-7.43,-7.18,-7.24,-6.66,-7.37,-7.74,-7.59,-7.50,-7.73,-8.41,-8.92,-8.64,-7.92,-7.35,-6.63,-5.97,-5.80,-5.36,-5.43,-4.87
,,,,,,,,,,,,,-0.93,-1.22,-1.12,-1.03,-1.05,-1.30,-0.91,-1.17,-1.82,-1.68,-1.15,-1.37,-2.50,-3.85,-3.35,0.48,1.44,0.40,-2.11,-3.96,-3.52,-3.06,-3.09,-5.05,-5.39,-7.47,-7.53,-5.61,-4.94,-4.48,-3.78,-2.59,-2.93,-4.46,-4.60,-4.78,-5.36,-5.16,-5.96,-6.32,-5.43,-5.32,-5.36,-3.94,-3.31,-2.56,-2.42,-2.75,-2.93,-3.11,-3.44,-3.42,-3.36,-3.56,-4.03,-4.62,-5.39,-6.00,-6.77,-7.20,-7.45,-7.47,-7.56,-7.76,-8.08,-8.41,-8.78,-9.18,-9.30,-9.33,-9.38,-9.32,-9.23,-9.15,-2.39,,,,,,,,,,,,-8.01,-7.84,-7.19,-7.04,-7.54,-7.99,-8.11,-8.53,-7.55,-6.57,-6.52,-6.15,,,-6.66,-6.29,-6.18,,,,,,,,,,,,,,,0.08,-1.38,-5.62,-6.96,-6.38,-9.87,-7.12,-2.43,,,,,,,,,,,,,,,,,,,,,,,,,,,,,,,,,,,,6.68,,,,,,,,,,,6.93,5.19,2.42,0.05,-1.43,0.25,0.97,0.91,0.67,1.22,2.58,3.52,3.84,4.80,,,,4.54,4.03,3.81,3.69,3.70,3.66,3.60,3.73,3.55,3.72,3.32,2.44,2.09,2.64,3.04,2.67,1.97,1.99,1.85,1.66,1.63,1.99,1.62,1.50,1.37,1.32,1.10,1.10,0.96,0.79,0.38,0.15,0.28,0.30,-0.04,-0.38,-0.90,-1.60,-2.25,-1.28,-1.07,-1.25,-1.45,-1.35,-1.28,-1.30,-1.49,-1.70,-1.91,-2.19,-2.34,-2.43,-2.58,-2.56,-2.62,-2.93,-3.14,-3.18,-3.09,-3.17,-3.42,-3.75,-3.95,-4.10,-4.17,-4.06,-3.87,-3.61,-3.54,-4.21,-4.91,-5.28,-6.01,-6.49,-6.82,-6.91,-7.30,-7.09,-6.42,-6.01,-6.81,-7.48,-7.96,-8.10,-7.89,-7.63,-7.20,-7.02,-6.93,-6.92,-6.75,-6.50,-6.43,-6.74,-7.29,-7.43,-7.24,-7.66,-7.86,-7.73,-8.32,-8.88,-9.36,-9.42,-9.31,-9.51,-9.91,-10.01,-10.00,-10.37,-10.78,-10.70,-10.50,-10.60,-11.08,-11.84,-12.89,-12.80,-12.65,-11.91,-12.51,-11.99,-12.33,-13.25,-12.59,-12.54,-12.10,-11.49,-10.53,-10.19,-10.05,-10.23,-10.35,-10.36,-9.64,-7.37,-6.39,-5.02,-4.43,-5.26,-6.31,-5.56,-5.17,-6.29,-7.17,-7.21,-7.08,-6.81,-6.57,-6.05,-6.71,-5.58,-4.79,-4.33,-4.09,,,,
,,,,,,-0.17,-1.00,,,,,-0.63,-0.95,-0.76,-0.61,-0.41,-0.39,-0.32,0.22,-1.07,-1.30,-0.85,-0.39,-0.30,-0.73,-2.15,0.04,2.06,1.73,0.78,1.46,4.08,3.22,0.83,0.99,-1.15,-1.93,-5.07,-7.22,-7.45,-5.51,-2.85,-2.47,-2.63,-2.09,-2.56,-2.84,-4.17,-4.05,-3.31,-3.69,-3.80,-3.92,-3.81,-3.86,-2.38,-2.57,-2.41,-2.44,-2.33,-2.59,-2.84,-2.73,-2.67,-2.76,-2.92,-3.05,-3.42,-4.10,-4.88,-5.73,-6.42,-6.57,-6.48,-6.50,-6.80,-7.07,-7.42,-7.70,-7.99,-8.22,-8.17,-8.27,-8.24,-8.34,,,,,,,,,,,,,,,,-6.56,-6.30,-6.51,-6.73,-6.91,-6.89,-6.72,-6.70,-6.65,-5.78,-6.59,-6.59,,-5.12,-5.47,,,,,,,,,,,,,,,,0.37,1.06,0.80,0.24,-1.92,-0.73,-0.38,,,,,,,,,,,,,,,,,,7.56,,,,,,,,,,,,,,,,,,,,,,8.43,7.77,7.81,,,,,7.53,5.99,1.95,-1.18,0.08,1.88,3.55,3.49,3.11,3.01,3.73,4.30,4.83,5.41,5.61,5.69,5.65,5.24,4.96,4.58,4.48,4.37,4.40,4.47,4.35,4.47,4.43,4.24,3.75,3.09,2.76,2.61,2.71,2.63,2.48,2.26,2.06,2.05,2.11,2.11,1.98,1.85,1.76,1.58,1.64,1.70,1.19,0.81,0.62,0.79,0.88,0.78,0.58,-0.13,-1.15,-1.16,-0.23,-0.02,0.05,-0.15,-0.39,-0.50,-0.74,-0.88,-0.88,-1.09,-1.49,-1.63,-1.75,-1.79,-1.87,-1.98,-2.11,-2.07,-2.07,-2.11,-2.28,-2.58,-2.92,-3.11,-3.21,-3.26,-3.19,-2.97,-2.79,-2.65,-3.38,-4.52,-4.43,-5.21,-5.60,-5.79,-6.07,-6.37,-5.92,-5.31,-4.96,-5.46,-6.20,-6.98,-7.25,-7.13,-6.79,-6.42,-6.26,-6.31,-6.39,-6.26,-6.03,-5.67,-5.72,-6.10,-6.22,-6.61,-6.97,-7.02,-6.80,-7.60,-8.28,-8.61,-8.61,-8.77,-9.60,-10.04,-10.14,-10.11,-10.07,-10.03,-10.11,-9.79,-9.65,-9.99,-10.91,-11.84,-11.92,-10.90,-10.13,-9.33,-7.44,-8.11,-9.04,-8.47,-8.78,-8.60,-8.92,-9.19,-8.31,-8.09,-8.36,-7.76,-7.00,-5.42,-3.21,,,-3.22,-3.35,-3.11,-3.87,-4.33,-5.29,-6.02,-5.88,-5.85,-4.80,-3.61,-3.33,-3.63,-3.63,,,,,,,
,,,,,,,,,,,,-0.19,-0.24,-0.34,0.12,-0.00,0.23,0.56,0.52,-0.14,0.17,0.60,1.10,1.46,1.43,1.45,2.08,3.10,1.59,3.29,4.11,4.34,6.76,,4.95,4.66,,3.74,1.80,2.19,-0.10,-1.90,-1.60,-0.71,-2.07,-1.08,-1.69,-2.54,-3.40,-2.46,-2.46,-1.89,-2.40,-2.24,-1.15,-1.21,-1.37,-1.51,-1.60,-1.94,-2.24,-2.08,-2.27,-3.02,-2.67,-1.93,-2.06,-2.30,-2.73,-2.90,-3.72,-4.87,-4.95,-4.83,-5.09,-5.61,-6.00,-6.33,-6.52,-6.79,-7.13,-7.30,-7.23,-7.10,-7.14,,,,,,,,,,,,,,-4.47,-3.31,-3.67,-5.73,-5.81,-5.87,-5.91,-6.00,-5.93,-6.06,-6.01,-5.13,-1.92,,0.00,-5.22,-6.35,-5.28,,,,,,,,,,,,,,,,,,2.28,1.20,0.80,,,,,,,,,,,,,,,,,,,,,,,,,,,,,,,,,,,,,8.81,8.23,9.08,7.77,8.07,7.58,,,,,,7.84,7.24,2.99,1.15,3.04,5.01,6.16,5.47,5.11,5.43,5.24,5.37,5.90,6.10,6.11,6.18,6.11,6.37,6.09,6.00,5.74,5.23,5.16,4.85,4.82,4.37,4.35,3.91,3.69,3.52,3.06,3.00,3.08,2.93,2.85,2.56,2.50,2.57,2.52,2.44,2.26,2.13,1.88,1.78,1.88,1.99,1.76,1.47,1.26,1.13,1.33,1.24,0.98,0.57,-0.72,0.00,0.98,1.13,1.14,0.79,0.46,0.22,-0.02,-0.20,-0.17,-0.31,-0.84,-0.91,-0.99,-1.00,-1.14,-1.24,-1.28,-1.11,-0.97,-1.16,-1.34,-1.67,-2.07,-2.24,-2.28,-2.33,-2.35,-2.26,-1.96,-1.75,-2.12,-2.79,-4.15,-5.33,-5.05,-4.68,-4.68,-4.46,-4.30,-3.90,-3.85,-4.13,-4.82,-5.70,-6.11,-6.43,-6.24,-5.96,-5.70,-5.80,-5.67,-5.42,-5.14,-5.62,-6.55,-7.03,-6.54,-6.20,-6.22,-6.33,-6.73,-7.27,-7.89,-7.87,-7.56,-7.70,-9.01,-9.66,-9.55,-9.11,-8.55,-8.41,-8.60,-8.94,-8.97,-9.08,-10.05,-10.41,-9.73,-9.41,-8.10,-7.16,-5.68,-5.33,-5.97,-5.96,-5.55,-5.89,-6.13,-5.42,-3.98,-3.89,-4.02,-3.34,-2.88,-2.50,,,,-1.75,-1.71,-3.79,-3.75,-2.68,-2.95,-4.02,-4.17,,,,-1.26,,,,,,,,,
,,,,,,,,,,,,,,,,,1.03,1.20,1.49,1.50,1.58,1.79,1.76,1.10,0.78,2.21,4.30,4.97,,,,,,,,,,,,,4.31,0.70,3.84,3.91,1.62,0.19,-0.88,-1.17,-1.24,-2.47,-2.96,-2.67,-2.82,-3.29,-2.66,-0.45,-0.12,-0.45,-0.46,-0.66,-0.79,-0.91,-1.00,-1.11,-0.80,-0.66,-1.02,-1.12,-1.26,-1.61,-2.70,-3.58,-3.69,-3.41,-3.97,-4.46,-4.89,-5.19,-5.56,-5.71,-5.93,-6.28,-6.26,-6.14,-6.16,-6.54,-6.61,,,,,,,,,,,,0.00,,-4.78,-5.23,-5.34,-5.31,-5.31,-5.44,-5.46,-5.56,-5.44,-5.40,-5.40,-4.22,-5.22,-5.76,-6.94,-5.87,-3.34,,,,,,,,,,,,,,,,,,,,,,,,,,,,,,,,,,,,,,,,,,,,,,,,,,,,,,,8.39,8.09,7.98,7.18,7.42,7.82,,,,,,,,7.35,5.49,5.10,5.90,7.17,7.88,6.72,6.41,6.39,6.34,6.18,6.40,6.60,6.77,6.95,,6.80,6.56,6.39,5.75,5.31,5.25,5.37,4.93,4.84,4.56,4.26,3.83,3.72,3.66,3.43,3.34,3.43,3.62,3.15,3.06,3.06,2.89,3.03,2.90,2.71,2.35,2.08,2.35,2.44,2.26,1.92,1.50,1.42,1.72,1.69,1.31,0.62,0.12,0.62,1.29,1.64,1.72,1.30,1.01,0.68,0.50,0.42,0.39,0.31,-0.03,-0.22,-0.34,-0.47,-0.66,-0.70,-0.51,-0.50,-0.47,-0.61,-0.79,-0.98,-1.03,-1.04,-1.18,-1.33,-1.38,-1.32,-1.18,-1.06,-1.29,-1.45,-1.81,-2.74,-3.02,-2.95,-2.86,-2.61,-2.83,-3.00,-2.96,-2.80,-2.82,-4.45,-5.56,-5.66,-5.64,-5.74,-5.08,-4.98,-5.20,-5.19,-5.42,-6.11,-6.93,-6.88,-6.89,-6.68,-6.45,-7.05,-7.00,-7.16,-7.60,-7.38,-6.60,-7.24,-9.07,-9.42,-9.30,-9.04,-8.28,-8.35,-8.82,-8.62,-8.58,-8.64,-8.99,-8.87,-8.61,-7.80,-6.17,-5.63,-4.03,,,,,,,,,-3.44,-2.00,,,,,-2.14,-2.73,-2.68,-3.45,-3.22,-1.77,-1.72,-2.60,,,,,,,,,,,,,,,
,,,,,,,,,2.57,,,,,,,,,,,,2.67,2.38,2.30,2.37,3.65,3.27,4.51,,,,,,,,,,,,,,,,5.81,5.34,5.02,4.00,-1.14,-0.08,-0.64,-1.70,-2.10,-2.59,-2.57,-1.75,-3.17,-1.18,0.24,-0.16,-0.49,-0.71,-0.44,-0.12,-0.18,-0.07,-0.06,-0.99,-1.31,-0.23,-0.77,-1.26,-1.85,-2.39,-2.56,-2.85,-3.23,-3.41,-3.72,-4.15,-4.47,-4.62,-4.82,-5.10,-5.23,-5.41,-5.61,-5.67,-5.98,-5.73,-5.75,-5.56,,,,,,,,,,-1.40,-1.10,-4.54,-4.43,-4.67,-4.74,-4.96,-5.19,-5.32,-5.31,-5.35,-5.62,-5.46,-5.62,-5.88,-6.55,-5.75,-4.15,-2.75,,,,,,,,,,,,,,,,,,,,,,,,,,,,,,,,,,,,,,,,,,,,,,,,10.00,,,,,8.13,8.80,8.27,7.46,6.80,6.97,7.71,7.70,,,,,,,,7.94,7.80,7.88,7.59,7.76,7.55,6.69,5.87,5.66,5.90,6.72,7.43,6.92,6.88,,6.82,6.43,6.45,5.45,5.05,5.43,5.26,5.30,5.10,4.93,4.91,4.41,4.20,4.19,4.00,3.78,3.63,3.92,3.72,3.45,3.20,3.42,3.64,3.62,3.65,3.05,2.80,2.77,2.73,2.83,2.55,2.13,2.04,2.30,2.19,1.45,0.80,1.16,1.07,1.47,1.96,2.10,1.74,1.52,1.38,1.17,1.03,0.94,0.94,0.87,0.64,0.42,0.24,-0.12,-0.29,-0.22,-0.27,-0.22,-0.26,-0.35,-0.36,-0.24,-0.11,-0.19,-0.32,-0.19,-0.36,-0.56,-0.78,-0.50,-0.53,-0.82,-0.94,-1.15,-1.65,-1.92,-2.02,-2.30,-2.41,-2.22,-2.14,-2.59,-4.44,-4.56,-4.07,-4.51,-4.78,-4.27,-5.28,-6.03,-6.34,-6.01,-6.30,-6.63,-7.12,-7.90,-9.01,-8.64,-8.81,-8.51,-7.77,-8.22,-7.31,-7.35,-8.49,-9.36,-10.25,-10.29,-9.84,-9.42,-9.71,-9.67,-8.78,-8.47,-8.05,-8.38,-8.45,-7.25,-5.43,-4.02,,,,,,,,,,,,,,,,-1.40,-2.21,-2.67,-3.10,-4.40,-2.01,-1.33,-1.08,,,,,,,,,,,,,,,,
,,,,,,,,,,2.59,,,,,,,,3.11,2.58,2.03,2.51,2.90,4.09,,4.62,4.80,,,,,,,,,,,,,,,,,,6.60,5.49,5.94,4.47,2.03,0.50,0.38,0.10,-0.82,-1.65,-1.33,-0.46,-1.02,1.03,1.40,1.04,0.52,0.53,0.78,0.44,0.92,0.46,0.15,0.06,0.10,0.08,-0.25,-0.53,-1.10,-1.60,-1.86,-2.22,-2.36,-2.75,-3.11,-3.19,-3.41,-3.76,-3.93,-3.90,-4.11,-4.42,-4.60,-4.98,-5.18,-5.18,-5.05,-5.02,-4.29,,,,,,,-2.07,-3.70,-2.21,-1.44,-3.53,-4.06,-4.25,-4.53,-4.77,-5.05,-5.42,-5.42,-5.33,-5.56,-5.60,-5.81,-5.71,-5.38,-4.05,-2.83,-0.57,,,,,,,,,,,,,,,,,,,,,,,,,,,,,,,,,,,,,,,,,,,,,,,,,,,,,8.73,9.28,8.30,6.48,7.15,7.67,,,,,,,,,,,8.35,7.63,7.83,8.05,7.48,6.64,6.62,6.69,7.15,,7.26,,7.04,6.47,6.22,6.58,6.23,5.72,5.66,5.34,5.22,4.85,5.10,4.71,4.62,4.46,4.34,4.26,4.11,4.21,4.40,4.10,3.60,3.40,3.67,3.81,3.93,3.97,3.90,3.40,3.21,3.07,2.97,2.98,2.83,2.84,2.69,2.35,1.96,1.59,1.75,1.46,1.82,2.16,2.26,2.18,1.90,1.60,1.45,1.15,1.00,0.97,1.21,1.04,0.86,0.67,0.57,0.26,0.24,0.16,0.05,-0.00,0.01,0.01,-0.00,0.18,0.55,0.16,0.25,0.54,0.47,0.41,0.47,0.36,-0.01,-0.39,-0.89,-0.58,-1.26,-1.14,-1.45,-1.68,-1.75,-1.32,-1.94,-3.54,-4.04,-3.37,-3.89,-3.95,-4.64,-6.29,-6.70,-6.78,-6.69,-8.00,-7.33,-7.34,-8.80,-10.03,-9.70,-10.41,-8.38,-6.83,-7.37,-8.11,-7.91,-7.89,-8.69,-9.15,-9.02,-10.09,-10.24,-10.47,-10.43,-8.71,-8.47,-8.45,-9.58,-6.95,-3.78,,,,,0.00,,,,,,,,,,,,-0.75,-1.15,-2.20,-4.02,-4.32,-3.06,-2.01,-0.80,-0.17,,,,,,,,,,,,,,,,
,,,,,,,,,,,,,,,,3.51,2.70,2.96,3.00,3.52,4.06,,,4.43,,,,,,,,,,,,,,,,,,,,,6.68,6.52,6.28,6.13,4.05,2.64,2.41,1.55,0.81,0.04,0.09,1.11,0.85,2.18,2.15,1.97,2.05,1.96,1.50,1.33,1.12,0.80,0.37,0.24,0.36,0.21,0.41,0.03,-0.20,-0.40,-1.12,-1.43,-1.61,-1.81,-2.05,-2.40,-2.60,-2.64,-2.70,-2.92,-3.13,-3.48,-3.76,-3.85,-3.99,-4.06,-4.08,-4.28,-4.43,-4.37,-4.33,-4.34,-4.23,,-2.57,-1.22,-2.11,-3.58,-3.59,-3.54,-3.80,-4.15,-4.49,-4.76,-5.25,-5.42,-5.27,-5.64,-5.65,-5.55,-5.26,-5.18,-4.59,-3.12,-2.00,-1.07,-0.33,,,,,,,,,,,,,,,,,,,,,,,,,,,,,,,,,,,,,,,,,,,,,,,,,,9.28,9.20,9.16,9.15,7.97,7.59,7.53,8.29,,,,,,,,,,8.62,7.87,8.50,8.51,8.22,7.60,7.74,8.38,,,,,7.68,6.97,6.30,6.29,6.36,6.03,5.64,5.45,5.38,5.27,5.15,4.98,4.83,4.55,4.40,4.29,4.51,4.83,5.07,4.76,4.28,4.17,3.96,3.50,3.82,3.71,3.89,3.53,3.64,3.58,3.07,3.38,3.49,3.19,3.03,3.13,2.62,2.17,2.04,1.56,2.25,2.71,2.47,2.25,2.06,1.89,1.74,1.72,1.37,1.16,1.21,1.34,1.25,1.14,1.00,1.00,0.93,0.68,0.51,0.28,0.42,0.43,0.60,0.70,0.81,0.56,0.40,0.52,0.25,0.13,0.20,0.38,0.08,-1.05,-0.99,-0.83,-0.85,-0.75,-0.71,-0.86,-1.06,-1.28,-1.93,-2.75,-3.80,-4.09,-4.59,-4.05,-4.83,-3.20,-6.40,-6.54,-7.15,-7.32,-8.11,-7.48,-7.78,-8.37,-8.91,-8.34,-7.14,-6.23,-6.10,-6.68,-6.53,-6.51,-6.85,-6.85,-7.03,-8.20,-9.70,-10.13,-9.62,-8.47,-7.60,-7.24,-5.82,-3.93,-3.27,,,,,,,,,,,,,,,,,-0.55,-1.42,-4.23,-3.96,-1.12,-3.85,-1.78,0.26,,,0.99,0.89,,,,,,,,,,,,,
,,,,,,,,,,,,,3.45,3.69,3.30,3.14,4.11,4.76,4.16,4.19,,,,,,,,,,,,,,,,,,,,,,,,,,7.65,7.29,7.79,6.72,3.23,3.28,1.71,1.92,1.84,2.13,2.40,2.80,1.59,1.03,2.07,2.51,2.57,2.03,1.24,1.61,1.53,1.36,1.28,1.12,0.87,0.83,0.69,0.23,0.07,-0.76,-0.48,-0.55,-0.62,-0.85,-1.15,-1.40,-1.58,-1.66,-1.73,-1.88,-2.30,-2.66,-2.80,-2.84,-2.93,-3.17,-3.38,-3.55,-3.68,-3.88,-3.61,-3.56,0.00,,-3.00,-3.14,-3.09,-2.84,-2.94,-3.27,-3.64,-3.95,-4.40,-4.90,-5.09,-5.25,-5.32,-5.02,-4.97,-4.82,-4.63,-4.02,-3.20,-2.51,-2.19,-1.21,-0.46,0.00,,,,,,,,,,,,,,,,,,,,,,,,,,,,,,,,,,,,,,,,,,,,,,9.86,9.41,9.11,9.07,8.98,8.77,8.62,8.40,7.70,8.56,8.59,,,,,,,,9.35,8.71,8.37,8.51,8.69,8.47,8.19,8.46,8.66,7.83,7.40,7.62,7.83,7.43,7.24,6.71,6.62,6.14,5.93,5.56,5.29,5.56,5.48,5.17,5.06,5.00,4.69,4.58,4.88,4.79,4.84,4.93,4.99,5.17,4.83,4.36,4.12,4.22,3.96,4.03,3.92,4.14,3.90,3.80,3.84,3.32,3.17,3.00,3.22,3.04,1.88,0.51,1.25,2.33,2.75,2.55,2.05,2.19,2.14,2.01,2.02,1.96,1.62,1.49,1.75,1.61,1.62,1.61,1.63,1.56,1.33,1.22,1.01,0.84,0.91,1.18,0.85,0.55,1.11,1.16,1.03,-1.13,-0.61,0.06,0.34,-0.27,-1.17,-2.32,-3.05,-3.14,-2.48,-2.70,-1.43,-0.86,-1.12,-1.66,-2.24,-3.24,-3.93,-4.49,-4.25,-3.43,-3.38,-5.20,-6.06,-6.16,-6.10,-6.29,-6.58,-6.61,-6.93,-6.95,-6.68,-6.18,-5.44,-4.97,-5.09,-5.16,-4.87,-4.62,-4.49,-4.35,-4.88,-5.99,-6.80,-5.95,-5.27,-5.10,-4.95,-4.12,-3.32,-2.57,-2.60,-2.30,,-1.54,,,,,,,,,,,,,-0.63,-1.66,-4.31,-1.96,-1.91,-0.83,-0.84,-0.08,,,,0.50,0.72,2.07,,,,,,,,,,,
,,,,,,,,,,3.65,3.32,3.70,3.17,,,,,,,,,,,,,,,,,,,,,,,,,,,,,,,,,7.42,6.99,7.57,7.55,6.38,4.40,1.95,1.86,2.10,1.86,2.77,3.56,2.30,1.00,-0.09,-0.03,1.86,2.07,2.07,2.57,2.49,2.12,1.84,1.61,1.34,0.88,0.94,0.82,0.74,0.40,0.56,0.11,0.46,0.37,0.00,-0.46,-0.51,-0.79,-1.05,-1.18,-1.43,-1.76,-1.94,-2.01,-2.20,-2.45,-2.63,-2.69,-2.77,-2.81,-2.72,-2.62,-2.29,-2.17,-1.59,-2.32,-2.23,-2.02,-2.27,-2.50,-2.96,-3.39,-3.85,-4.24,-4.49,-4.60,-4.74,-4.48,-4.39,-4.00,-3.69,-3.58,-2.78,-1.65,-1.81,-1.89,-0.71,-0.09,0.53,,,,,,,,,,,,,,,,,,,,,,,,,,,,,,,,,,,,,,,,,,,,,9.89,9.76,9.54,9.36,9.26,,9.74,8.95,9.11,8.79,9.45,9.53,,,,9.52,9.24,9.14,9.06,8.99,8.76,8.66,8.76,8.52,8.37,8.48,8.47,8.00,7.75,7.78,7.50,7.22,7.42,7.00,6.58,6.19,6.03,5.95,5.92,5.96,5.89,5.82,5.72,5.50,5.25,5.18,5.18,4.97,5.43,5.68,5.23,5.39,4.92,4.64,4.31,4.40,4.31,4.23,4.62,4.58,4.57,4.59,4.38,3.84,3.51,3.21,3.23,2.65,1.41,1.02,1.97,2.46,2.74,2.69,2.52,2.37,2.38,2.30,2.20,2.00,1.90,1.93,2.13,2.19,2.25,2.31,2.28,2.36,2.07,1.94,1.82,1.60,1.66,1.75,1.92,1.66,1.82,1.74,1.46,-0.31,-1.42,0.46,1.30,0.77,-0.07,-1.79,-3.95,-5.67,-6.10,-5.17,-4.57,-2.88,-1.53,-1.16,-1.00,-2.16,-2.82,-3.17,-2.35,-1.39,-3.26,-4.50,-5.28,-4.92,-5.25,-5.77,-5.77,-5.45,-5.29,-5.11,-5.21,-4.73,-4.24,-3.97,-3.55,-3.26,-2.39,-2.29,-2.82,-3.84,-4.20,-4.83,-5.45,-4.69,-6.23,-8.85,-6.13,-4.27,-3.46,-3.10,-2.29,-2.13,-1.94,-1.72,-1.21,,,,,,,,,,,,-0.78,-1.27,-3.40,-1.74,0.58,1.75,,,,,,,,,,,,3.47,,,,,,,
,,,3.51,4.95,4.07,4.23,3.87,3.73,3.77,4.32,4.37,,,,,,,,,,,,,,,,,,,,,,,,,,,,,,,,,,,,7.02,7.40,7.54,8.31,7.76,4.77,2.03,1.13,1.02,2.14,3.75,3.47,1.62,0.72,-0.17,-1.93,-0.12,1.95,2.43,2.72,2.84,2.51,2.19,2.20,1.90,1.94,1.91,1.51,1.15,0.75,0.52,0.55,1.27,0.78,0.42,0.29,0.14,-0.19,-0.45,-0.68,-0.95,-1.25,-1.37,-1.57,-1.80,-1.99,-2.03,-2.05,-1.96,-1.75,-1.66,-1.64,-1.54,-0.47,-1.21,-1.30,-1.40,-1.60,-1.99,-2.30,-2.75,-3.36,-3.82,-3.79,-3.88,-3.77,-3.73,-3.82,-3.43,-3.28,-2.65,-2.26,-2.00,-1.97,-1.42,-0.93,0.09,0.92,,,,,,,,,,,,,,,,,,,,,,,,,,,,,,,,,,,,,,,,,,,,,10.09,10.03,9.66,9.50,9.88,10.10,9.69,8.24,9.10,9.30,9.54,9.72,9.71,,,9.63,9.62,9.39,9.33,9.21,9.13,8.86,9.12,9.14,8.98,8.93,8.71,8.42,8.50,8.45,8.04,7.79,7.73,7.37,6.98,6.35,6.52,6.70,6.70,6.54,6.59,6.44,6.30,5.85,5.79,5.62,5.56,5.33,5.45,5.65,5.51,5.27,5.33,4.90,4.84,4.88,4.90,5.35,5.89,5.68,5.13,5.18,4.95,4.62,4.40,3.98,3.81,3.16,1.95,2.40,2.37,2.57,2.78,2.87,2.73,2.66,2.53,2.47,1.92,1.49,1.53,1.70,2.14,2.42,2.82,2.95,2.87,2.76,2.70,2.70,2.73,2.27,2.23,2.48,2.77,2.67,2.49,1.92,1.38,-0.33,-1.04,-1.10,-2.01,-2.38,-3.91,-4.33,-4.59,-4.36,-5.34,-7.48,-7.67,-7.29,-4.83,-1.79,-0.05,-0.69,-1.17,-0.66,-1.33,-2.51,-2.94,-3.17,-3.75,-3.98,-3.86,-4.33,-3.79,-3.86,-3.87,-4.27,-4.61,-4.50,-5.02,-4.88,-4.07,-3.03,-2.14,-1.78,-2.02,-2.86,-3.06,-3.47,-4.14,-5.64,-7.01,-7.90,-4.12,-2.69,-3.55,-3.45,-2.38,-2.07,-1.60,-1.76,-1.22,,,,,,,,,,,,,0.18,-1.79,-0.40,,,,,,,,,,,,,,2.47,3.72,4.13,3.17,,3.65,3.17,3.14
4.82,4.09,4.11,4.23,4.81,,,,,,,,,,,,,,,,,,,,,,,,,,,,,,,,,,,,,,,,,,,,8.06,,,8.65,6.87,3.00,0.56,0.65,0.94,2.96,3.78,3.55,2.97,1.72,0.07,-1.24,-0.28,2.71,3.28,3.28,2.93,2.73,3.03,2.95,2.93,2.61,2.42,1.94,1.41,1.35,0.78,1.24,1.58,1.18,0.97,0.94,0.74,0.42,0.14,-0.18,-0.43,-0.68,-0.99,-1.19,-1.33,-1.16,-1.08,-0.99,-0.89,-0.86,-0.80,-0.63,-0.07,0.02,-0.59,-0.86,-1.11,-1.28,-1.53,-2.29,-2.45,-2.85,-2.51,-2.33,-2.96,-2.88,-3.05,-2.80,-2.27,-1.87,-1.39,-1.14,-0.49,0.27,0.34,1.15,1.66,,,,,,,,,,,,,,,,,,,,,,,,,,,,,,,,,,,,,,,,,,,,,10.35,9.82,9.91,9.68,,10.41,10.18,9.45,9.89,9.69,10.01,9.93,10.04,10.30,10.31,10.13,9.89,10.08,9.19,8.22,8.34,7.91,8.81,9.15,9.11,8.89,8.43,8.45,8.40,8.29,8.04,7.94,8.12,7.72,7.49,7.30,7.64,7.29,6.48,6.47,6.86,6.94,6.75,6.55,6.48,6.41,6.16,5.94,5.95,5.97,6.18,6.13,6.04,6.08,5.76,5.38,5.31,6.06,6.06,5.87,6.01,5.65,5.41,5.24,5.20,4.74,4.64,4.26,3.44,3.44,2.49,1.89,2.31,2.60,2.78,3.12,2.80,2.68,2.26,2.16,2.36,2.34,2.32,2.36,2.45,2.92,3.49,3.81,3.62,3.35,3.12,2.85,2.89,2.75,1.89,0.89,0.60,0.06,-0.44,-3.93,-5.10,-3.69,-3.32,-4.18,-3.73,-2.78,-4.40,-5.82,-6.93,-8.63,-8.49,-7.23,-6.21,-4.30,-2.55,-1.01,-1.19,-1.41,-1.61,-2.67,-3.25,-3.38,-3.54,-2.39,-2.03,-2.05,-1.88,-3.09,-3.90,-3.78,-3.29,-3.88,-4.80,-5.09,-4.10,-3.06,-1.94,-1.20,-1.37,-1.50,-2.28,-3.22,-4.83,-4.29,-4.98,-5.40,-2.73,-2.20,-2.21,-2.17,-1.56,-1.39,-0.80,-1.01,-1.58,,,,,,,,,,,,,0.36,0.38,0.97,,,,,,,,,,,,,,,,,,,2.88,3.31,3.38
,,,,,,,,,,,,,,,,,,,,,,,,,,,,,,,,,,,,,,,,,,,,,,,,,,9.67,8.52,7.99,6.96,6.41,4.14,0.98,2.00,3.86,4.69,4.96,3.34,2.28,0.70,0.36,1.65,4.07,4.52,4.58,4.50,4.07,4.05,3.58,3.57,3.65,2.96,2.30,2.15,1.92,1.18,1.65,2.02,1.84,1.90,1.67,1.42,1.29,0.94,0.56,-0.02,-0.26,-0.36,-0.54,-0.44,-0.09,0.11,-0.17,-0.07,-0.03,-0.32,0.03,-0.01,-0.31,-0.47,-0.73,-0.91,-1.13,-1.47,-1.61,-1.75,-1.78,-1.41,-1.13,-0.32,-0.55,0.04,0.33,0.42,0.70,0.80,1.18,1.67,2.09,1.61,2.35,,,,,,,,,,,,,,,,,,,,,,,,,,,,,,,,,,,,,,,,,,,,,,,,,,10.74,10.18,10.10,10.22,10.36,10.07,10.27,10.46,10.02,10.08,9.80,9.27,8.65,8.86,8.79,8.24,7.86,7.58,7.35,7.69,8.53,7.45,7.05,7.90,8.27,8.02,8.12,8.04,7.80,7.21,7.32,7.60,7.34,6.68,6.76,7.04,7.63,7.30,7.13,7.05,6.83,6.63,6.84,6.48,6.59,6.74,6.74,6.44,6.89,6.65,6.15,6.25,6.66,6.62,6.62,6.83,6.83,6.53,6.09,5.86,5.23,5.06,4.72,4.13,3.80,3.56,3.10,3.26,3.67,3.92,4.21,4.46,3.40,2.83,2.87,2.95,2.91,2.77,2.45,2.55,2.76,3.21,3.80,3.97,4.01,3.64,3.22,2.72,1.96,0.41,-1.62,-1.86,-1.98,-4.20,-4.75,-6.39,-4.31,-4.09,-3.42,-3.33,-3.63,-5.14,-7.78,-6.72,-8.07,-7.01,-4.73,-3.56,-4.27,-3.46,-2.17,-1.23,-0.60,-1.58,-2.47,-3.59,-3.60,-3.00,-2.29,-1.07,-0.64,-0.98,-2.22,-2.43,-2.05,-2.59,-3.72,-4.34,-3.50,-2.27,-1.56,-1.51,-1.61,-0.39,-0.47,-1.12,-2.24,-3.01,-3.09,-4.11,-5.03,-3.19,-2.10,-0.86,-2.37,-3.11,-1.87,,-1.28,-2.87,,,,,,,,,,,0.92,0.29,0.88,,,,,,,,,,,,,,,,,,,,,,,
,,,,,,,,,,,,,,,,,,,,,,,,,,,,,,,,,,,,,,,,,,,,,,,,,,,,9.16,8.05,6.92,8.58,7.39,6.16,5.08,3.22,4.58,3.95,3.55,2.63,3.32,2.00,4.84,5.61,5.60,4.36,3.79,3.90,4.00,4.33,5.24,4.36,3.60,2.91,2.90,2.83,2.65,2.60,2.98,2.43,2.18,2.43,2.22,1.82,1.20,0.55,0.39,0.78,0.20,0.47,0.49,0.50,0.42,0.47,0.35,0.07,0.15,0.16,0.25,0.09,-0.11,-0.18,-0.20,-0.06,-0.06,-0.46,-0.16,0.75,1.02,1.67,1.44,2.23,1.98,1.99,2.26,,,2.95,2.37,2.74,3.45,3.97,3.90,,,,,,,,,,,,,,,,,,,,,,,,,,,,,,,,,,,,,,,,,,,,,,,11.84,10.83,,,11.40,11.12,11.01,10.65,10.16,10.19,9.94,9.76,9.12,9.20,8.70,9.91,8.82,8.54,7.91,7.25,7.16,8.09,7.47,7.66,7.80,7.18,6.12,6.65,7.50,7.01,7.08,7.16,6.93,7.32,7.02,7.13,7.40,7.86,7.35,7.85,8.09,7.68,7.40,7.57,7.31,7.31,7.40,7.34,6.98,7.29,7.43,7.12,7.37,7.42,7.37,7.41,7.27,7.46,7.48,7.25,6.94,6.34,5.88,5.41,5.01,4.59,4.12,4.35,4.54,4.88,5.19,5.56,7.06,4.71,3.27,3.17,3.42,3.42,3.35,3.44,2.95,2.32,2.14,1.96,2.52,3.44,3.58,3.36,2.71,1.12,1.48,1.27,-2.00,-5.19,-7.79,-6.96,-5.13,-1.14,-4.04,-2.12,-2.31,-3.84,-4.98,-6.30,-7.34,-6.29,-3.86,-1.73,-1.29,-1.60,-2.24,-1.73,-1.28,-1.35,-1.45,-3.07,-4.24,-3.83,-1.87,-0.82,-0.52,0.03,-0.08,-0.45,-0.42,-0.82,-1.70,-2.70,-3.15,-2.06,-0.73,-0.10,-0.29,-0.99,-0.05,0.08,0.28,-0.82,-1.73,-1.54,-0.87,-0.43,0.09,0.37,-0.56,-2.46,-2.30,-0.35,,-0.48,-1.15,-1.01,,,,,,,,,,1.06,,,,,,,,,,,,,,,,,,,,,,,,,
,,,,,,,,,,,,,,,,,,,,,,,,,,,,,,,,,,,,,,,,,,,,,,,,,,,,,,9.19,8.41,9.06,9.65,5.44,3.27,6.65,6.21,6.25,5.57,4.81,4.09,3.08,6.28,6.39,6.03,5.41,5.73,5.66,5.77,7.41,5.96,4.77,3.92,4.09,3.89,3.47,3.11,3.77,3.40,3.02,3.03,3.06,2.81,2.25,1.68,1.87,2.68,2.82,2.63,1.29,1.12,1.18,1.15,1.12,1.08,1.22,1.02,0.92,0.32,0.33,0.40,0.25,1.14,1.37,0.51,1.92,2.40,1.82,1.43,1.95,2.72,,,,,3.20,3.26,2.57,3.13,3.68,4.01,4.33,4.61,,,,,,,,,,,,,,,,,,,,,,,,,,,,,,,,,,,,,,,,,,,,,,,11.91,11.48,11.02,11.41,11.27,10.71,10.35,10.41,10.76,10.28,10.37,9.60,9.27,9.52,8.16,7.98,8.10,8.27,8.30,7.57,7.46,7.91,9.74,9.23,8.50,7.15,7.81,8.92,8.61,6.23,5.57,7.45,8.27,7.94,7.86,7.44,8.02,7.95,8.00,8.23,8.52,8.34,8.07,7.99,7.97,8.09,7.99,7.89,8.10,8.05,8.01,8.10,8.42,8.64,8.45,8.09,8.07,8.09,8.11,7.92,7.55,7.03,6.30,6.16,5.95,5.46,5.52,5.89,5.73,5.91,5.90,6.29,5.16,4.26,4.03,4.27,4.43,4.11,3.73,3.02,1.98,1.74,1.79,1.63,2.59,2.95,2.86,1.89,2.22,3.15,2.55,1.37,0.02,-4.00,-6.67,-5.04,-4.74,-0.92,0.24,0.62,-0.78,-3.10,-6.00,-6.10,-6.30,-3.85,-2.12,-0.87,-1.22,-1.20,-0.65,-0.99,-1.20,-2.94,-3.29,-3.07,-1.93,-1.10,-0.28,0.36,0.78,1.25,1.22,0.53,-0.48,-1.35,-2.44,-1.61,0.32,1.58,1.64,1.13,0.63,-0.08,-0.29,-0.02,0.42,0.36,0.97,1.07,1.29,1.21,0.19,-2.78,-2.94,-1.38,0.96,2.18,0.82,,0.08,,,,,,,,,1.91,1.19,,,,,,,,,,,,,,,,,,,,,,,,,
,,,,,,,,,,,,,,,,,,,,,,,,,,,,,,,,,,,,,,,,,,,,,,,,,,,,,,,9.41,7.67,10.29,6.37,6.53,9.30,8.78,8.31,6.69,4.92,6.19,3.19,5.24,6.98,6.53,6.56,7.08,6.92,6.98,6.75,7.79,6.18,5.35,4.96,4.78,4.48,4.26,4.51,4.53,3.69,3.64,3.60,3.19,3.09,4.01,4.42,4.48,4.55,4.89,4.06,2.64,2.02,1.94,1.85,1.98,2.36,2.08,1.82,1.36,1.34,1.26,1.70,1.92,0.55,1.80,2.67,2.47,2.45,2.49,4.04,4.37,4.54,4.57,4.48,4.47,3.79,3.75,3.90,4.22,4.67,4.67,4.90,4.94,,,,,,,,,,,,,,,,,,,,,,,,,,,,,,,,,,,,,,,,,,,,,,,,12.04,12.00,12.18,11.63,11.58,11.21,11.18,10.71,10.21,9.45,10.21,8.76,8.73,8.11,7.52,5.12,5.63,5.03,4.59,5.10,6.81,9.46,10.06,10.37,10.17,10.41,10.11,9.75,8.64,5.72,5.03,8.54,9.22,8.98,8.65,8.99,9.44,9.00,9.09,9.34,8.89,8.68,8.88,9.48,9.37,9.20,9.14,8.97,8.65,8.81,9.14,9.11,9.27,9.30,9.06,8.85,8.72,8.88,8.87,8.41,7.90,7.43,7.05,6.71,6.50,6.47,6.66,6.82,7.01,7.04,6.68,5.27,5.38,5.44,5.61,5.54,4.75,3.78,4.15,5.11,4.74,4.39,3.90,4.59,5.29,4.68,2.51,2.08,2.62,3.60,2.24,4.36,5.07,2.68,-2.29,-5.69,-3.67,-0.21,0.88,0.54,-0.82,-2.58,-6.55,-6.82,-5.28,-3.46,-0.83,-0.54,0.15,0.25,-0.10,-1.20,-1.72,-0.90,-0.94,-0.88,-0.32,0.14,0.50,1.13,1.65,1.20,0.41,-0.35,-2.03,-2.72,0.26,2.67,3.46,3.08,2.42,2.13,1.56,0.75,0.70,2.15,2.60,2.29,1.97,1.93,0.52,-1.72,-2.96,-0.45,0.78,,3.39,2.05,2.09,,,,,,,,,2.16,1.60,,,,,,,,,,,,,,,,,,,,,,,,,,
,,,,,,,,,,,,,,,,,,,,,,,,,,,,,,,,,,,,,,,,,,,,,,,,,,,,,,,10.48,9.79,9.09,5.26,8.97,11.05,10.76,8.84,7.86,5.42,4.20,3.86,4.44,5.46,4.18,6.21,7.49,7.63,7.40,7.22,7.87,6.62,5.93,5.96,5.70,5.04,5.20,5.38,5.39,4.59,4.74,4.46,4.39,4.57,4.70,4.34,4.18,4.88,5.13,4.98,4.59,4.04,3.78,3.58,3.72,3.49,3.18,2.99,2.96,3.16,2.48,3.10,4.11,3.87,3.06,2.97,3.45,3.73,3.87,4.80,5.18,5.38,5.51,5.12,4.69,5.70,,,5.27,5.31,4.98,5.16,5.32,,,,,,,,,,,,,,,,,,,,,,,,,,,,,,,,,,,,,,,,,,,,,,,,,,12.73,12.38,11.74,11.50,11.26,10.69,10.55,10.44,9.94,7.68,4.35,3.57,2.87,1.09,5.18,5.37,6.42,6.93,8.86,9.97,10.64,10.70,10.63,10.60,10.26,8.03,7.66,8.09,5.22,7.38,9.36,9.82,9.59,9.73,10.17,10.11,9.92,9.69,9.70,9.81,10.15,10.53,10.21,9.99,9.87,9.66,9.54,9.65,10.11,9.98,9.97,9.77,9.54,9.52,9.63,9.52,9.66,9.64,9.19,8.63,8.09,7.72,7.76,7.57,7.60,7.93,7.96,8.08,7.90,7.41,7.00,6.95,6.74,6.47,6.11,5.57,6.02,6.18,6.29,6.81,6.70,6.89,7.00,7.02,7.13,6.65,5.80,3.05,5.07,5.62,5.95,4.77,3.44,0.51,-2.33,-2.99,-1.94,1.31,0.89,-1.25,-2.26,-2.89,-2.60,-3.35,-2.92,-0.64,-0.07,0.46,0.58,0.34,0.17,0.40,0.65,0.46,0.72,1.15,0.62,0.92,1.28,0.99,0.23,-0.42,-1.55,0.21,2.31,4.23,4.76,4.26,3.61,3.36,2.93,1.71,2.17,2.90,3.13,3.35,2.61,2.09,0.16,-1.58,-0.85,1.42,,,3.98,2.95,2.61,,,,,,2.61,2.19,1.64,1.96,,,,,,,,,,,,,,,,,,,,,,,,,,,
,,,,,,,,,,,,,,,,,,,,,,,,,,,,,,,,,,,,,,,,,,,,,,,,,,,,,,,10.37,9.67,10.22,8.08,9.73,9.71,7.63,5.63,6.15,3.12,2.91,2.40,4.22,4.48,3.58,5.64,7.39,7.39,7.27,7.59,8.03,7.22,6.92,7.03,6.91,6.04,6.28,6.05,6.34,6.09,6.18,6.04,5.90,5.44,4.78,4.57,4.89,6.03,6.85,7.03,6.15,6.53,6.40,6.41,6.18,4.62,3.80,4.20,4.74,5.04,5.21,5.93,5.24,4.07,3.34,4.15,5.23,5.40,5.38,5.21,5.73,5.74,5.70,5.64,5.55,5.70,,,,,,,,,,,,,,,,,,,,,,,,,,,,,,,,,,,,,,,,,,,,,,,,,,,,,,,,,,12.96,12.64,12.18,11.20,8.70,9.06,10.31,10.12,4.22,5.04,11.14,11.54,11.00,11.92,13.04,12.81,9.37,9.97,10.92,10.92,10.96,11.07,11.26,10.38,7.73,6.94,6.85,6.20,7.88,10.60,10.57,10.85,10.56,,10.91,11.18,11.05,11.25,11.35,11.38,11.04,10.86,10.66,10.45,10.16,9.94,10.24,10.66,10.73,10.65,10.58,10.57,10.57,10.79,10.62,10.83,10.88,10.24,9.46,8.78,8.52,8.84,8.91,8.71,9.11,9.20,9.28,9.31,9.22,8.88,8.59,8.42,8.27,7.97,7.32,7.06,7.34,7.79,7.83,7.33,7.54,5.42,2.08,1.45,5.05,3.44,6.87,8.88,8.45,6.97,5.62,4.65,3.64,3.42,2.42,0.50,0.62,0.90,-0.09,-1.00,-0.03,1.43,2.01,2.09,2.85,2.42,2.21,2.14,2.10,2.16,1.92,2.59,2.67,2.31,1.87,0.61,-0.27,0.57,1.42,1.27,0.95,0.68,2.77,4.80,5.60,5.52,4.87,4.60,4.13,3.38,3.04,2.12,3.00,3.55,3.67,3.18,1.60,-0.09,-0.04,2.13,,,6.60,5.78,5.07,,,,,2.53,2.59,2.43,2.80,,,,,,,,,,,,,,,,,,,,,,,,,,,,,
,,,,,,,,,,,,,,,,,,,,,,,,,,,,,,,,,,,,,,,,,,,,,,,,,,,,,,,10.44,10.56,9.28,7.19,7.46,6.87,4.92,7.94,7.09,2.63,2.34,2.51,3.07,2.25,0.47,2.49,7.00,3.88,6.81,7.12,6.90,7.47,8.03,8.10,8.18,7.31,7.29,6.73,6.39,6.86,6.97,6.87,6.82,6.77,5.98,6.29,6.65,7.31,7.97,6.73,6.29,7.05,7.74,7.25,6.36,6.00,5.67,5.99,6.40,6.28,4.99,6.09,5.17,4.57,5.49,6.59,6.77,6.34,6.49,6.32,6.51,6.45,6.36,6.30,,8.30,,,,,,,,,,,,,,,,,,,,,,,,,,,,,,,,,,,,,,,,,,,,,,,,,,,,,,,,,,13.03,12.58,12.65,12.23,10.29,8.45,11.78,9.66,5.06,9.43,12.88,11.23,11.20,12.94,13.55,14.04,14.30,9.94,8.71,8.83,9.64,10.44,10.95,9.98,10.09,11.06,10.71,10.35,10.78,11.13,11.15,11.45,,,,10.57,9.86,11.52,,11.71,11.90,11.02,9.84,9.33,9.03,9.71,10.38,11.09,11.51,11.86,11.76,12.00,12.02,11.77,11.67,11.18,10.82,10.60,9.79,9.01,9.27,9.69,9.91,9.91,10.22,10.43,10.64,10.75,10.85,10.46,10.56,10.12,9.80,9.64,9.74,9.08,8.74,9.43,9.12,7.60,5.85,1.60,1.66,2.86,5.59,3.98,6.52,7.89,8.04,7.68,6.96,7.03,7.12,6.38,6.38,6.94,6.38,3.34,4.51,3.35,2.01,1.84,2.83,4.15,4.48,5.08,4.21,3.93,3.98,3.70,3.03,4.02,4.06,3.03,2.17,1.72,1.02,1.58,1.86,1.41,1.39,3.53,5.63,6.66,6.54,6.18,5.18,4.83,3.82,3.11,1.95,3.29,2.82,3.64,3.64,2.73,0.66,0.91,2.59,,,,,6.63,4.52,5.11,5.68,4.50,3.76,3.10,,,,,,,,,,,,,,,,,,,,,,,,,,,,,,,,
,,,,,,,,,,,,,,,,,,,,,,,,,,,,,,,,,,,,,,,,,,,,,,,,,,,,,,,11.37,11.20,8.13,5.41,7.01,6.94,7.49,8.71,9.80,6.46,4.16,5.32,6.48,4.22,0.87,0.82,6.39,6.10,7.02,7.29,7.83,7.80,8.72,8.71,8.78,8.66,8.62,8.01,7.42,7.13,7.39,7.24,7.08,7.47,7.21,7.35,7.48,8.30,8.37,7.55,7.80,7.95,8.12,7.38,6.63,8.03,8.46,8.73,8.36,6.44,5.15,6.85,6.06,6.78,7.52,7.74,7.80,,6.93,6.76,7.02,,,,7.79,7.78,,,,,,,,,,,,,,,,,,,,,,,,,,,,,,,,,,,,,,,,,,,,,,,,,,14.15,13.30,12.29,11.27,11.36,10.85,12.45,12.70,12.99,12.91,12.46,12.59,12.16,13.63,14.75,13.68,12.73,13.32,15.38,15.99,13.99,12.97,12.55,13.38,,14.87,13.40,10.39,7.86,7.48,8.24,9.88,9.11,10.69,11.40,11.65,10.96,10.91,11.57,,,,,,,,,,,11.50,6.85,4.33,2.36,6.86,9.97,10.74,11.06,12.03,12.23,12.58,13.00,12.65,11.81,11.90,11.53,10.83,10.47,10.44,10.43,10.82,10.99,10.97,11.52,11.90,12.12,12.29,12.48,12.19,11.57,11.15,11.05,10.67,10.22,10.30,9.21,7.69,8.30,5.79,8.05,8.09,5.15,5.20,5.15,-0.84,-5.36,-4.54,-0.60,3.60,3.22,3.61,4.92,6.85,4.89,2.20,4.31,8.31,5.86,5.95,5.76,6.41,4.43,5.24,4.83,4.01,4.24,4.37,5.19,6.16,5.27,4.87,4.64,4.16,3.98,3.80,3.10,2.10,1.54,1.83,5.00,6.23,6.97,7.02,6.93,6.97,5.72,4.56,3.54,2.76,2.90,3.19,2.78,4.12,3.74,2.25,2.09,3.42,,,,,6.73,6.64,4.12,4.14,5.80,6.38,5.28,,,,,,,,,,,,,,,,,,,,,,,,,,,,,,,,,
,,,,,,,,,,,,,,,,,,,,,,,,,,,,,,,,,,,,,,,,,,,,,,,,,,,,,,,11.35,10.92,8.44,6.71,6.77,7.73,7.92,8.33,7.59,9.01,8.22,7.89,6.66,4.15,1.90,2.08,4.76,5.73,6.13,6.58,7.88,8.25,8.44,8.48,8.83,9.14,9.25,8.97,8.85,8.48,8.38,8.21,8.26,8.31,8.24,8.06,8.38,9.08,9.48,8.79,8.46,8.80,8.92,8.82,8.84,8.59,7.25,7.55,7.86,7.00,6.78,7.69,7.57,8.62,9.52,,,,,,,,,,,,,,,,,,,,,,,,,,,,,,,,,,,,,,,,,,,,,,,,,,,,,,,,,,,,,14.19,13.01,11.51,9.49,10.82,10.61,10.52,10.56,12.38,10.25,8.54,7.65,11.20,14.91,,,14.97,,13.14,14.06,15.37,14.12,13.07,10.39,13.93,16.46,16.44,15.66,12.02,9.44,8.83,9.61,8.07,7.84,9.88,11.03,11.62,11.97,13.35,,,,,12.16,13.70,13.79,,,,,13.77,12.48,9.76,5.96,4.75,4.50,4.48,9.02,12.18,12.38,12.89,13.25,12.90,12.74,12.55,11.97,12.02,11.70,11.90,11.98,12.07,12.52,13.23,13.23,13.04,12.99,13.23,13.47,13.56,13.05,6.83,4.33,2.05,0.18,0.24,2.29,1.92,3.32,-0.68,-2.93,-3.78,-3.05,-1.53,-2.56,-1.85,-1.19,4.13,4.49,10.47,12.71,11.08,10.82,11.71,10.26,7.11,5.88,5.04,5.83,6.12,7.10,7.70,7.93,7.55,7.03,6.02,6.67,7.64,6.84,5.59,5.26,5.43,4.52,4.55,4.45,3.73,2.69,2.02,2.18,5.55,7.03,7.10,7.18,7.52,7.45,6.16,4.77,3.93,3.04,2.10,4.12,5.98,5.82,5.75,5.48,4.92,,,,,7.94,7.26,6.32,5.20,5.69,6.04,6.88,,,,,,,,,,,,,,,,,,,,,,,,,,,,,,,,,,
,,,,,,,,,,,,,,,,,,,,,,,,,,,,,,,,,,,,,,,,,,,,,,,,,,,,,,,11.56,9.73,8.57,8.23,7.48,7.76,9.13,8.61,7.55,5.74,6.55,8.36,9.37,5.16,4.21,4.98,5.21,5.24,4.24,5.65,8.23,8.89,9.18,9.17,9.11,9.37,9.44,9.70,9.91,9.67,9.41,9.63,9.63,9.84,9.63,9.38,9.63,9.80,9.72,9.33,9.19,9.70,9.85,9.66,8.95,8.25,7.58,7.88,8.24,7.76,8.71,9.58,9.81,9.80,10.09,9.89,,,,,,,,,,,,,,,,,,,,,,,,,,,,,,,,,,,,,,,,,,,,,,,,,,,,,,,,,,,,,13.53,12.39,12.12,12.11,11.76,10.56,10.38,12.45,14.55,14.50,13.67,13.95,14.82,,,,,15.14,15.16,,15.78,15.36,12.53,12.81,14.91,15.67,15.96,,14.52,8.57,10.09,11.33,10.15,9.52,11.84,13.11,13.04,13.44,13.57,13.40,11.97,11.03,8.34,9.38,10.99,12.45,12.12,14.08,13.77,13.39,10.25,5.86,4.47,9.09,12.21,10.52,4.48,9.68,12.61,13.10,13.64,13.71,13.74,13.19,12.95,13.10,13.39,13.50,13.46,13.08,13.59,14.40,14.59,13.98,13.94,13.83,14.30,14.25,12.42,3.67,5.79,6.49,2.15,0.50,-0.02,-3.59,-6.62,-3.74,4.08,5.07,9.00,10.77,11.15,11.08,11.17,10.86,9.00,8.40,9.03,8.89,9.56,8.90,8.77,7.40,5.06,4.25,5.68,6.97,7.88,8.78,9.48,9.09,8.65,8.92,8.21,5.86,5.93,5.58,4.14,3.73,3.15,2.96,3.81,3.94,3.51,4.16,6.24,6.13,7.52,8.21,8.53,8.66,7.84,5.75,4.81,4.32,1.90,0.44,4.50,7.84,,,,,,,,,9.94,8.45,8.63,,6.57,,,,,,,,,,,,,,,,,,,,,,,,,,,,,,,,,,,,
,,,,,,,,,,,,,,,,,,,,,,,,,,,,,,,,,,,,,,,,,,,,,,,,,,,,,,,11.50,10.61,13.94,9.04,7.77,9.95,10.23,9.88,8.85,7.33,7.62,10.28,9.89,6.40,3.96,6.44,6.55,4.56,2.41,4.64,9.41,9.60,9.82,9.97,10.03,10.13,10.34,10.68,10.85,10.90,10.56,10.52,10.69,10.87,10.67,10.62,10.47,10.38,10.21,9.99,10.08,10.01,9.76,10.02,10.07,9.69,9.04,10.00,10.32,10.40,11.16,11.60,10.90,,,,,,,,,,,,,,,,,,,,,,,,,,,,,,,,,,,,,,,,,,,,,,,,,,,,,,,,,,,,,,,,14.56,13.22,13.02,11.48,12.11,13.12,12.02,10.24,10.95,15.17,,,16.64,16.69,,,,15.22,14.65,,,16.91,16.04,14.68,12.69,14.49,15.86,16.79,14.60,10.27,10.49,13.40,14.21,14.16,14.49,13.99,13.52,13.57,12.63,11.82,9.82,8.80,9.54,10.24,9.85,9.84,8.49,8.84,7.90,6.10,5.03,4.39,5.94,5.63,6.47,11.08,14.28,12.20,13.49,14.07,14.34,14.55,14.82,14.84,14.46,14.78,14.77,14.98,14.78,14.59,14.45,14.71,15.03,14.50,14.08,13.07,14.10,14.48,13.51,12.68,13.31,10.49,4.16,-3.10,-2.97,-0.47,3.86,6.86,10.36,11.54,11.77,12.07,12.10,11.93,11.95,11.83,11.35,10.75,10.59,11.09,10.76,10.14,9.59,9.12,8.52,7.27,7.14,7.44,7.89,8.93,9.36,8.70,7.68,7.56,7.44,7.76,7.82,7.13,6.33,5.28,5.60,4.06,5.21,6.55,7.26,9.33,8.94,8.98,8.56,8.86,9.14,8.66,7.88,7.62,6.57,4.36,2.45,5.57,7.65,,,,,,,,,,10.63,9.03,8.84,,,,,,,,,,,,,,,,,,,,,,,,,,,,,,,,,,,,,,
,,,,,,,,,,,,,,,,,,,,,,,,,,,,,,,,,,,,,,,,,,,,,,,,,,,,,,,11.55,11.99,14.09,14.61,8.19,9.97,10.84,8.70,7.69,7.34,7.14,10.40,9.95,6.48,8.22,9.11,8.04,3.42,1.37,3.88,8.78,9.21,10.17,10.73,11.08,11.49,11.74,12.01,11.97,11.99,11.91,11.81,11.74,11.71,11.63,11.61,11.52,11.47,11.15,10.92,11.15,10.96,11.04,11.12,10.78,9.39,10.72,11.70,12.15,12.40,12.18,,,,,,,,,,,,,,,,,,,,,,,,,,,,,,,,,,,,,,,,,,,16.09,,,18.08,18.10,,,,,,,,,,,,,,,,,,15.56,15.76,15.79,16.01,15.20,14.39,14.53,13.83,13.17,15.46,17.08,16.94,15.77,16.42,16.70,,,,16.49,15.56,,,,,,15.33,13.64,16.91,16.81,16.13,14.08,11.77,14.35,15.79,16.51,15.79,15.04,13.63,12.04,10.07,10.20,11.36,11.07,10.89,10.58,9.10,7.72,7.66,9.29,8.19,7.23,5.19,5.85,5.03,9.32,8.07,8.59,13.81,14.61,14.92,14.89,15.01,15.25,16.21,16.28,16.27,16.45,16.30,15.88,15.97,15.70,15.27,15.42,15.53,15.40,15.56,14.31,9.61,5.53,3.64,3.16,0.08,-3.59,-4.52,-1.14,7.79,11.65,12.14,12.48,12.24,12.10,11.99,12.14,12.15,11.90,11.67,11.32,11.03,10.46,9.71,7.53,6.41,5.83,2.96,3.70,0.06,-0.91,-0.25,1.78,5.06,7.20,7.95,8.07,8.32,8.46,8.73,7.64,7.10,6.88,6.59,6.77,5.93,5.20,5.41,6.58,10.47,12.27,12.03,11.21,10.61,,10.08,9.94,10.03,9.28,9.30,7.24,9.23,10.98,,,,,,,,,,,11.29,9.01,8.49,10.08,,,,,,,,,,,,,,,,,,,,,,,,,,,,,,,,,,,,,
,,,,,,,,,,,,,,,,,,,,,,,,,,,,,,,,,,,,,,,,,,,,,,,,,,,,,,,,12.80,14.59,16.10,11.72,6.11,9.65,9.38,7.99,9.21,8.42,9.50,7.73,6.84,11.01,10.56,8.33,4.11,1.40,4.65,9.95,10.84,10.97,11.55,12.01,12.36,12.70,12.94,12.66,12.79,12.74,12.57,12.70,12.51,12.75,12.66,12.65,12.73,12.33,12.43,12.11,11.84,12.08,11.93,10.13,9.67,11.90,13.22,13.57,13.36,12.92,,,,,,,,,,,,,,,,,,,,,,,,,,,,,,,,,,,,,,,,,,,,,,16.52,18.01,,,,,,,,,,,,,,,,,,16.16,16.41,16.04,15.86,15.47,15.17,15.19,12.90,14.68,15.67,17.14,17.40,,,,,,,16.78,17.09,,,17.25,17.38,16.48,16.46,16.07,16.96,,,15.97,14.43,13.79,15.47,16.38,16.12,16.29,15.67,13.89,11.95,10.34,10.49,10.51,10.89,9.87,8.82,6.80,8.62,12.29,13.58,12.86,11.03,8.27,7.04,7.20,11.25,9.64,8.65,10.68,14.82,15.10,15.41,15.69,16.12,16.81,16.07,14.69,15.64,16.78,16.66,16.47,16.23,16.57,16.45,16.26,16.34,13.67,9.00,10.82,10.52,5.07,-1.06,-5.71,-5.44,-3.38,-1.64,9.85,12.87,12.78,12.51,12.45,12.38,12.14,11.67,11.42,11.16,9.97,6.42,0.41,-2.00,-0.49,1.20,2.39,2.46,1.34,-3.67,-4.30,-4.89,-4.38,-3.30,1.43,3.16,6.94,8.51,8.80,8.09,8.23,7.71,7.68,7.96,8.20,5.77,6.49,7.56,12.38,13.02,12.96,12.98,12.82,,11.57,10.88,,,10.92,10.38,9.41,8.43,9.68,,,,,,,,,,12.28,10.82,9.95,10.96,,,,,,,,,,,,,,,,,,,,,,,,,,,,,,,,,,,,,,
,,,,,,,,,,,,,,,,,,,,,,,,,,,,,,,,,,,,,,,,,,,,,,,,,,,,,,,,12.63,13.97,15.50,16.00,9.19,6.64,11.60,10.65,11.56,12.17,11.09,7.55,10.72,12.74,10.39,7.47,3.11,2.65,4.90,9.96,11.54,12.07,12.61,12.76,13.19,13.67,13.87,13.67,13.77,13.56,13.08,12.91,12.84,12.91,13.52,13.67,13.68,13.32,13.27,12.77,12.36,12.28,11.13,10.97,12.56,13.47,14.12,14.50,14.26,,,,,,,,,,,,,,,,,,,,,,,,,,,,,,,,,,,,,,,,,,,,,,,,,,16.60,,,,,,,,,,,,,,,,,16.35,16.92,17.13,17.15,16.45,14.14,13.22,16.52,18.12,,,,,,,15.58,16.76,17.35,17.52,17.94,18.18,17.43,16.14,15.04,16.66,17.73,,,,16.18,15.41,13.55,17.07,17.73,17.62,17.42,17.19,14.66,11.78,12.29,10.48,10.35,10.46,9.53,14.15,13.83,13.83,16.74,16.29,16.14,16.93,14.67,9.57,8.64,11.66,9.62,9.81,10.06,14.05,15.57,15.85,16.29,16.71,17.47,15.53,13.50,11.44,11.86,15.61,16.81,17.04,17.00,16.83,16.97,17.36,16.60,17.15,16.66,15.58,7.39,0.53,-3.88,-4.60,-4.51,-2.28,4.61,9.49,11.43,12.53,12.76,12.61,12.06,11.05,8.80,3.77,-2.72,-5.56,-6.04,-3.64,-4.03,-2.00,2.67,3.72,3.94,1.42,0.09,-0.82,-2.68,-2.43,-1.94,-1.71,1.35,5.89,8.08,8.81,8.50,7.87,7.98,8.90,9.43,7.23,8.83,7.97,12.74,13.19,13.06,13.24,13.33,12.75,11.85,11.77,11.77,,11.51,11.40,11.30,10.42,8.97,11.18,11.40,,,,,,12.87,12.58,12.20,9.47,10.53,12.84,,,,,,,,,,,,,,,,,,,,,,,,,,,,,,,,,,,,,,
,,,,,,,,,,,,,,,,,,,,,,,,,,,,,,,,,,,,,,,,,,,,,,,,,,,,,,,,,13.77,13.81,15.87,16.89,7.82,14.92,17.04,14.19,18.83,13.81,10.94,12.19,10.97,10.74,10.86,9.00,6.16,5.55,9.11,11.07,12.60,13.42,13.72,14.26,14.83,14.98,14.99,14.98,14.18,13.68,13.98,14.00,14.46,14.61,14.35,14.01,14.10,13.73,12.99,12.81,12.18,11.18,12.87,14.11,14.42,14.90,15.39,15.64,,,,,,,,,,,,,,,,,,,,,,,,,,,,,,,,,,,,,,,,,,,,,,,,,,17.46,,,,,,,,,,,,,,,,,,17.30,17.87,16.59,16.40,15.12,16.46,17.59,,17.44,17.62,16.78,16.07,16.02,14.88,15.39,15.99,16.76,17.76,18.74,18.33,17.53,,17.35,17.87,,,,,,16.50,16.39,17.45,17.82,18.09,18.53,18.47,18.11,14.03,14.55,16.59,11.71,13.79,16.04,18.64,17.41,17.22,18.33,18.52,18.32,19.86,20.61,19.15,15.85,11.75,10.32,9.58,10.44,12.46,10.95,11.94,15.48,15.25,13.83,14.17,16.24,15.08,11.82,11.04,16.09,17.58,16.64,15.13,15.73,16.01,15.97,14.22,16.35,11.97,3.68,-1.33,-0.86,-1.08,-2.66,-7.28,-5.29,-5.28,-2.73,3.00,6.17,7.81,1.63,-1.71,-5.83,-7.27,-7.87,-8.10,-7.30,-6.93,-7.23,-5.98,-2.29,0.09,3.48,3.63,3.73,4.06,-0.57,-0.58,1.33,2.32,3.35,6.74,7.75,6.84,7.62,8.59,8.33,9.28,10.01,9.58,8.76,9.92,13.43,13.30,13.25,12.73,12.56,12.54,12.45,12.11,12.04,,,12.73,12.03,11.18,11.16,11.43,,,13.95,14.03,,12.79,11.94,8.65,9.15,11.50,12.59,,,,,,,,,,,,,,,,,,,,,,,,,,,,,,,,,,,,,,,
,,,,,,,,,,,,,,,,,,,,,,,,,,,,,,,,,,,,,,,,,,,,,,,,,,,,,,,,,,13.43,14.77,17.14,13.99,17.41,19.52,17.06,18.95,13.65,10.70,10.79,12.07,10.30,8.74,9.65,10.57,8.83,12.17,13.53,13.52,14.03,14.47,15.06,15.36,15.67,15.75,15.77,15.37,14.81,15.02,15.59,15.79,15.49,14.96,14.42,14.41,13.76,13.94,12.12,12.49,14.47,15.11,15.30,15.70,16.02,16.38,16.60,,,,,,,,,,,,,,,,,,,,,,,,,,,,,,,,,,,,,,,,,,,,,,,,,,,,,,,,,,,,,,,,,,,,,17.85,17.19,16.60,17.10,18.09,17.83,17.06,17.34,15.46,15.55,15.84,17.87,15.30,13.88,14.99,15.85,18.54,19.26,19.05,19.32,,18.82,,,,,,,,,17.11,16.44,17.20,18.58,18.67,,,,,18.33,19.10,18.91,18.90,17.82,18.06,18.45,18.95,19.77,21.02,22.36,22.66,21.37,17.39,11.12,10.56,10.43,11.26,14.91,15.11,13.23,16.11,17.70,18.37,18.60,16.62,14.30,12.06,13.75,16.18,15.80,13.71,8.86,4.92,4.14,4.85,7.17,4.54,0.64,6.67,3.55,4.61,2.99,-1.73,-6.90,-9.84,-8.48,-7.28,-8.76,-9.01,-7.80,-6.69,-6.30,-7.14,-6.50,-6.44,-7.05,-7.04,-7.19,-7.14,-5.92,-4.99,-4.07,-4.22,-4.33,-3.70,-3.78,-3.29,1.28,-0.06,2.47,5.27,5.95,6.73,7.13,9.47,8.86,10.21,11.73,11.86,11.35,12.10,14.02,13.92,13.83,13.14,12.66,12.63,12.76,,,,,13.95,13.05,11.28,12.48,13.10,,,13.91,13.07,12.74,13.36,12.92,11.00,10.28,14.67,14.86,,,,,,,,,,,,,,,,,,,,,,,,,,,,,,,,,,,,,,,
,,,,,,,,,,,,,,,,,,,,,,,,,,,,,,,,,,,,,,,,,,,,,,,,,,,,,,,,,,,14.53,13.98,15.91,15.87,17.18,20.86,21.75,18.40,14.62,12.72,11.17,10.66,8.83,10.37,12.04,11.41,13.87,13.84,13.56,14.55,16.15,16.55,16.54,16.52,16.37,16.18,15.62,15.64,16.32,16.62,16.46,15.90,15.76,15.37,15.20,14.95,14.61,14.79,15.79,16.03,16.36,16.70,16.68,16.85,17.21,,,,,,,,,,,,,,,,,,,,,,,,,,,,,,,,,,,,,,,,,,,,,,,,,,,,,,,,,,,,,,,,,,,,,,17.81,18.29,16.10,16.35,15.91,14.96,15.42,15.67,14.65,15.22,15.65,18.48,21.15,21.25,19.67,18.91,19.33,18.98,19.10,,,,,,,,,,,,18.85,18.18,17.84,19.23,,,,,,17.37,18.52,19.03,17.57,15.64,16.50,17.93,19.02,20.06,21.02,22.51,24.25,23.52,21.02,13.62,12.10,11.08,12.17,14.61,18.19,18.87,20.33,20.56,20.89,20.50,19.42,17.48,17.35,16.66,16.01,12.44,7.92,3.82,3.16,1.55,1.39,4.09,11.12,16.97,19.57,18.46,11.05,7.35,-1.99,-2.29,-4.49,-8.18,-8.07,-7.37,-7.21,-6.90,-6.18,-6.44,-6.92,-6.05,-5.71,-5.66,-6.56,-6.74,-5.84,-4.88,-3.85,-4.10,-4.37,-5.15,-4.86,-4.21,-4.92,-2.06,-0.82,0.84,2.36,4.73,8.36,8.83,10.27,12.03,12.38,12.31,12.61,14.21,14.23,14.47,14.39,14.42,14.21,13.90,13.77,13.84,,,,,14.00,13.72,13.74,13.87,14.85,15.67,14.37,13.98,14.53,14.76,14.29,14.26,15.26,15.45,16.25,,,,,,,,,,,,,,,,,,,,,,,,,,,,,,,,,,,,,,,,
,,,,,,,,,,,,,,,,,,,,,,,,,,,,,,,,,,,,,,,,,,,,,,,,,,,,,,,,,,,14.11,15.36,16.93,17.23,17.88,22.00,22.74,21.91,21.65,19.73,15.39,10.66,9.20,11.19,14.02,12.52,15.25,14.62,14.92,15.76,16.71,17.42,17.51,17.53,17.40,17.14,17.07,16.93,16.93,17.16,17.34,16.54,16.66,16.34,16.27,15.86,16.29,16.70,16.92,17.29,17.54,17.69,16.91,17.55,,,,,,,,,,,,,,,,,,,,,,,,,,,,,,,,,,,,,,,,,,,,,,,,,,,,,,,,,,,,,18.34,,,,,,,,17.83,17.35,16.84,14.60,12.94,14.49,14.98,16.05,16.47,15.92,15.93,17.70,18.62,19.89,21.53,21.90,21.95,22.42,21.11,20.64,19.85,,,,,,,,,,,,,,,,,,,,,,,,16.83,15.56,17.15,17.57,18.16,19.38,20.45,21.90,22.87,22.98,22.94,18.00,17.21,14.61,11.55,11.67,13.43,16.91,19.24,19.57,21.17,20.17,18.73,17.07,14.65,18.33,17.29,13.25,8.65,5.26,7.09,6.01,2.64,7.08,9.94,17.42,21.89,22.12,20.03,13.30,8.14,-3.29,-4.06,-5.17,-4.63,-3.22,-4.60,-4.66,-4.39,-3.60,-4.76,-4.34,-4.53,-5.03,-5.33,-6.03,-6.67,-4.69,-3.85,-4.62,-4.67,-3.51,-3.63,-3.99,-3.02,-2.32,-0.91,1.90,1.63,6.39,10.63,11.37,10.28,9.66,11.27,13.21,13.53,14.13,14.98,14.96,14.99,15.12,15.17,14.74,14.46,14.44,,,,,,14.51,,17.36,16.11,15.13,14.60,15.00,13.85,14.50,15.13,15.42,,,17.88,,,,,,,,,,,,,,,,,,,,,,,,,,,,,,,,,,,,,,,,
,,,,,,,,,,,,,,,,,,,,,,,,,,,,,,,,,,,,,,,,,,,,,,,,,,,,,,,,,,,,,16.25,17.27,16.32,21.07,22.85,22.68,21.20,20.57,17.15,16.18,14.13,15.11,15.66,14.13,15.89,16.73,16.73,17.04,17.41,17.77,17.80,18.33,18.44,18.05,17.88,17.71,17.71,18.01,17.76,17.21,17.32,17.53,17.67,17.43,17.47,18.01,18.23,18.48,18.50,18.51,,,,,,,,,,,,,,,22.28,,,,,,,,,,,,,,,,,,,,,,,,,,,,,,,,,,,,,,,,,,,,,,,16.04,17.60,,,,,,,18.33,18.34,18.36,16.78,12.02,14.27,16.07,17.18,17.19,17.67,18.62,19.41,20.27,20.63,21.66,22.39,22.57,22.88,22.96,21.89,20.46,20.30,19.89,19.59,20.38,20.59,,,,20.25,18.73,17.67,18.41,19.62,19.59,,,,,,,,,,19.55,18.78,17.08,18.56,18.49,18.53,19.59,21.00,22.07,23.19,23.57,23.93,24.00,23.00,22.56,16.87,10.66,13.96,15.44,17.81,19.04,19.21,19.63,20.70,19.51,15.24,18.50,20.10,19.19,15.93,14.17,13.43,10.17,10.25,10.56,14.20,23.13,23.99,22.99,23.13,22.74,19.66,7.89,-3.69,-4.37,-3.64,-3.92,-2.70,-1.41,-1.71,-1.91,-2.64,-1.68,-2.80,-2.04,-2.08,-3.06,-4.13,-5.03,-3.62,-4.21,-1.96,-0.29,-1.53,-0.77,-0.86,-0.78,1.18,1.27,2.25,9.07,13.84,13.01,12.52,12.89,13.32,14.44,15.40,15.59,14.93,15.36,15.53,15.46,15.41,15.28,15.29,15.05,15.16,,,,,,,16.45,16.09,15.14,13.84,16.48,17.24,,,,,,19.49,,,,,,,,,,,,,,,,,,,,,,,,,,,,,,,,,,,,,,,,
,,,,,,,,,,,,,,,,,,,,,,,,,,,,,,,,,,,,,,,,,,,,,,,,,,,,,,,,,,,,,,,16.12,17.52,22.44,22.54,21.02,18.67,16.70,16.17,15.54,16.96,16.86,16.05,16.49,18.09,18.18,17.44,17.85,18.16,18.18,18.79,19.01,18.78,18.44,18.33,18.65,18.60,18.11,18.21,18.18,18.24,18.20,18.41,18.71,18.84,19.06,19.37,19.24,,,,,,,,,,,,,,,,,,,,,,,,,,,,,,,,,,,,,,,,,,,,,,,,,,,,,,,,,,,,,,,,,,,,,,,17.29,17.08,15.22,12.58,14.18,20.09,19.99,21.21,20.73,20.42,20.71,21.16,21.57,22.12,22.74,23.13,23.64,23.82,23.81,22.57,19.63,18.60,18.91,20.01,20.73,20.38,20.27,20.18,,20.20,19.87,19.35,19.30,19.22,18.85,18.74,18.75,19.27,19.98,20.45,20.50,20.49,21.14,20.46,19.59,19.31,18.32,19.60,19.50,19.61,20.61,22.13,22.88,23.26,24.16,24.68,24.21,24.07,24.85,24.39,15.17,11.87,14.40,15.87,16.05,17.77,16.81,22.09,22.29,19.66,20.43,21.86,21.46,20.17,19.49,18.40,16.53,12.83,13.81,17.19,23.88,24.97,24.15,23.66,23.41,23.16,21.55,10.26,-0.48,-1.62,-3.27,-4.44,-2.99,-2.50,-0.87,-1.75,-1.24,-0.09,-0.05,-0.30,-1.51,-1.89,-2.33,-2.72,-1.74,-1.78,0.47,0.78,1.78,0.06,1.25,1.50,2.06,6.31,14.92,16.23,16.53,15.98,13.88,12.20,11.76,13.91,15.82,15.70,15.71,14.85,15.18,15.96,15.87,15.59,15.73,15.81,,,,,,,,16.97,16.13,16.25,,,,,,,,,,,,,,,,,,,,,,,,,,,,,,,,,,,,,,,,,,,,,,,,
,,,,,,,,,,,,,,,,,,,,,,,,,,,,,,,,,,,,,,,,,,,,,,,,,,,,,,,,,,,,,,,16.03,16.61,20.71,21.99,21.69,20.40,18.17,17.88,14.99,16.57,16.38,16.45,16.57,16.54,17.95,18.50,18.08,18.13,18.70,19.47,19.75,19.51,19.30,19.32,19.50,19.37,19.37,19.36,19.47,19.46,19.15,19.32,19.42,19.60,19.76,20.27,,,,,,,,,,,,,,,,,,,,,,,,,,,,,,,,,,,,,,,,,,,,,,,,,,,,,,,,,,,,,,,,,,,,,,,,17.75,15.84,15.73,19.18,21.44,22.39,22.10,22.71,22.08,22.18,22.32,22.16,21.95,22.46,23.25,23.50,23.83,24.03,23.84,22.26,19.62,18.95,19.48,20.85,20.86,20.26,19.64,19.46,19.82,20.65,20.76,20.37,20.26,20.14,19.72,19.19,18.92,19.60,20.06,20.25,21.03,20.63,20.94,19.19,19.02,18.95,18.38,19.82,21.11,20.70,21.64,22.78,23.26,23.42,24.03,24.55,24.40,24.51,25.28,25.63,22.65,15.59,13.17,14.59,15.88,15.76,15.40,18.49,24.60,22.46,20.28,22.61,21.98,21.46,20.78,20.85,19.14,15.27,17.52,18.97,23.68,25.07,24.75,24.61,24.24,23.75,23.40,20.40,14.41,4.69,-0.65,-1.94,-3.58,-2.81,-2.85,-1.25,-1.23,-1.55,-1.31,-1.81,-2.05,-2.05,-3.43,-3.22,-1.39,-0.35,-0.58,1.15,1.64,-0.16,1.95,2.73,6.39,14.87,16.54,17.16,17.37,16.91,14.94,13.34,12.80,16.03,16.53,16.77,16.92,16.33,16.07,15.89,15.08,15.24,16.30,16.34,16.59,,,,,,,19.00,17.64,18.75,,,,,,,,,,,,,,,,,,,,,,,,,,,,,,,,,,,,,,,,,,,,,,,,
,,,,,,,,,,,,,,,,,,,,,,,,,,,,,,,,,,,,,,,,,,,,,,,,,,,,,,,,,,,,,17.25,,,18.21,19.18,20.43,21.05,21.12,21.24,20.42,14.26,14.20,15.21,17.37,19.24,18.95,19.48,20.67,19.96,19.44,19.84,20.27,20.27,20.51,20.33,20.10,20.28,20.21,20.59,20.62,20.90,,,20.25,20.27,20.28,20.60,20.84,21.57,,,,,,,,,,,,,,,,,,,,,,,,,,,,,,,,,,,,,,,,,,,,,,,,,,,,,,,,,,,,,,,,,,,19.30,,,19.22,17.72,18.77,22.72,23.46,23.54,23.80,23.83,23.89,23.91,23.86,24.22,23.56,22.74,22.94,23.56,23.70,23.76,23.72,23.10,21.76,20.43,19.80,20.09,20.45,20.48,20.33,19.23,19.30,19.31,20.63,21.53,21.88,21.61,21.54,21.27,20.52,20.97,21.77,20.66,20.23,20.98,20.69,20.65,18.22,19.21,18.69,19.58,19.97,21.42,21.68,22.16,22.58,23.10,23.50,24.24,24.83,24.98,25.30,25.69,,23.67,21.31,16.71,16.52,16.03,16.00,13.53,13.76,22.99,23.94,18.15,21.92,22.29,20.36,21.17,22.65,17.66,23.49,24.09,22.49,25.57,25.36,25.90,25.71,25.17,24.52,24.09,23.94,23.15,19.92,17.05,10.60,3.05,-0.49,-0.22,-1.27,-1.38,0.09,0.77,0.38,0.32,2.10,-1.07,-0.14,3.02,5.61,-1.08,-0.32,1.70,1.65,1.61,1.87,10.85,15.30,17.29,17.54,17.58,15.20,14.34,14.80,15.08,16.68,17.05,16.96,16.28,16.79,17.23,16.36,15.55,16.06,15.80,15.99,16.86,,,,,,,20.44,,,,,,,,,,,,,,,,,,,,,,,,,,,,,,,,,,,,,,,,,,,,,,,,,,
,,22.40,,,,,,,,,,,,,,,,,,,,,,,,,,,,,,,,,,,,,,,,,,,,,,,,,,,,,,,,,,,18.32,,,19.37,18.38,19.72,21.54,22.73,23.35,21.63,15.23,12.93,15.21,18.61,17.97,18.76,18.83,20.41,21.06,21.60,21.45,21.40,21.38,21.13,,,,,,21.03,,,,,,,21.79,21.92,22.06,,,,,,,,,,,,,,,,,,,,,,,,,,,,,,,,,,,,,,,,,,,,,,,,,,,,,,,,,,,,,,19.77,18.22,17.22,18.78,19.99,20.13,20.30,20.10,19.89,20.58,22.30,23.13,23.80,24.39,24.86,25.18,25.10,24.71,24.82,24.77,24.19,23.15,23.06,23.38,23.60,23.47,23.18,22.70,21.72,21.19,21.14,21.50,20.96,20.70,20.14,19.46,19.84,20.03,20.81,21.46,22.55,22.27,21.97,21.70,21.29,21.13,21.09,21.02,21.31,21.42,20.82,20.24,21.16,21.99,20.56,20.96,20.78,21.45,21.49,21.74,22.29,22.75,23.53,24.65,25.32,25.39,25.53,25.89,,22.38,23.12,21.26,20.48,19.44,19.01,18.20,20.51,20.82,23.24,19.42,20.39,24.33,24.48,23.20,22.18,17.19,25.85,26.91,26.41,26.21,26.70,26.69,26.38,25.81,25.17,24.79,24.80,24.72,24.74,24.31,22.05,15.65,8.96,6.09,1.01,-1.16,-0.27,-0.79,-0.46,-2.10,-0.51,0.34,6.23,14.27,14.84,6.61,2.02,2.87,3.80,4.10,6.77,9.76,11.57,16.38,16.75,15.16,14.11,15.09,16.27,16.09,16.49,17.28,16.86,16.10,17.48,17.99,17.64,16.42,15.84,15.54,16.90,17.68,,,,,,21.60,21.43,22.15,,,,,,,,,,,,,,,,,,,,,,,,,,,,,,,,,,,,,,,,,,,,,,,,,
,,,,,,,,,,,,,,,,,,,,,,,,,,,,,,,,,,,,,,,,,,,,,,,,,,,,,,,,,,,,,,,,18.70,19.47,20.53,22.03,23.59,24.32,23.31,20.47,15.09,16.42,18.58,18.39,19.36,18.58,20.66,21.78,22.58,22.05,22.12,21.81,,,,,,,,,,,,,,22.65,22.49,22.79,,24.37,24.87,,,,,,,,,,,,,,,,,,,,,,,,,,,,,,,,,,,,,,,,,,,,,,,,,,,,,,,,,,,19.59,19.52,,19.21,,20.62,20.38,20.51,20.85,21.36,22.97,24.16,24.95,25.48,25.84,25.81,25.79,25.33,25.59,25.39,24.99,25.10,24.66,23.90,23.67,23.95,23.84,23.73,23.45,23.12,22.55,22.55,22.29,21.86,20.76,20.09,19.74,20.90,21.21,22.00,22.97,22.76,22.42,22.27,21.74,21.59,21.47,21.71,21.55,21.98,21.38,20.98,23.03,24.41,24.23,21.37,20.43,21.65,21.64,22.16,21.97,22.98,23.88,24.94,25.73,25.75,25.68,25.88,25.61,,24.62,23.89,23.56,22.91,23.95,24.41,24.49,25.40,25.15,24.46,21.15,22.28,23.87,22.71,20.64,21.14,25.69,26.85,27.32,27.23,26.99,26.46,26.08,25.56,24.57,24.90,25.29,25.31,25.35,25.07,25.00,24.08,23.30,23.01,19.07,11.21,10.34,6.64,6.76,8.19,10.28,10.07,17.24,22.11,22.54,16.54,15.10,9.80,7.68,9.65,11.52,12.40,11.56,12.33,13.42,14.88,14.93,15.19,16.35,15.79,16.77,17.65,17.09,17.07,17.65,17.70,16.63,17.23,15.20,17.08,17.13,,,,,,22.27,22.24,22.13,,,,,,,,,,,23.73,,,,,,,,,,,,,,,,,,,,,,,,,,,,,,,,,,,,,,,
,,,,,,23.67,,,,,,,,,,,,,,,,,,,,,,,,,,,,,,,,,,,,,,,,,,,,,,,,,,,,,,,,,,,18.92,21.26,21.70,22.91,,23.97,24.06,19.20,13.59,15.75,18.60,20.21,19.95,19.81,21.56,22.95,23.01,22.63,,,,,,,,,,,,,,,23.20,23.21,23.51,25.23,24.62,24.53,24.83,,,,,,,,,,,,,,,,,,,,,,,,,,,,,,,,,,,,,,,,,,,,,,,,,,,,,,,,,,,,,,21.16,21.17,21.17,22.10,22.55,23.10,24.09,24.95,25.85,26.21,26.28,26.00,26.25,26.21,26.51,26.77,27.06,26.72,26.21,25.03,23.59,24.19,24.03,24.31,24.10,23.81,23.17,22.83,22.61,22.22,21.53,21.11,21.28,21.85,21.97,22.54,23.09,22.93,22.57,22.65,21.94,21.60,21.95,22.16,21.84,22.17,22.54,22.88,23.07,24.49,24.99,24.79,22.15,22.59,22.30,22.98,23.38,23.63,24.39,25.02,25.20,25.48,25.57,25.84,26.05,26.15,26.33,,26.44,26.38,26.59,26.61,25.00,23.99,24.97,24.08,23.92,24.34,24.02,22.96,24.40,24.27,26.21,26.91,27.48,27.22,26.72,26.52,26.33,25.63,25.80,25.67,25.69,25.78,25.75,25.53,25.34,25.18,25.14,24.94,24.36,24.11,24.31,24.44,23.60,23.78,23.30,24.00,23.36,21.60,18.85,21.32,19.55,13.15,11.22,13.84,16.64,14.64,12.96,12.29,13.99,14.47,14.88,15.14,16.15,15.33,17.30,17.90,16.83,17.14,17.77,17.60,17.93,17.64,17.87,18.52,,,,,,22.94,22.86,22.08,24.25,,,,,,,,,,,,,22.84,,,,,,,,,,,,,,,,,,,,,,,,,,,,,,,,,,,,,
,,,,,,,,23.62,,,,,,,,,,,,,,,,,,,,,,,,,,,,,,,,,,,,,,,,,,,,,,,,,,,,,,,,,,,20.57,21.91,22.80,24.73,24.61,22.89,14.28,15.06,18.47,20.68,20.70,18.50,17.89,22.73,23.39,23.16,,,,,,,,,,,,,,,,23.89,24.25,24.98,24.91,25.01,24.97,,,,,,,,,,,,,,,,,,,,,,,,,,,,,,,,,,,,,,,,,,,,,,,,,,,,,,,,,,,,,,21.38,21.85,22.23,23.20,23.80,24.71,25.05,25.40,26.04,26.92,27.26,27.36,26.98,26.95,26.85,26.87,27.54,27.07,25.86,23.33,23.37,22.46,21.52,21.89,23.35,24.31,23.03,22.80,22.70,22.74,22.24,22.14,22.33,22.16,22.32,22.74,23.11,23.06,22.95,22.82,21.95,21.48,21.88,22.74,22.51,23.60,22.68,24.04,24.24,24.10,,25.30,24.88,25.56,24.43,24.28,25.12,25.56,25.25,25.34,25.29,25.32,25.50,25.76,26.23,26.60,26.63,26.83,,27.55,27.41,26.41,26.82,26.89,26.88,26.67,26.69,26.75,26.09,25.62,26.15,26.56,25.96,26.94,27.01,27.06,27.20,27.07,26.00,25.58,26.21,26.18,25.44,25.96,26.00,26.13,25.93,25.98,26.04,25.79,25.46,25.43,25.26,25.06,24.99,23.75,20.74,21.04,21.23,17.85,22.26,22.42,21.45,14.85,14.57,15.27,16.22,14.39,13.96,14.17,16.44,16.54,16.33,16.77,17.52,17.14,17.36,17.64,17.01,18.38,18.57,17.91,17.65,18.22,19.76,,20.80,22.04,23.05,,,,24.33,,,,23.24,,,,,,,,,,22.94,,,,,,,,,,,,,,,,,,,,,,,,,,,,,,,,,,,,,,
,,,,,,,,,,,,,,,,,,,,,,,,,,,,,,,,,,,,,,,,,,,,,,,,,,,,,,,,,,,,,,,,,,,20.17,21.83,22.29,22.89,23.96,24.69,21.32,12.92,16.81,18.09,18.38,17.05,16.33,21.15,23.37,23.54,,,,,,,,,,,,,,,25.13,25.18,25.24,25.52,25.03,25.17,25.33,25.39,25.53,,,,,,,,,,,,,,,,,,,,,,,,,,,,,,,,,,,,,,,,,,,,,,,,,,,,,,,,,,,21.49,21.79,22.50,24.15,25.06,25.47,25.81,26.26,26.38,27.27,28.06,27.97,27.73,27.52,27.32,27.22,27.01,27.09,26.79,25.52,24.06,22.32,22.49,22.41,23.29,22.67,23.80,23.15,22.60,22.83,23.35,22.96,22.67,22.82,22.72,22.41,22.82,23.11,23.01,23.34,23.12,21.79,20.96,21.81,22.81,23.40,24.60,23.55,24.83,25.63,24.28,25.17,,25.64,25.79,26.43,26.97,26.37,26.26,25.69,25.61,26.04,25.68,26.03,26.21,26.62,26.98,27.23,27.44,27.58,27.70,27.77,26.80,27.57,,,,,,,,,26.08,26.27,26.74,27.15,27.25,27.44,26.39,25.11,25.67,25.96,26.39,25.62,25.68,25.55,25.38,25.48,25.62,25.62,25.81,25.26,25.58,25.72,25.61,25.35,25.12,24.78,24.19,20.96,22.39,23.53,23.71,20.96,17.63,17.46,17.19,17.45,15.42,15.37,16.60,18.28,18.48,18.74,19.45,19.86,18.81,18.63,18.48,19.46,19.21,19.86,19.67,19.59,20.39,20.52,21.04,17.15,23.34,23.40,23.62,23.52,,,,,,24.84,,,,,,,,,,24.17,,,,,,,,,,,,25.55,,,,,,,,,,,,,,,,,,,,,,,,,,
,,,,,,,,,,,,,,,,,,,,,,,,,,,,,,,,,,,,,,,,,,,,,,,,,,,,,,,,,,,,,,,,,,,,,22.00,21.95,,24.70,24.37,17.94,15.29,15.37,16.55,16.18,18.00,19.63,23.37,23.51,,,,,,,,,,,,,,25.09,25.06,25.19,25.35,25.11,,25.54,25.65,25.78,25.67,26.04,,,,,,,,,,,,,,,,,,,,,,,,,,,,,,,,,,,,,,,,,,,,,,,,,,,,,,,,,21.10,21.46,22.62,23.58,24.87,25.71,26.41,26.85,27.26,27.61,27.77,27.80,27.91,27.93,28.11,27.59,27.48,27.20,26.94,26.64,25.59,24.58,21.11,20.91,23.06,23.90,24.56,24.11,23.27,22.86,23.61,23.94,22.86,22.86,23.32,23.70,23.02,23.38,23.19,23.32,23.25,23.28,21.72,21.28,22.67,23.58,24.34,25.15,25.02,25.64,25.59,24.96,25.49,25.40,,28.14,26.75,26.78,27.41,27.20,26.87,26.69,26.84,26.17,26.65,27.15,27.57,27.59,27.92,27.83,27.74,28.15,28.61,26.55,25.39,26.01,26.06,,,,,,,,25.84,26.49,26.83,27.04,27.53,26.99,26.69,26.40,25.57,25.96,25.82,25.70,25.52,24.87,24.84,24.48,23.87,23.89,24.73,25.98,26.27,26.13,25.84,25.61,24.94,22.91,18.80,23.91,24.95,24.31,20.38,20.02,18.59,18.70,18.43,17.42,16.39,16.46,18.25,20.39,21.22,20.76,20.91,21.03,21.08,21.04,21.22,21.10,20.50,21.05,20.97,,22.92,20.49,17.92,,,,,,,,,,,,,,,,,,,,,,,,,,,,,,,,,,,,,,,,,,,,,,,,,,,,,,,,,,
,,,,,,,,,,,,,,,,,,,23.66,21.34,,,,,,,,,,,,,,,,,,,,,,,,,,,,,,,,,,,,,,,,,,,,,,,,,22.29,22.93,,,24.99,24.48,19.70,16.48,16.42,16.56,18.84,22.28,24.77,24.13,,,,,,,,,,,,,24.99,24.59,25.22,25.32,24.89,25.04,25.41,25.70,,26.49,26.10,26.11,26.22,,,,,,,,,,,,,,,,,,,,,,,,,,,,,,,,,,,,,,,,,,,,,,,,,,,,,,,,21.88,22.63,23.93,25.08,25.99,26.45,26.90,27.34,27.69,27.81,28.06,28.51,28.93,28.96,28.32,27.89,27.71,27.39,27.05,26.61,25.86,25.19,23.10,24.42,24.74,24.72,25.16,25.28,24.53,23.79,24.01,24.65,22.65,23.10,23.62,23.79,22.42,23.55,23.81,23.65,23.45,23.38,22.42,22.49,23.56,24.19,24.98,25.58,26.04,26.30,26.31,25.17,24.91,25.66,,28.08,28.08,26.29,28.08,28.09,27.29,27.18,27.77,26.99,27.70,27.96,28.26,28.17,28.28,28.30,28.56,29.00,29.17,28.40,27.22,26.61,26.32,,,,,,,,,26.53,26.49,26.50,26.95,27.17,27.01,26.48,26.02,26.41,26.08,25.02,25.02,24.52,24.60,25.77,25.27,25.41,25.18,26.08,26.57,26.36,26.23,25.85,25.69,24.24,19.24,24.76,26.67,22.61,21.71,20.77,19.59,19.51,19.39,19.40,19.05,20.31,20.91,21.32,21.97,21.43,21.37,21.61,21.55,22.06,22.46,22.05,22.15,21.99,,,,22.20,23.26,,,,,,,,,,,,,,,,,,,,,,,,,,,,,,,,,,,,,,,,,,,,,,,,,,,,,,,,,,
,,,,,,,,,,,,,,,,,,,23.75,23.01,23.31,23.53,21.85,,,,,,,,,,,,,,,,,,,,,,,,,,,,,,,,,,,,,,,,,,,,,,,,,,22.95,25.27,22.19,19.13,17.78,16.62,17.83,21.16,24.22,23.66,,,,,,,26.29,25.90,25.71,25.39,25.93,,25.42,25.51,25.66,26.35,24.10,25.59,25.58,25.54,26.18,26.08,,26.21,26.28,26.45,,,,,,,,,,,,,,,,,,,,,,,,,,,,,,,,,,,,,,,,,,,,,,,,,,,,,,21.23,22.63,24.15,25.52,26.71,26.74,26.85,26.96,27.38,27.74,27.99,28.39,28.91,28.72,28.66,28.34,28.41,28.26,27.85,27.42,26.84,25.95,25.44,25.14,25.75,25.86,25.54,25.57,26.18,26.24,25.45,25.25,25.73,24.89,22.50,22.40,20.77,23.67,23.95,24.44,24.05,23.68,23.92,23.17,22.96,23.89,24.43,25.05,25.67,26.31,25.79,26.75,25.56,24.69,24.71,26.63,27.45,29.19,24.49,26.29,27.53,28.04,27.60,27.92,28.03,28.56,28.78,28.69,28.54,28.52,28.64,29.01,29.39,29.42,28.79,28.25,27.51,27.29,,,,,,,,,,26.48,26.43,26.95,27.24,26.94,26.78,26.84,26.78,25.82,25.86,26.15,25.78,26.70,26.88,26.93,26.28,25.44,25.77,26.60,26.35,26.17,26.16,25.94,24.76,20.33,25.36,27.16,23.46,20.92,21.86,20.53,21.14,21.18,21.04,20.78,20.36,22.86,22.33,21.77,21.95,22.63,23.03,22.76,22.59,22.66,22.49,,,,,,24.33,26.04,,,,,,,,,,,,,,,,,,,,,,,,,,,,,,,,,,,,,,,,,,,,,,,,,,,,,,,,,,
,,,,,,,,,,,,,,,,,,,,,,23.69,21.81,21.36,,,,,,,,,,,,,,,,,,,,,,,,,,,,,,,,,,,,,,,,,,,,,,,,,,23.37,18.97,19.66,18.86,18.52,16.89,16.93,18.07,23.03,24.26,,,,27.14,27.07,26.51,25.74,25.78,25.67,26.29,,,,,,,26.14,26.19,26.00,25.17,25.05,24.30,26.22,25.73,,,,,,,,,,,,,,,,,,,,,,,,,,,,,,,,,,,,,,,,,,,,,,,,,,,,,,,20.97,23.80,25.35,26.95,28.30,27.37,27.35,27.46,27.69,28.00,28.25,28.44,28.53,28.57,28.58,28.54,28.70,28.76,28.46,27.66,26.47,26.08,26.21,26.36,26.97,26.84,25.75,25.73,26.59,26.78,26.38,25.97,26.33,25.94,24.21,21.89,21.20,24.75,24.71,25.02,24.50,23.94,23.29,23.18,23.38,23.77,24.51,25.47,26.63,26.59,26.88,27.65,26.63,25.63,24.55,27.10,,29.83,27.89,24.30,26.73,27.86,28.43,28.67,28.76,29.06,29.04,28.90,28.73,28.58,28.66,29.07,29.14,28.62,27.98,27.83,27.24,,,,,,,,,,,,26.86,27.22,26.88,25.60,25.85,26.37,26.73,27.20,27.40,27.03,26.32,25.91,26.15,26.62,25.75,26.78,26.83,26.80,,,,,25.69,24.17,25.69,26.54,22.63,21.05,22.65,22.52,23.68,22.39,22.22,20.18,20.58,22.94,23.69,23.22,,23.69,23.85,,,,,,25.27,,,,,25.39,23.60,,,,,,,,,,,,,,,,,,,,,,26.71,26.58,,,,,,,,,,,,,,,,,,,,,,,,,,,,,,,,,,
,,,,,,,,,,,,,,,,,,,,,,,24.68,17.58,22.90,,,,,,,,,,,,,,,,,,,,,,,,,,,,,,,,,,,,,,,,,,,,24.74,,,,,25.19,23.32,21.06,21.04,18.06,17.47,13.45,13.82,14.09,23.01,25.11,,,,26.59,26.27,25.52,25.80,26.31,,,,,,26.93,26.77,26.70,,25.52,23.94,25.70,25.96,25.42,24.67,24.27,24.36,25.49,26.05,,,,,,,,,,,,,,,,,,,,,,,,,,,,,,,,,,,,,,,,,,,,,,,,,,,,24.60,26.28,28.38,29.24,29.02,28.46,27.81,28.03,28.25,28.34,28.39,28.45,28.46,28.58,28.70,28.83,28.90,28.87,27.85,26.86,27.19,27.45,27.67,27.86,27.88,25.86,25.89,26.66,26.92,26.50,26.19,26.32,25.97,26.01,25.97,24.99,26.21,25.82,25.38,24.69,24.00,23.75,24.07,23.96,24.27,25.40,26.30,27.14,27.34,28.21,28.72,28.19,26.91,25.40,28.32,28.38,29.41,30.05,28.21,24.34,26.40,27.23,28.19,28.56,28.97,29.09,29.07,28.79,28.51,28.55,28.70,28.25,27.74,27.40,27.15,,,,,,,,,,,,,,,26.94,25.51,25.31,26.18,26.69,27.00,27.21,27.39,26.27,24.86,25.15,24.86,25.59,26.74,26.86,,,,,,25.42,25.92,24.90,26.40,23.90,23.52,22.61,24.01,24.33,23.24,21.87,20.26,20.92,23.52,23.84,,24.85,23.82,24.30,24.29,,,,,,,,,,25.36,27.12,,,,,,,,,,,,,,,,,,,,,,,26.79,,,,,,,,,,,,,,,,,,,,,27.04,,,,,,,,,,,,,
,,,,,,,,,,,,,,,,,,,,,,,,23.80,,,,,,,,,,,,,,,,,,,,,,,,,,,,,,,,,,,,,,,,,24.15,,,24.25,23.95,,,,,,26.63,24.17,24.04,25.02,25.65,22.30,22.25,17.49,24.09,25.51,25.38,26.29,26.64,26.80,26.15,25.14,25.66,26.62,,,,,,,,,27.32,23.95,23.95,26.47,24.39,25.21,24.28,23.35,22.89,25.63,26.03,25.45,23.95,25.81,26.34,26.70,26.84,,,,,,,,,,,,,,,,,,,,,,,,,,,,,,,,,,,,,,,,,,,,,,25.04,26.50,28.26,29.31,29.60,28.61,28.71,28.85,28.86,28.49,28.47,28.51,28.46,28.66,28.82,28.87,28.86,29.23,28.72,28.07,28.16,28.38,28.50,28.62,28.51,26.52,26.28,26.86,26.76,26.47,26.10,26.11,26.53,26.83,26.90,27.52,27.38,26.93,26.51,25.74,24.31,24.27,24.54,24.55,24.52,25.62,26.68,27.70,28.44,28.80,29.05,29.13,28.23,26.32,28.25,28.87,,28.42,28.99,23.11,23.11,26.18,27.49,28.31,28.92,29.14,29.06,28.28,27.59,27.27,27.52,27.23,27.22,27.19,27.05,,,,,,,,,,,,,,,27.03,25.18,25.42,26.11,26.12,27.01,26.98,27.73,27.30,26.24,23.84,26.46,26.63,,,,,,,,,26.33,24.92,26.57,25.71,24.20,23.54,24.91,25.07,24.36,24.56,23.53,22.09,23.27,24.60,,24.69,23.93,24.72,,,,,,,,,,25.36,25.72,25.41,,,,,,,,,,,,,,,,,,,,,,,25.17,,,,,,,,,,,,,,,,,,,,,,,,,,,,,,,,,,
,,,,,,,,,,,,,,,,,,,,,,,,,,,,,,,,,,,,,,,,,,,,,,,,,,,,,,,,,,,,,,,,,,,,,,,,,,,,,27.10,25.37,23.54,23.52,21.79,17.81,19.34,24.75,25.35,25.09,24.49,25.85,26.22,25.08,25.78,26.64,,,,27.23,,,,,,25.86,25.21,,,,,26.29,,,,26.07,26.10,25.39,26.30,25.88,25.98,26.70,,,,,,,,,,,,,,,,,,,,,,,,,,,,,,,,,,,,21.42,21.97,,,,,,,,25.75,27.07,28.75,29.81,29.98,29.13,29.44,29.41,29.46,29.53,28.98,28.56,28.50,28.67,29.08,29.22,29.31,29.64,29.24,29.14,29.02,29.05,28.95,29.06,29.00,26.60,26.60,26.82,26.72,26.46,26.28,26.61,27.44,27.87,28.34,28.44,28.09,27.53,26.64,24.81,23.90,24.58,24.86,25.08,25.50,26.15,26.73,27.77,28.67,28.94,29.24,29.71,29.48,28.58,27.80,25.80,26.84,,27.19,26.56,22.20,25.18,27.37,28.30,28.43,28.63,27.92,26.42,25.16,25.04,25.19,25.03,26.25,26.84,,,,,,,,,,,,,,,,,25.18,25.07,26.72,26.85,26.45,26.51,27.87,27.76,26.89,26.48,27.66,,,,,,,,,,,25.99,26.91,26.82,25.80,23.92,26.41,25.89,24.97,26.15,25.87,25.44,23.62,24.10,25.44,,,,,,,,,,,,,24.49,24.60,24.58,,,,,,,,,,,,,,,,,,,,,,,26.29,,,,,,,,,,,,,,,,,,,,,,,,,,,,,,,,,,
,,,,,,,,,,26.61,,,,,,,,,,,,,,,,,,,,,,,,,,,,,,,,,,,,,,,,,,,,,,,,,,,,,,,,,,,,,,,,,,,,,27.00,26.62,26.00,22.26,20.14,24.76,25.48,24.02,20.90,22.42,25.93,24.55,25.01,,27.46,27.16,,,,,,,,,,,,,,,,,,,,,,,26.21,26.00,,,,,,,,,,,,,,,,,,,,,,,,,,,,,,,,,,,,23.22,22.72,,23.18,,,,,,26.25,28.05,29.26,30.14,30.35,29.59,29.40,29.66,29.62,29.79,29.14,29.09,28.68,28.39,29.05,29.59,29.71,29.91,29.76,29.81,29.63,29.37,28.92,28.42,28.37,27.66,26.90,26.94,26.95,26.84,27.01,27.18,27.69,28.17,28.59,28.65,28.20,28.12,27.66,25.20,24.43,24.80,24.66,24.71,25.11,26.29,27.06,27.47,28.65,29.09,29.23,29.63,29.85,29.27,27.70,23.31,24.58,23.87,25.74,26.58,24.01,23.56,26.76,27.87,27.42,27.37,26.47,25.42,25.45,24.72,23.77,26.74,,,,,,,,,,,,,,,,,,,25.97,24.58,25.51,26.61,27.42,27.11,28.38,28.41,28.05,27.83,,,,,,,,,,,,26.69,27.01,27.20,26.79,24.92,26.88,27.09,25.13,26.54,26.76,26.21,25.83,23.76,24.15,25.04,,,,26.88,,,,,,,27.04,23.77,24.44,24.76,,,,,,,,,,,,,,,,,,,,,,,26.51,27.93,,,,,,,,,,,,,,,,,,,,,,,,,,,,,,,,,
,,,,,,,,,,,,,,,,,,,,,,,,,,,,,,,,,,,,,,,,,,,,,,,,,,,,,,,,,,,,,,,,,,,,,,,,,,,,,,,,,,26.35,25.39,27.37,,26.58,22.85,17.00,21.45,24.42,24.52,24.84,23.87,24.58,26.23,26.14,,,,,,,,,,,,,,,,,,,,,,25.26,,,,,,,,,,,,,,,,,,,,,,,,,,,,,,,,,,,,,20.69,23.69,23.79,,,,,25.36,26.29,28.07,29.00,29.49,29.60,29.47,29.45,29.04,28.68,28.83,28.90,29.00,28.63,28.06,28.85,29.69,29.43,29.24,29.54,29.72,29.68,29.29,28.65,28.11,27.87,27.56,27.33,27.37,27.43,27.44,27.56,27.70,27.89,28.11,28.36,28.77,29.00,28.88,27.55,25.40,25.02,24.74,24.10,24.46,25.05,26.42,26.89,27.42,28.65,29.23,28.54,28.46,29.16,28.95,27.88,23.08,22.76,24.11,26.82,28.60,24.59,20.90,27.08,28.05,26.66,26.17,24.67,24.91,25.21,26.08,,,,,,,,,,,,,,,,,,,,,26.89,24.28,25.20,26.18,27.48,27.86,28.55,28.59,28.17,,,,,,,,,,,,,26.77,26.89,,26.57,24.89,26.51,27.95,26.91,27.15,27.16,26.91,26.64,24.18,21.69,25.12,26.16,,26.39,,,,,,,,27.13,26.53,25.31,26.82,,,,,,,,,,,,,,,,,,,,,,,27.42,,,,,,,,,,,,,,,,,,,,,,,,,,,,,,,,,,
,,,,,,,,,,,,,,,,,,,,,,,,,,,,,,,,,,,,,,,,,,,,,,,,,,,,,,,,,,,,,,,,,,,,,,,,,,,,,,,,,,,,,,,27.59,22.75,21.30,22.65,20.95,21.31,22.95,24.37,25.05,25.19,26.34,,28.01,,,,,,,,,,,,,,,,,,,25.54,26.44,,,,,,,,,,,,,,,,,,,,,,,,,,,,,,,,,,,,21.60,24.12,,,,,,25.13,27.03,27.68,27.88,27.97,28.53,29.25,28.54,28.03,27.88,27.65,28.35,28.19,27.66,27.16,28.46,29.05,28.89,28.94,29.29,29.35,29.12,28.96,28.61,28.00,27.69,27.52,27.37,27.51,27.93,28.01,28.19,28.37,28.57,28.52,28.91,29.41,29.66,29.22,26.79,25.13,25.06,23.97,24.40,25.42,25.71,26.56,27.01,27.89,28.86,29.14,28.40,27.37,27.29,28.36,26.47,22.40,20.02,26.67,27.55,29.43,26.62,19.47,22.53,24.99,25.49,25.19,26.82,27.30,,,,,,,,,,,,,,,,,,,,,,,,25.24,24.87,25.74,27.19,28.15,28.57,28.76,,,,,,,,,,,,,27.58,,,,26.66,25.73,27.20,27.81,26.17,26.51,27.04,26.66,26.64,26.01,23.80,22.72,26.20,,,,,,,,,,,26.64,25.92,26.73,26.90,26.50,,,,,,,,,,,,,,,,,,,,,27.16,,,,,,,,,,,,,,,,,,,,,,,27.73,27.86,,,,,,,,,,
,,,,,,,,,,,,,,,,,,,,,,,,,,,,,,,,,,,,,,,,,,,,,,,,,,,,,,,,,,,,,,,,,,,,,,,,,,,,,,,,,,,,,,,,27.32,27.18,24.48,24.89,25.94,22.61,23.35,25.39,25.58,,27.09,,,,,,,,,,,,,,,,,,,,25.78,26.30,26.55,,,,,,,,,,,,,,,,,,,,,,,,,,,,,,,,,,,,,,,,,,,26.77,27.24,27.37,27.45,28.20,28.38,28.00,27.51,27.23,27.09,27.76,27.28,27.37,27.69,28.00,28.24,28.43,28.56,29.03,29.21,28.89,28.66,28.33,27.80,27.15,27.23,27.66,27.61,27.88,28.43,27.97,27.71,28.88,28.66,28.94,29.45,29.80,29.22,27.34,25.71,24.59,23.38,25.89,26.36,26.77,26.90,26.82,27.64,28.44,29.04,28.69,27.63,26.82,27.43,23.69,20.87,20.46,28.46,28.17,29.77,27.58,23.79,25.66,28.10,28.79,28.36,,,,,,,,,,,,,,,,,,,,,,,,,,26.56,23.43,24.59,24.68,25.49,27.68,28.68,,,,,,,,,,,,26.95,27.02,26.23,,,26.76,25.76,26.64,28.07,27.50,27.32,27.44,26.97,26.70,26.67,25.81,24.26,26.21,,,,,,,,,,,26.32,26.62,26.90,26.41,26.19,,,,,,,,,,,,,,,,,,,,26.67,,,,,,,,,,,,,,,,,,,,,,,,,,,,,,,,,,,
,,,,,,,,,,,,,,,,,,,,,,,,,,,,,,,,,,,,,,,,,,,,,,,,,,,,,,,,,,,,,,,,,,,,,,,,,,,,,,,,,,,,,,,,,,,,27.55,26.27,24.58,24.95,25.49,26.14,27.14,,,,,,,,,29.17,28.77,27.98,27.79,27.99,,,,,,,26.88,,,,,,,,,,,,,,,,,,,,,,,,,,,,,,,,,,,,,,,,,,,,,26.17,26.59,26.54,27.27,27.46,27.59,27.04,27.00,26.95,27.37,27.46,27.43,27.44,28.31,27.99,28.10,28.26,28.26,28.45,28.81,28.84,28.43,27.90,27.12,26.19,26.54,27.15,27.19,27.55,28.13,28.18,28.00,28.91,28.97,28.90,29.11,29.22,28.73,27.53,26.43,24.19,24.32,26.71,27.20,27.61,27.37,26.66,27.31,27.80,28.24,28.41,28.39,27.82,25.07,19.26,20.89,20.02,27.51,28.73,28.36,29.82,29.16,28.90,,,,,,,25.18,24.76,24.71,,,,,,,,,,,,,,,,,,,,27.14,24.79,23.98,24.78,26.24,28.21,28.51,,,,,,,,,,,,26.66,27.10,,,,26.63,26.74,26.09,27.75,27.56,26.29,26.69,27.41,27.12,26.30,23.69,22.15,25.54,,,,,,,,,,27.18,27.31,26.47,26.77,27.24,26.39,26.00,,,,,,,,,,,,,,,,,,,,,,,,,,,,,,,,,,,,,,,,,,,,,,,,,,,,,,
,,,,,,,,,,,,,,,,,,,,,,,,,,,,,,,,,,,,,,,,,,,,,,,,,,,,,,,,,,,,,,,,,,,,,,,,,,,,,,,,,,,,,,,,,,,,,26.20,26.36,25.68,26.02,,,,,,,,,26.68,25.53,28.15,28.66,27.86,26.38,26.75,27.79,27.50,,27.03,26.79,,27.29,26.53,,,,,,,,,,,,,,,,,,,,,,,,,,,,,,,,,,,,,,,,,,,,26.23,26.83,27.13,26.67,24.23,24.78,26.14,26.61,27.04,27.12,27.26,27.13,27.56,27.83,27.73,27.74,28.23,28.46,28.41,28.02,28.36,28.34,27.14,26.04,25.24,25.74,26.32,26.48,26.85,27.10,27.48,27.85,28.27,28.59,28.62,28.14,28.04,27.76,27.27,26.60,26.00,26.61,27.25,27.41,28.24,27.98,27.09,26.60,27.49,28.00,28.04,28.10,26.24,21.68,18.25,17.94,17.17,26.29,28.15,27.88,29.60,,,,28.22,28.02,25.17,25.21,25.43,,,,,,,,,,,,,,,,,,,,,26.98,26.85,,26.31,22.83,26.36,27.32,28.50,,,,,,,,,,,,,26.60,26.76,,,,26.75,26.64,26.31,,,26.75,25.96,27.46,27.65,26.64,24.09,23.18,26.05,,,,,28.12,,,,,26.93,27.51,27.58,26.45,27.59,26.47,26.14,,,,,,,,,,,,,,,,,,,,,,,,,,,,,,,,,,,,,27.79,,,27.87,28.26,28.04,,27.70,,,,,,,,,,
,,,,,,,,,,,,,,,,,,,,,,,,,,,,,,,,,,,,,,,,,,,,,,,,,,,,,,,,,,,,,,,,,,,,,,28.55,,,,,,,,,,,,,,,,,,,,,,,,26.18,24.04,25.41,,,,,,,,27.59,27.69,21.42,24.40,27.64,24.46,24.02,24.79,22.71,24.17,26.80,24.96,24.64,26.05,26.19,26.47,,,,,,,,,,,,,,,,,,,,,,,,,,,,,,,,,,,,,,,,,,,,,27.68,28.75,27.40,25.43,24.53,25.48,26.01,26.31,26.55,26.97,26.93,27.16,27.27,27.66,28.08,28.02,28.29,27.12,26.94,27.01,27.73,26.88,26.24,25.15,24.28,25.16,26.23,26.84,26.33,25.54,27.35,28.03,28.14,28.18,27.89,27.59,27.43,27.24,26.82,26.61,26.80,27.11,27.49,28.15,28.32,28.19,27.63,27.71,28.26,28.19,25.77,23.84,20.42,17.70,18.57,16.26,24.87,27.04,26.37,27.30,28.26,27.40,25.75,20.63,22.75,25.37,25.76,26.36,,,,,,,,,,,,,,,,,,,,,27.39,27.02,,27.35,26.23,25.47,28.35,28.52,,,,,,,,,,,,,26.95,,,,,27.00,26.57,26.86,,,28.36,27.13,27.21,27.56,27.41,26.60,26.85,,,,,,28.28,,,,26.44,26.85,27.81,27.45,27.01,26.56,27.00,26.81,27.18,,,,,,,,,,,,,28.14,,,,,,,,,,,,,,,,,,,,,,,,,,27.90,27.84,,28.04,27.89,27.39,,,,,,,,,
,,,,,,,,,,,,,,,,,,,,,,,,,,,,,,,,,,,,,,,,,,,,,,,,,,,,,,,,,,,,,,,,,,,,,,,,,,,,,,,,,,,,,,,,,,,,,,26.20,24.53,19.94,23.59,25.98,26.35,26.00,25.96,26.40,27.32,27.51,27.88,26.42,27.43,28.15,22.35,24.60,26.31,26.19,25.90,26.34,25.80,26.20,26.65,26.42,26.31,,,,,,,,,,,,,,,,,,,,,,,,,,,,,,,,,,,,,,,,,,,,,,29.19,27.82,27.35,25.39,24.52,24.46,24.93,25.61,26.24,26.69,27.05,27.00,27.32,27.87,27.91,27.55,26.36,26.53,26.24,26.88,27.19,27.38,25.65,23.93,24.64,26.88,27.06,27.34,27.31,27.44,27.57,27.69,27.40,27.55,27.35,27.22,26.94,26.31,25.58,26.14,26.55,27.21,27.57,27.78,27.67,27.64,27.91,28.15,27.80,22.81,20.89,20.25,18.31,16.27,17.52,24.46,21.90,20.85,20.84,22.71,22.62,23.85,24.17,24.38,25.24,25.84,,,,,,,,,,,,,,,,,,,,,,,,,,26.97,26.32,29.21,28.53,27.86,,,,,,,,,,,,27.46,,,,,27.15,26.26,27.33,27.25,,27.47,27.29,27.08,27.46,27.68,,,,,,,,,,,26.96,26.55,,28.21,28.32,26.71,26.78,26.61,26.42,27.12,,,,,,,,,,,,27.41,28.62,27.42,,,,,,,,,,,,,,,,,,,,28.27,,,,,28.34,28.41,28.46,,28.17,27.60,,,,,,,,,
,,,,,,,,,,,,,,,,,,,,,,,,,,,,,,,,,,,,,,,,,,,,,,,,,,,,,,,,,,,,,,,,,,,,,,,,,,,,,,,,,,,,,,,,,,,,,,,,25.45,23.92,24.35,25.96,26.78,26.25,25.59,26.67,27.58,27.11,24.54,26.33,20.25,23.34,27.68,27.45,27.53,27.18,27.02,27.03,27.02,26.10,25.94,26.21,26.33,,,,,,,,,,,,,,,,,,,,,,,,,,,,,,,,,,,,,,,,,,,,,,26.51,26.54,25.63,25.10,23.78,23.85,25.10,25.84,26.32,26.79,26.65,27.08,27.67,27.71,26.89,26.57,26.76,25.97,25.89,26.45,27.19,26.99,27.24,27.64,27.59,25.82,26.14,26.11,26.52,26.53,26.94,26.99,26.72,26.38,26.19,25.39,24.45,24.36,24.54,25.69,26.52,27.13,27.66,27.56,27.43,27.91,27.88,27.46,24.74,20.01,19.60,18.99,16.67,18.94,20.74,22.06,22.92,23.24,23.81,24.71,24.88,25.24,25.64,25.35,25.91,,,,,,,,,,,,,,,,,,,,,,,27.29,,,27.39,27.56,29.20,27.73,27.40,28.05,,,,,,,,,,,27.61,27.28,,,,27.84,26.91,26.82,27.65,,,,26.95,27.07,26.77,,,,,,,,,,27.26,26.77,27.35,,,,26.92,26.71,25.45,25.38,26.61,,,,,,,,27.14,,,,,,28.22,,,,27.95,,,28.98,,28.29,28.99,28.55,28.49,,28.52,,,,,,,,,,,28.86,28.89,28.35,28.69,,27.38,27.47,,,,,,,,
,,,,,,,,,,,,,,,,,,,,,,,,,,,,,,,,,,,,,,,,,,,,,,,,,,,,,,,,,,,,,,,,,,,,,,,,,,,,,,,,,,,,,,,,,,,,,,,,,26.45,25.97,26.01,27.07,25.06,25.82,25.21,23.92,25.65,25.13,17.18,25.36,27.41,27.42,27.43,27.49,27.44,27.37,27.21,26.65,25.75,25.59,25.76,26.23,26.80,,,,,,,,,,,,,,,,,,,,,,,,,,,,,,,,,,,,,,,,,,,,,26.92,26.54,26.40,25.86,25.26,24.47,24.56,25.70,26.10,26.64,26.44,26.14,26.10,27.16,26.26,27.03,27.19,26.58,25.78,24.90,26.13,26.24,27.09,27.16,26.27,24.47,23.16,22.89,23.07,24.83,26.05,25.95,25.21,24.79,25.25,24.47,24.31,24.45,24.79,25.00,25.95,26.76,27.30,27.64,27.52,27.85,27.97,27.14,25.29,19.15,18.53,19.00,17.81,14.20,19.06,23.90,26.23,25.45,24.79,25.87,26.30,26.28,25.73,25.80,,,,,,,,,,,,,,,,,,,,,,,28.22,,,,,,,27.50,25.88,27.27,,,,,,,,,,,,26.84,,,,,27.69,27.06,27.27,,,,,,,,,,,,,,,,27.26,27.25,27.42,,,25.46,26.68,26.75,25.68,25.56,24.72,,,,,,,,26.33,,,,,,,,,27.65,28.36,28.94,28.68,28.95,,28.08,,27.86,,,,28.63,,27.98,27.23,,,,,,,,,,28.13,,,26.88,,,,,,,,
,,,,,,,,,,,,,,,,,27.39,,,,,,,,,,,,,,,,,,,,,,,,,,,,,,,,,,,,,,,,,,,,,,,,,,,,,,,,,,,,,,,,,,,,,,,,,,,,,,,,,,,,,26.09,23.54,18.68,26.09,22.31,13.03,25.65,27.03,27.30,27.63,27.72,25.73,25.50,26.33,25.88,25.32,25.50,24.93,25.99,26.43,27.09,27.24,,,,,,,,,,,,,,,,,,,,,,,,,,,,,,,,,,,,,,,,,,,,,25.97,26.04,25.52,25.52,25.60,25.78,26.02,26.67,26.46,26.27,25.76,25.93,26.88,26.89,27.21,26.86,26.48,26.03,26.41,26.66,26.92,25.34,22.85,22.74,23.03,22.78,22.63,22.82,24.56,25.21,24.78,23.79,24.31,24.45,24.40,24.43,24.87,25.05,25.60,26.33,26.56,27.19,27.53,27.67,27.75,26.99,24.79,21.21,20.33,20.82,17.03,16.54,21.54,25.16,27.85,27.64,26.46,26.71,27.34,27.35,26.97,26.67,,,,,,,,,,,,,,,,,,,,,,,28.05,28.08,,,,,,27.19,25.20,26.79,,,,,,,,,,,,26.83,,,,,,26.54,26.83,26.56,27.02,,,,,,,,,,,,,27.44,25.93,26.88,27.88,,27.04,27.12,27.07,26.61,25.78,25.70,25.98,,,,,,,,26.13,,,,,,,,,,,,,,,28.21,,28.97,28.55,,,,,27.71,26.97,28.24,27.99,,,,,,,,,27.79,,27.00,26.80,,,,,,,
,,,,,,,,,,,,,,,,,27.09,,,,,,,,,,,,,,,,,,,,,,,,,,,,,,,,,,,,,,,,,,,,,,,,,,,,,,,,,,,,,,,,,,,,,,,,,,,24.48,,,,,,,,,,25.61,24.01,18.14,23.80,14.22,19.91,26.63,26.99,27.37,27.81,26.72,25.00,24.41,25.72,25.33,24.09,21.89,22.44,25.07,26.43,26.88,26.98,26.80,26.45,25.98,25.79,,,,,,,,,,,,,,,,,,,,,,,,,,,,,,,,,,,,,,,,,,25.82,25.54,25.29,25.67,25.88,25.90,26.42,26.40,26.53,26.23,26.48,27.47,27.03,,,26.50,26.42,26.46,26.46,26.10,24.97,22.67,23.89,23.65,23.50,23.15,24.14,23.86,24.29,24.94,24.71,24.55,24.80,24.50,24.53,24.79,25.02,25.08,25.33,25.52,25.91,26.68,27.44,27.70,27.10,25.63,24.57,22.69,21.67,19.94,20.76,22.97,26.71,27.46,28.17,28.30,27.49,27.87,27.46,26.66,,,,,,,,,,,,,,,,,,,,,,,,28.58,28.44,,,,,,,26.83,,,,,,,,,,,,,,,25.50,25.73,26.71,,,26.59,24.33,25.89,26.45,,,,,,,,,,,27.28,26.73,24.01,26.25,26.74,27.04,27.00,26.83,,,25.93,25.84,27.99,,,,,,27.05,,,,,,,,,,,,,,,,,,,,,28.30,,,,28.34,,,,,27.11,27.32,,,,,27.65,,,,27.00,,,,,,,
,,,,,,,,,,,,,,,,,,,26.71,,,,,,,,,,,,,,,,,,,,,,,,,,,,,,,,,,,,,,,,,,,,,,,,,,,,,,,,,,,,,,,,,,,,,,,,,,,,,,,25.81,,,,25.79,22.88,17.01,19.41,19.71,26.54,26.72,26.79,26.94,27.23,26.78,26.30,25.18,23.77,24.74,24.70,23.57,24.19,24.93,26.49,26.41,26.26,26.37,25.98,25.44,25.56,26.00,,,,,,,,,,,,,,,,,,,,,,,,,,,,,,,,,,,,,,,,,,25.44,25.03,25.39,25.95,25.81,,,26.37,26.24,,,,,,,26.32,26.48,26.54,26.09,24.98,24.83,24.64,23.85,23.57,23.94,24.28,24.15,24.17,25.08,24.59,24.74,24.68,24.87,24.68,24.44,24.11,24.17,24.22,24.46,24.53,25.07,26.58,26.55,25.19,26.56,27.32,27.01,23.27,20.66,22.66,23.70,27.33,29.29,27.48,27.34,28.07,28.16,27.01,26.87,,,,,,,,,,,,,,,,,,,,,,,,28.77,28.74,,,,,,,,,,,,,,,,,,,,,,25.85,22.59,23.46,26.37,,26.73,24.42,24.78,26.20,,,,27.35,27.03,,,,,27.05,26.82,23.37,24.00,25.62,26.72,27.02,27.05,,,,,27.18,26.19,26.68,,,,,27.04,,,,,,,,,,,,,,,,,,,,,,,,,,,,,,,,,,,,28.11,,,,,,,,,,,
,,,,,,,,,,,,,,,,,,,,26.54,,,,,,,,,,,,,,,,,,,,,,,,,,,,,,,,,,,,,,,,,,,,,,,,,,,,,,,,,,,,,,,,,,,,,,,,,,,,,,,,,,25.88,19.51,19.95,18.28,25.57,26.91,26.71,26.44,26.44,26.64,27.06,26.95,25.29,23.78,24.75,25.29,26.70,27.48,26.81,26.50,26.01,25.63,25.97,25.65,25.26,25.51,26.04,,,,,,,,,,,,,,,,,,,,,,,,,,,,,,,,,,,,,,,,,,,,,,,,,,,,,,,,,,,,23.17,26.18,25.49,23.49,23.70,23.44,23.77,23.98,23.99,23.96,24.57,24.84,24.62,24.43,24.70,24.99,24.25,23.12,23.22,23.86,24.65,24.25,23.92,25.46,24.38,23.25,24.11,28.32,27.93,26.02,24.28,24.16,25.45,27.53,29.32,26.89,26.98,28.19,27.65,27.76,,,,,,,,,,,,,,,,,,,,,,,,,28.83,28.88,,,,,,,,,,,,,,,,,,,,,,27.62,25.91,20.52,24.60,26.29,27.12,25.90,25.88,26.50,,27.28,27.25,27.18,27.02,,,,26.85,26.79,25.72,22.15,25.61,27.12,,,,,,,,26.16,26.26,,,,,,,,,,,,,,,,,,,,,,,,,,,,28.04,,,,,,,,,,,,,,,,,,26.75,26.66,,,,,,
,,,,,,,,,,,,,,,,,,,,,,27.24,,,,,,,,,,,,,,,,,,,,,,,,,,,,,,,,,,,,,,,,,,,,,,,,,,,,,,,,,,,,,,,,,,,,,,,,,,,,,,,26.03,23.46,15.23,19.08,23.40,26.19,27.38,26.81,26.30,26.05,26.18,26.42,26.73,26.65,25.13,24.21,26.04,26.93,27.35,27.09,26.15,25.97,25.73,25.29,25.41,25.40,25.65,25.98,26.77,,,,,,,,,,,,,,,,,,,,,,,,,,,,,,,,,,,,,,,,,,,,,,,,,,,,,,,,,,,,25.57,24.20,23.79,23.67,23.67,23.81,24.44,24.60,24.70,24.83,24.88,24.77,24.64,24.91,24.92,24.37,23.46,23.30,23.64,23.99,22.69,21.01,24.26,23.43,23.60,22.74,26.08,26.24,25.99,25.99,26.64,26.89,27.29,27.81,27.32,27.82,27.42,27.65,,,,,,,,,,,,,,,,,,,,,,,,,,28.82,28.74,,,,,,,,,,,,,,,,,,,,,,26.83,26.86,26.21,21.82,24.20,26.50,26.66,26.52,26.26,25.81,27.05,27.55,27.15,27.69,26.74,,26.50,26.28,25.84,23.53,22.67,24.98,27.32,27.52,,,,,,,26.33,,25.80,25.59,,,,,,,,,,,,,,,,,,,,,,,,,,,,,,,,,,,,,,,,,,,,,26.92,,,,,,
,,,,,,,,,,,,,,,,,,,,,,26.23,,,,,,,,,,,,,,,,,,,,,,,,,,,,,,,,,,,,,,,,,,,,,,,,,,,,,,,,,,,,,,,,,24.95,24.70,,,,,,,,,,,,25.73,24.73,18.63,17.27,23.87,25.39,25.97,26.51,26.30,25.89,25.68,25.91,26.30,26.72,25.15,25.02,26.16,26.52,26.90,27.05,26.24,25.65,25.80,25.71,25.45,25.25,25.25,25.66,26.06,26.91,26.91,,,,,,,,,,,,,,,,,,,,,,,,,,,,,,,,,,,,,,,,,,,,,,,,,,,,,,,,,25.02,,25.29,23.05,23.35,23.83,23.85,23.86,24.52,24.98,25.11,25.17,25.12,25.06,24.96,24.98,25.29,24.45,24.17,24.15,24.45,23.98,22.65,22.32,23.44,23.10,23.85,20.66,20.87,22.50,23.50,26.64,27.86,28.31,28.28,27.78,26.76,26.53,26.58,,,,,,,,,,,,,,,,,,,,,,,,,,,,28.63,,,,,,,,,,,,,,,,,,,,,,,,26.39,25.55,24.22,26.34,26.47,26.50,26.33,26.62,,,27.48,27.10,26.78,26.28,26.25,25.39,24.65,23.34,23.11,24.65,26.66,26.85,,25.98,25.65,26.59,,25.03,25.49,26.07,25.83,25.75,,,27.16,,,,,,,,,,,,,,,,,,,,,,,28.10,,,,,,,,,,,,,,,,,,27.38,26.96,,,,,,
,,,27.74,,,,,,,,,,,,,,,,,,,,,,,,,,,,,,,,,,,,,,,,,,,,,,,,,,,,,,,,,,,,,,,,,,,,,,,,,,,,,,,,,,,,,23.07,24.23,24.28,,,,,,,,,25.05,24.63,17.41,15.39,24.60,25.32,25.57,25.81,26.12,26.05,25.61,25.59,25.67,26.14,26.30,25.51,26.63,26.48,26.79,26.97,26.87,26.54,26.14,25.99,25.96,25.26,25.00,25.35,25.48,26.41,26.96,27.14,,,,,,,,,,,,,,,,,,,,,,,,,,,,,,,,,,,,,,,,,,,,,,,,,,,,,,,,23.45,,,26.05,24.35,24.26,24.10,23.68,24.02,24.72,25.05,25.08,25.10,25.33,25.46,25.03,24.89,25.19,24.84,24.54,24.03,23.90,23.26,21.05,20.99,21.58,21.86,22.45,20.70,18.56,18.64,20.93,25.24,27.80,28.52,28.44,27.41,26.24,,,,,,,,,,,,,,,,,,,,,,,,,,,,,28.72,28.63,,,,,,,,,,,,,,,,,,,,,,,,25.95,26.25,24.01,24.82,26.41,26.51,26.56,26.69,,28.23,27.22,27.08,26.37,26.42,26.85,26.39,24.46,24.84,25.92,27.41,27.55,27.21,27.02,25.15,25.38,26.01,24.89,24.86,,26.67,25.97,26.09,27.06,27.15,27.99,,,27.50,,,,,,,,,,,,,,,,,,,,,,,,,,,,,,,,,,,,,,27.13,27.11,,,,,,
,,,,,,,,,,,,,,,,,,,27.98,,,,,,,,,,,,,,,,,,,,,,,,,,,,,,,,,,,,,,,,,,,,,,,,,,,,,,,,,,,,,,,,,,,,,23.31,23.84,23.54,,,,,,,,,24.75,23.48,10.86,20.22,24.97,25.41,25.74,25.89,25.99,26.00,25.89,25.60,25.58,25.84,26.22,26.51,26.51,26.40,26.39,26.60,26.60,26.43,26.34,26.38,26.33,25.32,24.93,25.51,25.87,26.48,26.63,26.89,27.15,26.44,26.43,,,,,,,,,,,,,,,,,,,,,,,,,,,,,,,,,,,,,,,,,,,,,,,,,,,,,23.74,,25.77,25.84,25.76,24.77,24.84,24.25,24.49,25.04,25.20,25.18,25.08,25.63,25.68,25.04,24.91,25.35,25.00,24.59,23.97,22.81,21.00,20.39,20.46,20.91,21.80,22.37,21.50,16.47,14.85,19.13,24.44,27.69,27.83,27.45,26.86,,,,,,,,,,,,,,,,,,,,,,,,,,,,,,,28.00,,,,,,,,,,,,,,,,,,,,,,,,,26.09,26.15,23.35,25.51,26.40,26.77,26.90,27.19,,,,26.80,26.57,26.37,25.97,25.78,26.65,27.36,27.66,27.98,,25.90,26.16,26.88,26.39,26.46,,,,26.21,26.78,27.17,26.73,26.50,23.36,23.51,25.58,25.20,25.50,,,,,,,,,27.23,,,,,,,,,,,,,,,,,,,,,26.91,,,26.73,,,,,27.28,,,,,
,,,,,,,,,,,,,,,,,,,,,,,,,,,,,,,,,,,,,,,,,,,,,,,,,,,,,,,,,,,,,,,,,,,,,,,,,,,,,,,,,,,,,,,,23.72,23.44,23.49,,,,,,,,23.95,23.79,22.88,11.40,23.41,25.10,25.49,25.76,25.95,26.09,26.16,26.10,25.90,25.80,25.98,26.29,26.47,26.41,26.25,26.26,26.46,26.48,26.54,26.59,26.67,26.84,26.53,25.82,26.11,26.37,26.21,26.14,26.45,26.44,26.17,26.17,26.43,26.63,,,,,,,,,,,,,,,,,,,,,,,,,,,,,,,,,,,,,,,,,,,,,,,,,,18.96,,,25.54,25.62,25.60,23.68,23.35,24.29,24.64,25.26,25.55,25.27,25.40,25.26,24.91,24.72,24.65,24.48,24.33,24.38,23.79,22.47,19.25,17.48,19.89,20.81,22.03,22.70,21.04,18.26,20.64,20.76,24.60,26.98,27.34,27.04,26.86,,,,,,,,,,,,,,,,,,,,,,,,,,,,,,,,,,,,,,,,,,,,,,,,,,,,,,,,25.61,25.74,23.18,22.99,26.05,26.67,26.83,26.88,26.93,,26.30,27.38,26.87,26.17,26.73,27.11,27.33,26.76,27.16,27.59,,24.17,21.86,23.84,25.43,27.11,26.50,27.11,26.54,25.99,26.99,27.08,27.25,27.11,25.55,22.27,24.89,25.82,25.99,26.88,26.83,27.26,,,26.86,27.01,27.27,27.81,27.02,27.22,,26.03,26.19,,,,,,,,,,,,,,,,,,,,,,,,27.59,27.80,27.88,,,
,,,,,,,,28.14,,,,,,,,,,,,,,,,,,,,,,,,,,,,,,,,,,,,,,,,,,,,,,,,,,,,,,,,,,,,,,,,,,,,,,,,,,,,,,,,,,,,,,,,,,23.57,24.37,21.04,14.31,24.34,25.55,25.76,25.88,26.06,26.17,26.26,26.37,26.18,25.92,26.10,26.46,26.64,26.55,26.39,26.36,26.45,26.51,26.54,26.82,27.04,26.98,26.57,26.09,25.85,26.12,26.11,26.10,26.40,26.28,26.08,25.97,26.40,26.75,27.09,27.41,27.67,27.72,27.43,,,,,,,,,,,,,,,,,,,,,,,,,,,,,,,,,,,,,,,,,,,,,,,,,25.25,25.11,24.76,23.10,23.25,23.81,24.78,25.50,25.62,25.40,25.17,24.76,24.46,24.17,24.09,24.09,24.34,23.92,23.00,19.03,18.72,20.14,21.44,22.38,22.61,21.06,19.65,21.48,21.10,24.51,26.13,26.87,27.16,,,,,,,,,,,,,,,,,,,,,,,,,,,,,,,,,,,,,,,,,,,,,,,,,,,,,,,,,,25.76,25.88,23.06,24.90,26.50,26.89,26.77,26.71,26.61,26.89,,27.17,26.96,27.08,27.18,27.43,26.58,27.30,,25.50,21.23,22.97,24.85,26.20,27.80,27.40,26.71,26.50,26.49,25.33,26.41,27.15,27.06,26.33,26.59,25.93,27.02,26.35,25.90,25.75,26.32,25.96,25.97,26.58,,,,27.06,26.98,26.79,26.05,25.49,26.15,26.88,,,,,,,,,,,,,,,,,,,,,,,28.17,28.23,,,
,,,,,28.40,,,28.22,28.42,,,,,,,,,,,,,,,,29.37,,,,,,,,,,,,,,,,,,,,,,,,,,,,,,,,,,,,,,,,,,,,,,,,,,,,,,,,,,,,,,,,,,,,,,,,,,24.76,18.04,19.71,26.09,26.39,26.05,26.05,26.15,26.17,26.31,26.54,26.56,26.00,26.16,26.39,26.55,26.67,26.55,26.55,26.69,26.80,26.94,27.06,27.02,26.66,26.21,25.57,25.38,25.51,25.53,26.01,26.53,26.26,25.95,25.94,26.66,27.16,26.99,27.09,26.11,26.51,26.42,26.24,,,,,,26.72,,,,,,,,,,,,,,,,,,,,,,,,,,,,,,,,,,,,,,,,,,,25.05,24.76,25.02,23.51,23.96,24.42,25.24,25.76,25.26,24.93,24.83,24.75,24.37,24.13,24.40,24.86,24.28,23.30,18.27,19.69,19.94,21.89,22.79,23.45,21.96,19.52,20.77,21.18,23.32,25.05,25.09,,,,,,,,,,,,,,,27.54,,,,,,,,,,,,,,,,,,,,,,,,,,,,,,,,,,,,,,,,,,,,,26.17,26.09,23.73,25.75,26.76,26.74,26.73,26.76,26.88,,27.14,26.95,27.15,27.20,27.31,26.74,27.15,,25.38,24.08,24.93,23.47,26.54,27.22,,27.29,24.99,26.11,25.18,24.11,26.63,27.38,25.64,26.36,25.11,23.94,19.62,20.15,20.50,24.96,25.54,25.63,25.68,26.12,26.56,,,,,,,24.97,25.68,26.88,27.99,,,,,,,,,,,,,,,,,,,,,,,,,
,,,,,28.23,,28.33,28.37,,,,,,,,,,,,,,,,,29.40,,,,,,,,,,,,,,,,,,,,,,,,,,,,,,,,,,,,,,,,,,,,,,,,,,,,,,,,,,,,,,,,,,,,,,,,,23.03,23.45,18.33,22.24,26.44,26.92,26.66,26.58,26.29,26.05,26.17,26.35,26.28,26.01,26.12,26.30,26.44,26.51,26.54,26.69,26.86,26.97,27.00,26.98,26.80,26.59,25.94,25.28,25.18,24.88,24.90,25.63,26.50,26.03,25.57,25.50,26.35,27.24,27.01,27.01,25.58,24.92,25.28,26.30,26.94,26.66,,,,,,,,,,,,,,,,,,,,,,,,,,,,,,,,,,,,,,,,,,,,,,,,25.38,24.58,24.49,24.32,24.47,24.80,25.12,24.72,24.72,24.82,24.68,24.47,24.40,24.70,24.93,24.85,23.82,21.92,22.27,21.35,22.61,23.15,23.30,21.60,19.61,21.11,21.73,22.91,25.69,,,,,,,,,,,,,,,,26.74,,,,,,,,,,,,,,,,,,,,,,,,,,,,,,,,,,,,,,,,,,,,,,26.71,25.69,22.59,25.68,26.82,,,,,,,,,27.25,26.87,27.81,,,25.91,26.69,26.63,27.00,26.84,,,,,,26.46,26.94,27.17,24.83,26.08,26.61,23.74,23.82,21.78,20.53,19.66,20.25,24.17,25.26,25.88,25.99,24.82,25.38,,,26.28,,25.23,24.94,26.16,27.24,27.63,28.65,,,27.30,,,,,,,,,,,,,,,,,,,,
,,,,,,,,,,,,,,,,,,,,,,,,28.89,,,,,,,,,,,,,,,,,,,,,,,,,,,,,,,,,,,,,,,,,,,,,,,,,,,,,,,,,,,,,,,,,,,,,,,,,,22.17,23.09,18.43,20.80,21.60,25.99,26.92,26.76,26.19,25.86,25.84,25.93,25.90,25.88,26.02,26.14,26.30,26.44,26.54,26.68,27.00,27.07,26.98,26.78,26.65,26.46,25.78,25.44,25.11,24.82,24.89,25.32,26.25,26.24,25.57,25.18,25.72,26.30,26.53,26.69,25.58,24.84,26.10,27.14,26.97,26.24,25.58,,,,,,,,,,,,,,,,,,,,,,,,,,,,,,,,,,,,,,,,,,,,,,,25.01,25.08,24.58,24.36,23.35,23.93,23.73,23.46,23.79,24.54,24.49,24.36,24.52,24.30,24.48,24.08,23.50,22.37,22.79,21.75,23.44,23.54,22.75,21.53,22.15,20.69,21.21,24.59,26.03,,,,,,,,,,,,,,27.11,,,,,,,,,,,,,,,,,,27.92,27.52,,,,,,,,,,,,,,,,,,,,,,,,,,,,,,26.03,24.96,24.38,25.93,26.71,26.32,26.67,,26.84,,26.86,,27.32,,,27.10,27.08,25.69,26.28,26.67,26.97,27.56,27.76,,,27.53,,,28.00,27.27,27.20,26.19,27.06,,,26.69,26.93,26.91,25.97,22.68,19.16,14.84,19.57,23.04,21.98,25.62,25.55,25.39,25.10,23.73,24.34,,26.10,25.62,,,,27.71,,,,,,,,,,,,,,,,,28.00,,,
,,,,,,,,,,,,,,,,,,,,,,,,,,,,,,,,,,,,,,,,,,,,,,,,,,,,,,,,,,,,,,,,,,,,,,,,,,,,,,,,,,,,,,,,,,,,,,,,,,21.26,22.10,19.86,15.04,16.81,24.60,26.59,26.58,25.85,25.46,25.40,25.54,25.67,25.68,25.79,25.99,26.20,26.32,26.28,26.46,26.71,26.78,26.62,26.53,26.51,26.01,25.82,25.60,25.13,24.84,24.79,24.72,25.75,25.79,25.13,24.76,24.93,25.55,26.11,26.27,25.25,24.66,25.73,26.04,26.35,24.42,24.69,25.87,,,,,,,,,,,,,,,,,,,,,,,,,,,,,,,,,,,,,,,,,,,,,,,25.50,24.62,23.46,22.48,23.15,22.48,22.04,23.28,24.39,24.08,23.59,24.32,23.86,23.21,23.86,23.93,22.32,22.38,23.75,23.90,23.51,22.24,21.76,22.94,21.65,24.10,25.96,26.05,,,,,,,,,,,,,,27.58,,,,,,,,,,,,,,,,,,28.33,,,,,,,,,,,,,,,,,,,,,,,,,,,,,,,,,,25.45,24.35,24.50,26.36,26.70,26.50,26.70,27.08,26.60,26.75,26.63,26.78,,27.15,27.36,26.96,27.46,27.94,,27.76,,27.13,,,26.52,26.40,27.14,27.18,,27.12,,,,26.98,26.97,26.90,26.84,24.90,20.46,20.14,18.55,21.63,21.87,26.42,25.85,25.49,26.16,,,26.35,26.09,26.51,26.86,,,,,,,,,,,,,,,,,,,27.43,27.75,,
,,,,,,,,,,,,,,,,,,,,,,,,,,,,,,,,,,,,,,,26.09,,,,,,,,,,,,,,,,,,,,,,,,,,,,,,,,,,,,,,,,,,,,,,,,,,,,,,,,,,,,,20.74,14.22,15.22,24.53,26.42,26.14,25.38,25.12,25.00,25.05,25.18,25.22,25.51,25.85,26.10,26.12,25.96,25.97,26.12,26.20,26.05,26.26,26.02,25.84,26.01,25.76,25.36,24.93,24.83,24.93,25.87,25.63,25.70,25.07,25.47,25.62,26.21,26.46,26.43,24.40,23.51,24.15,23.36,22.93,23.93,25.27,,,,,,,,,,,,,,,,,,,,20.03,,,,,,,,,,,,,,,,,,,,,,,,,,,26.07,25.46,24.12,21.40,23.37,23.41,21.86,22.33,23.79,23.89,23.15,23.06,22.93,23.08,23.85,24.22,22.97,20.21,24.95,22.04,22.18,20.83,21.63,21.69,21.75,25.00,26.22,26.26,,,,,,,,,,,,,27.01,,,,26.85,,,,,,,,,,,,,,,,27.37,,,,,,,,,,,,,,,,,,,,,,,,,,,,,,,,,25.76,24.14,21.59,24.87,24.38,24.83,25.36,25.39,25.43,26.00,26.66,,27.25,27.52,,26.70,27.40,,26.81,,25.73,25.07,26.36,26.21,26.20,27.19,27.13,,,27.23,,,26.98,27.16,26.96,26.77,26.80,26.34,25.77,25.48,24.36,20.87,24.05,,,,,,,,26.85,26.35,26.55,26.89,26.48,27.05,,,,,,,,,,,,,,,,,27.59,27.29,
,,,,,,,28.75,,,,,,,,,,,,,,27.34,27.57,,,,,,,,,,,,,,,,,25.33,26.13,,,,,,,,,,,,,,,,,,,,,,,,,,,,,,,,,,,,,,,,,,,,,,,,,,,,,,,,,,,,20.08,16.93,10.63,20.13,25.66,26.29,25.55,25.11,24.76,24.77,24.71,24.79,25.33,25.76,26.03,25.94,25.65,25.47,25.62,25.74,25.84,25.86,26.11,25.70,25.84,25.89,25.67,25.34,24.96,25.52,25.94,25.47,25.40,24.68,25.03,25.31,25.57,26.35,26.07,24.68,24.61,23.92,22.80,21.66,23.17,25.04,,,,,,,,,,,,,,,,,,,,,,,,,,,,,,,,,,,,,,,,,,,,,,,,25.71,24.11,21.62,22.47,23.33,21.97,21.84,23.09,23.29,22.76,22.49,22.60,23.31,24.31,21.36,23.32,23.50,24.85,20.56,22.79,20.46,20.90,19.07,24.16,24.93,25.02,26.25,,,,,,,,,,,,,,,,,,,,,,,,,,,,,,,,,,,,,,,,,,,,,,,,,,,,,,,,,,,,,,,,,,,,,,,25.57,24.59,23.78,24.38,24.66,24.97,25.32,25.29,25.65,26.15,24.51,25.35,26.35,26.53,25.52,24.24,25.39,26.17,27.27,26.77,27.47,27.45,,,,,,27.12,27.00,27.06,26.91,26.80,26.58,26.44,,26.09,24.74,20.64,26.04,26.65,27.13,26.50,26.56,,,,26.50,26.39,26.71,26.38,26.27,25.73,,,,,,,,,,,,,,,,,27.20,27.85
,,,,,,,,28.31,,,,,,,,,,28.19,,,27.38,27.31,,,,,,,27.59,,,,,,,,,,25.59,25.01,26.07,,,,,,,,,,,,,,,,,,,,,,,,,,,,,,,,,,,,,,,,,,,,,,,,,,,,,,,,,,,,19.99,8.06,13.21,23.66,25.62,25.73,25.19,24.85,24.74,24.63,24.73,25.33,25.91,26.16,25.95,25.47,25.07,25.05,25.30,25.60,25.58,25.90,26.47,26.28,25.81,25.83,25.72,25.48,25.97,25.69,24.89,25.22,24.68,24.83,25.19,25.07,26.23,25.64,24.80,23.63,23.64,24.43,23.52,24.30,,,,,,,,,,,,,,,,,,,,,,,,,,,,,,,,,,,,,,,,,,,,,,,,25.01,24.54,24.11,22.15,21.31,22.54,22.05,21.56,22.45,22.59,22.46,22.29,22.44,23.42,21.90,21.07,22.94,22.11,21.24,20.83,21.59,19.95,17.56,19.90,22.54,23.87,24.82,25.56,,,,,,,26.52,26.74,,,26.51,26.72,,,,,,,,,,,,,,,,,,,,,,,,,,,,,,,,,,,,,,,,,,,,,,,,,,,,,,,,,,,,,,,,,25.74,25.50,26.68,25.50,26.11,,,25.51,24.60,25.01,26.20,,,,,,,,,,,,,,26.66,26.89,26.75,27.05,26.24,,26.68,23.65,23.03,23.82,25.25,26.16,26.73,27.32,,,,,26.50,25.71,25.52,26.02,,,,,,27.62,,,,,,,,,,,,27.52
,,,,,,,,,,,,,,27.54,,,,28.06,28.31,,,,,,,,,,27.48,,,,,,,,,,,25.58,,,,,,,,,,,,,,,,,,,,,,,,,,,,,,,,,,,,,,,,,,,,,,,,,,,,,,,,,,,,,19.91,13.91,6.18,16.71,23.12,25.45,25.10,24.84,24.69,24.74,25.09,25.65,26.41,26.67,25.90,25.01,24.76,24.55,24.84,24.84,25.23,25.30,25.82,26.19,25.76,25.66,25.98,26.40,26.44,25.57,24.52,24.78,24.19,23.64,24.40,24.60,25.66,23.35,22.89,23.46,23.19,24.15,25.09,,,,,,,,,,,,,,,,,,,,,,,,,,,,,,,,,,,,,,,,,,,,,,,,,,24.51,22.29,20.58,21.06,21.19,20.96,20.77,21.52,21.91,22.36,21.62,21.06,20.11,20.53,20.96,21.53,20.78,20.75,20.61,21.41,19.57,22.38,21.45,22.51,23.70,25.06,24.38,25.41,,,,,,,26.55,,,,26.30,,,,,26.19,,,,,,,,,,,,,,,,,,,,,,,,,,,,,,,,,,,,,,,,,,,,,,,,,23.58,,,,,,,,,,,,,,26.14,25.89,27.80,27.52,26.71,26.01,,,,,,,,27.40,27.72,,,,,,,,27.92,26.90,27.66,,,,26.00,25.42,24.17,25.39,26.32,26.37,27.02,,,,,,,,25.68,25.82,,,27.24,27.22,,,,,,,,,,,,,27.13
,,,,,,,,27.62,,,,,,27.56,,,,,,,,,,,,,,27.67,,,,,,,,,,,,,,,,,,,,,,,,,,,,,,,,,,,,,,,,,,,,,,,,,,,,,,,,,,,,,,,,,,,,,,,,,,17.93,7.17,9.78,18.88,22.97,24.84,24.69,24.57,24.71,25.35,25.94,26.65,26.80,26.16,25.18,24.68,24.58,24.30,24.30,24.84,25.06,24.87,25.13,25.15,25.23,25.68,26.67,26.84,25.86,25.25,24.77,23.83,23.47,24.42,25.03,23.08,21.62,22.42,23.66,23.59,24.58,,,,,,,,,,,,,,,,,,,,,,,,,,,,,,,,,,,,,,,,,,,,,,,,,,,23.95,20.89,19.80,19.71,20.51,20.16,20.13,20.85,21.54,21.06,20.24,19.22,18.92,19.16,20.27,20.65,20.79,20.73,19.53,22.60,20.10,22.62,22.14,24.02,25.22,26.07,24.39,25.35,,,23.78,,,,26.75,,25.79,,,,,,,,,,,,,,,,,,,,,,,,,,,,,,,,,,,,,,,,,,,,,,,27.59,,,,,,,,,,,,,,,,,,,,,,,,,,27.38,,,,,,,,27.10,27.33,27.45,27.57,27.22,27.12,27.05,,,,,26.25,26.28,26.83,,,,,,,,,26.50,26.25,25.57,,,,,25.66,25.79,,,,,,26.65,,,,,,,,,,,,,
,,,,,,,,,,,,,,,,,,,,,,,,,,,,,,,,,,,,,,,,,,,,,,,,,,,,,,,,,,,,,,,,,,,,,,,,,,,,,,,,,,,,,,,,,,,,,,,,,,,,,,18.95,14.12,6.35,12.91,19.16,19.30,22.33,24.80,25.05,25.46,25.95,26.48,26.70,26.37,25.74,25.12,24.66,24.13,24.13,24.55,24.56,24.50,24.47,24.51,24.72,25.25,26.07,26.49,25.90,25.18,25.09,24.64,23.77,23.22,24.94,23.02,21.25,22.50,23.11,24.13,24.58,,,,,,,,,,,,,,,,,,,,,,,,,,,,,,,,,,,,,,,,,,,,,,,,,,24.45,23.54,20.16,19.44,19.26,20.05,19.55,19.78,19.96,20.36,19.73,19.23,19.42,19.65,19.42,19.50,19.93,20.42,19.93,21.49,22.92,20.23,23.77,21.46,23.72,25.34,25.57,25.58,25.50,,,24.85,24.27,25.49,,,26.21,25.37,,,,,,,,,,,,,,,,,,,,,,,,,,,,,,,,,,,,,,,,,,,,,,,26.58,,,,,,,,,,,,,,,,,,,,,,,,,,,27.98,,,,,,,27.18,27.25,27.57,27.10,27.11,26.94,26.87,,,,,26.04,26.06,25.75,,,,,,,,,,,,,,,,,,,,,,,,,26.97,,,,,,,,27.27,26.98,,
,,,26.99,,,,25.19,25.32,,,,,,,,28.23,,,,,,,,,,,,,,,,,,,,,,,,,,,,,,,,,,,,,,,,,,,,,,,,,,,,,,,,,,,,,,,,,,,,,,,,,,,,,,,,,,,,,,,19.08,10.49,7.34,12.48,10.12,9.36,15.03,22.26,24.56,25.68,26.17,26.33,26.26,25.89,25.51,25.44,24.87,23.78,23.84,24.04,24.27,23.89,23.74,24.21,24.74,25.70,25.93,25.46,24.45,23.71,24.18,23.27,23.58,24.91,22.52,21.23,21.74,22.22,24.76,,,,,,,,,,,,,,,,,,,,,,,,,,,,,,,,,,,,,,,,,,,,,,,,,,,24.19,22.73,19.73,19.11,19.49,19.53,19.38,19.74,19.57,19.78,20.49,20.70,20.30,19.90,19.95,20.42,20.16,19.51,20.87,23.42,22.00,20.35,23.00,21.35,23.43,23.64,24.57,25.21,25.09,,,,,26.23,,25.96,25.12,24.11,25.61,,,,,,,,,,,,,,,,,,,,,,,,,,,,,,,,,,,,,,,,,,,,,,,,,,,,,,,,,,,,,,,,,,,,,,,,,,,27.37,27.41,27.61,,27.06,27.12,27.26,27.13,26.29,27.04,26.94,26.95,,,,,26.26,26.04,25.40,,,,,,,,,,,,,,,,,,,,,,,26.29,25.78,,,,,,,,,,,,
,26.35,,,,,,,25.77,26.53,26.12,,,,,,,,,,,,,,,,,,,,,26.46,26.48,26.58,26.47,26.40,,,26.77,,,26.88,,,,,,,,,,,,,,,,,,,,,,,,,,,,,,,,,,,,,,,,,,,,,,,,,,,,,,,,,,,,,,18.61,18.40,9.18,6.05,4.57,5.63,5.21,8.31,19.36,24.90,25.91,25.83,25.89,25.72,25.57,25.49,24.82,24.47,23.56,24.28,24.22,23.71,23.04,23.29,24.39,25.43,25.48,24.57,23.68,22.79,23.79,22.87,23.52,24.22,22.36,22.70,20.87,23.29,24.60,,,,,,,,,,,,,,,,,,,,,,,,,,,,,,,,,,,,,,,,,,,,,,,,,,,24.61,21.94,19.98,20.40,20.12,19.54,19.47,19.98,19.95,20.14,21.63,21.63,20.65,20.62,20.66,20.83,20.82,21.94,23.56,21.64,22.87,20.92,21.07,22.64,23.51,23.44,24.26,24.39,25.00,,,,,,,26.23,22.15,21.00,24.74,,,,,,,,,,,,,,,,,,,,,,,,,,,,,,,,,,,,,,,,,,,,,,,,,,,,,,,,,,,,,,,,,,,,,,,27.93,,,27.40,27.20,27.07,27.39,28.07,27.59,26.95,27.08,27.05,27.27,27.55,27.26,26.75,,,,,26.75,26.30,25.90,26.09,25.88,,,,,,,,,,,,,,,,,,,,,24.23,25.26,25.20,,,,,,,,,,,
26.63,,,,26.49,,26.43,,,,,,,,,,,,,,,,,,,26.97,,,,,,26.09,26.42,26.30,26.32,26.21,,26.37,,26.39,,,,,,,,,,,,,,,,,,,,,,,,,,,,,,,,,,,,,,,,,,,,,,,,,,,,,,,,,,,,,,,,,18.63,17.26,11.43,6.61,3.52,5.97,8.69,14.59,22.90,25.00,25.73,25.73,25.72,25.07,25.26,25.82,25.60,25.33,24.90,24.35,23.35,22.44,22.71,23.71,25.07,24.74,23.39,22.31,21.73,22.42,23.00,23.34,23.70,21.08,20.74,22.17,23.49,24.33,,,,,,,,,,,,,,,,,,,,,,,,,,,,,,,,,,,,,,,,,,,,,,,,,,23.52,24.82,21.78,20.68,22.12,21.66,21.05,20.70,20.59,20.43,21.21,22.03,22.14,21.23,20.82,20.98,21.32,21.24,22.91,23.72,22.85,25.09,25.13,22.95,21.86,22.45,22.12,23.90,24.94,25.21,,,,,26.58,26.54,26.34,24.11,21.77,23.45,,,,25.88,,,,,,,,,,,,,,,,,,,,,,,,,,,,,,,,,,,,,,,,,,,,,,,,,,,,,,,,,,,,,,,,,,,,,27.81,27.45,26.34,26.02,27.53,28.28,27.83,27.57,27.11,26.68,26.95,27.32,27.19,27.05,26.89,,,,26.94,26.80,26.07,25.52,24.84,,,,,,,,,,,,,,,,,,,,,24.28,24.84,24.50,,,,,,,,,,,
25.81,,,,,,,,,,,,,,,,,,,,,,,,,26.81,26.59,26.49,25.77,25.39,25.60,,,25.76,26.00,26.13,26.08,26.21,26.09,26.44,,,,,,,,,,,,,,,,,,,,,,,,,,,,,,,,,,,,,,,,,,,,,,,,,,,,,,,,,,,,,,,,,,20.44,18.40,18.55,12.52,5.45,7.71,7.89,14.91,18.20,24.98,25.36,25.07,24.38,24.79,25.57,26.32,26.69,25.63,25.32,24.60,23.70,22.55,23.30,23.70,23.67,22.96,21.72,21.24,22.55,23.11,22.18,21.73,21.94,21.90,22.66,23.90,24.17,,,,,,,,,,,,,,,,,,,,,,,,,,,,,,,,,,,,,,,,,,,,,,,,,,22.68,23.18,21.85,22.08,23.07,22.69,22.27,21.91,21.55,21.36,21.79,22.45,22.53,21.78,21.52,20.46,21.10,23.41,21.50,20.33,21.01,23.02,25.46,25.40,23.29,23.68,24.44,24.95,25.74,26.27,,,,26.81,25.99,26.84,25.01,20.92,22.53,24.66,,,,,,,,,25.45,,,,,,,,,,,,,,,,,,,,,,,,,,,,,,,,,,,,,,,,,,,,,,,,,,,,,,,,,,,,,,,27.27,27.53,27.40,26.03,25.84,26.59,27.71,27.57,26.97,27.11,26.34,26.38,26.33,26.80,26.94,26.51,26.59,26.37,26.87,27.07,27.05,26.35,24.60,23.09,,,,25.83,25.84,,,,,,,,,,,,,,,,,25.09,24.48,,,,,,,,,26.28,25.62,25.42
25.64,25.49,,,,,,,,,,,,,,,,,,,,,,,,,,,,25.39,23.49,24.53,,,25.58,26.32,25.82,25.88,26.17,25.90,,26.06,,,,,,,,,,,,,,,,,,,,,,,,,,,,,,,,,,,,,,,,,,,,,,,,,,,,,,,,,,,,,,,,,,19.69,18.78,14.07,5.82,7.92,8.55,11.48,16.29,21.13,23.84,24.89,25.57,25.88,25.98,26.52,26.09,25.59,25.21,23.50,22.35,22.09,21.98,23.31,23.10,22.25,21.58,22.94,22.50,22.01,21.01,21.22,22.07,23.72,24.30,24.56,,,,,,,,,,,,,,,,,,,,,,,,,,,,,,,,,,,,,,,,,,,,,,,,,,20.67,20.79,21.28,22.23,22.84,22.58,22.43,22.58,22.59,22.17,22.03,22.57,22.41,22.66,22.81,21.29,23.81,22.90,21.09,18.58,18.88,20.07,22.58,25.10,24.83,24.72,25.26,25.40,25.66,,,27.07,26.12,25.88,24.79,25.07,21.96,20.24,23.04,,,,,,,,,,,,,,,,,,,,,,,,,,,,,,,,,,,,,,,,,,,,,,,,,,,,,,,,,,,,,,,,,,,,,,,,,27.02,27.79,27.89,27.26,26.94,26.29,27.17,26.30,26.29,26.77,26.49,26.43,26.31,26.16,26.07,25.98,26.63,26.71,26.96,26.96,26.70,25.88,23.96,21.64,24.12,,,,,,,,,,,,,,,,,,,,,,24.66,,,,,,,,26.04,24.91,24.48,25.25
25.07,25.51,,,,25.17,25.40,,,,24.84,,,,,,26.85,,,,25.74,,,,,,,,,,,,,,,,,25.70,26.02,25.97,25.65,25.77,25.82,25.69,,,,,,,,,,,,,,,,,,,,,,,,,,,,,,,,,,,,,,,,,,,,,,,,,,,,,,,,,,,,,,,,,,17.80,7.67,6.50,8.61,9.24,15.76,18.67,22.26,24.82,25.42,25.55,26.08,26.05,25.96,25.61,25.21,24.20,23.06,22.05,22.71,23.17,23.13,22.32,21.36,21.19,21.96,21.77,19.53,21.20,23.03,23.53,24.00,,,,,,,,,,,,,,,,,,,,,,,,,,,,,,,,,,,,,,,,,,,,,,,,,,,19.68,19.79,20.47,21.64,22.68,22.70,22.34,22.49,22.68,22.56,22.67,23.10,23.37,23.75,23.24,22.20,21.71,20.84,21.04,19.15,17.88,17.50,22.23,24.52,24.91,25.19,,,,,,,26.31,25.58,23.66,21.17,19.00,20.36,23.42,,,,,,,,,,,,,,,,,,,,,,,,,,,,,,,,,,,,,,,,,,,,,,,,,,,,,,,,,,,,,,,,,,,,,,,,27.32,27.21,27.53,27.99,28.03,27.66,26.81,26.49,25.76,25.77,26.43,26.52,26.45,26.10,26.00,25.81,25.79,26.43,26.53,26.64,26.84,26.32,24.75,22.83,21.94,23.47,,,,,,,,,,,,,,,,,,,,,,23.90,23.65,,,,,,,,24.49,24.48,24.53
25.88,25.13,,,23.21,24.94,,,,,24.80,,,,,,,,,,,25.31,25.48,,,,,,,,,,,,,24.79,,,25.38,25.39,25.56,25.59,,,,,,,,,,,,,,,,,,,,,,,,,,,,,,,,,,,,,,,,,,,,,,,,,,,,,,,,,,,,,,,,,,,,16.45,11.69,5.75,8.33,7.48,12.02,17.05,22.62,24.65,25.07,25.78,26.27,26.33,25.82,25.28,24.80,23.56,23.12,23.12,22.81,23.14,22.98,22.11,20.57,19.75,21.26,21.13,20.17,21.53,22.25,22.79,23.72,,,,,,,,,,,,,,,,,,,,,,,,,,,,,,,,,,,,,,,,,,,,,,,,,,,,18.33,21.01,21.35,21.94,21.80,20.86,21.93,22.11,22.36,23.02,23.41,23.71,23.92,23.56,22.17,20.87,19.65,18.94,18.57,19.03,19.68,22.77,24.76,24.87,,,,,,,,,26.14,24.97,20.28,16.58,21.89,23.71,,,,,,,,24.31,,,,,,23.95,,,,,,,,,,,,,,,,,,,,,,,,,,,,,,,,,,,,,,,,,,,,,,,,,,,,,,,26.29,26.91,27.26,27.45,27.49,27.47,27.56,27.73,27.38,26.86,26.37,25.53,25.60,25.88,25.98,26.06,25.80,25.81,25.52,25.40,25.64,25.70,26.21,26.25,25.69,23.38,21.85,22.91,23.06,23.76,23.99,,,,,,,,,,24.69,,,,,23.87,,,,,,23.71,23.06,,,,,,,23.46,24.22,24.75
,24.96,,,24.77,24.88,,,,,,,,,,,,,,,,25.02,25.04,,,,,,,,,,,,,,25.34,,,,25.03,25.13,,,,,,,,,,,,,,,,,,,,,,,,,,,,,,,,,,,,,,,,,,,,,,,,,,,,,,,,,,,,,,,,,,,,17.10,14.71,5.20,8.03,9.36,13.55,17.75,22.36,24.12,24.65,25.42,25.90,25.82,25.29,24.09,24.05,23.42,23.39,23.33,23.07,22.67,22.97,22.83,20.96,19.86,20.05,19.78,19.36,19.72,19.84,21.68,,,,,,,,,,,24.15,,,,,,,,,,,,,,,,,,,,,,,,,,,,,,,,,,,,,,,,,,,20.33,22.03,21.73,20.33,20.33,20.97,21.35,22.22,23.12,23.65,23.66,23.98,24.34,22.79,20.04,19.52,19.61,20.56,21.09,21.55,23.43,24.12,23.96,,,,,,,,25.24,25.38,24.86,19.41,18.09,22.82,,,,,,,22.39,,23.06,,,,,,,,,,,,,,,,,,,,,,,,,,,,,,,,,,,,,,,,,,,,,,,,,,,,,,,,,,25.50,26.50,27.08,27.01,27.43,27.25,26.96,27.14,26.99,26.88,27.01,26.92,26.61,25.98,25.59,25.46,25.18,25.10,25.19,24.79,24.91,24.97,25.16,25.07,24.62,25.52,25.78,25.39,24.72,22.95,22.74,23.41,23.22,22.69,23.29,,,,,24.08,,,,,,,,,24.48,22.75,22.20,24.17,23.16,,23.21,,,,,,,,,,
,25.44,,,23.85,23.51,,,,,,,,,,,,,,,23.57,,23.51,,,24.45,,,,,,,,,,,,,,24.58,24.94,25.05,,24.82,24.72,,,,,,,,,,,,,,,,,,,,,,,,,,,,,,,,,,,,,,,,,,,,,,,,,,,,,,,,,,,,,,,,,17.18,15.90,5.57,6.23,8.05,12.72,18.05,23.11,24.19,24.48,24.88,25.20,25.09,24.44,23.27,22.71,23.01,22.98,23.00,22.76,21.94,22.01,21.75,21.18,19.39,19.74,19.10,19.58,21.52,22.83,23.42,,,,,,,,,,,,,,,,,,,,,,,,,,,,,,,,,,,,,,,,,,,,,,,,,,,,,,19.95,20.88,21.10,19.75,19.55,19.23,20.06,21.23,22.03,22.75,23.21,23.28,22.59,21.29,21.38,21.31,21.31,21.90,23.00,23.53,23.70,23.17,23.55,,,,,,,,24.91,24.60,23.76,20.58,20.26,23.14,,,,,,,19.82,,,,,,,,,,,,,,,,,,,,,,,,,,,,,,,,,,,,,,,,,,,,,,,,,,,,,,,,,,24.41,25.00,26.28,26.34,26.41,26.59,26.53,26.32,26.43,26.54,26.63,26.49,26.40,26.10,26.00,25.81,25.52,24.95,24.42,23.99,23.90,23.68,23.81,24.21,24.55,24.79,24.26,24.44,24.96,24.95,24.37,24.00,23.31,23.27,23.00,21.89,22.82,23.50,,,24.19,24.09,,,,,,,,,,23.20,22.28,21.51,23.16,22.79,,,,,,,,,,,
,,,23.47,,,,,,,,,,,,,,,,,,,,,,,,23.40,22.56,,,,,,,,,,,,,24.74,,24.58,,,,,,,,,,,,,,,,,,,,,,,,,,,,,,,,,,,,,,,,,,,,,,,,,,,,,,,,,,,,,,,,,,16.38,15.23,10.06,3.41,6.42,10.00,19.65,23.10,23.56,24.16,24.36,24.58,24.36,23.96,23.25,21.97,22.18,22.30,22.13,22.24,21.42,20.81,20.55,20.42,18.49,18.20,18.41,20.97,20.84,23.05,23.50,,,,,,,,,,,,,,,,,,,,,,,,,,,,,,,,,,,,,,,,,,,,,,,,,,,,,,,19.57,20.84,19.45,18.64,19.27,19.63,20.79,21.64,22.37,22.82,22.60,21.27,19.69,21.16,21.76,21.30,22.18,23.55,24.19,24.11,23.25,23.36,,,,,24.75,,,24.47,23.39,22.07,20.59,22.40,22.95,,,,,,,,,,,,,,,,,,,,,,,,,,,,,,,,,,,,,,,,,,,,,,,,,,,,,,,,,,,,,,,,,24.10,25.36,26.14,25.67,24.57,24.43,25.22,25.11,25.22,25.72,26.03,25.92,25.87,25.60,25.33,25.48,25.41,24.32,23.65,23.03,22.51,22.35,22.63,23.43,24.08,24.46,24.39,24.50,24.70,24.62,24.07,23.89,23.37,22.78,22.62,22.66,22.59,22.63,,24.03,,,,,,,,,,,,,,22.14,22.40,22.87,,,24.09,23.98,,,,,,,
,,,,,,,,,,,,,,,,,,,,,,,,,,,,,,22.43,,22.21,,,,,,,,,,24.49,,23.80,24.37,,,,23.86,,,,,,,,,,,,,,,,,,,,,,,,,,,,,,,,,,,,,,,,,,,,,,,,,,,,,,,,,,,,16.73,15.23,12.68,5.48,7.69,10.33,20.34,22.87,23.13,23.32,23.39,23.64,23.78,23.92,23.22,22.16,21.65,21.32,20.18,19.58,20.10,20.06,19.45,18.78,18.55,19.18,20.92,23.24,22.76,22.21,,,,,,,,,,,,,,,,,,,,,,,,,,,,,,,,,,,,,,,,,,,,,,,,,,,,,,,,19.75,20.36,17.27,19.36,20.02,19.91,20.29,21.01,21.71,22.20,22.28,21.29,21.16,21.05,20.18,18.40,21.26,22.57,23.93,24.61,24.09,23.36,,,,,,,,24.92,24.18,23.16,19.99,22.33,,,,,,,,,,,,,,,,,,,,,,,,,,,,,,,,,,,,,,,,,,,,,,,,,,,,,,,,,,,,,,,,,,24.10,24.83,24.99,25.13,25.41,24.21,23.74,23.88,24.03,24.81,25.01,24.98,25.15,24.94,24.59,24.54,24.40,23.63,22.76,22.05,21.27,21.14,22.10,22.92,23.59,24.02,24.25,24.49,24.57,24.06,23.84,23.53,22.91,21.88,21.93,22.68,22.25,22.07,22.34,23.37,,,,,,,,,,,,,,,,,,,,,,,,,,,
,,,,,,,,,,,,,,,,,,,,,,,,,,,,,,,,,,,,,,,,,,,,,,,,,,,23.02,,,,23.20,,,,,,,,,,,,,,,,,,,,,,,,,,,,,,,,,,,,,,,,,,,,,,,,,,,,,,14.88,13.95,7.32,7.72,6.29,13.62,19.64,22.26,22.62,22.71,22.83,23.06,23.26,23.42,23.21,22.13,21.01,19.98,19.16,18.68,17.79,18.00,19.30,21.28,22.02,21.55,,,,,,,,,,,,,,,,,,,,,,,,,,,,,,,,,,,,,,,,,,,,,,,,,,,,,,,,,,,,19.41,19.11,16.26,19.54,20.18,19.89,20.40,21.09,21.80,22.11,21.75,20.54,20.82,19.61,18.52,18.86,19.28,21.86,23.19,23.83,23.86,23.46,,,,,,,,24.82,24.25,23.66,22.46,22.52,,,,,,,,,,,,,,,,,,,,,,,,,,,,,,,,,,,,,,,,,,,,,,,,,,,,,,,,,,,,,,,,,,23.44,24.13,24.24,24.25,23.91,23.73,22.92,22.76,23.15,23.54,23.93,24.13,24.04,23.95,23.70,23.42,23.22,22.95,22.23,21.48,21.61,21.90,22.49,22.86,23.34,23.81,23.95,24.13,24.02,23.68,23.46,22.94,22.35,20.58,20.30,20.93,21.33,20.72,20.79,21.85,22.03,,,,,,,,,,,,,,,,,,,,,,,,,,
,,,,,,,,,,,,,,,,,,,,,,,,,,,,,,,,,,,,,,,,,,,,,,,,,22.51,,,,,,,,,,,,,,,,,,,,,,,,,,,,,,,,,,,,,,,,,,,,,,,,,,,,,,,,,,,,16.45,11.85,5.32,6.10,8.73,15.72,20.06,21.80,22.26,22.20,22.10,22.37,22.54,22.46,22.26,21.57,20.68,18.79,17.92,16.58,17.19,17.15,19.99,21.91,,,,,,,,,,,,,,,,,,,,,,,,,,,,,,,,,,,,,,,,,,,,,,,,,,,,,,,,,,,,,,18.33,17.72,16.07,19.19,20.28,19.89,20.21,21.11,21.81,21.62,20.72,18.97,18.51,18.84,18.32,17.34,16.42,21.05,22.75,23.03,23.45,,,,,,,,,,24.22,23.64,23.68,,,,,,,,,,,,,,,,,,,,,,,,,,,,,,,,,,,,,,,,,,,,,,,,,,,,,,,,,,,,,,,,,,21.87,22.59,23.74,23.70,23.52,23.39,22.92,22.42,22.31,22.53,22.95,22.94,23.11,23.17,22.88,22.62,22.04,21.23,21.16,21.30,21.21,21.34,21.87,22.49,22.73,23.01,23.39,23.44,23.64,23.54,23.40,23.03,22.00,21.49,20.70,19.14,19.29,20.12,20.04,20.33,20.81,21.12,,,,,,,,,,,,,,,,,,,,,,,,,,
,,,,,,,,,,,,,,,,,,,,,,,,,,,,,,,,,,,,,,,,,,,,,,,,,,,,,,,,,,,,,,,,,,,,,,,,,,21.23,,,,,,,,,,,,,,,,,,,,,,,,,16.36,15.51,,,,,,,,,15.57,10.52,2.97,6.73,8.55,16.14,20.11,21.55,21.96,21.79,21.52,21.61,21.84,21.90,21.82,21.33,19.99,18.36,17.39,15.74,16.06,17.19,20.21,,,,,,,,,,,,,,,,,,,,,,,,,,,,,,,,,,,,,,,,,,,,,,,,,,,,,,,,,,,,,,,17.37,17.47,16.03,19.88,20.92,20.06,20.34,20.59,21.05,20.27,18.84,17.84,16.81,16.28,15.73,14.80,15.55,20.71,21.86,,,,,,,,,,,,,,,,,,,,,,,,,,,,,,,,,,,,,,,,,,,,,,,,,,,,,,,,,,,,,,,,,,,,,,,,,,,,,,,,,21.98,22.66,22.53,22.64,22.40,22.35,21.62,21.76,21.91,22.11,22.06,22.18,22.08,21.90,21.91,21.48,20.77,20.28,20.03,20.20,21.02,21.75,22.26,22.61,22.73,22.93,23.04,23.11,23.11,22.95,22.65,22.04,21.34,20.69,19.79,19.89,19.95,19.45,18.73,19.24,20.58,,,,,,,,,,,,,,,,,,,,,,,,,,
,,,,,,,,,,,,,,,,,,,,,,,,,,,,,,,,,,,20.50,,,,,,,,,,,,,,,,,,,,,,,,,,,,,,,,,,,20.44,,,,,,,,,,,,,,,,,,,,,,,,,,,,,,,,,,,,,,15.37,14.30,6.49,1.83,12.42,15.65,18.98,20.44,21.03,21.10,20.99,20.77,20.91,21.14,21.36,21.36,20.95,20.10,19.05,18.18,17.01,15.68,16.55,19.12,,,,,,,,,,,,,,,,,,,,,,,,,,,,,,,,,,,,,,,,,,,,,,,,,,,,,,,,,,,,,,,,16.91,16.81,19.80,18.67,19.82,20.26,19.98,19.41,18.08,18.03,17.22,17.28,16.28,14.66,14.40,16.15,19.51,21.95,,,,,,,,,,,,,,,,,,,,,,,,,,,,,,,,,,,,,,,,,,,,,,,,,,,,,,,,,,,,,,,,,,,,,,,,,,,,,,,,,21.16,21.05,21.35,21.53,21.45,21.39,20.97,21.11,21.19,20.77,21.02,21.15,21.11,20.85,20.77,20.56,20.41,20.20,20.15,20.41,20.95,21.29,21.88,22.21,22.36,22.40,22.46,22.69,22.65,22.57,22.15,21.83,21.41,21.04,20.61,20.29,19.93,19.21,18.40,18.96,20.06,,,,,,,,,,,,,,,,,,,,,,,,,,
,,,,,,,,,,,,,,,,,,,,,,,,,,,,,,,,,,,,,,,,,,,,,,,,,,,,,,,,,,,,,,,,,,,,,,,,,,,,,,,,,,,,,,,,,,,,,,,,,,,,,,,,,,,,14.46,11.06,2.71,7.90,13.48,18.11,18.79,20.37,20.48,20.34,20.24,20.16,20.44,20.63,20.70,20.67,20.48,19.68,18.79,17.78,16.85,15.83,17.12,19.70,,,,,,,,,,,,,,,,,,,,,,,,,,,,,,,,,,,,,,,,,,,,,,,,,,,,,,,,,,,,,,,,16.54,18.02,21.06,20.59,20.19,20.20,20.02,18.66,16.99,18.35,17.19,16.37,15.26,12.79,16.12,17.41,19.54,21.60,,,,,,,,,,,,,,,,,,,,,,,,,,,,,,,,,,,,,,,,,,,,,,,,,,,,,,,,,,,,,,,,,,,,,,,,,,,,,,,,,20.96,20.35,20.31,20.52,20.76,20.42,20.52,20.63,20.57,20.22,19.98,20.32,20.49,20.20,20.03,19.88,19.71,19.79,20.02,20.39,21.01,20.85,21.35,21.75,22.07,21.78,21.87,21.99,21.88,21.68,21.62,21.37,21.14,21.06,20.81,20.44,20.03,19.29,17.31,17.28,19.01,,,,,,,,,,,,,,20.35,,,,,,,,,,,,
,,21.06,,,,,,,,,,,,,,,,,,,,,,,,,,,,,,,,,,,,,,,,,,,,,,,,,,,,,,,,,,,,,,,,,,,,,,,,,,,,,,,,,,,,,,,,,,,,,,,,,,,,,,,,,,14.34,6.49,2.22,12.55,14.57,19.64,20.44,20.15,19.08,19.55,19.51,19.59,19.94,20.17,20.15,19.85,19.56,19.29,19.10,18.76,18.67,17.20,19.08,,,,,,,,,,,,,,,,,,,,,,,,,,,,,,,,,,,,,,,,,,,,,,,,,,,,,,,,,,,,,,,,,,18.08,18.73,18.50,18.13,18.81,19.02,18.63,18.28,18.08,16.42,15.28,14.14,10.65,12.48,17.19,20.35,,,,,,,,,,,,,,,,,,,,,,,,,,,,,,,,,,,,,,,,,,,,,,,,,,,,,,,,,,,,,,,,,,,,,,,,,,,,,,,,,,,20.04,19.76,19.83,19.99,19.47,19.57,19.59,19.76,19.56,19.09,19.33,20.15,20.07,19.82,19.60,19.44,19.47,19.58,19.80,20.22,20.46,20.26,20.82,21.24,20.94,20.81,20.99,20.70,20.95,20.91,20.78,20.67,20.58,20.44,20.09,19.53,17.96,15.20,16.84,19.13,,,,,,,,,,,,,,19.39,,,,,,,,,,,,
,21.68,,,,,,,,,,,,,,,,,,,,,,,,,,,,,,,,,,,,,,,,,,,,,,,,,,,,,,,,,,,,,,,,,,,,,,,,,,,,,,,,,,,,,,,,,,,,,,,,,,,,,,,,,,,14.74,5.47,4.68,15.53,16.96,19.07,20.05,17.11,18.25,18.58,18.71,19.21,19.46,19.50,19.52,18.90,18.81,19.24,19.19,18.90,19.19,19.28,,,,,,,,,,,,,,,,,,,,,,,,,,,,,,,,,,,,,,,,,,,,,,,,,,,,,,,,,,,,,,,,,,,,17.59,17.23,17.31,17.77,17.78,17.00,16.79,15.94,15.44,15.15,13.68,13.98,15.42,19.46,,,,,,,,,,,,,,,,,,,,,,,,,,,,,,,,,,,,,,,,,,,,,,,,,,,,,,,,,,,,,,,,,,,,,,,,,,,,,,,,,,,,19.42,19.01,18.82,18.85,18.48,18.57,18.27,18.80,18.74,18.57,19.15,19.18,18.88,18.66,18.63,18.58,18.62,18.76,18.55,18.92,19.48,19.74,20.13,20.29,19.05,19.52,20.29,20.24,20.07,20.15,20.24,20.03,19.75,19.67,19.29,18.35,16.58,13.51,15.73,18.78,,,,,,,,,,,,,,,,,,,,,,,,,,
,,,,,,,,,,,,,,,,,,,,,,,,,,,,,,,,,,,,,,,,,,,,,,,,,,,,,,,,,,,,,,,,,,,,,,,,,,,,,,,,,,,,,,,,,,,,,,,,,,,,,,,,,,,,13.81,3.07,6.11,15.59,17.96,19.69,18.72,14.82,17.30,17.60,17.99,18.56,18.51,18.58,18.63,18.15,18.24,18.54,18.28,18.74,18.97,18.96,,,,,,,,,,,,,,,,,,,,,,,,,,,,,,,,,,,,,,,,,,,,,,,,,,,,,,,,,,,,,,,,,,,,17.61,18.50,17.03,15.88,15.68,14.66,14.82,13.68,15.08,13.87,14.80,16.53,18.38,20.26,,,,,,,,,,,,,,,,,,,,,,,,,,,,,,,,,,,,,,,,,,,,,,,,,,,,,,,,,,,,,,,,,,,,,,,,,,,,,,,,,,,,,18.65,17.93,18.02,17.85,17.45,17.23,17.71,17.89,18.05,18.51,18.43,18.27,18.04,17.85,17.72,17.68,17.67,17.92,17.72,18.19,18.71,19.08,19.40,18.23,19.05,19.29,18.89,19.30,19.64,19.50,18.90,18.48,18.68,17.94,16.32,16.56,14.02,16.94,18.85,,,,,,19.20,,,,,,,,,,,,,,,,,,,,
,,,,,,,,,,,,,,,,,,,,,,,,,,,,,,,,,,,,,,,,,,,,,,,,,,,,,,,,,,,,,,,,,,,,,,,,,,,,,,,,,,,,,,,,,,,,,,,,,,,,,,,,,,,,14.58,6.08,2.88,16.93,18.78,19.08,17.11,15.46,16.75,16.87,17.30,17.85,17.84,17.96,18.14,17.79,17.60,17.26,17.82,18.28,18.54,,,,,,,,,,,,,,,,,,,,,,,,,,,,,,,,,,,,,,,,,,,,,,,,,,,,,,,,,,,,,,,,,,,,,16.81,17.88,17.16,14.89,15.53,16.51,16.46,17.00,15.75,15.50,16.96,18.12,19.14,,,,,,,,,,,,,,,,,,,,,,,,,,,,,,,,,,,,,,,,,,,,,,,,,,,,,,,,,,,,,,,,,,,,,,,,,,,,,,,,,,,,,,18.10,16.42,16.83,17.00,16.50,16.64,16.84,16.66,17.15,17.44,17.59,17.56,17.41,17.33,,,,16.80,17.04,17.63,17.50,17.78,18.35,16.62,17.04,17.78,18.55,18.89,18.98,18.77,18.14,17.63,17.63,16.73,15.25,15.95,16.99,17.79,,,,,,,,,,,,,,,,,,,,,,,,,,,
,,,,,,,,,,,,,,,,,,,,,,,,,,,,,,,,,,,,,,,,,,,,,,,,,,,,,,,,,,,,,,,,,,,,,,,,,,,,,,,,,,,,,,,,,,,,,,,,,,,13.96,,14.48,,,,,,,15.30,9.19,3.48,15.14,17.19,17.21,16.18,16.53,16.64,16.43,16.51,16.97,17.45,17.54,17.37,17.16,16.56,16.72,16.99,17.35,,,,,,,,,,,,,,,,,,,,,,,,,,,,,,,,,,,,,,,,,,,,,,,,,,,,,,,,,,,,,,,,,,,,,,16.19,17.36,15.47,16.47,16.61,15.65,15.55,17.14,17.70,17.90,18.44,,,,,,,,,,,,,,,,,,,,,,,,,,,,,,,,,,,,,,,,,,,,,,,,,,,,,,,,,,,,,,,,,,,,,,,,,,,,,,,,,,,,,,,16.72,16.66,15.77,15.95,15.93,15.93,16.35,16.50,16.37,16.35,16.97,,,,,,,,,,16.63,16.93,16.72,17.52,15.82,16.98,17.66,18.11,18.15,18.03,17.80,17.75,17.30,16.98,15.65,12.60,14.88,17.21,,,,,,,,,,,,,,,,,,,,,,,,,,,,
,,,,,,,,,,,,,,,,,,,,,,,,,,,,,,,,,,,,,,,,,,,,,,,,,,,,,,,,,,,,,,,,,,,,,,,,,,,,,,,,,,,,,,,,,,,,,,,,,,,,,,,,,,,14.53,14.82,7.57,5.46,13.33,16.15,16.33,16.37,16.71,16.45,16.15,16.08,16.49,17.29,17.23,16.92,16.65,16.24,16.07,16.38,,,,,,,,,,,,,,,,,,,,,,,,,,,,,,,,,,,,,,,,,,,,,,,,,,,,,,,,,,,,,,,,,,,,,,,,16.20,16.17,17.67,17.28,17.36,16.68,17.06,17.50,,,,,,,,,,,,,,,,,,,,,,,,,,,,,,,,,,,,,,,,,,,,,,,,,,,,,,,,,,,,,,,,,,,,,,,,,,,,,,,,,,,,,,,,,16.72,16.03,15.07,15.23,15.55,16.01,17.32,16.62,16.83,16.69,,,,,,,,,,,15.48,16.03,16.43,16.70,16.07,16.44,16.93,17.08,17.15,17.21,17.20,17.08,16.68,15.83,14.59,12.79,14.85,16.86,,,,,,,,,,,,,,,,,,,,,16.14,15.86,,,,,,
,,,,,,,,,,,,,,,,,,,,,,,,,,,,,,,,,,,,,,,,,,,,,,,,,,,,,,,,,,,,,,,,,,,,,,,,,,,,,,,,,,,,,,,,,,,,,,,,,,,,,,,,,,,12.97,12.86,5.20,9.29,11.12,15.59,16.02,16.00,16.26,16.19,15.97,15.89,16.16,16.35,16.00,15.73,,,,,,,,,,,,,,,,,,,,,,,,,,,,,,,,,,,,,,,,,,,,,,,,,,,,,,,,,,,,,,,,,,,,,,,,,,,,,,,,,,,,,,,,,,,,,,,,,,,,,,,,,,,,,,,,,,,,,,,,,,,,,,,,,,,,,,,,,,,,,,,,,,,,,,,,,,,,,,,,,,,,,,,,,,,,,,15.22,15.34,14.97,,,,,,,,,,,,,,,,,15.48,15.38,15.66,15.29,16.00,15.72,15.79,16.17,16.34,16.25,16.19,15.91,14.63,11.12,12.11,15.36,,,,,,,,,,,,,,,,,,,,,,,14.63,14.99,16.44,,,,
,,,,,,,,,,,,,,,,,,,,,,,,,,,,,,,,,,,,,,,,,,,,,,,,,,,,,,,,,,,,,,,,,,,,,,,,,,,,,,,,,,,,,,,,,,,,,,,,,,,,,,,,,,12.71,12.99,9.83,5.20,9.12,12.00,14.89,15.71,15.63,15.79,15.67,15.48,15.38,15.14,14.91,14.89,14.84,14.75,,,,,,,,,,,,,,,,,,,,,,,,,,,,,,,,,,,,,,,,,,,,,,,,,,,,,,,,,,,,,,,,,,,,,,,,,,,,,,,,,,,,,,,,,,,,,,,,,,,,,,,,,,,,,,,,,,,,,,,,,,,,,,,,,,,,,,,,,,,,,,,,,,,,,,,,,,,,,,,,,,,,,,,,,,,,,,,,,,,,,,,,,,,,,,,,,14.83,15.21,,15.33,15.11,14.65,14.86,14.81,14.96,14.83,13.74,11.63,10.02,12.42,15.70,,,,,,,,,,,,,,,,,,,,,,,14.78,14.76,14.62,16.05,,,
,,,,,,,,,,,,,,,,,,,,,,,,,,,,,,,,,,,,,,,,,,,,,,,,,,,,,,,,,,,,,,,,,,,,,,,,,,,,,,,,,,,,,,,,,,,,,,,,,,,,,,,,,,11.73,12.40,8.01,8.99,12.33,13.40,14.98,15.49,15.37,15.35,15.09,14.32,14.22,13.90,13.53,13.95,14.34,14.59,,,,,,,,,,,,,,,,,,,,,,,,,,,,,,,,,,,,,,,,,,,,13.44,,,,,,,,,,,,,,,,,,,,,,,,,,,,,,,,,,,,,,,,,,,,,,,,,,,,,,,,,,,,,,,,,,,,,,,,,,,,,,,,,,,,,,,,,,12.83,,,,,,,,,,,,,,,,,,,,,,,,,,,,,,,,,,,,,,,,,,,,,,,,,,,,,,,,,,,,,,14.71,14.21,13.63,13.07,12.90,13.15,12.86,10.87,12.24,12.83,13.83,15.16,,,,,,,,,,,,,,,,,,,,,,,,14.06,13.67,13.82,13.09,13.51,
,,,,,,,,,,,,,,,,,,,,,,,,,,,,,,,,,,,,,,,,,,,,,,,,,,,,,,,,,,,,,,,,,,,,,,,,,,,,,,,,,,,,,,,,,,,,,,,,,,,,,,,,,,11.63,11.38,7.74,9.14,12.68,14.08,14.75,15.31,15.29,15.38,15.28,14.75,14.08,14.12,14.03,14.09,14.05,,,,,,,,,,,,,,,,,,,,,,,,,,,,,,,,,,,,,,,,,,,,,,,,,,,,,,,,,,,,,,,,,,,,,,,,,,,,,,,,,,,,,,,,,,,,,,,,,,,,,,,,,,,,,,,,,,,,,,,,,,,,,,,,,,,,,,,13.26,,,,,,,,,,,,,,,,,,,,,,,,,,,,,,,,,,,,,,,,,,,,,,,,,,,,,,,,,,,,,,,13.99,13.62,13.61,13.34,14.23,14.03,13.55,14.29,,,,,,,,,,,,,,,,,,,,,,,,,,,12.92,11.98,11.12,11.92,13.65,
,,,,,,,,,,,,,,,,,,,,,,,,,,,,,,,,,,,,,,,,,,,,,,,,,,,,,,,,,,,,,,,,,,,,,,,,,,,,,,,,,,,,,,,,,,,,,,,,,,,,,,,,,,11.17,10.53,7.42,8.98,12.15,12.70,14.35,15.10,15.19,15.09,15.07,14.74,14.59,,,,,,,,,,,,,,,,,,,,,,,,,,,,,,,,,,,,,,,,,,,,,,,,,,,,,,,,,,,,,,,,,,,,,,,,,,,,,,,,,,,,,,,,,,,,,,,,,,,,,,,,,,,,,,,,,,,,,,,,,,,,,,,,,,,,,,,,,,,,,,,,,,,,,,,,,,,,,,,,,,,,,,,,,,,,,,,,,,,,,,,,,,,,,,,,,,,,,,,,,,,,,13.67,13.56,,13.70,14.06,13.78,,,,,,,,,,,,,,,,,,,,,,,,,13.07,12.39,10.51,11.04,13.65,,
,,,,,,,,,,,,,,,,,,,,,,,,,,,,,,,,,,,,,,,,,,,,,,,,,,,,,,,,,,,,,,,,,,,,,,,,,,,,,,,,,,,,,,,,,,,,,,,,,,,,,,,,,,9.93,10.08,6.77,9.42,9.00,9.73,12.41,14.18,14.90,14.75,14.63,14.12,,,,,,,,,,,,,,,,,,,,,,,,,,,,,,,,,,,,,,,,,,,,,,,,,,,,11.18,10.46,,,,,,,,,,,,,,,,,,,,,,,,,,,,,,,,,,,,,,,,,,,,,,,,,,,,,,,,,,,,,,,,,,,,,,,,,,,,,,,,,,,,,,,,,,,,,,,,,,,,,,,,,,,,,,,,,,,,,,,,,,,,,,,,,,,,,,,,,,,,,,,,,,,,,,,,,13.30,13.02,12.59,13.17,13.43,13.47,,,,,,,,,,,,,,,,,,,,,,,,11.33,12.44,12.79,11.95,12.45,,,
,,,,,,,,,,,,,,,,,,,,,,,,,,,,,,,,,,,,,,,,,,,,,,,,,,,,,,,,,,,,,,,,,,,,,,,,,,,,,,,,,,,,,,,,,,,,,,,,,,,,,,,,,10.19,10.40,9.13,6.39,7.64,8.27,8.91,9.50,11.16,13.72,14.54,14.27,14.08,,,,,,,,,,,,,,,,,,,,,,,,,,,,,,,,,,,,,,,,,,,,,,,,,,,,,,,,,,,,,,,,,,,,,,,,,,,,,,,,,,,,,,,,,,,,,,,,,,,,,,,,,,,,,,,,,,,,,,,,,,,,,,,,,,,,,,,,,,,,,,,,,,,,,,,,,,,,,,,,,,,,,,,,,,,,,,,,,,,,,,,,,,,,,,,,,,,,,,,,,,,,,,,12.01,9.97,10.02,10.86,12.03,,,,,,,,,,,,,,,,,,,,,,,11.06,9.05,10.21,12.20,12.13,13.16,,,
,,,,,,,,,,,,,,,,,,,,,,,,,,,,,,,,,,,,,,,,,,,,,,,,,,,,,,,,,,,,,,,,,,,,,,,,,,,,,,,,,,,,,,,,,,,,,,,,,,,,,,,,,9.11,10.33,7.91,6.88,8.89,8.61,7.92,10.48,12.78,13.54,13.43,13.15,,,,,,,,,,,,,,,,,,,,,,,,,,,,,,,,,,,,,,,,,,,,,,,,,,,,,,,,,,,,,,,,,,,,,,,,,,,,,,,,,,,,,,,,,,,,,,,,,,,,,,,,,,,,,,,,,,,,,,,,,,,,,,,,,,,,,,,,,,,,,,,,,,,,,,,,,,,,,,,,,,,,,,,,,,,,,,,,,,,,,,,,,,,,,,,,,,,,,,,,,,,,,,,,,10.41,8.73,10.70,12.29,,,,,,,,,,,,,,,,,,,,,,11.19,9.34,7.69,9.79,12.59,,,,,
,,,11.61,12.24,,,,,,,,,,,,,,,,,,,,,,,,,,,,,,,,,,,,,,,,,,,,,,,,,,,,,,,,,,,,,,,,,,,,,,,,,,,,,,,,,,,,,,,,,,,,,,,,,,,,,8.06,9.60,7.51,6.73,8.11,9.23,11.35,12.55,12.80,12.86,13.33,,,,,,,,,,,,,,,,,,,,,,,,,,,,,,,,,,,,,,,,,,,,,,,,,,,,,,,,,,,,,,,,,,,,,,,,,,,,,,,,,,,,,,,,,,,,,,,,,,,,,,,,,,,,,,,,,,,,,,,,,,,,,,,,,,,,,,,,,,,,,,,,,,,,,,,,,,,,,,,,,,,,,,,,,,,,,,,,,,,,,,,,,,,,,,,,,,,,,,,,,,,,,,,,,,10.88,9.70,11.04,11.52,,,,,,,,,,,,,,,,,,,,11.45,8.49,6.60,8.64,11.12,11.37,,,,,,
,,,11.14,12.26,,,,,,,,,,,,,,,,,,,,,,,,,,,,,,,,,,,,,,,,,,,,,,,,,,,,,,,,,,,,,,,,,,,,,,,,,,,,,,,,,,,,,,,,,,,,,,,,,,,,7.94,7.69,8.27,6.55,5.95,8.50,9.00,10.71,11.78,11.70,12.26,,,,,,,,,,,,,,,,,,,,,,,,,,,,,,,,,,,,,,,,,,,,,,,,,,,,,,,,,,,,,,,,,,,,,,,,,,,,,,,,,,,,,,,,,,,,,,,,,,,,,,,,,,,,,,,,,,,,,,,,,,,,,,,,,,,,,,,,,,,,,,,,,,,,,,,,,,,,,,,,,,,,,,,,,,,,,,,,,,,,,,,,,,,,,,,,,,,,,,,,,,,,,,,,,,,,,,,,,,,,,,,,,,,,,,,,,9.19,7.05,7.26,8.69,11.11,,,,,,,,
,,,,,,,,,,,,,,,,,,,,,,,,,,,,,,,,,,,,,,,,,,,,,,,,,,,,,,,,,,,,,,,,,,,,,,,,,,,,,,,,,,,,,,,,,,,,,,,,,,,,,,,,7.56,7.72,7.28,5.56,6.32,8.94,9.85,10.55,11.07,12.62,12.35,,,,,,,,,,,,,,,,,,,,,,,,,,,,,,,,,,,,,,,,,,,,,,,,,,,,,,,,,,,,,,,,,,,,,,,,,,,,,,,,,,,,,,,,,,,,,,,,,,,,,,,,,,,,,,,,,,,,5.81,,,,,,,,,,,,,,,,,,,,,,,,,,,,,,,,,,,,,,,,,,,,,,,,,,,,,,,,,,,,,,,,,,,,,,,,,,,,,,,,,,,,,,,,,,,,,,,,,,,,,,,,,,,,,,,,,,,,9.39,8.23,7.94,8.13,9.39,10.89,,,,,,,,
,,,,,,,,,,,,,,,,,,,,,,,,,,,,,,,,,,,,,,,,,,,,,,,,,,,,,,,,,,,,,,,,,,,,,,,,,,,,,,,,,,,,,,,,,,,,,,,,,,,,,,,,8.03,7.84,4.89,4.56,6.16,9.09,11.06,11.45,11.63,11.34,,,,,,,,,,,,,,,,,,,,,,,,,,,,,,,,,,,,,,,,,,,,,,,,,,,,,,,,,,,,,,,,,,,,,,,,,,,,,,,,,,,,,,,,,,,,,,,,,,,,,,,,5.14,,,,,,,,,,,,,5.20,4.77,4.37,,,,,,,,,,,,,,,,,,,,,,,,,,,,,,,,,,,,,,,,,,,,,,,,,,,,,,,,,,,,,,,,,,,,,,,,,,,,,,,,,,,,,,,,,,,,,,,,,,,,,,,,,,,,,,,,,,10.10,9.86,10.20,9.69,10.14,,,,,,,,,
,,,,,,,,,,,,,,,,,,,,,,,,,,,,,,,,,,,,,,,,,,,,,,,,,,,,,,,,,,,,,,,,,,,,,,,,,,,,,,,,,,,,,,,,,,,,,,,,,,,,,,,,8.28,7.48,4.61,4.76,6.00,8.30,8.86,10.78,11.09,10.39,10.16,,,,,,,,,,,,,,,,,,,,,,,,,,,,,,,,,,,,,,,,,,,,,,,,,,,,,,,,,,,,,,,,,,,,,,,,,,,,,,,,,,,,,,,,,,,,,,,,,,,,,,,,,,,,,,,,,,,,,,,,,,,,,,,,,,,,,,,,,,,,,,,,,,,,,,,,,,,,,,,,,,,,,,,,,,,,,,,,,,,,,,,,,,,,,,,,,,,,,,,,,,,,,,,,,,,,,,,,,,,,,,,,,,,,,,,,,10.13,9.96,,,,,,,,,,,
,,,,,,,,,,,,,,,,,,,,,,,,,,,,,,,,,,,,,,,,,,,,,,,,,,,,,,,,,,,,,,,,,,,,,,,,,,,,,,,,,,,,,,,,,,,,,,,,,,,,,,,,7.41,6.69,4.02,4.77,5.85,8.20,8.89,10.34,10.48,10.31,10.11,,,,,,,,,,,,,,,,,,,,,,,,,,,,,,,,,,,,,,,,,,,,,,,,,,,,,,,,,,,,,,,,,,,,,,,,,,,,,,,,,,,,,,,,,,,,,,,,,,,,,,,,,,,,,,,,,,,,,,,,,,,,,,,,,,,,,,4.01,4.35,,,,,,,,,,,,,,,,,,,,,,,,,,,,,,,,,,,,,,,,,,,,,,,,,,,,,,,,,,,,,,,,,,,,,,,,,,,,,,,,,,,,,,,,,,,,,,,,,11.23,,,,,,,,,,,,,
,,,,,,,,,,,,,,,,,,,,,,,,,,,,,,,,,,,,,,,,,,,,,,,,,,,,,,,,,,,,,,,,,,,,,,,,,,,,,,,,,,,,,,,,,,,,,,,,,,,,,,,,7.19,6.18,2.10,5.60,6.89,8.04,9.01,9.39,9.87,,,,,,,,,,,,,,,,,,,,,,,,,,,,,,,,,,,,,,,,,,,,,,,,,,,,,,,,,,,,,,,,,,,,,,,,,,,,,,,,,,,,,,,,,,,,,,,,,,,,,,,,,,,,,,,,,,,,,,,,,,,,,,,,,,,,,,,,2.72,3.49,4.39,,,,,,,,,,,,,,,,,,,,,,,,,,,,,,,,,,,,,,,,,,,,,,,,,,,,,,,,,,,,,,,,,,,,,,,,,,,,,,,,,,,,,,,,,,,,,,,,,,,,,,,,,,,,8.63,
,,,,,,,,,,,,,,,,,,,,,,,,,,,,,,,,,,,,,,,,,,,,,,,,,,,,,,,,,,,,,,,,,,,,,,,,,,,,,,,,,,,,,,,,,,,,,,,,,,,,,,,,6.57,6.50,2.60,4.95,5.80,7.01,7.61,8.46,9.07,,,,,,,,,,,,,,,,,,,,,,,,,,,,,,,,,,,,,,,,,,,,,,,,,,,,,,,,,,,,,,,,,,,,,,,,,,,,,,,,,,,,,,,,,,,,,,,,,,,,,,,,,,,,,,,,,,,,,,,,,,,,,,,,,,,,,,,,,,,,,,,,,,,,,,,,,,,,,,,,,,,,,,,,,,,,,,,,,,,,,,,,,,,,,,,,,,,,,,,,,,,,,,,,,,,,,,,,,,,,,,,,,,,,,,,,,6.94,7.53,,,,,,,,,,,,,
,,,,,,,,,,,,,,,,,,,,,,,,,,,,,,,,,,,,,,,,,,,,,,,,,,,,,,,,,,,,,,,,,,,,,,,,,,,,,,,,,,,,,,,,,,,,,,,,,,,,,,,,5.88,6.27,4.95,5.64,5.67,6.78,7.32,7.24,,,,,,,6.72,6.75,6.65,6.34,6.06,,,,,,,,,,,,,,,,,,,,,,,,,,,,,,,,,,,,,,,,,,,,,,,,,,,,,,,,,,,,,,,,,,,,,,,,,,,,,,,,,,,,,,,,,,,,,,,,,,,,,,,,,,,,,,,,,,,,,,,,,,,,,,,,,,,,,,,,,,,,,,,,,,,,,,,,,,,,,,,,,,,,,,,,,,,,,,,,,,,,,,,,,,,,,,,,,,,,,,,,,,,,,,,,,,,,,,,,,,,,,,,,,,,,,,,,,,,,,
,,,,,,,,,,,,,,,,,,,,,,,,,,,,,,,,,,,,,,,,,,,,,,,,,,,,,,,,,,,,,,,,,,,,,,,,,,,,,,,,,,,,,,,,,,,,,,,,,,,,,,,,6.62,6.09,5.58,4.82,5.44,6.30,6.73,6.67,,,,,,,6.68,6.45,6.62,6.55,,,,,,,,,,,,,,,,,,,,,,,,,,,,,,,,,,,,,,,,,,,,,,,,,,,,,,,,,,,,,,,,,,,,,,,,,,,,,,,,,,,,,,,,,,,,,,,,,,,,,,,,,,,,,,,,,,,,,,,,,,,,,,,,,,,,2.17,,,,,,,,,,,,,,,,,,,,,,,,,,,,,,,,,,,,,,,,,,,,,,,,,,,,,,,,,,,,,,,,,,,,,,,,,,,,,,,,,,,,,,,,,,,,,,,,6.65,,,,,,,,,,
,,,,,,,,,,,,,,,,,,,,,,,,,,,,,,,,,,,,,,,,,,,,,,,,,,,,,,,,,,,,,,,,,,,,,,,,,,,,,,,,,,,,,,,,,,,,,,,,,,,,,,,,,5.87,5.71,4.60,4.62,5.84,5.74,6.04,5.95,,,,,,,,,,,,,,,,,,,,,,,,,,2.46,,,2.03,1.54,,,,,,,,,,,,,,,,,,,,,,,,,,,,,,,,,,,,,,,,,,,,,,,,,,,,,,,,,,,,,,,,,,,,,,,,,,,,,,,,,,,,,,,,,,,,,,,,,,,,,,,,,,,,,,3.18,0.48,,,,,,,,,,,,,,,,,,,,,,,,,,,,,,,,,,,,,,,,,,,,,,,,,,,,,,,,,,,,,,,,,,,,,,,,,,,,,,,,,,,,,,,,,,,,,,,,,,,,,,,,,,
,,,,,,,,,,,,,,,,,,,,,,,,,,,,,,,,,,,,,,,,,,,,,,,,,,,,,,,,,,,,,,,,,,,,,,,,,,,,,,,,,,,,,,,,,,,,,,,,,,,,,,,,,,5.62,5.40,4.57,3.98,3.14,4.04,4.66,4.60,5.02,4.61,4.37,,,,,,,,,,,,,,,,,,,,,,,,,1.49,0.52,-0.26,0.66,,,,,,,,,,,,,,,,,,,,,,,,,,,,,,,,,,,,,,,-0.91,,,,,,,,,,,,,,,,,,,,,,,,,,,,,,,,,,,,,,,,,,,,,,,,,,,,,,,,,,,,,,,,,,,,,,,,,,,,,,,,,,,,,,,,,,,,,,,,,,,,,,,,,,,,,,,,,,,,,,,,,,,,,,,,,,,,,,,,,,,,,,,,,,,,,,,,,,,4.40,,,,,,,,,,,,,,,,,,,,,
,,,,,,,,,,,,,,,,,,,,,,,,,,,,,,,,,,,,,,,,,,,,,,,,,,,,,,,,,,,,,,,,,,,,,,,,,,,,,,,,,,,,,,,,,,,,,,,,,,,,,,,,,,,,5.00,4.74,4.31,4.41,4.77,4.98,,,,,,,,,,,,,,,,,,,,,,,,,,,,,,,,2.07,,,,,,,,,,,,,,,,,,,,,,,,,,,,,,,,,,,,,,,,,,,,,,,,,,,,,,,,,,,,,,,,,,,,,,,,,,,,,,,,,,,,,,,,,,,,,,,,,,,,,,,,,,,,,,,,,,,,,,,,,,,,,,,,,,,,,,,,,,,,,,,,,,,,,,,,,,,,,,,,,,,,,,,,,,,,,,,,,,,,,,,,,,,,,,,,,,,,,,,,,,,,,,,,,,,,,,
,,,,,,,,,,,,,,,,,,,,,,,,,,,,,,,,,,,,,,,,,,,,,,,,,,,,,,,,,,,,,,,,,,,,,,,,,,,,,,,,,,,,,,,,,,,,,,,,,,,,,,,,,,,,,,,,,,,,,,,,,,,,,,,,,,,,,,,,,,,,,,,,,,,,,,,,0.83,,,,,,,,,,,,,,,,,,,,,,,,,,,,,,,,,,,,,,,,,,,,,,,,,,,,,,,,,,,,,,,,,,,,,,,,,,,,,,,,,,,,,,,,,,,,,,,,,,,,,,,,,,,,,,,,,,,,,,,,,,,,,,,,,,,,,,,,,,,,,,,,,,,,,,,,,,,,,,,,,,,,,,,,,,,,,,,,,,,,,,,,,,,,,,,,,,,,,,,,,,,,,,,
,,,,,,,,,,,,,,,,,,,,,,,,,,,,,,,,,,,,,,,,,,,,,,,,,,,,,,,,,,,,,,,,,,,,,,,,,,,,,,,,,,,,,,,,,,,,,,,,,,,,,,,,,,,,,,,,,,,,,,,,,,,,,,,,,,,,,,,,,,,,,,,,,,,,,,,,,0.35,,,,,,,,,,,,,,,,,,,,,,,,,,,,,,,,,,,,,,,,,,,,,,,,,,,,,,,,,,,,,,,,,,,,,,,,,,,,,,,,,,,,,,,,,,,,,,,,,,,,,,,,,,,,,,,,,,,,,,,,,,,,,,,,,,,,,,,,,,,,,,,,,,,,,,,,,,,,,,,,,,,,,,,,,,,,,,,,,,,,,,,,,,,,,,,,,,,,,,,,,,,,,,
,,,,,,,,,,,,,,,,,,,,,,,,,,,,,,,,,,,,,,,,,,,,,,,,,,,,,,,,,,,,,,,,,,,,,,,,,,,,,,,,,,,,,,,,,,,,,,,,,,,,,,,,,,,,,,,,,,,,,,,,,,,,,,,,,,,,,,,,,,,,,,,,,,,,,,,,,-0.39,,,,,,,,,,,,,,,,,,,,,,,,,,,,,,,,,,,,,,,,,,,,,,,,,,,,,,,,,,,,,,,,,,,,,,,,,,,,,,,,,,,,,,,,,,,,,,,,,,,,,,,,,,,,,,,,,,,,,,,,,,,,,,,,,,,,,,,,,,,,,,,,,,,,,,,,,,,,,,,,,,,,,,,,,,,,,,,,,,,,,,,,,,,,,,,,,,,,,,,,,,,,,,
,,,,,,,,,,,,,,,,,,,,,,,,,,,,,,,,,,,,,,,,,,,,,,,,,,,,,,,,,,,,,,,,,,,,,,,,,,,,,,,,,,,,,,,,,,,,,,,,,,,,,,,,,,,,,,,,,,,,,,,,,,,,,,,,,,,,,,,,,,,,,,,,,,,,,,,,-1.06,-0.80,,,,,,,,,,,,,,,,,,,,,,,,,,,,,,,,,,,,,,,,,,,,,,,,,,,,,,,,,,,,,,,,,,,,,,,,,,,,,,,,,,,,,,,,,,,,,,,,,,,,,,,,,,,,,,,,,,,,,,,,,,,,,,,,,,,,,,,,,,,,,,,,,,,,,,,,,,,,,,,,,,,,,,,,,,,,,,,,,,,,,,,,,,,,,,,,,,,,,,,,,,,,,,
,,,,,,,,,,,,,,,,,,,,,,,,,,,,,,,,,,,,,,,,,,,,,,,,,,,,,,,,,,,,,,,,,,,,,,,,,,,,,,,,,,,,,,,,,,,,,,,,,,,,,,,,,,,,,,,,,,,,,,,,,,,,,,,,,,,,,-5.56,-5.63,-3.57,,,,,,,,,,,,,,,,,,,,,,,,,,,,,,,,,,,,,,,,,,,,,,,,,,,,,,,,,,,,,,,,,,,,,,,,,,,,,,,,,,,,,,,,,,,,,,,,,,,,,,,,,,,,,,,,,,,,,,,,,,,,,,,,,,,,,,,,,,,,,,,,,,,,,,,,,,,,,,,,,,,,,,,,,,,,,,,,,,,,,,,,,,,,,,,,,,,,,,,,,,,,,,,,,,,,,,,,,,,,,,,,
,,,,,,,,,,,,,,,,,,,,,,,,,,,,,,,,,,,,,,,,,,,,,,,,,,,,,,,,,,,,,,,,,,,,,,,,,,,,,,,,,,,,,,,,,,,,,,,,,,,,,,,,,,,,,,,,,,,,,,,,,-3.96,-3.37,,-4.75,-5.00,,,,,,,,,,,,,,,,,,,,,,,,,,,,,,,,,,,,,,,,,,,,,,,,,,,,,,,,,,,,,,,,,,,,,,,,,,,,,,,,,,,,,,,,,,,,,,,,,,,,,,,,,,,,,,,,,,,,,,,,,,,,,,,,,,,,,,,,,,,,,,,,,,,,,,,,,,,,,,,,,,,,,,,,,,,,,,,,,,,,,,,,,,,,,,,,,,,,,,,,,,,,,,,,,,,,,,,,,,,,,,,,,,,,,,,,,,
,,,,,,,,,,,,,,,,,,,,,,,,,,,,,,,,,,,,,,,,,,,,,,,,,,,,,,,,,,,,,,,,,,,,,,,,,,,,,,,,,,,,,,,,,,,,,,,,,,,,,,,,,,,,,,,,,,,,,-6.59,-3.14,-3.66,-3.03,-3.53,-3.05,-5.29,,,,,,,,,,,,,,,,,,,,,,,,,,,,,,,,,,,,,,,,,,,,,,,,,,,,,,,,,,,,,,,,,,,,,,,,,,,,,,,,,,,,,,,,,,,,,,,,,,,,,,,,,,,,,,,,,,,,,,,,,,,,,,,,,,,,,,,,,,,,,,,,,,,,,,,,,,,,,,,,,,,,,,,,,,,,,,,,,,,,,,,,,,,,,,,,,,,,,,,,,,,,,,,,,,,,,,,,,,,,,,,,,,,,,,,,,,,,
,,,,,,,,,,,,,,,,,,,,,,,,,,,,,,,,,,,,,,,,,,,,,,,,,,,,,,,,,,,,,,,,,,,,,,,,,,,,,,,,,,,,,,,,,,,,,,,,,,,,,,,,,,,,,,,,,,,,,-4.67,-4.39,-5.47,-7.62,-6.71,-6.35,-6.55,-7.11,,,,,,,,,,,,,,,,,,,,,,,,,,,,,,,,,,,,,,,,,,,,,,,,,,,,,,,,,,,,,,,,,,,,,,,,,,,,,,,,,,,,,,,,,,,,,,,,,,,,,,,,,,,,,,,,,,,,,,,,,,,,,,,,,,,,,,,,,,,,,,,,,,,,,,,,,,,,,,,,,,,,,,,,,,,,,,,,,,,,,,,,,,,,,,,,,,,,,,,,,,,,,,,,,,,,,,,,,,,,,,,,,,,,,,,,,,,
,,,,,,,,,,,,,,,,,,,,,,,,,,,,,,,,,,,,,,,,,,,,,,,,,,,,,,,,,,,,,,,,,,,,,,,,,,,,,,,,,,,,,,,,,,,,,,,,,,,,,,,,,,,,,,,,,,,-3.13,-4.71,-6.55,-7.88,-9.08,-9.04,-6.64,-8.67,-7.10,,,,,,,,,,,,,,,,,,,,,,,,,,,,,,,,,,,,,,,,,,,,,,,,,,,,,,,,,,,,,,,,,,,,,,,,,,,,,,,,,,,,,,,,,,,,,,,,,,,,,,,,,,,,,,,,,,,,,,,,,,,,,,,,,,,,,,,,,,,,,,,,,,,,,,,,,,,,,,,,,,,,,,,,,,,,,,,,,,,,,,,,,,,,,,,,,,,,,,,,,,,,,,,,,,,,,,,,,,,,,,,,,,,,,,,,,,,,
,,,,,,,,,,,,,,,,,,,,,,,,,,,,,,,,,,,,,,,,,,,,,,,,,,,,,,,,,,,,,,,,,,,,,,,,,,,,,,,,,,,,,,,,,,,,,,,,,,,,,,,,,,,,,,,,,-3.40,-3.18,-6.57,-10.54,-9.48,-6.25,-3.98,-5.12,,,,,,,,,,,,,,,,,,,,,,,,,,,,,,,,,,,,,,,,,,,,,,,,,,,,,,,,,,,,,,,,,,,,,,,,,,,,,,,,,,,,,,,,,,,,,,,,,,,,,,,,,,,,,,,,-13.30,-14.34,-14.32,-14.16,,,,,,,,,,,,,,,,,,,,,,,,,,,,,,,,,,,,,-30.87,,,,,,,,-18.02,-15.15,-13.87,-13.81,,,,,,,,-9.52,-10.72,-10.21,,,,,,,,,,,,,,,,,,,,,,,,,,,,,,,,,,,,,,,,,,,,,,,,,,,,,,,,,,,,,,,,,,
,,,,,,,,,,,,,,,,,,,,,,,,,,,,,,,,,,,,,,,,,,,,,,,,,,,,,,,,,,,,,,,,,,,,,,,,,,,,,,,,,,,,,,,,,,,,,,,,,,,,,,,,,,,,,,,-5.31,-4.08,-5.85,-10.43,-11.77,-8.19,-6.76,-7.26,-7.81,,,,,,,,,,,,,,,,,,,,,,,,,,,,,,,,,,,,,,,,,,,,,,,,,,,,,,,,,,,,,,,,,,,,,,,,,,,,,,,,,,,,,,,,,,,,,,,,,,,,,,,,,,,,,-12.38,-12.39,-14.03,-17.26,-19.70,-22.12,-23.04,-19.77,-15.51,-15.29,,,,,,,,,,,,,,,,,,,,,,,,,,,,-19.82,-16.16,-26.47,-25.92,-29.31,-31.87,-34.02,-34.96,-34.63,-32.90,-30.52,-28.14,-27.10,-24.59,-20.75,-18.73,-21.90,-22.83,-20.98,-19.19,-18.92,-16.44,-13.25,-10.35,-11.38,-10.12,-14.21,-17.50,-16.46,-12.56,-8.60,0.00,,,0.00,0.00,-3.76,-9.71,-10.72,-10.55,-11.42,-10.77,-9.21,,-5.30,-13.32,-14.81,-14.84,-15.00,-14.37,-14.60,-14.87,-15.48,-15.14,-14.85,-14.46,-13.63,-12.35,-11.15,,,,,,,,,,,,,,,,,,,-8.11,-8.37,,,,,,,,,,,,,,,,
,,,,,,,,,,,,,,,,,,,,,,,,,,,,,,,,,,,,,,,,,,,,,,,,,,,,,,,,,,,,,,,,,,,,,,,,,,,,,,,,,,,,,,,,,,,,,,,,,,,,,,,,,,,,,,-4.58,-7.15,-7.03,-10.52,-9.77,-6.62,,,,,,,,,,,,,,,,,,,,,,,,,,,,,,,,,,,,,,,,,,,,,,,,,,,,,,,,,,,,,,,,,,,,,,,,,,,,,,,,,,,,,,,,,,,,,,,,,,,,,,,,,,,,-11.73,-13.11,-14.14,-14.16,-14.85,-14.05,-16.16,-18.58,-21.76,-23.44,-25.43,-25.49,-22.55,-21.07,-22.77,-20.85,-20.70,-20.83,-19.93,-16.80,-16.22,-15.11,-15.25,-14.28,-13.38,-13.67,-13.17,,,,,,,,,,,-18.91,-20.82,-22.43,-24.02,-26.23,-27.72,-29.54,-32.02,-33.54,-35.57,-37.98,-39.59,-40.46,-40.15,-38.88,-37.45,-36.34,-34.80,-32.51,-28.91,-28.16,-27.52,-26.90,-26.52,-26.03,-25.23,-23.74,-21.55,-20.22,-19.04,-18.41,-17.83,-17.96,-16.93,-15.86,-13.72,-15.18,-15.28,-13.97,-14.06,-14.27,-15.69,-17.05,-17.39,-18.05,-18.71,-17.76,-16.63,-16.06,-16.17,-18.66,-19.52,-20.96,-21.94,-22.12,-22.22,-22.19,-22.27,-22.29,-21.77,-20.60,-19.87,-18.46,-16.39,-13.56,-13.93,-13.61,,,,,,,,,,,,,,,,,,-9.40,,,,,,,,,,,,,,,
,,,,,,,,,,,,,,,,,,,,,,,,,,,,,,,,,,,,,,,,,,,,,,,,,,,,,,,,,,,,,,,,,,,,,,,,,,,,,,,,,,,,,,,,,,,,,,,,,,,,,,,,,,,-5.22,-8.08,-6.69,,,-6.00,-12.14,-11.47,-10.58,-8.80,0.00,-10.19,-8.58,,,,,,,,,,,,,,,,,,,,,,,,,,,,,,,,,,,,,,,,,,,,,,,,,,,,,,,,,,,,,,,,,,,,,,,,,,,,,,,,,,,,,,,,,,,,,-12.29,-15.52,-14.76,,,,,-13.60,-16.91,-18.58,-19.58,-20.72,-22.05,-22.53,-22.36,-22.96,-21.68,-24.09,-26.61,-29.00,-30.84,-31.75,-31.11,-29.70,-30.64,-31.99,-31.85,-30.84,-30.85,-30.03,-27.70,-25.13,-23.14,-21.88,-20.68,-19.81,-18.14,-15.74,-4.73,,,,,,,-16.02,-18.83,-22.04,-25.70,-27.88,-29.34,-31.01,-33.15,-35.04,-36.39,-37.38,-38.53,-40.22,-41.81,-42.95,-43.53,-43.55,-43.03,-42.09,-40.75,-38.92,-36.67,-34.67,-32.88,-31.34,-30.62,-30.52,-30.19,-29.58,-28.89,-28.25,-27.64,-27.05,-26.40,-25.62,-24.83,-24.03,-23.56,-23.19,-22.74,-22.24,-21.78,-21.71,-22.10,-22.64,-23.15,-23.62,-23.94,-23.94,-23.73,-23.37,-23.19,-23.25,-23.66,-24.36,-25.38,-26.33,-27.07,-27.33,-27.45,-27.36,-26.78,-26.04,-25.03,-23.74,-22.00,-19.88,-19.95,-18.91,-15.03,-15.32,-15.85,-16.50,-15.74,-14.86,-14.77,-13.85,-13.10,-12.44,,,,,,,,,,,,,,,,,,,,,,,,
,,,,,,,,,,,,,,,,,,,,,,,,,,,,,,,,,,,,,,,,,,,,,,,,,,,,,,,,,,,,,,,,,,,,,,,,,,,,,,,,,,,,,,,,,,,,,,,,,,,,,,,,-8.52,-3.99,,-5.96,-9.21,-11.85,-10.40,-6.02,-10.23,-13.07,-18.04,-19.27,-15.64,-11.65,-11.11,,,,,,,,,,,,,,,,,,,,,,,,,,,,,,,,,,,,,,,,,,,,,,,,,,,,,,,,,,,,,,,,,,,,,,,,,,,,,-11.27,-11.42,,,,,,,,,,,0.00,0.00,0.00,0.00,0.00,-12.72,-17.51,-17.98,-17.16,-18.14,-18.23,-11.97,-16.87,-21.04,-23.93,-25.55,-27.40,-28.87,-29.83,-30.19,-29.96,-29.76,-30.17,-31.42,-33.31,-34.43,-35.37,-36.11,-36.69,-37.02,-37.38,-37.44,-37.19,-36.89,-35.38,-32.59,-30.46,-28.61,-25.80,-23.13,-19.92,-15.66,-13.97,,,0.00,-12.37,-16.75,-17.04,-19.78,-21.85,-24.67,-27.36,-30.15,-32.60,-34.28,-35.89,-37.53,-38.99,-40.34,-41.59,-42.78,-43.89,-44.89,-45.66,-46.15,-46.23,-45.80,-44.89,-43.54,-41.77,-39.91,-38.11,-36.44,-35.01,-34.05,-33.50,-33.01,-32.47,-32.02,-31.71,-31.59,-31.62,-31.64,-31.25,-30.51,-29.49,-28.74,-28.35,-27.95,-27.43,-26.98,-26.74,-26.67,-26.76,-26.91,-27.06,-27.25,-27.46,-27.50,-27.47,-27.33,-27.27,-27.53,-28.12,-28.80,-29.21,-29.48,-29.41,-29.35,-29.46,-29.49,-29.24,-28.71,-27.87,-26.78,-25.53,-24.70,-23.89,-22.67,-22.05,-21.86,-21.36,-20.27,-19.47,-19.29,-19.15,-18.89,-18.61,-18.99,-17.67,-17.60,-16.04,-13.24,,,,,,,,,,,,,,,,,,,
,,,,,,,,,,,,,,,,,,,,,,,,,,,,,,,,,,,,,,,,,,,,,,,,,,,,,,,,,,,,,,,,,,,,,,,,,,,,,,,,,,,,,,,,,,,,,,,,,,,,,,,-7.64,-7.35,-6.27,-6.57,,-6.43,-7.86,-10.94,-7.99,-10.66,-15.61,-19.92,-21.92,-19.87,-15.03,-12.56,-12.35,,,,,,,,,,,,,,,,,,,,,,,,,,,,,,,,,,,,,,,,,,,,,,,,,,-9.85,-9.83,0.00,-8.77,-9.21,-9.38,,-8.79,-7.94,-8.15,,-7.78,-7.88,-8.18,-8.78,-8.94,-9.48,-9.75,-10.16,-10.88,-10.92,-10.67,-10.75,-10.96,-11.81,-12.10,-13.28,-13.54,-13.98,-13.65,-13.85,-12.84,-10.76,-14.48,-14.50,-14.66,-14.11,-13.71,-16.03,-16.81,-17.70,-19.05,-19.98,-20.66,-22.17,-24.13,-25.34,-26.15,-25.66,-23.86,-23.79,-25.72,-27.88,-29.45,-30.76,-32.06,-33.05,-33.91,-34.24,-34.45,-34.99,-35.78,-36.65,-37.53,-38.19,-39.14,-39.90,-40.06,-39.97,-39.89,-39.66,-38.96,-37.41,-34.92,-32.50,-29.99,-27.15,-24.40,-19.54,-15.73,-15.41,,-12.44,-15.14,-20.59,-24.33,-25.59,-26.62,-28.23,-30.05,-32.17,-34.26,-36.07,-37.66,-39.13,-40.48,-41.78,-42.98,-44.11,-45.10,-45.96,-46.78,-47.45,-47.87,-47.82,-47.31,-46.41,-45.15,-43.65,-42.13,-40.63,-39.21,-37.96,-36.99,-36.26,-35.69,-35.25,-34.94,-34.82,-34.93,-35.23,-35.61,-35.70,-35.04,-34.01,-32.92,-32.08,-31.50,-30.97,-30.48,-30.11,-29.90,-29.76,-29.67,-29.70,-29.87,-30.00,-30.07,-30.13,-30.17,-30.27,-30.42,-30.63,-30.89,-30.98,-30.79,-30.88,-31.10,-31.21,-31.24,-30.85,-30.24,-29.76,-29.12,-28.44,-27.88,-27.29,-26.73,-26.22,-25.71,-25.15,-24.63,-24.25,-24.00,-24.01,-24.21,-24.40,-24.46,-24.29,-24.80,-23.08,-17.39,-13.46,-16.66,-13.91,-15.33,-17.51,-16.15,-16.36,,,,,,,,,,,,
,,,,,,,,,,,,,,,,,,,,,,,,,,,,,,,,,,,,,,,,,,,,,,,,,,,,,,,,,,,,,,,,,,,,,,,,,,,,,-10.52,-11.25,-10.58,-10.37,-11.22,-11.91,-11.93,,,,,,,,,,,,,,,,,,,,-7.65,-8.20,-9.15,-8.78,-8.21,-8.82,-10.39,-10.87,-9.66,-9.51,-13.71,-17.74,-21.28,-21.85,-18.30,-15.32,-13.37,,,,,,,,,,,,,,,,,,,,,,,,,,,,,,,,,,,,,,,,,,,,,,,,-10.48,-10.10,-12.00,-13.09,-11.67,-11.70,-13.10,-14.51,-14.89,-12.05,-12.74,-12.16,-10.21,-11.82,-12.68,-13.97,-16.04,-16.65,-17.37,-17.82,-17.19,-17.87,-19.53,-20.74,-21.34,-21.16,-20.85,-20.75,-20.82,-21.07,-21.51,-21.16,-20.14,-19.54,-19.58,-19.90,-19.87,-19.86,-19.52,-19.92,-21.01,-22.68,-23.92,-24.81,-25.76,-26.95,-27.87,-28.71,-30.01,-31.86,-32.42,-32.28,-32.41,-33.04,-33.54,-34.18,-35.11,-35.88,-36.58,-36.83,-37.24,-38.22,-39.02,-39.57,-40.01,-40.48,-41.15,-41.86,-41.98,-41.49,-40.92,-40.27,-39.50,-38.13,-36.04,-33.88,-31.63,-29.24,-26.50,-23.10,-18.97,-16.14,-15.68,-18.57,-18.41,-21.93,-25.17,-27.10,-28.99,-30.10,-31.34,-33.25,-35.08,-36.80,-38.33,-39.74,-41.08,-42.40,-43.68,-44.85,-45.96,-46.98,-47.89,-48.68,-49.17,-49.33,-49.17,-48.72,-47.94,-46.93,-45.72,-44.41,-43.08,-41.79,-40.64,-39.70,-38.95,-38.34,-37.84,-37.50,-37.35,-37.54,-37.96,-38.50,-38.69,-37.80,-36.85,-35.95,-35.11,-34.40,-33.82,-33.23,-32.69,-32.33,-32.08,-31.96,-32.00,-32.22,-32.46,-32.69,-32.91,-33.05,-33.04,-33.02,-33.03,-32.95,-32.82,-32.56,-32.40,-32.16,-31.88,-31.70,-31.56,-31.11,-30.62,-30.38,-30.15,-29.71,-29.25,-28.90,-28.60,-28.35,-28.17,-27.99,-27.79,-27.57,-27.38,-27.35,-27.48,-27.66,-27.85,-27.93,-27.23,-22.23,-18.42,-17.72,-21.20,-19.84,-20.96,-23.01,-22.55,-23.49,-22.32,-18.17,,,,,,,,,
,,,,,,,,,,,,,,,,,,,,,,,,,,,,,,,,,,,,,,,,,,,,,,,,,,,,,,,,,,,,,,,,,,,,,,,,,,-0.44,0.00,-11.48,-7.41,-11.38,-12.44,-12.55,-12.78,-12.59,-11.02,-9.48,-11.42,-10.54,0.00,-13.52,-11.05,-12.39,-11.90,,,,,,,,-5.66,,,,,-9.71,-9.55,-8.66,-8.53,-8.15,-8.47,-7.76,-8.37,-10.38,-14.10,-18.44,-22.00,-23.17,-20.37,-17.89,-14.47,-15.53,,,,,,,,,,,,,,,,,,,,,,,,,,,,,,,,,,,,,,,,,,0.00,-11.87,,-11.98,-10.36,-11.91,-11.97,-14.90,-17.07,-18.37,-19.48,-20.73,-21.97,-21.43,-20.75,-18.56,-17.73,-18.68,-21.23,-23.45,-24.57,-26.25,-28.23,-29.75,-30.02,-29.61,-29.50,-30.04,-30.26,-30.67,-31.45,-31.03,-30.71,-30.04,-30.82,-30.49,-29.57,-28.98,-28.83,-28.53,-29.78,-31.81,-33.25,-34.00,-32.28,-31.54,-31.39,-31.32,-31.12,-32.35,-33.55,-34.11,-34.80,-36.04,-37.49,-38.10,-38.35,-38.67,-39.10,-39.51,-39.92,-40.20,-40.31,-40.34,-40.50,-40.90,-41.38,-41.82,-42.22,-42.51,-42.70,-42.76,-42.60,-42.12,-41.56,-40.93,-40.10,-39.17,-37.26,-35.08,-33.26,-30.87,-27.87,-24.42,-20.71,-18.39,-19.86,-22.17,-22.87,-23.95,-25.42,-26.73,-28.54,-30.08,-31.37,-33.26,-35.04,-36.70,-38.26,-39.72,-41.31,-42.89,-44.26,-45.49,-46.65,-47.63,-48.51,-49.37,-50.10,-50.54,-50.67,-50.50,-50.05,-49.40,-48.60,-47.67,-46.63,-45.47,-44.27,-43.11,-42.10,-41.25,-40.56,-40.01,-39.68,-39.59,-39.66,-39.93,-40.29,-40.30,-39.71,-38.97,-38.21,-37.45,-36.73,-36.08,-35.50,-34.98,-34.54,-34.23,-34.05,-33.98,-34.06,-34.29,-34.57,-34.78,-34.83,-34.72,-34.64,-34.56,-34.48,-34.26,-33.95,-33.51,-32.84,-32.69,-32.78,-32.81,-32.65,-32.33,-31.93,-31.64,-31.37,-31.03,-30.77,-30.60,-30.51,-30.54,-30.57,-30.43,-30.23,-30.07,-29.91,-29.83,-29.78,-29.76,-29.58,-28.61,-26.77,-24.07,-22.87,-24.40,-26.74,-27.49,-25.46,-24.71,-21.65,-21.70,-17.81,,,,,,,,,
,,,,,,,,,,,,,,,,,,,,,,,,,,,,,,,,,,,,,,,,,,,,,,,,,,,,-7.13,-15.65,-13.71,-8.88,-5.62,-12.51,-12.95,-13.09,-12.87,-12.01,-11.38,-11.71,,-11.63,-10.72,,,,,,,,-7.34,-3.28,-11.88,-11.82,-12.03,-12.60,-13.41,-14.13,-13.49,-12.60,-14.63,-18.49,-18.52,-17.47,-17.08,-16.94,-17.69,-17.83,-17.97,-18.27,-17.91,-17.94,-16.95,-15.51,-6.96,-13.11,-15.55,-14.43,-13.23,-10.14,-11.56,-10.52,-10.12,-12.21,-10.45,-13.08,-13.68,-15.00,-17.43,-19.73,-21.27,-23.18,-21.18,-19.75,-17.42,-16.53,-15.61,,,,,,,,,,,,,,,,,,,,,,,,,,,,,,,,,,,,,,-12.79,-11.41,,,,-12.42,-15.04,-15.38,-15.40,-16.46,-17.56,-18.93,-20.80,-22.05,-23.31,-24.38,-25.45,-26.37,-26.53,-26.91,-27.06,-26.43,-26.66,-27.82,-28.82,-29.69,-30.62,-31.69,-32.60,-33.28,-33.88,-34.34,-34.76,-35.17,-35.51,-35.76,-35.83,-35.91,-36.05,-36.28,-36.50,-36.65,-36.78,-37.00,-37.39,-38.02,-38.89,-39.32,-39.43,-39.25,-38.72,-37.85,-37.70,-38.07,-38.57,-39.19,-39.79,-40.46,-41.16,-41.93,-42.64,-43.19,-43.67,-44.13,-44.56,-44.65,-44.36,-44.19,-44.13,-44.15,-44.14,-44.12,-44.05,-43.84,-43.62,-43.23,-42.51,-41.99,-41.32,-40.68,-39.86,-38.56,-36.82,-35.17,-32.80,-30.10,-27.60,-25.19,-23.46,-23.86,-26.06,-27.77,-28.42,-29.61,-30.19,-30.51,-30.97,-31.78,-33.26,-34.73,-36.38,-37.95,-39.39,-41.12,-42.80,-44.29,-45.58,-46.68,-47.67,-48.65,-49.66,-50.57,-51.20,-51.59,-51.67,-51.47,-51.02,-50.42,-49.74,-48.96,-48.10,-47.19,-46.26,-45.35,-44.41,-43.56,-42.82,-42.26,-41.91,-41.72,-41.66,-41.72,-41.78,-41.66,-41.24,-40.62,-39.98,-39.39,-38.84,-38.27,-37.65,-37.04,-36.44,-35.92,-35.53,-35.34,-35.39,-35.55,-35.74,-35.92,-36.00,-35.84,-35.69,-35.54,-35.44,-35.31,-34.92,-34.78,-34.56,-34.32,-34.29,-34.21,-34.07,-33.91,-33.67,-33.35,-33.06,-32.83,-32.64,-32.49,-32.44,-32.30,-32.03,-31.68,-31.41,-31.17,-30.85,-30.46,-30.23,-30.09,-29.74,-29.03,-28.13,-28.13,-28.93,-25.95,-22.98,-23.56,-19.37,-17.12,-15.83,-19.70,,,,,,,,,,
,,,,,,,,,,,,,,,,,,,,,,,,,,,,,,,,,,,,,,,0.00,,,,-13.77,-14.58,-14.00,-15.34,-11.89,-13.96,-13.67,-14.92,-14.35,-14.42,-16.34,-14.55,-15.08,-14.85,-13.58,-15.40,-15.88,-14.83,-15.21,-14.73,-14.29,-13.70,-14.01,-12.28,-12.24,-12.71,-12.16,,,,,,,0.00,0.00,-11.62,-12.05,-14.54,-16.70,-18.23,-19.21,-19.81,-20.04,-20.17,-20.71,-21.54,-22.27,-22.76,-23.15,-23.52,-23.74,-23.61,-23.17,-22.35,-21.24,-20.82,-20.53,-19.99,-18.87,-17.86,-17.51,-17.62,-17.80,-18.10,-18.76,-18.79,-19.25,-20.29,-21.91,-23.32,-23.81,-22.33,-21.08,-18.63,-18.28,-16.32,-16.07,,,,,,,,,,,,,,,,,,,,,,,,,,,,,,,,,,,,,,0.00,-12.51,-12.74,,-14.72,-14.89,-15.57,-16.79,-17.70,-19.18,-20.27,-22.13,-24.27,-26.20,-27.47,-28.58,-29.38,-30.66,-31.56,-31.72,-31.67,-31.54,-31.33,-31.07,-30.96,-31.11,-31.45,-32.03,-32.84,-33.82,-34.77,-35.39,-35.92,-36.51,-37.20,-37.74,-38.08,-38.39,-38.69,-39.04,-39.44,-39.87,-40.28,-40.66,-41.00,-41.34,-41.65,-41.90,-42.07,-42.22,-42.24,-42.14,-41.99,-41.90,-42.14,-42.54,-43.03,-43.53,-44.07,-44.62,-45.21,-45.80,-46.39,-46.97,-47.54,-48.09,-48.21,-47.80,-47.36,-46.97,-46.63,-46.30,-45.98,-45.65,-45.17,-44.65,-44.13,-43.39,-42.40,-41.46,-41.01,-40.02,-38.89,-37.81,-36.63,-35.32,-33.19,-31.20,-29.69,-29.05,-29.18,-29.52,-29.79,-30.50,-31.64,-32.14,-32.45,-33.10,-34.09,-34.92,-36.05,-37.58,-39.13,-40.71,-42.14,-43.56,-45.18,-46.44,-47.40,-48.26,-49.07,-49.99,-50.85,-51.54,-51.93,-52.07,-51.98,-51.67,-51.18,-50.57,-49.87,-49.08,-48.30,-47.53,-46.76,-46.03,-45.32,-44.66,-44.03,-43.55,-43.27,-43.11,-43.00,-42.87,-42.62,-42.18,-41.64,-41.08,-40.51,-40.01,-39.52,-38.97,-38.37,-37.72,-37.10,-36.56,-36.21,-36.27,-36.40,-36.48,-36.48,-36.36,-36.19,-36.08,-35.91,-35.88,-35.92,-35.78,-35.64,-35.39,-35.31,-35.26,-35.18,-35.04,-34.86,-34.68,-34.51,-34.31,-34.12,-33.99,-33.89,-33.77,-33.49,-32.94,-32.30,-31.56,-30.87,-30.21,-29.50,-29.10,-28.57,-27.63,-26.72,-25.62,-24.89,-23.39,-19.07,-18.64,-16.01,,,,,,,,,,,,,,
,,,,,,,,,,,,,,,,,,,,,,,,,,,,,,,,0.00,-11.36,-14.51,-15.93,-15.82,-17.04,-16.67,-16.95,-17.80,-18.57,-19.58,-19.23,-19.89,-19.96,-21.10,-23.15,-22.30,-22.16,-22.98,-23.63,-23.91,-24.13,-23.92,-23.69,-23.53,-23.32,-23.21,-23.11,-22.67,-21.88,-21.23,-20.62,-19.77,-17.54,-17.19,-16.30,-13.92,-17.16,-14.59,-14.64,-14.12,-14.48,-15.04,-14.95,-15.21,-15.03,-13.73,-15.84,-15.54,-16.66,-17.90,-18.67,-19.27,-19.75,-20.16,-20.69,-21.27,-21.93,-22.74,-23.74,-24.42,-24.77,-24.53,-24.01,-23.27,-22.24,-21.22,-20.10,-18.92,-17.58,-16.34,-15.43,-15.51,-16.51,-17.20,-17.31,-17.39,-18.24,-19.07,-19.73,-20.13,-18.07,-16.84,-15.64,-15.03,,,,,,,,,,,,,,,,,,,,,,,,,,,,,,,,,,,,,-15.01,-15.48,-16.19,-16.84,-16.51,-16.57,-16.57,-17.81,-17.13,-18.57,-20.16,-21.47,-22.75,-24.72,-27.47,-28.71,-29.30,-29.96,-30.39,-30.89,-31.12,-31.31,-31.55,-31.80,-32.00,-32.22,-32.49,-32.69,-32.89,-33.08,-33.38,-33.82,-34.47,-35.17,-35.86,-36.32,-36.81,-37.37,-37.95,-38.52,-38.98,-39.46,-39.93,-40.43,-40.88,-41.27,-41.63,-42.02,-42.49,-43.06,-43.56,-43.96,-44.31,-44.62,-44.87,-45.08,-45.31,-45.47,-45.69,-45.99,-46.33,-46.68,-47.04,-47.47,-47.93,-48.44,-48.94,-49.39,-49.79,-50.08,-50.12,-49.88,-49.51,-49.08,-48.64,-48.14,-47.66,-47.14,-46.60,-46.11,-45.55,-44.95,-44.30,-43.59,-42.88,-41.90,-40.80,-39.83,-38.89,-38.00,-37.20,-36.43,-35.68,-35.00,-34.49,-34.12,-33.85,-33.77,-33.96,-34.34,-34.89,-35.37,-35.84,-36.51,-37.47,-38.73,-40.27,-41.73,-43.20,-44.61,-45.79,-46.81,-47.76,-48.57,-49.37,-50.28,-51.16,-51.78,-52.23,-52.47,-52.51,-52.36,-51.96,-51.41,-50.72,-49.99,-49.27,-48.57,-47.93,-47.32,-46.69,-46.09,-45.56,-45.08,-44.72,-44.50,-44.33,-44.12,-43.81,-43.36,-42.83,-42.29,-41.75,-41.18,-40.55,-39.88,-39.20,-38.54,-37.91,-37.31,-36.88,-36.92,-37.01,-37.02,-36.90,-36.65,-36.49,-36.39,-36.33,-36.22,-36.21,-36.24,-36.12,-35.96,-35.85,-35.80,-35.68,-35.63,-35.54,-35.41,-35.29,-35.17,-34.94,-34.69,-34.49,-34.29,-34.00,-33.63,-33.14,-32.57,-31.94,-30.67,-29.58,-28.60,-27.66,-26.68,-24.67,-22.85,-20.32,-17.18,,,,,,,,,,,,,,,,,
,,,,,,,,,,,,,,,,,,,,,,,,,,,,,-16.71,-14.82,-15.29,-14.62,-14.98,-18.42,-20.41,-21.88,-23.22,-23.50,-23.69,-24.68,-25.58,-26.18,-26.77,-28.20,-28.84,-28.46,-28.82,-28.78,-28.69,-28.98,-29.26,-29.36,-29.67,-30.12,-29.79,-29.37,-28.50,-27.79,-27.26,-26.44,-25.51,-24.98,-23.80,-22.78,-21.71,-20.99,-21.64,-20.84,-19.88,-19.63,-19.42,-19.42,-19.38,-19.54,-19.90,-20.27,-20.58,-20.74,-20.77,-20.83,-21.03,-21.37,-21.72,-22.16,-22.63,-23.12,-23.66,-24.15,-24.59,-24.86,-24.89,-24.79,-24.53,-24.34,-24.25,-23.82,-22.91,-22.06,-21.26,-20.09,-17.48,-15.17,-14.44,-14.65,-14.87,-15.01,-15.64,-15.53,-14.51,-10.24,-13.65,-12.28,-13.14,,,,,,,,,,,,,,,,,,,,,,,,,,,,,,,,,,,-16.27,-16.83,-17.38,-18.43,-19.41,-20.31,-21.81,-23.01,-23.71,-24.07,-24.36,-24.76,-25.09,-25.29,-25.47,-25.75,-26.44,-27.40,-28.44,-29.08,-29.76,-30.20,-30.51,-30.71,-30.93,-31.14,-31.31,-31.49,-31.60,-31.73,-32.06,-32.38,-32.66,-33.03,-33.58,-34.14,-34.66,-35.19,-35.64,-36.09,-36.51,-36.98,-37.53,-38.17,-38.77,-39.22,-39.65,-40.13,-40.59,-41.12,-41.57,-41.96,-42.40,-42.96,-43.69,-44.39,-44.87,-45.26,-45.67,-46.09,-46.54,-47.00,-47.44,-47.86,-48.24,-48.59,-48.94,-49.34,-49.79,-50.25,-50.71,-51.10,-51.34,-51.49,-51.52,-51.41,-51.12,-50.77,-50.40,-50.05,-49.70,-49.20,-48.72,-48.25,-47.78,-47.26,-46.67,-46.03,-45.50,-45.04,-44.57,-43.93,-43.19,-42.45,-41.64,-40.85,-40.11,-39.38,-38.73,-38.20,-37.82,-37.57,-37.43,-37.36,-37.37,-37.52,-37.70,-38.05,-38.59,-39.25,-40.16,-41.27,-42.47,-43.59,-44.69,-45.89,-47.14,-48.22,-49.11,-49.86,-50.72,-51.42,-51.95,-52.31,-52.54,-52.62,-52.56,-52.36,-51.98,-51.47,-50.81,-50.01,-49.38,-48.86,-48.40,-47.95,-47.50,-47.03,-46.55,-46.18,-45.86,-45.56,-45.22,-44.84,-44.38,-43.82,-43.21,-42.54,-41.83,-41.12,-40.44,-39.74,-39.05,-38.39,-37.80,-37.37,-37.21,-37.21,-37.25,-37.22,-37.07,-36.81,-36.64,-36.55,-36.42,-36.33,-36.31,-36.34,-36.27,-36.21,-36.16,-36.08,-35.96,-35.87,-35.81,-35.75,-35.67,-35.54,-35.39,-35.25,-35.11,-34.94,-34.64,-34.17,-33.67,-33.28,-32.75,-32.07,-31.45,-30.94,-30.04,-28.36,-26.27,-22.30,-17.37,,,,,,,,,,,,,,,,,
,,,,,,,,,,,,,,,,,,,,,-8.21,-18.02,-19.91,-20.77,-20.26,-20.13,-19.08,-19.43,-17.96,-15.72,-17.54,-18.38,-19.25,-18.88,-20.50,-22.02,-23.12,-23.87,-24.53,-25.12,-25.46,-25.78,-26.18,-26.58,-26.94,-27.34,-27.64,-28.07,-28.69,-28.83,-28.51,-28.10,-28.27,-27.90,-28.22,-28.65,-28.62,-28.19,-27.60,-26.86,-26.25,-25.61,-24.70,-23.93,-23.18,-22.58,-22.12,-21.80,-21.63,-21.55,-21.56,-21.64,-21.79,-22.04,-22.34,-22.64,-22.92,-23.24,-23.60,-24.01,-24.43,-24.84,-25.23,-25.59,-25.89,-26.20,-26.47,-26.66,-26.93,-27.29,-27.57,-27.62,-28.09,-24.56,-22.49,-22.15,-21.37,-19.92,-20.46,-19.90,-20.01,-18.72,-16.81,-16.25,-15.63,-14.70,-10.75,,,,,,,,,,,,,,,,,,,,,,,-16.24,-13.59,-18.81,-18.58,-18.39,-18.27,,,,,,,,,-17.63,-17.40,-18.93,-19.82,-21.00,-22.78,-24.02,-24.69,-24.97,-25.18,-25.36,-25.52,-25.67,-25.95,-26.33,-26.70,-27.27,-27.71,-28.06,-28.21,-28.40,-28.62,-28.94,-29.38,-29.81,-30.21,-30.39,-30.49,-30.61,-30.78,-31.10,-31.46,-31.75,-32.03,-32.25,-32.52,-32.80,-33.25,-33.84,-34.35,-34.81,-35.21,-35.58,-35.93,-36.32,-36.79,-37.39,-38.17,-38.84,-39.39,-39.89,-40.38,-40.94,-41.47,-41.91,-42.31,-42.72,-43.19,-43.75,-44.34,-44.90,-45.47,-45.93,-46.33,-46.77,-47.23,-47.78,-48.35,-48.87,-49.37,-49.84,-50.35,-50.87,-51.41,-51.92,-52.35,-52.52,-52.51,-52.42,-52.23,-51.95,-51.65,-51.37,-51.10,-50.84,-50.57,-50.30,-50.00,-49.61,-49.20,-48.76,-48.20,-47.63,-47.13,-46.70,-46.27,-45.78,-45.26,-44.71,-44.16,-43.65,-43.17,-42.75,-42.37,-42.04,-41.77,-41.55,-41.41,-41.32,-41.27,-41.27,-41.41,-41.69,-42.11,-42.67,-43.40,-44.22,-45.13,-46.11,-47.15,-48.14,-49.01,-49.79,-50.52,-51.15,-51.61,-52.14,-52.38,-52.55,-52.64,-52.58,-52.40,-52.09,-51.69,-51.19,-50.63,-50.04,-49.54,-49.10,-48.71,-48.38,-48.07,-47.71,-47.22,-46.84,-46.48,-46.08,-45.61,-45.08,-44.48,-43.84,-43.11,-42.35,-41.64,-40.96,-40.22,-39.52,-38.87,-38.33,-37.94,-37.68,-37.52,-37.42,-37.25,-37.08,-36.94,-36.81,-36.65,-36.51,-36.38,-36.32,-36.32,-36.34,-36.33,-36.31,-36.29,-36.26,-36.23,-36.15,-36.03,-35.96,-35.88,-35.78,-35.67,-35.52,-35.35,-35.12,-34.80,-34.48,-34.26,-34.07,-33.70,-33.29,-33.09,-32.56,-31.20,-28.33,-23.88,-22.72,-19.91,-17.53,0.00,-18.43,-23.91,-24.36,-20.96,,,,,,,,,,
,,,,,,,,,,,,,,,0.00,-3.47,-11.84,-14.29,,,-17.38,-16.74,-12.04,-10.36,-15.16,-20.16,-21.19,-21.80,-22.09,-22.45,-22.79,-22.95,-23.07,-22.98,-22.94,-23.16,-23.06,-22.80,-22.71,-22.81,-23.06,-23.36,-23.78,-24.26,-24.66,-25.00,-25.31,-25.58,-25.87,-26.16,-26.41,-26.57,-26.63,-26.69,-26.78,-26.85,-26.89,-26.97,-27.04,-26.95,-26.65,-26.20,-25.69,-25.20,-24.73,-24.31,-23.98,-23.74,-23.67,-23.77,-23.98,-24.20,-24.46,-24.78,-25.11,-25.45,-25.76,-26.09,-26.43,-26.79,-27.13,-27.46,-27.75,-27.98,-28.20,-28.44,-28.70,-29.02,-29.38,-29.84,-31.21,-33.38,-33.05,-31.10,-24.64,-19.77,-19.44,-20.50,-20.10,-19.06,-18.00,-15.14,-15.69,-7.12,-13.40,-14.01,,-15.39,-15.51,-16.17,-16.06,-9.25,0.00,,,,,,,,,,,,,,,,-15.04,-20.98,-21.29,-21.46,-21.30,-20.49,-19.95,-17.27,,,,,,,-18.55,-19.23,-20.52,-21.62,-22.09,-22.28,-22.04,-21.72,-21.41,-21.35,-21.47,-21.91,-22.93,-23.98,-24.99,-25.92,-26.55,-26.97,-27.20,-27.40,-27.57,-27.79,-28.09,-28.44,-28.92,-29.39,-29.79,-30.18,-30.53,-30.93,-31.41,-31.81,-32.04,-32.21,-32.45,-32.70,-32.94,-33.20,-33.46,-33.82,-34.26,-34.76,-35.23,-35.69,-36.16,-36.58,-37.05,-37.60,-38.35,-39.00,-39.54,-40.03,-40.54,-41.03,-41.55,-42.08,-42.58,-43.04,-43.49,-43.90,-44.40,-44.95,-45.52,-46.05,-46.49,-46.94,-47.39,-47.89,-48.47,-49.07,-49.61,-50.13,-50.60,-51.08,-51.53,-51.98,-52.37,-52.64,-52.80,-52.85,-52.82,-52.70,-52.54,-52.34,-52.18,-52.03,-51.93,-51.79,-51.63,-51.33,-50.89,-50.41,-49.99,-49.61,-49.30,-48.97,-48.63,-48.32,-48.05,-47.80,-47.54,-47.23,-46.94,-46.60,-46.25,-45.90,-45.55,-45.24,-44.98,-44.76,-44.61,-44.50,-44.52,-44.74,-45.04,-45.45,-45.96,-46.58,-47.28,-47.98,-48.65,-49.33,-49.98,-50.59,-51.17,-51.66,-52.09,-52.44,-52.69,-52.82,-52.84,-52.76,-52.60,-52.35,-51.98,-51.55,-51.08,-50.57,-50.07,-49.62,-49.15,-48.73,-48.40,-48.06,-47.60,-47.25,-46.95,-46.57,-46.14,-45.64,-45.04,-44.36,-43.55,-42.78,-42.07,-41.35,-40.62,-39.90,-39.15,-38.56,-38.17,-37.93,-37.79,-37.67,-37.55,-37.47,-37.30,-37.11,-36.95,-36.74,-36.62,-36.54,-36.50,-36.49,-36.49,-36.44,-36.33,-36.24,-36.19,-36.15,-36.09,-36.03,-35.97,-35.88,-35.75,-35.55,-35.29,-35.00,-34.65,-34.14,-33.42,-32.62,-31.65,-30.51,-30.08,-28.60,-26.56,-26.91,-23.78,-26.56,-22.36,-21.06,-19.16,-12.05,-20.37,,,,,,,,,,,,
,,,,,,,,,,,,,,,-0.76,-15.05,-18.42,-20.06,-19.78,-19.82,-20.21,,,0.00,-1.68,-7.81,-11.64,-17.45,-20.44,-19.97,-21.10,-21.36,-21.57,-21.64,-21.60,-21.50,-21.36,-21.32,-21.29,-21.28,-21.33,-21.46,-21.77,-22.25,-22.76,-23.33,-23.86,-24.34,-24.68,-25.07,-25.51,-25.81,-26.04,-26.22,-26.39,-26.57,-26.76,-26.95,-27.15,-27.13,-26.61,-26.09,-25.70,-25.43,-25.27,-25.19,-25.21,-25.37,-25.63,-25.98,-26.27,-26.57,-26.89,-27.22,-27.60,-28.00,-28.42,-28.81,-29.13,-29.32,-29.45,-29.57,-29.77,-30.09,-30.47,-30.89,-31.26,-31.60,-31.75,-31.26,-30.50,-30.26,-30.15,-28.59,-27.17,-24.90,-22.65,-19.80,-19.89,-19.89,-19.79,-19.06,-15.56,0.00,,,,-16.28,-15.99,-13.22,-3.91,0.00,0.00,0.00,,,,-13.07,-17.13,-6.11,,,,,,,,-20.48,-19.78,-22.87,-23.64,-24.04,-24.27,-24.07,-22.88,-20.17,-11.55,,,,,,0.00,0.00,-5.64,-14.34,-11.73,-7.10,-11.35,-17.59,-21.26,-21.88,-22.26,-22.54,-22.91,-22.89,-23.10,-23.40,-23.79,-24.43,-25.28,-26.34,-26.97,-27.44,-27.82,-28.39,-29.29,-29.76,-30.29,-30.93,-31.47,-31.99,-32.47,-32.65,-32.77,-32.89,-33.03,-33.19,-33.39,-33.61,-33.94,-34.37,-34.80,-35.25,-35.73,-36.21,-36.70,-37.15,-37.55,-37.98,-38.55,-39.19,-39.75,-40.23,-40.67,-41.09,-41.54,-42.05,-42.58,-43.09,-43.53,-43.97,-44.44,-44.94,-45.49,-46.08,-46.59,-47.05,-47.50,-47.96,-48.53,-49.13,-49.75,-50.33,-50.82,-51.27,-51.71,-52.13,-52.50,-52.85,-53.19,-53.53,-53.74,-53.78,-53.75,-53.67,-53.57,-53.45,-53.32,-53.17,-53.01,-52.79,-52.55,-52.29,-52.02,-51.76,-51.50,-51.27,-51.06,-50.85,-50.67,-50.49,-50.30,-50.11,-49.88,-49.67,-49.44,-49.20,-48.96,-48.74,-48.53,-48.35,-48.24,-48.21,-48.25,-48.34,-48.59,-48.89,-49.27,-49.68,-50.04,-50.39,-50.76,-51.14,-51.52,-51.88,-52.22,-52.52,-52.75,-52.93,-53.02,-53.04,-52.99,-52.86,-52.66,-52.39,-52.09,-51.72,-51.29,-50.79,-50.30,-49.73,-49.24,-48.82,-48.41,-48.06,-47.77,-47.49,-47.17,-46.76,-46.26,-45.74,-45.13,-44.43,-43.76,-43.10,-42.43,-41.76,-41.07,-40.32,-39.64,-39.12,-38.72,-38.44,-38.30,-38.22,-38.12,-37.95,-37.82,-37.71,-37.51,-37.21,-36.85,-36.68,-36.62,-36.59,-36.53,-36.35,-36.12,-35.94,-35.87,-35.86,-35.81,-35.73,-35.61,-35.46,-35.24,-34.95,-34.57,-34.22,-33.71,-33.30,-33.23,-32.96,-31.58,-29.93,-28.13,-27.28,-25.06,-19.53,-19.36,-19.22,,,,,,,,,,,,,,,,,
,,,,,,,,,,,,,,,,,,,,,,,,,0.00,0.00,,0.00,-12.53,-19.96,-20.20,-20.52,-20.79,-20.96,-21.14,-21.22,-21.27,-21.51,-21.87,-22.11,-22.25,-22.37,-22.50,-22.63,-22.93,-23.31,-23.55,-23.77,-24.03,-24.27,-24.47,-24.73,-25.03,-25.29,-25.50,-25.74,-26.00,-26.26,-26.48,-26.45,-25.96,-25.34,-24.74,-24.42,-24.41,-24.62,-24.91,-25.32,-25.70,-26.12,-26.57,-27.04,-27.58,-28.13,-28.65,-29.14,-29.56,-30.04,-30.53,-31.03,-31.47,-31.89,-32.18,-32.24,-32.31,-32.16,-31.99,-31.90,-31.72,-31.22,-30.58,-30.14,-29.28,-28.63,-28.31,-28.01,-27.10,-25.71,-24.25,-22.97,-21.53,-20.15,-18.32,-12.51,-14.34,-17.43,-4.77,-0.76,-4.39,-17.55,0.00,,-13.80,-14.16,-17.38,-18.86,-19.30,-17.82,-19.46,-5.08,,,,,-19.38,-19.84,-20.93,-22.04,-22.57,-22.82,-23.22,-23.17,-23.00,-22.51,-21.93,-19.29,,,0.00,-19.65,-14.98,-12.08,-20.58,-20.07,-20.09,-20.11,-20.71,-21.44,-20.86,-23.37,-24.67,-25.73,-25.56,-25.78,-26.04,-26.03,-26.24,-26.39,-26.61,-27.29,-28.24,-28.91,-29.16,-29.39,-29.58,-29.93,-30.32,-30.65,-31.06,-31.50,-31.81,-32.14,-32.49,-32.84,-33.14,-33.36,-33.56,-33.74,-33.93,-34.19,-34.54,-34.97,-35.40,-35.76,-36.04,-36.32,-36.65,-37.05,-37.48,-37.91,-38.35,-38.85,-39.36,-39.87,-40.36,-40.82,-41.27,-41.72,-42.19,-42.65,-43.13,-43.65,-44.14,-44.69,-45.27,-45.91,-46.53,-47.12,-47.64,-48.17,-48.69,-49.22,-49.80,-50.36,-50.90,-51.35,-51.88,-52.32,-52.70,-53.08,-53.49,-53.96,-54.27,-54.40,-54.47,-54.46,-54.43,-54.37,-54.31,-54.25,-54.19,-54.14,-54.10,-54.06,-54.00,-53.91,-53.78,-53.63,-53.44,-53.26,-53.07,-52.84,-52.60,-52.35,-52.10,-51.84,-51.58,-51.31,-51.07,-50.86,-50.71,-50.58,-50.53,-50.53,-50.56,-50.72,-50.92,-51.18,-51.45,-51.72,-51.91,-52.10,-52.24,-52.36,-52.52,-52.63,-52.70,-52.69,-52.73,-52.77,-52.79,-52.77,-52.70,-52.58,-52.44,-52.22,-51.92,-51.52,-51.08,-50.54,-50.10,-49.72,-49.37,-48.98,-48.64,-48.36,-48.01,-47.61,-47.22,-46.82,-46.39,-45.88,-45.35,-44.81,-44.27,-43.63,-42.90,-42.23,-41.52,-40.83,-40.27,-39.75,-39.32,-39.04,-38.88,-38.81,-38.73,-38.61,-38.39,-38.19,-37.92,-37.64,-37.41,-37.30,-37.11,-37.01,-36.88,-36.67,-36.42,-36.12,-36.01,-35.97,-35.92,-35.81,-35.63,-35.21,-34.62,-34.03,-33.44,-32.74,-31.76,-30.36,-29.16,-28.38,-28.31,-27.68,-28.48,-26.80,-24.18,-21.83,-16.14,,,,,,,,,,,,,,,,,,
,,,,,,,,,,,,,,,,-20.33,-20.42,-20.52,-14.40,0.00,0.00,-6.07,-20.49,-21.04,-17.96,-17.68,-22.32,-22.71,-22.08,-23.25,-23.43,-23.36,-23.19,-22.94,-22.74,-22.62,-22.57,-22.57,-22.61,-22.75,-22.91,-23.09,-23.24,-23.35,-23.44,-23.42,-23.40,-23.44,-23.50,-23.59,-23.65,-23.73,-23.87,-24.03,-24.19,-24.30,-24.39,-24.48,-24.51,-24.36,-24.07,-23.70,-23.40,-23.29,-23.39,-23.73,-24.34,-25.05,-25.78,-26.42,-27.01,-27.65,-28.30,-28.90,-29.44,-29.94,-30.40,-30.91,-31.41,-31.84,-31.95,-31.91,-31.91,-31.95,-32.01,-31.89,-31.68,-31.46,-31.30,-31.06,-30.74,-30.15,-29.42,-28.70,-28.11,-27.24,-26.41,-25.56,-24.67,-23.66,-22.49,-21.43,-20.42,-19.81,-19.62,-19.52,-19.40,-19.44,-19.82,-19.63,-18.44,-19.37,-19.19,-16.16,-2.06,0.00,0.00,,,,,,,,,,,-21.95,-21.86,-21.84,-21.71,-21.46,-21.35,,,-21.67,-21.64,-22.08,-21.70,-23.21,-24.01,-24.71,-25.11,-25.26,-25.38,-25.53,-25.66,-25.87,-26.20,-26.78,-27.34,-27.60,-27.68,-27.82,-28.02,-28.28,-28.54,-28.89,-29.41,-29.90,-30.26,-30.63,-31.02,-31.37,-31.73,-32.05,-32.32,-32.56,-32.76,-32.87,-32.95,-33.05,-33.13,-33.21,-33.33,-33.45,-33.61,-33.78,-34.08,-34.46,-34.78,-35.14,-35.58,-36.03,-36.47,-36.86,-37.20,-37.52,-37.77,-38.02,-38.30,-38.59,-38.90,-39.26,-39.63,-40.06,-40.49,-40.95,-41.44,-41.93,-42.46,-43.02,-43.64,-44.28,-44.86,-45.35,-45.84,-46.33,-46.84,-47.40,-48.00,-48.59,-49.22,-49.84,-50.42,-50.97,-51.56,-52.13,-52.63,-53.03,-53.34,-53.60,-53.81,-54.04,-54.22,-54.37,-54.45,-54.51,-54.50,-54.53,-54.54,-54.50,-54.47,-54.43,-54.39,-54.33,-54.25,-54.15,-54.03,-53.93,-53.86,-53.73,-53.57,-53.38,-53.18,-52.99,-52.78,-52.58,-52.38,-52.19,-52.02,-51.86,-51.73,-51.66,-51.62,-51.58,-51.55,-51.54,-51.64,-51.70,-51.80,-51.88,-51.96,-52.04,-52.13,-52.16,-52.18,-52.20,-52.24,-52.26,-52.29,-52.26,-52.22,-52.15,-52.02,-51.82,-51.58,-51.26,-50.90,-50.49,-50.11,-49.78,-49.47,-49.18,-48.84,-48.45,-47.98,-47.55,-47.17,-46.78,-46.33,-45.85,-45.38,-44.88,-44.35,-43.78,-43.20,-42.60,-42.02,-41.47,-40.95,-40.47,-40.04,-39.56,-39.20,-38.94,-38.66,-38.48,-38.39,-38.36,-38.32,-38.25,-38.15,-38.03,-37.85,-37.68,-37.50,-37.27,-37.15,-37.02,-36.88,-36.77,-36.57,-36.30,-36.09,-35.88,-35.55,-34.96,-34.24,-33.48,-32.63,-31.97,-31.67,-31.56,-31.87,-33.06,-34.03,-31.22,-26.32,-25.47,-24.99,-23.73,-21.23,,,,,,,,,,,,,,,,
,,,,,-20.91,-20.91,-20.93,-15.53,-21.12,,,,,,,0.00,0.00,0.00,,,0.00,0.00,,-21.77,-21.66,-21.59,-21.87,-22.30,-22.64,-22.90,-23.04,-23.02,-22.95,-22.86,-22.83,-22.93,-23.16,-23.44,-23.68,-23.90,-24.16,-24.43,-24.42,-24.23,-23.96,-23.69,-23.57,-23.62,-23.76,-23.83,-23.85,-23.75,-23.66,-23.68,-23.78,-23.78,-23.64,-23.44,-23.16,-22.78,-22.49,-22.41,-22.15,-22.10,-22.30,-22.74,-23.39,-24.21,-25.01,-25.71,-26.37,-27.16,-28.26,-29.28,-30.23,-30.84,-31.11,-31.26,-31.33,-31.40,-31.47,-31.55,-31.63,-31.74,-31.83,-31.85,-31.64,-31.43,-31.35,-31.24,-31.02,-30.49,-29.97,-29.62,-29.22,-28.63,-27.82,-27.13,-26.52,-25.87,-25.04,-24.14,-23.38,-22.69,-22.17,-21.87,-21.69,-21.63,-21.56,-21.35,-21.17,-21.03,-20.79,-19.34,-20.90,-20.59,-20.74,-21.01,-16.87,,,-22.65,-24.45,-24.42,-24.67,-25.21,-26.11,-26.72,-27.22,-27.24,-25.99,-24.39,-23.13,-20.80,-21.55,-23.48,-24.12,-25.72,-27.40,-28.79,-29.36,-29.84,-30.15,-30.28,-30.31,-30.36,-30.44,-30.59,-30.79,-30.98,-31.14,-31.25,-31.36,-31.49,-31.64,-31.78,-31.86,-31.93,-32.04,-32.21,-32.41,-32.64,-32.89,-33.21,-33.52,-33.75,-33.96,-34.08,-34.20,-34.32,-34.43,-34.51,-34.62,-34.75,-34.87,-35.12,-35.37,-35.61,-35.88,-36.20,-36.50,-36.86,-37.16,-37.50,-37.86,-38.19,-38.47,-38.74,-38.94,-39.19,-39.45,-39.75,-39.94,-40.29,-40.60,-40.87,-41.14,-41.39,-41.64,-41.93,-42.28,-42.69,-43.16,-43.65,-44.20,-44.74,-45.33,-45.93,-46.48,-46.99,-47.51,-48.04,-48.61,-49.20,-49.82,-50.42,-50.99,-51.58,-52.14,-52.59,-52.95,-53.24,-53.44,-53.64,-53.80,-53.96,-54.10,-54.20,-54.28,-54.38,-54.49,-54.55,-54.58,-54.55,-54.51,-54.49,-54.44,-54.39,-54.33,-54.22,-54.10,-53.95,-53.79,-53.63,-53.44,-53.22,-53.01,-52.78,-52.56,-52.34,-52.12,-51.92,-51.71,-51.51,-51.33,-51.20,-51.08,-51.05,-51.02,-51.06,-51.15,-51.22,-51.26,-51.35,-51.41,-51.49,-51.53,-51.60,-51.63,-51.65,-51.66,-51.66,-51.65,-51.56,-51.44,-51.24,-51.01,-50.77,-50.50,-50.20,-49.89,-49.61,-49.30,-49.02,-48.75,-48.48,-48.19,-47.85,-47.46,-47.04,-46.47,-45.85,-45.18,-44.59,-44.14,-43.73,-43.30,-42.87,-42.45,-41.99,-41.55,-41.19,-40.85,-40.52,-40.24,-40.03,-39.90,-39.81,-39.72,-39.58,-39.42,-39.25,-39.04,-38.90,-38.82,-38.72,-38.59,-38.46,-38.36,-38.28,-38.20,-38.13,-38.05,-37.97,-37.85,-37.68,-37.50,-37.28,-37.05,-36.78,-36.52,-36.20,-35.82,-35.32,-34.25,-32.99,-32.09,-30.82,-30.11,-29.93,-29.85,-27.33,-24.93,-25.78,-27.38,-26.26,-22.57,-23.28,,,,,,,,,,,
,,,,,,-21.16,-21.14,-20.04,-21.26,-14.32,-5.07,-5.06,-2.58,-2.44,-14.12,-12.89,-12.26,-16.50,-19.28,-22.08,-22.11,-22.18,-22.33,-22.51,-22.73,-22.96,-23.17,-23.32,-23.48,-23.69,-23.93,-24.03,-24.05,-24.05,-24.06,-24.09,-24.15,-24.32,-24.41,-24.44,-24.46,-24.42,-24.26,-24.01,-23.79,-23.68,-23.68,-23.63,-23.67,-23.76,-23.79,-23.76,-23.74,-23.85,-24.01,-24.01,-23.93,-23.82,-23.70,-23.53,-23.26,-22.86,-22.40,-22.26,-22.66,-23.29,-24.00,-24.65,-25.35,-26.11,-26.86,-27.58,-28.33,-29.06,-29.66,-30.19,-30.70,-31.07,-31.34,-31.58,-31.78,-31.94,-32.08,-32.21,-32.35,-32.49,-32.48,-32.36,-32.13,-31.80,-31.57,-31.38,-31.06,-30.72,-30.22,-29.78,-29.44,-29.12,-28.76,-28.28,-27.73,-27.11,-26.53,-26.05,-25.57,-25.24,-25.02,-24.85,-24.71,-24.58,-24.45,-24.22,-23.88,-23.31,-22.94,-22.73,-22.02,-22.17,-22.92,-24.15,-25.05,-26.42,-27.79,-29.49,-31.00,-31.53,-31.83,-31.75,-31.48,-30.52,-29.57,-29.41,-29.17,-29.01,-29.03,-29.21,-29.62,-30.35,-31.24,-31.77,-31.98,-32.10,-32.24,-32.40,-32.54,-32.66,-32.77,-32.87,-33.00,-33.11,-33.18,-33.24,-33.30,-33.40,-33.52,-33.66,-33.84,-34.04,-34.25,-34.47,-34.68,-34.90,-35.11,-35.30,-35.48,-35.60,-35.75,-35.90,-36.11,-36.32,-36.55,-36.80,-37.05,-37.27,-37.42,-37.61,-37.83,-38.07,-38.30,-38.53,-38.78,-39.01,-39.25,-39.41,-39.61,-39.82,-40.01,-40.23,-40.39,-40.62,-40.87,-41.11,-41.34,-41.57,-41.80,-42.02,-42.26,-42.53,-42.85,-43.17,-43.49,-43.85,-44.18,-44.55,-44.94,-45.37,-45.86,-46.39,-46.96,-47.50,-47.98,-48.43,-48.86,-49.35,-49.91,-50.49,-51.05,-51.63,-52.21,-52.74,-53.11,-53.35,-53.55,-53.74,-53.82,-53.87,-53.94,-54.01,-54.02,-54.03,-54.08,-54.09,-54.10,-54.07,-54.02,-53.97,-53.89,-53.85,-53.74,-53.61,-53.49,-53.36,-53.19,-53.02,-52.86,-52.67,-52.46,-52.24,-52.01,-51.78,-51.55,-51.32,-51.14,-50.98,-50.85,-50.77,-50.72,-50.72,-50.71,-50.73,-50.78,-50.83,-50.89,-50.97,-51.03,-51.06,-51.07,-51.11,-51.15,-51.16,-51.14,-51.11,-51.07,-50.98,-50.85,-50.74,-50.61,-50.47,-50.30,-50.10,-49.87,-49.65,-49.43,-49.13,-48.81,-48.51,-48.23,-47.94,-47.61,-47.24,-46.84,-46.42,-46.01,-45.58,-45.15,-44.72,-44.28,-43.86,-43.44,-43.00,-42.54,-42.13,-41.84,-41.61,-41.39,-41.22,-41.08,-40.96,-40.86,-40.78,-40.69,-40.60,-40.49,-40.38,-40.28,-40.17,-40.05,-39.96,-39.87,-39.79,-39.70,-39.60,-39.52,-39.44,-39.37,-39.30,-39.21,-39.06,-38.89,-38.65,-38.38,-38.04,-37.57,-36.89,-36.46,-36.29,-35.73,-34.94,-35.56,-36.73,-37.87,-35.61,-33.13,-32.61,-35.23,-34.95,-30.11,-30.32,-29.93,-26.25,-25.37,-27.12,-25.90,-27.12,-25.09,-24.66,,,
-30.22,-29.63,-30.09,-26.10,-29.13,-29.76,-29.42,-28.34,-27.62,-27.17,-25.71,-24.18,-23.35,-22.91,-20.16,-12.26,-17.32,-20.89,-21.51,-22.42,-22.46,-22.52,-22.64,-22.74,-22.84,-22.95,-23.06,-23.16,-23.28,-23.43,-23.62,-23.79,-23.89,-23.88,-23.83,-23.88,-24.04,-24.28,-24.49,-24.60,-24.72,-24.86,-25.06,-25.31,-25.34,-25.37,-25.47,-25.59,-25.65,-25.69,-25.78,-25.86,-25.87,-25.81,-25.71,-25.57,-25.50,-25.53,-25.49,-25.39,-25.05,-24.63,-24.10,-23.76,-23.96,-24.82,-25.83,-26.57,-27.49,-27.98,-28.29,-28.83,-29.59,-30.26,-30.94,-31.40,-31.89,-32.43,-32.82,-33.08,-33.00,-33.15,-33.58,-33.88,-34.08,-34.41,-34.40,-34.35,-34.32,-34.14,-34.01,-33.67,-32.93,-32.08,-31.72,-31.35,-31.07,-30.84,-30.47,-30.05,-29.61,-29.21,-28.81,-28.39,-27.97,-27.62,-27.36,-27.12,-26.87,-26.73,-26.80,-26.84,-26.84,-27.02,-27.09,-26.65,-26.51,-26.77,-27.38,-27.99,-28.54,-29.12,-29.69,-30.50,-31.17,-31.60,-32.03,-32.42,-32.62,-32.72,-32.77,-32.75,-32.72,-32.69,-32.72,-32.88,-33.16,-33.43,-33.70,-33.92,-34.10,-34.21,-34.30,-34.42,-34.59,-34.78,-34.99,-35.20,-35.39,-35.57,-35.73,-35.86,-35.97,-36.05,-36.16,-36.31,-36.49,-36.69,-36.90,-37.09,-37.26,-37.42,-37.59,-37.75,-37.90,-38.05,-38.20,-38.33,-38.46,-38.59,-38.73,-38.89,-39.04,-39.19,-39.34,-39.49,-39.66,-39.86,-40.07,-40.29,-40.48,-40.68,-40.85,-40.99,-41.15,-41.29,-41.45,-41.58,-41.73,-41.92,-42.10,-42.28,-42.48,-42.67,-42.84,-43.06,-43.27,-43.48,-43.72,-43.97,-44.22,-44.51,-44.78,-45.01,-45.31,-45.67,-46.14,-46.59,-47.03,-47.51,-48.03,-48.47,-48.92,-49.41,-49.92,-50.43,-50.98,-51.43,-51.89,-52.35,-52.77,-53.17,-53.49,-53.74,-53.88,-54.04,-54.10,-54.13,-54.13,-54.10,-54.06,-54.00,-53.92,-53.87,-53.79,-53.70,-53.57,-53.46,-53.34,-53.19,-53.02,-52.86,-52.67,-52.47,-52.26,-52.03,-51.81,-51.58,-51.35,-51.14,-50.94,-50.75,-50.59,-50.44,-50.32,-50.22,-50.16,-50.12,-50.10,-50.08,-50.09,-50.13,-50.15,-50.19,-50.21,-50.21,-50.21,-50.21,-50.20,-50.21,-50.24,-50.28,-50.33,-50.38,-50.41,-50.42,-50.41,-50.34,-50.25,-50.12,-49.97,-49.80,-49.62,-49.43,-49.21,-48.98,-48.75,-48.51,-48.24,-47.92,-47.60,-47.27,-46.94,-46.61,-46.23,-45.82,-45.39,-44.97,-44.60,-44.24,-43.86,-43.49,-43.16,-42.88,-42.66,-42.48,-42.33,-42.20,-42.08,-41.97,-41.87,-41.78,-41.71,-41.63,-41.58,-41.52,-41.50,-41.47,-41.44,-41.42,-41.37,-41.30,-41.23,-41.17,-41.10,-41.03,-40.96,-40.86,-40.74,-40.58,-40.38,-40.14,-39.89,-39.65,-39.45,-39.22,-39.00,-38.85,-38.74,-38.58,-38.45,-37.60,-37.16,-36.77,-36.67,-37.19,-38.54,-37.24,-34.66,-32.55,-31.02,-33.48,-36.72,-37.60,-37.03,-38.37,-34.53,-30.86,-28.14,-30.41
-38.06,-38.69,-36.71,-36.30,-37.01,-39.05,-39.96,-41.16,-41.93,-39.84,-38.09,-38.23,-38.67,-37.23,-35.47,-33.76,-31.32,-28.26,-27.80,-27.34,-25.47,-26.19,-28.39,-27.49,-27.42,-26.35,-25.70,-25.34,-25.93,-26.36,-26.73,-27.28,-27.69,-28.22,-28.70,-28.74,-28.87,-28.58,-29.00,-29.45,-29.71,-30.14,-29.86,-29.80,-29.86,-28.92,-28.63,-28.81,-29.05,-29.46,-30.61,-31.82,-31.40,-31.72,-33.36,-33.44,-33.25,-32.89,-32.41,-31.85,-31.37,-30.81,-30.13,-29.61,-29.45,-29.82,-30.32,-30.79,-31.14,-31.45,-31.81,-32.25,-32.72,-33.16,-33.55,-33.89,-34.20,-34.39,-34.44,-34.12,-33.67,-33.41,-33.46,-33.88,-34.48,-34.94,-35.33,-35.66,-35.90,-35.14,-34.13,-33.75,-33.15,-32.25,-31.84,-31.83,-31.97,-31.95,-31.83,-31.65,-31.36,-31.02,-30.68,-30.40,-30.18,-30.06,-29.99,-29.97,-30.05,-30.23,-30.50,-30.85,-31.13,-31.47,-31.92,-32.45,-32.86,-33.08,-33.31,-33.54,-33.73,-33.99,-34.30,-34.60,-34.82,-35.00,-35.16,-35.29,-35.39,-35.47,-35.54,-35.60,-35.66,-35.74,-35.80,-35.87,-35.93,-35.98,-36.01,-36.08,-36.18,-36.31,-36.44,-36.57,-36.72,-36.85,-36.97,-37.11,-37.22,-37.34,-37.44,-37.52,-37.62,-37.73,-37.88,-38.08,-38.29,-38.53,-38.77,-39.01,-39.21,-39.35,-39.48,-39.61,-39.76,-39.90,-40.04,-40.19,-40.32,-40.44,-40.56,-40.69,-40.82,-40.96,-41.10,-41.25,-41.40,-41.56,-41.74,-41.93,-42.12,-42.30,-42.46,-42.59,-42.71,-42.84,-42.97,-43.11,-43.26,-43.41,-43.55,-43.72,-43.88,-44.06,-44.24,-44.43,-44.62,-44.85,-45.08,-45.31,-45.54,-45.76,-45.98,-46.24,-46.59,-46.95,-47.31,-47.65,-48.06,-48.52,-48.95,-49.34,-49.77,-50.21,-50.61,-51.04,-51.48,-51.94,-52.33,-52.67,-52.97,-53.20,-53.41,-53.61,-53.73,-53.88,-53.96,-53.97,-53.97,-53.96,-53.94,-53.90,-53.82,-53.74,-53.66,-53.54,-53.40,-53.27,-53.10,-52.93,-52.74,-52.55,-52.35,-52.14,-51.92,-51.70,-51.46,-51.23,-51.00,-50.78,-50.57,-50.37,-50.19,-50.03,-49.89,-49.78,-49.68,-49.60,-49.54,-49.51,-49.50,-49.51,-49.53,-49.54,-49.54,-49.54,-49.52,-49.52,-49.53,-49.57,-49.63,-49.73,-49.82,-49.91,-49.97,-50.00,-50.00,-49.98,-49.94,-49.87,-49.77,-49.65,-49.53,-49.37,-49.20,-49.01,-48.81,-48.60,-48.40,-48.19,-47.98,-47.75,-47.49,-47.21,-46.90,-46.58,-46.24,-45.92,-45.59,-45.27,-44.99,-44.74,-44.49,-44.27,-44.10,-43.94,-43.80,-43.67,-43.56,-43.46,-43.38,-43.29,-43.21,-43.15,-43.11,-43.08,-43.08,-43.07,-43.07,-43.06,-43.02,-42.97,-42.93,-42.87,-42.81,-42.78,-42.74,-42.68,-42.62,-42.55,-42.46,-42.33,-42.18,-42.00,-41.81,-41.60,-41.38,-41.14,-40.89,-40.61,-40.28,-39.95,-39.67,-39.44,-39.26,-39.96,-39.95,-39.26,-38.31,-38.83,-39.65,-39.73,-40.91,-41.62,-41.75,-42.10,-42.46,-42.41,-42.16,-40.14
-40.39,-42.54,-42.49,-42.44,-42.36,-42.22,-42.05,-41.78,-41.33,-40.81,-40.30,-39.80,-39.35,-38.92,-38.73,-38.23,-37.79,-37.89,-37.93,-37.76,-38.33,-40.47,-41.08,-41.15,-39.45,-37.97,-36.51,-35.77,-35.33,-35.05,-35.69,-36.43,-37.22,-38.95,-39.20,-39.04,-39.37,-39.51,-39.70,-39.97,-40.11,-40.14,-40.25,-39.94,-39.77,-39.72,-39.25,-38.00,-37.17,-36.07,-35.52,-35.15,-34.92,-34.77,-34.78,-34.85,-34.82,-34.83,-34.77,-34.45,-33.93,-33.37,-32.82,-32.38,-32.19,-32.27,-32.56,-32.95,-33.39,-33.86,-34.32,-34.77,-35.16,-35.48,-35.74,-35.92,-36.01,-36.01,-35.85,-35.41,-35.16,-35.02,-34.95,-34.91,-34.91,-34.94,-35.00,-35.07,-35.16,-35.23,-35.28,-35.33,-35.39,-35.44,-35.49,-35.52,-35.55,-35.57,-35.57,-35.54,-35.46,-35.33,-35.14,-34.89,-34.64,-34.47,-34.39,-34.39,-34.49,-34.67,-34.92,-35.21,-35.54,-35.89,-36.23,-36.56,-36.87,-37.15,-37.41,-37.62,-37.77,-37.86,-37.91,-37.95,-37.98,-38.02,-38.06,-38.11,-38.17,-38.24,-38.31,-38.39,-38.46,-38.53,-38.59,-38.66,-38.71,-38.74,-38.77,-38.76,-38.79,-38.81,-38.83,-38.83,-38.85,-38.87,-38.89,-38.90,-38.92,-38.96,-39.04,-39.11,-39.19,-39.30,-39.44,-39.57,-39.71,-39.82,-39.93,-40.07,-40.20,-40.33,-40.44,-40.54,-40.64,-40.78,-40.94,-41.10,-41.23,-41.37,-41.51,-41.68,-41.85,-42.02,-42.17,-42.33,-42.51,-42.68,-42.85,-43.06,-43.28,-43.49,-43.63,-43.75,-43.85,-43.95,-44.07,-44.19,-44.32,-44.44,-44.58,-44.72,-44.87,-45.02,-45.19,-45.37,-45.58,-45.80,-46.05,-46.30,-46.54,-46.79,-47.05,-47.33,-47.61,-47.90,-48.18,-48.49,-48.83,-49.20,-49.57,-49.92,-50.25,-50.59,-50.94,-51.30,-51.68,-52.00,-52.32,-52.63,-52.90,-53.12,-53.30,-53.47,-53.59,-53.67,-53.71,-53.71,-53.69,-53.67,-53.60,-53.51,-53.41,-53.31,-53.20,-53.07,-52.92,-52.76,-52.59,-52.41,-52.22,-52.02,-51.80,-51.58,-51.36,-51.13,-50.91,-50.69,-50.46,-50.25,-50.04,-49.85,-49.68,-49.53,-49.40,-49.29,-49.20,-49.13,-49.08,-49.04,-49.02,-49.00,-48.98,-48.96,-48.93,-48.91,-48.87,-48.82,-48.80,-48.83,-48.91,-49.05,-49.21,-49.37,-49.49,-49.60,-49.68,-49.73,-49.75,-49.74,-49.71,-49.67,-49.62,-49.55,-49.47,-49.36,-49.24,-49.10,-48.94,-48.78,-48.59,-48.39,-48.17,-47.92,-47.66,-47.38,-47.11,-46.83,-46.55,-46.28,-46.02,-45.79,-45.56,-45.36,-45.18,-45.04,-44.93,-44.83,-44.76,-44.70,-44.64,-44.60,-44.58,-44.57,-44.55,-44.53,-44.50,-44.49,-44.48,-44.47,-44.46,-44.44,-44.42,-44.39,-44.36,-44.34,-44.32,-44.27,-44.22,-44.18,-44.12,-44.07,-44.02,-43.96,-43.91,-43.86,-43.81,-43.76,-43.73,-43.71,-43.70,-43.69,-43.69,-43.70,-43.75,-43.80,-43.84,-43.89,-43.93,-43.96,-43.99,-44.01,-44.04,-44.08,-44.12,-44.19,-44.27,-44.36,-44.36,-41.97
-41.34,-44.77,-44.72,-44.65,-44.55,-44.45,-44.36,-44.28,-44.20,-44.10,-44.01,-43.91,-43.83,-43.74,-43.67,-43.65,-43.68,-43.69,-43.69,-43.68,-43.67,-43.67,-43.64,-43.58,-43.46,-43.23,-42.84,-42.52,-42.36,-42.27,-42.29,-42.33,-42.31,-42.35,-42.41,-42.50,-42.56,-42.57,-42.54,-42.49,-42.42,-42.32,-42.20,-42.05,-41.86,-41.66,-41.47,-41.28,-41.09,-40.88,-40.66,-40.41,-40.15,-39.85,-39.51,-39.13,-38.71,-38.24,-37.73,-37.18,-36.60,-36.02,-35.49,-35.06,-34.80,-34.74,-34.82,-35.00,-35.23,-35.48,-35.73,-35.96,-36.17,-36.37,-36.55,-36.73,-36.91,-37.07,-37.23,-37.38,-37.55,-37.73,-37.89,-38.05,-38.21,-38.39,-38.55,-38.71,-38.86,-39.01,-39.16,-39.30,-39.41,-39.51,-39.58,-39.64,-39.67,-39.67,-39.66,-39.63,-39.59,-39.54,-39.51,-39.48,-39.46,-39.46,-39.47,-39.50,-39.54,-39.61,-39.68,-39.77,-39.88,-40.00,-40.13,-40.28,-40.44,-40.60,-40.76,-40.91,-41.04,-41.15,-41.24,-41.31,-41.36,-41.39,-41.42,-41.43,-41.44,-41.43,-41.42,-41.42,-41.40,-41.39,-41.36,-41.34,-41.31,-41.27,-41.23,-41.19,-41.16,-41.12,-41.08,-41.06,-41.05,-41.04,-41.04,-41.05,-41.07,-41.12,-41.19,-41.28,-41.35,-41.41,-41.48,-41.54,-41.62,-41.68,-41.75,-41.82,-41.91,-41.99,-42.07,-42.14,-42.21,-42.30,-42.40,-42.49,-42.57,-42.67,-42.78,-42.90,-43.02,-43.14,-43.26,-43.39,-43.53,-43.68,-43.86,-44.13,-44.42,-44.65,-44.80,-44.91,-45.01,-45.12,-45.24,-45.36,-45.48,-45.58,-45.69,-45.82,-45.97,-46.12,-46.27,-46.42,-46.59,-46.77,-46.97,-47.16,-47.34,-47.54,-47.79,-48.02,-48.26,-48.53,-48.78,-49.03,-49.28,-49.53,-49.81,-50.11,-50.39,-50.68,-50.98,-51.28,-51.58,-51.86,-52.11,-52.36,-52.60,-52.82,-53.02,-53.17,-53.28,-53.36,-53.41,-53.43,-53.46,-53.46,-53.45,-53.41,-53.35,-53.27,-53.17,-53.05,-52.92,-52.78,-52.62,-52.44,-52.26,-52.08,-51.88,-51.67,-51.45,-51.24,-51.03,-50.82,-50.61,-50.41,-50.22,-50.04,-49.87,-49.72,-49.59,-49.48,-49.39,-49.31,-49.24,-49.19,-49.15,-49.13,-49.10,-49.07,-49.03,-48.98,-48.92,-48.85,-48.79,-48.79,-48.90,-49.11,-49.33,-49.53,-49.70,-49.84,-49.95,-50.04,-50.09,-50.13,-50.14,-50.12,-50.08,-50.02,-49.95,-49.86,-49.76,-49.64,-49.50,-49.34,-49.17,-48.99,-48.79,-48.58,-48.35,-48.12,-47.89,-47.66,-47.43,-47.21,-47.01,-46.82,-46.65,-46.49,-46.35,-46.24,-46.14,-46.07,-46.01,-45.97,-45.94,-45.92,-45.91,-45.91,-45.92,-45.94,-45.95,-45.97,-45.99,-46.00,-46.01,-46.02,-46.02,-46.02,-46.02,-46.00,-45.99,-45.97,-45.96,-45.94,-45.92,-45.90,-45.88,-45.86,-45.84,-45.82,-45.81,-45.80,-45.80,-45.82,-45.84,-45.88,-45.92,-45.96,-46.01,-46.07,-46.13,-46.19,-46.26,-46.31,-46.36,-46.40,-46.45,-46.49,-46.53,-46.55,-46.56,-46.57,-46.56,-42.84
-40.16,-46.30,-46.31,-46.31,-46.32,-46.32,-46.32,-46.33,-46.33,-46.34,-46.35,-46.35,-46.35,-46.35,-46.34,-46.34,-46.33,-46.33,-46.33,-46.31,-46.29,-46.27,-46.24,-46.22,-46.18,-46.14,-46.10,-46.06,-46.01,-45.95,-45.87,-45.77,-45.68,-45.59,-45.49,-45.40,-45.31,-45.21,-45.11,-45.00,-44.88,-44.75,-44.59,-44.41,-44.22,-44.00,-43.77,-43.52,-43.26,-42.99,-42.70,-42.40,-42.08,-41.74,-41.39,-41.01,-40.60,-40.16,-39.68,-39.18,-38.66,-38.15,-37.69,-37.31,-37.05,-36.94,-36.95,-37.05,-37.23,-37.44,-37.67,-37.92,-38.17,-38.43,-38.69,-38.94,-39.18,-39.42,-39.65,-39.88,-40.10,-40.32,-40.54,-40.75,-40.95,-41.15,-41.33,-41.50,-41.66,-41.80,-41.94,-42.04,-42.13,-42.20,-42.25,-42.28,-42.29,-42.29,-42.27,-42.24,-42.19,-42.14,-42.09,-42.03,-41.99,-41.96,-41.95,-41.95,-41.96,-41.99,-42.05,-42.13,-42.22,-42.32,-42.43,-42.55,-42.69,-42.83,-42.96,-43.09,-43.21,-43.32,-43.43,-43.53,-43.62,-43.69,-43.75,-43.80,-43.83,-43.85,-43.87,-43.88,-43.88,-43.86,-43.84,-43.82,-43.80,-43.76,-43.72,-43.67,-43.63,-43.58,-43.54,-43.51,-43.48,-43.45,-43.42,-43.41,-43.40,-43.40,-43.40,-43.41,-43.41,-43.43,-43.45,-43.47,-43.50,-43.53,-43.56,-43.60,-43.64,-43.68,-43.73,-43.78,-43.84,-43.90,-43.96,-44.04,-44.13,-44.22,-44.32,-44.43,-44.54,-44.66,-44.79,-44.95,-45.10,-45.25,-45.42,-45.79,-46.19,-46.36,-46.40,-46.41,-46.42,-46.43,-46.45,-46.48,-46.55,-46.63,-46.73,-46.85,-46.98,-47.12,-47.26,-47.40,-47.54,-47.70,-47.89,-48.08,-48.29,-48.51,-48.73,-48.96,-49.19,-49.43,-49.67,-49.92,-50.18,-50.41,-50.63,-50.85,-51.10,-51.34,-51.58,-51.83,-52.11,-52.39,-52.64,-52.83,-53.00,-53.13,-53.24,-53.33,-53.43,-53.52,-53.59,-53.61,-53.62,-53.62,-53.61,-53.60,-53.55,-53.46,-53.37,-53.28,-53.17,-53.04,-52.90,-52.77,-52.62,-52.46,-52.29,-52.11,-51.92,-51.73,-51.54,-51.35,-51.16,-50.97,-50.79,-50.62,-50.46,-50.31,-50.17,-50.04,-49.94,-49.84,-49.76,-49.68,-49.61,-49.55,-49.48,-49.40,-49.31,-49.22,-49.11,-48.99,-48.85,-48.75,-48.89,-49.14,-49.37,-49.57,-49.74,-49.89,-50.01,-50.10,-50.17,-50.21,-50.22,-50.21,-50.19,-50.14,-50.08,-50.01,-49.92,-49.81,-49.69,-49.55,-49.41,-49.25,-49.08,-48.90,-48.72,-48.53,-48.34,-48.15,-47.96,-47.78,-47.61,-47.45,-47.30,-47.18,-47.07,-46.98,-46.91,-46.86,-46.82,-46.79,-46.78,-46.78,-46.80,-46.81,-46.83,-46.85,-46.88,-46.92,-46.95,-46.98,-47.01,-47.05,-47.08,-47.11,-47.14,-47.17,-47.19,-47.21,-47.22,-47.23,-47.23,-47.23,-47.23,-47.23,-47.22,-47.22,-47.22,-47.23,-47.24,-47.25,-47.27,-47.31,-47.35,-47.40,-47.45,-47.51,-47.57,-47.63,-47.69,-47.74,-47.78,-47.83,-47.87,-47.91,-47.94,-47.96,-47.98,-47.99,-47.99,-41.53
-34.06,-39.48,-41.51,-42.69,-43.52,-43.75,-44.02,-44.13,-44.12,-44.12,-44.46,-45.38,-45.52,-45.53,-45.54,-45.55,-45.56,-45.57,-45.59,-45.60,-45.61,-45.62,-45.63,-45.64,-45.65,-45.65,-45.65,-45.65,-45.63,-45.61,-45.59,-45.56,-45.52,-45.48,-45.42,-45.36,-45.29,-45.21,-45.12,-45.01,-44.89,-44.76,-44.61,-44.43,-44.24,-44.02,-43.79,-43.54,-43.27,-42.99,-42.70,-42.39,-42.07,-41.73,-41.38,-41.00,-40.61,-40.19,-39.76,-39.32,-38.88,-38.46,-38.10,-37.82,-37.63,-37.56,-37.58,-37.68,-37.85,-38.05,-38.28,-38.53,-38.79,-39.06,-39.33,-39.60,-39.87,-40.13,-40.39,-40.64,-40.88,-41.12,-41.35,-41.57,-41.79,-41.99,-42.18,-42.36,-42.53,-42.68,-42.82,-42.93,-43.04,-43.13,-43.20,-43.25,-43.28,-43.30,-43.30,-43.29,-43.28,-43.26,-43.23,-43.20,-43.18,-43.17,-43.16,-43.18,-43.21,-43.25,-43.31,-43.38,-43.47,-43.57,-43.68,-43.80,-43.92,-44.05,-44.18,-44.31,-44.44,-44.55,-44.67,-44.77,-44.86,-44.94,-45.01,-45.07,-45.12,-45.17,-45.20,-45.22,-45.24,-45.25,-45.25,-45.25,-45.24,-45.23,-45.21,-45.20,-45.18,-45.16,-45.14,-45.13,-45.12,-45.10,-45.09,-45.09,-45.08,-45.08,-45.08,-45.09,-45.09,-45.11,-45.12,-45.14,-45.16,-45.19,-45.22,-45.25,-45.28,-45.32,-45.36,-45.41,-45.46,-45.52,-45.58,-45.64,-45.72,-45.81,-45.90,-46.01,-46.13,-46.26,-46.39,-46.53,-46.69,-46.87,-47.09,-47.60,-47.97,-47.95,-47.89,-47.83,-47.80,-47.78,-47.78,-47.80,-47.84,-47.89,-47.95,-48.02,-48.12,-48.23,-48.35,-48.48,-48.62,-48.78,-48.95,-49.13,-49.31,-49.50,-49.69,-49.90,-50.10,-50.32,-50.53,-50.75,-50.96,-51.18,-51.39,-51.60,-51.80,-52.00,-52.20,-52.38,-52.56,-52.72,-52.87,-53.01,-53.13,-53.23,-53.31,-53.38,-53.42,-53.45,-53.46,-53.45,-53.44,-53.41,-53.36,-53.29,-53.20,-53.10,-52.99,-52.86,-52.73,-52.58,-52.43,-52.26,-52.08,-51.89,-51.69,-51.48,-51.27,-51.06,-50.86,-50.65,-50.45,-50.25,-50.06,-49.88,-49.71,-49.55,-49.40,-49.26,-49.14,-49.03,-48.93,-48.84,-48.75,-48.67,-48.58,-48.49,-48.39,-48.28,-48.15,-48.01,-47.86,-47.75,-47.89,-48.13,-48.36,-48.57,-48.74,-48.90,-49.02,-49.12,-49.20,-49.25,-49.28,-49.29,-49.28,-49.25,-49.20,-49.14,-49.07,-48.98,-48.87,-48.76,-48.63,-48.49,-48.34,-48.19,-48.03,-47.86,-47.70,-47.53,-47.37,-47.21,-47.06,-46.93,-46.80,-46.69,-46.60,-46.52,-46.45,-46.40,-46.37,-46.34,-46.33,-46.34,-46.34,-46.36,-46.38,-46.41,-46.44,-46.47,-46.50,-46.53,-46.56,-46.59,-46.62,-46.64,-46.65,-46.67,-46.68,-46.68,-46.69,-46.68,-46.68,-46.68,-46.67,-46.67,-46.66,-46.66,-46.66,-46.66,-46.67,-46.69,-46.71,-46.74,-46.77,-46.82,-46.86,-46.91,-46.96,-47.00,-46.92,-46.02,-45.71,-45.75,-45.78,-45.68,-45.42,-45.19,-44.33,-43.09,-40.97,-35.24
