"binAges","band","ens1","ens2","ens3","ens4","ens5","ens6","ens7","ens8","ens9","ens10","ens11","ens12","ens13","ens14","ens15","ens16","ens17","ens18","ens19","ens20","ens21","ens22","ens23","ens24","ens25","ens26","ens27","ens28","ens29","ens30","ens31","ens32","ens33","ens34","ens35","ens36","ens37","ens38","ens39","ens40","ens41","ens42","ens43","ens44","ens45","ens46","ens47","ens48","ens49","ens50"
0,1,0.732669655548008,3.65357692759595,2.21405921154402,3.59266692447787,0.380084594630186,-2.73158895912953,0.751018545481296,2.78732506727019,3.39948792344033,-0.221155835086974,4.21733367833616,3.34064264224426,2.63338096930778,0.986011193690263,2.8073487572581,0.559705977169794,2.50200733086511,4.00975168090316,1.85631961562832,4.48327759591234,2.75187528353008,3.40509890656393,0.739350536906365,5.88641128757678,0.380443808611959,1.73436023105159,3.25716552063238,1.48450681156391,3.10806573913986,4.72516105497966,-0.458820775057264,2.10711296825813,0.194469186535876,3.18241786153873,2.38800466392578,2.64633466329533,3.00592242575947,2.56918374077053,4.57899463025218,2.29510402540206,2.41487234466965,1.96582628182285,4.11131935413549,2.35051765861602,0.35947943787871,0.418198803795403,-0.130853986725527,1.71620939854462,2.04619328642729,1.29359145710292
100,1,-1.39114395696011,-0.604012253003933,-0.0311601334278795,2.14705248518174,0.205985591924787,-0.767683290817348,-1.78077476299936,0.360793032547046,0.530961777492892,-1.96760455158282,-0.706588469087597,-0.978724682039739,-0.21986350318199,-0.164958636405277,-1.38190214295997,-0.977813828577813,-0.806140701932306,0.0311601334278795,-1.45695264408866,0.857859173257363,0.340574851908519,2.73061613900804,-1.69587316348639,0.670690002692118,-1.10723839980524,-1.65667638814038,0.730386351814918,0.0869924032795258,0.776060751076261,2.01963006046274,-0.328562785783093,-0.874997072624918,-2.73802580865735,0.434392107997232,0.666065651372984,0.699702764161373,-0.71718011457597,0.626622954556414,0.785282355938963,4.17504440438223,-2.76345210488807,0.137963520805918,1.73417101910843,-0.53212269207642,0.186896485995068,-1.00757385758638,0.16975130821807,-2.43939698554402,0.560230637109191,0.542529653282706
200,1,-1.83388663025797,-2.0234706468454,-1.33332428437505,-1.9325642610255,-0.760857561033698,-2.03959547858894,-2.46481167826212,1.50293972022538,-1.22400711850085,-1.9871662593218,-1.72561614142225,-0.225619795633083,-2.46232589611375,-2.14112794949861,-2.18290022015301,-0.00345021239008758,-0.0728327190506751,1.59595378381936,0.38682012651508,-0.10465983249229,-2.40618921463208,0.991567897849171,-2.66759304078695,-0.414009340378944,-1.73570255063734,-0.0534628359798545,-3.05283391559388,-4.05163892005357,0.837681367407714,0.147749713385218,2.40858742371989,-1.91267760575983,-1.29267682652788,-2.23924405812639,-0.958730167320785,0.241791788380518,-1.92006133965513,-2.84804924959723,0.387810430534604,1.79340984235481,-3.41114161567233,-1.72216658653644,0.837006675076214,-1.13683086048661,-2.23698587024151,0.570131668325239,-0.851644286890738,-2.22672272050404,0.516396950243653,2.32588927523615
300,1,-1.82188684565749,-1.75817825451402,-0.929984350653439,-0.480128203896168,-2.49778711738314,1.22164578256153,-2.54137378536362,-2.23045765533803,-2.43865630585871,0.520469658467329,0.384186598414418,-0.472685966498571,-2.41720328525771,-2.24566049811741,0.0351037503501557,1.11201987911782,-0.417746518678527,-0.47003883036365,-0.615170061177596,2.5530344862111,0.157615684223824,0.654165887559105,-3.33728515683864,-0.436140978533802,-1.3150617939127,0.287582242712722,-1.9603219863833,-1.33842976543159,-1.95913614689542,-0.460029096817095,1.42865986622433,-1.78161839978802,-0.419883734112271,-0.280017772763535,-0.190287830570941,-0.438716775197918,-0.337351164328126,-2.30021422005401,0.352978710932007,0.64524313140246,-2.05923346670089,2.11551044911592,1.25333923278363,-2.44028677632968,0.244088382755161,-0.4562470065941,0.159165644113745,-0.66667746294106,0.34760951546218,2.05480041802406
400,1,-1.22775247805951,-2.8799852974524,-0.790648526350259,-0.744107614430498,-1.01967783157208,-2.09861126232675,-0.711682888962886,0.408321424620877,0.474406419138378,-2.47018468158585,-1.72706802939967,-2.32306686281223,-1.37613870775117,-0.3132503169777,-1.4496189659697,-1.18933448048498,1.307351662448,1.11896526728759,1.29489634896498,-0.444623223387258,0.568041569896202,1.21909953627562,-1.88700617349512,0.196722171038677,-1.42373332713857,-1.90148507038051,-0.386912607091018,0.641298567449184,-0.548979394908704,2.17417957311921,1.05026146907144,-0.676669458774229,-1.19199189894207,2.13270773062475,1.60490447767661,0.254347722974572,0.5370454447957,0.383262256048977,0.206881430195373,-0.397403344171434,0.563715327147342,1.19766258697548,0.899233505509585,-1.07467960922869,0.724500226330155,0.404006953799812,0.338003077902405,0.210124052013932,-1.71475437575969,2.11779142071944
500,1,-0.49878163809562,-1.41813983857063,0.0165713631128793,-0.452193338098938,0.319045107905705,-1.17350084792501,-0.484890988509556,1.2431100593118,1.11298196220668,-1.62895067019018,-0.459700836528497,-0.967645531675072,-0.0626360710228923,0.335412665017734,0.523003465178207,-1.42449529581603,-1.40530804998546,0.133390343517348,1.62809035954751,-0.354394290617915,1.35048172579801,-0.786494950734114,-0.567628905213013,1.22152588554169,-0.49824980987943,0.558354029016001,0.997051304413876,2.69372242244493,0.806319191358683,2.66921066851667,3.41536795454211,-2.19913102066245,-2.09783428480948,1.9438402383352,0.823547813585538,-0.289072065509134,0.672981667498792,-0.301400486678271,1.06146277656251,0.780866597106322,0.527437579853003,-0.485739662782737,0.680723397243062,-0.43434329947937,0.565740537579653,0.694327149429128,-2.4505722304293,0.0194146411312119,0.504462162084968,-0.523529819884183
600,1,0.597545669720587,-0.910983402764465,-1.09989287783108,1.53183770559442,-0.904599837678234,2.08500767550952,0.81858576360546,4.10227827193243,0.338028284768993,0.696425351809362,1.07574302741417,0.213071079500436,1.31632707916523,3.45318302720373,2.21165131516795,0.100771759986863,-0.395468811750842,0.774759392702563,1.16138116163318,3.34730671020407,1.6457416057592,1.64454867442068,-0.496787220960027,1.69644782578728,2.20936616476964,-0.139052932205123,1.09518395304829,0.345777338356368,0.189007952848362,3.15260912679261,2.46593642767274,-0.587415414025765,0.466655141762345,2.05657015857826,0.1326469118137,1.55451339661014,-1.32004557747241,-0.539297001683039,0.723744483177339,0.310554205941629,-0.466374757276381,2.58430557566083,1.06790815662884,-0.174200075467705,2.09017245514121,2.68292150028174,0.0769200599217328,1.26671764464013,0.364525111486181,0.531235757836426
700,1,0.894324935242653,-0.522765221862244,-2.19724676218086,0.406357841668434,-2.75207795840681,0.805439166008737,1.94788420165889,0.979392722715877,-0.394130911931354,0.0918558462807183,1.68012907343429,0.10145904500892,0.421724038026059,-0.269329139162497,2.71216268727604,0.707113432608211,-1.56827104456098,0.508329801592561,-1.28377946895857,1.51658925602791,0.0709842420520432,-0.115821006192044,-0.806817261220457,-0.150376876658556,0.61656657678905,0.330679916332923,-0.0759521079842416,0.493166199047638,1.308612392724,0.17525159148852,0.0499506754052766,-0.474006861701862,-0.345899940694747,1.0020293447153,-1.25375301268095,0.140182829194291,-1.20381090710759,-2.04880827049595,-0.605641738128435,0.346624657658283,1.81774875027593,2.37421294961078,-0.949415622099938,-0.177396552342897,2.23822495026859,0.638632510218774,1.52072853453415,-1.30365955757844,-0.153697096905686,0.114922618361947
800,1,2.44843913946977,-1.68427977359523,-2.17569912674569,-1.46719181594223,-1.5409570107994,0.535618447904311,-0.0135518265710551,-1.74101127899843,-0.1529811931058,1.19759407862265,1.50203018259995,-1.92031335274012,-2.10643562344923,-1.25184022344592,0.894457310643501,0.12832006241831,-1.4161119670693,2.16498079704751,-0.769432035710188,0.269702488892002,-2.21175293534973,0.0235856028605938,-0.958165545280441,0.0205354074351694,0.344914451085608,0.204300592794709,-0.0505101723679267,-0.588308867343603,-0.951872191437416,-0.442057235201046,-0.153034454082676,0.405353548019266,-0.104172369244676,0.495488325191045,-1.36548472083294,-2.2024421678677,-1.6661566914921,-1.19517444767505,-2.17814929612175,-1.2077941695326,-1.3261457881844,-0.483369246570067,-1.35570975213709,-2.72806254838478,-0.117357510363629,0.570875334838803,-2.61463007584091,-2.00424789361876,-1.00308098302421,-2.05810540111128
900,1,2.26180961730995,-0.618814315113911,0.78746791326727,0.262153154299997,-2.47827948330941,-0.283349697873635,1.26952339854508,0.509881626064896,1.94148543595736,1.60212494168826,3.17232517276319,0.0698511881830722,-0.267283528856452,0.139982201892899,-1.94780506549243,-1.38390183188588,0.554185653633299,-1.32145777896994,-0.79755928346076,2.28237930966604,-1.24295684229992,-0.571560166581367,-0.735975059436442,1.18290595059339,1.5887759143041,1.97584951183048,-1.59116942716778,0.890281340428957,-1.41351313550564,3.04378337229705,0.109140499670672,0.575943013466279,-0.362318434695767,1.45104785784306,-1.51807041694645,-1.94567626537285,-1.59172183814143,-0.678759803494498,-0.747743204378767,-0.0246296909613759,-1.03387016012135,-0.468280671408203,0.230262203477465,-2.71919698977531,1.42742722464587,1.49112580000514,0.726240893304715,-0.320329119668691,-1.01260017783648,1.06329526008586
1000,1,1.35350317987827,-0.353249385728781,-0.0886524632560767,1.56158062942156,-1.24989550097093,-2.8757602599108,0.909116046101458,0.806100782430144,2.29961688936415,-1.40653909181293,1.69775390004614,0.702027961616119,1.48760872217211,-1.23524540637292,-0.683108918451055,-2.75128892563157,2.02878241663076,0.134288413677917,-0.512702995447534,3.38518641726847,-1.7834924407523,1.21836007222266,0.687056277310418,0.245056910396408,1.1247043112939,2.70592031281592,-0.741586726032941,-1.17942877534748,1.58140647964202,2.27868394009297,-0.9240412226076,1.77586836712034,-1.51425466475129,2.60810172653925,-0.209965055455874,0.747704244563992,-0.279711160288156,0.123031791165279,1.1032561118266,-1.10501795266711,0.223552687249794,0.693429389174529,1.10786333831696,-3.04081137272142,-0.621532340678298,0.718757786623671,0.273354503636579,0.825789670061871,-1.76913834699533,-0.71010469483213
1100,1,-0.0948515588584253,-0.181661835969243,0.911847634173071,2.48589196692279,-2.78535052437951,-1.29407350135956,-0.248505095395872,1.46031711585202,2.9348482490132,0.76294195142287,1.57568857811716,1.50741239532567,2.12967268918244,0.225985447352038,-0.478771953049071,1.50741666460181,0.711422042658351,-0.0711641379815225,-1.43125215770196,3.85602974065233,0.0124613342228144,1.2770806740053,-0.0821680310093685,0.241827168547445,2.49595099297096,1.94862774651564,-0.5901047153115,1.010225279695,0.326238014423478,1.97945631184366,-1.35586625891357,1.92790294321305,-0.244431990657091,1.33645800941208,-1.37449701298174,1.33366511575653,0.251999567910753,0.986451751816228,1.03540134501074,-0.748279720490864,-1.01489937692534,-1.01813712142145,-0.0577572595491764,0.589838380741472,-1.25155854043617,-1.2273594336324,-1.82461414372178,1.16294865115251,-0.821345221255978,-0.894583189715931
1200,1,0.535131991167763,0.937121963837231,-0.756438324052407,2.31848939741229,0.519123047241415,0.581880544244643,1.3619992127541,1.5616003768908,0.937475108030554,-0.13719913251079,1.62779211642998,2.50168943514009,-0.273656468689773,-0.57733174488375,-0.752354809133424,1.21036632107668,0.588383823107233,1.85249506276441,0.0489336465460656,2.54521487724912,0.606405370925318,-0.667671363325249,1.83951799437132,1.09045351564824,1.21172067135657,2.45255485725895,-0.585076301389058,0.228962360859037,1.22850785773771,1.59148343538466,2.44830266916805,0.0516485369100839,0.522900926241098,1.11103402684852,1.65723257093647,2.5731610170094,0.319807037773062,0.0986019050987783,1.49992456774101,0.248559301873587,-0.560576863219812,0.135314114036701,-0.0679830512768126,-1.53504877504204,-0.142080877554758,-1.1863857439931,1.22319757648242,1.4485569145612,1.96361372537597,-1.35019978013144
1300,1,1.63645524117931,1.48532617334047,1.40160301967484,2.01663857740811,0.259125424284944,0.995502605052465,2.63266925986513,0.0247420143797458,0.877596682710071,-0.0452769372398109,2.66465560414444,1.16330604619069,-0.420404612394425,0.553095180049682,-1.69859491503718,1.47221527288126,1.28852093925443,1.3932086683115,-2.23185626906766,1.0759782507606,0.444801129513357,-1.83934711381849,-1.33419472948384,0.708937215850411,-0.621675033637172,3.29927998890311,1.01032299058343,2.94766004551182,0.306816387173474,0.231474477905258,2.60857932400188,1.51909869219391,0.690637793567236,1.5474892200084,2.66692308161629,1.05367995229738,1.86984071971609,1.67411385436541,0.0201795293049096,1.69653718526631,-2.10214169431815,-0.671327422908421,-1.01102019865455,-1.01775787058299,-0.0974970050543165,-1.05382709591369,1.41009960775602,2.17546921205617,2.5896609103078,0.817964952008699
1400,1,2.79742618950608,0.761020824753068,2.55507307043214,1.38962495201138,1.67316931287745,-0.548529752597261,2.27918533530434,1.78181941083714,1.22939742990258,1.40042115094073,1.49684659815982,1.03365728873606,1.82533681498297,2.70699479917021,1.47372592305008,1.44592995798495,3.13220984196311,0.989425265329899,0.194327915939643,2.31981088835514,1.02122314012449,0.413531173632354,0.639807043282576,0.826556765912026,2.80212905785872,1.90188929151,1.09506385221301,2.00887942309435,2.25671745708557,0.601672839552456,0.67041841350715,1.01979634470076,1.94046722760482,2.62723236288031,2.76830549989718,1.57034994004481,4.15092387538649,2.64521896234457,0.258940153823198,1.6661733855226,0.700563113406902,2.13965913980182,1.14844963963964,-0.422878196162362,0.410540070213925,2.62369620972925,0.313052873263328,1.25142623081451,1.21236045959387,-1.19204433383738
1500,1,0.678945107686999,-0.369917582775139,0.49305520613634,-0.787471793787817,0.374061435395351,-0.984905185131317,-0.172463394915091,0.549172824061649,1.05818347981905,-0.629758338356218,0.887503351965,0.26372143390777,-0.532166484508978,0.150255697322877,0.832474655843112,1.93646248153439,1.70195979837137,1.56328612249584,-0.174887063555528,0.212543701139171,-0.101064993558779,-1.98248899984794,1.87216530039983,1.04849606458518,1.91586839716985,2.30437790103507,2.52560955202639,0.506966735032036,0.578019035015246,-1.04485621251362,1.63455233643805,-0.516809944071058,0.021641303210603,-0.643815402811601,0.733813766750316,-0.656745205401669,0.43332825633177,0.41669133045692,-0.385719533889486,0.908357800900838,-0.833614123215625,-0.548126385947834,-0.650760430566572,-0.388316399332469,0.396485817031063,-1.21299914956745,2.89188853766998,-0.324785113448947,0.398693417190302,-2.27567398717055
1600,1,-0.19077771718436,0.620052047400322,1.84755682538389,-1.12864827581663,-0.581118922543829,-1.27768487316834,-0.0599046003658206,1.98481617486809,2.14356334041444,1.33040676082577,1.09844395045249,-0.410979106525863,0.261447217449133,1.8212414429254,-0.923447049113183,-0.687635789803273,0.0788979341931058,-0.641176823976899,-1.65810180073988,1.87376441869493,0.657355639545646,-0.673798039012679,0.36871249048259,0.120103128317408,1.31320577216024,2.090779011784,1.54142054482737,0.570143352279762,0.16314057028303,1.12828564145688,3.27642243823646,-1.0974526442255,-1.13262398313544,-0.50950293455987,-0.0455195012958425,-0.568206394343321,0.081144742863474,-0.257979973964536,1.0001384295404,3.19457570751418,-1.84820380199921,-1.55925847293234,0.661062915138814,-2.36620089662082,-1.47845985253983,1.2661863744745,1.13379488203948,-1.11920942006259,-0.461215928511698,-2.88904446276147
1700,1,0.389572905565204,0.747704304087463,-0.56238644469151,0.101118147517384,1.15601544139802,0.101616801489552,-0.203872838372605,1.28864801887731,1.36917156923482,3.14741811320059,1.75881403643366,-0.0670208340136139,0.740644945036617,1.51201712934312,-0.00111283457771416,0.628773346451925,2.40637119758543,-0.0328703125256081,1.88776147061996,2.49394198338569,0.668123355509085,-0.269076470362878,1.50447087945739,1.7438046336036,0.190567267861745,2.63986105726704,0.923536252049655,0.554576923920311,2.7970804889894,2.38363765426974,0.510291895692028,-0.34530606670438,2.34198821996413,1.79219537772628,1.73833064236347,0.940346483191713,1.44446160242594,-0.849996621077848,2.03606864062985,0.495418254688437,-0.694662233856363,0.790080633897539,1.24169130211342,-1.54960071154963,-1.26857315736111,1.43336367405448,2.69030630005992,1.47684628498461,1.55888583711679,-0.0222552614476672
1800,1,1.27622679240177,-0.0680692842802293,-0.931601681687005,0.0399414150130378,0.106577228313447,1.66475814723906,-1.13498502692045,2.60209260574902,3.58207268671868,0.162881398782322,2.12020681068663,-0.372904745619001,1.29538155681429,0.755936689549307,0.221072281079316,0.35783529287816,2.61490618965446,-0.212940277569389,0.260045654174658,1.38243588153288,1.45251104041501,-1.27383566561609,0.110087346175142,0.139469425347908,-0.153688503746424,-0.253556509206026,1.06341268370314,0.00783260610855052,2.28843322868975,0.569279121477773,0.296142604896716,-1.60103122858178,2.32774274589198,-0.6090167006263,2.02980904064192,0.857299647225797,0.0542873503174864,0.0185090480872093,0.292708082023858,-1.1821506252288,0.773157694237989,2.12760256763588,-1.50335242737562,-0.395815856353925,-1.51029921824868,-2.33477981569291,-0.976026052643179,1.92281800396033,1.36233048082654,-0.608923363131754
1900,1,0.32432769433577,-0.222223331475037,0.247251273602286,0.42701496802488,0.894057422385503,1.50569509392321,-0.325749575767724,1.65997872247531,1.96055746139523,0.591163918012129,1.19726102833698,0.995728475988542,-1.35785181065615,-0.141766103281812,0.494569782684515,1.4201672087797,0.798374142649082,-1.84761393701148,0.106129396450289,-0.102192998562184,2.01910934979613,-0.606781538261913,0.0466793250214248,0.945604947398811,-0.326122202318862,0.448244333458813,0.135396369872553,-1.30258657755602,0.776783070562294,0.211087444941208,3.09581711807858,-1.11071330061084,-0.436845635854913,-0.0816828073493808,-1.48488608517102,2.73431338718733,-0.498708558492674,0.717672319501468,-0.870515448820574,-0.0094653346444642,-1.39983600081102,-0.0855158436445912,-1.05865028915865,1.85127161299421,-1.91448943632208,-0.858857334987874,2.2809222603323,1.93934647719174,1.51194728721842,-1.10867948428617
2000,1,0.520393926695111,-1.11204033569835,1.11679958191261,-0.177208406857146,0.462330067553912,3.97470142820799,1.16621404654966,2.34177727319903,1.16626873644568,-0.160974391550405,0.12174440063608,-0.894544764956219,-0.357219887265174,-0.471383260125285,-0.385064578830849,-0.37632378523852,0.189339197162881,-1.24730155662068,-3.45274451960087,0.261067016639622,0.85222352324316,-0.544598056862948,0.355935548506564,-2.63107286398141,-0.49918235930459,-0.186057760282939,0.727411675256632,-2.99147798291469,0.740871965503571,-1.23887434267225,-0.266365957843358,-1.60482933129882,0.776620207691001,-0.764021071209831,-1.66566477479397,-0.306676657085983,-1.69835096463196,2.73024876180141,-0.684751821522768,-0.392500928886268,-0.238856550233941,-3.67706254670008,-0.279969851164052,0.112078235002455,-0.856983031202108,-0.939947385083532,-1.7683193167174,0.178231736765197,-0.338025989272414,-1.63559538582567
2100,1,2.1799175874163,-1.40128858403706,-0.0025261741010465,0.678175695940956,-0.165422978905851,3.1118799547611,0.95509783248241,-0.752477178026834,0.217356653340873,0.587353061035518,0.0354379702004091,0.134820201861703,-0.633532813522754,-0.00653634854458185,1.14847997266904,-0.139216516689418,1.90333968876936,-1.57762556891011,-2.0562744528474,1.59202269270323,0.0721702846055869,-1.24915140585208,0.235164918614087,-0.423035371096041,1.07417774749524,-0.193587166443036,1.23411497585456,0.43970104346095,0.646045821233579,-0.272293456768861,-1.94049260532213,0.00208789579703228,0.368973592202531,-0.117896580324321,-0.817765473844782,-1.04243704213759,-0.213942231623642,0.890484514315476,0.947840773746456,-1.81729853840006,0.355059728876617,-1.5899929548624,-0.142198470959264,0.437754917099023,-0.946282376891438,-0.864518096682533,0.501738617800268,0.0184723056320991,-0.668072800992445,-2.43060500219012
2200,1,1.19173596233727,0.085392466783963,0.387092866957198,0.677249405415359,-0.390730880388014,0.125157873290056,-0.774214738122706,0.693294748872405,0.618396473119292,1.071042171958,-0.300470784786338,1.34409838253079,0.41812436808861,0.0176644319982138,1.51720226039134,1.35401137896332,3.22655394156128,-1.41492811352744,-0.241106579405124,0.796931532697874,0.981107075454867,-1.36043008368309,0.67648654889405,-0.507335868172211,-1.06229281043142,-0.697408921551786,-0.503212880187084,-1.08160317079106,1.48598303362946,-0.139270419007785,0.646807232120166,-1.17703327729321,1.05065425860896,-0.251358778159796,0.430248974778957,0.540240667198307,2.3710336242813,0.0380103714165001,1.04543161333819,-2.3411503830178,0.632802609879544,-1.01681474133036,-1.56335624451352,2.06311603539673,-0.941885680779752,-3.06093802642642,-0.06287722184418,0.894951569386753,1.03011945128217,-0.868553002582954
2300,1,0.792686804208003,0.0451118525861068,1.10350729487502,0.553796718324726,0.438782459510881,1.99660565007179,0.738202964642809,1.06025810372505,1.65278619115537,-0.0524896788401387,-1.09940881133819,0.384902026502838,1.26125176540629,-2.33930090392114,0.23996193735215,0.931304563314888,2.81921561716362,-1.08424306665008,-1.06772897984806,-1.06008259498639,0.233802555494659,0.813662066130759,1.20135788244287,-1.90205712429831,-0.811139151480936,-0.28643876366352,0.768768684567386,-0.403921977614081,1.6702249639289,-1.40172960493585,-1.72198642347469,-0.817214715416344,1.47280333741141,1.56777573535718,0.178538529369842,0.435371699235313,-0.759789230320116,0.888813991678455,0.711308903453359,-1.92824266593271,0.0263375170634882,-1.12740029697233,-0.923728809223714,0.381069721572947,-0.778770323931035,-2.34600984530986,-0.459224911816526,0.855992476499242,-0.350630631423641,0.546054983620969
2400,1,-0.0876222861026235,2.12787032826915,-0.872632552385229,2.27130552555655,-0.912873575674495,1.92769527458044,-0.851867495545173,0.983900595131863,0.171859932254242,-1.04156964867462,-2.25064811560051,0.251792302516809,0.907784170625231,-1.95039436668052,0.492616934395837,0.611467963638606,-1.34761908490353,0.123541702974526,-1.15549024798722,-1.35748772620043,0.182382119713135,-1.16031250220005,1.77125593896803,-0.720111857647274,-1.16516260229888,-0.6286523356713,0.372544857568615,-1.96125675907254,0.736800950699154,0.761283082696719,0.325879635172812,-1.34471943152327,-1.29564661943725,0.0496513431450767,-0.716203111195133,-0.383766088283029,-1.57871495457435,-0.263037292471757,0.560436350497874,-1.01697517195814,-0.778277301149525,0.513235459848997,-0.474700666248627,2.10521174137464,0.184101023970972,-1.74361886127638,-1.41939155708142,-0.238766439012316,0.122443300392116,2.03619420066486
2500,1,-1.91472741775758,3.27063550173798,-1.13519893961377,0.532845288384348,-0.0245849742988687,2.06896149187316,-0.153199182269554,-1.05331987073024,0.550396054607577,-1.59427034092615,-1.73947575781565,-0.739207914087604,-1.55247128251136,-2.0103324250048,-0.915870491595797,1.19461907625699,-0.944036363635056,-0.632377755455198,0.829443616392351,-0.7738606795669,-0.453796999806866,-0.698324411797309,1.8534138140946,-0.532752917358308,-0.210824622114933,0.946779942164793,-1.65567005206944,-1.59751913284,-0.226002317693827,1.35671658620295,0.7044637550264,-1.18926738361645,-1.35099351808781,1.86677738511698,1.11614697242629,-0.245048223321995,-0.0796269936088537,0.712612895442129,-0.141091380595244,1.55711425193514,0.249348117726884,-0.793300485081419,0.0709126557664507,2.0843503605377,-1.33646076874631,-0.237611668872521,0.256892196309703,2.40331009091471,-0.0521072637263411,-0.16044896383207
2600,1,-1.92641694336815,1.22049894265941,-0.964168733746374,-0.324815002095837,0.440064100513846,2.82744151109403,-0.638349793028422,-1.70767594851566,0.694675568445434,-1.59768664230372,-1.88916814380501,0.622297176343642,-0.715113496260496,-1.05073620036991,-0.180598533086647,0.0960578363141426,0.124714018581928,-1.07354115873264,-1.15861535457196,2.02181708745777,-0.793755300424676,-0.927624425823913,3.03058652325249,-1.26860281077791,-0.382351593577739,0.80817013879192,0.0183365595969559,-1.1422538686056,0.798760263107142,1.31855793799945,-0.242211874688977,-1.39111871680318,0.246233928587205,2.06890820426038,1.90926959321233,-0.55396494018771,-0.449101536284076,-0.493715529283769,-2.73907194642626,-2.53893677066032,-1.29068086714317,0.575231796310948,-1.28500376215763,0.966560166903098,-0.153197307489834,-0.669407861228364,-0.299072783024941,-0.239186619424966,-0.629035453380386,-1.38481139087477
2700,1,-1.03340126931362,-0.980246935153048,-0.716089269953781,-0.00140894510260559,-1.96152307077902,-0.118457642708085,0.413892306770548,-0.48673740652322,-0.644020239838684,0.329123008136842,-3.45815299998087,-0.943552691607736,-0.85259667520479,-1.51218286334849,1.67798437098354,0.288625156190167,0.516443573277861,-1.8684076729233,-1.06164442910806,-0.999265144276487,0.428622245310401,-0.221722956725451,1.29679239297119,-0.38351366207274,-0.334802797765668,0.313836873092479,-1.24674273397932,-1.56032573647371,0.949044397889976,-0.544565456690248,-0.446605833478359,-0.180556216323895,-1.33952172062619,1.84583518514531,-0.712070333496893,-1.34542523737986,-1.04896875163256,0.196954920648892,-0.706378382114289,-0.0273151511239329,-0.275468959505344,-0.216614415746978,-0.691543423374491,1.76387097615124,-1.07889287707891,-0.609094807450661,1.33200068294842,-0.540635386477491,0.312874502212795,-1.02943797277009
2800,1,-0.169890878027054,-3.91635946657537,-0.252105001737053,-0.195167316236167,-0.0202758452034126,0.0580629559320752,0.856104204167435,-1.51730359510947,-0.422535562819744,-0.6517974762664,-0.347208995532724,0.745971529190244,-0.175695747941813,-0.453750400903778,1.1738263717066,0.173022917611149,-0.368617615832451,-1.08898363559566,-0.846498102443913,0.460597640422139,0.450843947753681,-1.67438734560225,2.17883688411132,-0.958314993489443,-0.75846255536856,0.674789572206912,-0.386646218275464,-2.8360891222259,0.00973418010729576,-1.7626341013549,-2.84296399176907,2.18259530138538,-0.0981174242951752,0.302478823827812,-0.357013277044345,-0.237596012374679,0.308527071632707,-0.2851229544642,0.191308675955517,0.97487720744874,1.46531953546585,3.48246006418375,-0.565777252358702,-0.193812721802359,-1.37764604051238,0.136600935191039,0.405920012327812,1.02403327830968,-0.197093633008363,-1.12593550093157
2900,1,-0.373568933892526,-0.300681887238784,-1.97077536450829,-0.87132844692452,-1.45245178096601,1.54814936737151,1.93364884300416,-1.25120822121122,-0.668259036365465,0.251430434792917,0.220953574517966,0.605929760898783,-0.8416487032724,-0.745395806622864,0.431091251170215,1.0710613254876,1.46837727188091,-2.51354767375887,1.44451732771823,-0.831810952098632,1.30938179831341,-1.71082929008168,1.08484156093653,-0.460849428082314,-0.255926265869623,0.318204403439427,0.132437453357464,-2.29996893167034,0.149646036903059,-1.72985724147423,1.94112414927443,1.2425625687372,-0.158945047384953,-0.354386838679113,1.12774224836193,0.847323133525614,0.885135837114595,-0.551763551423871,0.701014966218829,-1.65935351397818,0.658301477279344,-0.0430617574444519,0.385132345222012,0.20241211468816,0.891746484346539,-1.62130219295391,0.963405793392818,0.8102140465325,2.19638424046003,1.33296934682949
3000,1,0.462652578798501,-0.423948276465811,-1.30196625978684,-0.350895543815041,-0.747907510374418,1.23625254516273,1.58870995987543,-0.819276949146798,0.149367101351137,1.25732507736137,-0.372267796281639,1.43915164798653,-0.755358809576161,1.00734023991587,2.23082455036451,-0.111708481942809,2.49602838520109,-1.67161086944433,1.72314099355237,-0.63745340618359,1.47547568915328,-1.79215147882956,1.82624365122075,0.651461729866524,0.208643642605382,1.76000017669416,-0.62417650576079,-1.84212597179982,1.39343985662915,0.0201622146240883,0.555249244891862,0.270721133968335,1.70207763530408,0.711628734661728,-0.228035344527791,-0.517028349970503,-0.299868580845411,-1.21846296172654,-0.751603722112007,1.08379648240778,4.57395224423846,1.80179136352178,0.641681822956376,-0.282674254171086,3.65378976453875,-1.08879192556989,0.365830355244941,1.913575170954,2.02644125654836,3.46379931050018
3100,1,0.625685290331277,0.493323526807018,-1.06667737232665,0.0468464214345665,0.324350276303629,2.00762264214988,0.346986472632335,-1.05248431803547,-0.0501715293103473,2.6938637891347,-0.148328824200883,0.555452713864988,-0.280932733214524,0.88247439229884,0.58201095635129,-0.551763249001752,-1.1345352343183,-2.32667744917871,0.753406785606216,-1.70148182324528,-0.0874469136858308,-1.68037837966409,1.0050600033097,0.604092293459206,-0.350141027297057,1.48775726225152,0.812413194859106,-2.15803417621661,-0.576236460481296,0.154889397054866,0.735396635993078,0.589417074961031,1.27050312135966,0.255232336762874,-0.715018613336055,0.010064556937015,1.29311921039011,-0.931143125625304,-0.572063333713362,3.11681421973442,4.2808657462521,-0.367601575849335,-0.80903163199175,0.0785391905664148,-0.196762521368334,-3.69559077700583,1.62262002937356,0.62398587097881,1.21580839806385,1.80853049232737
3200,1,0.668681265096536,1.87145817673,0.223142721771399,0.0708645838298028,1.38778933751835,0.366838749514953,1.00694709351383,1.35686572897901,-0.631400932711683,1.29717934108367,0.722065414608597,0.917414720576446,-1.0127754191836,1.169330323515,0.930438342919045,-1.04268264250818,-2.05508928708197,-0.0815286794414497,3.07137564571645,0.816328460061371,0.322685519850284,-0.951444645083529,-1.00026421256624,0.481102976147896,-0.9862372189058,0.981247877984755,0.188655008776677,0.0429804080092379,-1.3234758482146,0.585799790085058,0.338469945489885,-1.94757309107723,-0.0578248748648084,0.595257919071375,-0.330110590423481,0.345661639976204,-0.56253671393205,0.831613590899324,0.717263291665058,1.89157712463408,1.83835200650342,0.874799125418073,0.329555968997345,0.129387298072353,-0.786149778086606,-1.52359031890954,3.29741355073455,1.61089402277133,1.84972041806799,0.623218114781773
3300,1,1.20666658181998,0.330283841271563,0.639165118483955,-1.49176675104264,0.125348587224343,1.41723587542911,-0.387934103053864,-0.104990116991652,0.584663523037443,0.903256413211137,1.91900771994326,-0.972131736759464,0.967070046358701,0.358394058650423,0.984504620105756,1.32795776922009,0.756148639006474,-2.02358145086794,0.00540342286795936,-0.791692501155008,0.449747674894635,-1.5579940691411,-0.551536519995918,-1.66063934629839,0.353818822628694,0.349770028246476,-0.201978662009487,-0.277809695069134,-1.08161683352465,-0.26290909502631,1.00160228367694,0.133223352954283,-0.996006927678774,1.24285845587422,-0.151029870137572,0.680442740657375,-1.7314897341004,1.01409376394636,0.868707580410172,-1.11349878823288,0.0183914764389365,0.0666878923497605,1.79566819538837,0.595150316247372,0.795594726824429,-1.27848699198363,-4.8064232113857,-0.569855066280944,2.82091210442155,0.845734940025413
3400,1,1.55036423354572,1.86969376311187,0.700706050839697,-0.341579747008186,0.0919384124732279,0.371347952131674,1.20932153076741,-0.924288444151343,1.59788710589041,1.76116072701394,0.040744630524113,0.274195005011443,0.907802200800587,1.07153369170949,1.03121351741362,2.55357099005993,-0.0381493042864776,0.210640401421453,2.74298193522935,0.790346412629037,0.0272234448142938,1.36922328633178,1.2481809939995,1.25827397053056,-0.217324844139679,1.23865666024348,-0.621330530899899,-1.39845078682248,1.57353112781808,0.318423846629291,1.07816838578537,1.08714536382406,0.955235779330339,0.757117822966635,-0.566244294402178,0.497577465631291,-0.819215359203405,1.52392622878865,0.983719509844097,0.924000251366134,-0.618769754227418,-2.31986298281914,-0.602477826123036,1.0165646899638,-1.04936600493914,-1.42677311338689,-2.38015318514611,0.622441535889205,1.49742527793078,-1.76654133737222
3500,1,-0.0809366357871578,-0.0499269577460724,-0.276270111603887,2.62235373310241,-0.352176200187628,3.06220166431674,0.834570266125872,1.03379202127615,0.763495705576991,1.60963108203972,1.04375179079395,1.04800283924399,1.43952229647794,0.790925685722954,-0.28282778809585,2.82843645081528,2.3812978167038,0.827983177824747,4.248285247691,1.87113838422074,-1.0627892520429,1.10357198361039,1.4089254255606,0.222713412792428,0.882164586727511,3.34630076575475,0.74231657372683,2.42251231098191,1.54818090756872,0.0581302424743255,1.97364470921514,2.27804986290337,-0.388874744880373,1.79551381903596,-0.476765906113236,-0.0213680172003817,0.30606194111995,3.15103823530644,0.536268759874595,1.24219486822752,1.07830007142546,2.18329262363453,-0.658007951074892,2.85868415273726,0.12890652134269,-1.9420149885274,-0.994734230476822,1.2350968024506,0.69570958227118,-1.30550643954428
3600,1,0.251702387649681,0.637301960928924,1.9500164468932,2.87667732686236,0.420393952516081,3.81284564424743,0.286650208270942,-0.254200717591548,0.215190106383301,1.34310037818056,0.129384190491991,0.842568772820038,1.14541620509521,1.15794651969258,1.97193254538118,2.68825680555637,-2.37989031947262,1.85565259568615,5.35172926332804,0.662957144586488,0.402501668520273,0.896910809636577,3.10007131508047,-0.0401648833169537,0.618668584509707,1.27874267335685,0.385567971114662,2.25366751629391,3.64212567686226,0.471765009625831,3.18576232045635,2.18384607967385,0.723170933452109,2.40006372108358,0.625857419447976,0.395099154785601,1.88235464724548,1.92535595183504,-0.258992949063362,0.38347583338823,2.67409516032761,2.60761572646504,0.365817138507998,2.13262978448924,1.07434150090066,1.91996535842048,0.510797117236787,1.67255141455852,1.63985805934025,-0.364746469531281
3700,1,1.62744357378592,0.337003138639983,2.32318725909882,2.52761917049227,1.15420927145397,1.64562599958081,0.681995153061939,0.641646599372411,1.0778328936859,1.11247067672996,-0.0986542920344919,2.1604594273379,-0.261063977452972,1.33445523250848,2.26279109156875,2.58841817985468,0.591641996921207,3.79516256842931,3.84654628070046,0.757843117047324,1.84001611406217,1.62446354227146,1.47905932002405,0.0407914270629158,0.548978914159631,1.76704138513867,0.148041562557061,2.31452495584171,2.44402439791347,2.16644796974643,3.47647453527906,2.91634403754917,0.61903545879595,2.70178981967325,0.0954704747257664,2.11389260453071,0.952692838055651,1.52651582890616,0.523879161364461,0.987571183310767,3.4225508167717,1.25683036174215,0.169284196817118,-0.646886029083484,2.88221468593242,1.76240125777355,0.929022528727719,0.858192593989051,2.61595170132833,0.0271818725725071
3800,1,-1.26881455335295,-0.537016712104378,0.176619010577564,0.676301161102957,0.00719076041571531,2.67240505751479,-0.112055904472012,-0.515314809918409,-0.319764024715326,0.684842981817834,0.191158195384299,2.25157522710058,-1.12035652457387,-0.228638024914493,1.81271075785757,0.245695148272455,-0.513954280213604,2.78971912074021,0.0283142912104896,0.163943280279893,2.18063424910214,0.050941605241984,0.308936489216075,0.272824422967567,0.219193122240971,0.233836426528939,-0.700093472687657,2.55717133232784,0.922582615693371,1.50232617540573,0.961179207618129,0.10455905546593,0.702228643087659,1.59808628308106,-0.795904748855642,2.50219059534852,2.89348822805089,0.41230527341008,0.985966242454964,0.122313357966973,0.212059790439837,-0.0781661053908936,-2.37429795383098,-0.835928166620956,3.35762066713973,0.804458641623803,1.88743233149271,0.0398299358963582,1.40808981930552,0.791032248398828
3900,1,-1.17987880954464,0.582334746643413,0.158567809243909,-0.212004632198329,1.65027196754752,-0.111578871987797,0.611639996879314,0.453162293234703,-0.0955616415656437,-0.179342390466401,0.0929377376522558,0.853079429877664,0.632582033474573,-0.300172567024032,1.74284628165502,2.07117521699282,-0.993510955917711,0.0235714818179213,1.21333887689907,2.48217399760945,0.880261165082351,1.8702665944442,2.22041095756537,-1.14592738483257,1.93073024286946,-0.0825063519673369,0.420797398877574,3.46113323447879,2.34630997438645,1.75109757373778,1.53483925950295,0.112112366810696,1.15491128180173,0.739900038472904,-0.530479257465391,0.810034267511473,1.11295439320088,-1.54661086993504,0.986904069295244,1.11871361417059,1.87217087705061,1.79636559143324,2.08214674610693,-0.0835539522042856,2.48708483555842,0.629580618297608,1.57447489630104,0.314543369874476,2.29482661166608,0.256171312661596
4000,1,0.905616199331013,-1.06149574656493,1.67084847209259,-1.10002696081046,1.21442067398331,-0.319223544998347,0.302871260461465,-0.522327261793872,1.76117803738983,-0.471614977260031,-1.61604319684373,1.65121269229314,1.68579679774578,0.307564727901484,1.01009568121436,2.00447840946581,-2.96249645330075,2.19380813286216,2.96591229335875,2.0729614873679,-0.590430532593057,2.4408625677129,2.911177842742,-1.0131274966385,2.15681789749344,-0.343277833456786,0.229839277781642,1.59491659708711,4.23433510829839,-0.962505746384202,-0.544020405755564,0.792581934898582,2.17591339407395,0.570833931582554,1.26130278242238,0.495346324735137,0.232315301628863,-0.0717217257538802,0.454919000904568,0.690109264686925,2.75917145402643,0.316205718405673,1.00087459719124,1.6128051992666,1.83686046897934,0.959452817140187,4.52015978980618,0.543531584873971,1.53807325712634,0.0841259455183094
4100,1,0.413694834566221,0.934334477918646,2.68999523684147,1.37863700628529,2.26802773955031,0.948100480598801,1.25027226946338,-0.506900808125408,-0.163175677042585,1.40929886431474,-1.65180868645794,2.63957558538076,1.36994011164857,0.279048434173133,-0.0554586948077528,1.70547419343412,0.0422060987324737,-0.00447106687418741,1.12837854325283,0.519121154676044,1.02676653063596,1.05035138313247,0.464720558847698,0.960894422489005,0.695134463162427,1.54776607963821,1.1018481598645,0.100204428759188,0.214293419580778,-1.27110974651711,1.45979257228765,-0.260792857175209,1.53782914256476,0.0446521884360032,1.45883624418044,1.38054586580917,2.60650488262792,1.05356928163955,1.93454446671443,-1.18744117210787,1.55243207624638,2.40158081369609,-1.38447477782938,1.08541932796549,1.63391902942216,-0.782820725928064,2.40272655596001,0.83295178120853,-0.046948253162204,0.212026222730529
4200,1,0.256357767125094,2.47173805432126,0.925053083222876,-0.109864179593407,1.02215930410964,1.05311047247971,1.43791999956804,-0.578543564499813,-1.05901663376797,0.575137181188969,0.453188914670596,1.90384067570695,0.958762705898821,-0.268173157923288,-1.02616911448398,1.83858812092647,0.733965576514849,-0.0266409973367788,0.690157547493211,0.465245135777028,0.464659577169713,-1.20974147881492,-0.980100684564482,0.343904465872036,0.803468618166733,0.97473570546651,-0.309153396795787,0.657448266390947,1.51004833296254,-0.676043948421204,0.466460707301386,0.366193096950024,1.42882625884797,-0.329770861028179,0.855038666212781,0.338626796902537,1.26150755056903,-0.436739131398989,1.02020548159596,3.2031455894077,-0.290940314996706,1.45921716063514,0.862184124905768,-2.3106740357325,1.98615943423113,0.658096275726142,3.87896033346462,1.01590061710957,1.84035036563804,0.0402324735966811
4300,1,0.556052328001698,1.55793193286081,1.3739681150237,-0.255309206012484,-1.59050844430234,-1.1852222824234,0.77311710332612,-3.73468007878182,-0.195940729141065,-0.109772612376439,-0.351765471861958,2.64052793263114,0.631489660555489,0.255368374535384,1.56410412882394,-0.817512315312023,-1.48056353402163,-0.590847806513162,-2.67145514011118,1.24031840296346,0.297886304659907,0.270477142273509,-0.153312710796074,0.844600288639756,1.25150732457612,2.44929637828232,0.272723528729187,0.000535203724125966,2.41739229477556,-0.782577454737403,-0.173247626902736,0.15045265330568,-1.69674977388378,0.0352155341341561,1.22700630009957,1.00103766987956,0.907149291465878,1.1293195635898,0.742599870518092,2.07355325329923,2.33040291287509,1.74031632287067,0.530463633878519,-1.25608841250459,0.71765741938683,1.67522725982576,3.05929412737087,2.11707995362025,0.564664331393448,2.45956909145509
4400,1,-0.397250369677897,1.69939193150419,1.05746856266476,-0.73656720453906,0.0295012221147587,1.32581427561633,-0.083605225209601,-3.33768150353608,-0.354081579572552,0.14259918777237,-2.19995729534441,1.17372706053183,0.741189959178813,-1.09611097322739,1.51769866975412,-1.01155717950205,3.39390830968462,-1.51189906551481,-2.44936007561386,-0.189444882884704,-0.843416530537885,1.27393592760886,-0.174808253127173,1.60648085035656,2.52034030559919,1.42120600493266,0.344123606111003,0.398791028975748,1.71338910973637,-2.29928855474601,-0.366235732025815,-1.8384010372918,-3.38052073573654,-1.50676173878545,1.46948809279617,0.203114910576483,1.21465353318533,0.882357752689948,-1.27025938254343,2.26755171417472,2.46866229404462,1.49484615519712,0.322084455198364,0.43010702220029,1.43645847896754,0.886171444176135,4.527018640731,0.206805984167169,-2.06626449026269,-0.256912506050864
4500,1,0.166862125354634,2.18188612411919,1.48055356654039,0.439783315870942,0.156789881701895,0.872037417087607,0.023853439992865,-1.63829775353548,-0.0286982403870237,1.12180582319683,-2.28851911387967,-0.165534326462359,-0.569194886808239,-0.914163863909136,1.31417285265125,-1.27800479887968,3.72224960715974,-2.04385741701152,0.597384459571868,-1.33096238095987,2.71340510346728,-0.160445250565005,0.620995001854466,0.603871737133336,0.934909933884259,1.58229515947131,1.09501583135274,1.35463955141217,1.64698401927538,0.298615667159431,0.936783721863761,1.12002513103036,-0.385505772234931,-1.45864057630269,1.81420217725498,0.324693898253289,-0.155273451040148,-0.657183745964323,-0.0979523577605831,-0.956768348674219,0.210092666704965,-0.59817909812127,1.81604901656766,-0.0382484914095597,-0.387751169699119,-1.03703434767795,3.6657196225674,-0.636819718353712,-0.101785002515574,-0.0143535189085042
4600,1,0.049239694574245,-1.11557479696421,2.210470519185,0.71047276847836,-0.44270741695187,-1.55682843955067,0.248148894710347,0.674141498265078,-1.00157927108284,-0.975704742960795,0.865493001223851,0.630912280362606,-0.371596122187502,-0.70024021376628,-0.52350812292516,-1.80902685523656,4.68354377177217,-2.76860227653173,0.603753509882992,0.0738016515880574,2.48314954305799,-0.0731807890896994,0.950264309913737,0.504033655939147,1.74043367214881,1.77567653086035,0.893502229398619,-1.00264808207899,3.24491355073421,-0.559560528972512,1.33050883022517,-0.724159711581578,-0.00120301440810255,0.181328764664786,2.20564292675089,0.387611321626447,3.15965602589293,-0.777046131433181,0.841957714767962,-0.150789328218856,1.81796512594652,-2.06446234499365,0.321810987852099,2.65231642324673,0.522297689552336,-0.825922656384134,1.42739453659173,0.0221666745064294,-1.08586255761203,-0.0946993210120631
4700,1,1.00852949714016,2.48637960641801,1.32825466439812,1.65656144028124,-0.591846320982291,-0.0966569584796709,2.42224391332601,-1.8008300830141,-0.990285996617951,-0.435928698654292,0.855310809720103,1.78770880926417,0.634196050505958,0.613626244114385,1.33876448350624,-0.111056874676984,3.52687532941537,-1.82173473337166,-0.711051239136775,-1.55558526053121,0.241338167731877,-0.22244524430625,-1.1981551154233,-0.231122559308726,-0.837258011533935,2.39614505432358,2.30923154655787,0.663719072026,-0.136000415160846,-1.98993137219884,1.60867805768657,0.441285330868132,-1.57512727927546,0.880370987565363,1.70452140012627,0.522048984590477,0.800427388099742,-0.817996588466661,0.206665532187873,-0.0117136500814009,2.59800806839169,1.91894839513286,-0.885691294659181,1.94402580788498,1.5792641678511,1.25818842233023,2.15720827496414,2.45336812057223,1.41766661578755,-0.872674451291317
4800,1,0.517903946495055,0.876299879757161,4.35325685529666,2.07418243969808,1.95548476863137,0.077234640420238,0.586948343016365,-0.871053740020797,-2.78281230361237,1.31382357370025,-0.999147863517983,2.1323294724506,0.432855882201746,0.48485788539995,-0.193509817218004,0.859957844580104,0.609862458216377,2.9665740862531,1.43337615430306,-1.30461213994548,1.16765424496642,-0.488849528431505,-0.21962613656909,0.172412135672183,-1.22132291918164,1.12916628090033,1.80058107649053,2.86140329439623,0.641307488321491,0.244450926524998,-0.32953710477197,2.16899879331549,-0.901055894390612,0.570232765728218,1.59377830048567,-0.495505679017745,1.33394626003676,-0.922417726594614,0.5747739525315,1.34359378166008,1.41342298776625,2.16329231946156,-1.64957053248265,1.04655279957618,1.96914403241211,-0.297972954064258,-0.110140831147589,3.67644728345355,1.80092554758409,1.35909734777584
4900,1,-1.07527722296959,-1.3341693005488,1.08418244531352,0.640853887177979,3.70121666747756,0.53505466885785,-1.42041652395137,1.04716535154901,-1.85003483382327,3.7926392371335,1.07401225874122,1.08973063508907,0.376345631313097,2.47465287580253,0.60153715248377,-0.343023795505152,0.16678890987508,1.03386314168456,0.939444378277698,-0.530462056972973,-0.75735262007523,0.841304037490216,-0.0257642195982686,0.483445231815991,-0.314922695940107,1.07836550308761,1.34146871902073,2.17227442003908,0.363294838698903,3.08552577867144,-1.00773542451102,2.04872209937671,-0.163222815500736,-0.716977209666975,2.21741947437622,-0.504730510775863,1.55550542074932,1.76542013768608,1.03886178154813,3.15151311534056,-0.996411194991586,-0.810839867318201,0.875956724710755,5.12196727955066,0.227851467033122,-0.598581465458069,0.432416591391086,1.6283744699957,0.310754816968583,1.24141754773122
5000,1,-1.11438525479662,-1.61479079464383,0.47986523531936,-0.952917202474709,1.46637737014938,1.53935619494358,2.8210993066293,-0.112909035743299,0.20134402186215,0.528357207798283,-1.33180038292132,1.51223159815411,1.17049717704999,0.308214860981862,0.107434479614644,-0.867697462326122,1.14961587066164,-1.11144717610305,-2.40356432507655,0.619948475443885,-1.80088857420981,0.0442772599405042,0.0691584401765951,1.52012789847187,0.789443527891584,1.60645516007697,2.06193825312557,1.24678338617925,0.192574880072927,0.485048848704176,1.01905718481988,2.04715379093259,-0.481720186347669,-0.179480983543296,1.64771918167033,0.460749112051968,1.04616222180323,0.504636783318738,0.257972412578571,1.83430331842181,2.00501420661609,-2.15156343509015,0.456692237786919,4.06388566199903,0.71705935585235,0.905472581362402,1.85621368496128,-0.346622829997379,0.65061483055027,2.23188301202832
5100,1,-0.0591824401387262,0.635917128946586,0.019361713105098,-0.555411630830179,1.43674530848114,1.67688865452412,1.29109681631924,-0.473141092391187,0.663125178038966,-0.448349417922592,-0.490841765614276,-0.538090285201974,2.09922862048084,1.00022424726349,0.768826357043809,1.58667241606887,1.09701787436734,-1.95952804585857,-0.619630186246465,0.481778289940015,1.02032740862496,1.10124297303274,-0.398394869490763,1.88024191300664,1.89097071189458,-0.831316932547962,4.08220472611884,-0.930640311305613,1.86279809945639,-0.856583688378689,0.646086869459636,0.998071162139013,-0.383343127377758,0.276791580667121,2.26360915376507,1.73779628790292,2.58696028855854,-0.828239346874074,-2.12038471742657,0.879386577915934,1.33095932163792,0.0160185626920525,2.47823183963059,3.98841140212026,0.320275086413547,3.13308654912156,0.537660752961556,-0.227161013572894,3.06595875828932,3.5921673442153
5200,1,1.56697006947717,-1.04141422839097,0.370973332963259,-1.07494782540386,1.86012820951971,1.61418565381294,1.00495304282033,0.475777182330109,0.445883456628374,-1.16932568255589,1.37036646809101,-2.13229592264468,1.54976721230108,2.95684251427102,-0.0339371447167133,-0.208401370049631,1.0143191183834,-0.467760783674468,0.0839778471889509,-0.658572246033934,0.0945622383536938,-0.282520336198007,0.331975023075921,0.184514726341286,0.088994847164854,0.505977042595751,2.76807813517624,1.11533493309123,1.21455343049484,-0.189051577791451,2.01047769934341,-0.694815980463749,1.91282307791627,0.599109991705201,2.03403587524281,1.72325074102434,1.73724061647019,1.93836347208243,1.05476768549222,2.5052365825937,-1.69456855695024,-0.410023983126327,2.72930201765417,0.650625777982364,-0.832671933280776,1.91997103849559,-1.75495795135177,0.944320602905566,1.13759173191815,4.39877297129574
5300,1,-0.121024651179242,-1.40286783932073,0.972807096473439,0.318723925243542,1.50904966358566,3.71245345391965,0.0860367306028641,-0.674106969905648,1.73867528895792,1.16592908164934,1.16169365946964,0.199572966447515,1.90449278922609,0.501128427520499,-0.00123900043726943,0.815776837696408,-3.37405454593696,-0.272109823608245,-1.53766690582278,1.19451738106671,1.86318953309271,1.22594098853385,0.0351880095604704,0.139534201387841,1.05572989985607,3.86307659576735,2.6956727803312,0.863037046058436,1.59642178415531,2.44129137636678,-0.950855333804588,-1.28540524571742,-1.21121662817911,0.99970321175037,2.49177298359736,1.0059212883965,4.05707576584152,0.904078526652412,0.4654965988839,0.814513286021349,-0.119197679475444,-0.948079292046668,1.62818272445749,4.83490836885267,0.669450288658986,4.02202727753213,2.40387649891006,2.14949410712019,0.39152865433057,0.639117112815605
5400,1,-0.768237175735297,1.70907311746979,-5.50964057340897e-05,-0.57226872953353,1.56136607929319,-1.18885294297616,1.82786951034895,-0.886894385892279,-1.11720545424605,1.18740799764204,0.827782214708403,1.89968172656496,0.145091564598487,1.57346969335948,1.54672223100499,0.49151754714314,-0.534162962717034,1.87341922967056,-0.340003753391079,0.743612113624298,1.28164370958419,-0.898807144032918,-2.40322671931104,-0.34649830279392,0.123539733433805,3.14065949984059,0.70030967270252,2.29508000765613,0.591493586885004,1.1813168173216,-1.74694412318289,-1.55173383914798,0.885046336497933,1.72358678017239,0.731366650451977,1.96122067047749,4.1750879519711,3.47910491817644,1.86837836783154,3.89795311593524,-0.985367823198887,-1.39292894635231,0.734984766334265,2.48594997108919,-1.49046955896269,1.63346139158954,2.11144114439411,3.0994569742574,-0.587669362220419,2.28290677795687
5500,1,1.07561014723017,2.45176926870119,0.0628843739107084,-1.09830815346926,0.516616284813128,1.18380528617923,1.29675042261909,-0.469368466362749,1.48914964494572,-0.678754714856158,0.522105863228428,0.826515552544151,1.33442239717274,1.58730510258525,-0.410224115953158,-2.11663364460703,-0.0914072533232877,0.242522418849842,2.83801471017268,-0.779956549969029,1.41158432696121,-1.86092841877194,-0.290568466028039,0.460792556023635,0.118969230119045,0.832111805757205,0.770965641826138,2.39283672482425,1.5375282043673,-1.06025972659804,-1.3503573832875,0.0804885615879133,1.16479042199952,1.38421983950928,0.293327177243912,0.217493430130204,0.615284025454748,5.8038493987633,4.66352103276814,2.48616793052234,-0.664396837285028,1.68839674884554,-0.115379350692948,1.61215088652489,0.313676164865192,3.01399905793868,2.97607315778379,2.76695740471071,1.11052191758632,2.93663823073176
5600,1,0.195751969931203,0.162725294041879,1.03695419671734,0.444146780566916,1.40356057469435,0.571745889322424,1.64212929912435,0.853598200729363,1.47192658566769,-0.694924107535716,-1.14236293645552,1.33533427949758,0.558491538527343,0.92113731494881,-0.723440521171866,-0.531432743104106,0.371417422146785,2.95009310240633,3.68308708428231,0.172710166649923,0.567235014720826,0.234572129289834,0.895126224284608,2.28239006471351,0.165182391956216,-0.0290374199008109,-1.40086313769572,1.49610661214085,1.61118653463948,-0.899714251874061,-1.56297548899868,0.932927790014425,0.277510407411424,-0.680791445843919,1.59931140991252,0.0174513131940344,1.04533421309144,5.35273877227461,2.64572324088212,3.11668894612501,1.59634766726713,0.727111532253953,1.77265798080361,4.25763996142431,0.525673585937959,1.52729652222551,1.88599172992454,0.391828065141479,2.53320824488945,1.24023309042011
5700,1,-0.311543995914818,0.00278906180861194,2.38230244850288,-0.196241139948903,0.633385086186916,-1.42594281363303,-1.48571754474317,3.42776236303644,-0.312462195884585,-0.44846511770619,0.237812664782451,0.0513927906474841,1.86661321338048,0.466074316798256,-0.323263180118364,-0.816919361884355,1.39259515522028,1.02007700132739,5.2307989511104,-0.699838331505445,1.16876613200417,2.58323565490027,0.661955191488353,4.81764249605819,0.962530956947816,-1.83473422655958,0.357645493224101,0.315313331312237,1.4238800127722,1.45367521102796,-1.05978989547525,-0.248179442409853,1.81982916843213,-0.118707252445967,0.177474703873565,1.36134598777947,-1.27880889793792,4.42068277762378,3.06701603950834,1.60238280588615,1.34473018662656,-0.342648265720934,1.65332343111969,0.855196810404034,2.1090233541979,2.13753469429682,1.79618348799034,0.63165810922165,1.75932951211853,2.93411420168235
5800,1,0.979672072470228,-3.70207422413756,-0.965868588434775,0.942885279024549,0.0473476958409742,-0.267610608686601,-1.69833243310005,0.816333947309995,0.367196036235958,-0.230662508205264,0.293396056230343,-0.710777371876648,0.712528516225325,0.320330511986258,0.860861404949784,0.954557135341867,2.20207980233707,-0.652124945636889,5.42002297241005,-0.354417093580405,1.0716769187715,0.00673968399376029,-2.47099273146397,1.79160875898156,0.832894942028402,-0.756813805574071,0.618051013691741,2.07300910046783,2.92779494938156,-0.223553891523313,-2.52385956719598,-0.120595542053652,0.943296100618189,-1.22601643567544,2.09035857377928,0.603699980351696,0.525846783518496,2.64343095924247,4.88003141586509,0.733763747183933,1.76162127878846,0.398733031849426,3.69195764275081,-0.699688991939872,1.16428318538996,0.313005275141922,0.542879794007549,-1.0622592057478,2.1009217314308,1.96089324303157
5900,1,-1.03214966530142,-0.0586309741213779,-0.00921830576757476,1.82410757390716,-2.31240775096689,-2.06182232363605,-1.93850608276913,1.00846743400764,-0.0058113228644312,0.206100275841941,1.31396063336698,-0.823034764047525,-0.400293481351281,2.28332553061216,-0.159404930626791,3.1199137057137,-0.549716028180903,-3.43866119088374,2.78021868458315,0.509392250458177,1.56171470874813,-0.0612958254605594,-1.03083960424923,1.92249131801748,2.36326243630001,0.597771635048901,0.698206111897419,-0.335115917153204,-0.0840256802883532,-0.55506759750788,-2.84032768645859,1.8265545370098,-0.0536702420246671,-0.859555225817401,0.512256910223602,-0.293504093022625,2.56805215880632,2.40224912100253,2.10859874805079,-0.302649869421675,-0.745739273985675,-0.411135123489117,0.690840980084527,-0.44578165643414,-0.643193141751502,-0.686514151240894,-0.683021837238924,-0.317818995269013,0.55567216670182,2.66045265335277
6000,1,-0.513330721671449,2.24900533808177,0.683461604661681,1.16099823521011,0.430301176043011,-1.55812722921771,-0.880076102057474,-0.434044064696376,1.23575503498325,0.485479620971282,2.16045014582072,-0.399354917602022,-0.251248866931503,1.12166217818689,-1.86296146728254,0.236263337076352,0.432565972747774,-0.176091023821904,1.15032235053665,0.8278660101106,1.00672486922708,-0.851171354621322,-1.02476684948829,1.29456624886129,2.04746004488705,-2.29522618190879,0.390148244699898,1.66799490539653,-1.43526706595514,-1.97485524841503,-1.44004179457503,2.8809390104371,0.953098353537764,-1.727420096938,-0.0882617541717009,-0.235379441847777,0.0598412852804748,1.52147360954393,1.29274059971073,0.936603511752465,-1.0567784131479,-0.182837830141416,0.429959815942427,3.24115556401926,-1.93479278952323,-1.19145544022447,0.755193699665061,-0.765727873245605,-0.00446548618656617,0.742091210691079
6100,1,2.05544602583353,4.48856568970099,2.02280068142802,1.27585128785645,0.371492657858528,-1.36665297413721,-1.59449736232321,0.344320107811736,1.08694419300815,0.947029701316434,1.13887342825569,2.09411201235977,-0.500117805609344,2.896378310105,-0.640434903334789,1.38093133230047,1.79791679733618,0.934062764883887,0.601978124838251,0.384076643610125,-0.345729873336477,1.14898371268512,-0.547086331637111,-0.866379557905952,1.34213975723881,-0.78563100541853,-0.538891955066228,-1.06189308228024,0.118093199793949,-3.11081501819431,1.76013521299668,3.23040674145528,2.10681015272538,-1.41812619106623,-0.903818984537501,0.936704294271293,1.89157059869683,-2.06064310042908,1.24048003834993,-1.41235231583834,-1.4370128597407,1.76705890020214,1.40458569022279,2.58566072667012,0.853748048077067,-0.11023665919661,-2.69807280734681,-0.434662020079208,0.468089997601376,0.7831554358225
6200,1,0.395709455202925,0.453892986738031,1.86747986791239,0.773972087677645,0.0108814502540582,-1.81122817951446,-1.3426923738151,2.37010647638374,-0.221587907575521,0.997824725863801,0.949973768533434,0.0663404839710443,0.753217139023201,0.401595330214254,1.55920909648298,-0.0173593293302272,-1.59715300568444,1.09687259701569,2.33248763208366,-0.856241206818984,2.05954250451617,-0.7141528676728,1.65423746596115,-3.05491570091273,2.22085701854661,-1.59846336751746,-0.0856882027376723,1.59575550095874,0.339589674314231,-2.89417294537431,0.325188514215925,0.376656815023689,1.43307409812785,-1.44236989523697,-1.42802723898567,-0.0106872622443268,2.5807694642649,-0.5031102543927,-0.350812048551456,-0.338422269128715,-0.865785170258393,3.83159019832844,1.21392046739152,1.17786176055318,1.82550497486235,0.763677695063579,-1.84046023212033,1.75365761027579,1.21641322738877,3.82763086291989
6300,1,1.80494188332403,2.39575616135581,2.19362924440246,0.778377718122051,-0.236587949180592,2.73059523731343,-0.325534966394632,1.35084098362816,-0.162970488376528,3.21789139491697,0.381332056043191,1.0143810221412,1.25257278171342,1.90957474209737,2.79318833029431,1.1633914020305,2.01289419075464,-0.857606775511916,4.28874981716434,2.75076102196542,2.44293696184026,-0.129253318158287,0.434590025594627,-0.824586152386462,0.7138731370588,-1.22559972903212,0.286326488441828,-0.172146894177587,1.05974211280769,-0.268912152877074,-2.56753691599954,1.85892779026837,2.01429715300721,-1.14622123669673,-2.89804921395206,0.128876566679409,2.96245161619225,-0.136525822811237,-1.76027931156168,0.599397512526883,0.13340245789654,0.948162157701263,2.90067303828917,-1.78499632137508,4.62263752661052,1.82986743866732,-0.477526585349849,1.17776840180552,1.4235570600581,-0.770395421341763
6400,1,1.77200044974981,1.56415383743523,0.537824457195397,-1.35451368180107,0.362464466304006,1.04051957910142,-0.854094903565952,1.9352776303369,1.03680939143663,1.48442975925754,0.200118538475243,-0.0553026621123108,3.66211056268013,1.99772419395322,2.10327324996054,2.03885166168708,3.12468277887382,1.71167723930412,1.9630216857992,2.20258275922144,1.51041596307346,-1.41854815826142,3.98089366405368,0.244287191839368,2.01780341356983,0.358705954173094,0.378740431747634,-0.175235646093164,1.20798201061772,0.325150050437466,1.5036386940049,1.89805213642576,-0.362183652300848,0.409848722102793,-0.169588222904581,1.1174585861388,-0.149543919234405,-1.59823539639394,0.641876585763235,-0.978293451615024,1.08615961299838,1.50578175990144,0.204839162214646,-3.35553675882234,1.44862883140815,3.43105303469651,1.07967147788238,1.54383347801797,-0.0278765397317776,3.71308149877033
6500,1,1.21833340244649,2.41473982285918,-0.635128574019602,0.128500009274957,-0.410965266675515,1.93759458832639,1.54152356797658,1.7874439134885,-0.758086047963086,1.94880875885021,2.08265588034092,-0.456960623765363,2.47118208296257,3.55176606231313,1.16126087953025,4.33941424475397,-4.38814828203884,5.28360389978285,3.28450273970699,-0.0358177483569923,1.76981015194515,0.288367167441628,2.197598750521,1.19689701938071,1.28676306448003,-0.28460117458311,0.131245702344884,0.220370618815581,1.94915847450081,-0.937503904451474,2.50859423928548,3.65473163737693,1.48416035805256,0.640617248454989,1.65474759018251,-0.389718574889721,1.33939707553093,1.26178189905062,0.799285104722285,-1.9370558017273,1.29907255957469,0.675923637125771,1.0967999497978,0.119020102963753,-0.26209831510781,3.05942007189761,0.225333018334518,1.22154456673832,-0.81963144503205,2.70081683033994
6600,1,2.23731399902598,1.39478629262801,0.802364836187749,1.34147977350088,0.837819415185309,0.806833728960956,2.51977186591557,1.94318132726608,0.648073827738327,4.76185496693353,1.04440247032128,4.59517245821746,1.97937220837946,1.93938249772477,1.35146527248087,1.67034084296958,1.00142813691587,3.26318607122895,3.88791450529817,0.504660152310334,1.88041724816119,3.62598897357875,1.0550166008147,2.80552347313996,2.21723589438933,1.84887036205284,-1.31388910539042,-0.450815953659588,-2.97398635209678,1.10638774029309,4.14103886246891,-0.06473878337175,2.13141306741391,0.257571173665985,0.731307097482097,-0.183854073437509,2.55634869488729,2.04652195273997,0.368822218716139,1.40512531779397,4.0227527482951,-0.747564357593183,-1.06860451549398,-0.847118540703139,3.10562313319582,2.49110517841071,0.653219009955698,0.425486412292681,-0.0420121439503906,4.07735319046411
6700,1,3.70942097581535,0.969404230855378,-0.214353502266902,0.229236636334841,-0.422029300401226,-0.53092828079031,1.74862501472686,0.913422261051231,2.06310486135492,5.67980611512697,1.71403606035661,3.38710824563932,2.30660715773943,1.43801926568301,2.02531176408573,2.16702987978979,1.81203612331282,5.32120453781699,4.90247868989817,1.86265032720973,3.03565707097127,2.01035359238467,2.59661072765004,2.84383263078315,2.88681390752908,2.20683254357088,1.22972304612829,0.754758334175041,-1.66054656099181,-1.39124113284688,1.68459294343988,2.08724156273859,1.14320283937874,0.954018069095005,-0.249638170747512,-0.222812310309962,2.18777490750898,1.10788615416899,3.06228359380881,1.84574918532813,0.868720133918165,0.967358775043872,2.05143209991179,-2.28300930369871,2.75203373211398,4.45709806058578,-1.43049142919527,2.53129646331477,-0.990844657468306,0.00719651855649561
6800,1,1.81635660365751,2.75629428146684,2.64464043640233,-1.08615204472258,-0.170658327242049,-2.34508064799643,0.865200811277782,2.93984028304139,0.415097137314594,0.291053429580916,2.85921453504907,0.290716479886735,3.49646910516278,2.60344716603506,1.86900067448149,4.29332368348921,2.92007188575909,4.86292495946371,2.16763621738271,2.22324383366632,1.28624663179881,3.24813296503576,3.00352930634555,0.75642281545805,0.802559869027547,-0.631672943693072,1.60128554135654,2.53615079238671,0.321461101222584,2.3443240009157,2.97522839863172,2.92005198342256,0.360086860823087,-0.279333940414784,1.97293121193549,0.31982105897976,2.88915742095767,0.43435354406942,2.44680442551893,-1.11815042775514,3.06450627319331,2.31237642314503,1.24935029555992,0.154261230785617,-0.1112183248802,3.31410855401856,-1.57108685972061,1.08531204693248,-2.27243999359825,0.443736481351537
6900,1,2.94328675622629,2.20081448883441,3.55634135729747,-3.1468622671702,-1.24711956423662,-2.76638002782421,1.93179387662956,2.16206078011463,3.6616965438124,-0.25220077791795,2.49517494354787,0.161253797932671,2.82242319470727,0.644721499502056,1.13014657151084,-0.0171735658807408,3.3968464376498,0.443852448456595,3.59812023927509,2.43766931262267,1.79587934672546,1.90656040413575,0.180757532874456,1.93189389541389,0.789963671999312,2.01692852943907,2.53710267439992,-2.4212847701831,-0.121929050033113,1.75418702899068,1.09087800745258,0.25495025151727,2.50059849730174,0.853228853071442,0.877961108378647,-1.67303931898407,1.86850740588246,2.77407733245392,1.42660222861184,-0.431787220221071,4.12107041497125,1.17266705744441,2.04018211030528,2.73353748260502,0.922692217199217,-0.131166943783262,-2.92448176653452,2.33494240772755,-0.434446035576835,1.34491457722139
7000,1,3.20304157509805,0.342459574780845,1.90038097869284,1.02977845624047,-0.851255856102258,-1.90400378869121,1.51471984946337,3.35770104350369,2.66949442824226,1.09774704053853,4.63264111524237,1.09569917017427,2.76318158265516,1.03350058556259,0.998006122190864,-3.8467033090731,2.9809804803515,3.96707248761635,1.67150560759739,2.04146362491423,2.74713737363258,1.93262242656263,-0.320372470568728,2.44831794317553,0.938197541502931,0.552812458429673,-0.774298136272757,-0.267148044618382,-0.951035242052401,3.91385828184289,-1.41847191058733,-0.0167996755181377,1.26470123839756,1.99412759858951,2.03341869176275,-0.842530964797689,1.38083315948177,4.37336142645379,3.77678082150482,-0.11644308035976,2.96135213878615,1.62125018124403,2.74709629699362,-0.66364095895692,1.74903193980536,0.0892089910856627,0.789891980504365,0.494592933731202,1.06719844557291,0.214802540821066
7100,1,1.07724814872838,0.682640320662257,-0.0949574359195492,1.23896346421341,0.200215974779741,1.47877252715778,-2.10179286990196,1.81471312427591,0.217316368497533,2.01686972768825,1.39624963554179,1.0274643103392,-0.253693564787823,0.0348697905755564,-0.676408694106355,-2.11063065060195,-2.48138852337867,0.281602013973405,2.27010734045755,1.498339424262,0.556667261307842,2.12830093814713,-0.594653440375531,1.65595524033367,0.279281662974211,-0.123435058183647,1.34377415470031,-1.54494771662431,1.28445403867782,2.76412156741829,-0.624951129141417,2.76378121052261,1.81471590906891,0.319010928905898,0.936867240132452,-0.925155063572772,3.63624943544094,3.64327444207194,2.36879072072383,2.95188837780782,-0.961627336066331,1.22230137486384,1.56463661883131,0.856476975755093,-1.7724393954664,-0.592969760058512,-1.21627114211235,2.88941114687238,1.06447110637332,1.67679610495888
7200,1,0.665266821115287,-0.917357276328029,0.957055229418658,0.49626715454149,0.0517457338926807,1.66947085479503,2.22890329767587,3.34533968807854,0.967924404119601,3.83874359606384,2.56615069731142,2.54004372602744,-1.63426595993554,1.75714956343497,0.0312017158621232,-1.61394541273693,1.64099514869517,0.0128089092537572,1.09949912770669,-0.340313611014411,2.13185419544501,2.95359643880986,1.18037836458342,1.87040180951229,0.212971123767996,0.0576721897989644,1.32006302048559,0.463383176383841,1.82570841374173,4.64055301077043,-2.47065389854058,2.04052761086963,1.29582235664012,1.08097630511883,-2.19813851296073,-0.970449836523876,-0.167356441838747,1.51705350507019,4.02834350427326,1.02954537157212,-0.410559751138591,0.872799251831948,2.84142468138662,1.02563402572307,-0.925518787756674,-1.07631576279565,1.33994445427245,0.36066388334478,-0.357953176330391,-0.0568997686324355
7300,1,1.72626243847763,0.323922952184575,1.72265367671384,0.0195526033022507,1.40108003578252,-0.382706752445807,1.36770344788963,3.39586026587464,1.9211041193783,3.79833060148123,3.72989214197952,0.71655914167968,0.836954690911815,2.55307552223381,2.87416841500581,0.449505221756965,-0.461928222531155,-1.08756428330797,3.39598838312859,1.97538476391001,0.584249665223982,2.19163709316612,-0.983949565508175,2.51922270939975,0.524664434506644,0.870435258023957,0.0143832573708911,-0.267352388772096,2.04535205865862,3.92140403113596,-2.56855676861372,0.0312394093688843,-0.107802256736109,0.973037215553434,-0.760702874331057,0.945269905098708,0.899701248007737,3.34947292242453,3.11367500091192,2.2496154808487,-1.42438997942622,1.46557162385529,3.55090126143698,0.401230083390565,2.27527449037064,0.740536567235245,0.459293463931425,-1.12839037120128,-0.0102893867627648,-0.589841053974092
7400,1,0.517009953521109,-1.00545932279613,-1.03002534131414,0.385396793294329,0.630795401835828,0.166203664302648,0.101060585977126,2.77583203012339,1.87646050024809,1.938524463735,1.33632730284259,0.612088894063381,-0.643978264091487,2.81412588344558,2.46345477289611,-0.61346949273987,1.75265196467697,0.144637795240138,0.0088825711614744,2.06313396599163,-0.157193514805297,2.69813241580433,-0.123884695287476,2.20240318497113,1.0357935666137,0.221833549114128,-0.792449056677032,-0.289123001527511,4.3633392371418,3.14378861030408,0.848065077926675,0.525917573560934,0.34419018157949,-0.806432332559613,1.46856099462908,1.80803742128443,1.3172583948891,2.46569416125646,2.98490830032492,1.32958188021582,-0.889288694721968,0.490554531802773,4.01009343043065,1.50004674965095,1.6947379333773,-0.944629364680705,-0.587360438402209,1.03718270730447,-1.44884150006531,-0.834098147986726
7500,1,-0.484003100978354,0.344498874347436,-0.0524106560150289,-1.62314645762169,0.367361857883847,-2.78986447345101,-0.874531363166246,3.79284709817355,1.62614576487089,-0.636193536445198,1.12820420555628,1.78774285756517,0.75318195438091,0.260393186313791,1.39072231401671,1.74669102904091,2.37117435327307,3.30101994155073,2.8127521744936,1.61914323402821,-1.45579736291504,2.51304995077056,-1.64831594871929,3.92838130256792,0.968282442268685,-2.94492134537475,1.06776677226301,-0.964521181102631,2.53187073104173,2.62038488926482,0.650073734964675,-0.253866357379874,0.425782738012154,-0.146158479931902,-1.23830728756988,2.30574626086667,2.57570009238177,1.72899985902022,2.37430434147952,-0.176136914610786,-0.219730960543871,2.01617038157933,2.59966434304583,0.654815622796881,2.49683486762882,-1.53330204544896,-1.07104041153118,0.196559921483094,-0.540743953572451,-0.0596308474564267
7600,1,0.723165225444478,1.88035497460105,1.16108361693616,-1.1488824297701,0.326335401182075,0.688615624233702,-1.03895340048369,2.36282916330138,0.944101065586729,-2.04250251852249,-0.335620950563435,2.46971734173685,-0.484788438309589,0.894762854617841,1.61098473472255,2.09624441861012,2.89994803026191,-1.54460848332098,3.21302529543893,1.98725498054193,-1.67914675905113,-0.430443740912639,-2.79648572511894,0.727311440294875,-0.838007672641609,-2.37155303479948,0.335575883657633,0.64027596938715,2.23469826280277,2.89637109918952,-2.10943626346569,-0.730240511308735,0.322869159133149,-1.48498450058269,-0.890040429433527,1.2109628241146,-0.356462036053329,2.81878772102453,1.83544721623947,0.158539805940513,-0.874433914022471,1.53707319142949,3.076531448261,-1.9161630602173,1.42001895915942,1.44850687439282,-1.35411963032986,0.528504937496066,0.427275723028539,-0.155912449705629
7700,1,1.45661341837241,0.455432930721274,0.35565420023464,-0.180794018952367,1.91998013803432,0.657620366131704,-0.251441086004511,1.69220372076664,-0.679321357429154,-1.66229754348429,-1.34660938366123,1.03262932908457,-0.589644613555778,1.06104147721114,1.91199972609688,-0.63578393862018,4.42651474680347,-1.24457370923439,3.18634443474894,-0.00376179722712877,-1.28072232623791,1.54887421257704,-1.21833370527277,-0.194843687331938,-1.37398528048995,-2.04821132334242,-1.18635482906015,-2.17017522409636,0.00308692384658249,2.58262272729019,-4.10719051551479,-0.455459721137939,1.22357179484858,-1.63367726638515,-0.90715035767338,2.08398230421388,-1.2396395474321,0.828138380227907,0.295274604613921,0.791060402333098,1.82142219956854,0.0490028701028815,1.67740754118608,-1.14663021960382,0.396844161019364,0.490262637834512,1.57603117635469,-0.211934995409468,0.497753832277392,0.979369400712319
7800,1,0.162475656225676,0.0184679394934084,-2.55924636394323,1.35003690942483,0.752258068077373,2.45755164452973,1.12435416382073,-0.623164914049828,-2.69124952881476,0.178281573530954,-1.55867708512133,0.0153795395768453,-1.29055434628374,0.651363932945189,0.76558374254721,1.36477160611571,1.85578464170735,5.02328423233765,1.43431667937449,-1.38250825071376,-1.04500161234149,0.774606166677884,-2.00377371103165,-0.874923660077854,-0.165188323888636,-3.9765275905064,0.0442784455681707,0.284326485904973,2.17570369727688,-0.389048432887218,0.744296815555896,0.403834476538443,1.74108083503133,0.121722967215782,-0.32578901544411,-0.0208121582926628,0.152448611458159,-1.61280881094936,0.455885769418923,-0.275973439722815,-0.582819020545747,-2.07150923536336,0.149764954521265,-2.22713451908325,0.56949907734347,-1.25548470286863,-2.84219373361458,-0.949025612228329,0.233423481637532,-1.72681313844537
7900,1,0.478446299456672,1.66723272987724,0.667161793108866,0.726940615593655,0.441387782657665,-0.516008007367912,0.0508302309533736,1.63560285212651,-0.861286073599069,0.749734569724506,-0.91579644945444,-2.25339831983381,-0.977270331028252,0.906665486189297,1.83797463856325,0.42851391569166,5.59013728874302,5.00821148173199,0.510093656658204,-0.779027114977068,1.46138501157933,0.637219103059797,-1.79393226694783,-0.404720098488408,0.5351191680653,-0.846661405620516,0.0319969086861789,-0.259433181283767,0.552677311990346,-0.445398501997227,-1.83574515929849,0.680086367259046,0.955527714251897,-1.28204015797635,0.285217825513349,0.408812313074914,0.569855406208001,-0.708823095061157,-1.59492610754559,-4.10260983849222,-0.784825984512148,-1.04274501641422,0.912812283754058,-0.710123987340525,0.0433403699899514,-0.41680227735933,-3.05598493608617,-0.544673432295575,-0.957234477526963,-0.331978676278965
8000,1,-0.0899539202560631,3.14185411423289,0.0169211312677385,2.18157711451241,0.880926436892799,0.50992795131057,-2.41002650554761,0.882474631406922,-1.02066404684029,-3.30184189038535,-1.4532486936047,-2.59286277161132,0.0419832848387167,0.920208948727745,0.188670482356719,3.09243814526465,-2.26256750335371,3.85126115862825,-1.52390110667274,-0.362583740491414,0.0206025808868585,2.22050832698379,-1.99086262859016,-1.42080336276843,1.25304646605957,-0.554996825669572,-0.402149773909691,-1.60746267127592,-3.54538772056532,0.957896352762563,0.649648377646053,-0.58114856265059,-1.19406959894284,1.41652197794406,-1.00947575068468,1.30936201912457,0.238406428417788,-0.226036804221221,-0.644343372601973,-1.9038702961918,2.15826300420129,-1.26085147888861,1.47860426367514,2.26426223635257,-1.58676628396925,2.18008664909677,-3.75187419600855,-3.16738388981872,0.687271510017261,-1.27767389236094
8100,1,-2.06377797412869,1.12929437049604,0.433211553779091,2.981932580218,0.467339130770494,-1.39739409366878,-2.60825111687579,1.20972604677308,-1.36452534604646,-2.4317665611548,-0.727040733845774,-0.504243733609975,0.535313897550148,0.91426542854724,-0.3185807269174,1.22443376851801,-3.77542175867033,-0.499336586920244,-0.118398263551563,0.0435899976501423,0.423130230678132,2.06463792366927,0.750299467817237,-1.78297235533854,0.184036197419017,-0.591216371021833,-0.429745417635335,0.684469636965775,-2.77049355257066,3.47186164818068,0.00298308947122028,-1.13771334446453,0.228742885340774,0.834730771746579,0.441387394026555,0.257538690972567,-1.26945306302524,-2.40432625858691,0.412537505681036,1.62642999180246,1.35321564979673,-0.875122591368973,1.99725316015348,0.943997783087054,0.588863266808075,0.664632777051127,-3.7157656526223,0.423680291192759,1.50530424567275,-0.0494778616678922
8200,1,-1.11081951454564,-0.748706308676727,1.67197391386006,1.57418847244294,0.69720576212766,-1.31308074694797,-0.244064380900054,-1.19275361169189,0.876978492010242,-1.45388436024419,0.996071115585701,0.310052611399977,2.3097034804679,0.469487548844161,-0.178317333183948,1.71646906735413,-2.40124506919901,0.499960968218166,-0.418968542243997,-0.434068563987861,-1.96257050550849,0.480101729421625,-0.650811912678583,-0.317104173825244,-0.678787592009038,0.0417421955676996,-1.25432148124259,0.419117872974414,-2.21497501231506,2.12930396044327,0.514322438641994,0.0923043575705541,0.362028428887618,0.531367131464294,0.265354360909722,-1.70572610549374,1.78322928164686,-0.142946191369138,-0.458474709110046,3.42401557707747,-1.12237530836145,-0.338213586241585,1.09341808513555,-0.522037710655815,-0.903199624636616,2.14633405504941,-4.29273951240291,-1.78385994831724,2.30748721918243,-0.406101264052141
8300,1,-1.43659505090656,-1.257861917912,1.05830289199209,0.605584771597565,1.69574142926622,-3.28996511396921,1.2613073450265,1.60144196172293,-1.36018640544969,-1.76699653829402,-0.894095577367091,-0.199738019643503,0.474398058919468,0.0967572412570532,0.870697401201906,1.52091814096874,-4.35229998802526,0.127434083735428,1.20484793277522,0.415695066837173,-0.359518047783276,1.73433798342518,2.50428483384059,0.64923131994996,-0.679778117127525,-0.389358518189323,-0.818096654271141,-1.21322049853009,-0.168019739821298,-1.26458357906937,0.951496754638612,1.12294328251987,1.50675944417715,-0.81231407692925,-1.01433550561341,-0.210475527809041,1.23002640340575,-0.370587728410543,-0.358977455180677,0.11740409721013,0.437275643720234,0.63281797757905,1.05439172715102,0.283231241873671,-1.11599307254544,1.36295988048544,-3.35967982398728,-2.18413871222156,2.48998887971851,-0.523723109178743
8400,1,-1.28766829237542,1.20453440087559,2.41671857353743,-0.196471008241057,0.653198433324954,-1.35089407865909,-1.02469493690725,2.36186585457634,-1.46497538096656,-1.15410198078946,-2.80392202196741,0.0865905193392867,-0.104768766891399,-0.803735333684033,-1.62882442217449,0.196555250632623,-4.40524378280391,2.72703599976601,2.90089541909434,-1.55279197476909,-0.228685241436013,0.772889821487492,0.462303807227766,1.20120077906567,-0.283906599985124,0.0872351832307319,-0.629626954135695,-0.480645581867859,-1.49190415013365,0.0532864973162517,-0.433464461177186,-0.477498188177441,0.204391511431983,-1.27471141102728,0.20284278721564,0.35642956300192,0.260222303653725,-0.387530199711074,-0.125104589071949,-0.4371589234714,2.01001265248621,0.208691977382245,-0.0323487930952336,-1.20486285809352,-1.54254869619643,0.809683268047515,-0.427579232084141,0.661268014343615,-0.082058558224345,-1.52924495769977
8500,1,-0.528710315923991,0.171939283354712,1.56482830033931,2.69339177146839,0.418070616637939,-2.46089143523915,-0.205467681570443,-0.128152514727675,0.735004052484769,-0.893733489482219,-1.10366874304804,2.25137628099225,-1.47433830834257,-0.652912863469863,-3.30811330360514,0.557181344490572,-1.31666650931657,-3.16358535405844,0.426564363150406,0.212383130963426,-1.53419206082943,-1.18039789163923,-1.14036052471234,0.937419510756908,-1.16611381476431,-0.572937537332926,0.488166365412149,2.82613513281941,0.269864500648557,-1.58424567042714,-3.04994506856657,-0.26223303158453,1.15110917602903,-0.471146436421693,0.364739678795582,1.00009241179827,-0.0261358014960579,-1.79552593049328,0.233809248997308,-3.670065588731,2.04600446444304,-1.97544715097856,-0.878088588078985,-0.614356820927886,-0.703459964402692,0.40073555690938,0.987395287940648,-0.614281762435375,-2.97930882231854,-2.02198432927177
8600,1,0.115495150116401,0.640847217462944,0.996143099762626,1.33979141578258,1.93193734119375,-0.872419735017913,3.03608965388742,-0.590412422215995,0.8261054910013,-0.206375600072967,-0.833464009850021,1.81909534802968,-0.611864649422806,-0.0414242161190719,-0.589656481237998,1.10112085878696,-1.15542440619835,1.79452296581506,1.78752533343058,1.5519985831384,-1.0966147519151,-2.10265955301545,0.698606891011253,0.547673716329766,-1.31193897183445,-1.10497691839843,0.998807521111967,3.45878442914752,1.5727678090058,-0.521098310470497,2.12056971192051,0.802171377552942,1.69816747055653,-0.697176271245494,0.522212662487856,1.08948768467734,-0.502197692641345,-1.17616581547693,0.308844574341852,-4.49981192280372,3.01772021005499,2.42858872276174,-0.59506561370372,-1.98867870068054,-2.06715913419242,-0.228929846552764,-0.356976939589073,0.418215969344009,0.890642652876711,-1.31877454809553
8700,1,1.15224960554734,1.02615900699923,1.63421607395613,1.30834906031668,0.733197086552278,-0.325413359257508,3.15276370385934,-1.43285165086165,0.698923272942468,-0.451670304384554,2.71784050356021,0.613698664412611,-1.88946341786566,-0.416176206637378,0.0796381467478688,0.651345139569338,-2.05313967775762,0.839172190520212,3.30924655591144,-0.794231335680078,0.155327803817492,0.0527355193331496,1.89790405453717,2.17774622649998,-0.031625608895602,-1.10107271368898,0.698393280885148,2.6689933669597,3.92486918675742,-0.272369199537759,1.63495172609788,0.481799904912026,3.06587790835355,-0.943730995515084,0.594879291204793,0.801297563896159,-0.589817724049285,0.904992964379781,1.29087655937868,-1.55717505278513,0.0326456770515147,-1.53609229816684,0.347620691628234,-0.263265233517519,0.405842897901322,0.516172628486063,0.00602732107303938,1.1305779014032,2.22719946057289,-1.2104092566736
8800,1,1.27669684322488,1.51664665120064,1.63063515357675,2.76503136154334,0.884349831446724,3.22758331115609,2.21823175198865,0.125273696336884,0.484395230274152,0.463857688649222,1.33187868353201,0.143627364889109,-0.592969908186873,-0.802020962094768,-0.742523308337267,0.972112862197385,1.19679698435598,-1.72253036170941,-0.46740375898179,0.323695581688732,-0.231934000873349,1.63401102128164,2.25018811176082,1.92239919255027,-1.15702810372631,-1.8290045357294,1.69909243546078,3.59697369402893,1.54960346829136,-1.2631779799793,1.8112729452291,1.09387802331709,3.10935343903456,-0.847458198714355,2.04513451750514,1.31520974872003,3.4293618946519,2.23255440693553,1.92713067965292,-0.248510518871268,1.30915274640695,-1.09558405509331,-0.200598995980395,2.16960602741615,2.48667739114891,2.08227558337776,2.54320144350523,2.27714473250144,2.40708119779213,-0.152968023629523
8900,1,0.146836794388214,2.02108977243648,1.74355272154864,1.94076586287685,1.59952866375161,3.82559225950856,1.1908700572878,0.501016885721426,-0.107342322269141,0.115514417800307,-0.347431483353963,-0.235103270025678,0.921285244928948,0.517878903992312,0.786205708114052,0.230180152619406,1.16316613791564,-0.107000039222625,3.01296856638853,0.619533984568973,-0.790932737537853,-0.0773029140428728,0.590074362606445,1.24390994577413,0.0743572054637274,-1.47700182856927,0.695138689304785,2.5989394300538,3.54171578615721,-2.34841496716909,2.95422209476983,0.197848321365796,2.577156140052,1.09483408957278,3.29598103147645,3.43852763720987,2.37583196986988,0.862781038585472,1.12989383620283,-3.04969572668968,2.69131746126122,-2.34602276050441,0.734043103413325,5.76748366129102,1.25759375765358,1.03017571988063,2.21868916965805,0.287699000687472,1.71779783700808,1.09601779334211
9000,1,2.27542539339617,-0.903864854235292,-0.676537381217001,-0.207785998840953,-0.321512332976456,2.61159950573487,-1.36414842724285,0.539346402517669,1.66533718629696,2.93683924752266,-0.608253906239532,1.07448543759187,1.07972094855354,-0.181447469999136,-1.70447756752231,1.16755091188959,-3.81224273139469,0.0304028342677949,2.76370292189655,0.687577236588519,-0.669513026088253,-0.965640319042545,2.59880485539076,0.806210952323166,1.96994900266887,0.710514010394789,1.89128958995925,1.85963158583426,1.76202608962253,0.54230525874138,0.599626103631907,0.567534198398069,1.16226819014491,0.249107811224172,2.62008216878567,1.66328523135835,-0.49402793104897,0.467041694275228,2.66083093106419,-1.76339454932184,1.31871005093064,-2.78597738008387,0.826106741176395,0.537090431910678,0.53399862822487,2.74350643323329,1.53124141961973,0.963662704945386,2.92738997026875,1.69182759896295
9100,1,0.997233585755262,3.06931449570892,1.43063123546827,0.397605619152396,0.92132624263792,1.76667504611292,-0.989502798670398,0.198304681721375,1.53252280948608,2.01817861568548,0.332061208262779,2.8251713754766,1.86166157236531,0.334921512722088,-2.99756964503478,1.24186380373654,-1.25387905672457,-1.70796906323038,2.27230472226184,0.0718291527677709,0.0339042955340694,-1.43718636380269,3.28651422553733,0.703940140741519,1.9153842831064,1.10344745140657,2.01042420727744,0.408709739566554,1.83334979678987,2.03281346630902,4.79487206639055,-1.31152904416087,0.00472979090727521,0.75204868197959,2.70306442638381,1.88684417223932,0.875294440956512,2.03839308753,0.957462158450158,-1.35200473980922,-1.43913025412516,-3.35924602615241,1.42852884468683,0.917595285754125,1.69567016832833,2.66313847359453,0.571907578098403,1.58895312701148,0.988945350288707,-0.820532088351892
9200,1,-0.0469481554818662,4.38084172848043,1.37072404426372,0.728129962989892,0.0797065875489178,2.45723905366,0.579087606604529,1.15923294517133,-0.531849127040704,-0.28971207258993,0.232331335030507,2.45969056635064,2.38360511167084,0.43452009574261,0.116542025315667,-0.0657247802628517,-0.803688815299544,0.987600899588173,-4.13399954162005,-0.24236080346565,-0.888040815139447,-0.0874298072874281,2.40706245903151,1.54933828835299,0.843032789114626,1.11156103570782,1.77843214104099,-1.57817057056891,2.33550917930468,-4.69385844751164,2.54370506768321,-0.694013390649564,-1.35680824788591,2.65082413870225,2.0194797659973,0.859136010860355,0.156885321200294,0.622457548213715,0.983616015069201,0.479787239949908,-0.834250143916928,-2.19974397796486,1.79144223308122,-0.413467017484121,0.35444875498631,3.99299891398847,0.1090749794808,1.640751101749,0.784163819936392,0.0462870448018897
9300,1,0.932805492216209,-0.011112371548776,2.27205647640748,-0.790153771344493,1.50408253092723,1.85716916840739,1.85466751247855,-0.138983035821194,1.15579135537773,0.16566697495959,1.57573353867267,0.561366713393979,-0.229506909245489,0.616216872249877,-0.536123030384805,1.90538970634245,-0.564252583684029,-3.54707978884698,-0.23636334975241,-2.498019563557,-1.65251412403176,2.51393706350266,1.54057138502658,2.10173731216757,0.281999369823331,3.80638813829162,0.62906636497666,1.25282566544344,1.81304216474062,0.943850105752319,6.00331897778188,-2.03134083893215,-0.519222625340238,1.95894889366998,1.58408405133662,-0.326290634138885,0.150984253660565,0.0136988643538053,-0.653777361776065,1.81512980376855,-2.42425423444174,-1.203055668927,1.59446801898739,0.356927956805414,-1.72697357059197,0.645598035216929,-0.691438621984937,1.19413095728833,0.842352726722639,1.75385130597118
9400,1,1.61541641539724,0.301595421906476,1.61229552093231,2.27349446684754,0.168958837584101,-2.40941290769898,-0.107663762773141,-4.05064243806659,0.268887647613349,0.129487690400589,1.65046797844545,1.27824602359165,0.998840955577847,-1.3900835292418,1.41433313770272,0.871543248392652,0.0250483667265659,-1.51219360228292,-2.91814776308478,-0.555093994644439,0.876002118268289,1.5108735377869,2.73436069235726,2.63911242105023,0.0201263660021673,2.49868984428642,0.661840188323119,2.50581975224555,4.9603162971635,3.02251916018987,0.58591423735105,-2.76009397066077,-0.466055622078735,-0.439842385611535,1.29240352536766,0.337594129327438,-1.56282197211947,-0.0190734836616739,-2.08181159207095,1.38746066924876,0.993754946396551,0.241761192627933,0.868166917097953,0.0804350062244129,-1.15133416876054,2.26913951387633,0.201153579087014,2.31256783321414,1.39836575912983,0.22566199495493
9500,1,-1.35986497468145,1.59147170234657,-0.561458424930773,2.69344513154448,0.590268215164626,-1.12452296213437,0.594788521146079,-0.482277000337536,-0.277129679020073,0.151665676528769,0.960405750301063,1.65113334447158,1.93222948991393,-0.737418379136398,0.251731364221101,3.89859274863503,-0.371927824272647,2.8947822798614,-0.32385708590169,2.56972554045331,1.11680568519763,1.33164499073876,1.70930258998644,3.54510945928892,0.815765112401128,0.777095777759338,-1.13437695749063,2.17300963924164,1.48049732529718,2.19244125742848,-3.08470885958426,-0.208621193858675,-0.374769559284246,1.09893644400955,1.23335362612313,0.822184120278109,1.62193980279504,-1.65469549988478,-1.50158661322902,2.14797907657163,-0.40048888765288,3.48754496276289,1.22397405452907,0.127193661802446,-1.99127706574782,1.91389584871975,4.18802665994593,1.8702085049168,1.2613092994822,-0.14974518577638
9600,1,0.168806435011171,2.78213748806113,0.0774810249208405,1.92491156377093,-0.029781705633201,-1.47991176948387,-0.679655014071303,-1.53737245094735,0.577691273755784,1.49388406787022,2.14812854834497,-0.210579845512668,1.54995928649527,1.94964904081106,1.07464087811747,0.759260621184264,2.25658322710414,0.502563629482732,1.61257692335014,4.10532498206084,-0.343861276014629,1.69385018746431,-1.5992592074973,-0.0583793051668197,1.30486603108566,1.99112316232629,-1.69195472846101,-0.309269349940198,0.422267814647261,1.21096210640733,0.941975328354905,0.469539764571333,1.37356849165275,0.0474841538481241,3.23781827547779,0.787689730875424,-1.41543908812462,-0.789431252431191,-1.47328299429221,4.02293234252129,-0.847305895935753,2.29691132512261,-0.883971128934683,3.4381140170897,0.559851779344547,2.35954896160544,3.00512562490766,1.01765103476646,0.268300298514916,-0.577725549955083
9700,1,1.05600631067492,-0.645263121408599,0.970922992951032,-0.142160267467899,1.82600419569839,-0.155446639665224,4.75848554215871,-0.541335335881909,0.326097907529524,1.58914995737373,1.33834146299925,0.349805158920261,2.25100914242278,-0.84866764939876,0.239177528579259,-0.280169847644664,1.94561198816988,0.464776132336389,-2.98052640569465,0.855065057100182,0.337981773839769,0.530299114916857,0.507805564312866,-2.74936133309707,-0.709140066196525,1.1953761490956,-0.751453289487859,3.44869089469195,-1.5823400103949,0.971386727843052,0.993763468065976,2.33631060476877,3.26931376352344,0.429462772022608,2.38279266069146,2.54328946841283,-0.0887394538665852,0.133894459394846,-0.650801774480307,0.444902166753367,1.78477315608591,1.58200617669855,-0.365163676042057,-1.93848249917839,0.44494805599445,4.03925098439075,1.85070493038476,0.208926925769788,1.63646399012297,1.01770126797926
9800,1,0.980783562769008,-1.45140067277277,-1.82539210838954,-1.42336394024311,-0.195192462720761,2.57367526354054,2.77078325060322,0.173950887557616,-0.381071666396624,2.50590212980154,1.03716278919349,0.918377048020471,3.50833602994549,-0.506219518903512,2.09151052783749,-0.79587304878241,4.65513940372573,0.729535247673099,-2.92237121195621,-0.630643058274548,1.49037752553657,0.234271954125764,-0.935354428436841,-1.14027194722402,-0.285893083875807,1.81183773111114,-0.34918706059501,-0.60584921955851,-2.65375402737217,0.778226605601742,6.54388468760617,0.71495763345147,0.608055386329385,-0.376557640886265,-0.697146565757519,1.16018851249538,1.59465527855871,-3.35280926581383,-2.02571356474267,-1.84255673934975,3.63515840397486,3.17430397615613,-2.43848175107882,1.92110503608464,-0.0267542296272311,2.8322497350914,-0.702943398879766,2.26454994902468,0.117495207071768,5.01881452489517
9900,1,-0.0276096264383723,-0.204463642030767,-2.46571401544097,-0.539819355207698,-0.38490042630662,1.69656552135031,1.48206014900683,2.1629344098429,-2.35871901878199,0.33133714976751,-2.5512405466077,-1.00319594870715,1.38422797347144,-0.707338796505783,0.751951495243007,-0.450062417616267,2.946341516174,2.73898658190867,-5.95353683506219,-3.61195314353021,-0.906864658800904,1.78565429790256,-0.12807827675316,-2.66820581872241,-0.893667659946314,-0.313079924750488,0.989972937798452,2.99083564444389,-1.84581945837722,-2.05636925113674,3.13351518191497,1.22158455158824,-0.0415280129815115,-1.31951463526652,2.00553994407225,2.48995112199963,-1.9712157752794,-2.25605433649505,-2.42869063650595,-2.88802181901423,-0.126835021501658,3.42537549584696,0.500790337808154,-0.810269431985424,2.19480022283095,0.349484908219334,0.023844442600651,-0.345427668318777,0.434075246051853,-0.392747309350849
10000,1,0.974978469878812,-1.43332329814947,1.16441460585645,-1.42370257794701,0.925495796207891,-0.221828442854032,2.65854464619409,1.76306199415595,-1.58209539481835,0.987615861535723,-2.33111617411892,-3.60681525478317,0.67837417443735,-0.974454523328824,1.90677280220759,2.23322093907215,0.898032117459314,1.71749637974768,-5.7285958279234,-0.130205061642702,0.42638471535188,3.5743242268797,0.898240637305477,-3.43259019070608,0.412025110813986,1.87865222687412,-0.623193028567522,-0.371547742879081,-5.15749731917979,0.694431039895953,2.34531183347592,0.655246190244062,-0.34016102086041,1.43948349866285,3.35585434732415,0.640816044290501,-2.94929240047392,1.42159555399717,-1.86959562194196,0.615116334658555,0.407705613657517,2.20295753661202,0.424041415627411,-0.567447228930965,-0.0307633103797539,-1.52184442271866,-2.17751920614867,-0.905386215286108,2.28192004392402,1.74739063215017
10100,1,-0.600757946977248,2.24333782389727,1.25651517940768,1.7438897914279,-0.616593162122222,-0.56866216478728,4.2945279961848,1.05805756812668,-3.41870630975974,0.431497775815679,-1.21464310219005,-0.0892125009680186,1.62108084251942,0.593490920492319,-0.135244666436306,1.83203385118862,-0.616732523941083,-1.64830006692357,-5.7647688839688,-0.302106551217349,0.634480915947455,0.999500792826338,1.22458133234946,-1.9905627679875,-0.697312013551243,0.11894138349843,-0.910785839584983,0.482735958197302,-3.26563172367492,-6.14984726830379,1.35681511395147,1.82755321764638,-1.90234579534719,1.14609580403647,-0.775886695177189,1.9563402515005,0.068312916905576,0.191895965592974,-2.85229048233786,-1.62766808532706,0.501522671251408,0.852615031081829,0.233553381295289,1.00680631076389,2.60938960197943,-0.309082355045413,2.1946788393588,-1.32280480889417,1.71600932402317,0.0260518090543268
10200,1,1.54211777531822,-0.231349344202814,0.370223716097086,2.33017418063302,-1.1575943214743,0.621119416957648,2.77203716706064,0.0552756409800922,-0.759756206808451,1.8797944329071,1.39951386829549,-1.50168889807035,0.491667083334892,1.78037516296429,-0.540897338804819,-0.203622232411092,-0.803121710908529,-0.188510081675933,-3.03433044449412,2.72702472441202,4.02815590115357,2.28286960413359,-0.195268637678694,0.0868986381063825,0.432671854354247,1.92185944436141,1.04448210176815,3.23991174091351,-5.80774190476647,-2.34153970754813,6.63992162957636,1.93603762803353,3.6602480699392,0.831239970916613,1.30638641862705,1.19619312624962,-0.932091039062213,-2.23628530464814,-1.68925343452027,-0.821262155576667,1.81383339947678,2.25346795740606,0.937107724186262,0.0852642245256281,2.09126273782369,2.14673824810566,0.828315460542801,-0.754613768592741,1.10804232224351,0.271961231866595
10300,1,1.75010562842802,2.20653486880709,3.67228957874153,0.0769234079337723,0.460818431007476,1.80866786500522,4.05756579367676,3.11855473831587,-1.01663569356077,1.17460688337315,2.28546228697153,-0.762531700816265,3.44877712844811,0.440874809340567,0.462880315956315,-0.0262056951541096,-2.68422394106886,3.67031209055927,-3.90349851546794,-2.00576810982673,2.84599578698939,1.39281414548025,3.98588533590854,1.4758941879258,1.43455102997971,2.31126548721669,0.649184623351252,5.14643403945918,-1.97105318937306,2.27262119021236,-0.0532306046707108,3.73154286380591,3.58671116904772,2.20116904376751,2.80515396627404,1.37692601917517,-2.1134571391571,2.24437637434641,1.79569426493114,5.27194676019528,1.17881088510128,4.85942035366677,0.779756697322541,1.30638337034559,-0.586561516966606,3.73404288918065,1.80479829314238,2.761552588806,0.23794527044187,2.48723651610405
10400,1,3.19668312226544,4.09329381211575,2.49510383896545,1.79675338082678,-1.09678382312473,1.02197371347331,2.01651770089008,1.86152198891546,2.23857877063216,2.5173269127743,2.24441138033282,-0.195892345151839,3.05841132677023,2.08010636247459,1.65537933709739,1.5753262549472,-1.61409886874184,-0.302114331305302,-1.74060470488796,3.18944155855769,0.791882072743547,3.40224207060351,2.19207777539984,2.20731291501312,0.839318037988905,1.0551273551884,1.60908118205291,1.96170674835405,0.0782057627650237,-1.82434302359534,4.65234315728068,4.26990728118901,2.12750098203392,3.75010925936332,-0.507798675340923,-0.0136456085341143,1.83478758324098,5.00132503942143,1.85301128979093,1.85845251634186,1.68409801192652,3.28567459845337,3.84487593759224,2.28278929208704,0.146651552248381,1.92110539021328,4.99975334193663,1.04474361936873,-1.54429564035932,2.02542307205688
10500,1,2.31335963184914,6.7853931344298,-0.186420520501197,0.782504495178953,5.13865544553949,3.59865366385143,4.43358421616067,0.320856387140877,1.08923485915608,2.25161928865522,3.16842868870139,-0.36456327067065,1.79941653223544,0.846166624895704,2.47725025183588,-0.00321523800609674,0.849934544012189,1.6441056106586,1.88972521643675,3.07806962311878,2.90886728406145,0.323464870186583,3.74929244844195,2.88596250268346,1.8968706541998,0.508839823626498,2.05795153833533,4.24175005640558,2.13414960938905,2.29317501290055,5.13131835842791,1.10091765255653,1.89731764418928,2.98767739513563,-1.24207166236646,0.179663030092649,5.34888252640002,2.01559843425001,2.06861343490739,4.89563632129211,3.80138496355729,4.57664615993219,1.83055106743866,0.744078748710843,2.07104291799358,2.44631197024243,3.08112006976521,0.406578656584649,-0.197144642644343,2.3987529757192
10600,1,1.02274706367507,2.79540848340142,-3.00582209890026,0.349207378438838,2.79802667781708,2.18353845491821,2.37249255345458,1.62780968161291,2.9702736406988,3.42194654102547,2.13245698179564,-0.244784051821142,4.2188624252107,0.00518259798249587,2.24601780923166,2.38377022211592,0.256831413962772,0.354532594609654,2.54620869194767,0.922976279905026,1.73351421010547,1.74072606915223,1.2871468437403,1.10975268107318,2.48574581250507,-1.39690863666548,3.0013399154488,-1.30839308477237,-1.03425986467086,9.25061350011359,5.50306826972798,2.38007249276478,0.513407226846698,1.83331172913407,-0.586488092346692,-0.474106431097263,2.70913214124305,1.01200620068798,-0.554909067483039,4.67146162205636,2.09197915702538,1.58240429821704,4.016370211435,1.58979622706153,1.05095396632065,0.821845291140182,1.70659278032999,0.683657323783743,2.49300450600948,1.55862528233106
10700,1,1.05346521393632,-1.26447255118474,-3.32636887978037,1.71771275899924,5.28046282857962,-0.421371439063508,0.231238364610274,-0.283799473600112,2.19178184989709,1.03882442696309,0.434278204846683,0.438777728198007,4.01110211910771,-1.12920751849737,3.25441966597889,1.3666478004958,0.848496910334272,0.922625966306942,0.259075339081016,-1.36061592239092,3.84118625045072,-0.513533478478214,0.361280110317495,0.427026769127287,1.11432885931518,-1.46052152450034,2.17670509867009,0.214362010712043,0.239738818905207,1.02812866652692,-0.649621368829817,2.74444803797861,-2.33233014405687,3.49033153129996,-0.450305174720027,-0.457988062350043,1.44488350281115,-1.76592504889239,-1.02032508031163,1.90007384107139,-0.377259672334336,2.80624837370769,0.589786900357193,0.696420732536271,-0.8705248109707,-2.28504073994289,0.0720906325212711,-1.05639170947778,0.536550293927703,-1.20288155032361
10800,1,1.50825124145279,0.383841200375722,1.04216325750768,2.90712708356911,4.64971331152136,-1.13341357614146,-1.84071096810629,0.471002290547209,2.30806079838894,-0.318170701086858,2.04220962587695,0.138955585917146,0.621768558118576,2.16701908689265,1.14313326694408,4.42462584666698,-1.11282532408961,2.83235705272495,3.96776277764445,-2.41024642491371,4.15116085083828,-0.359674082762415,0.739893737608708,0.0438749369921627,1.30463386623818,0.0999984999365182,0.301092860134059,1.36043385486357,-1.99020881638908,1.41928951059341,-0.823518436395712,0.395658673948036,-0.866254064678812,2.96174775992791,-1.58095685462632,0.27863315931649,0.359380104237577,-1.08397757798631,0.331716338791564,1.07481977032173,-1.32702720447362,1.55666207313085,1.12800526569249,1.93163563422384,-1.48591294212524,-0.0934926014240588,0.309418215525697,0.284266157473178,-2.5486148350893,-1.0440124551853
10900,1,1.75088124063098,0.378877840686407,3.09611313038375,1.99239423037983,1.86911856246298,0.925410878685014,0.913938230466598,0.520999802660629,1.27279515990889,0.452212382599816,1.03272547340696,-1.47284329262011,-0.600234341836336,1.99831170035861,-1.45352398685217,2.64937477779524,1.35723706155452,2.79960450118889,2.24404057285425,1.42066686322013,2.35313467931138,-1.8751056786074,0.870383431636692,0.033096819224983,2.34289647773751,-1.70539593234434,-0.940646530026578,2.35041250539765,-1.20719754919755,3.54405585723874,-0.0951485580439971,3.82562516773362,-0.0381826841040903,-0.881681569700349,-0.747932410402528,-1.00453748747148,0.686437235967468,-0.939232958341343,1.06304971282306,0.237621607631623,0.513888704266442,1.12792552676882,-1.06078679233306,5.93311960019951,-1.31416953126194,3.71564174405627,-0.121216091276044,-0.0430637378125179,-0.886299541726161,0.831375699927819
11000,1,-0.969729472151507,0.3750572690044,-0.336138972891574,0.201688906027073,1.56386672996026,-2.7501823605847,-0.702541941009721,2.84617202991367,1.35089242930957,2.81922502116467,0.433155475040179,-1.75280261622098,1.34970829056432,0.593726797745122,-0.729206061191368,0.594457930013114,-0.549930077949044,2.45228576468251,-0.951468842571988,1.22563837398103,-1.13193863458508,4.26952938388222,-1.13466286112366,0.025007657361728,2.05891716227616,-1.00682458041896,2.06869270694652,-1.96067890957303,-1.47735236001161,1.34375237242454,0.0443371421535578,3.63172431390248,2.70447799062523,2.413206958191,0.5167283804635,1.3053150559631,-1.54508474779236,-0.00328010216661323,0.707587365112746,1.86088501768218,0.326390518133787,-0.29460463328802,-0.533944771377285,2.96423055797754,0.262251572000525,-1.13100293386975,3.11275202175342,-1.19618360031676,0.839152572369488,-1.36930937964501
11100,1,2.01234187018965,1.71046266358718,0.200674845781146,2.28190237216702,1.53805865238644,0.444767717992543,0.106354815415803,0.805546209217655,0.96459359641281,2.62898997471806,-0.192188054568206,1.48973686237031,0.0880311210125173,0.322322213996468,1.43764193502259,1.53307855454535,0.711925454349362,1.51359576772215,2.30534244875867,2.21263247160769,2.31441760223828,4.16707403257574,-1.26648275814133,0.774522574170209,3.37289236882268,2.48648628933857,3.18925905903369,-1.14865724932005,-0.697739960739398,-1.31269261629008,-0.382476423482201,-0.185990770613313,1.15876307320047,2.97106559261489,-2.73486421448489,1.51199910536336,0.964059253073364,3.57507981843737,-0.809134698653462,1.10681489488471,0.754960701653245,-0.300373186764867,-1.41674597401415,3.33257011021669,-1.9076677827033,2.0517266648017,1.07450068220017,0.0269726409883228,-0.348841716123228,0.201807716976977
11200,1,1.92178141593408,-2.50513738026469,-2.30217209548295,0.605491756301077,3.63857396168827,2.27495790923043,1.66243433992441,-0.421619928907202,1.66314016446387,-1.51756219479075,-1.61843074729075,3.29375967868541,-2.24077839683867,0.467298038631379,-2.25221080533368,1.34861524269559,2.14896818873019,3.44943340796506,-0.300671677361298,0.347474317683314,2.28720305385213,0.65575599389121,-0.117274120566581,-1.1159920263079,1.32251980644122,1.45445138134188,-0.0689089484270529,2.91890934763789,6.71568982286982,-0.529865046636905,-2.99423880612776,-2.86080974844497,-0.227085845740387,2.11398361462861,-2.77036491878739,-1.50781985047077,-1.28202752000449,0.299190602207274,1.60481230346487,-0.0514825000842577,-0.539159641004438,1.22203488208583,1.14352696564364,1.42891159753272,-1.02585751975972,1.21775473969597,1.72308467461356,0.12201000201175,0.276663054209711,1.81268309641506
11300,1,0.801986261547606,-3.40602148182078,1.00736778915006,2.10344842918023,3.31101154947976,2.12506683652849,-1.0351588073386,1.30729744116834,2.41778088891454,2.9411260220202,0.371797649962817,1.56563184108169,0.224230225558954,-0.677446570017565,0.0299613210576513,-2.14371631121671,0.313757396272204,3.07185588793275,-5.00424762927182,1.66151230715605,-0.0447322823737498,1.61241544443482,-0.167313434636734,1.29770833340875,0.0949152861441268,-0.730145280485699,-0.405356792450662,-1.24317295309607,-1.61177084267628,0.228740879874725,-3.36540125628145,-1.78264565594815,-0.917371338286272,2.29896634351538,-3.25946116696508,-2.60433711160808,0.679723428248337,2.08891817486444,3.98525899897308,-1.19921473183998,0.0719645481251028,-0.299170553664192,1.53976850108137,0.442294536869942,1.32363321630266,-1.67995436075072,1.1725933403469,0.725077031495632,-1.77182480006493,-2.08696322944516
11400,1,-1.43949918364627,4.50440757340247,-0.200305447287667,0.509277075133366,1.23993782022096,3.58198497905878,1.46493928382783,-1.6119002566083,2.43667859925466,-1.00842201659154,2.89939164217785,1.95797841192207,-1.64212766697825,0.155627262230447,-0.496279962129114,-2.09571559228455,0.863156396491298,-1.62323770671164,1.28961978073248,0.274390956059913,0.835393165494197,1.48509852869325,2.35943025942552,2.9142084006552,-1.82062087565624,-1.81446779617841,-0.77521398539571,-1.2512689176133,-0.513786807603868,3.36197512190292,-0.549089091970399,-1.85384316694266,0.847662464795186,2.49427350025648,-1.02925830330056,-1.24112446994667,1.90880272299637,0.806576209832127,0.863721608914835,-1.12202863033538,-0.378922673918308,2.30741538242462,0.121534028251185,0.0497185311199544,3.32671559837859,-2.26124289120282,2.76218525503646,-0.233074607590919,-3.22062730210349,-0.470949465246102
11500,1,-0.646647273779628,0.883658041015488,-2.69259921837673,-1.34937686166942,3.40969886056628,1.44026307412662,-0.197885715458327,-1.43892395427594,0.51670106265074,1.06016490127946,0.546257716933312,0.122708308251711,-0.547188974301679,1.82788247128255,0.521367655506606,0.412112880782291,-3.65906039759357,-0.576532196956237,4.08342177005976,-2.76561299446788,-2.53992027696119,1.18918307058946,2.65915907626962,0.612238729531877,-0.152519181595672,-0.534578688946503,-0.723608756038327,1.1855599731255,-1.70314893872769,3.15654660410384,1.13762091160366,4.85132392574386,-0.0964669179493342,-0.171505877017758,2.83570924580142,-0.561058022532495,-3.18979807296482,-0.00449306202655819,0.239244666159385,3.71676017607634,-2.10728006471471,2.54848188113029,5.11527517512578,-1.02926096886436,3.1334125926431,-1.78274974712327,2.8566292765012,-2.18528853303447,-0.502127697850876,3.64327353966843
11600,1,2.28691277636477,-1.96598523561299,-0.533784851219297,-0.433703240698977,0.196716920402544,-0.569109175247395,1.19441811043315,-3.20631287411613,0.730866411792448,0.826177874440508,0.0994551255228031,-0.564111352805548,-2.05383680508593,-1.76856932844521,3.24124360509735,-5.99513005553564,-0.628553302176678,2.51116309893658,2.97092274166541,-3.34611281890927,-0.0891275451849026,2.29653809982436,1.25125703785192,-2.3766963725274,3.12125722493888,1.23801885272141,-0.928909124747784,2.26836971773616,-1.80818237689111,0.642095617046156,-2.86741649817235,2.83969493784351,-0.418759211638864,-1.89531270949936,0.760260323038555,0.879748760016823,-2.48134754691205,-0.480294168224868,-3.90299838100637,2.10448052820846,-0.245669935921926,1.72128229724567,-2.04335429294879,-2.46294906919509,1.60212296494902,-3.30027375806432,-0.104404588513073,-0.270984396943594,-3.89080552063686,-0.662668444936017
11700,1,-3.14596973245936,0.763379418155748,-0.923819514850699,0.937256816474128,-1.60962804106632,2.8596129444305,-1.6378475674565,-5.62489850247309,0.982652686736038,-3.27502205434408,0.837273611312996,0.376527754055178,-3.20619154427513,1.21769372422316,1.44848676244448,-4.72094717764435,-5.04605099324756,4.18450174311857,-0.880705872518296,-3.51201908304223,-2.50312867318082,-5.59588976693377,0.318109343025919,-1.63228374845148,-1.60643571714655,0.0381172961189521,0.00584115278737563,-1.08004416254013,-5.08778429612887,-3.83309811433017,-7.98895647935959,-0.161935374417402,0.198108925596348,-2.65638993948708,0.640526054105229,1.48782588758873,-2.76561814247532,0.205563312317136,-2.54304429767956,0.89069619387903,-2.15988407157579,-2.07801666569,-3.84305268317255,-2.29828662772531,1.15198241725671,-1.24359682922037,2.21211455922271,-0.176937630599076,2.56198586749818,-1.54918623587248
11800,1,-1.05845638235011,-3.62241117150204,1.80065153547393,-0.0552610967477091,0.983050558078345,-1.18708150651097,-0.118137219133738,-2.31290962622835,-2.24205280041744,-1.80299099361128,-1.89952272925596,-0.721151157785474,-1.92340323341532,1.74732148939615,-1.04574551985864,-1.00836768891772,0.663103618706556,-1.06480444812274,-0.701512164758987,-3.46718790848894,-1.95829277694458,-2.99188872813583,-0.175004129126705,-3.65243894174053,-2.95236933991614,1.72197554792187,1.36301511563714,0.0774629600548988,-1.15743551844678,-5.85157813305455,-3.5638984277004,1.6535658965148,0.786373580234748,-4.21888270694525,-0.421884993360494,-1.80530630790525,-2.56900606328863,-7.13791186968924,-3.91709176261026,-3.45535782799574,-1.74955010037779,-1.96570315622263,-7.39575499636452,-0.972447509175472,3.10342517231121,-0.181242744911086,-2.21962154960042,-0.610085619564784,-3.48455485353739,-1.7224233078069
11900,1,-1.9493413301161,-3.83484914887445,0.22868921252785,-5.83467197340263,-0.439278670823037,0.494146899951094,-1.48543765907359,1.30350166903894,-0.43753530668647,-3.40916327863042,0.607025442245213,-1.84219886916141,-2.06657978437195,0.103465649422734,-3.42674659670447,-4.77428821559254,7.28617055068718,-3.34062792557444,-6.36378064405321,-0.580100791588378,-5.34295640773158,-1.85004905383101,-0.603168191841697,0.245994254161332,-2.60686280975719,-1.01631002115224,2.87879283601644,-2.62093286128105,-2.82933687301728,-3.25598048494423,-2.53246475383866,-1.82246601842355,-0.34225687361033,-3.49934491636834,1.86019451347546,0.243965414647241,-4.59372105235865,-2.53362119887165,-3.27541938602756,-6.54848789113293,-0.139557213719674,-1.98927685697989,-8.38799687732607,1.45726461828886,1.17243251780752,-1.18813442442757,0.0124578339816275,-0.973741428572775,-3.59255478624075,2.11038413691859
12000,1,-2.29062619520699,-1.38385413305856,-2.51802396815603,-5.88832039743877,-2.1167807705187,1.520086025581,-7.59733674244861,0.182490260854742,-1.351366570747,-3.81494878635411,-0.700432928395311,-5.25573071425476,-2.21055540335568,-1.32162002736545,-2.16627298989813,-4.3656449934416,2.81362609596906,-7.87040434720173,-7.53943186801455,-3.10927975177707,-3.30393731923181,-3.29400724995372,-0.0332838620352368,-2.35347870466051,-1.75202524805363,-2.29739085252946,0.636185437145879,-0.476514551993809,-2.45189491307046,-1.66568169445265,-4.02626896974888,-2.31458922260325,1.18054475756077,-3.79845810088091,-1.35648319073936,-0.785110060303611,-5.89161799259038,-1.70014421489689,-2.69833106965768,2.00625111616583,-0.453180333199095,-6.74402949171523,-8.05146877139451,-3.43336841817744,1.45445299822307,-2.41800108229722,-2.00816543188891,-3.93713537355335,-0.278605846401948,3.15498605334259
0,2,1.20942073930254,-1.21995123829477,1.24899229533343,-0.00613750493028564,-1.72206573651816,-0.168436599130439,-0.509053224334119,0.227471251575762,-0.450430391772288,0.250806281999985,-0.656731326307652,-3.76853043069602,0.0288428996754422,0.479539554168882,0.0508419384493028,-0.217894185800568,-2.03014895013672,-0.631846325034106,0.173626625495515,0.889590056226359,1.18182160558889,0.35849918925804,0.289650869163836,1.22648572043168,0.00373519860075744,1.02261235628355,-0.876834438013551,0.559363855893865,-0.520527955350918,-1.27393168198545,-1.40723425827904,0.360017771297634,-0.624806933414155,-0.83278121803627,0.12549935943359,-0.126505986880858,0.49122774588315,0.41784933536364,-0.146639632546374,-1.15958133068671,-3.59049301270577,-0.288104214389954,1.37995458946857,-0.611625998040524,-0.689268059485927,-0.771120373012509,-1.03598440117553,1.11638708955531,-0.251627466553829,-0.159795700465727
100,2,1.19001317392584,-1.679231034379,0.880058967644932,0.0934790789407691,-1.40698096874222,-0.245254338478896,-0.129765521983561,-0.432281531144372,-0.298967410930276,0.289971972821241,-0.0894156523020042,-0.835117460011668,1.31454754565315,0.539918049941603,0.563612811746798,-1.25474619404403,-0.972010495384247,0.0605688358416294,-0.00124946870215248,2.04899428570565,1.15545256406754,0.00124946870215226,0.513472451314768,1.68240232496742,-0.00376223915801477,1.32414129421889,-0.591925204684175,-0.179122720250961,0.226671874908303,-2.30654496605304,0.334269035392012,1.38890872748003,-0.195406419952353,-1.20705178215335,0.959406595071186,-0.240028642011561,0.321038028042298,-0.268140247627957,0.496067557734509,-0.133317676381507,-2.07556538760826,0.934711340932357,0.684338666848221,-0.0489913974870406,-0.602362973022182,0.336482661811862,0.937131168512453,1.17386407087485,-0.223928853890381,-0.434933647128028
200,2,0.636342254875628,-1.06815947306823,1.61636073666033,1.40053942239465,-0.424600444806145,1.02022106702391,0.806728965682234,-0.568741398778988,0.684915927445283,0.615390743794442,1.90412306569218,0.705447358456739,1.21434801299831,1.13775106393112,0.723187522133356,-0.224485814867417,-1.61582172647455,0.695529106120703,0.447686754910485,0.913804242522408,1.40108789424234,0.262305590853616,-0.0201774817358593,0.551729392825569,-0.0628763594433106,2.6327204664397,0.586128336923809,0.587335235004472,2.06024347615326,0.333695626257442,-1.42221686383616,1.98211479651442,0.38391389125729,0.369994892766413,2.41447257530483,-0.349861548562138,1.38146573459798,-0.743446694185796,1.19844806786247,-0.570844673520306,-1.23804132393358,2.05701781949546,1.63428859689097,1.5666611413215,0.432000390046682,0.479484567356622,0.990606627993518,0.861246030665847,0.638792873952733,0.419697316336952
300,2,0.199044994283625,-0.309227123156231,1.21923355144264,1.44930338291784,-0.708291080444812,0.591261375886396,0.599155458400082,0.435733973773289,1.09731882961273,0.588082836451766,2.62292100055539,1.1039880430673,0.341775465507374,1.27896570789438,0.681815949114219,-0.547982958265136,-3.29593615497053,1.73722644968577,0.225833110853631,1.06062346031485,0.887379488328625,0.637949888325713,-0.475509496647398,0.741081367665734,-0.0311391479312051,2.32833364714228,1.28472486178246,0.434499548092892,1.7118068005064,0.812786428549202,0.0298320662720122,0.445682394331991,0.119292871174841,0.258508939344326,0.864739847111001,0.24534387612182,0.848612014697396,-0.431608394466702,0.975306999104479,0.410135423889217,-0.429354453709441,1.45390620187109,1.24593053020414,1.28762223364353,0.185556987624437,0.454749931888269,0.619204677051347,0.724942516429027,0.728010090658211,0.40763924613842
400,2,0.612208275326268,0.698021403714868,1.53692326084664,1.64871149380731,0.754756525751979,1.22551745981712,1.24866702599851,0.41341172650725,2.2183834362583,1.1187532178084,2.8871526606369,0.240883313676876,1.70838881519468,1.85831440209088,2.01033309584389,0.285210521948957,-0.520689741119522,0.333796473981971,1.20202661387009,2.08935084941124,1.82436368559814,1.71175520756232,0.858886700902789,1.33016655587264,0.329594737968904,1.72676506304246,1.17325421109014,0.638659276079542,0.446959180139746,-0.386324613668204,-0.356442664544877,2.23923807505752,0.5437209455441,1.99894359571311,1.1506648443527,0.316100329700533,0.824694747831558,1.13239954074846,1.41273910039004,0.896544440704432,1.06051273642761,1.38105866916274,1.12929569244498,1.8538253415687,0.908698458239697,0.0834983918120398,2.01697584293374,1.55577275227644,1.49828466515809,0.594552969859861
500,2,1.28894182947165,0.432049471402753,1.80799909407103,0.863750515499485,1.01862661450263,1.22623476324659,2.05545816760823,0.822537411018585,2.4128658309304,1.62937785231315,2.15068079311504,-0.418551848683868,1.28416433043348,1.4492389109721,2.02606436618021,-0.271922691738977,-2.04135715701359,1.19393864631692,0.810996885502683,1.90149396362503,1.66549872659072,0.543143887045902,0.718087815835632,1.97728101960992,0.885244599940989,2.27541617609185,0.978925962183656,0.932568438341567,0.794967489929115,0.0196312467847468,-0.382242089231032,1.67547477897203,1.19591115314303,2.47598537973318,0.925807450291406,0.408933003247624,1.87772044938181,1.75298687718844,0.547507078239678,1.06698341664616,1.2600289447168,1.77422033212574,0.722823637494933,2.26450130810412,0.760070059899132,0.0596039923270359,1.98735873975298,1.72167079522284,1.84458741452682,0.610366137476703
600,2,1.96585843215877,0.338005037215194,1.67923467607454,0.575548238111751,1.01141203421539,0.921752434313253,2.16046763369246,0.101852977305039,1.50687084805266,1.21639496090617,2.0854914285112,0.372462160083609,1.09841766899262,1.56039986888539,1.97806990648014,0.544607496834442,-1.20500575082064,0.295110209910939,0.734994305986348,1.85753380481927,1.63615879073425,1.17302151928473,1.9162192417705,1.61044331149706,0.962009237992137,1.71084921857052,1.35343435271301,1.48276618525875,0.488463875705157,-0.416241252097929,-0.854630452970927,0.307892588447365,1.11926705551347,1.9985540829421,0.376829860857106,0.668991903310853,1.96377581749356,3.09043791032352,1.38144474344273,0.225426760161047,0.101263981315165,1.99589664412458,-0.651743402202283,1.96932366691163,1.1563095598135,0.050540665798368,0.969875008955979,1.50670438866505,2.26837512005746,1.26028052787976
700,2,1.89184255876994,0.495180068821569,0.613439319546575,0.760879023307998,-0.340737535576267,0.588669461400575,1.38787935608472,0.640126487484719,0.703160373956548,0.778539168012242,0.392856825685932,0.540440893247545,1.34818288405193,1.41122679668999,0.650682805673128,-0.00188160229840628,-1.82127453678753,0.915171325419605,0.993369345367711,1.53687802504095,1.77534198146742,0.996765426043577,1.26703811409445,-0.0525845793056532,0.705262035074627,1.02696745601238,1.13772600816033,1.18453313209817,0.139224483580972,0.0690154143931681,-1.78147891374185,-0.834405216134287,1.65395279901635,0.807713830012499,1.7930620901681,0.29594087873836,2.19430633150104,2.02006954394676,1.25352964509871,-0.358343537720138,-0.988458233975518,1.04743889403444,-0.702741506430905,0.543518518086062,1.23336931362101,0.495340776123886,-0.275973969503963,1.52124483911174,1.59320898432919,0.633635926865124
800,2,1.5133413381639,0.624120755513175,0.598233162345197,0.369912095737847,-0.310392258694214,1.22734617562362,1.50598727920803,0.246091789194898,1.06229776653482,0.89843716558695,1.3014710389786,-0.227267659170343,0.646877698100731,1.71520112138354,1.28304411875823,-0.184916242473463,-1.5680952876843,0.587936431185778,1.03886396593542,1.8531336171874,1.43513490461198,0.831356864186606,0.225947067330017,0.0751700998669846,0.843066045829839,1.05667350006551,1.48754524636843,0.460577441671256,1.61813471219576,-0.106795729783311,-2.43839645139737,-1.77097154542233,1.69828172968059,1.09122082961614,0.531071694501214,1.04602814364831,2.23656010615578,1.45104253318765,1.375654992227,0.183719331675338,-0.543038554390836,1.39765605795882,-1.04143515612344,1.46401416133017,0.754062904995918,0.286626119102146,-0.343221712778103,1.8336053027092,1.94389222948816,-0.225876311617607
900,2,0.668307353570558,-0.22820465745399,1.20357878047489,0.38845433484122,0.296347735705951,2.2676200351262,1.07870427571911,0.433904575005174,0.782396091612613,1.00937799831844,1.41011547492453,1.80835146202051,1.01150006640204,2.13391074740157,1.669649773918,0.883752478923196,-1.69944981610488,-0.065264394448346,1.12596248298536,1.89415495196757,1.2729040201658,0.53222575092643,2.02276642530028,-1.60757277828151,0.934153781043825,1.74316421816808,0.954709001220421,0.85125776396936,1.38690229443085,-0.655499761657625,-1.06730969426459,-1.04316998208426,0.833237621134481,-0.22042460625024,0.979284682135711,0.522369476861579,2.29794155390245,0.464991898593585,0.520574534529752,0.293167760704962,-0.0582081702408659,2.95505682333778,-0.755381261469483,0.975747008286355,0.139133423882519,0.680372365799195,-0.563278280734188,1.04474725123748,1.48009056536748,0.635320223732757
1000,2,0.607017911920904,-0.867165457053193,1.63148939091839,-0.221139718839451,-0.764425417357788,1.43608657453808,0.987499483377646,-0.246300721181596,-0.889369567325614,-0.394805191576786,0.38271799417468,-2.04428528940037,0.414959396016415,1.04545126734834,0.380145508913383,1.20223417775857,-2.96444098287878,-0.334828196449122,0.969958243565762,1.55597509053958,0.647480472200051,0.165235345807787,1.34502588331848,-1.59507503815633,0.934625098175934,0.750751101699538,1.42715904731888,0.629389228145682,-0.66271997024414,0.0649453904983681,-1.5261879852421,-2.12785863425221,-0.162954068223104,-0.198472312558409,-0.30260242789808,1.11059706942457,1.07698435591982,0.21366605487396,-0.172279837149802,0.0653146024948283,-0.895951322415601,2.60355820885722,-0.440021929879397,0.473313496597993,-1.20173067959892,0.782970635505975,-1.01915768442342,0.694305011775165,1.06631461273517,0.495565885270255
1100,2,0.186593392209488,0.717863700995468,0.235456602343922,-0.389138726592833,-1.07602224866577,1.28516523225407,1.2623106598802,0.556566745849297,0.435648608139031,-0.700875860668322,1.1998912161022,-0.32420647711919,0.364905217866315,0.931574192337188,0.538666899994005,0.395007077714606,-1.92380358461961,0.0921499328575639,1.61459856792456,0.946058168024814,0.439498525938578,-0.350120843552938,1.34150146456843,0.00683872525286189,1.06984125557821,1.50342767269221,1.72408116175783,1.48932362248822,0.288807188309463,-1.26615762637915,-1.03923555794931,-0.915143425985223,0.0576928742067468,0.615321955088596,-1.64298713255867,1.56234852943319,1.49195725099477,0.972685795187759,0.0753418192067947,-0.496019512688692,-0.675363527950376,1.66949135577585,0.518835816312389,0.711845626638188,-0.133428424850751,1.12374078671797,-0.261399387058122,0.46519502015077,0.687862957948669,0.204572448341266
1200,2,0.244992058790198,0.30614285074134,-0.191873706079866,-0.00374444262919749,-0.317526237187956,0.891795807176438,0.74525635635415,0.747668895538212,0.489894071510781,-0.433038419073064,1.53156645049396,0.18617805476341,0.00592300560559855,-0.0707559698204063,0.389143801376474,1.46967464547978,-1.26677845878005,-0.0979168381485263,1.75271740574253,0.872319068872601,0.651691733889703,-0.265822690945184,1.77063738410592,0.382098160571119,0.696888805317658,1.49525976430677,0.947861829670118,0.786455499986741,1.32754822394794,-2.74957702079701,-0.857891301255306,-0.826460573937164,0.378476894272018,1.0139807092915,-1.14081449307075,1.34220239933178,1.90476328166804,0.0741316716906313,0.157102476340666,-1.6045829492051,-1.10293116794213,1.52859789823485,-0.0830526629910013,0.717382651562955,-0.0148318718081955,1.08691130428588,0.539940195828206,0.657885937608521,0.971352385738838,-0.242151646691179
1300,2,1.92469628578221,0.128023873438624,0.163619109248711,-0.275075839712668,-0.107415160586319,0.713260524980565,1.21895324299244,1.8797377356196,0.926751185369873,0.287714953803747,0.464241914512006,0.294977517928967,1.93649949502773,0.909575906374255,1.20432781982902,1.46690065728764,-0.351294311703451,-0.133561838960403,1.91729940732874,1.25832056518697,0.824681864473201,0.657596043426577,2.18243322872339,0.698133043047213,0.863878191004434,1.6385032384571,0.787619939344195,1.03826737961576,1.71084352152003,-2.20127799229992,-0.218287003460421,-0.376598528519668,0.543657470771751,0.772283801939404,0.748726175263469,1.63302131263275,1.69775803211941,0.703730786588778,0.798183382519996,-0.526755894352344,-1.71537249392904,1.13161147956686,0.566893469576799,1.21519488191774,0.601866518526963,1.36705012608388,0.724653941055573,0.800411344423027,1.71303425543882,1.75681644600445
1400,2,1.7454702840517,-0.0735816031334515,0.264435894409463,0.684714417779691,0.317291249601049,0.821645487458216,0.81248209589771,1.45768515411044,1.09182644466606,0.120784760326777,1.47739976303134,0.139462123610998,0.993140285149176,0.7336412630195,0.995369429110706,1.69238608644336,-1.52296456108475,-0.713382106784345,1.99996263576235,0.285935782200925,1.01618469117314,0.92884579836387,2.3195064457736,0.540563395370287,1.17721895455264,1.49330914716688,1.54877440869339,0.733870143402324,1.64605175829711,-2.20474551575154,0.145011278401748,-0.12714765099645,-0.165505508684166,1.18327921214413,0.534306854727205,1.67313572043578,1.39536648695026,0.989536440187306,0.867634409104565,0.275940618859921,-2.76254772692093,1.20311478844762,0.353757205590352,1.08092809685053,1.48417941573018,1.14056533848607,0.437285317534163,0.663560465103338,1.23835731892305,1.83894481500486
1500,2,0.916340286570771,0.60681588107641,-0.597328126738237,1.22046440022771,1.09019148996315,1.0246896534632,1.19332577226055,0.153483190163178,0.475729616920434,0.210833776036394,2.06474305770772,-0.0281299745906864,-0.380811514048688,0.509386906327771,0.148198696579988,1.09530268437366,-0.81430655202675,-0.994676495971175,1.86783788423989,-0.971472298373921,0.725793654825577,0.833332363192348,1.33420099490468,-0.481768938356979,1.22278258479428,0.680400813669377,0.935460975095573,-0.164303319063339,1.02722065913519,-1.31650490348726,-0.373436059105871,0.0964909245222874,-0.372278755831824,0.017070350290822,-0.608245428337106,0.996300455302586,0.740862773670498,0.761820424335322,0.75640239755138,0.324140728481553,-2.84370776876203,0.589852983422995,-0.0669331117812708,0.207100860592955,0.440754857457738,1.0300638553842,-0.0927017410499706,0.393417137933768,1.20378483311611,1.54358829906073
1600,2,0.512098291140926,1.60157173476661,-0.300606415814939,0.787755499779694,0.7226524524701,1.59778703114084,1.1314038821406,2.6851442722707,-0.0747094845889293,-0.0359546977959939,0.793147125544097,0.250456798772973,0.496353797292796,0.954688212503477,0.47023629314197,0.423555622846838,-0.769570393945533,0.0463872030666588,1.48150865722538,-0.0617663314149222,0.692198441415171,1.01788058690352,2.90631404324829,0.405350979328954,1.32746701524038,0.825865649233057,0.9117762590145,0.0687658890976874,0.332387606320038,-0.358617280160822,1.40879977473928,-0.598014330045157,0.347834140369529,1.29518653350381,-0.666987788837241,0.82964721708617,0.747672728404418,0.701339312262312,1.1786487355087,0.572076644407491,-1.73164609606465,0.12491814154759,0.148221092364889,0.3117977277413,0.90458676256585,1.47215980600989,0.617105582854621,1.13562080284087,1.42904813253782,1.10202991615196
1700,2,1.09465813546563,1.77505632788034,0.32391714106159,0.576214028016559,1.31165804916507,2.01097710924985,0.983364380671088,3.23965895208873,0.0861676742069803,0.245501166233614,1.25019984120033,0.440520434091439,1.16782756593949,1.88480642218064,0.341042684645545,0.786365904644181,0.1544441898139,0.898067872287531,1.59422555780896,0.68115476594687,0.545648464111884,1.5535771810948,2.33156732547856,0.1781639317142,1.40952517328072,0.148464673256084,1.22297552473837,1.16579872747925,0.32238478741793,-0.653967553764052,0.941295910891063,0.427736760214392,1.12555537466899,1.64141473253091,-0.927956384514133,1.03241270758417,1.19626966887895,0.638358394766368,1.44174575219443,0.385375641097687,-0.862345481893409,-0.426147536056498,-0.378138267329622,0.227954254262987,1.30669846183534,1.75536340283471,1.68884102821454,1.60729905185043,1.40120753173047,1.05745265776665
1800,2,1.54877941578137,2.95978239300911,0.238039109687266,1.38920161954072,1.89436029105029,1.95091433786896,1.15667969382981,3.01315218180117,0.74296312400002,0.990167753373423,1.31711646334068,0.738795903640609,0.58782949111363,2.05402735575267,1.27162284710419,0.657587894186852,0.620092973456641,1.37211824807534,1.54214498513434,0.152908876001484,0.81069067574811,1.64620970042451,2.47271176544042,0.713205954479564,1.79881343545244,0.68606702778053,1.35272483387705,1.73690643842426,0.854875114954295,-0.461451930190798,0.453915254945733,0.807876250183351,1.38567438498464,2.45878132045883,-0.223592333037865,1.15858413166878,1.7202294593005,1.96537927900186,2.16468881362966,0.302865269279525,-0.161407205495732,0.15755493646702,0.207906140963984,0.306749739702283,1.53179153120357,2.01770294922519,2.10520803146774,1.70305726142717,1.49191092415626,0.823161536904712
1900,2,1.46725843597754,2.54976962601596,0.426337017113705,1.92413050823324,1.4418042452244,1.68325460564987,1.759013224266,2.36152654891932,0.518883863940365,1.09341940600809,2.21422796580155,1.46867386065915,0.164923827947216,1.73971582189292,0.996672522662716,0.889860894522469,1.54622541434202,1.77023367113857,1.61402044739862,0.688544097443156,1.14860363852055,1.58101050205595,2.12403057529661,0.476346377912573,1.45319336720004,0.724633555616936,1.18895386519969,1.48838790444671,0.616880082416977,0.388477248104069,2.01608412587761,2.32772139830936,0.822309008754182,3.80007525548724,0.666946417586272,1.08695170379309,1.37381909047708,1.8494171147415,1.42556591751977,0.218994631775859,-0.982033706469056,0.611258558455271,0.497343416496091,0.765452335165809,1.25086574027872,2.076617343666,1.9743205135925,1.57315624475982,1.12231981139446,0.741928896594665
2000,2,1.50263027730878,1.61843837044414,0.393041072727894,1.85351163686186,0.846580053203868,1.6669521051145,1.59011864006641,2.59321551074472,0.515032517701379,1.17875564582606,1.39969555193859,1.95142518413799,0.55498697456465,1.23334794060049,1.23446021328,0.761020415283231,1.84682829980389,1.91404778595573,1.77640598291741,1.30256392126445,1.66627718773998,1.3432030964521,2.21620930327091,-0.110581103177486,0.95627249907768,1.37838954016794,0.634335945788362,0.56071172603903,0.789641086637895,0.264260862504181,1.9931242464298,2.22045023508922,1.19293335577117,3.19686199637949,0.29344897401723,0.674351075006677,1.45858681279578,1.37086859710899,0.878751132678002,0.903918045695719,0.10787994898126,0.424232727424557,1.05360530204685,0.563069601400003,0.789682409071269,1.78205143038725,1.39436971918235,1.62526370846103,1.06558699550014,0.987276005070153
2100,2,2.36908970434095,1.4321512739442,0.761763733434642,1.59006858964252,1.29919557776724,1.8506843452168,1.45018860764195,2.07604609875842,1.36846250902328,1.09772579736426,1.08665612262827,0.699033365569273,1.47595508147832,1.57062787088536,0.310976448657146,0.400418557100651,0.342824005726828,1.9698383484394,1.45312046853142,0.0304633902782949,1.49783239785033,1.45052641971901,2.27124845195373,-0.133137950348201,1.02622295614564,1.73149294927153,0.91636567172255,0.879270033822714,0.482931930523867,-0.0618633186347328,1.94700430937655,1.61808429233453,1.96452198333705,2.26056617187484,0.814092038060366,0.579196431186459,1.2830748027915,1.53810446599323,0.78709502228927,0.651985622320986,-0.630538062217248,0.587114120006992,-0.818803216537698,0.14067419043833,1.40314938451271,1.54123381966107,1.52435127806772,1.30801364523941,0.793413716863015,0.859207923375848
2200,2,2.69042618475751,1.95484945946958,0.566746968096582,0.975031324141496,1.56670053987721,1.98195261709455,1.20422253964137,2.30639792867875,0.916847623803781,1.1082156589869,1.67192842743012,1.14023808777431,1.29241047671774,1.76775827667425,0.249527339306182,0.148950616704877,0.780597101463741,2.17841398114461,1.28423258660799,0.567595075283507,1.63813991630663,1.6835496767615,1.51954289128374,0.417941324546637,1.12676297441616,1.95095087904368,0.846133264280408,0.347468074250903,0.791430670926015,0.0504646351237561,2.80303816217817,0.835097348726695,1.85160475736255,1.71894145124409,0.967689986283483,0.653114226285628,1.48516473070587,1.81223249696665,0.685623438635876,1.27629974056157,-0.457742852781215,1.27639921188714,-0.967985234566132,-0.255458505243748,1.7481316244237,1.59333639368739,1.33559529726642,1.60528553698785,0.875769263544961,0.880348681759443
2300,2,3.01007941616021,1.26190056197239,0.342122622574732,0.927686342253672,1.78290125596121,1.89346657680597,1.59415285908243,2.46124139802654,1.49933144252019,1.20728104749797,0.468648635427225,1.55992218149864,1.20518816371559,1.51534464111234,0.765470213072298,0.483767135596871,0.256709313859798,2.47437860248811,1.72651810967506,2.19801197211498,1.63297816485049,1.51724508930853,1.99305034877514,1.21108760671448,1.07758901423243,2.01912777662124,1.01589614137227,1.29559130508869,1.11986330876906,-0.00916370637190989,1.9140400391546,0.865532188372432,2.07492126100567,1.79450104650192,-0.478306816526159,1.37161244460866,1.70259849805111,1.80820159360258,0.963834369243302,2.15878400335613,0.364947344624748,1.77346043599876,-0.694821599853492,-0.735081632719009,2.064754016169,1.85645900843306,1.37025711839978,1.47570696025242,1.1438694448541,0.633482489112115
2400,2,2.39714554174935,0.0230535423535125,0.120251218399879,1.36729621252308,1.24519251287662,1.57696102527761,1.09185959200784,1.82014125081523,0.552556917051295,1.13622905008974,-0.808061682257228,0.980561368879676,1.00595281180105,0.971059553802448,0.474019361531536,0.248588520029452,1.55274626798013,1.91439570819181,1.2477306731067,2.26715967796864,1.18674106794078,0.660085235370895,0.471148069180725,1.72554757450816,1.14127128828789,1.76422342300116,1.34499219928042,1.49554528951132,0.742578881659304,0.668123244892732,0.270390736073989,0.179313002339222,2.02621274173652,1.24496108690196,-2.67114859246753,1.05410600877103,0.575677131332741,0.513036860003596,0.997528874525789,0.233868735270218,0.630120345077976,0.860509931014005,-0.643466646862158,-0.743579451303211,0.424003307640747,1.07943204936871,0.666738181413948,1.16939239311868,0.94115117621634,1.07710570931048
2500,2,2.48724656137278,0.292958016339662,0.505247521840565,1.67676098355907,0.492938031274425,1.47555155382483,1.3523615041404,2.18708690072611,0.81694215775315,0.304078370887443,0.992121201927616,0.120863855520525,1.01357046330749,1.32109642802715,0.404801993614832,0.497286784884912,0.160912042571244,1.88232872845944,1.08668079936044,1.86687690603384,1.62169957327919,0.612525398265967,0.352731846680124,1.87607308858117,0.77369566109889,0.780987685037519,0.328918501842542,0.985700955339826,-0.445018793599036,0.586815261234988,0.240080448640544,-0.707527027316546,1.43148886286026,0.784522380165427,-3.00095686306062,1.09600467764136,0.252483742630784,0.486179251162882,1.49800033710023,1.42170304004297,0.325334611976983,0.980810981805206,-0.191438611357033,0.0939551825341112,1.3647383516287,1.63810980240264,1.88887095338615,1.52552543975923,0.868933113841658,0.640443594950816
2600,2,1.56101940748535,-0.132412012706478,0.141925691488304,1.39553983425711,0.534800726816525,1.44227530845148,1.05939703229933,2.14785035506088,0.145484944648924,0.431996314076928,0.621199163606952,0.130945755257738,0.354320703773535,1.102429884403,-0.138387861641144,0.117660551394702,0.114163530535775,0.908769065079287,0.892285350266948,1.14077937285894,1.28040225906298,0.469936709181442,-0.235318048269822,1.52859005656839,0.921011477727027,0.438998546998765,0.226855542726294,1.27998357586177,-1.12100774091344,-0.00666469444294182,0.699620437362222,-0.458629523944017,1.11744766538531,1.04526383121487,-2.89762257905815,0.972595977838487,0.538544032052922,0.227429520123816,1.62353368709915,0.248737430325773,-1.19807444448901,1.36749089047269,-0.270370936562776,0.176080812294878,1.26543048573459,1.18320960419851,1.84386941167582,1.51846954310108,0.915898054948551,0.870416010555754
2700,2,1.72433792577769,-0.0507885313714589,0.707341680819382,1.54334807012046,1.10314695191713,1.59233375170195,0.599235289553237,2.16378695962792,1.29366767031527,1.46359460419509,0.82718473446373,0.593566941862527,0.723901202572107,1.01850357441273,0.319330345025973,0.420651706900934,0.136671980420897,0.231257033184607,0.773461204809035,1.58720852745074,1.12594087084936,1.20534076933969,0.570388053171515,1.46464950560951,1.21662330618776,1.58839169825289,0.704047861698477,1.20927545358586,-0.3425598559239,0.256395345228288,1.40224702109263,0.604649898638298,1.55755817055495,1.30948422811232,-2.64264486778766,0.942435732517235,0.692229890931757,0.675522343171231,1.44337322902149,1.6451856869946,-0.00244432491940061,2.19894632025918,0.0478300347382676,0.120253406761737,1.16585560208187,1.44582495804966,1.20007361473597,1.65366516766093,1.2223132055364,0.897081255995435
2800,2,2.08645188116102,-0.0749023509373377,0.0204413034789894,1.1536749668629,0.152371471503962,1.43332104229689,0.657007103649045,1.05242783011114,1.62036925851631,1.24063168443801,1.02822043111055,0.433286201873959,1.82691998725991,1.05183344103832,-0.237773414328267,0.933993418833889,1.03488829004437,0.508380259786614,0.728742581469085,1.82573666738021,1.33137493670663,0.956665190438349,0.591655616071765,1.19472072087245,1.13652603583209,1.67014371723643,0.663091978054058,0.743270090540424,-0.17019917400326,-0.570351231685018,0.345874684393923,-0.274892777087187,1.61845994863589,0.933321372603126,-1.61010324581828,1.01311517206545,1.0786792056291,0.497137316868894,0.741483677615768,0.262041765873606,-0.618103890580165,1.12382051098427,0.32430833658241,0.407783312405287,1.46177666167135,1.50570009143807,0.830980927979016,1.56312122234787,0.79334190623687,0.637824694186733
2900,2,1.45231593311565,-0.224890119888194,0.407014065856528,0.736762961805947,0.598499402706186,1.40194274748724,0.461634582569631,0.668181074784191,1.8314023177651,1.13933638676863,1.88577959510394,0.119871713997505,1.22134796482261,1.0312870655637,0.817547394562664,1.37902967287336,1.51860765181967,0.264750075116157,0.681519376795504,1.96585752426796,1.05763412571354,0.754792812185264,0.105914005490779,0.671966987482635,1.44833717243056,2.06979367639102,0.427108304127672,0.467805532643837,0.0493233111374509,1.10095546778325,1.02468353395421,-0.610479775141733,1.37372948599183,0.682280034449885,-1.26836008937989,1.48513182632174,1.11893886626374,0.631473015361707,1.03451688556098,-0.0542528657935208,-0.141144007543138,0.533151147624455,0.152558792704596,0.692638585695323,1.21004258212725,1.33168279010171,0.231844100236528,1.46220728213644,0.796122818070212,0.751803231056117
3000,2,1.7398068107826,0.166415931253898,1.07670673437446,0.639679027088214,0.959454292177521,1.70182931982019,1.17678426618896,0.539020224341484,1.83627986681943,1.39123968172481,1.84884787611918,0.480433376646154,0.946939294508205,1.37015828624253,1.30499900300339,1.38361552300996,0.939248145898453,0.989276882403001,0.933192700874602,3.48577204972054,0.765939683474556,0.801870344250647,0.95549158425259,1.8092864483672,1.055217185934,1.97369086910065,-0.213089509385206,0.502512839803803,1.07620880909048,1.65019543969955,0.529046372363189,-0.900214676016639,1.55503966461497,1.30328772278025,-1.81992892646573,2.0105494412596,1.1869689190178,1.48592306861783,1.23694536658631,0.272096492206886,0.44285487192997,1.73097973321349,1.40360587919787,0.671283604806874,1.00166659406058,1.65940327530152,0.750585663919005,1.7585449151919,0.931922346787527,0.84526377455747
3100,2,1.71858252211703,1.09349195962069,0.60805038690236,0.572486644906507,0.749728773418372,1.70602907050231,1.49746055630509,0.684870359899218,2.33936659465361,1.52403687762473,-0.00805188662874623,0.112281950779628,1.16004857942173,1.1092689861905,0.817413773527735,1.50181798231418,1.06952286127524,0.720565795757917,0.287206085650433,2.13688991308432,0.530821253514742,0.844362835373566,0.215093365980019,1.43795512491904,0.979775377787825,1.18051520030632,-0.21372375548983,0.877899412241076,0.473685542153958,1.31075653925054,-0.171699810435925,-1.83764942001182,1.66132185645203,1.20567687741358,0.289116804801175,1.96114139509802,1.56200814821513,0.0118343380121597,1.4779567036215,-0.231566736834419,0.156752275878699,1.40794597537093,0.398655472075434,1.07159359655892,1.16685700721361,1.70433531262634,1.59826401331357,1.2417486759873,0.300189963095627,1.05809190030448
3200,2,1.66830590953498,1.41284838652658,0.545109049592017,1.0660503160715,-0.229450650018424,1.36966264151583,1.51177638794484,1.1351213769581,2.61052075420302,1.82446941068515,2.38688792949196,0.65884346098007,1.71277189871511,1.28615191845201,1.08859000936915,2.28332506274729,0.273223936129431,0.94770130857458,0.957203446850339,1.7755868362732,0.485092018666209,0.961198037868713,-0.177469364282289,1.77313230243537,0.822524497470503,0.712795408175898,0.394046804437367,0.856626188691134,0.182253206924671,0.935066635697613,0.518368955530497,-1.1862751082133,1.76076065632459,0.247722967824501,0.277780659469616,1.66707140074021,1.34652759104212,0.617635323386667,1.43451262206143,0.599362262314119,-0.278119900543996,1.53064040128617,1.27425523823335,0.970470717234141,1.6615292369692,1.81820140643572,1.42646059906066,1.29582129732721,1.06729166320463,1.32610512602132
3300,2,1.85238153758719,1.85753298527719,0.194918396658045,1.3127004254177,-0.226072451110856,1.06860271551995,1.10012988252911,1.43722633411435,1.54730636246521,1.77114174682983,1.2024086657147,-0.537146890022566,1.27837882125786,0.974707272323894,0.313253001411407,2.24262159440149,0.864154615329431,0.605120960620248,0.788876057860748,1.28705547435341,0.387813747038,0.884147204717504,0.00958228828618535,1.14808616339409,0.723404730712152,0.475219032450627,0.466729668079244,1.07611960475387,0.534021356781783,1.29231343668996,-0.829931579665577,-1.59519084243399,1.9933297257594,0.257515980905503,-0.0918939550897138,1.32527994369842,1.33888399433093,0.562779964110317,1.36351291132705,0.486172491651496,-0.349557169100409,1.06191731893723,1.13095815336977,0.947961795184875,1.27997124966694,1.61185626091681,1.69591448951911,1.35664884769525,1.21398731539439,1.15846649752416
3400,2,2.04341200001857,2.39667939490055,-0.0884733535602038,0.941120430127217,0.634859182993183,1.17653890846818,0.994476589077501,2.03608255770456,1.50692424511509,1.37006158032223,0.53536609424245,-0.430077017018226,1.92122706067658,1.31625284097748,0.405554667154494,2.29456832209678,1.34002994556494,1.2421397156179,0.927446819018236,1.75105116711407,0.455707963523112,1.13575113155893,0.4200472220208,1.23332626303318,0.735154614631723,0.529903206876234,0.43623254002314,1.64260077792389,1.10509200435868,0.819315936310074,-1.72051525365103,-0.578724289034476,2.02814484009863,0.726702137942972,0.176482330780289,1.17564700382713,1.05783331547482,1.45853247617274,1.09131002945983,1.32091608180398,-0.844464714550058,1.35997563124165,1.69996628308703,0.982085811722506,1.06713822365598,1.71989944672295,1.62393092640926,1.49336906198857,1.22035164660169,0.567387787842186
3500,2,2.40518915675816,2.17362624620205,0.789537868419664,1.17392102153158,0.883147732336659,1.42409245331227,1.46828600188273,2.44120550227025,2.40878611155559,2.00650634080422,1.34670799859464,-0.40384249813463,1.66105261061351,1.40659383583436,1.57173088076758,1.87637142782402,-0.427154623308619,1.69793092479705,1.10501073679487,0.469772722968617,0.706793348786878,1.08148388519852,0.393925926537049,2.17704658467564,0.825805209243162,1.15562652237714,0.0667346106872377,1.51445887305555,0.918403614322908,0.491367415855325,-0.527138278438932,-0.603834857537503,1.46602789795251,1.84621477591244,-0.0610648184688998,1.55565213879116,0.939816622293829,1.81900896842962,1.31457214633943,1.31951962599712,0.0763533369056604,2.12297243444637,1.14032667704638,0.887883907941124,1.17025348187693,1.70042192939666,1.13281627308912,1.62203691770471,0.831187703709973,0.586208183633888
3600,2,2.31258114367233,1.34652505218437,1.10941968316771,1.10470012902164,0.384567399632865,1.43500793830504,1.54389523272437,1.720529207494,0.942060192458375,1.71284283268519,1.52918397694952,0.30354865330405,1.427991375364,0.949638761056397,2.22195499056869,2.28554912919973,-1.19035008695894,0.87852011995317,1.39243694664639,0.75170032661004,0.705755091712345,0.779046975882683,0.704755519746054,2.44857841240997,0.854505906594533,1.71686672971644,-0.11990176419463,1.51922345935215,0.54437445418738,1.29058613607641,-0.302091639815483,0.245981417991656,1.89708390829316,1.68913419986529,0.240080243512215,1.39466598295044,0.826026625765879,1.91432084160834,1.07751373456442,1.02256256731026,1.5115472088122,1.92898501561533,1.80271210046456,0.523529811792919,1.36499500501639,1.53731951054455,0.98517784376612,1.56977156932368,0.947217799373032,1.20229098503856
3700,2,2.06352229395421,1.2828898442656,1.23812968029663,0.505241054946703,0.128200064235886,1.1187358200403,1.79033358433529,0.971231385037462,1.26692448488367,1.75475980765642,0.77118308294299,0.427575228763377,1.5754541964629,1.15238644377048,2.12129713861512,1.86557715755127,0.173555544747794,0.776362601185264,1.14705337542649,-0.0903183911978622,1.30144639572674,0.670149555460834,2.19671153171333,2.11918955155716,0.817147124462235,1.27566293501446,0.134731765046507,1.25756835884142,0.672353282150123,-0.330358335998721,-0.53926492644318,-0.747579711861956,2.48283031179882,1.25673100691488,0.993689053401063,1.72407958191311,1.00195049402635,1.60657423122129,1.38292397873192,0.513684646712711,2.78111887746231,2.55480463166986,1.49739342900929,0.734400485245749,1.39600110580908,1.38993656763671,1.73964807496389,1.07146349864142,1.15627625138698,0.925375428596223
3800,2,1.92265880212361,1.33605352741824,1.44258630838364,0.312566825360358,0.970850842858879,0.9782482990775,1.14534866464675,1.03959921618814,1.91191175219313,1.51311058633149,2.22865532015852,0.724089668148206,1.43693594612808,0.911162231337737,1.95748560440976,1.55770048286382,1.26140439872174,1.33396361094295,0.813634337912787,0.0863501580440467,1.45119647507446,1.02929406086511,1.94719465602737,1.64115458951145,0.82789585514497,1.34538100027511,0.200033468306747,1.54746856111691,0.514631876494549,0.683047434625172,-0.190965115948544,-0.406548054615168,1.9382766795008,1.65297841823491,2.42551936823037,1.77282892779052,1.42583216803716,1.61076904537339,1.26939925401861,0.797108413977582,2.42019387883962,2.17534505378813,1.17722983430418,0.836612084851138,1.02274662280907,1.64124339102153,0.838622739221455,1.33919075273485,1.27813781521244,0.476520526250999
3900,2,1.57279212391402,0.870730325009075,1.52931698442796,0.838076101173485,0.526523629079097,0.949053213039409,1.09366683754433,0.116696737189049,1.1959988879743,1.47595581598191,2.68130595912528,0.219813261996867,0.950838093681663,0.869402520168569,1.53740463214828,1.30838965096326,-0.0477270571930766,2.3347645480378,1.04778588262841,0.551142042116723,1.30648577157428,1.11108537811681,2.08922512466057,0.118542550469361,0.626975587212718,1.06521978937215,-0.585150494812932,1.18032479054582,0.108262921097575,0.526582755549043,-0.139148967682311,-0.0914306062502681,1.62613236301558,2.02308912188114,1.4328106554568,1.50091745794246,1.43062096889022,1.53218125686115,1.32373390381651,0.415784430883613,1.44556733166612,1.6856020301561,1.07719620556476,1.008332811801,1.58043481770843,1.20844921615629,0.909683484574231,1.34134517372932,1.00840933990357,0.458295382023075
4000,2,1.50626307317379,1.18997476413143,1.23442349786889,0.673892770295709,0.597778718346396,1.2749964347492,0.799448804838317,0.2430912886478,0.828484780044417,1.30789578929912,1.72831055771594,1.41897090977622,0.732221735269197,0.929186045664205,1.73193633285521,1.86207550858614,0.723036167670383,1.36025232656792,0.890317087065096,0.672776848373206,1.36019754603369,1.25383478649179,1.50439830891827,0.552865765865837,0.985573730409753,1.12160828982794,-0.112590792507995,0.820543069801963,0.897702190894113,0.475755860464507,-0.398639575729302,1.75337499112912,1.56392631951851,0.934020976343835,0.107875908080047,1.31987018211642,1.35937426179094,1.40592261836239,1.45371590759312,0.199346843568272,1.48271710136781,2.67834264470305,0.51642243205437,0.566445109866137,1.27383172187429,1.22784338026479,0.640690720323286,1.2327784775566,0.979449357129459,-0.0580221555909151
4100,2,1.81734595209684,2.34655282113363,1.24047974747052,0.707707478575711,0.979473849069374,1.37361256440867,0.591438896058176,-0.188547216670172,0.871253494854716,1.45031945129494,0.87595947585028,2.37626820796981,0.251139608497443,0.61574263013256,1.57443174896052,2.43506136274848,-0.220813438657538,1.6272009392056,1.04206775432384,1.30377929843482,1.22806180526646,1.43835735225913,1.10164882458295,1.44479507404056,1.21594240781344,0.493336442553728,-0.317923530560023,1.19058041683659,0.263402066943186,1.68863127140988,-0.317603766041833,1.97252938276455,1.42119746459155,0.0476406329202035,0.444664043159439,1.61781387950616,1.9117805396563,1.38057767610229,1.17441297732449,0.794900397292734,0.84716186611883,2.53303732090026,1.20520175780855,0.96525199296732,1.23227443245319,1.00238459580475,0.775933786637103,1.3332770064977,1.25970797700642,0.783110358070087
4200,2,1.79665529870653,1.33814814084907,1.11672565489487,1.29259332075803,1.22799557041485,1.4305093827132,1.22697254932248,-0.0529542732520745,0.702965539937336,1.5825189456628,1.71999340294606,3.04546998470314,-0.311485064472642,1.37989103645898,1.85901884455659,2.67685399505695,0.0153220195924684,1.4014380223347,1.12575591714674,1.70425703805121,1.46812602345402,1.37653328161756,1.6538984613455,1.48262828838316,1.4871495298047,0.695129428004149,-0.321766255238541,0.793467965904142,0.742706371617389,2.61605083092137,-0.243565891227772,1.95839607498964,1.25960896893387,0.526093900006707,1.18174977998211,2.03069521779332,1.71805086229969,2.18289644703192,1.30244062096722,0.4575213332495,2.18938537695815,2.20319836145799,1.39053138101854,1.19127184909707,1.51899490227449,1.2878391097907,0.687917194927235,1.01544264222764,1.29321895248778,0.857796534722643
4300,2,2.33514761897218,1.67708949104907,1.19117868177024,1.14897531264129,0.948524206925147,1.74621252088696,1.23335932505102,1.14020785663082,1.0957048730752,1.77224960620326,1.8465734379025,2.41183677540456,0.999244163004727,1.38161295556969,1.45287196795615,2.61298859448624,0.757203803426097,2.08676144257972,0.988133473754088,1.7120648953527,1.52726854871447,1.31024081926537,2.0662462379167,2.48365622626674,1.27281788525119,1.4732272801823,1.05863211271275,0.957263331713741,2.1353077852476,2.80995289274509,1.4874752834302,2.91761906848012,1.20640532167288,0.24811427141987,-0.135738290422253,1.99314229024672,2.06955850707068,1.23615097389991,0.654707524397498,0.658564284756627,2.1828650488081,2.19980882116245,1.55412701849982,1.30620157243591,1.58497044741601,1.33607006102435,1.3921736172606,0.802573790186411,1.47033690676402,1.31986729184643
4400,2,1.70798073881411,1.33990113562798,0.763877178457056,1.09938062068218,1.17263009324973,1.86353561905239,1.38641369006813,1.20590756557828,1.12991077050387,1.64900249033834,0.466305459369974,1.94802554537393,1.51058113523512,1.55987829014902,1.83380582588404,2.48637220482945,-0.139318611907373,1.65386353866,1.09566227825635,2.05857133104626,1.3643981510755,1.09271035216161,1.78318713825135,1.85390539261347,1.26919631864597,1.80520036701547,1.20577564605558,1.81937537773534,1.7699696263507,2.38872698544678,0.131736687873971,1.77663054500689,1.1128866786617,-0.440437916599262,-0.966457040298086,1.8132147154277,1.66627545753585,1.06244643872899,0.413395159241828,1.29442615989365,3.09892694090143,3.4021691014577,2.4380558947461,1.23244045637059,0.963249283492934,0.994071699924242,1.34255544113696,0.860981634568525,1.43191664395604,0.731553670790616
4500,2,1.47182270721514,1.84093305840101,0.398000207619695,1.33127811550546,0.839279415658686,1.88397822479957,1.78065842773082,0.943130360863849,1.31916601470639,1.54226799153413,0.0633369283888694,3.07553617691616,0.527127120329935,1.63849553500926,1.8712249560159,1.89000036652706,0.483691429184214,2.04733178274732,1.24193224053573,1.75760669162488,1.38536385074075,1.18575899939856,2.31922134633772,1.66205902718344,1.30331411966464,1.93937858616578,1.63567599393069,1.98950507611267,1.27536851378916,2.79690640808401,0.348068471875997,2.28379106428165,1.43389715341067,-0.402836153987095,-0.419081427172576,1.56657032629,1.35456568178503,1.09805186704657,0.434578188258245,1.72456928139476,1.86725394331492,2.39450058552284,1.4420858860989,1.17808916566163,1.7634863087093,0.968487118269322,0.74485785063537,0.666284693204,0.918686479758219,0.448532202190476
4600,2,1.16866068762151,2.50525758270517,1.06669333475422,1.69912387619583,1.15812555367942,1.58719958386996,1.91995099654999,0.886910360294825,2.14790397818363,1.4607725825666,1.8525169382774,2.04339728666074,1.5036956995012,1.47115603221168,1.57192077561532,2.17082768142024,1.32482144636177,1.58375672750276,1.24928042997564,0.870496664684335,1.03802826354897,1.10550147949336,2.06082551639886,1.58159130846321,1.32885559970133,0.827525932293861,1.85154075529781,2.19024203815106,0.0971456624742204,2.1102902803509,-0.191575124532872,2.36230504829112,1.95998491547521,-0.0330715983443961,0.465350612358376,1.64217851539858,1.54708803015801,1.58285520616351,0.838779547027343,2.02563490977532,2.17176149663129,2.79784048626595,1.6837669629487,2.05638858563094,1.58854056595269,1.14314628893183,1.51380504018934,1.09952420495873,1.13291857417098,0.180967820159601
4700,2,1.85741273981676,3.41040811601746,1.14669560852136,1.50371067130813,1.83599412138913,1.37443058009372,2.00938486779874,0.87097603776722,2.54542467137488,1.73221195889528,0.608854987617652,1.44958533103565,1.78550767114745,1.18595432783073,1.57388973769213,2.13236984947257,0.731517954332669,1.52035232663115,1.17449504112237,0.0202004363972428,0.957032886779609,1.17259305570699,2.13384946738742,2.08131177972508,1.79995684770333,1.11305994649903,2.38725402142414,2.49606646574783,1.5332181377374,2.47747481888368,-0.845850602644375,2.61518302131371,1.78328910428115,0.256499054829695,0.904604832545076,1.83649602318846,1.54636192513707,1.71974044359224,1.05788657411316,2.32828843134233,3.03574931810521,2.31720546633507,1.5698499396421,2.15885222319009,0.890811728970693,0.952081397820202,1.49605313108891,1.14139892538164,1.48731368979158,0.8159836027387
4800,2,2.70228104582024,3.96298790050664,1.34943697526565,1.55633711491615,1.68358553782006,1.41066469078859,1.78678609618298,0.412279882058361,2.30084418036828,1.79300322211935,-0.156145360278747,2.54201085229383,1.04482450988881,1.13805188967653,1.51182029904502,1.76094061176874,1.28596834332141,2.17974022414376,1.04262010654665,1.37199989006133,1.23637083779332,1.04940852196882,2.55359469018395,1.89667423729711,1.70115658540825,1.40937533747093,3.02097473664165,2.70655180965905,2.17945875002393,2.07620376062594,-0.423677173691568,2.90567164299172,2.11363024098608,0.53299367286412,1.59706559071434,1.97901368435905,1.66336755174339,1.92874442974213,1.22741358071063,1.60062055010942,2.64096121539456,2.09600177470874,2.11591700856228,1.92451981337643,1.17876928683703,0.828177769872799,1.29470114800618,1.41472880355285,1.40858335713997,1.0399422113349
4900,2,2.92766270788387,2.22834726658284,1.58959595611875,1.38090885703681,2.12659947738144,0.983927187224077,2.00165643414203,0.168334271616779,2.49894817324896,1.9038523766107,-0.29770412445307,2.06896721455637,0.431377971516773,1.36302667021869,1.91958642436305,1.32347996074325,0.00899204221815331,3.07792907429133,1.30452858032749,2.21579982336224,1.36723855374227,0.972858181277969,2.94691585065587,2.28577584072203,1.87368404647099,1.37256510469466,2.13076462763952,2.32023206995702,1.00606394797119,2.02356272075827,-1.66250277840074,2.6022992360371,2.80585443307228,0.300923336912153,2.05917757774544,1.92534850715387,1.59270883581546,1.79127200508727,1.35049947830326,1.93514974956369,1.35356724254061,1.50107867393277,2.04939765292556,2.04676113266744,0.761524705318266,0.681279429932513,1.17965367700664,1.27659521742187,1.16335098296915,1.05830898599855
5000,2,2.69427874813892,2.20440875947256,0.738572108298318,1.03953911439059,1.97724951277359,0.719674333098758,1.8544260742059,0.807057851549776,2.41164670561108,1.50788228117155,1.02161843046771,1.49572188757835,0.798863600898048,1.19358654978033,1.51801834247551,0.995462585774665,-0.10948381630948,2.86862155586139,1.38480214730915,1.97258929637938,1.45340358110963,0.900214853075924,2.91777188914495,1.9361237401774,1.4372654114306,2.10394240158379,1.59882290769401,1.52243683098324,1.28867808687221,2.85595337653678,-1.17486359674371,1.8658384260608,2.73066352929185,0.119102872417841,1.76056501720158,1.47042636064391,1.69196261050534,1.51949628525324,1.54455738058038,1.12677268416988,1.8814384220095,2.02445783479039,1.81597497943657,2.5322188346623,0.8737821892933,1.18822214512462,1.45303165189577,1.02720373541934,1.21777757650921,0.384312162303793
5100,2,2.35785927245134,2.61945605872667,1.07345402067723,1.10898798228315,2.30137671048862,1.23087903536324,2.00268491160438,1.06988565820961,1.68974247738818,1.49580639159004,1.67930452201065,2.44672127001239,1.16625494763479,1.0941931527572,1.32164929673725,1.06498584360609,1.50202630817629,2.36731271204432,1.18388819064093,1.58278819076571,1.78798353320481,1.21635562052017,2.62504097870424,2.02546312970266,1.63565095008537,1.71326614133637,0.894694245366345,1.66955364800602,1.14489965450522,2.65415840072469,-1.04006176597708,2.48975578005153,3.18570137554577,0.686069164747416,1.07617132132413,1.37440449923015,1.54387172449842,2.0671684947994,0.750702762589699,1.09850457748753,2.6733254970359,2.04993637582153,1.90212279638448,2.8693522883832,1.17523733501467,1.46239476040037,1.23505779969022,1.1924651053801,1.03937493586054,0.753041118680179
5200,2,2.34216373154515,2.34051092850227,1.47153559786743,0.732829924527274,2.43028349698986,1.13106020372195,1.73116934291684,1.02273944379191,1.76646879629674,1.3508955709821,1.49170354095549,1.65725413089589,1.9234208833803,1.21934227722122,0.961922611746159,1.01743247167577,1.68423250939441,2.78624076474093,1.24353229010869,1.12518594120761,1.53728244895845,1.30770436891531,3.05165139155575,1.72332520713772,1.63188517980317,1.48011759864356,0.900049497539002,1.92196505893923,0.893608220212665,3.11121793717665,-1.44021597463932,0.723497473023516,2.37767706438993,0.637099065791403,0.696396233983056,1.31589813517384,0.935483105885739,2.20881386851132,1.06733619261668,-0.228723341391423,3.28235993725039,2.87366234648762,2.26650067935813,2.65400669419348,1.54259069753497,1.27382562937304,1.0048063593884,1.20272443032693,1.00931566870544,1.21848582050303
5300,2,2.28275043246076,2.81328237897213,1.55834747039399,1.21334740400951,1.46556323954859,0.944036282705253,1.87395284744434,1.4376479453199,2.36679436429633,0.995074206263294,1.72896501230638,1.34306927061026,0.919274881437428,1.45469117244969,1.15379791132066,0.906548967071744,3.24722719838093,1.59973251146883,1.21917723599042,1.5572782434048,1.54953342795286,0.668796033330426,3.88377940765234,2.21182866162347,1.55727733859982,0.849687887290143,1.78219705119764,2.0643156124505,0.856817153483562,2.89662336467677,-0.513586749763685,0.148640367621192,2.33701969171327,0.0120134177890214,1.45202962582537,1.59662714114492,0.968724108576641,1.78078572950369,1.74144525552768,0.329202364804357,3.24137499426912,2.44134261043854,2.0830231163271,2.37447194526902,1.64007403149749,1.47395003120398,1.12755693488025,1.31563263549078,0.959198958301916,2.11371438177457
5400,2,1.58973416221897,2.26009998703249,1.31320900750503,0.610158917848265,1.56480812406331,0.931672848244667,2.46315974100884,1.27625313779569,1.55962669807556,1.3088301354089,2.36496465900267,2.60688670673737,1.55031361746151,0.952993565716562,1.0792354988577,1.15272522962426,1.32268948709426,0.667108470322819,1.19900273440299,0.304352246527611,1.67074209762863,1.28512596667904,3.63514596071936,1.3214378237169,1.58934890335314,0.373933199029748,1.96962878381777,1.40628768773447,1.9604130667808,2.40564859459135,1.57862611443301,0.122232860557306,1.56533245719939,0.726227845611753,3.2000311067546,1.85955763594385,0.953161664776742,1.49381541470888,1.62946402360991,0.616128315637762,1.9785293357979,1.88452444244773,1.85248954426993,1.8899587044065,1.72925959209802,1.54929748571657,1.2944710809929,1.0942078351438,0.664457309609078,2.26618894774868
5500,2,1.83124548761061,1.60768436192591,1.52218068674776,0.638100159493901,1.33920862923488,0.833498651025042,2.4503857210792,0.690474280870127,1.26559583607028,0.92526736284022,0.519084956980969,1.89131931777563,1.87844074039063,0.948512851958366,1.15392670972575,2.04728827466846,1.53302814180107,0.879062503519822,1.09991945973474,0.0902733930333095,1.68059987777406,1.31598433317415,3.44911376721069,0.760839696971602,1.65759448418584,0.591447417739025,2.4357927209138,1.42194736149677,1.11829785556095,2.44682525530627,1.19598105301226,0.105401961867518,2.02995709835763,1.11534948074975,2.82855350690378,2.16642420667114,0.895932779687789,1.13533330576654,1.17565299509296,0.504106574860821,2.70214507128384,1.860265790518,1.29910398808168,1.86459227197334,1.85597200487208,1.73523003657465,1.30963408582759,1.20815953389606,1.12637479653567,2.14654492549663
5600,2,1.55179203240819,0.970899126308151,2.01825276127984,0.629387050409585,1.67676855315898,0.817902031676139,1.90990368652726,1.65143778092042,1.73131826699491,1.22152490512419,0.250478816020868,1.90429642906271,1.90560578219834,1.01368948010849,0.684240526194958,2.59880337977112,2.1791463019178,0.89866480176113,1.23984391333056,0.705703005467186,1.44940360254765,1.42910326757412,3.20499286589018,0.548532927443052,1.59494481815136,0.627396083581999,1.7568488414957,1.81969559521027,1.02265554901256,1.95048369579996,0.994667274202665,-0.165912308768696,2.33193537464251,1.25928302634081,2.86796617904947,2.36665478896224,1.51507692954967,2.21935359226501,1.43772151435782,1.44196747767977,1.40133400645272,2.03087920224089,1.85782590625185,1.70518315555399,1.57551806182075,1.20076737391959,2.12197838912932,1.44704062215391,1.09455771012263,1.79062423572624
5700,2,1.26294167613595,1.09274406869375,2.16475615721462,0.853214999885522,0.952656220279088,0.770676983096438,1.68452286412713,1.78175756024249,1.63554011560484,1.15402817087382,0.519099798566013,1.92928027827743,2.46695759020812,1.39668761917993,0.235954968199177,2.30717536364707,1.81839086022058,1.32356225265088,0.962531338496853,0.110462941119049,1.29653186121353,1.25567655719935,2.64809423771941,1.69117345796459,2.10032018647337,1.02342916142657,1.6055958674744,2.02467246844292,0.832902815523334,1.59328017992902,0.849328014633221,0.0169477659011545,3.29339359982645,0.856031058128723,2.4458139021849,2.16530280220788,2.16378478961096,2.30318999015842,1.06918337827901,1.6681380013657,1.74235405132395,1.05266738934092,1.7373968583814,1.57768043980911,0.24665175736569,1.19578100061498,2.09106098475849,1.54901050079164,1.1184827391424,2.15489747689412
5800,2,1.34666103792645,1.21997755730066,1.49657377683923,1.41965306188222,1.11245026676726,0.725419568596169,1.36119869107579,1.5772600966823,1.74022636744439,1.83616809088881,2.28147963799738,2.36395214310097,2.1279000209168,1.18383007981746,1.19525335806758,2.37937760942939,0.592336155053491,0.967094540864647,1.26127876060754,-1.25606274394849,1.41090798616665,1.31565781686862,2.83657974443546,2.08154229655294,1.954464390128,0.96789872555894,1.8922742424852,1.64962857634591,-0.361771141387827,0.345747258439406,0.725843766519469,-0.438240983770217,3.15224499487179,0.281549634070047,2.30867000946171,2.12907535322941,1.40835896093789,1.97403769210479,1.13676226227681,1.84530747892389,1.00129381305294,0.665766817668396,1.68428153249439,1.63250857888346,0.66715354379519,1.33456806083888,2.1031790360058,1.62874218025122,1.047339883515,2.13884499298334
5900,2,1.48550939871652,1.57987407732999,1.18419169121169,0.885061529046651,1.53367480084587,1.55250923271639,1.33983738494698,1.83740733307301,1.59959622018392,1.81232563910794,3.18784752004342,3.24573624428136,1.66893677796324,1.28129277451143,1.61815993501411,2.41571159353781,0.261816088634283,1.18737076951669,1.13546141042215,-0.559920347577435,1.0901468795036,1.08366968764817,2.634675982619,2.28131708721617,2.08481915331218,0.396300897073462,2.20089901232379,0.817884002455598,-0.207643390610052,0.442766672350225,0.344411206469044,-0.27565989653758,3.17171662534081,0.792870365687053,2.44460520730698,2.02998696760624,1.73450271197692,2.19559470332825,1.20648565814146,2.08758019601261,0.942821788577,0.788040957330575,1.94632925212421,1.94117066273017,2.08866706557856,1.6058593580016,1.71960810768719,1.71140460291485,1.30497731191226,2.33164795475725
6000,2,1.59064562502473,2.50239702431619,1.31383005909377,1.06675835492338,2.61663785272652,1.59951000464763,1.28129849000897,1.99849324672828,1.98135925652299,1.48148093894111,1.75572952951123,4.01471237634733,1.97570877463104,1.2762654341454,1.95346106898723,1.6550076074171,0.614828665056613,1.62571128627322,1.08242919839434,-0.37281213935282,1.25916784130569,1.27125530274148,3.01841529130187,3.39480083144105,1.85274375712903,-0.19881125367212,2.04506279282539,1.19173947222284,0.633554252200429,1.12961084187311,0.514381346410028,-0.93071194535619,2.52086411761317,0.346489953210796,1.43470350275049,2.26712105426498,1.52922262637451,1.69849332563296,0.795265912524371,1.83280747750697,1.29671404721955,1.54254809373929,2.08939182663843,1.88560861473668,1.25788256017739,2.0042172350504,1.36005590014233,1.64467385842879,1.31822605818633,2.38717117963041
6100,2,1.59173411401828,2.34706202711755,1.59124318852938,1.34206028730072,2.69138141737867,1.25141721252493,1.38512133046795,1.18561325763444,1.66084847827839,1.03578485046761,1.24120576149272,3.67014359583948,1.94558457670122,1.22714375028184,2.05200588048111,1.39042457282061,0.235546669454975,1.34577481922271,1.57160815813659,-0.632879394440505,1.33665296643377,1.39037893556987,2.58207369995293,3.25576891131621,1.2224570729363,0.0384739950194521,2.12297717502396,1.70494387205415,1.25243052419818,1.61235730848081,2.46530610348359,0.859166600171648,1.92620720525442,-0.250206858521512,0.633952918146443,2.36342428315469,1.89035097582877,2.27977855740151,1.0470182819765,2.51463508258756,1.60442720982832,2.25915732863605,1.94480097336383,1.98808938272266,1.22463415649656,1.87171409160363,1.36127518089364,1.45204258561074,1.36607615340059,1.47750715457295
6200,2,1.8613024260711,3.13991154937869,0.99655768709743,0.753935465310027,1.46144538633794,1.31047185963129,1.55329762170823,0.755939068736569,1.42185004128946,1.33402848831862,1.29463572243935,3.18029644913054,2.53267308053889,1.0667432301871,1.95592698881261,1.42720189659532,-1.27877763531843,1.79011121438492,2.03050340705316,-0.504658651615645,1.32838301076383,1.41070029689293,2.46438900460806,3.65213941399916,0.92508078086324,0.504919342918909,1.81734519386929,1.45627548709638,1.91222154225382,1.21087024241648,1.78255225327345,1.06149242501078,2.17905400949862,0.0842072780932936,1.8345939205837,2.15400017051406,1.75446593205829,1.53211183132604,1.41933860914487,1.08935193956579,2.66920988411331,2.92979754523564,2.23002570660769,1.80456033477227,1.2585820951874,1.7189093236635,1.21897920587494,1.35385380265877,1.58090457821157,1.46860973159662
6300,2,1.47139111160053,2.57896117814149,1.211749648162,0.671533723383108,1.63184007340821,1.72132439555941,1.55026987148607,0.962132950350099,1.7251182659318,1.57951134867057,0.658770787325652,3.12599948537702,1.73193851243347,1.25748161744556,1.71655534507462,1.51220902681854,-2.17572630424872,1.36391082298803,1.69787182067459,0.120597075182249,1.11934383070099,1.54117459154558,2.53901987945556,1.99105009361844,0.847507029766076,0.720577158651539,1.37532413242779,1.59703589590791,3.17879534028312,1.45914926036061,1.56501226119127,-0.221772823437789,1.59120117616077,-0.394707902826954,2.40152748308875,1.6718037461963,1.82727632920882,1.79941538115956,1.55193168460612,1.23821972391329,2.98883536513571,1.62506460010988,1.84155302935993,1.26436261551681,0.547317057934366,1.77647521399598,1.79119741105281,1.48961240313834,1.89458992986517,1.35610070706286
6400,2,1.44496434981986,1.88423425295268,1.55420357941853,1.12631597580793,1.51307072696484,1.58468285019611,1.04780558022778,1.63793503065936,1.43523649941679,1.84401167448884,0.830381921785826,3.76797452921735,1.72902733035586,1.59471475397641,1.95923742325072,1.4121349679634,0.44205003655671,0.991683547389602,1.64352986170957,1.68499267020248,1.18854628458651,1.65596276003364,2.63791448410136,2.0051100294702,1.14386742035504,1.35338440784488,1.64816157579697,1.02645180595254,3.74240603436059,1.42975842571686,1.18901606038859,1.08367048653838,1.54081321378443,0.370082744512105,3.76231297492244,2.08055336129628,1.71024980897198,1.35244615970305,1.3672486133926,1.11785467010924,2.65616130482667,1.41739145515398,1.42895699534797,1.41114947158595,0.197074068117041,1.60250229231283,1.94368488423819,1.34822797189495,2.02760254114267,0.682269699496211
6500,2,1.2309240327563,1.76497403390302,1.55166215064495,0.982833716641313,1.33974311004127,1.76011814367551,1.16084134987836,1.35173336528127,1.4487753900353,1.40689580652688,-0.132609424109378,3.71947799426143,2.64110421361441,1.80687333392524,1.94397770880548,1.92037892261024,0.44284538862492,1.97282233129854,1.22831150091016,1.81219559358982,0.756821675343987,1.66782624209414,2.18973944989304,2.40011370711834,1.26620876535941,1.1464827424433,0.719684302039208,0.609831377311258,3.26860042030524,1.35807381429934,-0.396761973508243,0.594136592353452,1.3101272346785,1.55400881607555,3.19311635756237,1.68838727203585,1.4143175502291,1.92670416091332,1.54232647986604,0.636513863086611,1.98455278489633,1.31266590066539,2.1576645984159,1.65655318879194,0.870197131017342,0.796938494138216,1.68431904911182,1.05562290236218,1.98566942602319,1.10368119146221
6600,2,0.950842495464433,1.82319118628826,1.36987697216389,1.2288303062129,1.3493829209774,1.95724180688208,0.718571321053919,1.05713298652177,0.822695696731928,0.895064600301959,0.503115325468173,3.83792728539323,2.35133346761668,1.15536249987242,1.3341982013039,1.8319530017285,-0.509190392523044,2.22638374867024,1.23822533055979,1.15555984691368,0.879597740048239,1.3488411976308,2.1089719200504,1.58795994290909,1.43205392547639,0.781535163412643,0.289767730785417,0.185956995964709,3.06465227676607,0.138278120472026,-1.03020591806368,0.315297671172858,1.2256927372232,2.20450597491629,4.06340504700934,1.57799362799835,1.11790343410024,1.82083045272518,1.48291502491764,0.710413388080437,2.54228743093494,0.133380908160775,2.14852493472587,1.60550281506969,0.86235719868285,1.45020131857379,2.30066652767186,1.39621496551688,2.17224130709091,1.60413444943298
6700,2,1.62836784218097,2.97044055567214,1.78596411499053,1.71655984210528,1.60692300289143,1.61911785457701,0.671062904195359,2.19192466780034,1.64893404724315,0.931788186035013,0.658442555280791,1.96830809613016,2.3465926769038,1.0446240335527,1.03991645529191,2.19748159865542,-0.00590361149268959,2.02593686432671,1.57521507299895,0.780148269781063,1.26127122656371,1.78001418691385,2.61179773164914,0.792242990543539,1.57814519418854,0.531418249171257,1.09573187277475,0.38467061229011,3.57896957335416,0.967988364412866,0.941013118248349,1.26214819222426,2.25244331624428,2.82960805432332,3.93523918924757,1.59944248009393,1.76735870557128,2.93789147681132,1.44295701739788,1.36426764754368,2.30476949469906,0.339278993844418,2.1456136171362,1.6203026087436,0.577393806205554,1.34269393153863,2.80681707407704,1.70650892568709,2.02373586747395,1.09678160751775
6800,2,0.88837903782837,2.33539288208909,1.4769047747946,2.18873717566597,1.50957569899279,1.82867755589205,1.01100957831904,1.80291209168625,1.98763316991707,1.88924312855964,0.953159349714138,2.39736696130849,2.19845655333723,0.998948690685766,1.68782811517862,1.91141726220507,1.29909606004223,3.05271944226123,1.64729337786659,1.6977272066253,1.15241814415166,1.70940746956016,1.45501732757348,1.30979785159773,1.21610617240668,0.615293645603166,1.05103504259573,0.581103693252487,3.39655589734957,1.51685647157831,2.09956727573277,1.39058961937601,3.34942149549098,2.65268116204487,2.57198088648428,1.57785504308516,2.3325201139901,2.62546872392262,1.36990346025382,1.78426003764328,2.09569848350495,1.12070412992831,1.67737982900387,1.71607635301139,1.76939877367288,1.23746120481659,2.73116338883806,1.4119227018296,1.71584931241059,0.70070138215722
6900,2,0.667114002607449,2.52885300261862,1.30343376674488,1.6877283740022,1.25452040583355,1.56236036035101,0.896294115194345,1.44998685417301,2.3835508371443,1.90891542082693,-0.211885508842758,2.71054526309773,2.42514687566617,1.51451907618584,2.35793093881205,1.74578963942915,3.33359162118147,2.12558506758136,1.22646422796677,1.75781049493553,1.55509427872846,1.64791817744509,1.84537614707508,2.00391036705937,1.44469446903899,0.14513752809333,1.50306966344838,0.30721005867334,2.24815200361702,0.448078449778526,3.89747745644615,1.52884494414362,3.73948519982167,2.57246590366834,1.69446506678723,1.55855063456254,2.14849800698577,2.2160791898312,1.18754585151889,1.96017726654393,1.8786985189519,1.35655069252164,1.83267207599163,1.99891508523679,2.60064361098861,1.40548383770657,2.93991389382797,1.19427384877282,2.02966555212738,1.20276568827829
7000,2,0.979144798792321,1.78837754962467,1.35173285473253,2.02052082129734,1.89408797440218,1.36078455023354,0.982910837066935,2.2732175859481,2.61429570136477,1.42682327288377,0.513608715904899,2.87681450102202,2.5079423084295,1.78336518215666,1.72680497229485,1.06495743374962,3.99077994308614,1.53516996518377,1.28987024546896,3.03526869241806,0.944276559992499,1.2160763176646,2.13333189818847,2.27720372127739,1.90277770538067,0.695548299356621,2.23456837057713,0.180928010751685,1.91883511220242,0.646143571520795,3.18157969401296,0.74119832320473,2.83732233591018,1.92606248040091,0.828548412037691,1.19775815745479,1.86396141928053,2.51721643753558,1.59588092643366,1.1199587764142,4.17412631650728,0.992104438337647,1.75248049536481,2.00908571548134,2.37997763445246,1.59497642830385,2.88613675170791,1.27095898582524,1.80927229207539,1.09927813678956
7100,2,0.554949780299018,1.03186964687397,1.77758393119927,1.95696549547012,2.70289755287523,1.25566023088318,1.11909662781877,2.22136854963144,2.67249593487626,1.28612788023049,0.355337874332325,3.2282612706155,2.03556077805453,1.48282706565293,2.1141532057697,0.933203463869368,5.37815931308104,2.62879442895451,0.950615998609088,2.20009207000127,1.20277608472911,1.26538546815602,2.11116567176992,2.93406053329707,1.88930978894301,0.417584656280356,2.82971995432783,-0.136317537251293,2.08386713504678,1.35119533478489,1.8422131342556,0.97063975230136,2.78235811908896,1.45090380359656,0.785758783507437,1.23912372097577,1.63507768924707,2.28818703240068,1.67248201729603,1.53500311831933,4.0589833622477,0.161383135873439,2.52864505913771,1.90626065580957,2.78088392847632,1.45336112051159,1.8955563947006,1.19663013320729,2.26069894073562,1.2785481733626
7200,2,0.0957312974939586,1.78241820228944,2.16860988101357,1.91064077469111,2.66498407575005,1.36122491533849,1.28788689067491,2.31995445251572,1.6142174328254,1.78136841741275,1.19180747454077,3.88718601031941,1.15448197335633,1.67287444966299,2.63231692077351,0.906760727445299,5.51164543008167,2.63326207907678,0.631467497366518,2.81659282980319,1.63688508953514,1.51958524594933,1.44836322321022,3.55260204154309,1.78587838399928,0.620704929457783,1.89173345160509,0.382590048635898,2.18335567268321,2.52495554346683,-0.705961388861292,1.59883629156073,2.62820779945784,1.33801390090138,1.752738815023,0.819326472769851,1.94787120209872,2.80172673601847,1.20556367217698,2.63541933104237,4.55836017780576,0.855294305989048,1.83129146800179,1.74046725332071,3.49793019635411,1.4753466902474,1.903405548159,0.976415772345018,1.98622535894525,1.88585702371085
7300,2,1.03173072030313,1.47688818524022,1.88061166787594,1.28570201584516,2.38013076595494,1.36194621493928,1.46057414371735,1.87477908730121,1.28387862395701,1.39141058616521,1.40389235455341,4.02339942824079,1.19093614047575,1.40922520972374,2.42532095688111,1.07765368731447,7.25371873873951,2.8580805437538,1.0900405940678,1.82258757219965,1.6640728228164,1.34828564225097,1.70661177947932,2.66320519274065,1.4531111230396,0.857821698439092,1.6830756398245,0.356802664952005,0.775898857251159,3.15555461297391,0.762168128982764,3.39990344007082,2.63713384889102,1.39415480876913,1.53452014913724,0.518907005565497,1.96636977279172,1.75318688854237,1.26485787073743,2.94544757719892,3.70711168660105,0.0256508888564733,1.00810426513268,1.78338924350888,3.51449519023087,0.576622053869255,2.79820370524446,0.697926980212394,1.95749579317086,2.04871662368
7400,2,0.588065147407732,0.508196280050542,2.04467889531664,1.41871843469827,2.2914209306343,1.92265544130381,1.10006790590369,2.04249494241997,0.553275732325345,1.57198293848183,1.13190902068525,4.68171954080989,1.9116468655098,1.13179363470958,2.50138955986438,1.08797345896761,6.21194125570465,2.17175268035959,1.20145518130907,0.998318740914435,2.04828179720365,1.54897996806685,0.681504104311071,1.95239616751408,1.73506294796679,1.7565192800005,0.761161959133893,0.950486996420578,0.701164868317396,2.71934684741962,1.99413666270224,2.5375687434426,2.56651535652636,1.98549273157562,1.76660177587418,0.699775903368531,1.61006138727946,1.34805902154005,1.47207781887826,2.93526185606071,3.20734860971598,0.860755927427925,1.56286526485738,1.99259452335714,3.51639147338088,1.04349233040109,3.13018226770749,0.849095000302459,1.64288476040262,2.35238992000665
7500,2,0.367538125823484,1.26523556812787,2.03191712874173,1.70116538133529,2.67906706024716,1.9180413214864,1.17218451037091,1.39159581466259,1.08089248372893,1.41517405900476,1.84441849554334,3.62684015758899,2.07355381096885,0.747380980597162,2.91189854369284,1.03709718918086,6.21223431647901,1.99825516121416,1.80271308867622,1.7052920449045,2.23587510452626,1.36819857556639,0.638211600233051,1.45291140886305,1.39802744456767,1.88444959845576,0.258171019172726,0.749249911688064,1.85940502071681,1.4848793054676,2.1750080257961,2.00585991012346,1.75357031208518,1.53209173292285,2.40254722029297,0.851672282296314,2.00408195151748,1.36043107627425,1.40196107592626,2.24568643415358,2.54104293632279,2.22523539136024,1.5542913197634,1.5616409395032,3.45587095509819,1.45908530430225,3.04378739070638,1.13152566591819,1.63391771179776,1.8776762232953
7600,2,0.880311287507311,0.954677780111452,2.01079390722163,2.20904330783118,2.75839242686052,1.74642178731559,1.16750135261418,1.71203386871783,1.38044754704232,1.62192152413392,1.00940808434559,2.84582681664891,1.72652233474255,0.784168745944884,2.06056278726758,1.02704723092227,7.00900587866375,1.75258454616531,1.68681114116634,2.0619126505684,2.07580893933895,1.34243012899528,0.140708994241612,1.75417386124441,1.56736167292589,1.89311226784713,0.552537994512095,1.34719577437202,1.83211930444155,0.982783528276621,2.30226671071213,3.22749668551094,1.81230626249329,1.41100945039089,2.44325215940155,1.20097254018604,2.18119379098331,1.26904730416734,1.21812831292523,2.27600289969698,1.61902327132393,1.57301072579189,1.66488896859258,2.06031102108555,1.87061555996023,1.20165622218387,2.11659074691823,1.09451416414276,1.53506635579112,1.95209802055889
7700,2,0.185336464594991,0.1669387577284,1.87208944673754,2.95591091939349,2.35283604480604,1.52121497103064,1.35765777434474,1.63192703436861,1.92886497072031,1.81001145502043,-0.305931896240062,2.4585666346619,1.31685679190497,0.836502094265627,2.37261789085973,0.977455972394683,4.68122890820568,1.30344224124279,1.41774956051755,-0.108135694818559,1.86549859867383,1.10994813762067,1.05300877616978,1.59093480032645,1.45258477610685,2.17462410828233,1.47772722009837,0.726679260164861,1.8061437593727,1.73434956819663,0.777185697735033,3.5767460692981,1.60606142828274,1.28722646724873,4.45170853126787,1.266406679894,2.03983690361346,1.15043939602548,1.10824634576885,2.45337681342602,1.89054656521457,0.601974500033863,1.97368472223009,1.91084989300533,1.86114074750488,1.3187371492188,2.31090405209124,1.14382855673162,1.36934604323047,1.79517933445351
7800,2,-0.221516585724301,0.536889898465743,1.85014726489849,2.51373308358877,2.11999798670799,1.48519064543527,0.95252116312933,2.00526656499282,2.95513484989664,1.67045995331796,0.714647632207908,1.37863109753441,1.62920270533172,1.11191343319442,2.02741659948944,0.813788391617972,3.37857973860749,1.43390420114384,1.32634278635813,-0.389785587340824,1.62649822053745,0.814581041131524,1.33383533979843,2.22352612465545,1.65256043883837,1.89654134173975,1.97413175667452,0.822850792273362,1.74268048242208,0.966884109024722,1.20279911305653,3.34756208045113,1.63614240209629,2.14286829717994,4.45424495343943,1.52081769147982,2.11516892109233,0.438744325112515,1.53938228644901,2.08519191975122,1.03525904929723,0.25485604528177,1.58990579414586,1.50395617465153,1.83600245131396,1.08889104193574,2.5103689021285,1.1391917543191,1.44910174146162,1.81115281782555
7900,2,-0.207276693928543,1.35110521680338,2.09775285786336,3.3805384196399,2.49550608590845,1.53383885827909,0.962514493646774,3.19497689233657,3.76865087083252,2.0965466322726,-0.130324990589296,1.03715658460705,2.0018867342073,0.928713635255153,1.5400140256214,1.36504757311914,2.55181820693687,2.38368000136938,0.980032395957426,-1.25837961283538,1.52825709867057,1.22694237167234,0.371422265832657,2.39445461334034,1.74769732406532,2.09265270241612,2.23880050545059,0.47037443409954,2.47027295917653,3.44249252212136,1.84043699813421,3.37687681262486,2.3067774879949,1.95667693506228,4.69368905960684,1.11910830387555,2.29472768501568,0.478519923723596,1.75343761012047,2.61126013252754,3.17854864919968,0.210178447713633,2.33112320511592,1.32503383706661,1.1982850327082,0.838053074354767,2.28406622868735,1.25205259627314,1.4471461665408,1.69679810574474
8000,2,-0.0709953138147776,1.82305724244051,2.06732520184529,2.5512565081253,2.38648601161571,1.2432272672357,0.826910438736125,2.04215844136041,4.24031922047308,2.58502178494892,0.78831820871438,-0.00585326937752839,1.76839249893447,0.723802565371514,1.33488589207793,1.35944920249905,2.27565899547402,1.28130635020427,1.13715588483308,-1.10551472585578,1.59965079298327,1.21840557275719,-0.566340369398513,2.49457279190535,1.23851234854709,1.15941673824127,1.88734362755135,0.635704658379619,2.4879344902445,3.42304762574727,2.67710474065912,3.77786573822673,1.32169078008862,2.5408432345029,5.18393376591823,1.3536058427517,1.85987673552559,0.650676966048927,1.59360146113233,3.53195373882999,2.79958383781339,1.01828093621605,1.74954946687034,1.61071642521569,1.69232049356884,0.957866930128963,2.02745590866215,1.22098471931614,1.28159452743009,1.28525128505236
8100,2,0.0435924720851628,1.5997387852122,2.21676289817634,2.45416130067936,1.89652967058643,1.00523295680947,1.08777754602209,1.52779501702126,3.07754438336812,2.29193542619946,0.175528061292602,0.077744137423333,1.79445488493575,0.718570233684755,1.16374820621199,1.85631152985134,2.8582891974195,1.61465998540297,1.23225774175429,0.0388604335627925,1.45006161325218,1.4867254251967,0.563486783193499,1.93615123207378,1.59708698078226,1.4241918480335,1.4681634390492,0.173538593271288,2.95968171996704,3.05824758066767,2.42006735956858,3.53235836063393,1.28654640814881,2.00088798150266,4.01209426046515,1.13664635386767,1.72708577359597,1.09063354831888,1.73035291504562,2.84555657286756,2.00695036755412,1.88770945706371,1.85744030031897,1.4751369529494,0.988804903347952,0.806358176613397,1.80425919768737,1.1147489719518,1.54619019337258,1.03935855551209
8200,2,0.743246015027851,2.81518426200721,2.3453756014609,2.32721155186048,2.23761251245665,1.15320850238937,1.3501564157756,2.81403458055091,2.56056752247202,2.4876968359567,-0.975640572573236,1.01910161568522,2.09966309733722,0.516300176917204,1.54938186519561,2.12408529390334,2.91098750464546,2.34912506320422,1.46452464318642,-0.59166261460105,1.70403837781083,1.58335159730455,0.338809800211893,1.58546125892708,1.67357962883309,1.83423646866011,1.88109002766217,0.279944949700889,2.17214313805495,2.96427580202645,1.22976688244954,3.12615059501008,0.50833684331652,2.39667031613872,3.33183388701843,0.848089221424264,1.1148083533357,0.984070879339841,1.31443141435269,1.7517400309406,2.02340675161002,1.07968943643752,2.30917085716031,1.26028814633,0.9234116952725,0.96564525089395,1.72133174807599,1.2190555988107,2.00782136833696,1.94812622643804
8300,2,-0.272963499114869,1.94598621670437,2.36692686668186,2.96700741226224,2.64875236763369,1.94195867110478,1.4712561766538,2.27238975083184,2.78828609373498,1.91138651187003,0.301081731032779,2.13361430432155,2.07305929442377,0.720555877091619,1.20410787565879,2.8195554123469,4.86319745896945,2.60424129481812,1.21991086212525,-0.0526802933877626,1.65758222098873,1.65192768329558,0.303006047465072,2.01248456372517,1.38480665262517,2.42512648592433,2.57572845027162,0.91601184986322,1.89897867802072,3.0692494928166,1.83986596555337,2.9834452953584,0.229936393817184,1.80181184882261,2.34938866115654,0.899698739704024,1.19074029493106,1.29983184520614,2.09608472477982,1.64351341244292,0.667873184825946,1.29940776498629,2.12206778607853,0.736401229069959,1.62245442430265,1.28281559930561,1.62912015811304,1.3405341899433,2.15445866896582,2.22984177058013
8400,2,-0.0930018598404327,1.75100145513489,2.2526989852968,2.96677919295307,2.21654724621027,1.9570434381138,1.95533891469776,1.82056328932618,2.48966709732719,1.52864097503472,1.08118848549171,0.662539405521344,2.01761067553544,0.910701006025951,1.94553016487089,2.41583794525043,4.97279101818561,1.34301251386684,1.0123792688926,0.748116361099063,1.67547899883753,1.23324166231297,0.626520573100143,1.79318428731399,1.29141011983667,2.82207709002724,2.3191595185826,0.836902308600237,2.47244273724733,3.12997846117738,3.15746610961942,2.43665627612724,0.779289249665913,1.2446316044346,0.237767097015085,0.959796836945888,0.797798927869077,1.27899933303402,2.00705783671066,1.96721162212754,0.788081736316629,1.45897331337205,2.91078885017567,1.48681985752399,1.81890266600466,1.4343728775639,1.50169668493626,0.941851396909761,1.74159218000204,2.12260466629533
8500,2,-0.236311550313941,1.13960246045478,2.15372473711521,2.31483974179622,2.57523119488736,1.54048800472979,1.52688434930428,2.30419527474511,2.43738727517907,1.99024671564955,1.95471794392807,0.215306654379415,1.73190575774987,1.09672888682736,1.1745763975431,2.20287474934603,4.13899661718859,1.07027376334515,0.944142736489933,0.860659142433108,1.89567671912534,1.13452747861389,0.710277457141381,1.24195566959338,1.34907050956347,2.23414983320727,1.7133336689152,0.858035957800685,4.70345968122151,2.16581022741974,3.19699485400237,1.33845778608798,0.380969214607987,1.37358674789768,1.29325295681855,1.12170555702362,1.01860693318932,0.525754949634797,1.72595719525829,0.996329870740008,0.789997684519093,1.19614305660694,2.87757899817249,1.69252946345983,1.0439384971105,1.48309955104553,2.18986832202667,0.586936202857024,1.5470324012865,2.06635341022031
8600,2,-0.234689347396312,0.993256837642765,2.35420175759485,2.34186706453316,2.60423170464885,1.5830821561954,1.52917379392307,2.01558840108791,1.93681946505045,2.12998081323054,1.88497333160316,3.82000180379589,1.40781142789048,0.951842226856487,1.16947142762634,1.7672185282624,2.05536205953937,1.29782432788209,0.895588276107787,0.897827647679634,1.79296957463953,1.70135932900602,0.111464276778843,1.30247099288137,1.48963737843289,2.39983395794617,2.4061722059326,1.01246635057096,4.03639168313586,2.32702877989314,2.14956614260564,0.709908486515067,0.183416603851433,0.841271424697105,0.195321578831448,1.24534863481972,1.10188806805876,0.719864718578164,1.65703826744528,0.923988441614177,1.55890192670394,1.49128987772548,3.30315814551363,1.90559390823059,1.25154382625875,1.26609148197416,2.13855319113772,0.848426163600094,1.46283600033967,1.58265501583612
8700,2,-0.0698640708384728,0.554975978174496,2.82682204092284,2.32079138640118,1.69779369493835,1.81973180960088,2.10637443154874,1.77496968293249,2.10500644693182,2.86732276112096,1.07341755035647,4.65807502617777,1.93486487547794,0.929764095968782,1.56496013580313,2.20122297216469,3.362558000669,1.29460938472587,1.22127072795492,0.453062243207591,2.19981305833377,2.00885336217005,0.161891012350875,1.35251076719728,1.5655771516842,2.19212877570041,2.27074245496375,1.61101532332154,3.25383622139837,3.06471024651738,1.46224722346722,1.17681935611002,0.387046400535451,1.52383098865578,0.260634024250885,1.21884068338109,1.12186583657105,1.03811658051112,1.66408115800337,1.23816777603304,2.0715211344588,2.55318457081342,2.84927800582334,2.49404173399455,1.50499233579296,1.46242018992635,2.03170966341023,1.03405523549117,1.85510825484441,2.08403179529074
8800,2,0.319861609158982,1.24324817050076,2.74030637851678,1.9990371882144,0.694638080728872,1.54076672262057,2.23495551977934,1.77987943614502,2.46081666368442,2.42925279806487,1.26386680828409,3.34621585721926,1.79363553826032,1.11885779226921,2.20951696043617,1.84928548282452,1.72330545040964,1.65118478641727,1.10228289107475,0.660980123468823,2.06937653563083,2.30425364525972,0.708347619886098,0.914679182775766,1.34550577862469,2.13002511176864,3.02821255296154,1.63859927838447,1.79544942033367,3.39449831196636,1.88837197698324,0.54587150316781,0.839575828545419,1.61740956837059,0.778298433225734,0.6575857588653,1.29875350874509,0.759456976901606,1.90066848275583,2.20332904507575,1.81276140523094,3.5321922803618,1.97407131690893,1.60260807659324,1.45175100655412,1.30517872721172,1.97636634721629,1.45193383066413,1.49139181441826,2.17811741558414
8900,2,1.18060585140383,1.67636370887678,2.53451269338725,1.97436448731053,1.14254961353349,1.58747288983077,2.07801625174347,1.79245031165356,1.7109804875847,2.12439545987369,0.597638130712211,1.75976220518451,1.51194824757065,1.41681178976016,1.69297971002706,1.56317800915096,5.27557881582638,2.38849971979456,1.31746213096357,1.60273451515458,1.66926953725725,1.95243444434133,0.743140915909531,0.239373267555861,1.10694509315659,1.33317204272177,2.08476476899516,1.79872353599919,3.50344270289383,2.84959186449735,0.617526599507477,2.50985320280504,0.566581829520454,1.92922782186469,1.14223776279926,0.793005248707517,1.08753777978909,1.39962444940328,2.12120207825395,2.28431352945576,2.1009035041586,3.51926062946108,2.3842877486287,1.81291155513097,1.52125547865234,1.26409405102325,2.09657380837104,1.42998100538121,1.50483150836519,2.59099881263358
9000,2,1.45623382900955,2.00797605573703,2.43143448943774,2.21822779461288,1.80792990738083,1.65145074101431,2.06242644375351,2.01380130610426,1.36629511943485,2.08922323002265,0.116820883740669,2.47213110412858,1.90509363712851,1.10353251146564,1.42605181141551,2.13654048345186,4.71910670793519,2.93386936198301,1.88785741985711,1.23772106559034,1.75931179164667,1.61583409067894,0.999372256273354,-0.641064312573539,1.34699775211042,1.25871316871318,2.11554102549859,2.50466466051114,2.9976173402248,2.39839317978022,0.972718329657846,3.72070613230298,0.827765005915219,2.71284625232618,0.14990415669765,0.878432632975902,1.27374395137083,1.22059949498854,2.47732021049313,1.14964794632318,1.78166300936551,2.52816336320369,2.04237262849376,1.83093467085175,1.16849646669706,1.37991688371607,1.66472525655421,1.43988881470507,0.872527097496279,2.86123700866444
9100,2,1.45169687483552,1.88323717314221,2.5013255884188,2.03170207291886,1.23877123026616,1.54989457657614,1.82852658460788,1.33425000991641,1.5097925472113,1.88690379757935,3.4143967649775,2.37215886557959,1.4310613747172,1.04884435832927,1.92207961723974,1.72124533086974,2.90863043161165,2.63059428755676,2.00280982764787,1.38371746764369,2.02571167396917,1.11901250286213,1.2330491764093,0.183811623896497,1.31984908722304,1.20640771623722,3.49164128348106,2.05191838476432,2.93113455679924,3.34662682605792,3.19603414694223,3.22546508497959,1.40977022277849,1.56482951480789,-0.419003571484881,1.13281488069254,1.53074886348824,1.27344719795067,2.34917623934727,0.599109197268647,2.25181598366199,1.75174237459288,2.16936499404768,2.29029947419721,0.765963586421959,0.850388994029911,2.0998032255051,0.815131474444717,1.55483873954579,2.77344233476997
9200,2,1.66474436429618,2.16358080682628,2.45074755714446,1.96419957749948,1.47895290261499,1.35638563295858,1.27890753618575,1.76772584372172,3.21160416255622,2.27749340477629,3.11144023081225,4.20935727944619,1.32311098627599,1.21348958604863,1.60333517008099,1.01298704876524,3.25969878914391,0.95938085183625,1.8928911007134,1.01445181246936,2.17146400255689,1.29009482446782,1.13246978323919,0.875476021772178,1.53452385607985,1.64730817650456,2.86416316156561,1.62430917200473,2.56289615682947,3.03160984669149,4.49083460157028,3.13390221411516,1.60629338117709,1.71950196932594,3.15025080934673,1.27514854141254,1.50511569828855,1.12288414216143,2.48834304022597,1.88182483870629,3.89387307674632,1.26037172358035,1.83655942677053,1.83505682060635,0.890657023552632,1.31086364971736,1.80391547051519,0.546640082902965,1.64545851437952,2.15171003267263
9300,2,1.85483481604458,1.73286722912928,2.03351357173233,2.02109795708384,1.11064332324667,1.00086971162315,1.77989545041188,1.15274281482969,3.2880280367876,1.94922736610509,2.6025903968536,4.98881410436067,1.80454132348877,1.49594741456735,1.41202493673717,0.7040167641896,4.00326661894997,1.2359555054271,1.73284171785527,1.07312519102731,1.82347850493854,1.9957164059327,0.469007711553468,1.25939548587938,1.41199634574094,2.6410035777727,2.76370784190773,1.44835213156739,2.37498568577583,3.88965569280365,5.24335251944523,2.94407856996167,1.71066172043273,2.09275739000576,4.30892369749138,1.30259009783765,1.04599942625712,1.82323707923534,2.84102615883717,1.58717178603168,3.57693625636992,1.11475074559221,2.66785254018296,1.42287433121008,-0.102951406974071,0.965407285905288,1.48582574579594,0.811646252481006,1.52490916851712,2.13617464172639
9400,2,1.19820360028982,3.0137336473191,2.11742910876103,1.99121651136988,0.833377192161432,1.06753420557623,2.00840716013198,0.791377247088209,3.58377554767493,2.14756300657834,1.61452518893418,3.27469430271966,1.94332818223649,1.49129443523028,1.49177320271194,0.55735351201242,5.13979467418714,1.45908221781935,1.78207613391801,1.51206554985297,1.53676560415315,1.94116728202501,0.631131281072796,1.2428314895926,1.4275064009633,2.82303142375561,3.04522329847891,1.71027232726257,1.96689018907867,3.32983720089651,4.98595690768653,2.90025976741615,1.61909282784195,2.40532704749158,4.07618916240409,1.56205045135109,0.846029781227062,1.33193004079157,2.39443064110365,1.98987490143682,4.78703118202507,1.37094874922276,2.69074447474254,2.16542609938743,0.291272079231663,1.53032891437209,1.38984018317102,0.798677002889001,1.76088408894444,2.18780267242132
9500,2,0.880104304156966,2.20813448252296,2.18746640197673,1.73004710973218,1.95439955233771,1.52734117299922,2.29506261454063,1.07800930792266,2.0972215257118,1.78964666565241,1.55442135406716,3.55752535883672,1.61017702434752,1.43436158092584,1.42910118190144,0.932257057170352,4.68173946942808,0.220557080380845,1.97015193336165,2.34296304632064,1.46776405268587,1.73694629903054,0.403712819989497,1.27370160067871,1.42948595782664,2.32640739451705,2.65346177101344,1.78387615385142,2.15151018783484,4.04463207702297,5.41435921831119,2.56106073499417,1.85698163083109,2.55922490155028,3.96594082459834,1.51033947702405,0.829567062921067,1.00847706750577,2.07634036897177,1.97856896474695,4.45368507479527,1.34682277980533,2.7792731273278,1.77994351921498,0.690834653394627,1.41460096523889,1.279260895106,0.989987991374582,1.8557742949788,2.66033270066291
9600,2,0.626808752549761,1.981347951789,2.09466709904442,2.00184768381238,2.18755023851855,1.48587961031303,2.49066384439934,1.3140100546488,1.90480398444349,1.6938886459316,2.45403693512793,3.50577408092948,2.7082648002416,2.13238595531749,1.33758405065152,1.24848469951415,5.02970895222895,0.968148997998575,2.3363436930572,2.38350416939849,1.4148855425648,1.96483530322722,0.256693051621034,1.74837094635623,1.53799386110219,2.47113145213019,3.62594093044834,1.48641111599582,1.44945777591061,3.6658264591099,5.74303519359026,1.81050464561268,1.86849155298703,1.72903263246452,2.82492370406093,1.46360941340732,0.906553624831882,1.89201466803174,1.84663722438446,2.11367318097499,4.44428826675662,0.421568437143122,2.56359521291072,1.35245777529159,0.496943228447535,1.47847941530071,0.70495601439912,1.43537300608308,1.91855670685382,2.48184418083378
9700,2,1.83976603953514,1.74660911887609,1.7908437338309,1.6064271883092,2.16402918383325,1.3446903060353,2.3638467512978,2.400119030547,1.39068844091303,2.3573725711102,4.07702041812181,3.01819611065062,2.41065578388525,2.12770234750585,0.813163319586816,1.21580308097826,3.19094008523638,1.63382185911106,2.03686650277826,2.08606172861834,1.15194219398056,1.97175546725018,0.104490111184443,1.71044832653602,1.84342079710478,1.33705183942088,2.56314984423267,1.26698417890607,2.05299969842203,2.15219426775767,5.63666197823615,1.82943362539947,1.35870909464468,1.86918575493593,4.34741164306089,1.30025244826752,0.979091635750207,1.80125121496912,1.67400303916576,2.57548407090966,4.21047217941797,0.00466591572065123,2.53248927692085,1.08865094972118,0.457425682539025,1.52593492239697,0.562928666871397,1.33547973607416,0.818819529495599,2.72538561516709
9800,2,2.50129388697167,0.916181532732854,2.00566349978529,1.2157588803431,2.18730965565929,1.38935872709919,2.7328927464045,1.74451312773314,0.537000933512646,1.7458433596866,2.92997735919322,2.36045438920823,2.34068739022147,2.13811527960105,1.3019705415352,1.22734499060961,4.41497391280389,1.7316608882404,1.8988940022144,2.49152296226463,1.28732692537912,2.16092509298259,0.998874158583125,1.36451109297579,1.77335931231415,1.382125458758,1.1960239579394,1.71132585615574,1.27727845676041,3.14590395241001,4.36994102538668,1.46050121612948,1.19086049723692,2.03146440743239,4.33776869717042,1.12639856021853,0.860659962526395,1.5587618312269,1.35569887229141,2.81823826524801,3.92775341395463,0.317288463651567,1.53977097852796,0.561357341980888,0.59725600631637,1.37295823455024,1.03071137332055,1.42324841856093,0.727995887659549,2.61323684845445
9900,2,2.66222386696974,1.53737688692793,1.56489199610634,1.36045000056681,2.01441572758618,1.16258936089155,2.67245126323542,1.96500990007252,0.602243659773078,1.30402367768252,2.48776897780068,1.73706806017107,2.39171133260272,1.98434240905556,1.08063489878534,1.51702812206591,2.83605182601649,1.88383434056216,1.66533958803395,3.00702185283223,1.13508784459429,2.15040679984387,0.490865147756371,1.35428917426075,1.52071553162476,1.47900110898926,0.676009969933966,1.35223217932057,1.18909589946411,4.01992672466532,4.07313873477654,2.20276745676487,0.82399219528134,2.07039429594217,1.94777648174854,1.23059740225235,1.81499348040366,1.65629656826522,2.1336340932565,2.8866485849467,4.58607113256552,0.55102562716589,0.933959252030727,0.753417413324549,0.585158666723747,1.6543399184201,1.06807742449797,1.27454343531893,0.52634190494455,2.35267551419153
10000,2,2.46636627338895,1.7459260401407,1.86629817724575,1.05430950131106,1.53747733126027,1.201574136545,2.30320602653582,1.92446157974394,0.854131243477722,0.626066118929673,1.83625103288095,1.19682636769866,1.34302624556134,1.80812109743202,0.67895900812548,0.239657194105901,2.54179515123033,1.34941800062367,1.48921746837229,3.04702830135846,0.996233531781222,1.9787277380217,1.20239484653516,0.686296951346204,1.51214689746936,1.62332571796459,0.665863803628509,1.41367312544783,1.67034703544152,0.242547422692733,3.69908253841799,2.36889740608351,1.21486118259638,2.48326680845676,2.11447114532398,1.12878247731867,1.11623341142697,1.48878767198018,1.31140271089067,2.79549926681302,4.06941351631057,1.40117288769677,0.827795509791607,0.834758170008616,1.69897923109353,1.58784939104212,0.801481205575423,1.2391500629783,0.607949894269076,3.61046570348263
10100,2,2.15845449572236,1.01728144716464,2.00277183180482,0.539245896067107,1.59249229283304,0.925508885072172,2.67666872223264,1.59783346414222,-0.772383751599529,0.394098852541931,1.95953443368379,0.896359076972681,1.11599211843732,2.06510682386245,1.30277200552259,0.197331618143946,1.53268246189149,1.32608101664835,1.15091347965044,3.10925007694882,1.61855202314893,2.36171239128616,1.97514966223937,1.69051714854371,1.34989941010504,1.90062613266649,1.15396565731302,1.77281004373263,1.64181424230079,0.276730292010952,4.40380690752487,2.22912735471855,0.809670033712138,2.77115122100936,2.46636176249356,1.3356470568051,1.26364635524055,1.71084174644981,1.14289780187889,2.33184194437784,3.45727084255511,1.06613475140883,0.852678654880074,0.619636447093097,1.83116111238047,1.64833916290558,0.62458533788549,1.55454776429528,1.01304425522849,3.22355284848524
10200,2,1.45252694696032,1.48131889418795,2.17884893304906,0.408121452778915,1.11818968783693,0.906878369683925,2.10052828671976,1.0885861352111,-0.497116932097868,0.727751753317151,2.31589377335245,1.43688230893533,0.272160803366062,1.73450038837205,1.19006219250312,0.619260726274271,-0.265217158863211,-0.00625459031639197,1.33359612766637,3.69180966050082,1.52124497722247,1.53190218056054,0.710215534838625,2.01088804959376,1.33617049774561,1.80488882167964,1.07153276160276,1.97113750562966,0.801191663598986,0.442637683267271,5.38211740374435,2.39730817550845,0.519675067553688,2.07033013170165,3.14453096840027,0.834592178891414,1.57298241673911,1.98174050912341,1.19794740124261,2.98990154637682,3.53559264960122,0.55771438895342,0.689478205322571,0.569990762036045,2.03972186577866,1.5961065387902,0.59716223784218,1.11202235069142,1.37777161947661,3.50766621168054
10300,2,1.69909879451532,1.69399214912339,1.780371357699,0.68618434027204,1.05981248725454,0.307855700586587,1.34757996260774,1.89894821079685,-0.541770113244177,1.03102566704546,2.60433216523295,3.32201214473308,0.350999076482798,1.3742471864765,1.13004690087501,0.616092431828922,0.951268635810103,0.652192571610347,0.831147176783249,4.04141989814735,1.54451697349639,1.46356281734436,0.165623479092965,3.01369595685669,1.3542710873308,1.50380643593563,2.23416571603776,2.50690096630077,0.64573354548785,0.835665987715133,5.44730557668312,2.02061944885999,0.729602454234932,2.54938617411846,2.6037885706265,0.76930039887563,1.33937050914756,2.24605027052864,1.5392797721369,2.3450224891785,2.87453966525076,0.964373181438285,0.267235645196196,0.880996220746992,2.47578367817445,1.77373813926208,0.454392004944298,0.89388247599442,1.934291242632,2.77879574890835
10400,2,1.43010829488846,1.79656992436262,1.90254336680743,1.0174676898846,1.3412786360893,0.309933414363058,0.984870451166113,1.85987217103972,-0.757161741794157,1.72201714356597,3.07933521389045,3.09673187134687,0.785103973948112,1.27947190289712,1.81900308562401,0.382756362941754,0.668287595699894,0.903872482015,1.10497975108584,3.8368225526954,0.915395810038241,1.78732463540281,-0.754699454850895,1.99090072890054,1.32248945611033,1.53567650745785,2.18058241855644,2.36564724914568,1.15422995112156,1.24030559559666,4.22592356521954,2.0127548610475,1.12406230392069,2.58484190948452,1.83741466349839,0.631377654276849,1.37713075380406,2.44338221030476,1.36425121568537,1.9058751100498,2.63007059501192,0.526062358920317,0.250333580850841,1.39428167194451,2.29395059897352,1.44245578501392,0.785731333890609,1.23948704180344,2.26238591110022,1.99636971121902
10500,2,1.05406147301068,1.04272820225477,2.15169285373161,0.993375472603211,1.38848497486022,0.121419387688794,1.01459753083353,1.09177638066291,-0.368398354351084,2.26449845209446,1.53786005503912,1.19213463127942,0.888772749275743,1.4817329091362,2.31896836240832,1.00126400178772,0.0711628161425706,0.189264289245382,1.56541876393715,4.30047462957885,1.16867970569365,1.58965214117253,-1.46812618254211,2.44454505881856,1.3641539197017,1.34411367643298,1.724638932055,2.90115735409405,1.55342289028559,1.8475266790818,4.22461537531134,2.32198169040453,0.924801217823758,3.04283858366735,1.02756255993989,0.8080680266095,1.20585414943433,2.37469800727001,1.63237514182021,1.62694539006607,2.37252885135873,-0.0601467446915811,0.860859997175888,1.06867353597872,2.94795160303568,0.689891695447387,1.78124084226948,1.25425236248498,2.14940191534711,1.18355574016435
10600,2,1.19725304323708,0.276004853880597,1.51281598665104,0.535219948705593,1.41432904029249,0.368341966730666,1.25473815652883,1.72476968471827,0.599118344663191,1.50605821571178,1.74325136455988,1.66836258407022,0.418610369793992,1.50149015808303,2.34556736892301,0.988176528433306,0.664015517157478,0.959418545598221,1.35776235081582,3.30797696624007,1.18202892751861,2.11718875036348,0.290685150559757,2.78776138029956,1.57256587570576,1.46580796407734,1.70847484869804,2.2455643245241,1.73171643704917,1.59918888876278,1.75324886203129,2.14558450365665,0.823553525435641,3.23947181377732,-0.6063039180606,0.547322235897539,0.908847399957525,2.22523371283312,1.6760989009438,1.98976086828158,1.70361637904049,0.486034704719502,1.34246600315821,1.25181700422343,3.10087652317721,1.09769534346725,2.02388293970822,1.66631927368593,1.19473189633408,0.668798310855853
10700,2,0.902943429144923,0.649554289270704,1.38414185758503,0.384222773583329,2.00963725060176,0.36743483272284,0.836355402754353,1.17385379695773,-0.670000295663,1.18223132250983,1.80639446338093,0.738876541758685,0.0133757609177267,1.45666769969418,1.59250770640056,0.586946025644974,-1.62292198711371,1.79449988264553,1.86203588792656,2.8634822944198,0.873065803978838,2.07614112914568,0.0677434235951178,0.935826684800319,1.81718873865868,1.72204265859096,2.38781230272819,2.26457976352125,1.48932832498343,1.61544866220618,1.92808485918364,2.16026751802218,1.18883588966531,2.26021500841233,1.00830323068064,0.752246770698115,1.25636340432164,1.38268258925385,1.64237228494972,2.29674167043311,2.01590443005885,0.377462055517399,1.39337401444385,1.40256935500423,2.21319837925827,1.39078748464774,1.51342333361729,1.63002685042245,1.08176216820107,1.51489336754935
10800,2,1.61006091751849,0.901635900281498,1.52225117605449,0.386142702631629,1.98266469891837,0.411738307714849,0.549935551528883,1.16727917457976,-0.170700379488737,0.876415246134944,1.20961848644526,-0.339318817993191,0.337570331741638,1.69755843695391,1.23244577718315,1.3605916715251,-3.21207441112218,1.79614203612251,1.73925058515839,2.37069453399398,0.953943932544186,1.80423935567357,-0.241736136743767,1.91837285166409,1.60961850747651,1.69608993562913,2.21833273788539,2.11072365980911,0.996390078319452,1.64684391119455,2.66187851045482,3.06011915918726,0.601538198165092,1.78421938459519,1.7747263599697,1.18404176466922,1.20564163658997,1.61278589166323,1.52342972810662,2.79235802528435,0.846801753218931,0.32765526717359,1.40442261458504,1.44367392924427,1.9768907399925,1.52869623041099,1.70149827326628,1.5825870790959,1.2993689342745,1.20176113670715
10900,2,1.52159947007422,0.677049849661293,0.876267612614026,0.232182281011435,2.12354712104875,0.511767908040452,0.451814470403789,1.15447229623617,0.904982104757453,0.540215182376832,1.84522941647614,-1.19495542728594,0.820058863709025,1.75863486011481,1.48024939671875,1.07793138997924,-1.25885084238009,1.63505898834744,1.27788686381267,2.02381548562816,1.15221479081122,1.63917497252918,1.02749266226528,1.95942372157604,1.54585124699325,1.54084537161603,0.752242049117499,2.41163609029703,0.398123108924593,1.90067918943647,2.26416012596959,1.84661455075341,0.497080538096894,2.38176216421073,1.97454541000802,1.03168735555199,1.01551318574194,1.78194132802369,1.39931109673512,2.28430270524535,0.787279992058659,-0.0659710771974376,0.771131652204195,1.08920148644916,1.49715242007006,2.13779843617847,0.666348838166382,1.84289980798867,1.09769038333682,0.843426238140277
11000,2,1.23832318712235,0.268756048625007,1.1381895840617,0.920101987917508,1.89222672150005,0.84527680326907,0.61201561522688,1.46177942645865,0.295497230271457,-0.319527486185795,1.40578584025953,-1.36185712699899,0.461473117286522,1.76513370748319,1.11305607260383,0.872149913109957,0.724833495340228,2.03133073337489,1.3731261746458,2.42540537468291,0.870252853624724,1.65294443224853,0.552915285287277,1.05356105910347,1.65177573596595,1.11524767289654,0.576525049181314,2.54201882982525,0.447139384805214,2.03407387695445,2.44328409397684,1.84657708995008,0.569469647676042,2.16265109400179,1.24822703469599,0.832208785874738,0.85805179838943,1.27124918753766,1.09252332218448,1.96353948502592,0.157545644777571,-0.948481013158541,-0.0647269223145952,1.21375539207873,1.80276697898214,1.82749411342744,-0.101140203254696,1.63029146882496,0.52368744930074,1.24142099060983
11100,2,1.16561080900692,0.0385040906592413,0.765923278967346,1.55880790086871,1.78252334246201,1.34857364548936,-0.26539975387459,1.66191637317301,0.358258213033852,0.426782624293078,1.49720073228191,-2.24838643793047,0.349211924169778,1.64483552138308,0.922642661888837,1.36380754812354,2.41272033958461,0.316422341267373,1.38716649824035,2.16392177141456,0.696545521162677,1.65052000684009,0.714990767175297,0.531295069816713,1.37305453218343,1.03043208485829,0.298322121691462,2.71040393596154,0.893543306776875,1.29607456449872,1.74736902199956,2.2063415001684,0.395031773612023,2.29535310167812,1.45214724960097,1.19058313445488,0.430619728384883,1.01647738320169,1.22215619563106,1.54949956797162,1.1761107719922,-0.846342483724423,0.99288365495401,1.62029245566825,0.753712288627794,1.99811315697932,0.18235987580601,1.9032533998191,0.50721967639081,1.34650454588794
11200,2,1.28083714010165,0.52129347991971,0.636862940121434,1.21369641827538,1.8057140336914,1.17207834256987,-0.174379193769312,0.633814466738834,0.543335533580921,1.03966885447197,0.866586875817793,-0.798242727166932,0.220422283478706,1.49749975282021,1.03344587515365,1.37764806652724,4.9037384893285,-0.346277167666804,1.36902516601856,1.76275779282894,0.771247403486272,1.9371712411116,0.918537074747548,-0.264551606948488,1.24797286945483,-0.317962618607045,0.0549233607620603,2.27067490185715,1.27677170570467,-0.0439117081665117,1.3810380278303,2.31078884631098,0.648479770061508,1.38370303337812,0.935854626654603,1.30671943057538,-0.186149553128913,0.596063736304822,1.08058956886945,1.21958921967394,0.161304090398046,-0.533871776216922,1.76668969654984,2.35455373343522,0.930434760614613,1.58843346710455,0.320248507600758,1.99010492210107,0.593497693940344,1.0190499208414
11300,2,0.644044931466811,1.51233617398092,-0.125537609420567,2.03579742984822,1.920114909317,1.49589740969053,-0.0197333040466485,0.119500590339164,0.556061973415621,1.04670068450178,0.69478721301643,-0.662086250316221,0.177359093943112,1.19144256528981,1.12001567005758,1.9812172645705,3.54285547132483,-0.585435051828562,1.79358787068668,0.774637883127114,0.992816790182347,1.64010246525196,0.823344829530785,0.247282496821927,1.57219377104598,-0.00764530400124719,1.07892355535597,2.38178493149983,1.26262225151157,1.52622805376031,1.70135467325215,2.87392670372807,-0.471158995716162,0.169452452486752,1.54886623285106,1.92280301390048,-0.293191448636932,1.09630308492043,1.41086272535277,1.3547218077382,1.15215116265879,0.95341881517963,1.3417842765042,2.05521896315017,1.66048870438001,1.7825333824481,-0.0228275912088058,1.67627553876798,0.763880023852526,0.743501145544535
11400,2,0.343248269526904,1.1455720254878,-0.186934701686259,1.76133006534859,1.44433820940831,1.61623928915827,0.364145293143085,0.266945955306294,-0.272151529849637,0.517354343860812,0.355623673652149,-1.4288330595119,0.710129637033641,1.16466773716675,0.612089085771562,2.38274772280431,2.68795939702951,0.34899434838303,1.3462815971178,2.13682718502793,1.14772897927306,1.60105960346167,2.06468168730403,0.417970854198533,1.3517105726933,0.000369410725004293,0.406286624345951,1.3839187263585,1.39678371148355,1.01153430428222,2.84180807834803,2.69968246926183,-0.353239438296731,1.1425117670642,1.69318076922712,1.84859741529427,-0.0418767720784232,0.27503423784133,1.26479098060442,1.27069794941261,1.41355727799336,0.612348181146116,1.3511344293529,1.98091358512049,2.06177916614056,1.39335036362271,0.84086988066123,1.70747913478488,0.689117060420517,0.993375799378953
11500,2,0.476201272078605,1.43682898456349,-0.0693970810641202,1.04936372754509,1.6826244226493,1.22838443692013,0.312651092737357,-0.25207949476896,0.133669449994454,0.332507324908867,1.90405494224509,-1.83391327821127,0.393496981896513,1.54964094451775,0.541067939101773,2.32676062964015,2.19159697609508,0.916266193412355,1.26807419265259,1.0686239346148,0.945992442051075,1.65049292732211,1.69834882926646,-0.887979025922792,1.18127881812024,0.017187488389232,0.259333057960487,1.25738279091424,0.171440193422743,0.956147473951966,4.28137602152585,3.0658776404241,-1.59593812460593,1.12674551154996,0.973693581971018,1.6165425098541,-0.0926025780358875,0.199361343083208,1.08186926564455,1.75026309740456,0.113852431803595,1.0133826202878,1.0537158601137,1.71602062498867,1.10761711447678,1.35742020354375,0.573523189092085,1.29435918413724,1.14182227624564,0.390513762735719
11600,2,-0.319744502410088,0.93966301846903,0.291897796973129,1.46316999695377,1.43560655190023,0.839583531820078,0.390055815271045,-0.252667777993807,-0.40612805753085,0.446370096315919,1.46604957731082,-2.33783623284353,0.286174412076079,1.66934703698512,0.625081046743047,1.96278016532472,0.646557793465376,0.712311456249677,1.38485930000728,0.0131407496039089,1.07484657409367,1.78664867282431,1.79426102728977,-1.17741254260592,1.06633622290536,0.321966015406636,0.772372485016833,1.57153248449381,-0.999449376866729,0.88674623684017,3.9705593189095,2.40400453553284,-1.52565830669245,0.619752599428333,2.19404648764338,1.65012968378568,0.0774139374933991,-0.0833055002324405,0.568215902793164,1.38743357462993,-0.46346050342183,0.944098911954486,1.05732337279677,1.46634304672684,0.648699775228764,1.2008838300625,0.761337982871923,1.69012493543121,1.3278629496073,-0.144453990837034
11700,2,-0.496110265190087,0.0712526276878818,0.690073336334002,1.19062278613571,0.717568811725438,1.13762535153875,0.191291966835606,-0.405486626908368,-0.953142755417252,0.455117191355548,0.0901887702687212,-2.58138986785818,0.927471530413033,1.65896573183625,-0.0326759360531801,1.03087592836851,-1.34697234727397,0.971197104509507,1.35973414454324,-0.257242901113391,0.915973806429736,1.41483127045222,0.0977740269179568,-0.784005130704541,1.03928844007706,0.836672334483573,0.991405958590616,1.48619756903659,-0.777982409304177,0.452608368265799,1.9221679235305,2.55039111598516,-1.34641799286539,-0.246644531258847,0.153487635860194,1.12520364942342,-0.372244319277288,-0.654241858779831,0.0120484189562085,1.90047271882328,-1.1841388333797,0.998348053989308,0.953571899480698,1.62082576459845,1.29075803242488,0.860096344641435,0.319345427466895,1.65730233814216,1.25798363979062,-0.0175048223919743
11800,2,-0.224148376098412,-0.226347360005597,0.887088550716184,1.34291544247174,0.790476953919539,0.924667815909606,0.192030258422965,-0.0539090970724825,-0.688285272938673,0.340576379712217,1.23278409862344,-3.12758076651219,1.17201990067289,1.07537749208063,-0.00481455204439407,1.28295121610037,-0.774753118702954,1.18914559491874,1.13966950653084,1.25708083997948,0.74259384611622,0.819691359141171,0.102818251875759,-0.890474476002119,0.809825110088835,0.688717962426181,0.822796473975307,1.42561855484254,-0.594120310395927,1.30469038714674,1.49846133213235,1.57990453255617,-1.77941639924935,-0.466698707446436,0.816911644593257,1.4603309823673,0.413026211919082,-0.748104992682279,0.156609831974168,1.55762098026642,-0.738112574118225,0.477693806725094,1.04108178948589,1.14908466995062,1.34308386339455,0.934199625592656,0.403358202939931,1.8241078826079,1.27573674865509,0.0645726338693928
11900,2,0.0155721612974782,-0.454286469772837,0.830252598159704,1.11896469285799,0.00151612861264527,0.856741046904909,-0.258631223432515,-1.02385942762737,0.233214402532679,0.447483900013902,1.28240285434685,-2.78646915495178,0.331988275237417,1.08105516130392,0.121284127862385,1.0388110429601,0.927400298517203,0.0926111094609428,1.44906604605873,-0.638521492053485,0.205227421817139,0.648185696952271,-0.123568996511962,-1.65493418251868,1.04048709904732,0.162645894883878,0.253641200214177,1.16021484119679,0.430562998519435,0.61292527645855,1.40204867280136,0.842206663123669,-1.28284974733781,-0.45678027292409,0.958157158151287,1.55984875562836,-0.0770913618654303,-1.12583142254191,0.66035119424542,1.04350096860908,-2.60306744643167,0.127949809841278,0.836693321336614,0.273384477047792,0.890354687825462,1.01663346162909,-0.331235767492168,1.30340146516367,0.469502411956025,-0.120323586327143
12000,2,-0.465944584350155,-0.164878598552226,1.25347890330712,1.39880433453843,0.773781179547165,0.847028696305106,-0.41211620412663,-1.93765173714566,-0.689167196946491,0.41302724209039,1.54149747917205,-3.44643811997817,0.0362591912829138,1.06650952823317,0.197566985961803,0.481979424192456,2.09010827656976,-0.685726678367686,1.31924752500004,0.757420979891904,0.0402075021936534,0.153500299865851,0.0387370834782057,-0.765618579411808,1.30184865498482,-0.220094214940088,-0.381305345878232,1.6969370545059,0.444889323776502,1.33444097329127,1.5959337751732,1.8703928358743,-0.57686808129768,-0.0759767698585641,2.53474840491427,1.34850107876884,-0.15017969469555,-1.12969348903968,0.348935340348438,0.658600768589411,-3.01438178167666,-0.0471982145176071,1.86337590397763,0.262464304890721,0.703096058757015,0.996198153557026,-0.438607554538506,0.687848387442707,0.297825703831216,-1.15787042699251
0,3,0.460531608025555,1.41739578506709,1.10583907102982,0.458424481531278,-0.165079915177223,0.307639068970461,0.350015092411801,0.227046926917213,0.405602402629296,0.225067054323647,1.02475139340551,0.690169208339792,0.139228172341096,0.853265967196201,-0.399388933780422,-0.375126417229691,0.180100807030338,-0.020447030790524,0.359605199578033,-0.623717686422474,-0.108164131661332,0.863654692135912,0.202427038038303,0.722269882228903,-0.176401405698176,-0.0294531277449748,0.402692946414716,-0.455291976095595,0.8683131361018,0.336797125164434,0.046712825027368,0.683796728058474,-0.166135139380936,0.774133752253095,0.303932624239484,-0.485391750140378,0.375160876086994,-0.0929465776808558,0.599104514403194,0.972676078551546,0.697814406120133,-0.162027373737607,0.627640909700434,0.517508366792561,-0.113022808784126,0.306514585834119,0.696219021488834,0.113754274540765,0.622350061634445,0.925944528514129
100,3,0.156948335455487,0.372971558054539,0.494648954129024,0.140354189550497,-0.15085658385655,-0.559299400197175,0.757557641373446,-0.307832578685074,-0.158825735002158,0.0289438682384019,0.482521504681353,0.372845522232059,-0.395208275511714,0.27237056785891,-0.209601019846382,-0.609558582572448,-0.136449151111951,-0.00841301241606277,-0.202063185654382,0.331804727656402,-0.144258092247762,0.615491803123891,-0.0758346767800858,0.0403785629610172,-0.378252514452799,-0.225338658285575,0.333024160216867,-0.421942478550466,0.385851376245472,0.421278966927084,0.256559405188287,0.711766891522994,-0.233712708370338,-0.0569806857844213,0.0625934262734277,-0.291789075989496,0.24575397066373,-0.406306739171426,0.00841301241606277,0.143905180500178,0.606398873485794,-0.114808518104229,-0.100895595184436,0.33284337086492,-0.237595932770506,-0.152509858551481,-0.0169589618709567,0.376873008220408,-0.256375362120643,0.28987841390052
200,3,0.347185121644085,0.954411583634866,0.487396955929275,0.399905525690707,-0.131086371230842,0.292278040238282,0.813734082715425,0.106175689456446,0.0086890742196474,0.346668901579705,0.396980739960766,0.308134422346529,-0.0877396826707499,0.0952212952668261,0.133493008581757,-0.0875219651428496,-0.055738741425281,0.372903156266556,0.500928970240301,0.548937553685275,0.225538796069974,0.587493091956002,-0.265313155235731,-0.0898517647064802,0.0494817424103096,0.295645412448695,0.620680987796756,0.303837925914357,0.000111600387483646,0.194124472768956,0.232968843804875,0.69767284447197,-0.116262758132152,0.169291047191652,0.130388198667788,0.124930286693469,0.422588066673203,0.498040840594974,0.0475921276864064,0.307987717204055,0.717162608752603,0.296345083389718,0.0899658296222935,0.458586397223728,0.358349806156405,-0.176846242505216,0.399639122262766,0.338340502975087,0.189583342221581,0.139675654100606
300,3,0.116125977556235,0.725385994752598,0.132271941584994,0.555326397556061,-0.200383651630485,0.441149595004512,0.27414081270969,-0.0058922497532983,0.474479170197414,0.451461664657775,0.31721047542673,0.216487568342092,0.139836823226163,0.00298353122808964,0.24115812414606,0.0813691622288497,0.0407320252645108,-0.171024113427054,0.404040734705741,-0.0401557704272586,0.0269888003929626,0.0792898447282764,-0.20139451442883,0.131767003214461,0.0227624375978557,0.403241526959587,0.521503174210403,0.308240915528234,0.201005346253576,-0.185649251462073,0.212861245731428,0.293821679560774,0.0219305422839871,0.0107674526917698,0.206306982926522,0.050085983224583,0.257528274740308,0.364348884284765,0.0787022236621142,0.461297013492879,0.407721339631667,0.336624397438666,0.144207188126046,0.434024575338084,0.253454049350193,-0.054329176900031,0.548437094538993,0.301325436917007,0.37830887505557,-0.00475941213009809
400,3,0.442083408321623,0.302043341149986,0.283453462492814,0.449047338125488,0.076897528539399,0.642594422882397,0.366360900997929,-0.201594883153755,0.189096226673306,0.483884857204446,0.527578049761809,-0.0544201563901513,0.116692966746305,-0.0619973830008383,0.303767906488055,0.198694455406446,0.102935649729588,0.122179073889259,0.244190304049576,0.206971031277246,0.151548827018018,-0.106582017341591,0.25910586504444,0.398440112021007,-0.045750672455993,0.134772662255368,0.326628064469218,0.235769800213916,0.513958795019866,-0.130485791790265,0.114019136434803,0.375695178943008,0.14153148721937,-0.0104168646037989,0.21180001511374,-0.116521542273717,0.171272627286018,0.36354927905451,0.253408432108809,0.150032407091752,0.327991535041873,-0.100098341241266,0.407005244970656,0.524272612166371,0.121530774950266,-0.233475642920969,0.658211856091701,0.463223452339199,0.4345713788806,0.198715557898472
500,3,0.53542040887735,0.152284061181453,0.659043768004767,0.598719827441279,0.214404393222861,0.46845950059216,0.154885648583587,-0.060492686581758,0.25459123803768,0.519367280262688,0.207001028374256,0.11505055256855,0.129810592909699,0.313262733881879,0.170848162329759,0.127884395055512,-0.021665790236775,-0.270343729614094,0.33904587434206,-0.0173449555838674,0.387572297516161,0.295590375567346,0.203404400299069,0.337755222770823,0.139113624542241,0.0667504795985581,0.161252758886548,0.126606691554233,0.340902315974526,0.0329513353143805,0.216480959816736,0.658303663080743,0.142984631971082,0.164572436827283,-0.0641676263885362,0.210993447769973,0.104147756791878,0.729061937949881,0.420059292420385,0.216715074369455,0.103654109912106,0.0344589658014218,0.140969720787946,0.902158434547588,0.267210227689718,-0.109237036278946,0.84764794975907,0.370998179703483,0.520360604310021,0.235336261809948
600,3,0.595257798817521,0.375996592324154,0.704734278785591,0.489917100192605,0.35163883159659,0.507823839111699,-0.0438306996584487,-0.0462832098960729,0.27848249167407,0.677214661884064,0.237303260309307,0.197436463873199,0.388342879481512,0.312755806885132,0.393869712081099,0.18208195554941,0.179728895988389,-0.0935435645981441,0.223538530384898,0.161194959264918,0.752372531217301,0.242936021539998,0.1301344841548,0.133820684721896,0.436450581350197,0.0377038363101389,0.406530214254379,-0.0273586847081019,0.0993451618978698,-0.0508388808685586,0.203678614621884,0.102158486769848,0.0812803072979819,0.122577127623692,-0.226398638672456,0.0999280296489683,0.163291862885886,0.517591169849907,0.618434193628669,0.396156695564829,0.285644666727454,-0.0875041864853434,0.20685955639111,0.707077028822695,0.166814291521647,0.0812922458825701,0.711899886471282,0.455463401370956,0.600131096308237,0.0507675713088285
700,3,0.468571734623709,0.480081028934076,0.455861634488338,0.418090621999331,0.388005760679823,0.755721422980487,0.187928288921227,0.0260921302107667,0.399827368451731,0.688651146753379,0.132687961833077,0.314082510579982,0.427475731792979,0.324578930827327,0.633574046916307,0.27372670558271,0.248057195145258,0.310867802007723,0.282821690204674,0.116160194330885,0.66785093979474,0.171831394590899,0.00991805880849214,0.207005655044607,0.454891193884516,0.346384864216824,0.558239250522304,0.21925216164928,-0.0729493981956411,-0.184546327021895,0.153915203688724,0.0285840068307284,0.442986450452868,0.286519357615063,0.0117349730174109,0.507117689779481,0.171616887305297,0.39149834675793,0.671479396214022,0.256878516780934,0.132703311451283,0.252027280587589,0.251975391486012,0.57170657869245,0.15237909980771,0.155707366476338,0.682435110775623,0.334074353798951,0.429176048013061,0.0864393787889802
800,3,0.297628810319008,0.719141052348693,0.463022241181328,0.229551828024848,0.377045100745305,0.563311894577739,0.263152325740436,0.0802410945883526,0.349403818180767,0.756126410938552,0.143145741936219,0.542035956065577,0.428264206424579,0.488066882748682,0.591827781445556,0.319801524894504,-0.183060102625314,0.585531004718342,0.486759450241654,0.179359392027186,0.566807322890845,0.161687148521554,0.318519062429208,0.676472650891989,0.425420912981597,0.466338071643947,0.367885255096168,0.282572232909657,0.0125817576685329,0.086020196760947,0.342272883816919,0.0387862331938318,0.103237850123843,0.456288386603566,-0.404600719346309,0.217040839974492,0.295884620706642,0.388564503981814,0.482081744834007,0.161889253988663,0.316675315545851,0.20829787229146,0.129850963896545,0.398041100184392,0.453107092802915,0.247668432990471,0.496132250529858,0.141622564977892,0.265529252645793,0.0317318078702145
900,3,0.0444802582670492,0.468951081604645,0.454536709611591,0.0577066557721109,0.332116361832959,0.401851024276094,0.0628538160859252,0.330496468241994,0.165860055705522,0.502102784341416,0.108201571156961,0.675074529726669,0.279866454232794,0.37054126781774,0.212491786954106,0.266974318711356,-0.377048896701955,0.0717138402462085,0.538802124829646,-0.0326821261493572,0.437450189955626,0.138062929947856,0.307160010338122,0.412756309344697,0.37799745903019,0.223163800680848,0.0775754620358374,0.360979277279405,0.0105121405179423,0.030649909364516,0.443287847992852,-0.0928740006382287,0.0183784500771388,0.395393296039624,-0.186980941315082,-0.00477943123051738,0.235044196625394,0.254720077400695,0.371898827800269,0.52016037003069,-0.0348476683750019,0.182917675844519,0.239636572784609,0.290807992654428,0.350921183873543,0.304421019161159,0.361576934574324,0.126144349950343,-0.0556296254382934,0.0533023219829401
1000,3,0.0664856048986998,0.712776633991824,1.02273798315409,0.306287395433679,0.316800380840487,0.519747615893431,0.816838830549273,0.485199113418872,0.223619764694042,0.570739758179413,0.182017442456072,0.723377979267702,0.251174152912734,0.394173405642596,0.160324908414956,0.228980790672011,0.0331115991666722,-0.211603347486517,0.470861835967543,0.116899530145332,0.394897290105183,0.365156810510873,0.676912127910717,0.393747849852199,0.520250692029781,0.417878643106298,0.255893626007737,0.422514056198868,-0.0495353606514817,0.283835609906793,0.493025539822391,0.260124660982339,0.731419197785641,0.263949511755723,-0.212467586467892,-0.0205162218512943,0.624430452172228,0.570506358922732,0.598961190985452,0.57830647846475,0.641265998832749,0.291229271035469,0.371547886387269,0.359340648089505,0.236894191466919,0.433070491496117,0.375664396737848,0.266184001369419,0.420634402128019,0.0804994024833743
1100,3,0.198912841146058,0.613013976562144,0.932904733819679,0.285416107888789,0.311419119873948,0.430506845991266,0.633303478640389,0.386659870442249,0.345885708318219,0.310630833019246,0.432320219768451,0.519212354507997,0.373359810195761,0.461569517528257,0.101712461608216,0.0183804358994125,0.310341520852126,0.294308882082602,0.221629643806865,0.110999590402,0.467445875380406,0.218771779498007,0.667849994455723,0.275990619074243,0.449283367399837,0.498363148267456,0.361219466377186,0.338192474741371,0.0773977312181868,0.280930614803553,0.481242446646791,0.213909764687274,0.494393593736876,0.331201132893747,0.0885906587904177,0.097686029795658,0.707223990966129,0.270175643741215,0.595023995457459,0.499385058894481,0.838876864838402,0.333358381804777,0.587742337009207,0.381152265227068,0.206640198039623,0.534242442134488,0.466102339182545,0.327768507067411,0.502219779141394,0.129132928825658
1200,3,0.291412779354206,0.664775448456304,0.742187799886519,0.20093686243855,0.500494531140743,0.553034452985713,0.187582309393657,0.150512107060124,0.34784147361486,0.523614056736915,0.359289344822528,0.522249289303469,0.48117982019236,0.407065234574433,0.00989528642306081,-0.00463567231742548,0.421153252439281,0.295702856561231,0.313424465838881,0.156535948806588,0.629660778199348,0.199071530481417,0.395797564071243,0.309242803972008,0.398367356021759,0.602560402635274,0.298965928968906,0.249325438109481,0.0152239687405171,0.310856675130051,0.534749504755114,0.49447693741106,0.322646455400434,0.580469020360022,0.0892246408295286,0.178533579322547,0.557783320198744,0.459861914996865,0.659520025268128,0.346117026397975,0.960747724729637,0.43275837088888,0.674382819613896,0.510801074036045,0.0304519775133668,0.341033689155521,0.494482502100533,0.30041207062729,0.354874622044823,0.210388560900718
1300,3,0.439848937710944,0.806336837460267,0.481671637909531,0.123311619722834,0.431382390373965,0.58870930264668,0.341607759356537,0.0891912413950133,0.497374717018147,0.510271394604817,0.0165676278652866,0.560061290695043,0.414810394511382,0.411097987034028,0.11876069137079,0.0639898571200932,0.210713233882096,0.254706947927724,0.263135522035866,0.397520667417681,0.444330723848706,0.106719146582502,0.170565629913727,0.316965727833254,0.275590739087196,0.316533665760674,0.10686530107824,0.286791639727143,0.385426942273895,0.316173591825293,0.393942398144724,0.163509509644983,0.320314415242156,0.525290295710647,-0.243177195511276,0.0837928468709287,0.298044894212273,0.519446605836426,0.463912612331337,0.402900952348804,0.513536104742732,0.444239760901491,0.407197254315043,0.206222368542814,-0.0504547567988543,0.185321314103178,0.426253504070326,-0.0611856144895339,0.458054547781636,0.1138253206076
1400,3,0.225718082612776,0.770097316365599,0.717742932326584,-0.0259089016827011,0.342273202991507,0.472814948609485,0.385085354323979,0.102801059401873,0.624751497438855,0.649452527684313,-0.090983517977567,0.628517817994891,0.367154496943652,0.472982881077602,0.0266075618256372,0.0732603437839113,0.0858828420689444,0.0304847607265951,0.205412615802439,0.38497107889954,0.506531276796136,0.179264714936562,0.503354740158076,0.804650017469178,0.37464987676636,0.0414614333416395,0.107265018815198,0.262574972476814,0.279695650766456,-0.15735348199719,0.186507812563143,-0.00155153637731811,0.209178816096006,0.0610590957305086,-0.272851265909797,0.141041357972572,0.258672168827878,0.244164443114225,0.296701486704967,0.2722282412869,0.258164395201598,0.339823950440232,0.467560985151718,0.176099597282991,0.0824935884864007,0.124070425864307,0.439440275451186,-0.157988307064946,0.403681469635752,0.096367689608283
1500,3,0.136994985271187,0.730233752909557,0.644178341205442,-0.0512069105849125,0.228497507415709,0.345632077592845,0.542348867585695,0.139022636542821,0.674264393241556,0.513385187112228,-0.045784384701549,0.586930210611594,0.165802683198049,0.33945261368072,0.015447575999979,0.270868396070075,-0.0501867674638054,0.343978742097541,0.144097413361389,0.21567003137767,0.256182469416001,0.300664419057578,0.371188025120011,0.851783878611496,0.441934418301684,-0.124896014924052,0.0127844774151273,0.165689317100764,0.252545274608624,-0.161171043398955,0.0448616947425589,0.296893372085291,0.397946256215604,-0.0339785711009642,-0.0918217333444697,0.0751660584001334,0.181798408194315,0.454635265509248,0.208483311361646,0.0500269047842684,0.559039707270246,0.379960382659457,0.290860676600486,0.143398406316632,-0.144847666205216,0.0666423232065,0.513085115213689,-0.0970608432832072,0.372270791139827,0.0460125768114453
1600,3,-0.157360649207426,0.709486472626874,0.506742060378547,-0.108403876856678,0.203273091990452,0.163252738307474,0.204620807961357,0.322921850928231,0.558650440265138,0.431256206343036,0.169935914697699,0.311154153649237,0.20348324397727,0.206628221283738,-0.125506417382471,0.0951093070185864,-0.129761579355139,0.269148399167605,-0.0152875822052521,-0.0208665843290164,0.141387207126,0.244628778655366,0.624197433703008,0.845896219690206,0.21430542992385,-0.0511776355159272,-0.0511911565049051,0.305194325862347,0.0568491179167213,-0.0592963395583437,-0.0589123413340005,0.189158591937791,0.217273723725469,-0.162382140257694,-0.26126762033639,0.0922663441215575,-0.0689269473533892,0.545662447803832,0.140144915781344,0.0416428037730083,0.723184539233475,0.171834254859182,0.0350944934570748,0.171726673624048,-0.190563697651766,0.0630028891788088,0.217408987607437,-0.127502534443979,0.311780167223226,0.219220153310613
1700,3,-0.0547769229336883,1.0169087729013,0.580612645685104,0.069968947218355,0.126996547496836,0.0450676678298496,0.139425629858685,0.53681062734011,0.266942901095476,0.324148957175957,0.146974893226595,0.224512399339827,0.308559751526532,0.118830804172833,-0.191812994706529,0.160405519967432,0.0425507112749041,-0.103006412044525,0.00826798280899246,0.324991576655833,0.29534610475333,0.310913548457208,0.269032239279133,0.570652968213405,0.218946299515322,0.0218603109635601,-0.12217277847079,0.284625725271504,-0.191339991211531,-0.0427200785731586,-0.0147823628083924,0.0165431411656475,0.357915558405806,0.0543291494672384,-0.386846605242794,0.328097276984746,-0.0584419459095924,0.471016469541078,0.0325028721449919,0.31573668930895,0.458947996548477,-0.0580253256777163,0.156267048575496,-0.00778151660350168,-0.12151914438528,0.160813639468882,0.360426963740549,-0.0807279632699478,0.0815179312783986,0.0852553513807158
1800,3,-0.0642156277340774,0.690631786707572,0.335639125598165,0.0718882260233457,0.0445019454638187,0.218926046374995,0.179366360806238,0.409461560208925,0.352053125883147,0.0893977023205898,0.0224399473056292,0.124266280250344,0.443735565937444,-0.00729529257096284,0.0338206178563157,0.167780019143348,0.108104473404153,0.241822198865326,-0.052685347430655,0.203933898896534,0.329885469940483,0.341849055617744,0.447527511430847,0.367848097207788,0.158919717799903,-0.0180419630259093,-0.0913062678064092,0.191845143615534,-0.00681622402087517,-0.0803705939051171,-0.153169349639135,-0.0866391064493141,0.424773655343882,0.00369389624880914,-0.390329926247023,0.271306356661753,0.0548021868876182,0.356317661406587,0.102654711520515,0.298192337220476,0.372580059324951,-0.212653351861305,0.220284724092411,-0.0320493556995557,-0.00806850421163866,0.185820273988668,0.197167433903529,-0.187548740456301,0.120742910221419,-0.0516511631111556
1900,3,-0.216721714443604,0.635364564311995,0.227466509985815,-0.0276048123182035,0.205065743255901,0.325732166038698,-0.0677726964476769,0.343691232613647,0.583622486036623,0.0652424781248113,0.0127964872317929,-0.177343492979869,0.474271554905323,0.000148092035182679,-0.0817787234112208,0.165907973257828,0.325790522824557,0.461073329248199,0.0132531494035098,0.104724178787854,0.335836172518182,0.47731151700987,0.476565416479283,0.118032241155184,0.187060157735575,-0.0435958403551185,-0.0519609173048146,0.111897035542531,0.278147330210015,0.207737478800397,-0.221395703566445,0.0689023272200015,0.475301449756772,-0.124075366367433,-0.541231817684871,0.363929871423168,0.154332642153059,0.492016615013154,0.145948876168781,0.0840978186902404,0.632010050705987,-0.175692658302073,0.372013080573584,0.000841075279613746,-0.149577625800072,0.0913843664843784,0.304514142557215,-0.237183714174402,0.237439012871486,-0.0135607101342294
2000,3,-0.121754827533328,0.601200254612717,0.0361298486608339,-0.0246915032402001,0.16079558383947,0.385731198808527,0.0208879864454772,0.195414165135176,0.301002664385552,0.238862589923588,-0.00563793016573552,0.119283594135312,0.292914877837176,0.114011784203189,-0.00792158852371089,0.338916710233113,0.282594613112974,0.136857234739838,0.260906673804923,-0.0676672342060092,0.291799224209956,0.427653330105978,0.437799460537444,0.00488008089509759,0.342930729330028,0.157411678756494,-0.017481421655642,-0.0268929796037594,0.364075334231095,0.28967266484148,0.0669003853167341,0.0267082174649763,0.541751511356051,-0.363052328779097,-0.211959778773489,0.379791538755237,0.135199448896177,0.427057169526115,0.100346048062375,0.195493245596444,0.288834313896808,-0.275420653727594,0.280336103990768,0.0886283715994276,0.0590502211742454,0.113012514484632,-0.0460627807304585,-0.0928178839536979,0.581284434727603,0.0325122383346472
2100,3,-0.11746116778783,0.695959313734776,-0.168550419629485,0.0340533780868513,0.225335415943014,0.130625406560464,0.203375703768238,0.332924435186664,0.109089131124662,0.213935741119909,-0.130592830937616,0.109780092256059,0.626374202929548,0.168232543308034,-0.0465044940334795,0.493616673678342,0.360626809401858,0.0184000087289299,0.303897133911934,-0.0746852549290953,0.373483266371756,0.357104467117102,0.476709977210434,0.322990568154427,0.221600898093977,0.121737331217667,0.0769465621755511,0.144589416912054,0.323550524057516,0.304428965413292,0.19084784160806,0.221649831844055,0.369315952038991,-0.0920733393014293,0.105790682084004,0.480537208534417,0.187586623616344,0.516047121590596,-0.0157498650225023,0.0892669758545309,0.578930723765216,0.0354220288971495,0.403787317431438,0.160508631537677,0.181535651332114,0.226906650651904,0.115525540975161,-0.0585032093038664,0.540681367936824,0.215909426845331
2200,3,0.0842237587263127,0.519139669476659,0.271085515020076,0.0588247705139288,0.00747310839249102,0.494105904933875,0.114210837156562,0.376224326527861,0.0150293645862725,0.149243744680697,0.0235403569953151,0.231052457584703,0.51134306826428,0.161194561778653,-0.0668999249413167,0.351867074149252,0.109021622585179,0.348768859509674,0.320094524045483,-0.0411223705822198,0.387024868260634,0.401542391792487,0.456543549952436,0.118355241004197,-0.0138668196814008,0.115203959763063,0.108450991826248,0.248052308891378,0.392613417734117,-0.0246135864286767,0.113245516391986,0.196560864141848,0.304366846846221,0.209276431784474,0.356282172546412,0.274371133592663,0.114639066356597,0.605094206495656,-0.032256481554545,0.132610697988387,0.300883948350153,-0.0611845994867209,0.37311881216556,0.0307420599596537,0.0595204353486184,0.190503566741578,0.164149021820142,-0.0123316904355283,0.62247517528656,0.170112126260934
2300,3,-0.0813645340323122,0.669865435066346,0.260888822423837,0.109998064082666,0.0622796211558287,0.235740276832613,0.108698187697256,0.377401500559674,0.144778411533691,0.247250982255529,0.0819852037905942,0.156891325624434,0.20539687010664,-0.00591330406810853,0.0416805132849642,0.155402334236014,-0.0246952123222413,-0.119820314890563,0.116672767639017,-0.216659128722353,0.330004827008315,0.147251408590052,0.601725518901697,0.000878758709020017,0.0455628965681129,0.0955024614260173,-0.133575916349535,0.266063779087739,0.338646261287326,-0.0563685815478354,0.131634630142832,0.133239788914648,0.345813887070418,0.0363495664219509,0.202067270205876,0.212510161375643,0.177298519992619,0.241604828382324,0.0873823707840409,0.247300858774419,0.158923498187567,0.156040287028349,0.69715088317978,-0.0825333983401139,0.0645784626370627,0.0741981651388317,0.0280301587409544,0.107971332599062,0.621269349270545,0.323182221095644
2400,3,0.0744787125296202,0.141354035986132,0.188979595471822,0.137899506157782,0.16373896247869,0.440069690680628,0.183128643458168,0.176593644158024,0.00952299266997705,0.269800466726642,0.0481038232518365,0.169736744590472,0.424733498478045,0.0587637694636766,0.391889010293296,0.261581044390347,0.0400195147897321,0.253890168607645,-0.0304503695156357,-0.397342894357748,0.219424941349035,0.212357999834611,0.757650928666746,0.0103350706132404,0.0970420575612749,0.138735127241411,0.0479065868464525,0.352439118890894,0.368244495458997,0.144171279430826,0.0991402151065657,0.384156916047385,0.279201622437893,-0.200058612364521,0.382097560977344,0.3270507485647,0.0935842849374601,0.016138715614953,0.0575048940288387,0.197180307554809,0.16725215796976,0.0797084266234789,0.564580972920967,-0.0506638641747612,-0.107742750000119,0.121906684499069,0.0398355744297551,0.0888939186334908,0.270720108232232,0.379793331550617
2500,3,0.0450665007549079,0.297438057319948,0.399828701275343,0.262789933094422,0.19637442528104,0.464701692078714,0.133394567955762,0.246283751540032,0.236467833483322,0.274145044250666,0.0861420229777425,0.240882919773537,0.611002099325702,0.107280789907022,0.485420349689825,0.116784921331196,0.239946529592342,0.552275499513809,-0.11900641755575,-0.216643346110269,0.401299402656986,0.511601042024467,0.975107301162108,0.377554675019899,0.0726523953989822,0.3947646318405,0.314507627177634,0.370242533832513,0.299938147470624,0.585607772075302,0.233705716029774,0.273963488007977,0.294923653897267,-0.0452135320178745,0.597779792378579,0.432325684308434,0.35010905173828,0.194009094652436,0.154663779478033,0.267455772507072,0.469622745418047,-0.16608280502891,0.693547374972384,-0.159533732298119,-0.000886643264857906,0.175704133652848,0.389913958389367,0.108937853845156,0.317965008120302,0.357390244285381
2600,3,0.100584259710413,0.591445011304475,0.421577955453816,0.196787134611766,0.199304444403309,0.418060176139579,0.113867108505385,0.354200865423993,0.391326134911991,0.307302777835707,0.0872786776750776,0.20824203769296,0.648123526121101,0.185078292050511,0.391136847052008,0.0469621028606825,0.233412501635747,0.197123600050303,-0.0117809974042244,-0.00993600402260691,0.369619131533183,0.393430432132461,0.562028899544277,0.46586514371219,-0.0369969851644714,0.486853169989436,0.250652700798104,0.458639225718547,0.473098715268976,0.785849147070877,0.0775747304773845,0.435098967981152,0.208876094522067,0.0997078081715972,0.50353945974445,0.240740126053877,0.408868078870308,0.459765284353521,0.0896773536448714,0.432966173911268,0.313671434393018,0.129636939713305,0.660218430889023,-0.242778028613524,0.07234895180085,0.236097219564788,0.323223680438322,0.106342249421472,0.386496351287934,0.45834341888155
2700,3,0.143268418483589,0.40792758650462,0.48738441017316,0.219383912867438,0.151052561047043,0.0335414243134304,0.166229102735702,0.492012843014673,0.266813445371711,0.190411051479009,0.114137428472416,0.350245162831369,0.513328230546526,0.232055326264046,0.423694760015827,0.156948827817129,0.257457468207897,0.543362993624559,-0.130669808111134,0.0977894498823559,0.298538560207948,0.217638898485549,0.466103249470094,0.408127056163265,-0.0703293319842534,0.406161702572631,0.269973400012864,0.473324553353502,0.43381304899345,0.836919293889266,0.0677468630779492,0.596794225525797,0.498521494327457,-0.171434795370984,0.461232472216966,0.294178011388605,0.298669574985525,0.472827839882269,-0.0431380390543925,0.247695251460526,0.202453820733764,-0.0549818912998801,0.497992478994951,-0.115187314767578,0.0409446503607532,0.22281716901965,0.190788385307503,0.0991996699649404,0.306931328150167,0.430278540165153
2800,3,0.268352973720877,0.646276507370828,0.383956386319135,0.338926350586813,0.22217005828081,0.10363581780541,0.144425301882456,0.391705283379193,0.187320974407479,0.0280119541840842,0.119032140674076,0.323239646304367,0.4774366937183,0.260388433764591,0.669964678029511,0.249494626688669,0.13036386682187,0.234104593819933,0.0261779282412199,0.250982548927551,0.221278391799229,0.379898191173066,0.635475675089721,0.379260358001273,-0.0459257492910855,0.282816025227334,0.076678319799631,0.228870136331652,0.34837295203262,0.928375236446743,0.0883490781722896,0.675092551877241,0.642929287726936,-0.264033270769566,0.519113259939975,0.232206000414263,0.224505683631242,0.434283315302596,0.134197481160702,0.334515353224744,0.534794735199784,0.172003695050214,0.530997126101497,-0.157584307919943,0.0283502394773671,0.172319931802699,0.316571597005698,0.137455925614874,0.377207452648367,0.411164581532176
2900,3,0.252986886300888,0.397418798566126,0.797910272013957,0.465556235079561,0.146019126501665,0.18402690946519,0.0496409317367295,0.157764831852563,0.165412658216136,0.113843497127495,0.0441714393203507,0.163541828366625,0.47633132585251,0.23798097186129,0.387338562401776,0.218083211990525,0.23792803969702,0.543572894753296,0.0729698870191948,-0.0705857342808157,0.303847208800262,0.246128535585155,0.220208013102049,0.358522924374457,-0.0507300171207754,0.176070095885934,0.404288220373783,0.364512469419273,0.244249260711829,0.919433334697758,0.0975600224730171,0.592311343051361,0.730562455457196,-0.053837341185185,0.32342137454862,0.181759276754977,0.135789858311545,0.338200380684519,0.0381085122544224,0.434073372322322,0.571987804525464,0.361104580850976,0.565798792098923,-0.00513554530841015,-0.159351195061903,0.347816871755671,0.544564579960615,0.130030706499011,-0.0399214658390975,0.391637194337122
3000,3,0.301636599900296,0.247145226794469,0.38025532053842,0.615171269602449,0.15898275497083,0.0643651318644844,0.239069024980195,0.0259897877463404,0.104907757359796,0.210947463833115,0.290788925586778,0.213593593532438,0.306967438369707,0.0743125658321446,0.355203873166359,0.227975060995551,0.253532150277374,0.673291955413337,0.0725046029578784,-0.102282729771569,0.262393518625341,0.2765723971045,0.164750373514349,0.26555094189816,0.116496608655447,0.170200727419629,0.280191178193791,0.380511680952383,0.265362242402979,0.817683706453738,0.167506326571953,0.507057638058701,0.940775361357139,0.204025153781784,0.440037910134736,0.184022780060546,0.298058620178094,0.411281347315985,-0.0676744255012957,0.617273824315644,0.361920590615564,0.29576332152426,0.426445377706102,0.220484081016594,-0.116291330770992,0.326521436634763,0.441279229438703,0.084120688747202,0.213830893535579,0.293430740218319
3100,3,0.284383207143068,-0.0678515627981373,0.442607107585428,0.481286652173313,-0.0354119357964373,-0.0621988471169327,-0.016212854172757,0.118089786380749,0.209551764185543,0.0904900641881315,0.0339077425069938,0.238169904882646,0.122847934877672,0.141587657652673,0.479660550958915,0.178982310021952,0.326394843285521,0.369966948855033,0.229250406980976,0.214665836959148,0.208061860925366,-0.0483218820074321,-0.00337665335971241,0.190083214824221,0.241893392651671,0.0291436947701968,0.00173141468334378,0.380874117651928,0.0813863761926019,0.212856608949329,0.155033483857408,0.207756420926067,0.736763082308519,0.285548446788105,0.445650186143002,0.140889124581135,0.342690730668932,0.241192868311152,0.00027023153184394,0.605430680031983,0.219143598383205,0.194046918428029,0.35346803193068,0.146035517072048,0.00104797031320866,0.142276863129108,0.158796274523082,0.0987953195025105,0.235796394913475,0.262240177132576
3200,3,0.348456892296488,-0.196507187415563,0.300596415754464,0.319042704796715,0.0121015877499697,-0.283156280720758,0.222275365777278,0.216755913890416,0.227230648872218,0.143223470674753,0.0836463176931441,0.434439313979906,0.339710424618488,0.238883475345746,0.535246569025878,-0.0084086811739866,0.277255396631627,0.182435436850779,0.188101412085386,-0.108810861157289,0.171159510686163,0.0213436765346684,0.0838786050346729,0.15740290301166,0.0923335646650197,0.0180496224712748,0.27549277035728,0.200580703524856,0.166563215905743,0.193316973530174,0.201972403264769,0.342318356656973,0.499657546569218,0.258185017746135,0.376414735109686,0.58174734862638,0.46439662737804,0.129482519081524,0.10247992101689,0.483632972841,0.414366703449958,0.200017709419398,0.155982281988004,-0.0271807717495346,0.350618303977007,0.204240262776742,0.0635110616043203,0.251921648305352,0.262470122444415,0.173032027816937
3300,3,0.311382457782307,-0.149687010156462,0.123102848773701,0.0780090671229767,0.0785146898173286,-0.29938037547128,0.342229437953844,0.0767577540378114,0.423310609537893,-0.103835096526205,0.0395548350438811,0.46055501656764,0.211598661335086,0.104510176947896,0.299423107281479,0.10808761136145,0.223532386605588,-0.198435718040452,0.165836747528856,-0.104846548448556,0.0490646231122133,0.342659448001046,0.0428658283981465,0.232422500131253,0.102500541452805,0.150526472985346,0.261050022851983,0.286675398435264,0.181560407938529,0.117435660285712,0.116807975854323,0.340488183178775,0.371825150493909,0.260413610286027,0.224950702370727,0.430309325873738,0.372500154916517,0.182491043536983,-0.0687890733951161,0.434004663852446,0.487764091749347,0.243716567527322,-0.0254959225463035,-0.0218168776225243,0.279309095413224,0.185804513250141,0.256926157752773,0.201639588257399,0.122974767799949,0.197925352220267
3400,3,0.233816045747923,-0.199002087778815,0.152953922825156,0.019467706263534,0.106595055812647,-0.177353928882112,0.276239232843625,0.0207724524622378,0.534502311977478,-0.101919454436734,0.0873254059854736,0.351005338082523,0.272576527528714,0.14659134691622,-0.00580717405752693,0.0717718258597768,0.138148732109132,-0.328596583077104,0.0894392252150742,-0.105156081544831,0.145148148233771,0.164872069183126,0.412446812895709,0.222013943196304,0.126234254434399,0.212661113288013,0.266218820038836,0.0652885135157919,0.147160069503496,0.270114523874988,0.223163098778633,0.255330809479917,0.0630990598511346,0.322698789027999,0.202824931153462,0.271123639139901,0.157977077466425,-0.231758432455103,0.0421561283160743,0.482054591362639,0.287585925884371,0.134371908606199,0.130922250520454,0.123492448476427,0.306586747659322,0.192957878788952,0.198101251197824,0.0475804364479209,-0.135484381638979,0.250775547798134
3500,3,0.145828659487484,0.139232349147433,0.605654067372813,0.0387041057867801,0.19433526467631,0.0291810755604754,0.257454722341941,0.0390379684338641,0.349788058547033,0.100101071074437,-0.0344841097758322,0.498473587585449,0.111878593363184,-0.0308190238359463,-0.046727032392281,0.129993170699909,0.0193228554151863,0.257250971385596,0.0954024431817973,-0.193530120232562,0.346213866957585,0.0597817343489091,0.635778070797826,0.0236669484688155,0.0954047660342542,0.191737361119828,0.135861795154221,0.0223819650285189,0.295089015906754,0.284783824646595,0.22181825886151,0.268199282398845,0.210133168988904,0.447772280519476,0.00642509282524314,0.247029136079153,0.13336291265937,0.0191381862669159,0.146214566956016,0.257291048408451,0.422305664770534,0.344462793453525,0.222748655629686,-0.0102873462127931,0.290772505144148,0.244136794330863,0.140829529578466,0.134894576767857,-0.168900797419846,0.117345607335247
3600,3,0.308660808520616,0.157649107497788,1.01746860597619,0.135479048242083,0.174692098935285,-0.165071047517601,0.217219350271843,0.0193109715757152,0.26131067261864,0.0706647182678522,0.112354934106725,0.306610657647317,0.125086934763547,-0.115944885367734,0.0817095686720182,0.112634426057119,0.337765176631933,0.343636002880695,-0.061716680038319,0.308629844580017,0.299574073696277,-0.243822502495066,0.624323561971725,-0.0645297609257304,0.195101875566205,0.236408952135493,0.112659929594822,0.476167701739733,0.466248319827924,0.398293653621138,0.171766722198842,0.103323085197834,0.32064188225137,0.576537184183033,0.161350618983896,0.260718120965267,0.242320560456194,0.24894505140546,0.452152610952054,0.31945323881746,0.161105226077242,0.303354714026609,0.344118047402023,0.043044777025859,0.388722817720497,0.251371615008857,0.307052318314033,0.280563552739036,-0.147588558113439,0.10523464769375
3700,3,0.339828887869112,-0.0445174482666498,1.03243364251322,0.161844415976612,0.292654518602315,-0.094566339804047,0.0547082628236042,0.20222318016397,0.244159061395939,0.110215686916076,0.175891049309224,0.281424686773216,0.309334750458866,0.0326338007288253,0.151474608685771,0.172150566427206,0.32653464371074,0.116686861050388,-0.12303313539326,0.55027075555117,0.220546849986318,-0.238776673346867,0.446892292923206,0.225460575921312,0.0953023516322797,0.24372160304633,0.39384538308796,0.270304507954448,0.467454621832353,0.356880478353021,0.287899350469338,0.280082813290801,0.207847753766819,0.499124514590333,-0.0864434011814132,0.194500848195259,0.227142944439427,0.0845598776400718,0.405365430103053,0.182733520258377,0.553704489587677,0.330899673782374,0.630353308626384,-0.0891667193889588,0.389666946082165,0.273292930650279,0.184252303410704,0.162774188740036,0.000651684555139614,0.31213354418987
3800,3,0.204314548763141,-0.0863557223346451,1.01940019359185,0.289875982849844,0.286923823615701,-0.174920869496464,0.0984445384758542,0.280313131226745,0.564194745932285,0.0380792132070314,-0.0381928984760019,0.259215741366532,0.371887784653571,0.101611116189941,0.189892095469888,0.204406574049525,0.283979036359186,0.267889653552992,-0.207708010193702,0.569706524004406,0.229302974737844,0.0646527769784175,0.454886564510841,0.228436782722738,0.211324944968433,0.155732987198181,0.424417858129467,0.21758380793811,0.329937884524998,0.349968982425862,0.350442300797911,0.41796857450856,0.173196044968444,0.584032546518033,0.17675593046981,0.20554308457533,0.243605247981014,-0.0824701964378345,0.339432157585612,0.167067956664171,0.504417855748571,0.0430962001247624,0.617170023798005,-0.062212561305561,0.525949427187144,0.272749878536516,0.178435271099475,0.0309303940851913,0.116034466700249,0.355223603993272
3900,3,0.118849528927837,0.156828334171651,1.04045119383411,0.275538588709558,0.201157927490296,0.208018374423064,0.0851062300885346,0.378077062756282,0.662617931936896,0.0306047175123596,0.0602081662222376,0.305116526327507,0.217283051217884,0.0865815877639348,0.133281946485987,0.207401329762107,0.00608117268517716,0.357879564651813,-0.117639441985168,1.01963994056412,0.243033758310623,0.317035856743105,0.387505877191703,0.0787782249822153,0.389159105582079,0.186631395315686,0.290836425092333,0.276806684075741,0.251652487840936,0.162031943882241,0.168155876741796,0.387486552797689,0.547544263277712,0.542659433370276,0.123567435209517,0.236450320585087,0.252023800800792,0.233079325083033,0.311052860927166,0.364359672569496,0.270101921587475,0.185965066872963,0.0274420919521686,-0.00151018209279752,0.413517863773379,0.199425005325943,0.228988529628196,-0.053553221248808,-0.0104344123397634,0.339066904503948
4000,3,0.071551495607335,0.236166322825405,1.17879140638747,0.243702071746903,0.127925959766314,0.58678482314519,-0.0397036111302099,0.262594993345622,0.565447936883832,-0.103930915590533,0.0221425097414595,0.349271503395346,0.203640630034366,0.258308536902538,-0.00138438758018075,0.0472773433726157,0.0472665024961839,0.156397313333271,-0.0170302367531318,0.434457477924387,0.40403743079747,0.0287443207019479,0.280210491362423,0.25600007290249,0.372095877004173,0.367436497233323,0.383824535003631,0.50466266331811,0.271574627595669,0.426100032704553,0.0534209415068947,0.308539455681368,0.563570379787752,0.452369425698958,0.133497925708828,0.358882575450893,0.202018171626441,0.214827587488109,0.358089411716376,0.580765423946368,0.155787417756396,0.282981442474293,-0.0973132679761563,0.123109675712172,0.284478186815481,0.177748941060094,0.209396272929354,-0.0916292218558873,0.0136036075154626,0.206866027907865
4100,3,0.0989203653966505,0.319386601055293,1.00131294719169,0.447918407307988,0.13698912042448,0.440521937356889,-0.0440484165997822,0.172366974870504,0.453134218104689,-0.0356437699454852,-0.0138820294733205,0.455561854493611,0.075793021108923,0.248147846098765,-0.0309823213231918,-0.0503818085644087,0.0838631844831038,-0.151836952457407,0.361616912223495,0.288843544069498,0.211545956355636,0.0425682064987209,0.0814590493655286,0.343701949128364,0.43686439963654,0.317612001173195,0.267212659632388,0.311409138246365,0.301895569178977,0.408177344243789,0.066865023801143,0.0655367388983935,0.45335907535222,0.326906414129299,0.013742062125148,0.27408573932605,0.254835957372424,0.183704045376003,0.265637875257074,0.399814313351472,-0.00392668225031248,0.379124373429862,0.26615018548984,0.321982849541635,0.495772844143568,0.114073600941716,0.393837932318718,0.0328769638662429,0.0994787870996061,0.206688596082778
4200,3,0.327481565679617,0.0497783124456694,1.11839422422094,0.291393076771384,0.177676782411689,0.342528701041926,-0.249921303958656,0.235109590070536,0.287217753727417,0.133878580437952,0.105917130376979,0.2701766022197,0.0120686959463231,0.112942868224053,0.104224573566727,-0.045074695920345,0.171211572802542,-0.43572649032766,0.479942317756409,0.361244595480656,0.202871401953511,-0.152114507685956,-0.0663372732918221,0.507420757447106,0.331237403397226,0.262324609325206,0.200972337885118,0.284114253348514,0.104699986531363,0.19064166382877,0.0593618345050345,-0.198366062289125,0.819226254047829,0.276208610166334,-0.0874484569411526,0.252718629719091,0.265732158815306,-0.0880997909978746,0.170531981962663,0.236643695258196,0.281252805164889,0.354862144397814,0.200314365515278,0.330895625062825,0.273751316262314,0.115085110237368,0.318290316810198,0.181020789491512,0.336860686710416,0.124391376092784
4300,3,0.390771893469521,0.0128857422654315,0.926602266882084,0.196795068078861,0.0659732985011216,0.441262590427332,0.195834964136254,0.0924059004467147,0.250145492242166,0.251785028563671,0.305877245170391,0.382469243541795,0.109669737277733,0.0999892092311508,0.103304692076108,0.0203464446911014,0.24274192690134,-0.248677925830723,0.353058322584814,0.71134003629401,0.317227715493115,-0.0106250618114432,0.0143105637378688,0.356632692607493,0.166203511013779,0.204112205567052,0.41717405650765,0.451731985461246,0.257545851973401,0.155527783612483,0.00124719273237175,-0.173483458165165,0.832878580681311,0.380542724247695,-0.115081885568925,0.3228120677211,0.242651024211013,0.145799590718693,0.112648834498833,-0.0525707869767322,0.476813910230717,0.424347923284755,-0.01340688460079,0.127996705439566,0.361233488574623,0.0719880560715665,0.279150757339711,-0.0213262314521665,0.136114078554842,0.289187033205992
4400,3,0.426614814531658,0.240877712974849,0.832646365062043,0.0512236175939268,-0.0379996104498435,0.32538262848889,0.300152733568044,0.0482527291603094,0.427157542885967,0.12692293372703,0.259724843060895,0.555688230180221,0.346075093772752,0.148685805914285,0.191370334907691,0.0365456074700591,0.153596689281915,-0.379671650813111,0.244624426137916,0.555432635137261,0.267826483097835,0.337091728598981,-0.0290968111444058,0.140717621897285,0.110796360530065,0.186162707239089,0.363896702138207,0.230341027470145,0.299590388072823,0.156718393888718,0.0274842557687664,-0.0853171447940457,0.913766515635729,0.666698968493511,0.111610722728877,0.441229368848076,0.246582591347906,0.0799762385890131,0.0333188473071681,-0.0156507744824902,0.661858530118675,0.302891457775018,0.0723292668874413,0.164583882128202,0.367791747176828,0.0843044698434091,0.433628571450758,0.00783477845866667,0.0126675187975175,0.27406470319688
4500,3,0.330924622517448,0.288747446385953,0.8809970065264,0.187229934713702,-0.000420929088054051,0.366681013884395,0.277835669279114,-0.0173166564218927,0.480140494436777,0.0653569968457602,0.384804796599716,0.36623994724504,0.333937502739622,0.135544048520188,0.192720450805607,-0.0348723192702878,0.370298323987511,-0.278092832993467,0.21164708822451,0.310797129989315,0.201840648888751,0.445087492855384,0.294896962187359,-0.0809529172444729,0.228660449623257,0.065811820958669,0.0939144510722143,0.222867343378222,0.388502589886702,0.238766687513712,-0.126723260415483,-0.0165910349677785,0.91934908869346,0.50311812650362,0.282259611721506,0.384702055368153,0.373144864768042,-0.290135702965669,-0.172878448748087,-0.0136628537208294,0.422898220703649,0.297659692236966,0.0537327218534588,0.0679671155374419,0.234564436356054,0.16277486336332,0.407284444810176,0.131457615032052,0.136880113763842,0.337571072995564
4600,3,0.226215784710747,0.401644057152613,0.59532081969815,0.17142659058394,0.0844485757294646,0.261888077563067,0.25502057642024,-0.00877408223549109,0.157769834953397,0.201136012399728,0.355696198846556,0.300950812088606,0.228953577132592,0.137766573647542,0.166168487338922,-0.0439901797706595,0.428117140356828,-0.101668940316796,0.173930234820807,0.0653195162854949,0.121713111913497,0.428025445856879,0.673213051355601,-0.0163912605102988,0.48137677831902,0.0745934321106792,0.105599179837227,0.344777716121418,0.43234210941989,0.185772811865406,-0.0228875837019089,0.296869703525667,0.711912540294546,0.615315620788148,0.0382123080395403,0.54240564040502,0.174018665144054,-0.143410882072332,-0.0596458253735108,-0.0254613656753179,0.568087469577755,0.28726210795877,0.0723460223185274,0.0899506047602588,0.374417351933953,0.243627740043766,0.314668487743657,0.353094934629472,0.212919792119339,0.161081233990162
4700,3,0.125665764637391,0.750267394126906,0.654020549699795,0.318260210793519,0.131941846661617,-0.0133279223966185,0.337289790628795,0.00944949771250186,0.262849010288802,0.167395472631318,0.283384174710483,0.223336042514452,0.173927849282979,0.0587033453349776,0.265161847618559,-0.0870819334158609,0.622778469535125,-0.0116001795689106,0.300834553520739,0.21801034533323,0.269088543663857,0.626009798962076,0.536234557214589,-0.123541618023175,0.486767981122636,-0.0829421076849479,0.211161609511437,0.136350155173594,0.20380561600577,0.118696252804773,0.0642197872395646,0.282520188654277,0.559483335013717,0.451142730774911,0.456964499989705,0.525811640774946,0.165877510906187,0.174511787966336,0.0303880823027969,-0.0515273208145923,0.495167463538605,0.139358620403567,-0.0019019238678416,-0.0320464974722992,0.279149545626642,0.249718889390934,0.39945617176277,0.432055928226634,0.158749022568457,0.223636689742523
4800,3,0.238426426033193,0.43726121720422,1.13400262053858,0.342211759663283,0.211670595196984,-0.41948147748263,0.629993053177912,0.0187360617631819,0.216222938256863,0.207701367257518,0.150300520435341,0.232977998978854,0.0476758352761637,0.0702516623949484,0.175526975977078,-0.171869125110801,0.675074216884815,0.134948333480943,0.24799370264434,0.109011172391326,0.258764980006008,0.625740583038525,0.212058798616084,-0.317051018276587,0.502433839463379,-0.0226370856506958,0.189573483511676,0.304276700704125,0.0879555716845773,0.247187280786873,0.00817199460932033,0.27036838970194,0.369938449552114,0.499538136185521,0.574456136128271,0.465160346067479,0.347682892850462,0.147106869433188,0.00839176792884774,0.0190733072848482,0.459504264323125,0.144800400587407,0.177482340941432,0.105078178383557,0.271638542099264,0.163754779011806,0.251384076291771,0.460750193625115,0.440354152050137,0.213296096790947
4900,3,0.254447973146452,0.785892726767542,1.04986165326601,0.180443758661917,0.184870867272672,0.259223698761685,0.625221591285432,-0.105115957206655,0.294444221358484,0.0758771971710026,0.0655173744295481,0.15093590510724,0.0213927943479528,-0.0241607440409962,0.214372940882358,-0.19753052104035,0.608679430541854,0.451683768466108,0.0175405570424805,-0.00779539477136632,0.223445921969568,0.658865169798104,0.281628353593682,-0.305103794268679,0.508441514039663,0.0125321474823529,0.0913791649017515,0.290599639767469,0.118596191573849,0.312254127758518,0.0797501021311119,0.247175861340196,0.17326880948881,0.461621393133075,0.652127845045272,0.458922939590967,0.57566344609081,0.122243886821407,0.113600558382321,0.161633997502439,0.166828654191017,0.214864623868556,0.3375425032241,0.0649396830640718,0.411044285257569,0.252588098897571,0.688058359920322,0.251791059576921,0.58969517896222,0.257669044041519
5000,3,0.0883049391148103,0.437078222239527,0.840548296682543,0.264391075099637,0.134682037950313,0.32075408469157,0.592009176711198,-0.122365221916816,0.256513636560991,-0.0539790205795974,-0.0578098243263773,0.126934552747701,0.00624182215202099,0.0681561665464193,0.231255306567006,-0.158446189083868,0.561384547926285,0.564394571998644,-0.0540573456061401,-0.0532419077610775,0.263206208155887,0.533278997344867,0.430916224523522,-0.128501959712516,0.518006883234448,0.200782947935862,0.0594215021012313,0.385555522721998,-0.0119217103436347,0.576417984653276,0.130033002688668,0.281433613020243,0.180611970901387,0.188792137009792,0.61681277830404,0.438070506278053,0.556687920452829,-0.0204132202640655,0.244325093383899,0.188317805610437,0.168776882526643,0.276897408845481,0.724025050392564,0.161342710356629,0.497758318980752,0.299519839510582,0.312794217476855,0.1871102811631,0.509050049741555,0.263576098851108
5100,3,0.158908792901388,0.507978319906838,0.761394561952795,0.311000242953284,0.218221427718444,0.237378928088873,0.621959401599162,0.0617795950486474,0.369528048133313,0.177746407555394,-0.00539270176530268,0.0158787161790641,-0.0319958282155527,0.257769162769605,0.174956886650463,0.0732369194050529,0.449327559191248,0.629821983920642,0.000553527323666453,0.299109946577655,0.398291821577002,0.425316967884037,0.434219513768506,0.230561106016897,0.451544195110114,0.243018892054275,0.0779278460771521,0.215145482636539,0.286904866198774,0.29495686788339,0.228165238901286,-0.0425272215461208,0.389378320249016,0.364784655843951,0.65879886548295,0.408450723665204,0.448772642689174,0.0258261825080504,0.347171573777003,0.257624650008795,0.400973889551913,0.0686960580680811,0.731802779483916,0.224629125845388,0.569162001391696,0.371815203650517,0.0528866172416618,0.356029366554216,0.615210366272171,0.305424083751775
5200,3,0.0611350731294249,0.204961315505759,0.482644972927156,0.282786776253768,0.215742424448375,0.257900354662324,0.701002612024753,0.313632213465781,0.666933912834669,0.249461589147349,0.215419033472915,0.255385539160965,0.233707279450715,0.229185633786101,0.352485163445584,0.22848109695961,0.504714467325691,0.558686505063594,0.155599778277576,0.0712489359292865,0.572885391177651,0.453237242305713,0.32824081097398,0.29635495366024,0.514700428574257,0.249864682653695,-0.0446703365271956,0.347617643148145,0.574513764024639,0.113025038800585,0.135342748453059,-0.169973502083943,0.182894339345829,0.447918331154835,0.618587234354526,0.610474463548006,0.273717042472853,0.260767537375113,0.311307069161845,0.204723846493929,0.253856291958441,0.0504245229614488,0.704779962037114,0.278869907298038,0.378023441227491,0.340826635544174,-0.00481905412257957,0.42108980285881,0.68269126293267,0.338718201076932
5300,3,0.118465851993357,0.326206656417597,-0.0245418605516612,0.138521853808968,0.152870435192255,0.357531723432478,0.607701348863498,0.457294567175986,0.47293883227263,0.35436403342986,0.13143845609897,0.272015188254214,0.124913610381787,0.252452748660345,0.420156149660439,0.195761131837052,0.375569717641531,0.237882103475717,0.165730031341681,0.258935477745226,0.585363248131635,0.210236003588525,0.479151132762133,0.244365527953107,0.528591047889515,0.335898562396676,0.321826136708795,0.123027176302494,0.53065822328507,0.22623668940586,0.0980765255569211,0.0900570293486419,0.284649935892213,0.452459655310095,0.309343394486657,0.579007936678126,0.315604583598002,0.419583941951065,0.170019996163637,0.239536678518555,0.062058275779475,0.125848341059484,0.593929823211741,0.408673564557688,0.117696791650811,0.421571469169913,-0.0633913081754643,0.256316613006478,0.760172310426401,0.228313580976132
5400,3,0.23819448715418,0.90729969884675,0.394583596720365,0.17820319102981,0.00475667277262343,0.179480448287732,0.694702674118051,0.328629011039907,0.179744497382988,0.226615442547517,0.178035375171686,0.333773829997247,0.33640522051961,0.328187768775247,0.30695452730363,0.144802696415573,0.130763647700009,0.409172881775989,0.109298257022016,0.658695276965741,0.5926029325133,0.289098591565429,0.382316997665248,0.085927436599543,0.417673784398089,0.214473415195549,0.298676502927038,0.162224352682185,0.278406897057612,0.161282018305831,0.100159098009985,0.197784593814964,0.203832557207849,0.58068438149995,0.361823694300973,0.622612657251843,0.378195578402197,0.381165826782515,0.38767203294097,0.249509116978379,0.520371259317553,0.359351460910429,0.398472327686698,0.209815364223015,0.444411286310913,0.472933411901672,0.237036470915399,0.386045066740769,0.650542677591025,0.281281737032005
5500,3,0.198208843499558,0.655473143030757,0.219501990214911,0.270301592394023,0.00810505254034219,0.274343310300074,0.373497546137322,0.452818859704476,0.399155519943766,0.246450093497586,0.189801741070629,0.306007101145541,0.429303645411347,0.332647946824819,0.267309896803054,0.216112554183444,0.177741862141591,0.151883022225811,0.102955811934667,0.233524550372811,0.647918436171716,0.516566041492506,0.851915367846288,0.46255907009946,0.402010074056477,0.262564524376697,0.197079018120478,0.523209722909621,0.043806538052415,0.18196615070658,0.0906563803171605,0.180027100656014,0.467428948379375,0.612673115543984,0.334173208128834,0.635477323879245,0.260623508683396,0.390883281504212,0.407675025531046,0.218250178126396,0.642679624392926,0.560689380794266,0.291630676288413,0.210027875362408,0.44805345336641,0.321392618152248,0.162411173890768,0.328919073512784,0.504800760063841,0.278754384884484
5600,3,0.318286693543168,0.54620791682558,0.370207723801752,0.250887370161527,-0.0326470415571719,0.478347342448602,0.49078049170087,0.436225986619691,0.42391156616268,0.136914403381032,0.230062130295186,0.33983921904325,0.0622634916069153,0.415704293489681,0.216481911997329,0.102122874267719,0.125784576619779,-0.0986955808625432,0.182661355709818,0.497324861492673,0.55050373608767,0.424123083130263,0.784668074055393,0.222065648738033,0.27622035390429,0.188061766859025,0.0791020707189505,0.531957438069057,0.255633851757598,0.35555608274212,0.137988604245874,-0.000388265563557727,0.401507254685972,0.619153564914682,0.474829689738914,0.720409112653625,0.188935866873311,0.243295376637401,0.471486899050863,0.50208599034482,0.788783828737115,0.406168504698128,0.345163471010384,0.406861948042692,0.667135953127782,0.323279970370229,0.323007206507882,0.357344254522248,0.552567016611104,0.150077455910834
5700,3,0.35114121283734,0.639637044647974,0.169606276537369,0.397696544970125,-0.003311461737983,0.415824933070666,0.343248514713725,0.698297485663667,0.324032067915659,0.146226476472405,0.194451732877996,0.077257369347207,0.224938088929814,0.444673254254701,0.13806081264944,-0.0401081795329833,0.230363027255801,0.0223925859264524,0.220562786013123,0.438362992693117,0.61065642673627,0.308888981008865,0.618498700381891,-0.00787765952183248,0.199850793656352,0.0835455708148286,0.225438240576044,0.59037069893152,0.0745305058441275,0.526796827060218,0.17277894814119,0.115796253317394,0.441783490523103,0.736300467284937,0.609663190137886,0.821085701826636,0.224161202453608,0.651448952037634,0.534816516867362,0.444738851409535,1.08716001953719,0.458545199434618,0.434461499217938,0.43289459142943,0.587688658042288,0.359104796763932,0.470926808790433,0.517146381375643,0.423403289046715,0.249771918022386
5800,3,0.364299110613342,0.404766804706064,-0.0240412974440453,0.426257854261052,0.00759920395708333,0.501054374653564,0.445922315650252,0.689186823456937,0.579199644093143,0.192081195868294,0.238500756402095,0.283383569667696,0.410172470073301,0.30468921010725,0.278557034430942,0.147377255499563,0.169569488021251,0.129641545792266,0.163057603838169,-0.0543270656193242,0.692411268589869,0.245869892234199,0.767221062328434,0.209176527771183,0.210709036780121,0.143616781342402,0.0544407773757909,0.826735908383162,0.393672600351342,0.596174462609349,0.234619840170667,0.481360155132799,0.56915644233699,0.68994737645308,0.473981855098792,0.739589647424786,0.158625501988292,0.722122598980275,0.65124949662446,0.230751537576067,0.818216557545571,0.537698590617647,0.499964400299426,0.334734903002641,0.504010330557969,0.448693636420588,0.576113408667273,0.400095547501467,0.0801455139480608,0.287527795928001
5900,3,0.379255287904627,0.0104198614021044,0.0739470401645948,0.433485507461377,-0.021388837417407,0.324306050518757,0.167625950806346,0.426387718534952,0.244634749988293,0.31707849826312,0.255470075556008,0.424442421444721,0.308358873068882,0.239114092940509,0.563625173059195,0.294927440051581,0.293660112336941,0.444256453322214,0.273230923956062,-0.166723480963551,0.382024145246537,0.208925446810695,0.689275783654086,0.179804028148776,0.142887803828893,0.151933415363787,0.158036771094113,0.720852415575705,0.258317595544812,0.603106767066219,0.28107406996946,0.720020117041852,0.409372080724451,0.628622771974934,0.281477384092594,0.489426951465483,0.0213116347625061,0.423206747557783,0.575223280893856,-0.0517407690559571,0.80673605179219,0.549932351206956,0.333003071363779,0.270597070094092,0.413516445084722,0.433554535549599,0.19204618893324,0.541627905742881,0.327897617466897,0.326227153875982
6000,3,0.319614525457587,0.157886004491487,0.0876850750912911,0.534314606494627,0.122689146189523,0.722230096671184,0.0365481340179561,0.58691603523139,0.225691541469585,0.19615519450366,0.221091728093168,0.193133319650217,0.483205046782896,0.264619179691361,0.40396602041287,0.255101219385509,0.20688807753755,0.484779704238844,0.0249028268726598,0.799906622181037,0.291960717159734,-0.0192453950977338,0.428301132061887,0.102714371905812,0.132693871669626,0.162157210343364,0.0539053001341965,0.466252877738676,0.184108473990047,0.558690272135536,0.261821867766759,0.786960636120909,0.442709470443752,0.776344402143546,0.346319616391812,0.21388304620806,0.00156067421034861,0.702011882109657,0.444204857172895,-0.0452087525463499,0.80781707559004,0.374086941363316,0.0904531464031182,0.188307264644084,0.485637981140166,0.466084341932068,0.47946870361893,0.515691347240352,0.00474149899013002,0.305240916706458
6100,3,0.235727614056306,0.28477807392214,-0.110670095930967,0.642367480061424,0.260915424266079,0.693707037238492,0.167964386711363,0.630322089083507,0.215781771434849,0.280476557373876,0.43488020825474,0.293651155857873,0.644665126378692,0.425674802230823,0.515984751568549,0.175773095551173,0.165178803112233,0.243292250657592,0.00742883504006095,0.960941459956643,0.215152213120595,0.0297707070837398,0.451230548977918,0.454300114750936,0.0388765765129648,0.210749595033533,0.013984063756935,0.544045693469229,0.148361917614106,0.604909837285224,0.171711558419217,0.905379751244667,0.446039685765203,0.772219383065761,0.378165786566553,0.315344582515285,-0.0216337585624046,0.430194392949869,0.263434876993797,0.297695210393249,0.640125032953132,0.34024112988339,0.237841660471883,0.0203468729376984,0.303585727179742,0.328568889678464,0.300265183629475,0.524898531716657,0.235162194985971,0.351574569498042
6200,3,0.16450887581209,0.0773136747024165,-0.290659638629101,0.498161291761289,0.25865558354664,0.976833179832252,0.276505894937998,0.709810170727354,0.0753423011166826,0.238920597935686,0.474464083478109,0.338717249027503,0.840197957358563,0.481811616373012,0.800718670957511,0.273137727648286,0.452280177624746,0.0579313028383311,0.105994413390671,0.65711377492332,5.01926388374319e-06,-0.0410534606378708,0.355885391001663,0.266513386696199,0.282164699365004,0.350397958178598,-0.076965306786164,0.511545543031504,0.268752749167285,0.399333782391846,0.183633505876639,0.733380086169299,0.644658364456964,0.372224327768997,0.316213983005081,0.632600719083496,0.11306187830868,0.747128141805228,0.31721040380147,0.286956007947212,0.325410071433062,0.292233918360443,0.538477528957158,0.0568319448396815,0.303694935319588,0.199877905958883,0.157259168254871,0.223886823580439,0.198179349252232,0.359815728830452
6300,3,0.305810286000314,-0.141593364999959,0.0207882035938447,0.516188328244006,0.332162021470039,0.706430093892408,0.499484607842009,0.620362637519962,0.205668122206839,0.334308161727888,0.768906442974256,0.596447125461742,0.443389976082462,0.364208322910151,0.972467185101669,0.460312663553028,0.436906380792642,0.0166388964842208,0.267491963460623,0.767490919905054,0.233218728905619,0.0743682149733118,0.454860978870286,0.513302629197997,0.487275309458356,0.336779768438256,0.185173647406314,0.558426267214279,0.457510932555519,0.462239587893173,0.266181506716415,0.692088273997339,0.480450688187268,0.312174320565997,0.532673493993521,0.509541733185284,0.249158035241973,0.830292825842604,0.276534555845732,0.0777216328343158,0.557550909296839,0.297249882959267,0.574112593053148,0.201830394957513,0.20550109191691,0.338211829346604,0.688670999234862,0.479600901007087,-0.0277648486812438,0.367378205418714
6400,3,0.086897256895575,0.138937385764645,-0.327056912587566,0.290284436972842,0.385230246626285,0.525964752883303,0.314464392490482,0.605694338477481,0.241909641513151,0.55381678443108,0.903314212382116,0.920991399442771,0.346663479146238,0.4026638864958,0.915637498708494,0.472294170349885,0.337995570789435,-0.0533773453746108,0.376929000266886,0.791803787385235,0.342218008724018,0.183334350346403,0.541490468127389,0.477881822130419,0.343151022234351,0.298841875498043,0.190577915814044,0.418266987245785,0.222223259354916,0.358996415070723,0.199260817919753,0.631010185480694,0.713814403547271,0.707441095965364,0.550753373585009,0.485759844879813,0.347194201981781,0.890505421876416,0.180676003357582,-0.00708788624873313,0.937822534718329,0.359750116288971,0.38423394976913,0.264373177327182,0.269574406235744,0.290702685189874,0.453621777457046,0.429787955619529,0.00550301251187937,0.386165763371073
6500,3,0.152450035856249,0.456584769042037,-0.233978531890974,0.22138454386241,0.335069826387826,0.2509385830433,0.492341202641299,0.69417477897597,0.264462956728,0.719082790597121,0.74444995308712,0.879929869251602,0.381206480343331,0.483922128255374,0.594523997170368,0.466009938090926,0.427310302839506,0.147202036097044,0.328318680696562,0.71440629935318,0.415142598159882,-0.233160419215491,0.47100748977863,0.539406147971525,0.24782652254682,0.43527784622632,0.219022819285004,0.467602369029955,0.243675605715938,0.103446922249942,0.423526405808802,0.780540984500654,1.0997997664439,0.15662735960202,0.338655740377843,0.407271949111434,0.367533420098265,0.632040723527109,0.139606735050778,-0.127849764936155,0.574235548987346,0.397166376175189,0.474655651066496,0.460575670907489,0.443843778230251,0.298871493749103,0.273651327774191,0.560215076865665,0.0997897544954372,0.448358226065495
6600,3,0.172210306866557,0.474917071086503,-0.232830226043313,0.378072131257272,0.375201480060411,0.188722775614565,0.10958422019071,0.516118675801177,0.516580909442347,0.721137276990731,0.695381871744598,0.81593563986456,0.375039169204577,0.271670146817058,0.581432466602727,0.739638137489277,0.479870332946794,0.26944160178719,0.358261199055391,0.785547850649764,0.26131679089516,-0.144292457677939,0.371411477649687,0.86877238590688,0.331746858502416,0.363495662362119,0.299934373694929,0.631088675099146,0.053540048581102,0.123909018891662,0.464816987557298,0.399914186986429,0.817107150931447,-0.086964612542503,0.051034305962494,0.368896013447814,0.328066607602011,0.821817911019216,0.345379613972998,-0.23138829454636,0.323231992796348,0.322007610948677,0.633355673278365,0.396014088819395,0.350108604472171,0.322441366535653,0.400222345222757,0.413177881975945,0.0363908280558847,0.320144153680862
6700,3,0.260564188989655,0.386681956780765,-0.461938730494988,0.492307779980285,0.244328191407883,0.391936620330448,0.219722674325952,0.524975937572119,0.768215458915543,0.661730026770764,0.627942139421203,0.568973127336577,0.49072957685291,0.243339243517097,0.439176155215808,0.861559085673225,0.30438014697931,0.122200366107485,0.124665969228495,0.761180828113801,0.327247510403079,-0.145528750324788,0.443538526235444,0.797383523832925,0.50721200714616,0.207495084792501,0.403568881023225,0.702647377615457,-0.234615045789656,0.0518652110697351,0.458286761614095,0.428018605439325,0.72901189703784,-0.228479865793543,0.324575131012852,0.334048975805089,0.424397582183233,0.928342343211832,0.327278574193224,-0.0906156461849035,0.281306358104569,0.286188974850137,0.560498481119073,0.336182072261275,0.317304818932856,0.267535548550495,0.560816518814099,0.261866606554056,0.225823346431785,0.289759369078378
6800,3,0.274754849057091,0.665385173740752,-0.397909557297324,0.471507638183893,0.124840159753747,0.34686619181332,0.0319395008180994,0.433402427600637,0.592117268329592,0.669642324261799,0.664081404870597,0.343983478501682,0.372730413439125,0.231346101666018,0.430203323796295,0.643954007029467,-0.0138126062213777,0.403074977972759,0.281914996863297,0.882492637938883,0.395495062083235,0.339418882603332,0.494388317597525,1.07188606555235,0.415727229642275,0.175805440423795,0.548743389098644,0.335848327219732,0.0513150598907741,0.250564518653471,0.288196679120422,0.382425164069569,0.661374841638583,-0.198410064528985,0.373127536369973,0.329263849713334,0.561521008108961,0.907343919163802,0.275907981728452,0.174164022494313,0.782333580200316,0.265191467119675,0.860248982328226,0.365522257762203,0.211568835347197,0.357130240001581,0.600887326341959,0.366565864588986,0.348551300960946,0.241986225906343
6900,3,0.35313767062773,0.723909723201586,-0.108838719467524,0.324496254717321,0.166530560129482,0.289978548820587,-0.0145132235968702,0.450862469417649,0.441126421349665,0.550292042001171,0.825364701968051,-0.0133418085826158,0.383942723373771,0.097307607931671,0.391270454776588,0.55098131542901,0.430281001546801,0.562316062817149,0.262224342576513,1.29269857618358,0.460061307465292,0.610178521378367,0.383596988332274,1.00513873169878,0.441625163482353,0.175025737607448,0.639090780861477,-0.169610893178023,0.515015753008777,0.315535389800108,0.452835875493311,0.331202222497841,0.535722879147165,-0.0133291695903253,0.595297321631947,0.381378209882946,0.687030855287174,0.773528573779973,0.378293229750379,0.117446103994695,0.506249606990542,0.47466418605108,0.660767601650542,0.1901613835853,0.154485775094776,0.423915921999672,0.416920306354384,0.4245795726487,0.323585546177178,0.275997841376986
7000,3,0.4745859415338,0.901478253617294,0.297121919129383,0.299702876511396,0.253841671497347,0.573671702580559,0.125061359479515,0.334784316801735,-0.0163987207613863,0.59668103944362,0.618571695121252,-0.083688435118811,0.154069279186868,0.181922843162783,0.559049999439058,0.598642993724944,0.570125321290753,0.826332393786682,0.391086026841917,0.837398680257421,0.571976200034853,0.735288681065304,0.349491764243466,0.980583898792097,0.424649597663901,0.198109692458402,0.691397466977252,0.0633003924239863,0.301440721489579,0.18379871167808,0.414735666415249,0.229519537034366,0.511811676682625,-0.245523932538944,0.386180092512579,0.442793959857397,0.60683073890446,1.05348330867549,0.586955665169713,-0.173264789900019,0.332925218876155,0.200259662784058,0.525942554267057,0.0432680587417188,0.433996570657589,0.368309375468733,0.430766117527642,0.600983884818271,0.36949395200005,0.35703551772771
7100,3,0.49597035470493,0.592600623421615,0.574671540160954,0.176447293677145,0.164745859752698,0.62791125430042,0.325667453525614,0.248732515803541,0.333045540480057,0.512346428462234,0.557156073410208,0.149301888496795,0.226352223129685,0.193495717563686,0.697336874436332,0.601384045045312,0.575135368658983,0.881158887437503,0.347910164963413,1.03774742918515,0.609260539760539,0.416671976294979,0.577794377204314,0.757603963186946,0.428016695533456,0.242654132760973,0.663365655999852,0.512687557682491,0.370290956621728,0.398310201525828,0.531868453710335,0.212837152490627,0.362639540517245,0.0382630410011527,0.438615239382798,0.470686410890927,0.177854098170889,0.528761154574137,0.374931064198113,0.0802710483278719,0.210407103520823,0.158577458382665,0.933671794236384,0.0786542792067695,0.495570560838459,0.342943868465369,0.544076828582921,0.306650902955615,0.206640434609256,0.352888565343939
7200,3,0.478903742724689,0.507358096811271,0.830362107658568,0.212607245645167,0.189656607551465,0.728970797775022,0.122533068088455,0.00654205337059099,0.423592977418978,0.456801207799688,0.628934952517725,0.100163372907146,0.53715493524327,0.336204338287634,0.719284019311478,0.520874537427198,0.345287711203853,0.684097601874859,0.436845004479027,0.527533680960242,0.269887249661785,0.274934568236707,0.477927419956301,1.0621763610944,0.447711004527264,0.367575259863461,0.514285289229334,0.61715336598828,0.713349892419184,0.67478258822909,0.506025336618328,0.161274159267482,0.449417102671309,0.318538253358008,0.724815922782144,0.43065463885446,0.310512865913233,0.774527528373373,0.380250839891685,-0.101173815522796,-0.0704067066653695,0.331299044139661,0.82921242129843,0.073780862195328,0.374409218892124,0.417725122889772,0.515708333744836,0.150120811392637,0.326843898784962,0.374525798934639
7300,3,0.473228248077808,0.305904469895184,0.600831226566797,0.121241005328314,0.203810314210192,0.66634425020422,0.382331819438738,0.251633462553368,0.355795823603364,0.0782834459285306,0.616120340057256,0.213345035171858,0.257243504389483,0.453853325284808,0.67835029123295,0.588783129617076,0.351108707577251,0.814940128103291,0.492330004046333,0.675507181676762,0.27851892523308,0.229589847460658,0.38500970227702,0.392532315005302,0.492599145837337,0.391508991061491,0.616443386847241,0.560418831504241,0.418668587664721,0.476727987153522,0.55586776804087,0.563216811553426,0.717236325557469,0.31605283678564,0.719758070690433,0.43266873808663,0.27665536086482,0.900636059718048,0.270740373233905,-0.169848201561411,0.382718363484972,0.390953199242136,0.523262071654716,0.228815524086087,0.276893554911974,0.291265639069633,0.435372813127676,0.418457037236793,0.380697608417879,0.471739406455646
7400,3,0.565503830187483,0.585512528497393,0.253925736243533,0.254220894518549,0.186425447592426,0.511092140284665,0.722714637416548,0.302512299836693,0.290338782463055,0.156771378685773,0.479312768500962,0.0435041029936595,0.179866753415378,0.571008246244646,0.321134935864282,0.392910969483254,0.456452939230916,0.837316496482198,0.622582976839885,0.864166241381805,0.1578325753897,0.447640774053995,0.284137818672657,0.474781405414886,0.371814252312323,0.442763109175659,0.348306284829358,0.349791437584479,0.561801737806889,0.434466859949468,0.338433936887521,0.642215294491223,0.264032158991484,0.555654677051707,0.910376131975097,0.383387027140846,0.387491009027174,0.854411657216137,0.325525544742612,0.0196320159214678,0.243340959942714,0.338007442663499,0.377958485135162,0.381974852107117,0.0215514982081876,0.41639980377208,0.497030758477138,0.537969775079181,0.240112227446818,0.499378915703992
7500,3,0.398270366847487,0.451388730034132,0.0385887908084439,0.233458421701135,0.363749510656691,0.38935567691907,0.637216922551424,0.403427903773569,0.20205385255069,0.073409988667259,0.340163562294698,0.132395453000533,0.294817960490444,0.562907115136227,0.659701405951855,0.293524554736738,0.529673443757559,0.547773867584563,0.52970059888599,0.562627845430492,0.316358205395702,0.805120374847587,0.352541696285949,0.386502128205913,0.527755038447745,0.461431579625955,0.269238525072358,0.321974922009828,0.609575657918141,0.153186697005118,0.155900319076843,0.653957609873819,0.222652085707949,0.0580008332529899,0.595683751168737,0.509608415818136,0.333478809834751,0.510530597901455,0.224585481543966,-0.0137564862550381,0.0890900892491972,0.371946064713267,0.0616574817033711,0.464528150202317,0.0178692548446362,0.308838352248238,0.369093637902285,0.448608734370808,0.685414263508136,0.519684379463232
7600,3,0.489237835095141,0.384471979538246,0.148786801231164,0.229667518781821,0.24614004976219,0.324159598865455,0.394778537912345,0.399089745106155,0.517942894218128,0.0627608054897671,0.148458857060559,0.0884481685678938,0.32275286051978,0.489471550404627,0.46356387427612,0.295280375205299,0.629726233239479,0.429278050364968,0.43312411890062,0.500031392248115,0.146470564066029,0.634834206334078,0.227661393916884,0.58540985623531,0.666233701532664,0.313217054511818,0.21769259632687,0.052454832907463,0.485274872959261,0.243421043056738,0.0344025810202553,0.41353665529643,0.37593722334433,0.08891733995073,0.635104837318506,0.614199781105322,0.126717136902323,0.395989276792075,0.424733862714118,0.188005911769198,0.163507927021127,0.339014621268335,-0.0685594423779191,0.59577794667826,0.0224173186010761,0.39447271989184,0.631978359335435,0.394215657911016,0.483695387665342,0.412349492687537
7700,3,0.390849380893289,0.181014336243078,0.513986149919839,0.117905099345264,0.203260896127574,0.567153753843731,0.435817560955288,0.385348701007879,0.601489460449985,0.463437936127714,0.0522074141030534,-0.123347558432142,0.492343245331483,0.546141881809517,0.256533714071699,0.265589236137339,0.509016783929874,0.902375596805182,0.174364166929767,0.581569512691028,0.0769192528055706,0.198830049055053,0.619361345597745,0.500655402015408,0.415020302872121,0.257228070578675,0.126447760601552,0.254741869046241,0.292870454270521,0.344936044385198,0.28942649330226,0.342186605728899,0.133660409200763,0.220355044131664,0.422913666449729,0.512902899358164,0.284230343393423,0.585461927049056,0.352462643400505,0.109565994894444,0.474141211385623,0.34015702425558,-0.0397683117364256,0.428345334758249,0.164483053876433,0.334746150953188,0.994536666854383,0.255107937272354,0.420646578570144,0.305676259693481
7800,3,0.401288081073878,0.300003411856637,0.215413947877345,0.0589380836557396,0.173161876649206,0.662933760107224,0.255968282704056,0.228969207178747,0.786582511559482,0.329129743520575,0.385603379424898,-0.0210309589806259,0.0548616493127263,0.504694930063076,0.363674699130718,0.333817104499953,0.441877656507657,0.953474277056428,0.330046043988001,0.369325987573841,0.131137473634438,0.166901211748737,0.470394106863135,0.689922090823056,0.263796508813635,0.286285682460219,0.367127568003161,0.161113047229908,0.344756068387347,0.644725071944551,0.387741473508835,0.246576235442837,0.227898869228596,0.200735584813566,0.22550891044708,0.554903747114627,0.29957599026651,0.484035981779869,0.374835450081866,0.0137733838458796,0.172598744129315,0.551503370700805,-0.330789481841881,0.62976675299811,0.558774599287066,0.442189507620016,1.04470317536055,0.381802857168136,0.543545520190191,0.119350902074925
7900,3,0.366396599135654,0.554270468289226,0.00728322402568302,0.135237190513685,0.172855959797662,0.49304355069812,0.197593403884354,0.128913429875372,0.483285343628516,0.117846114772398,0.260354933793786,0.0721025137906901,0.134542903423248,0.330943462405404,0.46207230604307,0.195392165803857,0.35590895254099,0.869758104966801,0.419457672038774,0.307653054163202,0.127094551837408,0.0279303301882633,0.701848888444054,0.910175887472824,0.346926224500929,0.233695539325663,0.560899950371016,0.228480632502647,0.406164801028621,0.719230196282074,0.160581364131218,0.279051187922123,0.228629692096175,0.404162130557897,0.270329818927907,0.506763081561612,0.37986843735902,0.372667468175815,0.413563981280469,0.27950959795811,0.379603774891413,0.652043316449339,-0.0883430882701273,0.6434304281373,0.511334084080641,0.373442397680061,1.02562453263606,0.415146825221431,0.209819633642179,0.0132168562904734
8000,3,0.328725823862275,0.49587750789604,-0.384655689833709,0.177180588179207,0.309290783326704,0.595563259861009,0.148491874832715,0.0701909945492893,0.196912195232714,0.0673056689986617,0.383902617294308,0.304929713882986,0.560391073357114,0.274786478832787,0.169542835257968,0.359247082132425,0.283089383136932,0.947575935575512,0.662872418606031,0.385157352960116,-0.0521500070416649,0.0696767462506922,0.533044363959912,0.508901344654998,0.205794790164203,0.189845441956432,0.54583269640709,0.153964355237485,0.701183058909841,0.344710943189663,0.162763313719248,0.347522566353814,0.214387671683833,0.550756497759605,0.25637266176856,0.306669207323774,0.418012433122305,0.00313202334766141,0.364103419058629,0.247407695428065,-0.0218595650413631,1.0089944974767,0.186766522929957,0.563648020510094,0.286819787622538,0.300162694973374,0.952309188818221,0.486896587872336,-0.0460000910909913,-0.167850455478273
8100,3,0.423634980293984,0.299907611268399,-0.0723751023582993,0.296186386644428,0.281274155757625,0.425140772842037,0.261132484310298,0.122456526570498,0.127605658298752,0.258704501348791,0.242115943852551,0.087146508482149,0.424672877364771,0.14929508452453,0.293361631923122,0.320319533318866,0.164335435696371,0.991637622927715,0.558625204148614,-0.0845358886773586,0.173799956765604,0.0337497159914583,0.336440521362321,0.295905291478985,0.193508365706568,0.146193046122454,0.649510671835883,0.128494809636167,0.56256180824476,0.368185534162247,0.328197019670948,0.0697939356801635,0.561546260417704,0.415210812314187,0.228246645538114,0.123709154625747,0.529504586531968,-0.0765030369656308,0.40734330597729,0.513774034492633,0.0620511763846368,0.821517370842629,0.154357532131905,0.334573206669446,0.137722176377996,0.177405192346957,0.668963778760495,0.403789715290594,0.144617246604753,-0.0225117035906195
8200,3,0.493907182164304,-0.0837168328896944,-0.020753889346724,0.326666126142278,0.334208616207509,0.481533585633962,0.108007479169185,0.112531352807349,0.0145183256938836,0.264888128314895,0.0784599794986543,-0.0385894858061703,0.465118990949196,0.162072259509334,0.430216376522859,0.273843612661739,0.246639468013332,0.965383286735467,0.425160635325113,-0.20908963343295,0.0871618966673071,-0.0560609431940186,0.291703885348617,0.430796633153049,0.28571105629834,0.205212496312257,0.706840209388904,0.061403165753092,0.579124955150852,0.359765510821405,0.405579738302056,0.10736883140503,0.448616522508931,0.159435904457867,0.017311278001457,-0.0612562914664788,0.392819020164287,-0.142183525657383,0.638053171406828,0.525774584362862,0.0921272378929184,0.623110137698791,0.0183008373817201,0.398120042878909,0.179089913772156,0.268476193776008,0.32091447677485,0.375400325190956,0.292025578215185,0.00536124154134052
8300,3,0.391057087942442,-0.0566927350159107,-0.0571550698226901,0.320993630180429,0.367968672854858,0.33196367170092,0.242051721187086,-0.0232252912703892,-0.010128123148562,0.587247611415005,0.188274658234425,0.0938912880508405,0.409611395778367,0.193293154649147,0.17861035144889,0.438765012285966,0.15421000309769,0.346340108247293,0.32542419149361,0.130702261547583,0.136394113087158,-0.0343773151143301,0.239801641181251,0.613891640048403,0.325214285009693,0.186825320248782,0.622787952760211,0.142142911650576,0.562180006993662,0.190640471605311,0.270506948347731,-0.0610761772501134,0.44499249186291,0.493679378271632,0.0457001668487896,-0.0330965126890752,0.315278415294354,0.157217736698708,0.391363075725502,0.625515835031629,0.56423327081098,0.476732070292116,0.00289621916588106,0.418067688132543,0.198292278778414,0.255650669739239,-0.0484566258201995,0.400189441970895,0.311372282959666,0.138282606787777
8400,3,0.299496121493316,0.1601306993632,-0.0653415008624171,0.395160084861069,0.314950417997225,0.134368268785893,0.116392280715085,0.106674702303514,0.0295343790574657,0.654473389071155,0.0714416714458327,0.185491595820067,0.154393054895582,0.140661239856068,0.101839083477397,0.385562477431995,0.244955441237696,0.0875139864708783,-0.0811621396448931,0.317124468523263,0.31521818236898,-0.0416197640737911,0.310779709526635,0.423657311587556,0.246693409808769,0.392572952568371,0.612531427270636,0.0564792209478416,0.483807935927212,0.649809329971277,0.411721160248608,-0.0646456925605043,0.350164281965457,0.474143084490532,0.0373540478952565,0.0165924177058489,0.249140279897576,0.0568432592332784,0.120665387102018,0.544595648848749,-0.00977782790760348,0.343528503629969,-0.0193428287738603,0.489160923571008,0.266345239430007,0.330592599206888,0.372384809947452,0.10070889847591,0.18108154667497,0.330076866052023
8500,3,0.260500245229439,0.481816973500635,-0.251943209726444,0.273620833453793,0.372142633660224,0.0906974880220952,0.252938599294635,0.278729565068966,-0.138172892072735,0.49752278937892,-0.00926997663530779,0.0990608671142609,-0.0118635376248522,0.168235148073022,0.221079133581665,0.274088173454331,0.318994805602012,0.019293552614979,-0.0660388256119445,0.804001329867797,0.287019900761645,0.100642937545088,0.249443813154998,0.0968193750991208,0.307081655367747,0.272701080953847,0.449492244511589,0.0410350417480744,0.376354362257737,0.375231359644724,0.315248006970688,-0.0325499882208816,0.262679179282611,0.583057661012455,0.157002098439308,0.237991901364414,0.384447341320783,0.0651048743227058,0.297148595567801,0.643054496715141,0.0289507854084077,0.354220545616901,0.137924752841266,0.242098297016059,0.228854684494623,0.323418931586454,0.486818047643404,-0.047290510008978,0.309726227411786,0.400267300387617
8600,3,0.154268972083577,0.307120076138499,-0.0612049606571878,0.227373286506834,0.288681248925617,0.30971591648619,0.133025689200808,0.529082272576966,-0.104850002991855,0.502930730696455,0.0479617587218243,0.102202408038026,0.23106801138505,0.126743786898323,0.276194116244835,0.285949017923655,0.280959128025654,0.771630924513667,0.130506622804191,0.808425876929955,0.240446969585824,0.0319134779391115,0.0773152761604346,0.0475382042547473,0.072340006687432,0.267766278302065,0.550385942966005,0.155282694730406,0.430938489536673,0.525784353906337,0.152721432510301,-0.162957469793897,-0.00858218811723616,-0.172631447747823,-0.139442249095529,0.225258314436453,0.182497117383848,-0.239817486323885,0.257268026083937,0.338040519692979,0.467602545386333,0.412412788948324,0.330746547931099,0.260904529318933,0.326617154985958,0.268377484092778,0.270156098111796,-0.185327589175487,0.384149313588413,0.314009607074622
8700,3,0.25190765093045,0.0279866142807272,0.520505712376437,0.0269779094446473,0.256600861231425,0.105659685008436,0.210428507299785,0.360698133351295,-0.113342986446654,0.577127823442741,0.250619455373042,0.237438220544043,0.19232297910945,0.100405548136458,0.0810831912713558,0.331630198054642,0.119964574367743,1.18250482506803,-0.0148376571057084,0.801561399118935,0.342464135970036,0.0445826319284632,0.231906661250223,0.0931258828123286,-0.0570109074910588,0.157813484563913,0.482598850696501,0.264694039245498,0.50115781201729,0.752195861315194,0.15847293486325,-0.217796974115382,0.0199551652849826,-0.0353289043296476,-0.136873481734786,0.256420789915057,0.206314121306821,-0.164724524859752,0.197120257084861,0.238591347473095,0.638906306759101,0.298037100000508,0.301749945321162,0.245374775096991,0.428206558937327,0.194061659281818,0.556320935536232,-0.226080286933294,0.262355057472425,0.229342730897024
8800,3,0.40424049312305,0.468801920932706,0.799431656287962,0.115863127867691,0.334797227884909,0.0216636283875753,0.215146714061036,0.214052431312193,-0.158534465197658,0.381000594022941,0.105499243513787,0.19150933352917,0.420005597232286,0.369961996663804,-0.295551828335392,0.300979248491197,0.0638185162540993,1.17090675247188,-0.00181333857713592,0.548207436670067,0.182989948799447,0.37491849645021,0.465487024424194,0.178578086588221,-0.16276359853104,0.161980932851016,0.389211249733425,0.402761088711725,0.696381535371371,0.403577429265853,0.413567479912164,0.0169865768198494,-0.248288155028163,0.280439317349314,-0.152371539936616,0.047817269823966,0.405706206776616,0.129718899987779,0.102060249393513,0.120914162281432,0.483652299439779,0.405925766880447,0.238550486486321,0.28994115231351,0.48922811621436,0.155327195829139,0.688416368554125,-0.19873129515661,0.418454314594913,0.281437542082362
8900,3,0.343041900669154,0.587546835061211,0.685212553236939,0.0799543247343264,0.305770579061699,-0.130128121895401,0.130115050306815,0.109577570004187,-0.133599936648721,0.248673911539162,0.079636283699995,0.282280268960873,0.44696645903904,0.181737163626603,-0.419819032272931,0.137030373898592,0.408221924495671,0.7407139448446,0.226588183788526,0.621482797389709,0.251671590416906,0.530162043305939,0.555361372914248,0.203118971876023,-0.0399687362409227,0.182902328488643,0.248352199302974,0.234572198519138,0.38608089833979,0.681438708234511,0.557093001281237,0.270538197914434,-0.281819852591481,0.421300530707572,-0.200009918326872,0.027733059777094,0.440817662887339,0.070746541454306,0.0868702511644663,0.322019917522014,0.145657319347498,0.546116379231087,0.121711137362469,0.148561488844865,0.416994524334321,0.229607354679607,0.553859681159771,-0.2538991822011,0.355711686797699,0.191208818042578
9000,3,0.30378555008992,0.24628767113673,0.647340203861541,0.0569067134300032,0.402203422534095,-0.0782729797685746,0.0734583606238191,0.00942304113852405,-0.266377464155598,-0.0110273481570865,0.0225989609450168,0.0762070383436889,0.477636500849242,0.0944771734522006,-0.368001474409429,0.113105636153208,0.435613431956338,0.844658017203987,0.486091732724621,0.543624865717136,0.241829595927995,0.159771438351813,0.517957370226007,0.314441682562791,0.104253660059344,0.320373860767354,0.0945143226858346,0.0320669798236946,0.263779076899027,0.602646109941079,0.465803258998028,0.258328756078631,-0.53151242064146,0.400702228426741,-0.0866280244910481,0.103865888812088,0.328686160086553,0.125964824509625,0.0268062887447795,-0.00122707163365965,0.0799475217190893,0.185231337885323,0.355441363087778,0.133372163703251,0.462133377960383,0.212390888592911,0.224254376680817,0.0841425234652705,0.358253720242654,0.136175366621928
9100,3,0.353120512620283,0.251057894707921,0.553964239266617,0.0981470028442758,0.368362187709717,0.0880442897156463,0.0275988727362056,-0.0837469934361005,-0.21292955210657,0.0280814189129594,0.0578859620774326,0.133190210035991,0.348889872089347,0.0929127216642384,-0.188033768202921,0.112200737858969,0.0191961380235519,0.647732641328742,0.390019236904236,0.431528914547379,0.140138190991923,0.191884010223966,0.148884702436239,0.264052832008738,0.0757367872224802,0.286119541172385,0.266299011139044,-0.126607793816135,0.270972397767588,0.569976622463638,0.369144983189034,0.0409347119120772,-0.624654632318766,0.521837465363351,0.0181123724228557,0.320917681844975,0.475734379859082,-0.276003683133995,0.145683478301433,0.0476507812000602,-0.427564543045236,0.354379491575063,0.533675945173872,0.189728720816094,0.371278449517246,0.0291524144041473,0.220707378692789,0.270192866831603,0.354823873785304,0.0942344302440641
9200,3,0.277365694782358,0.46726576145352,0.378835994438786,0.221023184868098,0.206823093546903,0.231485575621573,-0.249966654280895,-0.0768675171256954,0.129241892680808,0.240844131483703,-0.111258495395921,0.225622832339575,-0.02828692298761,-0.0149356723260682,-0.0487571995097765,0.356464450866678,0.0435505393406472,0.151177619118601,0.345578161150899,0.603992160266365,0.206188965647759,0.345959272600317,-0.0174019956404718,0.0136430701411462,0.164165042483754,0.305950988997964,0.193812333926946,-0.104709800385605,0.0730176094700493,0.422654387261307,0.388659564241912,-0.017048611471783,-0.597271327406503,0.471633115434232,0.102793427017347,0.0161419804650914,0.444704206502858,-0.284647510124112,-0.0388947248009609,0.018457702170545,0.068157663573196,0.311988694806224,0.311710883921194,0.375780850117696,0.450081163531894,0.0453457008341192,-0.13392226039712,0.0310705390245319,0.368805084907049,0.154076065666121
9300,3,0.205206631580124,0.0612899460596845,0.158577547614847,0.0676915740961233,0.245558394443909,-0.0974480546469813,-0.106008347183798,0.00346136877916495,0.269886361550661,0.124347904080046,0.116952960944181,0.282853963158827,-0.39187404914436,-0.0727525449573296,0.0362799774310987,0.30087667414579,0.119908080334702,-0.0300061202586664,0.302749009440003,0.240580185793444,0.19547008673222,0.16796744315641,0.20857832539221,-0.0400408456214352,0.0640681361360345,0.436368930064228,0.16304702809865,-0.133531428251163,0.221004033219816,0.460355519634395,0.264097567995994,-0.138123793799318,-0.601505579269968,0.329738337484293,0.0132283999360438,0.00898689814245118,0.216582040291715,-0.169902489949514,0.125638041904541,0.189427765160163,0.0759737598346969,0.335402057004773,0.314040505664047,0.136093702510281,0.407839798526099,0.162068629246359,-0.113456706925526,0.139042896710586,0.263539403710989,0.200036898033871
9400,3,0.164958219386036,-0.325609692500697,0.552500722638431,-0.00480346594886447,0.162978651652973,-0.0168663612716051,-0.32558739950488,0.108498074982314,0.397022361312634,0.119843552822318,0.185246055023075,0.174176253476385,-0.262127529494629,-0.0340494334675608,0.244523638395793,0.154167800446121,0.176816240053389,0.420478262235955,0.291509352406076,0.171899914662271,0.118600389362371,-0.035355451774006,0.246137210835005,0.0483158856655368,-0.017569902810991,0.420355453613356,0.222453173346316,0.00282395597061641,0.0381936680711765,0.271417135414897,0.236292053419864,-0.100532426645328,-0.31306531789384,0.0496242456955023,-0.00639946311778503,-0.131816917132372,0.0531583237964977,-0.220507277252962,0.200024062011925,0.190956616324714,0.108315284696363,-0.0736056499574954,0.296292108232374,0.149353082741542,0.442274931394316,0.162127165068313,-0.163378630091746,0.321223716469492,0.364001785061743,0.125446367184059
9500,3,0.195856834010916,-0.385164815675474,0.733519679591511,0.0551244046202014,-0.0347149820899136,0.00892180716808275,-0.369100159237393,0.047017984251661,0.332219234045896,0.332045903707279,0.242387045332967,0.310692195496646,-0.0301344456866306,0.0454236342463839,0.366853954040326,-0.0146296048591866,0.196389002658718,0.106671723725372,0.373466944553099,0.273875436413037,0.177185286965559,-0.119370164285613,0.254101801871132,-0.0963324308353609,-0.155479426998185,0.269523234801146,0.0454791995743278,0.00185756563042339,-0.071603435689417,0.281777332444517,0.37667187993645,0.011228080298424,-0.0204595842672813,0.19850422040741,0.187520706511954,-0.0894864894768007,-0.0837587438074207,-0.390247466339553,0.147910464075271,-0.147294048296633,0.119164498485156,-0.0767967004589878,0.250856570439195,0.249118563583397,0.422321355818285,0.13658570404117,-0.139265300314979,0.180684190246901,0.237666105594978,0.160318963484458
9600,3,0.269084544299952,-0.0111592456781171,0.406858971280879,0.175696298674786,0.0595107922843757,-0.170294791995592,-0.191349972405254,0.0109310299400881,0.340876682188586,0.155785373008148,0.131392671502247,0.356656233377154,0.116913975520894,-0.0852879907614315,0.258922387988002,0.0233297434650299,0.116349909276303,0.40403709646183,0.380632961933711,0.176782059262776,-0.0810073377877299,0.105014702645965,0.0547044544117742,-0.13667983798086,-0.281911347224663,0.0837558454495087,0.10808478728024,-0.0595687828701709,-0.0238454904545999,0.180066978299552,0.158212123316509,0.0363234153063858,0.0569600727287756,0.529176102446176,0.089591596490136,-0.2172980894418,-0.295933595348885,-0.0927085157029914,0.133279843009969,-0.132403625618043,0.3260303690163,0.235102731662824,0.458761309554898,0.226212485544548,0.42817430582342,-0.00454907092399129,-0.273906332588652,0.0694711359514913,0.0567738872973106,0.0535173245272248
9700,3,0.348630642709495,-0.110018583699144,0.436921663013854,0.126910335681134,0.136996192738291,0.14169426035084,0.0295694644112042,0.220745635348698,0.587742959699595,-0.0481702516315795,0.163258752857699,0.129599676733412,0.0367758798863087,-0.0421608461373894,0.26194981982185,0.112271490844173,-0.0688668422855976,0.416789920172296,0.0595315296864671,0.0538531888045853,-0.201177580235123,-0.107458110979687,0.204217006648155,0.0581769559705862,-0.0930680293937287,0.135478960507188,-0.08642063281312,0.0780524803807232,-0.0886203489310109,0.00796369368644276,0.0147187697658897,0.276032971668071,0.0771231416545038,0.234398919951042,-0.00933749679247783,-0.0142045954970937,-0.10303174851085,0.1275595661489,0.289121647515761,0.0364178862782578,0.00218110454870327,0.0462154884300145,0.147518503405016,0.195237927816585,0.411529381669964,-0.00573155815974766,-0.197061425409573,0.194954279649784,0.0452893450197307,0.023509739151764
9800,3,0.123886068897954,0.124461305219206,0.658199507204055,0.0380753293745947,0.100316425127038,0.0362392409859414,0.0131734630003267,0.133239787133885,0.187363619647543,0.0338087964121484,0.0594611699878068,0.0568869892902696,0.37597728695728,-0.0711294528300038,0.552900984051677,0.0753996167281658,-0.182134935112647,-0.0726283637835886,0.155392015233902,0.0527698287901031,-0.0590190209428366,0.0561589447880436,-0.011668787853453,0.163509581034379,0.0851387432975777,0.233921628388472,-0.1443051525707,0.14113114694399,-0.242780808193479,-0.00517383829082282,0.108846100737465,0.194286163167279,0.0293793292150763,0.0940171423552001,0.223795835288549,-0.257700496628037,-0.0608230801406012,0.129082828189509,0.25183995591444,-0.00674021187478796,-0.472780394367185,-0.0879839727394474,0.168686290031183,0.100362317039931,0.224972468646881,0.0495669091406297,-0.0929552518943573,0.0161108098168196,0.0765076525866923,-0.0173558179438547
9900,3,0.0339781633613567,-0.123190835769175,0.90039728972654,-0.122764269254215,0.0538035045525777,0.390304152400939,0.0621715712871707,0.0136892262754652,-0.317509324976284,0.0229956832741859,-0.109427624961615,-0.0709047819488009,0.453350002281878,-0.000409071885111023,0.152841447351116,-0.00711047503346254,-0.0282969043506514,0.107344958601914,0.0893231146159931,-0.230275941060032,-0.388482122179245,0.0817870752868178,0.109199910644121,-0.484618398309145,0.199229813011348,0.246819873572499,-0.185807279192506,-0.0576226076764504,-0.32098806916647,-0.0168082300706702,0.216441303060883,-0.0278232719413442,0.0510223178914511,0.438051581117037,0.0911875098242355,-0.110709751450076,-0.229981576713747,0.0827769511719488,0.0252958621491283,-0.0424962682892726,-0.482272149968274,-0.0632758435167675,0.187516217494325,0.179177647301773,-0.0520762122600933,0.00459471083725113,-0.161455749182369,0.158552982014696,0.0252337269169408,-0.157554378291767
10000,3,0.0491157197969375,-0.124743140964412,0.473544221875424,-0.0433707254085747,0.144298223824349,0.493392189712624,-0.259590176632006,0.00764520103624122,-0.265747677197637,-0.00876479571296399,-0.160310121319829,-0.076188626536215,0.141715084204705,0.0180047687412099,-0.0318167328138996,0.227163850669122,0.125852141909192,0.128887378803209,0.12083720973051,-0.483317735780591,-0.233538963676497,-0.0506063337037702,-0.263376252977123,-0.313796636182486,0.0369742079203751,0.319708333109225,-0.0300403933451561,-0.190977872823976,-0.277442857641196,-0.0312287801597001,0.0706188503788424,-0.0227285947068177,-0.0347298621863218,0.239375693295035,0.345196966562408,-0.0941038716720138,-0.135447021262696,0.057912905046723,0.125188289367642,-0.0419715631113549,-0.743089122473013,0.0111823714101566,0.16685700085266,0.224558343061736,-0.0677670877119451,0.0623287137815905,-0.322183987138445,0.122269854938306,0.0298312745797121,-0.203426259453536
10100,3,0.0462547751832368,-0.252071166842587,0.0949464704662699,0.0651536939416406,0.101013775961239,0.0620885043082343,0.0148298634848031,-0.0710310966973908,-0.174673096640011,-0.106390201225295,-0.150652486083288,-0.274137058164136,-0.11939038663859,0.123288857823161,-0.141864934326119,0.205671394451046,0.135321964845093,-0.014942075700643,-0.0354386209645975,-0.230734250922836,-0.274204234323,-0.23439216706603,-0.371027549058527,-0.346703334628158,0.114536798179623,0.22869425047559,-0.0619737978887172,-0.128066961996882,-0.209920501253653,0.00934044705485007,-0.166497301373202,-0.141475396074252,-0.368213251529577,0.338149201130317,0.415459059694339,-0.269767400862902,-0.269102589025741,-0.0686881319304957,-0.00379863733674327,-0.190752676269888,-0.539714067788986,0.0846384784847617,0.0484170092405458,0.295751330074881,0.290661648464764,0.0895939466360168,-0.402097672352479,0.0987478821040869,-0.0501969941212493,0.0152362214345524
10200,3,0.00316862826393063,-0.10458572541789,-0.616309109450894,0.0425294543027877,0.101450209396476,-0.0236536947929482,-0.0632486496002221,0.253182759455124,-0.257443739689297,0.0099961862323196,0.146608416368668,-0.409567514108806,0.125750592267405,0.14522907082065,-0.171191703736175,0.158471376172892,0.109949625387452,0.193570167270296,0.134343811942526,-0.194451125729764,-0.131507063804642,-0.517337743707083,-0.229559664463579,-0.186117853086183,0.15674666946531,-0.0689610378033538,-0.0253324374563445,0.0234365807308971,-0.0297601052151004,0.129933180734138,-0.164391547594133,-0.222312477629794,-0.23495214187397,0.267632974973352,0.220314904466878,-0.0590091298027039,-0.199705254212368,0.143675796518437,-0.0727748421370032,-0.0536042650835067,-0.209993649476927,-0.0508521933155085,-0.349988167626768,0.28742475359778,0.0519630032418784,0.163270293335695,5.05599392685852e-05,0.0909613200226125,-0.197308522487899,0.060048189906095
10300,3,0.10672125708447,-0.494112526808162,-0.667661869688824,0.14703317691042,0.179161164985587,0.23364597228631,-0.0762767173515284,0.292009333958983,-0.229515633072551,0.0993125794565307,0.213312633217733,-0.446352924993412,-0.114030522969311,0.113233069974382,-0.410348738114994,0.18348900047499,0.0357287768886803,0.135346753095954,0.311030001984702,-0.352441873525031,-0.337120943767892,-0.221784441898266,-0.328409219788621,0.12596759705989,-0.0863087630302119,-0.0125811368935607,0.0126905459609961,-0.0303023978943767,-0.14813168649888,-0.0689303119607363,-0.148592605284382,-0.15097610963756,-0.262648273956794,0.318367175831053,0.0872079222497839,-0.0806624019014874,-0.279794578014461,-0.440192238947022,-0.281357657776894,-0.345065316018301,-0.518940023307624,0.186563903280702,-0.537704989584718,0.211125281091867,0.0230706215215567,0.159445022747343,-0.0732714160721766,-0.047959449393714,-0.326931058658509,0.0262653900518496
10400,3,0.0278756424561137,-0.292966293697362,-0.494397784965281,0.288062195870921,0.233507196708751,0.478540367994433,0.118737995450771,0.137124191041965,-0.144129907427288,-0.0591217636851324,0.0824681316463393,-0.295130336166787,-0.00732873139227005,0.149280853518887,-0.488445981350273,0.283278683552197,0.272686890078627,0.156299963765886,0.432618449262819,-0.651075818590451,-0.406052325378252,0.057802215027939,-0.38057698501342,0.0924470113681189,-0.2425065645526,0.160826411642453,-0.0761841453761661,-0.0803573803977425,-0.106968628107242,-0.256743026512766,-0.0762691617709112,-0.183291458096491,-0.329739575098301,0.246450228236827,0.2670782652298,0.0699466669167554,-0.240607910535669,-0.544504545661084,-0.288474957378474,-0.3391225397706,-0.595759986450132,0.0589761760897725,-0.615326799999408,0.122228288416898,-0.107876541470399,0.100824965201926,-0.306510617493674,0.0191908023673435,-0.293201277286629,0.104799862835982
10500,3,-0.0393314169234285,-0.335260402933216,-0.671989080505382,0.193391049793379,0.215973041828147,0.149479280720011,0.194237418278877,0.0546486822302529,-0.0170426775914188,-0.17885628252873,0.0751191279449699,-0.089126048688716,-0.124897268860571,0.113098945790648,-0.299212980714545,0.377568824820084,0.0874726863206236,-0.287895701633303,0.269650630580161,0.0666835604765048,-0.326388888423849,0.0230189401543768,-0.417132335603649,0.137857168739129,-0.138931177222254,0.0808893664823436,0.0288940893479303,-0.588551964260811,-0.011854248680428,-0.554800596705244,0.168293553818781,0.0469010601107165,-0.420883107373616,0.0482943559091002,0.19133031454873,0.0706893433401483,-0.494733389259014,-0.901228150735584,-0.258190489494531,-0.178841090088276,-0.461803932072508,-0.012147662825016,-0.321524829406459,-0.0189582764480031,-0.234697796522791,0.0256102319388411,-0.374269104923201,-0.0289075543490021,-0.182024012723656,-0.0950940282795538
10600,3,-0.118407341365313,-0.81693551820354,-0.377355930057786,0.0916197281161241,0.145837912553634,-0.158767664756803,0.178068721434638,-0.145651035793267,0.316446246866722,-0.12692293992486,0.00847550067146216,-0.289736226166196,-0.221198959484238,0.0991144270062915,-0.184659494776405,0.272463955195077,-0.149849715086825,-0.394005640541738,0.264108225917751,0.563844924607297,-0.271389324772742,0.30860380884124,-0.571228907299472,-0.203381729664047,-0.0783915044120303,-0.0256411358106718,-0.0399701808048802,-0.421511884632951,-0.146816533136513,-0.544637865424206,0.0820537235138179,-0.055918885078164,-0.397213073293835,-0.291168056164461,0.179354589242333,0.051867897049885,-0.545123103364506,-0.530714392739905,-0.178679734074785,0.00669444904498007,-0.466658929353424,-0.264403495492927,-0.255893431363005,0.0961921179200708,-0.345609356819939,-0.00777707491122989,-0.403171900518326,-0.00329607588718742,-0.222749999086788,-0.0765683970109898
10700,3,-0.293989772662312,-1.30092034659794,-1.05088231086782,0.0530510628838811,0.216029777647811,-0.139503085400034,0.11880201674408,-0.067803495885945,0.224560330387872,-0.356115822080136,0.000785305716408974,-0.41888225076904,-0.0592660762751794,0.0209688098965343,-0.096883225198454,0.0344023304055037,0.0344856022668957,-0.143951310891259,0.064549314265421,0.198376009340442,-0.595724071082345,0.146138467656478,-0.915040916351873,-0.0668245416812369,0.0491666179220029,-0.10509088803092,0.0633680344227964,-0.576865054811091,-0.144402680942753,-0.855264507953727,0.0460152662101591,-0.174910738871861,-0.153521590423573,-0.701034188434137,0.307838959846937,0.0466889858242522,-0.392670195385091,-0.802359723114279,-0.347745776725882,-0.117050805968671,-0.528253205630659,-0.450805394128183,-0.646570706911083,-0.00336959035202233,-0.297331688449292,0.0433166901374772,-0.227444480714042,0.00605007385353445,-0.272759816673835,0.161672188247295
10800,3,-0.216749717944624,-0.231011068218733,-1.31426975938385,-0.192294264173102,0.208433092508014,-0.543048786112394,0.0564882222372333,0.0474349019799918,0.0894214075824067,-0.425484420123664,0.05117528354485,-0.3630913935098,-0.248258852603618,-0.0197923248918274,-0.203611595038667,0.0222280562084719,0.184655108219218,-0.396246306087377,-0.140421796735467,0.190743123469114,-0.658202654617551,-0.206831489228695,-0.899262545500427,-0.42618016770674,0.141467921798293,-0.0577306168237885,-0.144893053243911,-0.264493293647394,0.0331773871985364,-1.11928901096827,0.0468069127469547,-0.310853764395135,-0.336171356554589,-0.14085900338625,-0.129372687551912,-0.0961968283695203,-0.347414383339878,-0.683587607758255,-0.247770492123681,-0.0434121735562294,-0.923650737782943,-0.497692141670396,-0.472726781437208,-0.0610771463880503,-0.418147491190241,0.0200782942014855,-0.275090052716092,-0.126899700904284,-0.194106502843048,0.0891216736346489
10900,3,-0.0661530031949162,-0.195573612663737,-1.03597879679963,-0.311449034604991,-0.048183701875457,-0.836533826235203,0.172681064999516,-0.124765834579847,-0.261540173014938,-0.317458641614878,-0.218682873154492,-0.261575573958868,-0.399676734885275,-0.0977393982361568,-0.171333558968152,-0.117536633155983,-0.00791534418992032,-0.292164823774652,0.00186219763903575,-0.363695574282359,-0.672905091534528,-0.512726503921992,-1.11259802040242,-0.493042583467719,-0.0709494310192452,-0.0406670768333122,-0.171977499431445,-0.429771355957671,0.0569534879731584,-0.935517414060805,-0.130472289420227,-0.367991221605004,-0.0313158114120858,-0.224146391106269,-0.081716930207921,-0.157505643941637,-0.349640839888418,-0.51801514229793,-0.170728579653015,-0.143552221451741,-1.09420283048846,-0.749579011142876,-0.323837066350951,-0.1119834175167,-0.608205049463353,0.0224558253027133,-0.598890312106482,-0.210185570636492,-0.285564647479908,-0.0753411601407507
11000,3,-0.146365901553563,-0.672121917543747,-1.38978975019483,-0.378546154209156,-0.0408739028561342,-1.28599600307068,0.191143781159915,-0.0798585885321128,-0.314187087256123,-0.439242352934173,-0.215562471544484,-0.183747118622068,-0.0354245382200397,-0.132288989426623,-0.0457771660387451,0.103911167254318,0.142255349917104,-0.528937768994198,0.0150276951545012,-0.176861194848143,-0.402745283648654,-0.0967475047139177,-1.27917927368955,-0.24452542741758,0.0767319028673831,0.0763074949558048,-0.013551949672386,-0.444398683183207,0.0191120020684833,-0.833620717812416,-0.195589719412513,-0.173205872355809,-0.0902993600963534,-0.403288128017707,-0.0450284766677652,-0.261579626625698,-0.461580861748777,-0.766916681852558,-0.127992311323171,0.193364778555939,-1.07522666785146,-0.392986702300999,-0.770291699683105,-0.360441974568691,-0.514496905120976,0.0965509492431252,-0.985552645017829,-0.0204259698463925,-0.269474900266116,-0.0471049860552645
11100,3,-0.316655641733886,-0.911482397463992,-1.05562532194824,-0.330517334619281,0.0646962781076502,-1.1795099479513,-0.167658689548906,-0.174004527373004,-0.445460084917235,-0.423938831811596,-0.0275666359144328,-0.390255715218868,-0.349651415271182,-0.250984005177619,0.174940659022246,0.091629398702082,-0.354840587276895,-0.447826904511775,-0.350754378925231,-0.202274306928637,-0.412013556361942,0.125263915648786,-1.02908193872355,-0.29947513156391,-0.199175783072935,-0.0248859035653599,-0.192639742517225,-0.313532387772986,-0.260991628633319,-0.452579958327359,-0.129634731896513,-0.132450920226518,-0.236932657767896,-0.570797987755922,-0.0518519272814894,-0.488789989949142,-0.41194840330599,-0.577744760379308,-0.267080391776801,0.311977830534876,-1.08506899907061,-0.132978632846214,-0.856163196776845,-0.562265609651344,-0.277031853545255,-0.138415673856106,-1.1796865224134,0.0169643417465354,-0.657526335627004,-0.394949475156416
11200,3,-0.238254141192377,-0.99601183361732,-0.901540770683861,-0.0708597253758559,0.0208629932349156,-1.09502521398822,-0.251750214408996,-0.308727711372086,-0.621494309205055,-0.346366071542906,-0.132285932167019,-0.27873936746219,-0.615153570974018,-0.300915882672136,-0.00193729791450337,0.0845805405961731,-0.23878982601941,-1.10816849670267,-0.412287713478805,-0.96778712651471,-0.590635809427301,0.220947858955115,-0.949394671156196,-0.629061396071095,-0.261605378289254,-0.313203208315376,-0.244294999160091,-0.149832674970019,-0.162147708166955,-0.555193682790787,0.0735802536659834,-0.377438672359648,-0.016671988874333,-0.763910127536551,-0.0356879410303183,-0.64366052162546,-0.360952535539407,-0.531252912647177,-0.427798455812482,0.157211373525529,-1.1025451932181,-0.349456441917014,-0.91720755078396,-0.46339462823401,-0.479092260426629,-0.363663937057839,-1.07306740658665,0.0250530717393123,-0.5900606654032,-0.506463981497701
11300,3,-0.256189595470528,-0.84094769688843,-1.35291636274029,-0.244108398160845,0.0288375911712374,-1.0857800106673,-0.329021510242965,-0.248934929222075,-0.626551564308174,-0.411138187439047,-0.095363210359108,-0.364285286148842,-0.552663356789355,-0.133599695091855,-0.190985234793966,-0.0704983666032245,-0.258349974271446,-1.02837075829496,-0.387467104646999,-1.08471200327959,-0.53907837664843,0.150439263890109,-0.807603411078544,-0.692773120845121,-0.385144461793291,-0.300105866581797,-0.31572100697987,-0.192591739982265,-0.682563357237842,-0.625360822032515,-0.139100696143441,-0.390516279805719,-0.791674416192704,-0.977460882997783,0.238755697492324,-0.626749643797311,-0.261117937789569,-0.76323285809649,-0.49122458369402,0.0952076075889704,-1.33982001723922,-0.559107404417241,-0.800327799582133,-0.320839873991084,-0.553975519885841,-0.395741506159661,-0.989711784095892,-0.14737900640815,-0.275847915315058,-0.485906195055912
11400,3,-0.385279592596145,-0.844987836645417,-1.13918717957653,-0.21317994671435,-0.0123905874884672,-0.403498566165374,-0.0963956506783953,-0.298003359396652,-0.587385904788525,-0.334352634044454,-0.193317386642399,-0.417714917893139,-0.825049108641807,-0.277262687637216,-0.0485596184352874,-0.0564515935853666,-0.233777762717826,-1.09744291737157,-0.370018873484333,-1.36056926747983,-0.402225727051195,-0.368970646064206,-1.06242301699632,-0.506153828418535,-0.464312875856949,-0.177338358106412,-0.631384109151061,-0.205502091349125,-0.675519387818095,-0.625267986501423,-0.163816225298017,-0.202092822450384,-1.41956814223943,-1.16863122747622,-0.242829283373005,-0.749527249295849,-0.351421504873834,-0.474045716046536,-0.329267592970366,0.181071212399409,-1.42803056377132,-0.240604123458939,-0.980209378136211,-0.382687330786446,-0.385403463580095,-0.475180801731182,-1.05761721983381,-0.118268419715421,-0.330811110134392,-0.365463909158995
11500,3,-0.405499435162678,-0.760349131042915,-1.41111082870482,-0.309925242119564,-0.0214149236959203,-0.52377420023515,-0.209630650117792,-0.230590448116371,-0.827893066478374,-0.547682260781567,-0.215420113081457,-0.428581900105052,-1.00263602478748,-0.234418826616134,-0.116234660200998,-0.199900493990803,-0.304999314626989,-0.828941520023384,-0.13380495442588,-0.838607644148581,-0.321803401914355,-0.335784260902648,-1.07284751353638,-0.52230350361972,-0.210904154563764,-0.443495279000533,-0.541007552615642,-0.25544937907779,-0.740030456765674,-0.682583759034318,-0.0422075872929489,-0.120292637845977,-1.0703339148505,-0.864120319182567,-0.555868652019471,-0.734223917765236,-0.392924022973142,-0.404831315867156,-0.276279485305561,-0.166262070298237,-1.27131054697831,-0.229166796551118,-0.857727645514227,-0.173352965049105,-0.461921277128533,-0.413143469483163,-1.06902243913877,-0.126098558545941,-0.636247001306301,-0.18853571016645
11600,3,-0.407481715484042,-0.984112443236192,-1.71353453489888,-0.416810956094471,-0.296318901447613,-0.416482109409403,-0.526302192585619,-0.364857415793244,-0.757740675093126,-0.629470132359504,-0.453144220655068,-0.704619085637887,-0.875606359583131,-0.18289393405365,-0.411108562400213,-0.119506103995497,-0.350848126236496,-1.01166836086194,-0.283823332475002,-0.839387840242237,-0.169711323956522,-0.316559006696257,-0.683428472800931,-0.848027573134336,-0.241445159007063,-0.33545025971937,-0.781296287865226,-0.337196440170674,-0.755051890992672,-0.639285170178154,-0.186706050732251,-0.475444406957,-1.17740215436001,-0.772017628823467,-0.37436744120446,-0.675728479653589,-0.486220979898735,-0.350726220957535,-0.119229385345039,-0.0852776956743437,-1.12849460227761,-0.474662402465806,-0.822049576100284,-0.147426751147882,-0.348377027781633,-0.299588261661421,-1.10317421684401,-0.123271223835164,-0.896203815674679,-0.342088074297342
11700,3,-0.447913927000585,-1.4327387176278,-1.69866645169198,-0.573797265391973,-0.143827273671949,-0.515328638175551,-0.780680465229903,-0.477621385624178,-0.8571622223347,-0.809844667805787,-0.366989140740422,-0.628007306650325,-0.74405069984347,-0.18150376839552,-0.652790408596699,-0.353926983354453,-0.723542801568686,-1.22509817759376,-0.293995728004179,-0.974375086158675,-0.214441454740941,-0.409922684190537,-1.01176484801793,-1.31460303331721,-0.447224102471442,-0.207368781381886,-0.624477663718724,-0.297874528417108,-0.735893846117287,-0.647926295883436,-0.198623780779791,-0.746566968856882,-1.38680365763794,-0.850434087912001,-0.248691805962107,-0.844863200105471,-0.415155310489393,-0.668831156722191,-0.318314687517319,-0.339671811493956,-0.716182681808448,-0.0297500284985731,-0.970081260414944,-0.343272007411361,-0.208302678615941,-0.372734358625906,-1.01616378175655,-0.404457014367715,-0.65603655622971,-0.242998608254934
11800,3,-0.73180712590831,-2.08973240791759,-1.72626635682916,-0.620010591095641,-0.112046200660042,-0.676865087827765,-0.962627270237339,-0.559157036062977,-1.04511915462127,-0.882675397268918,-0.338515685530775,-0.726160513587289,-0.908326440555794,-0.336559597593872,-0.634311964300974,-0.521827758445221,-0.777466672998207,-1.04038936038905,-0.172030330379649,-1.45643679749241,-0.437255134086443,-0.494143155240412,-1.44481365251673,-1.45796912575874,-0.600702565105198,-0.270478030989417,-0.576987344404118,-0.340859667178044,-0.817036666437999,-0.553051878821304,-0.325160762345222,-0.602360366709317,-1.2578510548931,-0.720090814446631,-0.208982552228564,-1.11622585109318,-0.275356934475314,-0.146733485099204,-0.422089113323165,-0.165076834488719,-0.593669808373936,-0.293820205612203,-1.0198591889924,-0.341429175238465,-0.280516285047811,-0.408107028416816,-1.02434483582609,-0.199033793388163,-0.861675345356533,-0.385036328947355
11900,3,-1.01111903765554,-2.12501864765414,-1.92413706424077,-0.712951012489806,-0.0713565471461664,-1.03545601959152,-0.787548591392008,-0.662832174127754,-1.18806524474941,-0.884466729498969,-0.42525680040516,-0.67192218896647,-0.882982016926393,-0.433716700362479,-0.90018919204563,-0.391963967238718,-0.743806017370095,-0.648483517033054,-0.264118292986187,-1.2353626149488,-0.483238701496147,-0.31050582203379,-1.21925903591551,-1.54163379946436,-0.615546044850751,-0.382429252322058,-0.807783805802003,-0.524162384983322,-0.829751269983272,-0.713948483889041,-0.236527473392602,-0.628751702574102,-1.38067303387027,-0.94781755844749,-0.415488695056439,-0.847712449298294,-0.19755966431632,-0.454919047690268,-0.595110835004462,-0.483679655100839,-0.441614766241736,-0.862459692305333,-0.975407047679513,-0.661329800527585,-0.307470169257382,-0.595867281073385,-1.28751726945877,-0.229053801168664,-0.995406957000476,-0.32696821843005
12000,3,-0.848606373359463,-2.34011444930766,-2.10069142330668,-0.730138702501124,0.0125026263306688,-1.26146041454641,-0.806207128374622,-0.616449880533652,-1.11986426877128,-0.871735262482928,-0.647166090616319,-0.422807809440221,-0.737971607555012,-0.477326312376571,-0.685603718804083,-0.489171619945107,-0.77335997267679,-0.917916518598485,-0.574656674634749,-0.951076620345641,-0.838902982860419,-0.763539730890918,-1.04210145580243,-1.35250378576606,-0.593060109460889,-0.58978092635428,-0.674204647719105,-0.637061427544178,-0.902029541232568,-0.641275279352428,-0.330507786049867,-0.66568571914837,-1.34598292031652,-0.795182919769663,-0.535880916055731,-0.794850367657479,-0.196494382687742,-0.831796260569585,-0.603359983595772,-0.767032924653325,-0.588416665417632,-0.824907596842214,-0.821598427268858,-0.662667294862416,-0.49973409687945,-0.615397481735964,-1.26866233549741,-0.202734786220974,-0.893254487432945,-0.335685768946968
0,4,-0.373770762727429,0.143383216682444,0.401855058732074,0.0512485056613847,-0.631680620277847,0.102845710849369,-0.489253344511239,-2.76013741721249,2.45017371558418,0.669117431951837,-0.660650795296991,0.313338401594573,0.457136505173339,-0.595913882967155,0.538803924415327,0.18100456837437,-1.57744847858232,1.2150004817506,1.80896346344335,-0.837020337347846,0.864715542572182,0.0448392592807796,-3.69321944940195,-0.365536210752703,-0.531399893331977,0.275659761269561,-0.387213222912783,0.474820684590456,2.07580200031764,0.035430651718261,-0.0614941925164145,-0.404165149899763,-0.657023150481895,0.818937878137545,-1.94460415319855,-0.0500173669398186,-2.0443374970838,0.637772882679005,-0.755309945987997,0.699957602429251,-0.405600714962342,-0.139630137288439,1.43265434645528,-0.134811886366818,-0.01425847583499,0.370715996578117,-0.530291040304387,-0.24940140173091,-0.628504943524783,-0.962020866729034
100,4,-0.00900062474001162,1.4528131609926,0.570675152310609,0.543054736827806,1.1600388665247,-0.196324486733938,-0.377106923145822,-2.68150005889964,0.435420777124322,-0.194132752755916,0.337214288982048,-0.0320778207862046,-2.16046016126807,0.823214652565649,1.38398727894213,1.21626364043706,1.19370526998764,0.249341744142885,0.450648642287662,-0.874243948719071,1.99508082181318,0.752722700371807,-1.95088409773548,-1.48295519455481,-0.423436043925871,-0.673857253025935,0.704277421191852,0.0129884023585165,0.71369063507064,0.740238737319747,-1.09114264880485,-1.37472881234092,0.765308645522733,0.206801951776111,-0.936205579394292,-0.376684704920092,-1.3607759228608,-1.4205834718934,-1.19247072174928,0.130515532716566,0.612739374937949,-0.804971131804355,0.00900062474001162,0.358285232500699,-0.203237895858476,-0.254557587770575,1.79083858269013,-0.806369413156947,-0.657784575630725,-0.0824560259546994
200,4,-1.12868407495587,-0.615193721293091,-0.107076160886941,-0.229775520640548,1.94847204685466,-0.131401733559048,-0.978353486291807,-0.846300430007857,-0.136003268638926,-0.409685926052713,-0.153056570275563,0.430045798138927,-2.18032076116216,0.208521113140818,0.0971289630164245,0.755180891141617,1.41256844918397,1.32569599719625,-0.549026757524916,0.611298287026386,2.64223610654362,-0.437390612708775,-1.78394513169167,-0.684714506706819,-0.718046480685854,0.0859966117964304,1.10725087322764,-0.46871865777535,0.865981883643134,0.234352402792541,0.116354952702616,-1.46856317505481,1.19669463096558,1.28039779326827,-1.18169718718586,1.03022382206437,-0.12098463405468,-1.03212120691859,-0.932583406785012,0.0194195480047961,0.439426727329405,-0.640987566722839,0.240069975225089,-0.260183134927663,-0.422078506810079,0.636690025327404,1.16712252855012,0.766351787822765,0.609651023457979,-1.74170224551443
300,4,-0.387430541940388,-1.49906492600559,-0.309291410920909,-0.18632362314272,0.766274450499564,0.0366391028685206,-0.778891825115327,-0.367528967736774,-1.58568135725767,-0.998103667585281,-0.934696995178336,1.06547314580457,-1.74601254329899,0.0290793379501747,0.575099355721593,1.98537032511952,2.94341020590459,-0.252895757777659,-0.468414633053681,0.268894325530246,0.545920691574229,-0.315547589720508,-0.310594165581205,-0.0267061129912959,-0.676903598959316,0.0164270147835008,0.855647974168189,-0.778335877199728,-0.0269174844243052,0.0223895953411193,0.243765892019651,-0.598538750933231,0.826212730175996,-0.218745178524692,1.1736518042916,1.26700117118347,-0.802357983046192,-1.15615639467926,-2.21123123761268,-0.897905891349792,0.150644329782047,-0.191859313094412,-0.397905905994132,-0.885351964210289,-0.387077702213267,0.548456364898175,-0.481331155495342,-0.0932835034839494,-0.227977069416527,-2.05381570838192
400,4,-0.573388109833079,-1.99237628326901,-0.699887953932359,-0.252400801371288,-0.937959296820348,0.136330538198237,-1.04103243400813,-0.429380310942386,-2.16956058374154,-0.633655168266165,-0.0192440340647899,0.71620919963738,-0.646476899360094,-0.135378399995819,-0.287870554714349,1.30606731944973,1.31275031473005,-0.993024023530414,-0.912265674600725,0.177935283768477,-0.0127372855595048,-0.0889207864097542,-2.10428547368864,-0.287992669293052,-0.381273457434165,-0.166983182078257,-0.0715745554028984,-0.768191630105451,-0.0292365802331274,-0.307736022653885,0.191702129745267,-0.63919432122472,-1.2429842253272,-1.23331506278146,0.0779734634718097,1.11337943928795,-0.903699553699573,-2.21100884788692,-1.80793260949442,-0.0721507856100922,-0.383926156939777,-0.396347024326421,-1.16778797809104,-1.71383506135835,-0.689676548059069,0.0757569252508652,0.703613949155105,-0.0240471904425685,-0.323786984686836,-1.40062168416682
500,4,-0.707231719619929,-1.15869517343318,-0.441361305475676,-0.274475569064919,-0.982108649412523,-0.132337841099026,-1.37781983689327,-0.593347908146951,-1.83359222478144,-1.90362300871264,-0.0686538275960906,-0.0858130401734695,0.601446998056729,0.247089968373885,-0.261383727318019,0.620691656974361,0.706806308264865,-1.11559795545448,-1.50310787517835,-0.0108393961862265,-0.764780891802502,-0.163084504432824,-1.66585379359389,-0.494739883046152,-0.687657871618735,-0.884895259188932,-0.0391858006639769,-1.76062130090371,0.81071482069116,-0.712283529491965,-0.21533474956355,0.101333913973711,-0.483221543702889,-0.479011938236473,-0.309022715814464,1.15758105137208,-0.566771710717514,-1.27012195363581,-3.01859193063043,0.675480381292122,-0.781481649754159,-0.457000321565131,1.05693547969508,-1.30749619157964,-0.973236962153704,0.014999642325379,0.0464713970932299,-1.19010028004114,-0.387115365816953,0.0226135380237487
600,4,-1.18813537645926,-1.75913158170168,-0.566024749252809,-1.10002060426498,-1.98151473888448,-0.780509332321049,-1.23661093344857,0.70605875810107,-1.87380504152343,-2.07642726718623,-1.25639419611409,-0.430505744029854,0.525643417985676,-0.353353286039727,-0.908636135287769,-1.00142162105001,0.453920965727001,-1.1294968050394,-1.86640083468001,-0.319965328918184,-1.46505052539573,-0.0998244125693235,-2.14635972162491,-0.644816744929986,-1.15947863244515,-0.961463427902763,0.0385374327768335,-1.22569338303936,0.305085081783951,-1.25506915906844,0.248547448094361,-0.233760575883826,-1.22361056059588,-0.138663902533583,-1.77126497044139,-0.0990397917901958,-0.220684613103324,-1.71363260441591,-3.24371924384952,0.194462493809809,-1.3910702183792,-0.0543691614781268,0.259067444301745,-1.08546683106625,-1.09409554594897,-0.835663840876177,-0.53770707283891,-1.04138776514886,0.386415296612789,-0.203417707216009
700,4,-1.31435086062028,-1.80456940501128,-0.602190571615853,-0.985623721038194,-2.6657605000875,-1.22325746848966,-1.22740424712012,-0.0642930034030467,-2.2867337515929,-2.21888210244822,-0.75859833484459,-0.860300221914984,0.224191519772398,-0.911698312299723,-1.6395486707112,-1.51990607238379,1.73603902039342,-0.966773111208184,-1.85242686022111,-1.11964959117598,-0.732592583942876,-0.350258882675345,-2.71819997847712,-0.689285646769543,-1.001838235174,-1.00992932504101,-0.0834932178607715,-1.64247265163008,0.730849549735554,-1.19772279765971,-0.0185958258530363,-0.561706790727527,-1.20388161739129,-0.15361525490767,-1.86434508096427,0.15276550846325,-0.388710125528265,-1.12915108880168,-3.0376785952006,-0.339973268877577,-1.1034075658278,0.136675209729341,-0.229463450147646,-0.893347014808207,-1.26423771471218,-0.648801012533463,-0.942752344675082,-1.09592087455491,-0.306501809543571,-0.729229197685189
800,4,-0.697516935843239,-1.01194180491636,-0.609842529474449,-1.22226119456393,-0.9986285247484,-0.483798082657158,-0.912919040787101,-0.615290447149417,-2.00499349658852,-1.60765879330528,-1.40245826161584,-0.880456461624818,-0.193284826579303,-0.858040908719858,-1.6677209680076,-1.28782326373713,2.25350228364746,-3.01230769110938,-2.04045940891396,-0.856144579059786,-0.77225102715598,-0.659905493725132,-1.44238138036173,-0.45518201980646,-1.24762390174295,-0.193590543024552,0.296991387887767,-1.24599091066326,-0.178068280293991,-0.821139916227128,-0.0549450529969303,-0.261064913256902,0.209462916335978,-1.51915507163537,-1.44021345363932,0.312458009664232,0.0729909430916443,-0.242861940553796,-3.2297375553463,-0.0151998601768786,-1.08387361104611,0.435646805351777,0.547383581919933,-1.58977505553632,-0.575244971351082,-0.574833236943485,-0.721139593782657,-0.219511029143503,-0.65982888787191,-1.16227005911605
900,4,-0.65749195106092,-1.32332837914668,-0.926050665956707,-1.45860222010007,-0.752925635055597,-1.68334734282181,-1.02731049364592,-0.738323966277391,-1.12652375082509,-1.08850468159786,-1.05851523291591,-0.335931912164966,0.3463811292232,-1.04259706021215,-1.90924170236374,-1.08065081623774,1.50629686902421,-1.59447899897616,-1.57401596495096,-0.666014991561131,-0.446558572906658,-0.71730047390021,-0.0462913660029542,-1.30676221324097,-2.08373652170465,-0.764611764108601,0.259339835087024,-0.977838869900731,-0.112633742409823,-0.424043749681041,-0.825501713688257,-0.355959829698237,0.504521902571254,-1.33266756980788,-1.82868723425521,0.463204210191731,-0.258876725538331,-0.349823504412015,-2.4021635428045,0.350885757136614,-1.32887836088074,-0.812596525337308,1.00608690273335,-1.34955982290672,-0.319054892974516,-1.03581553100532,-0.13455811214658,-0.975793296446934,-0.913535793211082,-1.24964495303076
1000,4,-1.11590150349274,-0.591507159985438,-0.81296096441088,-1.487695938493,-0.938821535402994,-1.10394596794214,-1.07872197328979,-0.293780781848596,-1.0623358110811,-0.615434535880428,-0.167596327051716,-0.576424152544046,0.149679481823914,-1.26531624272037,-2.116749815654,-0.164181743516251,1.08994380123312,-0.243184459465322,-1.59711039000732,-0.564756009101447,-0.0341806554263524,0.275860364172788,-0.645285642925076,-1.26230774872461,-1.72962006894193,-1.39547917168236,-0.704019259103905,-0.644403776599394,0.450314233457322,-0.864415267895844,-0.858387177627203,0.0295808224172369,0.186296033183071,-0.720387582686369,-0.28300433555098,-0.164623423248238,-0.33294922612561,-1.42415247528172,-1.31328662851437,0.384300347201137,-0.886324069119688,-0.362208112246306,0.562568538434053,-0.562264365181853,-0.529793451305694,-1.16773290814775,-0.615838581166451,-0.797106191098594,-1.17372173787186,-1.85499331082605
1100,4,-0.447870235445743,-0.136954835021093,-0.28849278266125,-1.03894751715297,-0.715342298295423,-0.588045001910284,-1.0222112279949,-0.874586914064009,-0.780366972375884,-0.744141355960108,-0.452266037837772,-0.303492016039717,-0.245539076376262,-1.23923380780903,-2.26540690430142,0.687301771935492,-0.00674876021605364,-0.995034683685317,-1.61778806026132,-0.79952350406214,-0.335653395630253,0.11438826301989,-1.541974552356,-1.08909043648004,-1.43373530948173,-0.579019356379322,-1.11094182335618,-0.472928227370105,-0.875250000756368,-0.833842356857976,0.184474287472125,0.861889148256233,-0.610181866211593,-0.757788557675729,-0.190028624061455,-0.793558834651746,-0.242929186400273,-1.24325384295221,-1.78884372207625,-0.563825264366694,-0.614679144910418,0.0434254225082922,-0.273217215202329,-0.401409506526042,-0.526536991055965,-0.658801526424541,-0.414985404989246,-0.0499119103388515,-0.794829894978441,-2.18603959752117
1200,4,-0.844530913367957,-1.15114459621295,-0.570673116488969,-1.32905053508944,-0.502141773139032,-0.816076865512124,-1.09593950992366,-1.0312104646756,-0.875278953341387,-1.39742770961626,-1.5840371560942,-0.443365212315865,-0.559801707080272,-0.662151161935249,-2.23752884548041,0.126643069433171,0.544239953249465,-1.15683284282007,-0.775571530972861,-1.09361336129493,-0.667141972486138,-0.274306592877942,0.407282709537697,-1.3399525384841,-2.01977155037191,-0.501336556285764,-0.997212447945004,-0.48253165881043,-0.821210785367403,-0.589806465924699,-0.797249246807436,-0.0917425470276063,-1.02164873728974,-0.852016105290826,0.33787853576109,-1.10395981515392,-0.275750621068075,-2.17086878527758,-1.97355685012021,-0.873017746665459,-0.797112888036039,-0.781789371732483,0.034447497899591,-0.26017560692647,-0.740461121402889,-0.705444554283156,-0.549385813834214,0.276338667382653,-0.972250108994799,-2.42774186263929
1300,4,-0.812299517275855,0.0238883855296931,-1.28759510828104,-1.26047555107384,-1.16491151736957,-0.494356963945397,-0.918189192680943,-1.05259380741,0.0537993493132229,-1.16277755089838,-0.268788653246914,-0.0570771537668036,-0.906519660569529,-0.844294445097201,-1.58395638803238,-0.714758019729442,0.402640215709209,0.621962447844544,-0.216969351662436,-0.998472071312307,-1.35517019971356,-0.552926476581648,-0.450988050141761,-1.75775942450387,-1.47737765533033,-0.237512204113124,-1.44480788112766,-0.856537536809162,-0.31460482809263,-1.08408113167585,-1.02577543923187,-0.204890350329035,-1.61564756242591,-1.39086234449458,0.0509430402456352,-0.624259711801633,-0.925072513260663,-1.5235056745206,-1.23526693065319,-1.56989980681511,-0.797354218171391,-1.13293995567674,0.465099130367742,-1.01086761260107,-0.9445349126844,-0.98024958266653,-0.88012504153526,-0.642336079220739,-1.00664649458428,-1.84815462775831
1400,4,-0.908356377434725,-0.78478797854048,-1.32312062076114,-1.17084591652809,-1.40496539245702,-0.468777626531069,-0.383650638526116,-0.879688317092235,-0.971593904426672,-1.16761999923,-0.372653746541126,-0.51120339160782,-1.39495384269385,-0.802328510221361,-1.51301624471365,-1.06899030747198,-0.91008792563034,-0.0971436350809363,-0.821352323651349,-1.19310973951586,-0.163245617447136,-0.886628502144174,0.0561045082917297,-1.56176058503428,-1.84886883906731,-0.140150465748484,-1.31607705525605,-1.86060844356425,-0.729313022940112,-1.5742924344229,0.332231027470904,-0.451276863170321,-1.45942565121472,-0.281149617046125,-0.316513925421829,-0.412489228555509,-0.852170200548336,-1.76812745847142,-1.34843899575778,-2.19597884986076,-1.21561999632619,-0.819742454962587,0.158298255240272,-0.920132000381756,-1.14934246260589,-1.47840375844912,-1.68737411935781,-1.01699993831087,-1.43391531844431,-2.04603645393892
1500,4,-0.798787346768923,-1.845533312893,-0.749803271044961,-0.714187702127863,0.143660714894047,-0.258229046193659,-0.630518448211055,-0.829656012533231,-1.7543544667696,-1.00477758313254,-0.959334731538597,-0.471215564871094,-1.43413481910837,-1.26983179715641,-0.735515542391488,-0.121904264632291,-0.781138565142922,1.18440012350057,-0.633175197963753,-1.08131077931532,-0.823590056281765,-0.529429237545888,-1.40835956752366,-1.23608519608873,-2.18571117482264,0.0902831739409119,-1.1502506947031,-1.42019403389601,-0.717720174335364,-0.670203613995635,0.662094095733748,-0.745288604137203,-0.101030937959663,-0.550948625415093,0.695979418942488,-0.500459589635954,-0.554570403843907,-1.82053016063506,-0.145921382171277,-2.23805228202009,-0.34278047122217,-1.29338738918059,-0.335399950988842,-0.61064547802523,-1.23034648958008,-1.36452319093001,-0.596864571971088,-0.652717725337572,-0.699673885561415,-1.56121408613989
1600,4,-1.58661370414168,-0.547466015232055,-1.26977183509329,-0.507192937877252,-0.267448679653106,0.0302843738338888,-0.504219655957483,-1.34186848579707,-1.89411157585392,-1.1981742156624,-1.23733053593029,-0.427080796486527,-1.4581063552203,-1.33371170044506,-0.048240704055889,-0.743095401094877,0.106297144055966,-0.38096706073622,-1.14096475592042,-0.892861638112251,-0.0155959796629386,-0.555158955582803,-0.539385425172002,-1.53470936417742,-1.07745899274961,-0.802884313524288,-1.37057408583133,-1.0569001835819,-1.37524946067345,-0.845064419645253,0.563880822633905,-0.411934505171077,-0.705516167864475,-0.893486681262165,0.0236904070534881,-0.559393241820062,-0.514592304313741,-2.16403310894279,-0.631432534779929,-1.9351681910682,0.252663951877494,-1.39353810160811,0.0407555868853472,-0.894486697838778,-1.25555148403516,-1.61977889968256,-0.731120882672247,-0.943168530906068,-0.906042070798237,-2.05791927676768
1700,4,-1.20510142489389,0.936362153070594,-0.933108649436429,-0.335026603156236,-1.1911787961983,-0.375205616740487,-0.616863363414487,-0.997557170761551,-1.00109546766814,-0.493863920671376,-1.24995728083726,-0.251373487540243,-1.62077418838748,-0.738706001850306,-0.0982232486480707,-0.603867391742981,0.000452542268878031,1.11967323323916,-1.18936993330414,-0.414885717323423,-0.201938936506298,-0.185287557471296,-0.666374063326016,-1.45763188629804,-0.0703905497746866,-0.891659255987009,-1.050357674025,-0.612262289480189,-0.351534784028632,-1.51897513263783,1.16518115586168,-0.270636984410314,-0.666017773092042,-0.10686979288395,0.75024496079063,-0.6225962824521,-0.349144397199401,-1.93927056577866,0.0798519509352322,-0.37305363667284,-0.0937074060327477,-1.14174181731537,-0.321505858451427,-0.494894870028948,-1.16686096582483,-1.66473232692129,0.267252640813593,-0.70258287029965,0.0245020671864407,-2.15891715417637
1800,4,-1.02028725268575,-0.222727055784911,-1.18516741804899,-0.225533816254075,-0.9044008412337,-0.571286653446963,-0.443375284779382,-0.517259976840677,-0.538899126119335,-0.00327714540540325,0.0501024744500103,-0.570798593081822,-1.109408421578,-0.938173371018351,-0.88256419314052,-1.21125143570733,-0.93501839236793,0.568314117719915,-0.83821091008592,-0.495329970587211,-0.0495685441342275,-0.122861099069421,-1.33049771275847,-1.38823467274197,-0.780028828716875,-0.988465754460751,-0.569742869875176,0.257936578197521,0.0879342613567422,-1.11208436041172,1.66662760780697,-0.237462763391154,-1.71483556666048,1.13350222889313,0.984301151080363,-0.890996038630385,-0.214541545214,-2.12402612561907,-0.698856208302929,-0.723136600974536,-0.205949026235017,-1.08406831013967,-0.018175729243022,-0.337671871941692,-1.36897729790862,-1.0511818479409,0.270850907030415,-0.911790949133683,-0.00123351467879518,-1.85547373336277
1900,4,-0.602824609816197,-0.0667260150399253,-1.34019514782954,-0.0547524005695712,-0.879440330449538,-0.398040119759811,0.135984190318018,-0.237056195636942,-0.200728937903795,-0.0778411723399589,0.286479813445507,-0.645707929136531,-1.52385738189664,-0.739259059537364,-1.01030872573132,-1.46119391054495,-0.138919398455129,0.876277291523041,-1.45530981281419,-1.1504811194494,-0.364490321841597,-0.150036329043769,-0.205623149618456,-1.20079328387456,-1.14916599269498,-1.04884859056272,-0.489885466228629,-0.525238168371566,0.117379034261559,-0.654664578260652,2.18550789231295,-0.451338896808223,-1.04660512345673,1.23809508165002,1.06969199130206,0.253738114423481,-0.445701201067427,-1.43670214328648,-0.517578855894074,-0.32447120542069,-0.570928712316495,-1.1137788926795,0.389107480452485,-1.09483719040932,-1.43002206799348,-1.61207979232723,-0.204295978013821,-0.655808822159493,-0.111967004293387,-1.26862989558391
2000,4,-0.835524318208367,0.847782706251472,-1.21463362491273,-0.273217137692734,-0.799745758875202,-0.0941144698744947,-0.169780510355629,-0.122436354510097,-0.61321188605303,-0.0476222942706672,-0.338016439285765,-0.69507757545547,-0.519030009413241,-0.808505372042913,-0.347669048066259,-0.719652260701494,-0.443358361719735,-0.501609110097246,-0.680563148998606,-1.12854538052863,0.805414230891519,0.25098335107784,0.168402459604687,-1.09660798236991,-0.427307611753873,-0.767178086926052,-0.148944142784556,-0.803961438717639,-0.502885284111678,-0.424871248339999,1.95125468728825,-0.169984490107516,0.253982277215935,0.662072354712537,1.71654389322668,0.621911888130871,-0.328499523943631,-2.12049497070461,-0.873518723691197,-0.43893673019637,-0.41728258789003,-0.954377250242283,0.13570909792128,-1.34908144340002,-1.31128234058204,-1.4651466299606,-0.0727285311016166,-0.406190830634075,0.0935682069008861,-0.378202961004013
2100,4,-0.392994595853926,2.50887375637522,-1.02971605133358,-0.621159487435854,-0.575808088522648,-0.223108565697702,-0.649085735932535,-0.519950868368098,-1.61861093636398,-0.163956480309628,-0.811796690723709,-0.602729643648185,-0.503550273047992,-1.16759017336279,-1.17559595307229,-1.07790595238054,-0.941540996938835,-0.773444811094454,-1.19648876652477,-1.33757354447557,0.63414764675017,0.243438840634469,-0.731841628606262,-1.27852853827625,-0.656963379826787,-0.0128216724925225,-0.288192840400424,-0.932404017997919,-0.985156380844894,-0.529938072554316,1.82967527386431,-0.812544389419312,-0.253000769329738,0.766405103103449,-0.212581181263571,-0.444079941824586,-0.711225658846911,-1.46200711086992,-1.31362210448195,-1.05199407447655,-0.339366939756046,-0.708321982850725,-1.68813808185104,-1.48945395378669,-1.10867235464473,-0.666746794608529,-0.278152848842822,-0.942446378993647,-0.910057219512108,-0.735812052515455
2200,4,-0.332669796397447,3.57939979537842,-0.606018404567367,-0.462148690280911,-0.698182824258136,-0.04976458753603,-0.237302727024673,-0.157099957732149,-1.42231713518825,-0.449632171619618,-0.929290749818398,-0.835407079887988,-0.0301105333813249,-1.22830354263447,-0.901207534273838,-0.486022967372441,-1.77995748979695,-0.925234066670765,-1.42912642749641,-1.35163047224631,0.7431594282455,0.275570483816522,0.0550890126699042,-1.53077324797818,-0.643102073066165,-0.39403350881131,-0.506576620625945,-0.628395186599791,-1.10683288722584,0.311243958654569,1.85640581125487,-0.430452427652177,0.683740888717987,1.04533752225244,-0.169429988075345,-0.79085932141552,-0.784917941049625,-1.42889338467948,-2.36170333553518,0.350631316850013,-0.82661775680107,0.0366788206483366,-1.75877423752982,-1.3508470520398,-0.835684218186468,-0.932594430117989,-0.379822694049494,-0.711385183150599,-0.645970732647372,-1.09082874716011
2300,4,-0.384473045648993,3.17600319785144,-0.436376170215508,-0.301962931693639,-0.112895826830032,0.112012335978944,-0.150533610012939,-0.428831342861926,-1.55835233001554,-0.141788276048367,-1.09651661559068,-0.855709806253005,-0.306408371310896,-0.464863633775338,0.142142731590711,-0.134497312888893,-1.20592316443572,-0.42039725893353,-1.02470575578764,-1.26654834843575,0.0333340457772839,0.416266960430616,0.370446500208823,-1.32927055438196,-0.657183032320528,-0.63820198148642,-0.715422437203069,-0.364852976834673,-1.04945392071323,0.138819630114196,1.57799123273587,-0.105645845106009,0.201483027368694,1.07899822075109,-0.474183657409457,-0.394708443389395,-0.55463408186823,-0.816532168414368,-2.32651241773285,0.0473042410708702,-0.715087513621324,-0.203229482167283,-0.212343753300976,-0.899125323359167,-0.979251622749891,-0.822029107602503,-0.093269198375336,-1.08028767772832,-0.415422988901907,-0.607772647286534
2400,4,0.151246620036793,2.25233210020981,-0.254875733888181,-0.426193983513209,0.767712241060932,0.215274423121629,-0.102734837570585,0.565984833099512,-1.57692134120148,0.189611087632101,-0.671681589690213,-0.687397604811926,0.579559195632886,-0.39282405468841,0.00805043619209833,0.061024926206434,-0.447894833087974,-1.01751892471759,-1.05825194387288,-1.20446659392949,-0.131194103894727,0.412635829619049,1.63257562304245,-1.04864376065568,-0.46127651376173,-0.241056303828972,-0.872127242391465,-0.160841436920743,-0.545967429225868,0.243074576954049,1.10606977146136,-0.595574185262651,-0.443029057623058,0.634652037386298,0.60164997847174,0.116361875558981,-0.391279738689651,-0.0879826277676949,-2.43333981322712,0.613439314989775,-0.638992190897075,-0.552221263470156,-0.0319584538049409,-0.534681433347244,-0.835584226827896,-0.576158762076623,-0.107817661488236,-1.35250527166953,-0.565837957556234,-0.531246668089488
2500,4,-0.0980137439918402,1.16765767513325,-0.561013319868786,-0.253393436599421,-0.296173112377276,-0.286631124366479,-0.0754137157949513,0.493278236577665,-0.816764618988244,-0.503862404482133,-0.191868715239809,-0.652461062904838,1.0436650109299,-0.185048144567771,-0.49740450297027,-0.250945291300902,-0.16882868771467,-0.889740864903739,-0.73666269241671,-0.672747924028275,0.360816826605573,0.0928176349346044,1.19667636063908,-0.834888705727799,-0.59498764599256,-0.143453769094004,-1.07798623215717,0.212619876451499,-0.683435552424386,0.656896747533856,0.305111968051982,-0.215276244139579,-0.969637454687069,1.15167756752895,0.525162904472216,0.246382751896171,-0.456294870845751,-0.294473306966845,-1.57515761406724,0.27367953862533,-0.879624791363315,-0.649006274723294,1.05783618673071,-0.309967893881237,-0.789519968079048,-0.656070250743804,-0.497313217429533,-1.39602017014608,-0.493533741315966,-0.792965772404952
2600,4,-0.476410906888186,0.424318723628942,-1.0381080909986,-0.396441196865008,-0.801698541523587,-0.0805066100323322,-0.106668122808287,0.040047503532772,-0.342869109485699,-0.603650623625773,-0.165378657812121,-0.409443241384815,0.292612577483737,-0.372655782120341,-1.23333594621017,0.0879233023542683,-0.671416368223369,-0.254892542090575,0.151431033199148,-0.464942125747639,0.071275744258807,0.0453017841581901,1.80266407607214,-0.499192969993008,-0.522134408387434,-0.171886136490851,-1.07117454456395,0.374104909260372,-0.521093287631878,0.912350790110772,0.846843017194556,0.244771331514932,0.0323580886768491,1.15806259534906,-0.314764016206655,-0.37985367229593,-0.635714796887715,0.21590901570071,-2.11941266916731,0.102884445325275,-0.951694771668054,-0.580954448494835,-0.235257934560069,-0.523172580760745,-0.742721158463681,-0.765229338292317,-0.25800831006609,-1.95161986226249,-0.883811489527275,-1.44526412368339
2700,4,-0.621224817343781,1.97831073878107,-0.987465584297275,-0.0473125338225339,-0.557874830431891,-0.245802207188436,-0.425217120221394,0.573283979175126,0.0638583347843007,-0.738226306927249,-0.339161555230932,-0.551412719515827,-0.186571954022191,-0.415800515015275,-1.18205572687623,0.0421428855864591,-0.494608067203931,-0.512928488566115,0.444160894828043,-0.520837519401463,-0.0660926326094042,-0.306247008675085,0.978916068920381,-0.504996679035233,-0.432704689764984,-0.488381373386504,-1.08898448908902,0.659278173900911,-0.217726154057956,0.64964238123059,0.977461959679049,0.406566234001841,-0.441575578837661,1.90087719331673,0.0266104706621273,-0.219506499698292,-0.535168593810428,0.137655752180695,-1.86117203602346,-0.348004699507286,-0.524010563817192,-0.806437166542099,0.516697132282499,-0.547107930921037,-0.642029354189132,-0.648423946624694,0.663740320045382,-1.91918225953908,-1.46138510195867,-0.450543891146124
2800,4,0.0777080936819671,1.3025546831843,-0.982658479931454,-0.196098486684652,0.027468960279405,-0.3428625923637,-0.0705801769612566,0.305365385943767,-0.252972250214275,-0.703389117531064,-0.00675385299123699,-0.412409405495222,0.12452544849194,0.181558635316492,-1.07921506924211,-0.116176888436706,0.386478119298219,-0.151517497001125,0.146821348969586,-0.397055390604295,0.236808881849461,-0.282859124603591,-1.18215004814817,-0.90186482106516,-0.353237084870291,-0.49959372506441,-0.781948832189478,0.591480043661219,0.339856182552199,0.785385743207413,0.537891937374615,0.182692075409741,0.579712642273101,0.70021491872561,0.392557326223059,-0.0617984438265213,-0.477142807716956,-0.916630764838895,-1.31229000211852,0.503106810487391,-0.7483276475426,-0.746050179613484,1.75723822859563,0.151941816636044,-0.706019448254958,-0.826861869589875,0.82643278979875,-1.41795906826673,-1.34063191495427,0.239320005948295
2900,4,0.46105640300299,1.79357382314875,-0.869383574424825,0.00168494962326848,-0.159927296604471,-0.447180870240262,-0.340472132483521,0.106851161374057,-0.585911917061891,-0.470607175520265,0.269089716218237,-0.186628315738703,0.894028520671615,-0.623333605416586,-1.43056372209175,0.0785572039239586,0.20426866578518,-0.370443780945693,-0.394721108055867,-0.12907576050253,0.701339590066663,-0.25247275166286,-1.25434448024016,-0.836813684027207,-0.702217725815726,-0.37218250074892,-1.02924052575912,0.50781506498661,-0.508333194719636,0.421945060228052,0.76618962156837,0.0406743097718997,2.12645924311305,0.654693566676407,0.168407107006743,-0.400856684410059,-0.297317786470737,-0.329010231194808,-1.45546936917577,-0.297152373438021,-0.734924339489967,-0.549075177919667,1.09075577922085,-0.165421087103881,-0.640381235724897,-0.793020906502405,0.928167908925289,-1.04993976078651,-0.898881628757312,0.2024415553266
3000,4,0.484394881934716,1.95630624161191,-0.822637304377034,-0.261111516025393,-0.375559793197907,-0.451978881227057,-0.338648473345943,0.788266122032959,-0.441204224428575,-0.956406964380118,-0.375443869920235,-0.0157733555584202,0.847742945527475,-0.83220063477819,-0.454891318012337,-0.659184490173549,0.889166771177726,0.952144920122102,-0.222584421286257,0.0148958136210611,0.784658449467134,-0.674811209019195,-0.64001105226893,-0.758328352414828,-0.527908050293436,-0.140302541077801,-0.675303970452788,0.0526522185460018,-1.12243436014334,-0.0706047192597534,0.44090285363121,-0.0614239511078183,2.63570601708321,0.670733732089109,-1.27047099179145,-0.691729805565882,-0.374371061835033,-0.233403545897763,-0.742346711385464,-0.437124962750994,-1.08210780295894,-0.188047959759511,1.05995587070296,-0.138813286867554,-0.607543282387461,-1.07252935569831,0.187901312285565,-0.657212933799335,-0.762310482519258,-0.382124600782178
3100,4,0.244540879511689,1.88812625800715,-0.499657829547686,-0.646202696438901,-1.23187599331772,-0.829458848135291,-0.246263430127057,0.643126802502546,-0.137248427718312,-1.04236610004558,-0.838128489057056,-0.371719800733895,-0.137515786259121,-0.781965180653288,-1.07615306783292,-0.450489523872076,0.168515613837461,1.77656823521155,0.0467438971381827,-0.22602692310016,-0.0389918509101527,-0.323322015723065,-0.477882305699935,-0.38713302472056,-0.764803620711902,-0.0183120353153634,-0.348736336680467,0.0419432624519744,-1.27935837677435,-0.516683187762377,-0.0665693163541415,-0.58635314454783,1.27889595454803,-0.311213132266674,-1.53668639380955,-1.19396543658264,-0.225939555853967,-0.134468469234849,0.0993393601705475,-0.396307622230063,-1.00610418499598,-0.636434797485477,1.25352680474129,-0.0816571976787723,-0.792721550712188,-0.715579236668312,0.0548897963554072,-0.408930586766147,-1.06394574197946,-0.578641597942317
3200,4,0.485287543221392,1.49898515310287,-0.623716912748396,-0.815051757226556,-1.30417085514372,-0.886233159045227,-0.56455339724617,0.549173586584204,-0.4215994872291,-0.593419715567407,-1.14896767091684,-0.531870104045577,-0.300032975689992,-0.914949217029525,-1.14428140357816,-0.423587357039623,-0.0532034649463848,0.470627285014025,-0.206901416167526,-0.308193059726595,0.26503768118419,-0.587536737492868,-0.985868369727718,-0.324403226599299,-0.917320178900726,0.354026566260645,-0.249799153198018,-0.248059361996339,-0.199181333135187,-1.17975357675402,0.689055866806662,-0.280904788469866,0.936351177824136,0.531382482696391,-1.14107969668985,-1.65763607031547,-0.275604727596152,0.406304267412257,-0.533097019261899,-0.52756987307025,-1.15485208094253,-0.757739913355774,0.650853602347947,-0.177898009459243,-0.91950195620514,-0.399285425181257,-0.292684948937646,-0.549407996090206,-1.05626170528017,-0.810077847819388
3300,4,-0.0220683513614638,1.13227885692474,-0.508816594758011,-0.620777948773988,-0.41309656416648,-1.22373392906327,-0.345027140673627,0.73981628013675,-0.21927526309779,-0.0780526368088982,-1.49640012337423,-0.537206472854751,0.20221418866925,-1.05212728168127,-0.876836095704434,-0.606543916944647,0.258957488075795,0.163327993180629,-0.25604653102132,-0.57159097938426,0.692995531468914,-0.676508315155322,1.92246393127135,-0.718490811722771,-0.489187100781639,-0.0471093367466646,0.0900888967489586,-0.576173021569114,0.804510782419899,-0.431052187989657,0.778324962745192,0.161889706163992,1.76293500038126,0.520500577551021,-1.13626846146452,-1.07188498028455,-0.593507942337391,0.232196013377742,-0.500840716813446,-0.107019991665531,-1.24959985069598,-1.04810905309238,0.203887839575675,-0.283555186584704,-0.645248300617454,-0.245133796214069,-0.237082428202379,-0.534569334226519,-1.19697921064256,-0.0684175853022997
3400,4,-0.0482820388704907,0.100437452171908,-0.43291106306153,-0.609141663197011,0.740054351872881,-0.962085240789138,-0.30543413571271,0.647169988800349,0.267069647273215,-0.0138602201175938,-0.931258904676446,-0.542242450979428,0.338798137746157,-0.765201345257567,-0.0381411730862715,-0.252700647175023,-0.538218748978176,0.906977713208036,-0.297128923632897,-0.927978131373132,1.09674137983685,0.444787223934656,2.5544678453356,-0.1678221633899,-0.163729237458056,-0.227841974577625,0.00715127165475127,-0.2408407035173,0.403586870128252,-0.366232930048796,1.1420757168945,0.961600741805353,2.43417839764917,0.935883599809173,-0.649706369967465,-0.580362567500557,-0.508860430789513,1.61639581558779,-0.754993102270281,0.667705439521888,-1.24002989327255,-0.750325528197391,2.1745422419667,0.173476141551476,-0.627662457507386,-0.472984094778472,0.163514186715421,-0.182118686069613,-0.549230821176694,0.537708248184173
3500,4,-0.220486836661986,0.63021052168965,-0.0859085310156398,-0.0822466282916936,1.03431250619192,0.208109856419385,-0.149948228738057,0.873386145402355,0.857153613691932,0.1264975300742,-0.517993468981485,0.0479662083257208,0.698545047844602,-0.561995450793308,0.773927911354597,0.0557255872901201,-0.288976240040785,-0.460653009107373,0.26093403283167,-0.695939488571808,0.512564041262218,0.632795882032635,3.08591955375513,-0.317059663622191,-0.333499408217199,-0.131772835360113,0.136736105931573,-0.390353441697705,0.681593781964762,-0.771887129535473,1.20986907748252,0.707204445740628,3.08831639843457,0.66770081922141,-0.100285025188893,-0.504170143849601,-0.254545515249418,1.31263080335577,-0.231624245545342,1.05582969052051,-0.761716127740651,-0.292675879145137,1.70619648388996,0.708502917068724,-0.637155287283078,0.126831281674605,0.283357559735626,0.255098913395243,-0.287624128833314,-0.599832163209597
3600,4,0.215982390275245,1.05190988686251,-0.329445537139515,0.185140611848918,0.856466711260504,-0.139915730830469,-0.285380848637218,1.56033430618464,1.21113069028125,0.22404885609563,-0.460408755283976,0.153381627957325,0.983587880694237,-0.600718961391639,0.681091983620585,-0.517496381034773,-0.585437342404963,0.0753038161276733,-0.161992063318271,-0.377187720286337,1.23721737298253,0.186803562375575,4.32191189060322,-0.124036802962845,-0.523252141657596,0.187236561018453,0.225868954940119,0.0296419310458155,-0.258039151143684,-0.649001548074638,0.632448231917656,0.105759429001703,4.08745964453971,0.575860076268575,-0.225900716365229,-0.36478594518036,0.0525840209157807,0.83343274978093,0.762364425296292,0.95131077240681,-0.812752790143734,-0.00777983657393522,0.744373559679852,0.184514214176979,-0.547584558716798,0.648092563028474,0.814519661810591,0.118708280659392,-0.314725016624473,-0.184524766534885
3700,4,0.873939913023141,1.62691504701046,-0.56813505480254,0.121346125581773,0.503618130923957,0.206222273309774,0.0844668139909955,0.499621603894143,1.15868935324048,0.524012556971676,-1.02767354806505,-0.453498605149876,0.903080158297554,-0.42581466384644,0.081459272419297,-0.52190989957605,-0.77723967016768,0.638451841271877,0.0628752146406248,-0.346578937461845,0.473215665921469,0.0210561765278183,3.22193120638591,-0.585660684001607,-0.353676030934002,-0.19978753380843,-0.317697450314588,0.507155825742732,-0.613738931112627,-0.733811455024656,0.608239732039,0.660390204149587,3.21005170983055,0.232663969989282,-0.629162054792852,-0.351042328820734,0.189967244459979,0.51320987199365,1.35565178928119,1.06659760535097,-0.494295473617074,-0.341686293881227,0.452033147363853,-0.407009494360175,-0.631831733876404,0.410455416436628,1.18175618703083,-0.840528295759282,-0.544710959360354,0.470882785442502
3800,4,0.626927981946002,1.16128414786765,-0.526847643192179,-0.156476762857446,0.00475678734026197,0.574480558113645,-0.0242270601123689,0.512859025960915,1.21667810777026,0.474322518519186,-1.1030219207557,-0.469250288862338,0.790302514940025,-0.635874514502546,0.639184598496419,-0.800110133231563,-0.272260875239571,0.846133470962596,0.445228193519986,-0.314836766937168,0.39899650975172,-0.00536811427387884,4.36845169027898,-0.730274628566924,0.303325453395265,-0.35017670211926,-0.739411943734706,0.878415530359296,-0.424591444974356,-0.198991135244338,0.976745580496549,0.739626005730688,2.08146118738465,0.058612702327719,-0.803256406656455,-0.447793009542933,-0.00185694926503555,1.54705177981582,0.831893903902984,0.671104075471356,-0.73380574762698,-0.522226358745363,0.48941758776283,-0.338927741124116,-0.664440275540401,0.27538638068817,0.951566941643763,-0.511697434533771,-0.186601839151055,0.503876361996963
3900,4,0.447239747960896,2.32627130021869,-0.658908109615586,-0.128065763162844,-0.146961633273556,0.495454317977493,-0.343527968610743,0.200266041187269,0.235571277088258,-0.0114303622330265,-0.914303506478575,-0.471037393649401,0.845507361416785,-0.657087645552054,0.746677928920701,-0.368961529790868,0.640593583264838,1.83089518996637,0.916979985382048,-0.433382144315041,0.941939300667094,-0.20707608227372,5.41987608165294,-0.600712625533421,0.242812649736412,-0.256888344160224,-0.376034891770436,0.879429040184499,-1.08122816516949,0.495692596425509,1.31771850461664,0.464445640525709,1.42337283760345,0.830732118170497,-0.823345008968209,0.497595650246988,0.168816765112512,1.21548982678931,0.754097519822529,0.471599355215055,-1.06617342811873,-0.980794407291254,-0.143324838331135,0.0795710781424834,-0.455559025754837,0.233975182043138,0.770263326952262,-0.485323797702163,-0.636787684821308,0.385013062555078
4000,4,0.237720510225486,2.70331086302928,-1.34235073939968,-0.227269444836509,0.528840024219588,0.657894651189374,-0.266784001856954,1.19413075708129,0.928476906521759,-0.0229515817614754,-0.772781282068343,-0.864615884523814,0.377873475884998,-0.489338100417944,0.24338904101296,-0.442455827735496,-0.288473155521896,4.32305081089643,0.18370392827151,-0.312618379401358,0.852586942019403,-0.366788390126051,5.06341268134178,-0.304933914985724,0.112097789413653,-0.162436685134494,-0.492412452257444,0.61721736713295,-0.528364656999741,-0.133338777365134,0.258950221070281,-0.0636554726964238,2.69194409344896,0.314130975514377,-2.08594403625715,0.811214816059824,0.45955038463142,0.735137110603183,-0.392557623993639,0.180532218888308,-1.97009940638258,-0.862576693438058,0.246802024961133,-0.111421658235421,-0.260841366303088,0.491424922048415,0.588972552589537,0.0748493540984168,-0.343619167151674,0.633683615103802
4100,4,0.241761476785233,2.68307917187248,-1.20114254059157,0.164623026486893,0.560214756291763,0.32930115407459,-0.301917397423183,0.993287817593815,0.20146487131932,-0.0359148264935576,-0.385649255992752,-0.555288141689836,1.60456272658952,-1.0924069028903,0.307125115289712,-0.737181923810202,-0.537127914340182,5.12926361998472,0.047852693645576,0.0582111949851176,0.555332186053418,-0.28075618348055,3.53353233329661,-0.0352267221975863,-0.0128530675628409,0.188432684494084,-0.123558208268713,0.691168072017045,-0.173602087432432,0.148058011836189,0.0989559933400166,0.300974069349886,4.36060651753961,0.423655476930345,-1.53214467993075,1.12265076890776,0.296766038077366,0.892140333681299,-0.414319593509069,-0.226112015560707,-1.44847914938272,-0.817363627629564,1.38300314620192,-0.928299374437097,-0.296040712133878,0.495609050262938,0.288063003883157,-0.738411577048715,-0.660063161934978,0.518934992821755
4200,4,-0.245676337855113,1.71739680681611,-0.890016012955674,-0.25942298848359,1.02469313355571,-0.310931957387,0.0406423565667127,0.345143407795864,0.207683035091123,-0.602103761898715,-0.0224640990634493,-0.824183795310063,0.793661826025447,-0.372116577041565,-0.196622102268298,-0.695171516216063,-0.411268872779612,3.76448939334364,-0.242022577922934,0.0977773927440344,0.855920712996822,0.121986076292897,1.85928150311474,-0.286157666114598,0.194712098843437,0.334021778328158,-0.104870993998676,0.959206998276524,0.180046392872071,-0.253498986138168,-0.139051443895835,0.293133076520916,2.13434229117678,1.0270258132796,-0.151402142324221,0.575707385742451,0.278148785111972,0.00610428346495095,-0.129724498794524,-0.333128066167659,-1.18116377365808,-1.22890717031613,1.15407524143189,-1.4042589157167,-0.40651076008998,0.281246553801016,-0.373148629080138,-0.704368909447855,-0.636296824433494,0.798892423093239
4300,4,-0.804831577123057,1.27050888281532,-0.836217936630872,-0.755970769223883,1.24528557213346,-0.100870565661747,-0.058506460892883,0.0203367712700917,0.661972973891899,-0.651026577529342,-0.569826107463056,-0.740424435252066,-0.0174101379940179,-0.042102870616701,0.503946199083259,-0.469766948767082,0.0724226204855953,2.62878786480918,-0.0122735437178716,-0.447620314663907,0.397844713522024,0.267249704687621,-1.47610231411396,-0.340040145720549,0.00787223350799082,0.0177936224626211,0.0628238272392114,0.690240364484212,-0.918524960247835,-0.607748383426366,-0.0904297809368391,-0.603872349665928,1.17798548171878,1.26275713049902,-0.643206016431913,-0.34028999390658,0.285389523852245,-0.621095537076313,0.139083794121671,-0.0870557088471067,-1.29340549525865,-0.914072999254662,0.2439274084291,-1.08085880466619,-0.436236310313893,0.11853309901198,-0.275627919344577,-0.96454995309782,-0.767996691316004,-0.36867472134774
4400,4,-0.715272083169791,0.624629526297447,-0.82648136334013,-0.884297937090522,1.23709679530037,0.008518095553254,0.0226340387687021,-0.47056710919095,0.18826104512202,-0.670811335433214,-0.37975841055133,-0.604543488866244,-0.120929954492045,-0.117162864759541,0.204769471039334,-0.907199015419533,0.915468399477177,3.00601094315949,0.20689630936044,-0.497174822077315,0.316360075738442,0.0268488626479899,-1.10356045479629,0.0799896307237867,-0.384619740717128,-0.16725819999101,-0.185057358099101,0.000955584594257708,-1.61752834974879,-0.922889974710763,-0.310772706566617,-1.04984219877082,0.885608428362757,0.3646859375266,-0.524906767812941,-0.208565964550818,-0.00138917866274557,0.177089211285063,-0.302025951678724,-0.11755061188635,-0.84760690063995,-0.792389349299076,-0.272071172629998,-0.795509834856453,-0.703977363637582,-0.188169373560068,0.520867973188441,-1.18099974933635,-0.821915391488185,-0.989254595329417
4500,4,-0.703765323279363,0.912122477315581,-1.29793178482794,-0.532918250244558,0.87677351905808,0.373168071143468,-0.223379360416956,0.0528959530290352,0.141247881227516,-0.352271423991113,-0.784279454306303,-0.611956298900618,-0.208168483686973,0.0304100158050248,-0.573617027606712,-0.594504766788346,0.439725944828024,2.42090193393495,0.558829704338655,-0.571245112953083,0.395450991938705,-0.708409272908892,1.05627539860434,-0.38369969868234,-0.355635985352649,-0.321599894298252,-0.675305836029977,-0.232885392367565,-2.11749527437649,-0.94136944462716,-0.425847598796549,-1.34289253329666,0.963462014236629,0.0870413198067275,-1.05321151802906,-0.70484323744021,-0.285599480459535,-0.169800487262281,0.475304789727661,-0.293476443001206,-1.02345486006558,-0.686674387424586,-1.45751253389328,-1.01669431875516,-1.02146334176221,0.08650047369279,1.01188056987764,-0.92571551322153,-0.738165882257666,-0.623721111810705
4600,4,-0.412323509371271,-0.141710805448584,-1.20476718426356,-0.386761077380941,0.613755529686412,0.0440447090549947,-0.382449250439966,-0.636694393740813,0.145408005526289,-0.132213112153651,-0.721762525427255,-0.401653071003632,-0.299881268856436,0.0108511404055353,-0.388656620334004,-0.779047676459786,0.358698550240679,-0.334357293120345,0.712894336032916,-0.412055530930594,0.145941411274614,-0.880391888849848,1.80605341978096,-0.542217478923787,-0.261690485725697,-0.610707055384245,-0.78995474526743,-0.30585373077371,-1.5639023070655,-1.13879248087725,0.432633204272461,-0.813619696919485,0.310419816862471,0.22400993530291,-0.851378572190543,-0.809618151207501,-0.402400587826668,-0.144557213210328,0.535929102333586,-1.13426541447749,-0.784329006410178,-0.822922680369924,-1.69841016760023,-0.740284246908278,-0.858342636102666,0.0128727878564673,0.412086822056299,-1.62856597507599,-0.916723592663154,-0.49176888220468
4700,4,-0.802572462072053,-0.665232743244262,-1.06280030912729,-0.714619062061338,0.410696503035789,0.00297214045812,-0.472426622904068,-0.613183205826648,0.0999816593957998,0.126606080511429,-0.778052065305175,-0.59068737072625,-0.459957196622002,-0.0169428002189681,-0.0660089926354765,-0.998980435459444,-0.184940048694119,-0.598826215066961,0.99332711672436,-0.840478296027931,0.210668671673168,-0.815379106802957,1.82007493334817,-0.585423166936278,-0.172402574819158,-0.273711849363381,-0.720021693955503,-0.0942232628537316,-1.34971506037274,-1.0387921691989,0.338639733637293,-0.425833794645607,1.05834512827443,-0.15248639591471,-1.11289513382893,-0.146163941198413,-0.40798387767781,0.221905247036995,0.320851163863986,-1.59726456452238,-0.60162019648434,-0.941252307132723,-2.18037911197327,-0.824094201919903,-0.416306827579272,0.0880513249765689,-0.0713273496395885,-0.819768498970456,-0.924631477720926,-0.227654712111577
4800,4,-0.523397135601125,0.60365699621652,-0.883765406917555,-0.518945169392322,0.699886390037578,0.132958023737281,-0.327756836282089,-0.0217675546750774,-0.401882254718496,0.0096768996385086,-0.900558558007429,-0.13252114380661,-0.000697934378552034,0.239358233587901,-0.328788578333961,-0.877839473931501,-0.578542088288397,-0.77243719863687,1.33874502736728,-0.361294232715875,0.250720320635013,-0.520972415385742,1.21863565697225,-0.579389833365286,-0.158791922386226,-0.260479654572634,-0.374318106484365,0.0670648460033907,-1.59853032040857,0.111001407623164,1.03768691025327,-0.223540864309914,0.411169814565104,-0.776990899663814,-0.429835117410903,0.278843571547989,-0.282817374981421,-0.420665461576291,0.294385490126918,-1.452911487649,-0.348643942008894,-0.864320752592294,-1.01275744116665,-0.984621404669358,-0.644215327756869,0.0372534250219281,0.027595494043775,-0.659253034729662,-0.970925167495839,0.438724863236569
4900,4,-0.952394793429523,1.24097072114669,-0.532624088986226,0.0586346470153988,1.15847905907921,-0.0471917867474578,-0.0919435337170743,0.471237431685268,0.0892679995981323,-0.374745371691475,-0.894745789458274,0.185799671949857,0.438930823475414,0.234712057679689,-0.525398106294504,-0.747958170640366,0.931659594063596,0.481564583556517,0.405713852277563,-0.655797285651361,0.601127898073414,-0.245056173087043,1.97625072572757,-0.720365039433067,-0.722579473964166,-0.0245071216492504,0.152052624240219,-0.140005580990584,-0.394552810404039,0.17611999369213,0.135784132525989,0.694148740880787,0.954166425776952,-0.298762068529143,-0.601108301368541,-0.17849105741303,-0.329682754479094,0.341038526262152,-0.609508675344475,-1.19816534728082,-0.280927037445891,-0.496651637230283,0.108932027030469,-0.927927049967737,-0.666289350480019,0.466895968756591,0.0659793006566524,-0.32256900009435,-0.710278047491381,0.909618212729647
5000,4,-1.01356679085783,1.44857684262931,-0.604330475528956,-0.077634961958956,0.566852648230776,0.356409107780026,-0.147045335250094,1.06075764520524,0.268959792538557,0.043608200433677,-0.959858261376763,0.265834510269344,1.14409083687164,-0.0136558370415308,-0.453250060323178,-0.327346096974282,1.13842204643142,0.136982936764652,0.306168000923259,-0.548506091161523,0.554465865318358,0.0880705638452153,1.82996513713181,-0.564610188020803,-0.486933747339888,0.159931197989067,-0.342003562283949,0.30978676820472,0.400104439000417,0.693814738601089,1.01686626453814,1.07302086618452,2.10304276674423,-0.321167687664404,-1.31416491304806,-0.0946695468167558,-0.288299457852169,-0.112762503303761,-0.780537562464997,-0.958869286808,-0.546839014909453,-0.523469001058525,-0.337104223237287,-0.959121882385535,-0.551285174376369,-0.0163517592989314,-0.179972468664897,-0.769679242803519,-0.890942455185816,0.633310856649273
5100,4,-1.03291570883531,1.64263147396994,-0.623744610757193,-0.0903263445052396,0.814895871870766,-0.416510714169093,0.0425778685079576,1.16444296069826,0.710919455513463,0.251813450904211,-1.2672067431976,0.0951878232271861,0.253318570510686,0.238825880909448,-0.290408536103716,-0.391248738910784,1.91332756410342,-0.85357175627646,0.10742800500097,-0.412048666997038,1.25135546985785,-0.0181961856858036,0.923502591823427,-0.794151224075817,-0.253803202808982,0.543474181600709,-0.409705013632586,0.853432986291899,-0.0726228945143144,1.16025830985924,0.617090577681169,0.650696966218516,2.63216646289862,-0.384197521037667,-1.5888330239856,-0.200860159858689,0.0704740761488277,0.376130702086222,-0.00136361421331177,-0.343690115890111,0.0448755920763063,-0.193934789647137,-1.23355109293455,-0.975494985396409,-0.601276281033783,-0.173667175754093,-0.710261417504659,-1.40997746755194,-0.258377064469021,0.956549936319766
5200,4,-0.883699372888323,0.777923055007796,-0.461772139219985,-0.448162511793096,0.749934458231298,-0.355153399676756,-0.0181761053620519,1.30525916661807,0.933681041216367,0.23239597815761,-1.38060842289386,0.0753597174714333,0.0461261537280934,-0.0926374684258213,0.353301590897161,-0.287503655120402,0.993905735994165,0.620824107377718,0.199758641071137,-0.554987599185264,1.22541391959364,0.171685077182041,1.77737536499775,-1.15638041061104,-0.311077083594075,0.679402238323355,-0.509839386575,0.464718035188217,0.116066135286298,0.416909757954157,-0.244541762280709,0.333141916989299,2.27996879815721,-0.305176284095675,-1.5431379937853,-0.322511562198037,-0.105468707133509,1.2725357260617,-0.185845312531436,-0.577766098057981,-0.0902643154772654,0.0997450754600342,-0.0663484365366662,-0.880267354470608,-0.461892677794512,0.146231805211057,-0.0613280138434936,-0.870654441674817,0.0941429625568999,0.31734251470219
5300,4,-0.709311141214612,1.99750163346299,-0.260267402606505,-0.60599686636168,1.63796749904745,-0.675367692605188,-0.211337223192706,1.29882730677915,0.142780289794467,-0.0950175415874058,-0.953636537210308,-0.199340183836977,0.251133513750539,0.36158443516205,0.0719902203612952,-0.357842203322485,2.0549876116168,2.86043576873282,0.2898962009747,-0.493929157390705,0.692457154421272,-0.399296141132165,0.462061257305952,-0.522697255986797,-0.0560669549183048,0.302315981331678,-0.648203432009015,0.350018196128107,0.798616757062695,-0.438435248223783,0.143278629495485,0.0231413646816778,1.43171718586083,0.369626266217991,-1.1818344536333,-0.504740023742364,-0.402005031004897,0.634679998408513,-1.04375628653758,0.186411331123235,-0.401901445664203,0.356662323617746,-0.104903491146519,-0.714655065550778,-0.763498141605641,0.158210796186698,0.0573716344563282,-0.755375165707356,0.0471988788132296,0.193949384736032
5400,4,-0.846553810577747,1.96958504747888,-0.0380729273985445,-0.400883667131948,1.21178684797265,-0.633793682042084,-0.373493424762084,1.27037111229583,-1.25499174813197,-0.0100646788631229,-1.14864443301153,-0.395484175936788,-0.0669301379639935,0.519953968199529,-0.580439015355418,-0.281992351367308,1.13449687223523,3.54649653257874,-0.622455965125272,-0.465771123316647,0.0633624928634371,-0.360245834105303,-0.686736027244998,-0.721871877206574,-0.364648988953285,-0.0795054140582608,-0.776983832114331,0.469950602908945,0.600707805855537,-0.382244392414343,0.458824891565282,0.688298716679972,-0.330804389621952,0.696385062617436,-0.555594104350876,-0.311335517402856,-0.628096593032871,0.837613276518892,0.0057420751527526,-0.325950050591099,-0.0578285504149664,0.386644182686847,-0.0341318813345378,-0.201189164632099,-0.785441405993522,-0.0254847341476565,-0.25224602481205,-0.0403281477112032,-0.178705957222992,0.600915243215625
5500,4,-1.09854110734365,1.20363162636904,0.0203321238049776,-0.410107806915333,0.873896016819929,-0.529825810101779,-0.678808655511066,0.967481278335082,-0.799945467942492,-0.471458659301917,-0.340777269875771,-0.4969142713804,0.0273667188896873,0.245019125125436,-0.992105873159124,-0.345245405103203,1.36100177413585,2.56667579693356,-0.250859167580807,0.107019945537185,-0.269059096354491,-0.576588573695674,0.648981335014218,-0.388141355142002,-0.772668484380073,-0.0949313477835148,-1.05324480564551,0.4623963539112,-0.554200415432147,-0.685947770609444,-0.238058543809616,0.504870939301244,1.23250899563642,1.07907610096683,-0.41185639053644,0.162495761687435,-0.309332030677504,1.77847942268352,0.89610584756752,0.317441198798404,0.0778198860538756,0.407460725595584,0.465726473879661,-0.0420128985162371,-0.603290124976326,-0.269299037897521,0.556328855297756,-0.0264130477374391,-0.166030917541076,0.499154682183462
5600,4,-1.28898288019933,1.70674864042197,0.187056964585713,-0.78679154498983,-0.476239325560167,-0.232666304301229,-1.1124902730625,0.705007692501048,-0.207325733826094,-0.614209052361923,-0.726910913606156,-0.367349167303764,0.688750038448739,0.27700377976543,-0.740707279723383,0.273844211576036,0.582672113688222,1.43252884786913,-0.123384938068041,0.0454578643911627,0.213513730015487,-0.799403167355537,0.233076689881049,-0.529007438763396,-0.852961840344723,-0.127012901837416,-0.415252974211784,-0.134962862625126,-0.769384420195072,-1.10819486551649,-0.926650772495277,0.71679406618899,1.03625480386306,2.14848913876946,-0.513177868292813,-0.224585203526284,-0.33354478961945,1.9589267917745,1.95642319411637,0.0474097193468233,-0.500142598110869,0.0262804059063637,0.887521763530986,-0.40117447860811,-0.393144651040571,-0.349504595554169,0.357163028087428,-0.228269099421325,0.0612598511870637,0.628156793047496
5700,4,-1.39049863947384,2.56905075629551,0.308459309351228,-0.595188520640849,0.0896403568643485,0.033437556177454,-0.706213061487102,-0.363472484039588,-0.50488468557772,-0.261018134101058,-0.407820492956733,-0.596821025035566,0.0285539441353893,0.315981424543009,-0.110695034365374,-0.0634543644662986,2.00767676980857,2.8939309851636,-0.539764237645462,-0.0345376205460595,0.188492866848445,-0.0912000842837173,-1.31475430096398,0.0342273458859707,-0.496367133041258,-0.25764682087733,-0.876820973666583,-0.971454572713459,-0.315220168697957,-1.0864594114851,-0.355251101126341,0.758742359596138,0.801102745632635,2.36927436966854,-0.618440675866447,0.211327743561447,-0.64506172823962,2.58212145339134,1.31642641240856,-0.948447871947605,-0.179537028112616,0.160127391360337,1.1661611542139,-0.415318234090076,-0.460684329581339,-0.528180015716022,-0.681820928085398,-0.17920467240373,-0.629193221098263,0.354547545765186
5800,4,-0.801245203112935,2.546933130811,0.17493770290317,-0.880298188718009,-0.403780464406461,-0.364077982234502,-0.681418932455365,0.120694364917973,-0.169946025690229,-0.002509839664388,-0.12075724638913,-0.644184978101869,-0.986451099702947,0.690160903312145,-0.345018633952666,0.448328833540182,0.869246732104938,3.26914480972946,-0.28900102478982,-0.132872552229455,0.0629862278107971,0.232617357671436,-1.28542798253123,0.314653425742491,-0.0601964495853693,-0.279196203409137,-0.93137694560611,-0.660250054193812,0.187890212400347,-0.876531856750289,-0.2505711534158,0.811382873362362,1.23808043339393,2.03211021149484,-0.381988228672967,0.778129569545012,-0.557804193556275,1.60834333506205,1.29280590182849,-0.835433744529369,-0.27660833577816,0.338728876695334,0.496177878891895,-0.879453656911426,-0.494706215699367,-0.0778640948205849,-0.828455100988332,0.0913409119079898,-0.812733156413423,0.924018165345313
5900,4,-1.02692431406443,1.69290131374292,0.214087584157231,-0.437261170978529,-0.35729994722539,-0.622512285511655,-0.538689739687329,-0.339148950570509,-0.848758151475868,0.150971598423813,-0.331712627807597,-1.10924252200289,-1.28468260978218,0.627799100833541,0.331530515686796,0.257599788909952,2.22979890184351,2.19734506300724,0.524828883633835,-0.148025871200828,0.191868571103464,0.313762308474991,-1.61168245276931,-0.297571551064571,0.118876205787046,-0.289349733826095,-0.655974640014768,0.105628628635529,-0.281297315027454,-0.152819351726952,-0.527131029768948,0.0339377920668411,0.651628326665603,1.58400285907038,-0.871115108843398,0.292332798148257,-0.309188895379604,1.27113067119939,0.817617428344572,-0.102760035592234,0.191358243754643,-0.236126667266988,0.575680480538949,-0.292234645278542,-0.519779810505306,0.00719522842307241,-0.997171911008669,-0.0190825752096293,-0.77272139808837,0.661871770987754
6000,4,-0.660366653514622,1.94249325487493,-0.137274618714027,0.0323576567403853,0.800096303734857,-0.0468807357669595,-0.46029285545462,0.185753220939439,-0.236712555432843,0.0357816151941149,-0.476435427265955,-0.435658003874893,-1.24912004071638,0.708187783749764,0.289469283071993,-0.347181969491601,2.01272484745071,3.41809836857524,0.311610257914218,-0.454613331457189,0.186314116650283,-0.344508333554647,-2.23526899826409,-0.332446632053823,0.379319697634547,-0.617926791522327,-0.429824920197509,0.494978195628532,-0.213195540749425,0.0409685527308845,-0.102992762686503,-0.416174811495536,1.93875979582349,2.44706384312756,-0.577427165700561,1.10863380589496,0.112755442099272,1.4689480278451,2.69359042204064,-0.419446829155597,-0.127063001271037,-0.384229827742938,1.13581707460312,-0.124142585985203,-0.478061070208229,-0.243445537537998,-1.58798845995504,-0.495919625618932,-0.641412594582366,0.691067267141587
6100,4,-0.0695637338194406,1.85879341549886,-0.351609766038488,0.219817338574647,1.18571301082101,-0.17444905289493,-0.529301345590067,0.28388267726858,-1.11425307709438,-0.353850970585344,-0.507379270174679,-0.352572137827662,-0.722276184260136,-0.4256226379158,-0.329285712327963,-0.383688818044385,0.228401557645833,3.3658649137264,0.795162899619032,-0.220275629138335,0.119574250022483,-0.859664282977877,-2.96349530324146,0.00812434765008796,0.161937586825558,-0.625439682710937,-0.306861477028273,0.610953714945902,-0.0277692900092688,-0.564380668867713,0.134851469373163,0.727540237600602,0.715660754516154,1.64462241464442,0.672857056145747,1.48161266929625,-0.170487293664861,1.47629485296789,2.69417259755405,-0.383863921774535,0.177389060072171,-0.388016323363019,0.353944534258324,-0.57714473673289,-0.156407430154681,-0.141657928666408,-1.77487861530554,-0.953485579303551,-0.328737438095455,0.906520764553091
6200,4,0.0226866351347226,2.33450155978906,0.162974545755585,0.0665708339731064,0.929456424184891,0.206532571176659,-0.435256409436221,0.995696847034265,-0.340547710049602,0.731138712482421,-0.183932369234548,0.355949713152905,-0.0775552570780391,0.209767632436733,-0.47018983624906,-0.0336502508776249,0.148875114535358,4.36991295313502,0.249676210403397,0.242027618577824,0.901004795846331,-0.590235635176266,-0.360944467241625,0.565764791106641,-0.064343247948075,-0.705358446381601,-0.363513210131293,0.850165611657685,-0.320229549086621,-0.0073782632973618,-0.391173203548364,0.229896062796434,1.12616281323619,1.81368971344781,0.981325470879921,1.21683323083375,-0.282924215421651,1.05112648392215,2.2471185069202,-0.0474016272184693,0.0557185776788615,-0.241038977454497,0.610388000855743,-0.287899236592079,-0.468016285350699,-0.0987359561874921,-1.94394241635674,-0.321598285210745,-0.341274812134167,1.10428471349188
6300,4,-0.225929488643465,1.78579958893314,0.101038005915825,-0.230793231317207,1.62060898064951,0.366954387395904,-0.758456567819649,0.0249932647777862,0.0378542204838399,0.594969686398488,0.0574128399101401,0.14048240587296,-0.0353835208118899,0.352950490233866,-0.243304138448565,-0.140383360479483,0.0705553956360909,3.63637942708115,-0.153411302604243,0.180039514653471,1.17971592578732,-0.50036364646275,1.42612371723421,-0.0705726338625928,-0.0178241157841961,-0.323497968022928,-0.318838244703491,0.860022695285408,-0.423599659885924,0.300924788351478,-0.684646156758081,0.52533179562186,-0.0973542629157346,2.51822682799444,1.36952158072132,1.19828819914568,-0.594284698943408,0.797741088053731,1.88755391946115,-0.0704872494535197,0.30277663160895,-0.372729074598798,1.09477751454033,-0.0301020619952754,-0.414101319587572,-0.250732414013341,-1.58232685404005,0.48176413439765,-0.391436138030988,0.911419876555937
6400,4,0.391736601902182,1.60743896607755,-0.290723099648656,-0.45891684111995,0.772709852345317,-0.242035546738347,-0.594712312506119,0.289945478069511,0.375836331239725,0.263919176943422,0.490326600035698,-0.145668100495345,-0.0441017953309842,0.205088760670191,0.0013903570130398,-0.809276003734885,0.154753521993619,4.05309150744827,-0.992811080960555,-0.7626902725141,1.28233201694084,-0.0754464785841806,1.43138499816374,-0.37846335569366,-0.201411127626697,-0.437050601165269,0.1871296182788,-0.0933745198056225,-0.988178513204884,0.851690001685887,-0.160091312865467,0.476507758601878,1.30977430672925,1.50470433787749,-0.849085706676093,0.444211520723335,-0.657201588892024,0.438128492635206,1.6912977722906,-0.214333679378159,-0.206294308956644,0.000867990488005566,1.09938544719378,0.388383931690702,-0.246150079330495,-0.217086556060702,-0.973941346073423,1.08200111572474,-0.107905928681588,0.405382491264787
6500,4,0.387329105819093,1.95047266157542,-0.499548726790454,-0.610901002053427,1.14476483090103,-0.344581652494742,-0.709944910153163,1.14850776006564,0.578580194875307,-0.0137220702824101,-0.07096472962022,-0.640728700751438,-0.0623925265928879,-0.288334084793619,-0.113324489287266,-0.331258847562116,0.897324614608994,3.74335664356927,-1.10503505929993,-0.798468071945086,1.28159393238995,-0.325859122637573,1.65013395716178,-0.148465416846611,-0.315050481428544,0.0379312818931836,0.639253398610142,-0.0573835860283695,0.465843938233962,0.494484324320004,-0.423157271768264,0.538606683958947,1.98159530003477,0.237310326313054,-1.55112342646723,0.238046305068141,-0.694993027494936,1.32139768915859,1.00770076192797,-0.278185376844343,-0.319261452974391,0.404931281786499,0.221872638531235,0.347251372522441,-0.169871573624779,-0.641420900965248,-0.455110401553464,0.425904355674464,-0.503213362239156,0.00723322180946062
6600,4,0.387419531200231,1.90122739764906,-0.350368677919064,-0.544399734818601,0.309641052170324,-0.84476071470818,-0.589627131395605,0.96502630188251,-0.0761569245645936,-0.253912252540949,0.152990342379474,-0.724022676030977,0.0979868259254457,-0.320712168264794,0.24744818417482,0.0826231950884695,-0.0436730223690653,3.82902114801073,-0.957559059440137,-0.722145321770007,-0.313229796275064,-0.543103959422495,-0.182131447148758,0.0543521700725086,-0.707465632275561,-0.522219880913528,0.819203448952716,-0.364711633785337,-0.295436378244788,0.601627343134634,-1.29983907704172,0.259015818435469,1.58917021223619,-0.275685630745196,0.935570297529164,0.597422231259636,-0.514736870824096,0.996168456828872,0.466354506489033,-0.583373052718053,-0.71741883130848,0.330228071560577,0.378245666333737,0.534275111197794,-0.262784088114452,-0.444625995783415,-0.421292488865645,0.753236375025294,-0.377846761763669,0.544066873100179
6700,4,-0.0183810198918062,1.74478938010076,-0.525409070994012,-0.825512175289854,-0.620887007291586,-0.261710068498151,-0.0607160894989595,0.706659040631816,0.415484117326912,-0.339312955056643,-0.069805325635534,-0.365435040277974,-1.15116475970975,0.369722921999374,0.0557126616758857,0.506837142503425,0.284468920192032,1.92344695087073,-1.66277353477978,-0.370866485105903,0.0765253520116448,-0.0894577168815018,3.30212510348516,0.00271366685968466,-1.06548704156738,-0.40961250978339,1.05226544523954,-0.516910791521922,0.609147381748697,0.519303092060645,-1.31260625812678,0.401801468524343,0.972044976243344,-0.200056564033924,1.04154745339417,1.58245610147248,-0.625518924544953,0.332730425609542,0.73231343376364,-0.517990119585602,-1.09386372179262,-0.231703759086494,0.192552390173909,0.119053734933446,-0.273262863246366,-0.440154409042869,0.188182610621068,1.03036448721313,-0.471355929297797,1.68844173880926
6800,4,0.32834034308441,1.82194364648955,-0.92477029377232,-0.623399359587375,-0.00719406599549544,-0.102179544121003,-0.22282672417685,0.473318380221051,1.27039374606062,-0.428852596759439,0.534245170839884,-0.504361601274773,-1.04770428325908,0.643282328610769,0.498755709954476,0.959465992629599,-1.24080215491388,2.17526813135326,-1.51057530664748,-0.684744444887252,0.190178370716883,-0.230459540037978,4.03244600536688,0.0192095563729883,-0.762721529687329,-0.46417024766602,0.737053082180753,-0.339086202814921,0.59525242406021,1.1030951040594,-0.013516381635724,0.818009723969767,0.938747081181513,-0.0361235956449084,0.681487378890212,1.34077153308082,-0.816112688210001,0.238431781308807,0.45742251732317,-0.852270235228293,-0.909392513420866,-0.506031066597808,0.315407718961999,-0.156144991490034,-0.315314429088131,-0.30041118340762,-0.427550978594452,0.504036418540175,-0.799888099362197,1.25546688272385
6900,4,0.494328880439962,1.49530886024111,-1.42827618539264,-0.462950311257569,0.248270333554324,-0.738310196486766,-0.7003172510022,0.681647156120807,1.82653230677951,-0.328328121213348,1.00342914967633,0.0291161591155371,-0.23611633342842,0.885973057211211,0.565426285535935,-0.0353677662178005,-0.850946273513736,0.761786509366272,-0.919628327391567,-0.466702200759274,-0.29245457630151,-0.595762244342267,2.5542842397203,-0.0485157313921214,-0.694412226694915,-1.17309676055876,0.25085615348375,-0.176640085995646,0.902611624208207,0.68677922854906,0.293363075739992,0.958621701243168,1.51308957274342,-0.242916638865807,0.998845296701849,0.915606908244239,-0.731188495742345,0.630076268896202,0.571970709044459,-0.729091539150292,-0.765191972826572,-0.771330165871221,0.335518775325073,-0.229182007736372,0.0956746704515776,-0.237504852082524,-0.29763537338837,0.143924510721076,-0.542426512727515,1.17778892222393
7000,4,0.495619798869739,2.07418792398446,-1.72647927138723,-0.321404601979841,1.0167721950888,-0.916048406365448,-0.491776089472187,0.84509792073381,1.39857822814211,-0.000976587986817767,0.739250300801968,-0.0010598972757111,0.566715376800332,0.563108310954675,1.28846347566461,-0.583247089719831,-0.342927604699263,0.692220936746299,-0.25962279362176,-0.574385922652006,-1.5937836700039,-0.875202469194286,3.15283881959698,0.224996630987164,-0.835768644095923,-0.884971007191171,0.407818706057913,0.391859231264941,1.0367180381718,0.477125759299988,-0.290521868296631,0.257480574043871,1.37048831672828,-0.157071052324924,0.583384720664733,1.06490529393531,-0.607379832782222,0.549577633644813,0.397009595199286,0.44940395609261,-1.06887480651105,-0.178781202436461,-1.10344298823514,0.429381296984961,0.012641642484604,-0.332533982670645,-0.562862749553196,-0.327969872161843,-0.631492796974325,1.51619299003872
7100,4,0.17659903760436,2.44613240733114,-1.54407887386249,-0.222246819023947,1.45774498277323,-0.70522517544177,-0.0381591083264713,0.939819792916401,0.919105377659447,-0.298007857367285,0.496424353404818,-0.221406247810128,0.900926791655679,0.755479798444718,1.76031183585563,-0.889636196650319,0.909661732967435,-0.768557180349874,-0.161673250854676,-0.611764741174357,-1.25059979547458,-0.647016446569842,2.8255705019126,0.0917468011164059,-0.875363002287329,-0.737157993097352,0.395292196404415,0.295950808538212,0.490097131121319,0.610542795050368,0.528961880327075,0.684034912517741,-0.314512969682832,0.24683237368722,0.420537615886341,0.507761490781842,-0.246899385565722,0.305274726946522,0.803109242266919,0.660131912095125,-0.881614357710873,0.16769481210096,-1.99745665666205,0.174332260219665,-0.440944031820649,-0.526175743528891,-0.910860640825693,-0.119668596250033,-0.578290867027027,0.848296794635199
7200,4,0.327633755498238,2.07279360763653,-1.52682699506636,0.101905456826723,1.30514767662114,-0.511885548509078,-0.430869585348766,0.571474324519147,1.08515099199012,-0.304058078846722,-0.0750860092295924,-0.324867453804016,1.20855336766462,-0.408258614665717,1.2566749175099,-1.46159274658429,0.367780626078185,1.27595385058807,-0.0202350925162794,-0.352573338201145,-1.05749319268308,-0.94834148894437,3.3939277386808,0.105773618765487,-0.670432648506016,-0.425815479158548,0.188814976253896,-0.478100803864102,-0.214364050722934,-0.337740057199545,0.470478049939817,0.520981609614092,-1.94898145073426,-0.207157394870562,0.548825904680632,0.351877916123887,-0.231387935009888,0.18699379986498,0.193779956683383,0.522018904083054,-0.182724494940406,-0.1451696032943,-1.7418979229593,-0.299536340090302,-0.800250446412435,-0.519752886497454,-0.36628697300542,-0.407297460106106,-0.443982055186083,0.27585827201182
7300,4,0.141865695187846,0.972398752996458,-1.0948092313016,0.254510209801964,1.22487009791629,-0.45813851152084,-0.657977910560121,0.406420153343184,1.34111827471483,-0.167596991945992,0.214449391788234,-0.559720545980547,0.630270296662931,-0.308224497420924,1.03036114690876,-1.5729208241061,0.301005210496355,1.05140447880174,0.350588162807841,-0.0649309038163621,-0.438502784932744,-0.737429103293112,3.89021963278446,-0.169707595540671,-0.762411366408283,-0.0731176946201579,0.468722164091613,-0.976762466531289,-0.826912866095328,-0.134313205023371,0.17473274693512,0.780537040991607,-1.4390505827211,0.0493717486112337,0.45006450610897,0.201832854791211,-0.314771876628332,0.265049210635016,0.740133702638689,1.02797312941205,-0.371506036831218,-0.328516932163081,-0.255717844640418,-0.71905048973319,-0.815703618732017,-0.287754856510042,-0.444608553109107,-0.139216887831689,-0.401671356714529,0.619484361288073
7400,4,-0.0941362547235375,-0.701963372935676,-0.670869480377701,0.148892085985551,0.0967875215866962,-1.05261361673264,-0.454200977077569,0.0615687416925957,1.44832262693389,0.297049382125262,-0.475357183979254,-0.530107836606224,0.333940559867256,-0.530956435196495,0.713431720699596,-1.09298346020447,0.33593032337231,2.11908562140633,0.598195394692043,-0.107395661150946,-0.480162269115008,-1.0379338753422,3.05230064369437,-0.199812697649573,-1.15640824690746,-0.52213800330745,-0.2099971516521,-0.779539457134361,-1.48654991034632,-0.097114292704521,-0.0396325341332908,1.06502849195718,-1.32034058441052,-0.485180433763814,0.186058087325407,0.379052237152924,-0.655838462325165,0.813865175023843,0.490186768129377,0.327249350824951,-0.485246715186661,-0.40630856985824,0.495774012468061,-0.454623985062034,-0.860186722915504,-0.107314269031981,0.267271981603274,-0.366247049313712,-0.490670156008651,0.135071366433295
7500,4,-0.298649088098132,-1.53387835431837,-0.618408438057168,-0.330637086214104,1.04376823244228,-1.2962800204366,-0.204962930263922,-0.000988447231037193,1.30113784434556,0.255454028508966,0.906353210508048,-0.456974802168669,-0.19376748329241,-0.983798950096309,0.825401225085052,-1.04052708654463,0.0761229110910573,0.314284217301457,1.53880274368716,-0.289474448894556,-0.999947626080239,-0.787086356373285,1.20912406551183,-0.435144044521873,-1.46695458560271,-0.0388367530214145,-0.710858968450179,-0.686091441157479,-0.923611074137954,-0.360073695519324,-1.793710519191,0.171377092087438,-0.884348012147632,-0.253339821034345,-0.244116535505835,0.435994216912851,-0.813023606216928,0.474093943487743,0.897200652089424,0.127133241344477,-0.575276844951049,-0.377762189281083,0.596981448496003,-0.791255093622714,-0.734909541982802,-0.187249507086909,0.724229430729917,-0.0767853235409519,-0.0585567472428583,-0.463076016438434
7600,4,-0.290796751296632,-2.10175383868527,-0.546647183315363,-0.284905165582102,1.39049978322376,-1.66840298045932,-0.31575679202334,-0.49227924502394,0.984612133423377,0.0351509672234357,1.56511007412832,-0.325018710225737,0.753705363877428,-0.669478811446116,0.882540974712882,-0.748763392698539,-0.171408954911511,-0.283235793409034,1.61452481785407,-0.658476457395059,-1.37641535992281,-0.853882944489058,0.429892752504825,-0.54580817269005,-1.08436210988733,-0.101345736653275,-0.513133484795009,-0.387170294043243,-1.16883200739798,-0.559953496311008,-2.54781760350377,-0.499767638948368,-0.0873491625981209,0.366835804993484,0.640441007480535,-0.0884098128729693,-0.955173448057499,0.153248984241807,1.2465417570697,0.0987026102256336,-1.0656537683438,-0.390821827560379,-0.738734222753935,-0.703903761351819,-0.855561107343535,-0.519485116611448,0.157486950656947,-0.770313256387388,-0.130824906463702,-0.120159924215926
7700,4,-0.215575460564055,-2.49451838987498,0.0395020828234516,0.148876835548454,0.974993425094526,-1.18409089439313,0.0818637734608161,0.51052598288306,0.835547568850749,-0.636950189739517,1.24389527869318,-0.392408390350329,1.36991328752247,-0.636693859437826,1.30147844714251,-0.911148154841083,1.26629096473191,-1.37040127416476,1.29218431190748,-0.932000138636481,-0.975168198093911,-0.852115432533332,-0.0490949709748361,-0.42758022099775,-0.625551112836795,-0.422760067191933,-0.740115678955333,0.232934068806099,-1.84240851932954,-0.835425679785056,-1.63383025833682,-0.705711702209303,-0.129380743545273,0.965418620360232,0.781911913520434,0.012091902580281,-1.05528436601414,-0.736127512136943,0.27969088052616,0.418627756971977,-1.48773441073431,-1.49714388094074,-1.61435527319942,-0.985974325637636,-0.685595667811761,-0.469024291676023,0.169290416202656,-0.0335431034008773,-0.77093255624672,0.631213985716148
7800,4,-0.432244037253949,-2.3655863905317,-0.151699956000954,-0.440074870715049,1.81073407593108,-0.612429739546405,-0.199411021941138,-0.297866297815905,0.258733340293165,-0.639062251127498,1.76245765629534,-0.864652060646838,0.763784393928034,-0.800014701445238,0.964813084743766,-0.90239112337382,-0.146755975923987,-0.292533215337603,0.602407108938506,-1.3199852675755,-0.257058095417978,-0.823354804987316,-0.306872374952246,-0.725037178994956,-0.868437430291789,-0.341833521990842,-0.910180440642406,0.0338081513765935,-2.05957497807855,-0.553867235376788,-1.74427809378159,-0.84354019331036,-0.869307146563775,1.20423737068409,0.641152006601107,0.546648683872114,-1.2821951334581,-0.113712060458874,0.794597095961629,0.528020587221748,-1.23721011898913,-1.73038836305976,-1.89265692181787,-1.16269489211583,-0.677277247596356,-0.271611332263431,-0.2819953382603,0.00718665548241848,-0.733479497331867,0.358970254983877
7900,4,-1.0180584359108,-2.43796494296831,0.359884809546423,-0.591030108966625,1.25418249589743,-0.604678397562875,-0.202446183815336,-0.0247085287472153,-0.621089780824118,-0.613419776725919,1.14172666596151,-0.959259218790863,0.470403037143827,-0.664981549845875,0.531923448766842,-1.07063384792743,-1.01804097352937,1.17302935183402,0.095414384384678,-1.11308393094705,-0.942940404691911,-0.769577543583911,0.0726641518222422,-0.643706324614189,-0.714658118408913,-0.15459166026844,-0.413468250956002,0.351812545691623,-1.24285722163265,-0.479624365862983,-1.01373424489134,-0.663582380477443,-0.509541209024652,0.830584459489139,0.493439771580671,-0.176532248329316,-1.38187234344917,1.06368872393093,0.0391182495842688,0.313229281323463,-0.653008139544709,-1.12726455219079,-2.75817645436493,-0.624859835863981,-0.729230325835512,-0.483713856418948,-0.877462408844068,0.465307694204065,-0.766101910853487,0.585567057253565
8000,4,-1.03472563996827,-1.49756013234802,0.609930414090542,-0.676638895958413,0.621438760256307,-0.276011157870729,-0.683697417374129,0.0484921875272742,-0.426781200641862,-0.630918475770208,1.16220997212338,-0.676441085095899,-0.559274866432241,-1.02917654279697,0.253660022119932,-1.26292674955757,0.27743291433143,0.0795183492071891,-0.0593787920035806,-0.568187625559405,-0.467924470308987,-0.73922254791907,-0.779050614227552,-0.783402653045933,-1.30714100849395,-0.475528991623272,-0.730446674047871,0.229030837104874,-1.43782170489016,-0.318075582707358,-0.649212743278566,-1.11344130139348,-1.31950942357232,0.206711960184818,0.947177910632619,-0.461838648128235,-1.64078560279556,1.00990639965512,-0.167069951068185,0.479493459219959,-0.256283135141203,-0.862610999529585,-1.50102540671314,-0.484382824832635,-0.899552142933555,-0.83644586390432,-1.84034787204724,0.0757308426948111,-1.0551524229916,0.491516181537653
8100,4,-1.31413386426794,-1.68632585398616,0.357978825148313,-0.437114112156536,0.463107744891335,-0.149504806013196,-0.240191672371608,0.266905499487118,-0.196750240656897,-0.563328690440661,0.550244263953529,-0.577592079235474,0.325519173177884,-0.956868581746758,0.38012805803579,-1.33630373288681,-0.789102952218091,0.286160824559932,-0.359023895866995,-0.684752562813812,-0.384017156445222,-1.09929568777156,-3.57196455865952,-0.710850984130645,-0.685673715063051,-0.636094090748659,-0.696157924410706,-0.166709905606275,-1.67575632944856,-0.213170561730082,-0.963196281751896,-1.33374465027826,-0.986132609693346,-0.632948610716219,1.04868444274095,-0.721757256016503,-1.66624670231923,0.24126375946032,-0.370403007872322,-0.725946310095143,-0.704668157808809,-0.751639175673978,-0.000282071205966794,-0.857336360135615,-1.11849795789955,-0.543336138564413,-1.57334125021136,-0.147219795220885,-1.68659375896615,-0.0194882058922097
8200,4,-1.09751669733642,-1.93881344590011,0.07491331410619,-0.515503754724822,0.854699686014913,-0.0695134024835232,-0.101490152803548,-0.132173599638691,-0.56629208642638,-0.539283160051458,0.292791599495299,-0.182014749778128,0.475536426342275,-1.19051267034791,0.112177041977332,-1.36004088911854,-0.917014332319039,-0.853655194885889,0.622918286198318,-1.10512575009415,0.143580495961538,-1.29738567148065,-2.34935719654485,-0.496080665976865,-0.677113316734586,-1.0293323874949,-0.568114175748967,-0.367732883354988,-1.75843430966424,-0.48291353651688,-1.10200695265934,-0.952221202721893,-0.969516519810455,-1.64470772974404,0.0188772507017897,-0.85801548862382,-1.00110582277534,0.104444633582999,0.437691511990111,-0.379510758857855,-0.488663200017411,-0.284687337749838,0.218154293427222,-0.670617647344694,-1.17250467992103,-1.09386408243925,-1.52963397401709,-0.264420287164223,-1.29376948468813,0.263310692968467
8300,4,-1.31458505300193,-2.23789340869944,-0.293975696327326,-0.705026434039612,0.375715082043032,-0.755305965761199,-0.260524997424461,-0.583803325780261,-0.417808586413162,-0.540422840283383,-0.0601969819849288,-0.431314441763659,-0.40573840712129,-1.51420435637665,0.331893038691304,-0.74099215321606,-0.701271403932256,-1.61335244916201,-0.429491157345424,-1.21564469547946,-0.647166258143815,-1.6164731416853,-4.54889716469124,-0.679748885673999,-0.724438984679482,-1.08860349300077,-0.42651998968825,-1.0738058937451,-1.06548706787923,-0.667722281804788,-1.58758840419871,-0.483600274130092,-0.725166927614515,-2.37687212405773,1.00628709361171,-1.95978121429896,-1.24310010271007,-0.297584304036292,0.789091247097349,-0.570049582215978,-0.677624747261883,-0.218674571263417,0.540547467538267,-0.816092478186037,-0.932739300206269,-1.40322845654093,-1.51133271321734,-0.215988663793072,-0.938120172108388,-0.205144602656607
8400,4,-1.07590802021441,-2.29322017608401,-0.0428666932777944,-0.67421722405421,0.432663553988968,-1.13327909705687,-0.900663926527954,-1.22515695392661,-0.298881614726225,-0.614229468194859,-0.44386121961574,-0.700585953979935,-0.719781244516936,-1.29200273239193,0.270565218406342,-0.91307535957174,-0.102610754099385,0.03604475411229,-0.285662767800762,-0.981379153838114,-0.847537432009131,-1.74860101033446,-1.49552772555747,-0.780107037176507,-0.486376493722605,-0.642863163406667,-0.720135475159121,-0.35172592151809,-0.827521156837172,-0.0745536685243198,-1.72490391175009,-0.376249043784561,-1.09611116163752,-2.01267988086401,0.39873290273513,-1.6055696403765,-1.24694710277697,-0.576043839728366,0.266149784637532,-1.5816868831689,-1.10073859623956,0.465775615850485,-0.259116441715421,-0.424827974592368,-0.81320794316373,-1.58782501079535,-1.25782612979719,-1.01746348360357,-0.667461139446269,-0.840464073059212
8500,4,-1.00169760186119,-3.20075343243134,-0.59361822794453,-0.825043618809766,0.302325815973542,-1.12702192571507,-0.900319633239754,-2.57733964174342,0.285713573393502,-0.691878670079651,-0.958304018969438,-0.958561877484542,-0.0310861566931103,-1.88353378824942,0.320874475003135,-0.822337991383629,-1.53971806407645,-0.225703297338405,-0.297365473777906,-0.949141793900702,-1.18132518698591,-1.6984393414993,0.38961395415907,-0.627170083837626,-0.331472550165878,-0.400618251815758,-1.11377807317309,-0.814895606245884,-1.34677308317395,0.532813999351812,-1.89694803778471,-0.637686868043467,-0.953806686381454,-2.52679871943934,-1.04973820147009,-1.81449130341776,-1.2436332338124,0.895515318395946,0.412900982807194,-1.24503295894198,-0.494230928189067,0.0618902806892485,-1.67394871555094,-0.792507215773609,-0.948094484428881,-1.51622480195887,-1.05031199164018,-1.3086255940967,-0.48258350896244,-0.660604819524305
8600,4,-1.46393644759448,-2.30587580986821,-0.656143851375313,-0.78084576258076,1.20084351686313,-1.58846709827308,-1.1191678890485,-2.31805278324999,-0.0802707115212958,-0.920398294312356,-0.320512081904416,-0.796221094232762,0.159826268470861,-1.84383887350426,-0.323889114961813,-0.613828041197677,-1.97844996785863,-1.14978937018256,-0.465489169975423,-1.01534143098461,-2.4993603230864,-1.45986199671409,0.364945136756009,-0.427980046863538,0.0111354763750751,-0.598656076903297,-1.66199949877654,-0.515036284895795,-1.41913442226759,0.541572580222822,-1.01874118163702,-0.295074897875161,-0.772450254988827,-2.55334714146117,-1.05547456248269,-1.5077558379978,-0.692036886668888,0.450730195125564,0.289660493028614,-1.51046042846933,-0.18061243167298,0.0130308422456333,-1.49642583704995,-0.267519432479263,-0.81893110593652,-1.53455179526464,-0.279775857236246,-1.1897924885034,-0.529835715561501,-1.28969111646608
8700,4,-1.37788262591606,-2.00490947638764,-0.180507930896744,-1.14608706681868,0.0916585398480032,-0.890578507754737,-1.15703607157076,-2.48966215969353,-0.263890728564928,-0.795080892426891,-0.120639829942834,-0.460648056053284,-0.0920147068776088,-1.77320981610418,-0.981094702261376,-0.567429315133854,-1.00407574943349,-3.41427935080882,-0.218251813185813,-1.10357102874613,-2.0918744256949,-1.48622484165121,-2.14057368858354,-0.450031534096846,0.00604377226078889,-0.975628467056744,-1.35250365895915,-1.10979508237438,-1.42266322823982,-0.232774578401553,-1.01275463079627,-0.783849320611114,-0.593055142483929,-3.85920219970747,-0.477947140114672,-1.5258507574805,-0.239860123257188,0.435535936890756,-0.252348410300351,-0.603321500481093,-0.297324678808496,0.437365186748436,-1.26170327673345,-0.840718433965376,-0.787348341122908,-1.4012868786235,-0.390921569984162,-1.05748559415466,-0.540846391630062,-1.43014933640787
8800,4,-1.12239229182554,-1.90875899045251,-0.355755822535216,-1.2155519803041,-0.144953148186425,-0.845999212517866,-1.26181944310289,-2.7482130823923,0.589005669085464,-0.984342466957912,0.470018111061996,-1.07902694007557,-0.686109084591025,-1.22355355149689,-1.31137663040816,-0.648694449439443,-0.942323570318065,-2.93328125692126,-1.04591975904019,-0.867945237604907,-2.04372758093116,-2.09570331846975,-2.72565384179317,-0.570045053945351,-0.218927176496398,-0.695527609825367,-0.898900082926218,-1.69036112084626,-1.3414671024987,-0.264180454294771,-1.50808439251519,-0.982343516086392,-1.09501526327852,-2.75893831624435,-0.778315067169991,-1.42239395295633,-0.441038153608986,-0.0639210264318526,-0.0329968838348431,-0.461556879385613,0.0177243180312293,0.447598025968938,-1.59992912931242,-0.942752648073931,-0.859742140642391,-0.875412435652701,-0.870101933822798,-0.681134908295705,-0.285613717596222,-2.37785858701025
8900,4,-0.80505800206197,-1.11282520622381,-0.426142292774232,-1.73171496259709,0.713397166123662,-0.715665645818426,-1.20746118150665,-3.28279440518686,-0.404460668169003,-1.02662990638686,-0.395676931391354,-0.997469227388046,-0.67904190872312,-1.03475618277669,-1.40098301694869,-0.478041563835947,-1.07556302222821,-1.70402076533801,-1.77570840094564,-1.3231784746596,-0.759350482088466,-2.53269486137421,-1.81506609112786,-0.748747040777443,-0.452330433307994,-0.659711704474671,-0.596401262190503,-1.28806003349519,-1.0140365327641,-0.543900777730137,-1.52069455070787,-0.617676739475625,-1.91551599927636,-1.89657968313384,-1.06719950296336,-0.799941308001004,-0.640732792904875,-0.757683794502274,0.13424371989591,0.261279511606095,0.910783990688594,0.22270522700009,-2.44208568167106,-0.824080414655192,-1.25565058674713,-0.990592255165875,-1.32968029596255,-0.892597237117779,-0.29969297353959,-2.05115388072361
9000,4,-1.33678673946895,-1.56123096880031,-1.15972084759246,-1.16399361680637,0.87252193528653,-0.313137247943847,-1.49149072928982,-2.8445931462762,-1.26659390583121,-0.930258170571502,-1.13342907916125,-1.36670612908851,-0.857460844381706,-1.33675280165284,-1.21418313041619,-0.682209237714865,-0.182642359335979,-3.26893515750294,-1.05657859297994,-1.48534209932052,-0.770400722452973,-1.95215417264115,-0.716346604398685,-0.972148659389901,-0.134613427136175,-1.06595974639669,-1.20778292746382,-1.05221763800988,-0.868717752718847,-0.389038877808533,-1.65472353071317,-0.542309906230937,-0.399231828806263,-1.51540171664721,-1.03895315543644,-1.18134690097896,-0.622767522109392,-1.34197372841347,0.0657503248644746,0.416525050029027,0.702933132275371,-0.0960141330084199,-1.7959277900646,-0.929414634271188,-0.961058524017859,-0.905991274448396,-1.72053787265953,-0.902358711211096,-0.844001462008099,-1.85459971430018
9100,4,-1.60079916033682,-2.69321588245471,-1.76425320840548,-1.01912385048343,0.513089277925638,-0.434507607256093,-1.55357138063258,-2.3526845775491,-0.509803594921574,-1.26350519410759,-1.02000421191068,-1.08050372331119,-1.20939593430953,-1.01985090324352,-1.06189921606471,-0.902217995172003,-0.110998723753837,-3.88297851968118,-0.7103986292394,-1.7755926932237,-2.0366649988587,-1.68529904270339,-0.862369821078266,-1.02163636803353,-0.224765032731926,-1.00311782928086,-1.25353613566788,-1.12481429958381,-0.462183338278536,-0.911153446013716,-1.01053323823966,-0.992534892003071,-1.17602470245581,-0.759346323629597,-1.49031420975252,-1.54040634274493,-1.00487159635609,-1.28060095704554,0.370679108022146,0.264369607327808,0.76284151111742,-0.331020983468719,-1.00418216386837,-1.36722557577823,-0.486686774344369,-1.08460411015394,-2.00026435365082,-0.863945290669194,-0.845364492927304,-0.901888397487914
9200,4,-1.60385821096584,-1.76737356780606,-1.63169388024798,-1.05553902801349,-0.241445399319765,-0.802337751465614,-1.52135036723008,-1.87270838175791,-0.423371172851078,-1.36119456061987,-0.499333444222532,-0.552646134682869,-1.17662228417736,-0.515143286100627,-1.29602542924327,-1.47875819174585,0.163769524097959,-4.351115599108,-0.291838090440744,-1.64924150499859,-2.21815701366241,-1.37403999370689,-1.59586397297795,-0.956619652640502,-0.780151345384694,-1.22279571849905,-1.66857469449862,-1.30234894692468,-0.508780106902649,-0.774464359136292,-1.64298281457071,-1.06548090212522,-2.67274908445461,-0.421447220452799,-1.42397946810708,-1.7332603417292,-0.859964448716787,-1.0316896787749,0.124179525338791,0.0807544219300671,0.621561851839076,-0.491301746080938,-0.838885852443377,-0.965881857237179,-0.342112597976752,-1.38297091680258,-2.1759634811603,-0.599072862474497,-0.767081125329321,-1.22096676764484
9300,4,-0.72474496727271,-1.60758685375075,-1.81045514459326,-1.27768033551597,-0.578432846608649,-1.03523343415561,-1.37416087486869,-1.19502511610496,-0.542018094828925,-2.00781059716195,-0.625901066632758,-0.368311565048671,0.385305627046285,-1.07265060038196,-1.210731466639,-1.12249754120193,0.0183795481664448,-4.19789225744003,-0.204979043742982,-1.53193040353158,-2.10476700285871,-1.27839216752739,-3.50710752662918,-1.2986549680443,-1.10284677807667,-1.70737617935046,-1.8306670657755,-2.06255147041239,0.606876865546595,-1.41930609951661,-2.24670350379588,-1.82990835743825,-1.76594340643864,-0.864588144805647,-1.15238734085183,-2.50844452539303,-1.27374413926688,-0.673835496576979,-0.189470653079788,-0.353573209803788,-0.368901216305321,-0.362575445444199,-0.821561769120132,-0.826492471556308,-0.563433010754023,-1.57768437492163,-2.4838312506553,-0.539428353047462,-1.05715211934306,-0.742384090434373
9400,4,-1.06223094447392,-2.29927796157453,-1.49293167015309,-1.30878102912254,-0.780500009322626,-1.01858135701262,-1.40468286942832,0.148516257166761,-1.45252131682649,-2.09287202412837,-0.227098843620524,-0.567472435984646,0.330093105950816,-1.23983752576317,-2.34964145500894,-1.30416600851601,-1.30717276040677,-3.24528692060552,-0.217229141950447,-1.23983221954587,-2.48360226087883,-1.57628658710944,-4.51764357704473,-1.59632681538377,-1.897573166375,-1.50874176806322,-1.59544402474207,-2.24007984566071,0.153382135568382,-1.36858426033142,-2.21703324781094,-1.53698939999721,-1.74095683815962,-1.37956435605803,-1.63239024054886,-3.03522607025064,-1.43194792079052,-0.976423502767882,-1.27514477092118,0.29070730865256,-0.622527770933088,-0.0386934835354718,-0.304342564281389,-1.38924665329369,-0.567405548996026,-1.69930547453032,-2.56073040732698,0.0322932328302967,-1.26214605247264,-0.187067493548219
9500,4,-1.40825948181051,-0.844733223653799,-1.3362430348227,-1.34312950191417,-1.67005508751865,-0.267357357828717,-1.40632267880268,-0.513123867452334,-1.57623128461427,-1.71602297729245,-1.48840960714979,-1.12593352377097,0.0424281518148171,-0.871476281484265,-2.43675743335736,-0.749239453291021,-1.36137424961229,-3.61583839140989,-0.688691757965,-1.1665780422585,-3.46790722628428,-1.4325139531035,-3.89129973883183,-1.61603082557383,-1.75938956001666,-1.29449799590804,-1.81711599562928,-2.94822652967198,-0.372089426253888,-2.08086791311969,-1.87799531187638,-2.11594756906104,-1.18941401121797,-1.39064158632062,-1.65431373003328,-2.20452612557726,-1.18298716582757,-1.67211801117154,-0.482475254215997,-0.554440911795416,-1.14326225581458,-0.0833058392266082,-0.50285321485835,-1.69192656057847,-0.223327054500551,-1.69112950602847,-1.84709936869604,0.150854238502463,-0.759767385400517,-0.095302377893788
9600,4,-1.53662134122593,-0.885134556019275,-0.805474176989058,-1.35410120876959,-2.60153410621289,-0.181557508346621,-1.72720913707812,-1.0226041227487,-1.72019866972012,-1.21367509702135,-1.46844858749903,-1.26717096390858,-1.02132082783439,-0.720832152168087,-2.11426134279393,-1.3799107016585,-1.29021598438106,-3.04451531496583,-0.971358113092782,-1.05912647015114,-3.77028690705108,-1.99111126952129,-3.75067119034896,-1.53196660211855,-1.48519521473053,-1.91433503024754,-1.75998482823607,-2.87756329115575,-1.25626196535824,-2.20779502506996,-2.15528806444665,-2.66894571685733,-2.04080674391368,-1.32780394506777,-1.57526467546876,-1.80340249237751,-1.4613138394128,-2.01466598868587,-0.51199156836817,-1.14809308418627,-1.30264667255536,-0.641152098682505,-1.72714184365625,-1.535407592074,-0.329634295052919,-1.82002660409356,-1.68237181127771,-0.0870582954674275,-1.00889131013392,-0.564843607697937
9700,4,-1.90590446785268,0.186806054412795,-1.08420801860711,-1.60094264763008,-3.70190036095983,-0.714525377163365,-1.33851303601069,-1.71304259972216,-1.54049645441905,-0.963130103410351,-1.52808603321919,-1.78064877320575,-1.43071021544044,-0.953463593655925,-2.13906406909515,-1.38020161446504,-1.87901687726704,-3.60427950687286,-1.9493335785275,-1.11285891981107,-3.57924810577485,-1.93935690503227,-1.4681600299569,-1.40944732947715,-1.24129573129604,-1.28700458881414,-1.59956885678039,-2.28921419930046,-1.53486838999987,-1.96993445036453,-1.53441875824455,-2.43133932976878,-3.09579345343588,-2.03292102248093,-1.74804908026697,-2.83006932480793,-1.51752364558113,-2.49787353427617,-0.603177502641184,-1.63547309345955,-1.46954934661886,-1.00684415958376,-2.53778793641919,-1.18670800868792,-0.803008842006625,-1.62472900978417,-2.27010536423892,-0.669201608003451,-1.72844587227463,-1.47744528608231
9800,4,-2.09498025315074,-2.6578180924183,-1.19055884716902,-2.00427636615211,-3.67906230423273,-1.42183582572157,-1.25600700512072,-2.48087342052872,-0.979380198215174,-1.56180635048576,-0.921547346394714,-1.25987155543091,-2.59279769007428,-1.01285186889267,-2.64732088944928,-0.978134822603048,-2.70877533921538,-2.31078577109996,-2.02075186339346,-1.17545171719492,-3.63882689092656,-1.89519984434204,-1.45898004474463,-1.67669726016489,-1.19215445292899,-1.22272681793692,-1.74076150970793,-2.2326727612563,-1.36165971215132,-1.66096966078105,-1.32140830082841,-3.06242863438751,-3.44345109934578,-2.76376516967233,-2.57344777450575,-2.77454876589122,-1.65043232306446,-3.33974798594637,-0.706166640633002,-1.81774803865185,-1.90001358629916,-0.576534338882319,-1.75248560648664,-1.77852058209837,-0.974544948132382,-1.7923321234078,-2.56791442068102,-0.852627067971852,-2.59206102730148,-1.38461025379708
9900,4,-2.36869845612855,-4.09412161367689,-1.64758827412592,-2.30224060584483,-2.55130706894272,-1.21293985814282,-1.44082669150667,-2.79133040437572,-0.74032614449678,-1.27185178540918,-0.705631961868824,-2.09793856218149,-2.13922295425939,-1.2522879752103,-3.19645735412885,-0.821464670312729,-3.50579105330527,-2.32343902631063,-1.5611045018344,-1.33153413573226,-1.82634795837027,-2.3629897302,-2.12047578403998,-1.75175861342665,-1.18596211611277,-1.40329314663623,-1.92875636109207,-2.45271735607594,-2.3772891461255,-2.35990077666908,-0.46932481062875,-2.94860417442651,-3.24014574063372,-3.830212258915,-3.38421838682559,-2.42195804750021,-1.51068017460443,-3.43581470645987,-1.35585326221447,-2.87007190996535,-2.29458718030141,-1.42304203376841,-1.46850638054796,-1.32310965681726,-1.28581570013663,-1.78225963850135,-2.48126842423087,-1.18532823414714,-2.52719632207712,-1.68350597119213
10000,4,-2.24610171025396,-4.12044319119885,-1.33025086593204,-2.05049562996188,-3.37949352356812,-1.29182844732483,-1.42168632419505,-2.91313968718894,-1.49888790565281,-1.53253529853215,-0.671173733584953,-2.22500582256286,-1.61659018136512,-1.47905590481717,-2.71795513209975,-1.27933826952977,-1.75962574061784,-4.27177051194966,-1.6840069596478,-1.1158553435603,-1.41651152802462,-1.78484082200457,-1.81643750859106,-1.45465824857096,-1.21766342829449,-1.75901794786198,-2.50600273278276,-2.03173205551764,-2.36670176541521,-2.51377664644829,-0.849315033941769,-2.6569460215459,-2.39369945761532,-3.19095931442804,-2.00180012968549,-1.95886914600865,-1.62046662971211,-2.53702961957821,-1.53355840379574,-2.97816485014618,-2.32515076390525,-2.04320891261502,-3.05615291623489,-0.363807187234433,-1.67207519881742,-1.66911505291291,-2.27516140886187,-2.06477227401446,-1.75100549196613,-1.6272122023079
10100,4,-1.7103468987138,-2.86632226674522,-1.56767574877904,-2.10598858091433,-4.32637258917196,-1.19185073242751,-1.15494626537204,-3.47944608068638,-2.54584672210515,-2.32810886346583,-1.443780011138,-2.56914568557444,-1.61965962179824,-1.00903938309186,-2.05506561908271,-1.04604211362822,-1.54972278113417,-3.88217734544255,-2.04526636567947,-1.59903671356515,-1.67170018233232,-1.91586208799894,-2.36423347452338,-1.47426014360215,-1.76422056022217,-2.26001079176455,-2.35738957487607,-1.65571870645619,-2.39583583438269,-2.66248589130569,-1.17344322076351,-2.84113216144279,-2.97989753346645,-3.68218026546438,-1.01590230720714,-2.54114017816925,-1.90234829168163,-3.40990186101083,-1.31717801633514,-3.10054819180851,-2.01726608626717,-2.09072397710507,-2.43329324883385,-0.725338376672123,-1.56291353931731,-1.40009100211105,-1.94602481281931,-2.44165071325881,-1.3633188686237,-0.924668845777139
10200,4,-2.03650991214571,-4.41702990048925,-1.48726542973035,-2.08438158038515,-4.37310413928756,-1.86518006166222,-1.52846764351372,-2.82841112649106,-2.55274438995617,-2.29764294556784,-1.71556007146938,-2.70158885993605,-2.13156496575262,-1.38623980942762,-2.15640428123479,-0.920769799767788,-3.11205530658054,-4.17635779215386,-2.74551123436059,-1.54812008911651,-2.97097142042647,-2.07865482479767,-1.49924868306147,-0.774738432878182,-1.48020312782022,-2.2357504428551,-2.41134573389143,-1.88855076434948,-2.45244282007569,-2.66973304546853,-2.45029825914833,-2.55035995073104,-3.62997777494328,-3.33027494596715,-1.48149901928637,-2.95759648531511,-2.09412504671439,-3.27323724697618,-1.50097689110766,-2.5023750833016,-0.882973233958156,-1.41976552930558,-2.8535359218784,-0.754143517262135,-1.48321651757827,-1.83959517343183,-1.99633391209477,-2.1510612016267,-1.51403065119209,-1.21265245543407
10300,4,-2.06624014514113,-3.18568982163784,-1.62627245627682,-2.37441382082722,-4.21684155591809,-1.92889076906772,-1.6301517436398,-1.99201718896427,-3.08521353264293,-1.98534888115652,-2.64264764757732,-2.65976681469948,-2.34620657583877,-1.98924376994456,-3.00553105258967,-1.98284845193592,-2.92550372823406,-4.7319974919402,-2.88238969638082,-1.27729481487487,-3.14714601023726,-2.10768482192657,-3.05257344768571,-0.767875687682302,-0.7876823225062,-2.42064132836462,-2.38391597522927,-3.08279129411922,-2.71575257365831,-2.53482497898098,-2.56457278453578,-3.32191195300089,-3.41582723444687,-4.16002058570407,-0.639402271780863,-3.00813598353991,-2.38786180927987,-3.06453803208024,-1.65728760331343,-2.2364511005525,-0.809803642645343,-1.77736565639601,-3.80736914074609,-0.802275558797675,-0.988631978084881,-1.94471682235115,-2.14371964662814,-1.64493434961607,-1.61656555695903,-1.35706337575837
10400,4,-2.11652290297768,-3.39648383090374,-0.819797340914598,-2.57292571220637,-5.25653444677341,-2.2519061076127,-2.07303525689838,-2.19561366775998,-2.90894462051793,-2.07900927983548,-2.51944283830132,-2.77403183393363,-3.29761089235018,-2.20550380142325,-3.49855902880884,-2.77249158155251,-2.87645766345901,-3.71574589196352,-3.33207381857582,-1.10258246744463,-3.686440151634,-2.16883464545238,-1.53033437742819,-0.75223429108044,-0.923830543621358,-2.1764318625799,-2.12139439227943,-3.71240229058967,-2.53652072053024,-2.75502993337984,-3.41133545538104,-3.40951962683441,-4.41380129769276,-3.80685170052114,-0.758285369096756,-2.92049848625543,-2.04423415570785,-2.68160731363878,-2.82308391034401,-2.58185617381451,-1.29677173841166,-1.6110928636363,-3.60933516732086,-1.43294340434713,-1.20568650271384,-1.79542565503365,-2.47167020424704,-1.7530150676257,-1.61720375812661,-0.637924499960486
10500,4,-2.20932097199502,-4.20343052466476,-1.31769595078128,-2.64450672146387,-4.57056741801896,-2.28693811031139,-1.91708804621227,-1.63229517807036,-3.34582307959291,-1.86830878494927,-2.45727503335704,-2.42737562296827,-4.18890960365354,-2.89520118044731,-3.4655684455649,-2.51541679597724,-3.11699290645421,-3.87319348014231,-3.47452210192774,-1.44483282595648,-3.56517956458659,-1.88039780381952,-2.27013484452885,-0.691842989561459,-1.27624848298159,-2.08202478312389,-2.30148947917604,-4.00315969869283,-2.69930008670226,-3.3164970094106,-4.09836240997945,-3.35491887967726,-5.32817586877168,-4.92124733402058,-2.23620733118108,-2.95659728339655,-1.78441736703583,-2.74748518029042,-2.37111629080977,-2.69293168817902,-1.84969486886185,-1.93061384703195,-3.7180929376609,-1.44949935311913,-1.6570589969233,-2.1746895132781,-2.65279233164706,-2.59412978205783,-1.84872230483523,-1.52538417890158
10600,4,-2.29877125090719,-6.00894562003734,-1.3079648274901,-2.7878584582415,-4.4622343312504,-2.73162378591223,-2.31609156513876,-1.83381371348573,-2.99935882214669,-1.5225352306336,-3.35696062066688,-2.23247820963531,-4.16649039660119,-2.85818507612555,-3.51915818704352,-2.74644773596496,-4.28390297406553,-4.16854276579324,-3.8937958703129,-1.61246854131856,-3.06189619993756,-2.02604768027626,-0.780643678258581,-0.658098918838838,-2.03549607627764,-2.21741502532447,-2.00884182699529,-3.46166751512328,-1.71326193504187,-3.9480255939602,-3.72557278660648,-2.89446154736617,-5.5896350956023,-4.60108532222707,-2.67698369658916,-3.42839667454186,-2.14762771123527,-2.49935295882628,-2.05355239922365,-3.26421524189928,-1.95708373744161,-2.5645439149448,-3.90041226233094,-1.82095270419781,-1.65824231449063,-2.27071673561991,-2.36459037571603,-2.59711502218738,-1.3901865904531,-1.74475065496523
10700,4,-2.81003038778272,-5.99739903882178,-1.82663019391675,-3.34167876191525,-4.13072331019457,-2.42752351778345,-2.13219540522482,-2.80013899207603,-3.46159673302712,-2.41801644712031,-3.33379164528088,-2.78737636052913,-3.84486197927642,-2.47071117288496,-3.3355183467283,-2.74815619153393,-5.48445846681264,-2.35214114604271,-3.61933611044984,-1.92970591532747,-4.38504956472184,-1.14877517471398,-2.34943718223412,-0.613362773228523,-2.596755825991,-2.6899185034544,-1.77562724760925,-3.69382383505695,-2.32624768585982,-3.58236419448848,-3.6187659307224,-2.94875123087389,-4.28474942526942,-4.52400544249648,-2.66544960399311,-3.2542111473822,-2.25541392897518,-2.41930694888041,-2.08434950736886,-3.16918262756454,-2.0391878077234,-3.1317049032222,-3.86748465213678,-2.25592480032872,-1.65796000420972,-1.92056924450961,-2.51079181698953,-2.50052673519097,-1.91542392981741,-2.77511958723881
10800,4,-2.57325563029473,-6.22386416572079,-1.35370353889479,-3.11068401607548,-4.78008645106208,-2.77820379139301,-2.19375854637055,-2.95909220718029,-3.54817701978648,-2.48505470967189,-3.60078007328095,-2.88417628735259,-4.49093570006297,-2.05638554864654,-2.78003538276582,-2.89973266221484,-4.59455674792309,-5.33648869207831,-3.4966209294429,-1.44650783653165,-3.08640165475078,-1.78764274773675,-3.96993611241513,-1.26688878939118,-2.25188765466663,-3.17533794964574,-1.79632868641419,-3.6988256801976,-1.87099155801573,-3.91800796185875,-3.9482295732224,-3.20397762856673,-5.75848722162553,-5.22102944956337,-2.58725762071651,-3.31091676579827,-1.63067816072578,-2.58618650843436,-1.69003430978197,-2.64464020371285,-2.24560138528271,-3.37032587328806,-3.90363737336428,-2.93684816236027,-1.7659343370792,-2.32219375963469,-2.52987522329883,-3.16193882027025,-1.85359906511318,-3.79246730432201
10900,4,-2.65381637067032,-6.30683303112519,-1.29903954330552,-2.76974021085593,-5.72891437278465,-3.56741403560029,-2.19584762660016,-3.73284730253925,-4.07788127130738,-2.61766537935379,-2.58701066045597,-2.72234678492858,-4.73012749494574,-2.56340313614873,-2.51832841252802,-3.12688104902556,-3.45724204350938,-6.01650370947315,-3.62754453791872,-1.67668070731326,-2.9036158876608,-2.16121812781565,-6.16978594321963,-1.60800706105641,-1.97851912086011,-3.20624360868943,-2.17630862484853,-4.29011451929344,-2.47059168634545,-3.46921340456208,-4.41910008664332,-3.95974708239905,-6.28293252476417,-5.17061806709831,-2.45991377893415,-3.65860523437538,-1.71321491954803,-3.11901892099312,-1.75863233398,-3.03026644906784,-2.69283132312217,-3.12297409204439,-3.16621843593916,-2.41600816822229,-1.8580280769791,-2.99922488031102,-2.80031375746685,-3.0325620039082,-1.59169168398598,-3.84192299886159
11000,4,-2.67318346464591,-6.16166832646281,-1.71784842111174,-2.49952343416317,-7.02600871989563,-2.86834225035013,-2.13638527873193,-3.93796192012135,-4.03797785171331,-2.50144772725505,-2.62871819217752,-2.75727402565861,-4.1467646123796,-3.43983946714857,-3.20220816203022,-3.3971359498529,-5.3990911011997,-5.59685168586808,-3.72796902963824,-1.77495275257355,-3.63650221657878,-2.40991363598326,-8.19253796013626,-1.90694066264327,-2.12680850511171,-3.01740512316244,-2.47765589825998,-2.98066657981112,-2.73205350315307,-2.62254850158545,-4.17326045950532,-4.06400067106784,-6.37894667411107,-4.95316134497132,-3.29407381128954,-4.01981354920308,-1.94837526721301,-3.52320685630779,-2.47015984415095,-3.20998186140081,-2.96973836677599,-3.30363291458643,-3.96923649186112,-2.21850791557911,-1.81033850369063,-3.32199891085695,-3.11730600965035,-2.47982350642596,-1.9815192890533,-4.55695178141697
11100,4,-2.46828255188452,-6.82587256466178,-2.44640647581553,-2.32590852747597,-7.06415477926172,-3.03867401053071,-2.53187649003619,-4.21980668572181,-4.58968653618839,-2.84470214252792,-3.72581908049211,-2.85460074467872,-4.52451322039833,-3.41450583956325,-2.49718230706733,-2.6834775182393,-6.54691781002434,-6.31291590689187,-4.05546625321739,-2.14009603605904,-4.5776972871474,-2.24678497740294,-8.14623564292591,-2.5371120403643,-2.68460903772454,-2.45470343211655,-2.98297363329159,-2.81404555853102,-2.76692708960824,-2.44108930970257,-4.97251658462331,-4.40190442735993,-5.37595354422505,-6.13326094527873,-3.18786919021908,-4.70171587544961,-2.23038773188112,-4.91808826214386,-3.84240669002454,-4.09688441726077,-2.30159579328674,-3.14179350206088,-4.24535825789306,-2.6337231051591,-1.65409385368031,-3.49296366965778,-3.35584411587366,-2.27736258941898,-2.26802669338451,-4.64932072266159
11200,4,-2.48913750204206,-5.96291765425232,-1.99291188243427,-2.43637300345613,-6.46124444367183,-3.83791904027177,-2.71057687292374,-3.45169315762278,-4.6910662473678,-3.10819362232378,-4.42674442729686,-3.16958909112328,-5.53183947871826,-2.99082251720189,-3.37531015812698,-3.26423361214233,-5.9807094196554,-5.81087017772906,-3.65682564129628,-2.24912337404911,-4.32992059945789,-2.7476154705224,-8.45499372446405,-3.14010355280446,-2.58147392262019,-2.89908770273693,-3.2720627778908,-3.0350821689289,-3.32177231464485,-3.81901653403296,-4.77776230308396,-4.91055773537315,-6.34948283766317,-6.24264488201501,-4.18134496238882,-4.65926904098945,-2.55766066534466,-4.36961433006643,-4.68572437263848,-4.25604540103899,-1.46844979579343,-3.22219531913281,-5.35707199455285,-2.32384341270977,-1.70137422304685,-3.26374676404893,-3.6786141884374,-2.1272941824273,-2.07969195751144,-4.51244436290717
11300,4,-1.95777168990286,-7.51330972684632,-2.18752775560129,-2.38606113604625,-5.90348390695914,-3.54395101203009,-2.85479836961047,-3.88071123981923,-4.65067984421432,-3.56537206521856,-4.88227756026421,-2.70609923414412,-5.1355300000265,-3.42032707794906,-4.12518214232316,-2.4916560756716,-4.84168442269067,-7.21445107232006,-3.2551811782599,-2.82292492767151,-4.75193629499461,-2.96983635440089,-7.86392700526701,-2.83889930681796,-2.50570289103266,-3.69536340175484,-3.19078320262741,-3.91249437521076,-3.03519063359996,-3.72058532813762,-4.4826630468916,-5.57035652947682,-7.09793147573837,-5.54925853634028,-4.46529046088128,-4.14402409878072,-2.80221976241204,-5.11064287396879,-5.38739001100202,-4.2199932219547,-1.92309700929183,-3.17988325452389,-4.87531007131519,-2.05521355735759,-1.96019979652714,-3.15866853715759,-3.73062224045813,-3.4548318673629,-2.31414011665231,-5.15547143292113
11400,4,-2.21179314701752,-7.28362203679696,-2.46518586058611,-1.97927904314235,-5.65298398253117,-4.15101227309291,-3.51218657174531,-5.1678299514306,-5.1854810691097,-3.45117016227628,-4.1276911182367,-2.92915889627932,-5.99752639198054,-3.27851499557019,-3.58147206565682,-3.28988357693941,-5.9003346464639,-7.39135132355535,-3.31093447770873,-2.56307839017022,-4.69693706509058,-3.02630609683535,-7.03797752763499,-2.94774409085937,-2.21865929808607,-3.58235173047376,-3.36142402123375,-3.62138415196167,-2.30763650967916,-3.02866278116066,-4.37205871620031,-4.84023378983922,-7.81334333138343,-5.04778857148104,-3.89870474858241,-3.66066757033097,-3.45301642770828,-5.3201978291017,-6.50665888395398,-4.30531501446015,-2.24038732614064,-3.27451852809636,-4.10984283551641,-2.22786374338758,-2.22563343111089,-3.24534654791702,-3.71866084988397,-3.80429410972558,-2.42292014682032,-5.49992408343861
11500,4,-2.33152413622896,-7.89268334471751,-2.67287734011097,-2.23031391646578,-5.67740935511859,-4.3954875922592,-3.59067726067405,-5.11955945998469,-4.56709632997956,-2.85794353691916,-4.48432372965858,-2.97986386046102,-5.53526012562072,-3.29060864455711,-3.79980379664657,-2.96809127879556,-8.22659548665244,-8.31687505077383,-3.62042670160649,-2.70624839760429,-5.05742896521834,-3.105836772876,-8.89826554619386,-3.04604675303379,-1.86132848932417,-3.45369625291253,-3.88101811583948,-3.33226798052111,-3.41623874957283,-3.85781470831968,-4.48387977100521,-4.4808845343365,-7.70757829465361,-5.04772229030589,-5.3131699213527,-3.4563582108735,-3.24288399490242,-5.66869570156833,-6.01759464507341,-5.3007233089432,-2.80790732149238,-4.27199286435704,-3.98387353896692,-2.55066658776908,-2.38416725576453,-2.89892082842264,-3.40714819275962,-3.99643755068109,-2.13580121160453,-5.5877636754657
11600,4,-2.24039319357464,-8.63080868837258,-2.84666922858883,-2.60728107434256,-5.5089777565797,-5.1923566199924,-3.32379885525574,-6.21317152812124,-5.08681440886969,-3.52204485545272,-4.39557411972727,-3.29221298159082,-5.8156118636884,-3.71728673501236,-3.74774822814041,-3.89495124793946,-8.87864666373126,-8.30849069048071,-3.60459254502471,-3.22282614395346,-4.04565986736993,-3.26795280779034,-7.36467575952902,-3.52873160575681,-2.87692377491554,-3.80971761913305,-3.11287181742715,-3.24378134243505,-3.6323441184684,-3.75882533526753,-6.37293640452895,-4.91143648545146,-8.56391660613231,-5.56882772040372,-6.12271258289359,-4.31086815210981,-3.10087089541224,-6.58676175872768,-6.77326782157481,-5.84352452307491,-3.20507086374728,-4.64254919155472,-5.75010378359342,-2.86055976999887,-2.70519775523829,-2.51258295968194,-4.23330674487577,-3.98755083588278,-2.59563839979773,-5.07044887842079
11700,4,-2.59034582434269,-9.56765153804129,-3.4815255326552,-2.39452429262426,-7.18969148526523,-4.99735011686505,-3.09166158720585,-6.67630428010617,-5.72845620786129,-3.46778209212661,-4.38453368499771,-3.68314296680672,-6.29490746979262,-4.16804025346507,-4.40204896981646,-3.97135010322009,-9.11908788172191,-10.3165581663533,-4.12964195024383,-2.99553051563161,-4.23656663752362,-3.58856675285858,-7.53364766244082,-3.65431465883002,-3.08316493230745,-4.04219253624697,-3.07326544784246,-3.32154823269451,-4.08982393870109,-3.73578782450556,-7.0068026695247,-4.69842297430955,-8.03382088540143,-5.31467900844915,-5.64098704944539,-4.57068033749863,-3.04650264326564,-6.95636769320281,-7.32779816356742,-6.18045799101824,-3.43410282420887,-4.37842547560677,-5.66066275812197,-3.69053322839799,-2.85506449551647,-2.68383764392375,-3.74483628323432,-3.42848779796787,-2.45314195778256,-5.78372750096691
11800,4,-3.1329703696803,-9.09082814588163,-3.83113794006828,-2.8918501115695,-7.28732808344552,-4.33059913356375,-3.27047569701892,-7.00279044803975,-5.72822681199736,-3.73758426351888,-4.42034203787776,-3.70410928793181,-5.9440339202834,-4.04526273932013,-4.60713500012435,-4.09659702493813,-9.02746833012279,-12.2863560845705,-4.65423365025718,-3.00426540743625,-6.36469515370916,-3.53992528848478,-6.87342958609416,-3.23618142824245,-2.8712298857844,-4.44452226789236,-3.16474110536352,-3.18189998136348,-4.0801820128928,-4.56921508335887,-6.80296188356674,-5.09777663288678,-7.66771071431202,-6.22507040009701,-4.44948713650746,-4.92174054449874,-3.25835577245229,-7.21723022701482,-7.85484375695746,-5.40979484584318,-3.92911852489127,-3.73010887240365,-6.66106812416846,-3.72095707612411,-2.81986962369121,-2.78968617278749,-3.49487209072999,-3.52524153848686,-2.67131986225009,-4.9016905649742
11900,4,-3.50122392745388,-8.72777471948755,-3.93254042306414,-3.14300298581929,-6.11200576811395,-4.32543049815353,-3.23638235141159,-7.24942043115576,-5.36213253476882,-4.36391555049943,-4.0051171215825,-4.11043181668289,-6.6079749603641,-4.35636936663204,-4.28454860031164,-4.34636410194259,-7.89870229248468,-9.97842728208222,-4.61355972070032,-3.14585013606106,-6.82377622594123,-4.16318808867237,-7.44411780508188,-3.25094242468512,-2.86602894166358,-4.25446154756111,-3.57763369101615,-3.77884783826642,-4.59493495729759,-5.02960261308804,-7.15420217441405,-5.2515097522693,-8.46495464381432,-6.10436219732593,-3.99011168534404,-5.47651396648059,-3.75377289460541,-6.85454862904138,-7.59506078632193,-4.56138596672828,-3.25341160467037,-4.32111224894201,-7.22709316294918,-4.21070884918409,-2.90801804262772,-2.76108791260871,-3.76412222715832,-2.58678753003747,-2.96208841200335,-5.53589088191749
12000,4,-3.63517467088032,-8.42142806154041,-3.97659535933813,-3.0240641240044,-5.85576780208639,-4.54204846619686,-3.40850099367518,-7.14937970957444,-5.77374253045261,-4.69444469892801,-4.21447447672042,-4.16402702791576,-6.21283309401013,-4.20301346164941,-3.74694212046593,-3.61360888778149,-7.40850260265522,-11.0061736223659,-5.99362743865852,-3.53688793405912,-6.39210657622439,-3.98076999986784,-8.41296612876109,-3.41741931540568,-2.7318688087468,-4.18324177579529,-3.7983046072995,-4.52145914926841,-4.92527604007337,-5.07691997781461,-7.19427638148747,-5.04381198838124,-9.69347832179741,-6.98362011897709,-5.42290230609585,-6.28738869620144,-3.62980513423024,-5.84607936753961,-6.10793795733696,-4.72065741062544,-3.90009851908029,-4.81915377583805,-7.24563351474344,-4.0485098171683,-3.18741091984946,-2.95306727876787,-4.4102774407197,-3.82089812117343,-3.55804656512069,-5.26781536813061
0,5,1.05933751600868,1.34681833198783,1.02216179032924,0.776307228673681,0.755215368389749,2.02678891592801,1.26661020526957,0.670120770572484,1.13686322184922,0.469576618517905,0.740064251368308,1.18361046358423,1.08329787657672,1.60348863673183,1.68113457465651,0.516125955769032,1.3229651991506,0.710856450141195,0.779108650605035,0.480856444224328,0.64262303674278,1.63191298397508,0.741448133604459,0.189546296360073,0.575305580225799,1.46915171198977,0.848172656360489,1.08127704212822,0.491278122041924,1.66702577586382,0.442386701783168,0.320266181528939,0.539525554007891,1.28399466864419,1.47552613861316,0.463954392751825,1.61455773494583,0.683049449396056,-0.00948170613068855,1.12375875576342,1.58163940329159,0.476218836896726,1.52964853661924,1.59776791678942,0.808270295364269,0.705189623375798,-0.105108771690658,1.41506121217375,1.03612990848907,-0.229083464433992
100,5,-0.493141267157535,0.41933747522996,-0.00330010512115808,0.05051333699785,1.00245849629565,1.66331748061374,-0.0252650767205698,0.161013920630631,0.0289223780354205,0.148796663949486,-0.66526309753471,0.666575341318286,-0.104856880891817,1.22952472782536,0.0671206921588656,-0.410898512659301,-0.0753410867608707,-0.423100947884353,-0.328067278964164,0.650556900476517,-0.14033320671371,0.541343180803726,-0.130730890897102,-0.098767277986575,-0.320996380867933,0.021684441128788,-0.28445518373224,0.364834579776469,0.00330010512115808,0.290810515549711,-0.793264599116892,-0.583829877974638,-0.477776369023675,0.0748744403556997,0.556234761892635,-0.63877524890609,1.10060860669109,0.25880159221235,-0.551580711586634,-0.0801309762708741,0.820851826830614,-0.380926200964784,0.822926867954681,0.30004033643208,-0.213520845827885,0.0127888954459178,-0.0526861051909333,0.218027346928845,-0.147848893651035,-1.00045161606032
200,5,0.208081632099748,0.351874526829587,0.0921681211490348,-0.121709281039337,0.213595902173755,1.47415483151679,0.127413304426061,0.15268021367024,0.296261923466688,0.335144070388045,-0.349010622317969,0.350547141427476,-0.635519828322168,0.825815016416987,0.342475844804392,0.49841938729098,0.340826720287741,-0.130458607819378,-0.0199791862554213,1.20400338462489,0.0224460947301166,0.903405245772717,0.285679905981199,-0.00908751657104612,0.0769323104901012,0.197475689896264,-0.0323487775212239,-0.268556854168636,0.125761024603347,-0.0568059790138395,0.0438512464634679,-0.0627792738942828,-0.157386910726236,0.0788172247098804,1.32102638875258,0.330007222503091,-0.404847645659899,-0.126089679965009,-0.3318239235623,0.517988289526784,0.900000467828328,-1.24042663820352,0.146420627904174,0.661666228055192,-0.285945687462515,0.161624246920076,-0.0890641564334447,0.14536833770683,-0.162297127502893,-0.858472073551907
300,5,0.331940454956447,0.503540681243632,0.470273511151652,0.188457091071951,-0.126150805409837,1.45619888830848,0.400994065244696,0.304621513463117,-0.00599360077608946,0.645441625593057,0.161082454593807,0.27136012800109,-0.729623329443819,1.21676984676545,0.985595335756003,1.33790124634442,0.505865788152089,0.0807711909377211,0.130433558312598,1.29923278275845,0.187694025184056,0.874478246287581,0.311004910697603,0.0833839052678098,0.4048273458893,0.521737325149125,0.230310055942896,-0.610940747146947,-0.0254457496617617,0.439275548021152,0.350887347021755,0.500315376718776,0.375205240845939,0.00157032630583676,0.832656400262702,0.196853115953594,0.772277934015741,0.72114102110956,0.13598454478981,1.33363260685848,0.409449362656019,-0.602762871816642,0.656531355006143,0.953386944576749,0.251010168702331,0.277848957253251,0.0896717397236098,-0.00337544153823355,-0.38910479186234,-0.402928624915966
400,5,0.349728900103893,1.61050551414069,0.714302944079994,0.26015543758062,1.03868146454666,0.496880826662003,0.592041381968308,0.155360954274412,0.450973311806925,1.39948992943279,0.996572628429157,1.04454031869895,-0.194057047666171,1.75623740975644,1.19254988650809,1.40766568107976,0.699795363255627,0.403215403552559,0.444331135594441,1.56809831640669,0.861326512756373,1.38219749810919,0.660282147829709,0.402923432748364,0.912055218937383,0.709437073859585,0.890398981392081,-0.107157520822377,-0.252629106989531,0.892173293868154,0.602414546430553,0.959026430831721,0.211880315024328,0.233178492576798,0.721715559351036,0.486774580017512,0.652071657679915,1.17007616562798,0.483944978801746,1.34460474105334,0.576701673902484,-0.187140286012083,1.34296559031821,1.54844625644941,1.27922237917029,0.314778011496101,0.332607305235273,-0.129390272152969,-0.0152710099977068,-0.0568071987867558
500,5,-0.0208820860509384,1.66808331598686,0.479891898292473,0.167102249866001,1.31365453109385,0.724466136699039,0.772098641887515,1.04330331491667,0.609556701892334,1.05413628536445,0.700300293540676,1.02555213402285,-0.363378261527739,0.639677551799719,0.358884558858784,0.886887972675592,0.181193672161851,0.479794710675508,0.00867826846027597,0.278772154713016,0.506779434078813,1.66480055646484,-0.418384024820999,0.48644338114509,0.527194023493879,0.598498919569138,0.126386025250241,-0.052864183701943,-0.333904691035215,0.596459683508095,0.632592374702122,0.878318327995029,-0.0841754410599849,0.132576087687124,0.572308726131423,0.087344004283515,0.572699703438473,0.962709380145007,0.390319550159064,0.13074070039519,0.369149739621203,0.219358976915158,0.917956484930071,1.23145125218257,0.223157848539343,0.296159731794315,0.307727147888412,-0.0247716007304267,0.276130738942511,-0.0601769612037001
600,5,0.611068856692101,1.40080149705763,0.745287710535321,0.411983620294062,1.40088581278537,1.21496788973142,1.3928761579114,1.21067925607286,1.21814197048499,1.16993331967785,0.539691441573108,1.25356358941871,-0.266399952316045,0.663712554122092,0.591956535508535,0.692123898127177,1.12710607126837,0.618319766989004,0.380589662857168,0.319496851712174,1.18220337988774,1.9949317433226,0.16574251282096,1.12661566903065,0.712517356133489,0.842339536642363,0.185140508094563,0.459478260502873,0.199777282234513,0.739038734341409,0.794709503449797,0.691479846398874,0.256568586347322,0.799552485365523,0.8400328044764,-0.0988592815202882,1.09904236822117,1.18331559521098,0.778853747712854,0.854451498118002,0.5206320386818,0.330978675672369,0.913636943457162,1.36652278030566,0.232621600028532,0.309243457440087,0.696858944177416,0.695279631505293,1.07434601512962,-0.159157058439746
700,5,-0.187154428850305,1.08957747689899,0.795018656349844,0.404572397594279,1.42168143418165,0.450162395846243,1.35022937349825,0.968520289603191,0.816866683521072,1.46658478563329,0.157897382510282,1.52135898825369,-0.154692293972382,0.179608199196991,0.608722570076349,0.593854342026908,1.11075490496049,0.758668392618185,0.198786253678371,0.288632345129564,1.04946348284175,2.39919413605075,0.218270180134798,1.14573217712331,0.717776723791691,0.229975328462195,0.326933152096437,0.360575726336309,0.476474320386056,0.969728213472453,1.13690129765713,0.452630274686289,0.21879709509371,0.531796779610477,0.127357606492667,0.183173721725634,0.716259971435953,1.23777382804772,0.439327294689916,1.04710683267201,0.281718664442414,0.492842465983998,1.19551826516878,1.40911900867847,0.825957517198181,0.38128201559434,0.699101842741655,0.964698862516415,0.228148558827088,-0.121690494302061
800,5,-0.0572762049220819,0.810830800584235,1.23390472069202,0.639295047854847,1.51431873387273,0.676015288949943,0.901446553421756,0.613413960307428,1.05276434272371,1.1084784981783,0.331561782616669,1.2506833349696,-0.363301952025517,0.353034633541464,0.333845095599066,0.0545334649942434,0.887306231173625,-0.00802499506400067,0.393314068897797,0.30470157580447,0.92373486889466,2.27009050122029,0.612259547740145,1.176993803759,0.616869541841218,0.0236307832206393,-0.0391838345188698,0.474218609562647,0.509948352383913,1.40555169453712,0.757155191007181,0.512414403282681,0.197461677005671,0.768471556514602,0.42451887843452,0.106858488451727,0.432346505687067,1.5297780923118,0.890450724054239,0.882107573137066,0.428446605048002,0.347239213534291,1.41619697680907,1.11750550425693,0.817147254077699,0.627288795820097,0.62916647191989,1.15244783284366,0.294017612313158,0.00184751813925443
900,5,0.255027519508683,1.03698605238657,1.10234578676469,0.809136871058372,1.52342002113995,2.03995441150862,1.10441864154026,0.917230639543859,0.689614941890961,1.26666160153202,0.763981571514202,1.5391765584375,-0.0576431133164924,0.288607886473008,0.858280576689131,0.425791693974712,1.04869506013635,0.631033273128445,0.730578929120935,0.429491230470313,0.996566865406852,2.25526183683806,1.05363625818589,1.26440296535733,0.649479765871989,0.769046454054754,0.374727136419363,0.686860427810929,0.704774808878798,0.998499379014779,0.74697335446038,0.874008832813635,0.328222781539574,0.976155365651046,1.4196301610248,0.149316680440032,0.496763643700679,1.26578012662072,1.22797542476834,0.787332406718507,0.412211032160163,0.892926275964129,1.05072505972245,1.02602458902495,0.576717245862522,0.955818079528257,0.949072616197992,0.913439492926992,0.621881586176243,0.34015781023302
1000,5,0.0964320855787718,0.724940526739034,1.25283243884421,0.919681141868592,1.84951537658996,1.66279174925197,0.863886841584866,0.895607688425431,0.583477909556177,1.23869479538341,0.74083419155216,1.12226830525961,0.26588473913126,0.825605627919844,0.899312839772887,0.739515731578825,1.19427942021147,1.01229751402617,0.625442123994105,0.629530447299167,1.16942745497961,1.89365213491707,0.952712183837627,1.15941531129807,0.723017325841267,1.16148609305866,0.994367382685861,0.732919892566224,1.20166201079512,0.797243627407744,0.55663670087559,0.519748588753898,0.536310558486006,1.04062555430642,0.667371909300653,0.247307071784122,0.514045509477419,1.47212292989662,1.00125271887147,1.55924157247777,0.480343144904531,0.242035661425755,1.14766682755085,0.866213588069998,0.811652171502323,0.829368769437981,0.773810687487132,0.89905683845998,0.821842151275848,0.310108557995958
1100,5,0.911635137874435,1.148297503635,1.4741952619941,1.02058227307568,1.24650182118564,1.52845941178938,1.08479426172423,1.02381650971258,0.883451236936367,1.15873170637018,0.307967099020886,1.12826951366017,0.233169834136004,0.541651416108808,1.09039792208775,0.529260702602405,1.51720923512914,0.716123198400039,0.715872203571632,0.24819607619665,0.983504504034312,1.9020669322333,1.03779829301888,1.08404794022955,0.87644369708622,1.10296337448178,0.905655688463368,0.298596734316531,0.999754060014921,0.492087153892293,0.800109400718212,0.770701550570911,0.378347005172526,1.07312044005527,0.867514521715789,0.557583484717168,0.642997320872827,0.771911870786457,0.990895940304971,1.22605047406923,0.585130303227302,0.0574236546754107,1.45583833565672,1.64899180311836,0.789469776238022,1.0838559596434,0.782042604280217,0.587218094124628,0.706688321570044,0.578257249273854
1200,5,0.858873464352942,1.40102571316997,1.47873222740674,1.0102272913357,0.933930140945306,1.38689526238236,1.04028676066343,1.03300184881711,0.943247948584168,0.839731840953357,0.0293693642508471,0.64838682901636,0.684213077007903,0.726951402123964,1.19705917458755,1.04219029006875,1.06134113871672,0.654399288524797,0.923535900136707,0.535924192562355,1.20473440835043,1.9145737717035,0.809593104718784,1.06918672826849,0.836660395874026,0.967724279841709,0.918480672391047,0.624078412797675,0.913568632467529,0.797896662549883,1.03230725478023,0.91350852781655,0.890241670343403,1.32950663894527,1.91606811671453,0.71114874722525,0.513799961861007,0.418297625318614,1.04751729069792,1.11067081285174,1.25607225904893,0.0339214795504674,1.71100770449059,1.18860079640684,0.721542696926162,1.21693665988315,1.06176348091591,0.469446671698797,0.625898248166353,0.591800162493564
1300,5,0.721165442456738,1.68561685931104,1.46248798709672,1.41493252374827,1.00999340108049,1.60028688113883,0.859755794450506,1.07559080118856,0.4651699017074,0.737965619945837,0.189600154977797,0.696918674323337,0.661576820089546,0.541824196972515,0.993371884569569,0.790295979926506,0.963804470657765,0.643030283123401,0.751088167325996,0.661941945683204,1.11077576128556,2.10989204152832,0.52469335576406,0.867538967469047,0.855941077179425,0.845732916494366,0.937485327972142,0.488612867288686,0.723039117180382,0.564149700930506,0.602945737517284,0.910473329205966,0.559086876166545,1.12958627368923,1.20013940945098,0.730513148839156,0.708532851339452,0.223409555893483,0.772932224965771,0.953945518067596,1.19055752069201,0.351516431099819,1.37975893589847,0.916719234386493,0.571265176606869,1.09925335687658,1.12526696708967,0.956902212197832,0.415521970081032,0.337133099149118
1400,5,0.492985860945339,1.23345439871344,1.93163989790368,1.00121962695543,1.4031850753099,1.61997647291836,0.792239428277922,0.322547931945062,0.215946210146198,0.745617307158487,0.637183299570081,0.572254258923495,-0.155276253348352,0.584887089938208,0.165350276908196,0.57539365016449,0.18482246949676,0.157585954226372,0.441955531545275,-0.287811516312949,0.75709060667803,1.62333759837372,0.181107543076458,0.716540568687259,0.773366361449029,0.359543135413781,0.195815307881061,0.550377885623215,0.302229610219996,0.545026208256587,0.177671350815822,0.578768579330507,0.44075153729135,0.819279916898639,0.367615817396595,0.888433245764005,0.887705751789043,0.542231495529589,0.101385773666983,0.495726215435919,1.17952636806474,0.22911807886537,1.45790321760543,0.826069979800843,0.103676786698741,1.13995916050748,1.31271994817695,0.874244481728251,0.50437580598975,0.190050308208866
1500,5,0.12611465664278,1.15299983890691,1.56818888906333,0.644959206605796,1.05165608420132,1.74967147892546,0.871971835108152,0.453741887154672,0.497673953543671,0.546453369153573,0.191602324084877,0.808699985112766,-0.174400732269176,0.426561057181556,0.664583987965367,0.718614206445166,0.756380866185079,0.338016883463773,0.492795859843928,0.53924750184322,0.24743378855191,1.49692468349757,0.0113647397863297,0.884214573137705,0.859071510476049,0.349885287391404,0.0332580291391587,0.578812339224045,0.783914536744314,0.570965751792671,0.600248096975616,0.772120271245123,0.824179478131573,1.0742059678405,0.691553027280274,0.966393166617031,0.966162560505329,0.250141245003085,0.198411958691355,0.955815422913904,1.23920276949523,0.214026641755748,1.46400959119429,0.782168150493113,0.237509886993729,0.860603432081141,1.18949089604852,1.20223708204628,-0.0849088652576266,0.520674806579253
1600,5,0.0336436999987393,0.936145347880538,1.18912441130688,0.961332694850374,0.955308667789832,2.12377574098207,0.201351419961236,0.86311103160441,0.31680174690671,0.515595352097134,0.352471704053047,0.44165434890104,-0.0501774392384133,0.516023440490526,1.03766800067551,0.961062671786801,0.682522683619973,0.174372171036006,0.583970944588107,0.586718009992049,0.390613784329835,1.64097620658533,0.175057842217519,1.00462014249983,1.05327177212965,0.431340358583746,0.277944956242054,0.500339387110718,0.754128661871249,0.657097028064844,0.409451455865897,0.642762849795331,1.1992571707953,1.12126777542738,0.926462693792021,0.922366125367786,1.08844397733902,0.948042871425431,0.171939101126488,0.679775456492481,1.20397282542873,0.265838958354672,1.28424582025978,0.769358041056856,0.20238010564458,1.03701101376004,0.868840573106559,1.15253825329155,-0.22857448130161,0.432840119567537
1700,5,0.0231374274224307,0.864793731642535,0.615358345180556,0.841014188602385,0.424158311470613,1.40917177439769,0.738123396701595,1.07482704931406,-0.161726241678797,0.759333722646291,0.59903078479755,0.208321511908912,0.181154514121832,0.436208578656846,0.79223026453736,0.576373861114977,0.549550891268528,0.481087924832073,0.335399202601755,0.308509386929128,0.595200407359202,2.0545581951303,0.0131619619108531,0.93518260392481,1.37231608150691,0.40469592121855,0.217372660536129,0.700716683871893,0.750956786514719,0.729785269301872,-0.0554577909253124,0.551906835313482,1.07514287500244,0.902898145832905,0.833095036958494,0.905567470741119,0.679166455108649,0.79906457071832,0.300509997376106,1.31074332657784,0.395882862023297,0.300664449938058,0.767756188993235,0.449731218396308,0.306760539950226,0.696631164933393,0.722912607220601,0.92911003034488,0.363123173985542,0.253924562048203
1800,5,0.278221106284811,0.808747981209904,0.741030030576188,0.593317273202651,0.773859284082541,1.77420339236165,0.348181996623426,1.11118085918162,-0.103461186890443,0.894250026056587,0.697831101663035,0.413437201598819,0.217845338927258,0.423017824125131,0.883357321709843,0.992299343178413,0.942495362133637,0.480264505126087,0.397284381312599,0.29230011604099,0.514434548575999,1.73040717394606,0.443719727137149,1.12693207072252,1.47217694441697,0.296872882348595,0.219021636858352,0.641816583993829,0.622608975168306,0.501979669554257,0.210675774170962,1.0591888247575,0.896397956655977,0.6988203576056,1.11120045031767,0.811791052608585,0.560598335763447,0.942033091092356,0.0447659799425144,1.54291982135646,0.674752507739717,0.612763943669787,0.885774842362109,0.747502824003187,0.440161079948038,0.654204904041139,0.885204537612858,0.761981973180129,0.215125660449391,0.596215735912437
1900,5,0.425663972840435,1.10525891561075,0.986238507597284,0.76055120311349,1.44921965622326,1.26365140275303,-0.0341545085716192,1.15176411321553,0.00767091046168966,0.50134461784053,0.656040006547407,0.400603661929417,-0.0294841786047386,0.566228815799693,0.765276435534027,0.932324772560747,0.565895918024239,0.260485851450893,0.721899701347791,-0.233665962500263,0.875745284963707,1.77802497831653,0.494168962517448,0.967149689631474,1.39519685194822,0.0148693238404642,0.667530736784343,0.898823955686292,1.03335160239368,0.241130101844992,0.060615030345362,1.15375884218473,0.646662550151116,0.982672944681274,1.36446783061428,0.501952363393484,0.612516285481208,1.01001144096747,0.0719330987651227,1.34285571697333,0.627610722025575,0.310686438199368,1.15589809215228,0.915017505030345,0.327810256066296,0.525269861395076,0.976539369418564,0.797337232079672,0.51862813761415,0.742702849964563
2000,5,0.215589908246231,1.37947102841145,0.921994153318013,0.73316054268012,1.08237065481404,0.609547729012998,0.204470313299816,1.99542680045217,0.574959586775626,0.470276552730001,0.349531723383402,0.710968737904077,0.0568102193964038,1.15144472658301,0.595474737527034,0.477822701359906,0.796893620185908,0.612214711209375,1.2010567513191,-0.167683690882708,1.10592625687083,1.80938670403245,0.42928815328811,0.776585282142197,1.02292943565625,-0.149344929721621,0.910807318996537,0.720519904540643,1.21647173555571,0.226852889453881,0.225192808964436,1.26956827238335,0.645622698705889,0.641018218090157,1.23398749094887,0.717895018027977,0.0704346562920899,0.913263629858095,0.284604567459713,1.43398748084709,0.765565950317853,0.369632629830348,1.46567467043688,0.942480324358483,0.203287745798232,0.959594037342248,0.851284345117325,0.868913056174978,0.429315189449874,0.960062713573611
2100,5,0.272286018735703,0.79697956389666,0.47544965455209,0.673487616948044,1.06937173338361,0.0611478124694614,-0.0276528474426528,1.44024650850184,0.62149052162222,0.29869798977654,0.407673436901175,0.498517268620771,0.509192201646084,1.11067577564897,0.870927217037004,0.862206201849278,1.15990337385803,1.14737269775543,1.32456946635005,0.0769589098287202,1.44529427866259,1.75066525677299,0.21321041056646,0.748916553821814,1.24501210840547,0.259066937221319,0.698941422542032,0.720702277311359,1.33895786991047,0.594672911548152,0.608492939680627,1.44408883747308,0.882226650821303,0.81031694522012,1.59212762008089,0.702811098795453,-0.382690183377228,0.825215447431546,0.420863265488289,1.47591896816127,1.00128993024167,0.751411301253022,1.23900016527547,0.706055659691339,0.99887829848631,1.06180277238091,0.864378144936297,1.13719291416631,0.712360261544762,0.938231670984406
2200,5,0.792707551188265,0.915237793828634,0.838209057644023,0.709313276527265,1.27423364675707,-0.252717798573653,0.489669500138488,1.35104952481313,0.622355307171433,0.660919737533744,0.196047396375696,0.277976950002822,0.156995145618864,0.663183859922374,1.14885648357643,1.10213424811909,1.10134577197073,1.29222739920831,1.2208729717563,0.673714429068877,0.904656084709299,2.07117068233135,0.510525707885327,1.07102387530149,1.16902980233436,0.215055572893412,0.573240806259504,0.744139353949543,1.34685869959109,0.556679595194243,1.04019818569047,1.17710143741123,0.488455843118659,1.15849757685248,1.4528308587269,0.948510763110268,0.00935117550345244,0.306500590309673,0.186434886623176,0.779417345640924,0.811188281208819,1.04480871625392,1.05823506084568,0.998879915803173,1.32020409910917,1.07542615829345,0.959200383476708,1.42727435903466,0.705034340246228,0.749916036727594
2300,5,1.58770733501208,0.512317584407964,0.835949903068053,0.730647285854502,1.4342922291614,0.38500873231395,0.751758081248724,1.955008916044,1.17088639498154,0.869804513503827,0.376054478338966,0.687389879509341,0.45509165468338,1.0395515419193,1.10324104694879,1.14910495934219,2.00346855134987,1.33803214989938,1.70890230199877,0.924092464800394,0.873586187388684,2.1111927133719,0.788305457928383,0.900742855065167,1.18700155757132,0.300167371919918,0.826981503250775,0.951611671709955,1.19999655039022,0.941243322147786,1.23169712167298,1.70426652964519,0.819907224153653,1.11672123189314,1.31979546156387,0.746126473386136,0.583274687979748,0.524662060752574,0.391616307401573,1.74114978131152,1.0441226769122,1.02032379713167,1.39195461007606,1.02449315517223,1.84293585609294,0.944771814151066,1.43734943348725,1.03351944913646,0.774815874220498,0.763720372731352
2400,5,2.16278650965826,1.39843734339909,1.06844108090315,1.06642286887885,1.31546925201229,0.471262746094025,0.811661441334272,1.76151314480253,1.32266097554105,0.695826923960022,0.700661376093891,0.669608850251363,0.647219007039671,1.00641670198399,0.825806212738302,1.07807158433201,1.79864096765025,0.844394665315354,1.64620108241505,1.62774881849016,0.911656735280975,1.81028050727675,0.883857119401102,0.871401788794708,1.104405035772,0.584975999354428,0.551346484023602,1.06882947825778,1.35355342557213,1.3777591910433,1.36036532962963,1.21230411827378,0.677503478337317,1.19337146236911,1.33478999860056,0.825357842121124,1.10539470976709,0.684957408127406,0.82936354763127,1.86290205647928,1.190344728503,1.79518067128451,1.25385991566168,1.08591541797536,1.51173183056455,1.14033021253632,1.58497283371971,0.77605507877093,0.663593113674809,0.76886930320335
2500,5,1.78148338291947,1.59275697524479,0.936410747262703,1.17846020966377,1.28782381544476,0.343069798183161,1.17166780643745,1.24947882562296,1.65385950499483,1.07407120525243,0.832198887709304,0.605303365445175,0.875694928167076,0.268788570813091,0.694475125234626,1.21233295168128,1.80030206654986,1.02788700222747,1.58372384975899,0.892441790280425,1.00561710072958,1.91744712065466,0.57448846980481,0.927453264946176,0.65729213323358,0.670048320845023,0.807528241370228,1.25153756236239,1.41730460653403,1.11431621418478,1.2351402232699,1.21821262275373,1.19676464983166,1.28862162902212,0.754036015299662,1.14318121456906,1.4998848292707,0.585187360426241,0.833520892232279,2.21775000172584,1.44635269764149,2.13491124049007,1.29260196561258,1.07096983435624,2.30752448067047,0.819691333132042,1.80940544363869,0.6930926861866,0.59797677451315,0.567594418377172
2600,5,1.19422888917391,1.91430068116931,1.23850049331642,1.01834988647629,1.30610728864639,0.898567599975338,1.19041418792031,1.32489071525816,1.64653827628015,0.931472808582712,1.10436430447106,0.45443619537446,1.27483152633749,0.248718456972152,0.733759773573296,1.24556824923611,2.3676417429669,1.02559625035287,1.47905992416014,1.48200535577252,1.2195205540721,1.80647369583019,0.807180830624513,0.859143782795754,0.935984382048894,0.269853906417729,0.670883133848187,1.32170953569215,1.16078760334753,1.15605782050607,1.37373324213811,1.3841993281877,0.945697799702149,1.35112500139138,1.42860813689668,1.02561613130746,1.59499756067643,0.901226709556016,1.07065482279437,2.25420018301486,1.57246708507546,2.30496381029729,1.15722065442196,0.868713913868192,1.72521402252706,0.870016874325523,1.79806524570723,0.694695275137977,1.30129139080754,0.630455267827836
2700,5,1.06899329057688,1.42915932962751,1.2459771480592,0.944116601012009,1.64868409807882,1.21621942801253,0.989854557861384,1.33340303208755,1.13496029516938,0.835819418563405,1.26596996598057,0.814222859233343,0.683514881201636,-0.259566374435291,0.954574717962646,1.32562941294243,1.45892887783169,1.0947045857597,1.76123267373011,1.29094804671561,1.42940974833719,1.3986717593554,0.51276745155031,0.778904882737303,0.965418227950356,0.330660752949761,0.413114926138291,1.0648739916017,1.44259998692909,1.52743915936662,1.30482727881589,1.41119764738053,0.823496464785601,0.920393962297271,0.985042062842514,0.954927723109412,1.17347508144536,0.822923773799366,0.972959153689255,2.02443562104353,1.28490756997587,2.35517239989095,1.03324932493442,0.723575455962362,1.53037330909639,0.784897857733331,1.66856848750499,0.849860747791944,1.31153517199701,0.80477493663102
2800,5,1.13546837469603,1.66516949638965,0.945920223419435,0.954788932090072,0.858124365557357,0.266963150189281,0.985322220731419,0.953404820469235,0.911231005644818,0.896425868211204,0.930958805293478,0.678181311567317,0.631603588796944,-0.219812819537565,1.05949489235962,0.886192336476136,0.955639356103687,1.23220161494762,1.57899498039293,1.12618598920862,1.49268450325401,0.994359044103743,0.746709933805103,1.0715210969689,1.02134637711764,0.650189351602673,0.557397521627079,1.20061222707989,0.930009164097462,0.911815204053756,0.919362796841201,1.17871898873036,1.03502600656214,0.921770872132054,0.912049578175916,0.585799865655257,0.905951690183626,0.806510359713532,0.812929702361797,1.72114447149398,1.13478734701946,2.20515286685099,1.12288060874901,1.00196084490786,1.93578425227724,0.792265026572966,1.53062736170732,0.692710794816007,0.775494476806332,0.760116910541682
2900,5,1.62822431524207,0.961506574243254,1.02089641203677,0.645306508131345,0.388241819834491,0.212922279122857,0.861471086610064,0.899023730408863,1.17404272323763,0.866563606293269,1.11200671452067,0.83254170233982,0.969874383013584,0.107190912542106,1.21939036505122,1.19981644332628,0.583165912737685,1.6587719091048,1.42137931155832,1.4222939737961,1.16086702580074,0.785040398492555,0.80700345485619,0.988969571804927,0.978577255553334,0.513268351838102,0.882409944259255,1.17664532914477,1.02851083955164,1.0769015666763,0.932775042749185,1.48572944278918,1.03786021248154,1.07196900153104,1.62906443366784,0.445791994201279,0.901230997111068,0.974403203451901,0.762897115600158,2.15313833710924,1.3392664124615,2.30638919992595,1.59826023693024,1.08347931698187,2.07451481456389,1.05185256457421,1.28308082515821,0.853155852255395,1.20387408075618,0.916050874039195
3000,5,1.94525501090688,0.948437511686758,0.873307724720824,0.945859763717078,0.463947044891086,0.556497647395338,1.02762839272655,0.291888553883352,1.0624663893762,0.771303379837994,1.53063306468148,0.886906757378757,1.03304329628873,0.261005000069909,1.07563048340362,1.15604686090146,0.84233485570061,1.92877975505898,1.74655492230092,1.55777604577839,1.08825662213936,0.713113336268019,1.17566817111411,1.08635741114616,0.762368083865339,0.585980697987253,0.799436888815714,1.20676520594358,1.48909429882421,1.27519895871706,1.13385734102139,1.132199901982,1.08190242569494,1.19801240363935,1.43628813086199,0.600435872144627,1.00735975100009,1.11126468522729,1.07298402077373,2.14002670772414,1.61161382817115,2.03868825434555,1.70923052419009,1.23159105633335,2.71018259125717,1.11230433382326,1.29077809977364,0.731293331373411,1.04936408981125,1.15805326990839
3100,5,1.35733244266146,1.14258730572526,1.07471360261138,1.08789485364149,0.5391919226602,0.920046425896722,0.936349554657983,0.343200935115881,0.971087698357535,0.93224673363929,1.31486572962369,1.24537216439095,1.16873727752351,0.519472625181889,1.48445973388621,1.24541142514507,0.573022713681309,1.51178145489541,1.82076076932453,1.86265220769128,1.44285624757845,1.31478107205003,1.13280466773211,1.37304740034817,0.881190186216634,0.655349059303345,1.35901404494213,1.15702873164691,1.81557861669083,1.49305387135946,1.17203836431234,1.59463267064573,0.858797240997084,1.19192535091543,1.60790889568108,0.934989226006512,1.65577861231009,1.21626975046564,1.16366388542325,2.15048090548391,2.06021089870676,1.72232460537686,1.78379302027653,1.09645797708575,2.39021140061437,1.26063594184459,1.27852303615967,1.17766738092734,0.602334412118662,1.31418946853471
3200,5,1.43429873374702,0.711947606388999,0.897376683268058,1.23932539560832,0.254600848627888,0.581895579352601,0.801231276071109,0.471933660166201,0.456150391371152,0.956202100449725,1.31543635702943,1.24312413352605,1.18595869303996,0.388898361860437,1.33021293146634,1.22840175939382,0.897074853849224,1.42055478014835,1.51459390165766,2.00415230224097,0.939988630383134,1.22337574696233,1.13443936347769,1.27386309231362,0.829083336453406,0.714586551864553,1.27688980186402,1.09644638601375,1.42585584509419,0.914911388082994,1.43636544220438,1.05894686901206,0.742372780428498,1.08983624920602,1.85947230367814,0.763503500453683,1.8353397276541,1.14430471644991,1.24980255692735,1.82089167756778,1.51394952120672,1.59726758665433,1.60979579016774,1.08127137115512,2.10547756097717,1.48098148241164,1.17211243182341,0.966701829648732,1.3242375799702,1.24585384239281
3300,5,1.35404236600716,1.27934132781983,0.843660955844118,1.156346954057,0.546242961909963,0.940177641637198,0.836446412577338,0.814158978045807,1.11602908665736,0.918265703720216,1.52139508586651,1.44786229440774,1.06020794141758,0.979351107081143,1.4816628721585,1.29247155576313,0.229235495784474,1.5158837095473,1.6090639035081,1.04838599408717,0.81237797108606,1.53356657816921,1.39699175972442,1.30571497361431,1.05244687934494,1.14840700283192,1.40662865472765,1.2009200270754,1.40679665965941,0.590935876427722,1.53858437121728,1.23946311608075,0.652434971401468,1.1415091246716,1.78401924311792,0.596251199427925,1.54255107304304,1.51690300939548,1.2559492185772,1.75416671738339,1.73539618069707,1.60766333267397,1.47004634335839,1.05489863188106,2.00980659324157,1.1973373895083,1.22237924421283,0.783902384289496,1.57299809511196,1.31876157479181
3400,5,1.62824957983125,1.52936536798778,0.956955134103743,0.927189166126247,0.710211533707118,0.679666244420643,1.54335491918571,1.33119465045594,1.94833588558971,0.726136104513392,1.51813995556192,1.19749011068346,0.862425295555452,1.12527928930443,1.53870469855176,1.656988379072,0.752846446384199,1.27284092924033,1.71280048114109,0.949296019014709,1.03356480139735,2.01807778520826,1.53014414530336,0.915249339119792,1.17545835542375,1.18220321578782,1.47913152209039,1.3274863028255,1.85775863050357,0.806844671888235,1.70356947613111,1.38382691788936,0.632935395850015,0.782960314346949,1.28689035281529,0.780180445122233,1.48062659524703,1.7307390762522,1.45669763521848,1.81521494993619,2.07081929805948,1.97720891916399,1.45256620789643,0.957110799107752,2.18529823667561,1.16156481170684,1.36879998795033,0.768889135879413,1.90469427928807,1.26408074853973
3500,5,1.79497736629085,1.62005607449566,1.58882744702102,1.06449755469116,0.99306230518344,1.73738678009333,1.16804365261138,1.24415567338092,1.96010662216607,0.741746495722555,2.11218862759422,1.09826734735932,1.44868719528373,1.48936455902857,2.13523939721309,1.88054629353249,1.0328658640005,1.4357309332818,2.11964057405126,1.13920333042198,1.27250651109342,1.96226336296202,1.743976489029,0.909461244329561,1.30591352015017,1.29083402327098,1.73744318954981,1.11441108278377,2.09170212666294,0.828555470208132,1.86430676029778,1.85372131282109,0.227101605364079,0.772351972205256,1.85861794923026,1.0958487986523,1.66538775136636,1.27995296899716,1.61629827818409,2.18545173436633,1.8286058212369,2.26207620052701,1.35868052976748,1.16993937738872,2.90388415567104,1.43077943855425,1.70759349310134,0.854816190383824,1.79822632690454,1.17013332981861
3600,5,2.0150020930878,1.49957107916481,1.43529870192435,1.11308790190034,1.74033102555531,1.73437016907169,1.26212341141329,1.4615445712042,2.12521059486573,0.848379875550429,1.48362991399831,1.33790844501819,1.28273009198908,2.03386149046194,1.90752624471965,1.67834667680722,0.936926351691784,1.4519744253801,1.85645633559718,1.01871318063768,1.44255785078371,1.5962157107311,1.32729913379187,0.916388238195798,1.24671827473902,1.70700804379971,1.64249566592504,1.45620014289115,1.94452692427748,0.945014401413157,1.57423799834899,1.85034788577755,0.319877476841314,1.04403335944483,2.61089730719676,1.13080054933774,2.00878117646016,1.3627793667568,1.79098224924634,2.30502896558238,1.41522732594647,2.04372531378401,1.71806137787592,1.47147891194913,2.75788102240551,1.57099731387102,1.65890903681447,1.12276441805262,1.58462028237262,1.11278367937208
3700,5,2.64754233893444,1.81477882491111,0.957462224636783,1.20932539119229,2.01466459112645,2.08652115056068,1.58223562645305,1.90018658944767,2.32036600619946,0.94521734041794,1.13052942741019,1.67901232218504,1.03482950850223,2.58802982868983,2.23640253870593,1.55673644496163,1.03570662812455,1.39568212802561,1.46315147062363,1.550501153042,1.54116349789655,1.97720364567321,1.55773929704318,1.00091536292029,1.42302392015761,1.56726986276033,2.10819987570159,1.67595759883042,2.24700734264896,1.51558275262904,1.67390846470043,1.75472782581915,0.708006797273628,1.16488017727538,3.40329308548196,1.12711997613938,2.11036104817203,1.59661662782258,2.53128419698709,2.51582373082917,1.2850539951505,2.8516281736476,1.94215720866305,1.834065001453,2.23661770628483,1.73490666921661,1.46454140242448,1.39553532041833,1.65514376976515,1.40185691470484
3800,5,3.09255896484852,2.36352617924645,1.06153085559614,1.29576360842064,1.33814040018663,2.19241843008888,1.72732422369573,2.00444317689094,2.27554668689549,1.08517001941008,1.15087273710798,1.39299420391972,1.32367662548668,3.28412671338157,2.01277802381918,1.51717737799608,1.06426091356083,1.28971603696383,1.74838403517286,1.1975930481103,1.43596262742421,1.66103444468322,1.61241716300336,1.15282877829043,1.42347139023302,1.46176512564238,2.03938665098878,2.07000073102892,2.18561373021357,1.3829927427073,1.74673601990319,1.78376912403111,0.79088667080035,1.48789763283434,2.91757243588402,1.36244584440592,2.13113849069281,1.58403910605905,2.08639654146489,2.25381058195008,1.51692506059335,2.34571830217151,2.12946634804096,1.31171058038708,2.38649388660782,1.7319099357674,1.37671933726622,1.42665037066214,1.84523085402471,1.40542848072194
3900,5,2.73846768093254,1.99408632992946,1.24166722361058,1.59923985174208,1.35189552970125,2.10249167270594,2.0101441738995,1.81658130847354,2.05245198622963,1.22699453193561,1.17519865957666,1.38310108047842,1.61376866237171,3.21150652383518,1.64619158602173,1.0472307371791,0.991478647436789,1.31891287509459,2.05134638540843,1.82899406737258,1.51130127182461,1.46697500250397,1.62477985394575,1.17844466870182,1.31339935439362,1.34120608552233,1.62973098154357,1.91774396628609,2.05273981351072,1.48759082845135,1.60324054523486,1.57494513587289,1.30114230961604,1.52174652440809,2.72579193367218,1.43368719581002,1.82755894688144,1.44043655487164,1.97193531690891,2.40525853500952,1.64045700559273,2.65476846186965,2.14211928108465,1.55937826710628,2.18370339489077,1.9850182665381,1.29440488185361,1.27293356623484,1.68519661733551,1.25551100062859
4000,5,3.00913127206166,2.24193439102108,1.47297618242377,1.41759004084442,1.51454448946465,2.18260749107104,2.14778722312815,1.36308038529407,2.16237741176207,1.38397180448757,0.96891684798121,1.68757141118524,1.45630188813282,2.65068608624157,1.91875019295159,1.68797698505374,1.5061825634151,1.81220212926099,2.50786951352732,2.29165402320293,1.43409240413095,2.00577511535759,1.849298286366,1.57344544959505,1.41358888203659,1.74658190584514,1.96252898321338,1.89717360008174,1.86105952041365,1.18778106909661,1.42539927976678,1.80368626210122,1.13584510830054,1.4171980580039,2.42864098826468,1.64348046921538,2.23586956527302,1.96035807082148,2.27910082899496,2.19006534140613,1.5407976675802,1.98335134232414,2.06580319914172,1.43868303159576,2.09536829251634,1.91055963947902,1.41487651360785,0.889884165838229,1.64415019445407,1.13984494392821
4100,5,3.08011536585873,2.82366532253276,1.72998812368831,1.46922134414701,1.56362493459462,2.25134218445736,2.03514619404522,1.35802744313266,2.07387018342412,1.42871147647977,0.920559629376716,1.78154132922402,1.82296745751729,2.37865132698687,1.74766910551601,1.68283960859574,2.12580623342787,1.7110313971866,2.30743696757546,2.7879055905177,1.47388948947077,2.44342992585172,1.94013530408289,1.33230645331541,1.25006523317993,2.15955686177392,1.63591552267904,1.69208934772627,1.62557699382242,1.43991251436349,1.23425166179564,1.80801753404399,0.903808795495366,1.65560071431666,2.49646001469372,1.71268309523405,1.63988486199888,1.90640394044185,1.95610390696831,1.82040754889512,1.42953744573521,2.08716150754222,2.40819734377307,1.84360653708485,2.26837392662493,2.00964631552639,1.24426727390474,1.37014466552558,1.94369486149127,1.13150645635429
4200,5,3.16279478998033,3.34794798556262,1.68841021533339,1.77628324262724,1.29940261844363,2.63072556982649,1.85512332071819,1.28300290951892,1.7362189177506,1.23779409572927,0.958900500659855,1.6225006278794,1.69560744472308,2.55096089885393,2.12738954571431,1.90831416167149,1.50468635975803,2.12844220033185,2.51261680252031,2.10582948300384,1.87042980726506,2.12382573801421,1.81548481489924,1.42583584901266,0.979708929463122,2.19463010160571,1.63274709286789,1.8630173333533,1.78225903973897,1.85578089383929,1.59540336011319,1.46102707503093,1.33884007791445,2.14184059787354,2.20693655368915,1.45163235311251,1.34171501458623,2.13629234745628,1.86891534039672,1.93684441546457,1.62284123957956,1.48270243829925,1.77453047209666,2.03048199142708,2.48524908890921,1.43649913455711,1.30032155826495,1.32393510098511,2.03664751101014,1.18095393105182
4300,5,2.33704964007666,3.31500839937178,1.70879183428124,1.71281692241454,1.50849889861932,2.88603795149842,2.32670656974682,1.63246249059122,2.32203158646568,1.36933709743792,0.912664000147013,1.66998849842003,1.76069248448671,2.55809750134147,1.54441064759455,2.24791448863258,1.85825784377357,1.99142470877339,2.50464512018887,1.49710562360978,1.79558109052233,2.62765889141679,1.70398653616131,1.37093087949598,0.984079117010971,2.31381370368305,1.83835862010163,1.69341637055774,1.8653433608823,1.62473098296262,1.43615278564081,1.65109243215358,1.34151676158235,2.26617537081662,2.07528754336269,1.6130086879187,1.60061684113424,2.42522428593631,1.4501886475094,2.43378208008559,1.71616458228189,1.28316517368882,2.04339600738547,2.31800521805306,2.4462845917,1.21521200814451,1.51709014594622,1.2211685085869,1.90369811887498,1.3127659982603
4400,5,2.68164446827518,2.96495943927929,1.63699873876809,1.56507356129255,1.54439590523985,2.94319185113659,2.30784953066783,2.08591797653199,2.44819648771784,1.29579440764297,1.26777064489358,1.92996173263383,1.69274671917776,2.48538853073346,1.80237376114067,2.22111341658953,2.26038751706626,2.02835872992793,2.23685029281876,1.63497982316738,1.55810251308617,2.76703661452683,1.87535176063506,1.48405314224634,1.22351071056396,2.42756491256482,2.0828429328869,1.55806111078106,2.20811210794577,1.90884662055219,1.82283086731137,1.62610941985477,1.15680927416267,1.9557493471355,1.71291574272984,1.2410586244106,1.56446170446292,2.72753701660657,0.974668176286646,2.70174395960664,1.86800255751033,2.20726648688948,2.02442863377212,1.90266404911236,2.63172628682211,1.31298408305943,1.48406293077597,1.06175252809189,1.88918994431617,1.53265763527813
4500,5,2.69751224863651,3.10800821654146,2.02214723341748,1.97001055858982,1.871382753013,3.25092744937975,2.38641411748309,2.16899686208182,2.51443391201758,1.46639918964337,1.78048661756999,1.93174258154906,1.66708684024056,2.74689282472154,1.88369393531423,2.2600210200463,2.62320375160862,2.21348158441213,2.13078594690041,1.29105358497059,1.61839816042517,2.76682431388515,1.95326554105728,1.67584134757421,1.38590508986625,2.14350660892282,1.66158557379876,1.67094545017325,2.22413198834702,1.85741907348329,1.40759084051385,1.68531775220493,1.32924506937553,1.85249667296938,2.59779363910062,0.987320077731184,1.57754359920716,2.17531462422698,1.26743340567795,2.8768952619342,1.74850898932856,2.34437797155366,2.52174652608531,2.23241259795124,2.80352570082811,1.60860638999397,1.4020270666439,1.31615048978967,2.01050708387059,1.55307515795875
4600,5,2.86525168296092,2.68640682867089,2.03483694311528,2.0621920285957,1.09398387935606,3.57874797428479,2.25786613095884,1.72370906877185,2.60292546050441,1.52470825687888,1.93216198685752,1.90667229981514,1.8102467255339,2.7465426932542,1.75022157093581,1.95603487605046,2.5247798509914,2.16445697624543,2.59479117469112,1.03372071663158,1.38291395512475,2.45643062089474,1.74515890313192,1.49720442524252,1.49777603704883,1.80119154142975,1.88410274713096,0.949240913367292,2.12896759219832,2.27366315245426,1.84732291694449,1.61135593494277,1.29718826405758,1.68062982906531,3.30057107364733,0.875288367284999,1.54270931084606,2.77204558587229,1.84601402967504,2.51578957821697,2.09025763616387,2.15109357797408,2.67049678066161,1.8810332793723,2.88321641854407,1.77475672686879,1.88279126917287,1.83723572985636,2.47834259526322,1.33497446918419
4700,5,3.09205575065125,2.63793011049621,1.74241717203555,1.86885500327777,1.71165095641073,3.9718331853234,2.18821768082705,2.07583419160796,3.00567277916834,1.64727671017714,1.56484786213519,1.90935307558665,1.92895578418325,2.71050007409546,1.97121881609832,2.07319320490137,2.42503417378452,1.79666252615208,1.99152974134077,1.35858295538131,1.4952484917348,2.07984280513504,1.8183595076522,1.26424906247544,1.57557470600551,1.94609571288576,2.01911346823498,1.20380410305899,1.79812768242738,2.35225150650617,2.13450321434309,1.93132079097638,1.57919057104068,2.05372365163174,2.83712558908342,1.16571763310185,1.52234439583053,2.97689087459339,1.78900070857249,1.99795755225219,1.60878955369303,2.384025158904,1.99901567225101,1.79919251563529,2.15744394291524,1.8160584381948,1.89110414548363,2.14553519956982,1.98864775383509,1.66468264787992
4800,5,2.98695369598322,2.43257097258543,1.888307421325,1.71940419340791,1.49224538258543,3.29682883970418,1.85463723715922,2.59079771305743,2.66071385055645,1.75793999623355,1.53868177633539,2.12543247561934,1.99002384053555,3.12361041539344,1.79236197182915,2.33832783154063,2.28314096637781,1.78472555118797,1.97953144189097,1.39769100208168,1.44673594802581,2.07232627137169,1.63352141025463,1.42368901790882,1.60516643080385,2.19897701907371,2.05909326772126,1.2772971369126,1.54373347726514,2.90142959517146,2.03223929049206,1.93487491262342,1.37710016097151,1.51816762079334,2.22119637428333,0.957607229777689,1.08818465862335,2.64340555274925,1.77116385341583,2.20929709651135,1.65505618690456,2.48882029392633,2.21364173363091,1.2663463055451,2.30633904563928,1.58016353804285,1.87092488962864,2.14296935123838,2.27919282710436,1.68785167204299
4900,5,3.26603660848294,2.6159605115937,1.94295799612252,1.85803356515401,1.35761028541863,2.94915752481147,1.61934667246645,2.46118539626141,2.64190696719226,1.75623671540997,1.59735693091568,2.29201335663371,1.89073322977742,2.79294223862199,2.07951120593725,2.42385029361878,2.40959588494019,1.59661310836934,1.50743847194652,1.60143626001964,1.77782486514671,1.90509871165788,1.29093155514747,1.55817385007054,1.67570736381182,2.41414699746104,2.24181097982467,1.56253715255333,1.72314047047698,2.58252401280426,1.99925493354316,2.07065086042219,1.44556202121589,1.54140861265044,1.74988101142486,1.27713037000092,1.44634356260461,2.44704471198112,1.73609895626546,2.26958452131199,1.84572362169183,2.73167374476424,2.25233809835055,1.1354699592531,2.75048797960485,1.65426205302899,1.96438049302325,2.11023726391555,2.15543755075734,1.843206058076
5000,5,3.03107960278819,3.11631744910649,1.87781505848798,2.04283038581535,1.80332354412358,3.19604561857846,1.49595056999903,2.72081693939334,2.1734762532508,1.37603466058942,1.30808921011475,2.18039508622358,1.89505825568399,2.83170655052542,2.23353489899084,2.63035069700824,2.49123547010256,1.67691177096358,1.6789085644861,0.990132780916816,1.94681000993318,1.75158686197148,1.12001942392982,1.85037993230675,1.75979778815397,2.57379143182905,1.79688345194506,1.52849247202913,1.64084669253757,2.13203382895569,2.06399735259307,2.09050601607271,1.68752177577429,1.80740983434537,2.49095679501453,1.38456562018402,1.61976334412346,2.49379641291189,1.48480870421246,2.30804863848953,1.86769629683511,2.76547643136612,2.03352263339371,1.40152581311235,2.92345708557873,1.64410846419228,2.07271284109673,1.9513460315933,1.6723422950893,1.73079278881475
5100,5,2.55618027761428,2.65017895640026,1.75582538023205,1.92500711612029,1.83831550162391,3.12387534047782,1.29917185788971,1.97505347419831,2.36593840189334,1.37245943368539,1.65484408343186,2.13973779358702,2.03468258387188,2.6347146127541,2.7492658442318,2.22607657787464,3.09227093997093,2.38877517199298,1.56256356451858,0.912087423965899,1.9590296844023,2.13638206033777,1.63631769294885,1.69491898765077,1.48794224228281,2.1036780242967,1.88454566396444,1.78966549158692,2.08026837592111,2.13022161354851,1.77935158776781,2.33833537532637,1.56613357461742,2.25056325485781,3.31017980979153,1.46796755175652,1.82327175760063,2.40314989639421,0.890045759245353,1.8731351384396,2.44167889452454,2.65701490310972,1.58029920027817,1.93696203440754,2.93185866032334,1.75455868115682,1.90210253547072,1.7391320901193,2.91960966711945,1.70793867773501
5200,5,2.08559385099039,2.8727602311846,1.83825501759526,1.94061499710734,2.16847113970796,4.33699015681313,1.45888533855677,2.06389244396314,2.62683476953441,1.51586608539486,1.9811628840949,2.32429277324871,2.38479083972218,2.9883624379613,2.95645885429639,2.62291895874255,2.94648148224071,2.41788166767756,2.40640616503902,1.47058384962253,1.73134719218353,2.47060558337319,1.62333339419931,1.33098402542797,1.34766796042537,2.4605523247687,1.87106290917153,1.94137370847804,1.9539414535987,2.33003635994761,1.7029556052521,2.14281684004925,1.71139400273211,2.05949424367674,3.33138471031507,1.71981824656514,1.89191545533846,3.88799780661977,1.13619038043795,2.12936614748106,2.06484102895815,2.93563007292413,1.13577855246046,2.20982161050661,2.89045225533875,1.99902727982522,1.79237131526663,1.42628285855208,3.59522014167705,2.04149651645297
5300,5,1.89404523109446,2.89804828865062,1.81642959167883,2.12075803810563,2.64630046108687,3.95115918081061,1.44307959815366,2.36441869845157,2.66909526265961,1.28357971006936,1.68856533886293,2.14758623926135,2.16449522370084,3.12621440909531,2.64152872444781,3.27579485181893,3.44187085977814,2.77844745637601,2.36754143302062,1.54617997185295,1.69397232666255,2.33128174331863,1.68720928531978,1.56684647943486,1.11620350885282,2.01255574438135,1.74583464939195,1.74723933144662,2.11893934188087,2.21054753028262,2.02881967741093,2.44238229704154,1.78708686012739,2.05427647554962,2.92866637338546,1.52169432423194,2.43894386884089,3.58350893230869,1.39306939935034,1.83105739710598,2.71249671848385,3.34176150254292,1.41829848196156,2.19005455623409,3.08467507113483,1.98394990757687,1.73766515235954,1.65203351247267,3.35242446025129,2.05417225539965
5400,5,2.74149861230998,2.85807096010808,2.32065768986612,2.41478048774567,2.1100253915509,4.1056892513035,1.72712997699015,2.68566348980132,2.57468872607256,1.54692699770184,1.67796346176038,2.34009473862292,1.91468298456801,3.21334692904469,2.25613658586365,2.97845587110442,3.36415773564872,2.95427493692862,2.68461941120588,2.84558228654061,1.7119178188193,2.59280626286641,1.9006033963558,1.58966737972818,1.25624976955255,2.23014407045913,1.76454552564973,1.67977558737072,1.94149549523387,2.52013393434706,1.7954088389921,2.38134322496482,1.77043297892765,1.92725596237647,3.41354647129288,1.60082423680837,2.63726119172566,3.64744099255323,1.43661161333339,1.96996053658038,2.62955481650065,2.69085661681472,1.48790626379515,1.87373343103362,2.79395143316381,1.98945087488931,1.81613856615417,1.92681524788171,3.49278684927266,2.04874740906796
5500,5,3.18970825480866,2.77651190516014,2.248040999556,2.03132758635697,2.38955092302968,3.2403620376233,2.27784401763098,2.89538265588274,2.36393275910621,1.65127341010656,1.80819121493067,2.40744529829724,2.20658732310556,2.7399898808219,2.39246694617124,2.42130006717799,2.85277793737258,2.94096010145175,1.92034483970032,3.16850250777388,1.8122785518723,2.50226124340876,2.02922665230023,1.60603141889796,1.42258805500398,2.14183937373161,1.65539408218942,1.86998032452056,2.09779623743621,2.75061445747297,2.17063511900205,2.32597300433609,2.04404752282001,1.74696263562847,3.09853723129472,1.92375550289787,2.29223892985677,3.17971271863446,1.41576018593919,2.00657089663374,2.70685589911678,2.33977098629435,2.0689414138625,1.97417773545378,2.25619664132484,2.29626194853271,2.12884031206293,2.58024729331043,3.17592841796285,1.74253162219558
5600,5,3.21902081415318,2.39121127490052,2.14162995237513,2.34796634471733,2.34816155900924,3.83848983615338,2.30659006559709,3.10763338988417,2.13176296586117,1.9020570910233,1.53625987265652,2.15325339110424,2.45491858161845,3.57887665734485,2.50344971081706,2.22976856696511,2.89095962938882,2.99394973631372,1.96341033331654,3.76521312709243,1.83826552703916,2.29693134728659,2.09246496096193,1.64348870617482,1.38561060330836,1.99065827358198,1.46941781378137,2.14064589870064,2.15158951181163,3.1512595134562,2.09536098896936,2.04176847510263,1.95087788585473,1.83337369320622,3.52904308153072,2.31139026437749,2.59329245046744,3.24520091889362,1.70276065941861,3.28646416723353,2.94326670297069,2.84030560346336,2.29653231180524,1.91642721537536,2.67490611488178,2.20169383641174,1.93331532733825,2.59439052248277,3.31255862645797,1.97720874774168
5700,5,3.29630798083174,2.44191523149065,2.00926327478035,2.402106670788,2.83666048825047,4.16003311376346,2.38162976364117,3.23796463399622,2.37819729048397,1.83649589487121,1.29798250281901,2.10932495594885,2.72702800044573,2.82376365176795,2.30176450354522,2.49873825103025,2.90196886510875,2.98008338895793,1.78618009766094,3.78035855319268,2.03965944569873,2.15584636678125,2.3719009020123,1.93153112860307,1.57616110064328,2.10023274496364,1.87637273629104,2.06178957358647,2.27614285827167,3.01126444343536,2.32901369614743,2.35202856356014,2.26364540487929,2.44422340692946,3.80852960995604,2.45465621647356,2.3269788267471,2.86571926538947,1.94579366810155,3.69488633718805,3.0265333058711,3.67868108838809,1.79555436009197,1.92729707325628,2.3928895592681,2.03756510330114,2.11806464163549,2.72602464716717,3.15407447901399,2.2960234114892
5800,5,3.08801054710105,2.19142280462062,2.13443984606925,2.04869743728947,3.08671703505702,3.86077161335641,2.42673105651911,3.17049978125765,1.90313612226851,1.7255038178868,1.65998483722045,2.58139440633228,3.41726543007736,2.64774462952837,2.73095872542048,2.72097352063631,4.29303167721526,3.06134043471951,2.38017009135685,3.97913167638386,1.8803460577897,1.86261528966706,2.87512802563453,2.30155912372513,1.63154506320244,2.13218811027125,1.56561903705585,2.38966422982696,2.26758339752705,2.9038027737606,2.59509199415276,2.32456251072887,2.77520476887219,2.67202946255826,3.37942451913708,2.71918447261893,2.7006020588394,2.48209573878331,1.9833094869458,4.25923645824758,3.35676815088866,3.70264986443272,1.99571251391896,2.09114648621217,2.53616391938973,2.0314029196147,2.22189360099813,2.90855987477939,3.28599431925517,2.36102002708615
5900,5,3.65520867809667,2.65563580585712,2.42950742741783,1.98734633872373,3.26353468042957,3.75989170770272,2.87641539139243,2.88966930590096,2.18984612154087,1.61723235570678,2.10271583327578,2.72331045925434,3.25331865844166,2.92257818133541,2.9169361726086,2.74078402418228,5.34936969310268,2.96335522971218,2.59520108646883,4.27915332317168,2.28049175366465,2.49124061445701,2.84119854011106,2.22439117753977,1.62017269222475,2.41472611444103,1.70280748420009,2.385137336829,2.48261078420686,2.84648470078939,2.31818655868029,2.67216117812612,2.74235400383831,2.60773121996151,3.53388675349922,3.01829825428376,2.12327625846353,3.0441538279351,2.05524799678937,4.43048905613378,3.50585939325936,3.39737599628431,1.99348650436268,1.9677446036799,2.74333623110003,2.39551876517806,2.82323664731126,3.01877352138575,2.61069323915473,2.24239600403934
6000,5,3.9762971374824,3.18788974582101,2.46833726970153,1.94499238470093,3.25008525025717,4.17353170724126,2.51171200584498,3.2248593920009,2.60860543782923,1.93983274904463,2.36730708677095,2.34385541516739,3.70299275250583,2.93858752424717,2.59553826661053,2.46955206212234,5.97389252244249,3.22357525958102,2.51326354559961,4.35660298688747,2.20050493285652,3.30498428862298,2.61152428607787,2.14949598053345,1.67769661148964,2.35910442519675,2.56865716308323,2.23646580881351,2.15593035843889,3.18664355868592,2.22313795605703,2.36630853899678,2.50191761016285,2.29466895250424,4.07100500952386,2.82786371484294,2.58511845168069,3.03830705172496,2.01207625512715,3.98192018733209,3.69386887852971,3.51173208192957,2.55195038402002,2.12024805742608,2.70973727270833,2.71198707380625,2.90367955236517,2.84700428348512,3.15681915079538,2.17061098000062
6100,5,4.47851262539378,3.54657776957432,2.35547967221933,2.27713614718886,3.46014846625937,4.42215127866573,2.7883675887751,3.44895999287038,3.12321746297696,1.71087680291207,2.5746912691822,2.42839505083705,3.46409364853857,3.30676485985009,2.63785212746174,3.1628795755614,5.11535447943864,2.84920289368527,2.53597222452583,5.21679417154367,2.59441739672428,3.77409939053714,2.63172087393543,1.64203684852839,1.90131413277882,2.69127595310341,2.5727802784586,1.93728832715583,2.05613431503132,2.91938491576999,2.49851012556598,2.34450531397231,2.5836596661864,2.39749324122278,3.41008121758032,2.88420795955165,2.82619177059713,3.46617665803849,2.02864072924615,4.55352918316312,3.63702773806665,4.12477362307771,2.98874036690383,2.45396487386836,2.88331086511927,2.50543819220788,3.17617295072848,3.26813827034316,3.73764589633311,2.23409847149032
6200,5,4.61470842419592,3.83272121577626,2.92068788091627,2.35382318256813,3.28793557416461,4.58504015949934,2.27857079991481,3.61720145321863,3.74804308866693,1.8874665794443,2.24096296753132,2.53997597932708,3.27779040599634,3.53120109983657,2.88396569752518,3.12182961205786,4.99839256650116,2.9430350686283,2.78771379106173,4.76275630326815,2.71422390962506,3.98250693915061,2.91334585432995,1.6720632480207,1.78918815222007,2.52888358161029,2.52574537373378,2.35954368056916,2.2410840911902,3.11999000379549,2.55777214125146,1.94265572178255,2.43051232435391,2.34356004233939,3.3847579802257,2.64601696061795,3.09074465657029,3.83295930936758,1.84887195805882,4.35779701908187,3.50418649347283,4.44534668656207,3.38620337620037,2.48914725667502,2.79215716540285,2.45120211243365,3.11587214569257,2.68268434112846,3.35415545403411,2.30802110731429
6300,5,4.33747326302648,3.45419390916433,2.7591678399542,2.46398298414459,2.95098658522516,4.89818821958516,2.71229236003402,3.89086170507698,3.63835498922991,1.89485592480261,2.62398373821677,2.82845680150975,3.0190848852871,3.29459814339619,3.39934399801636,2.57370023810069,5.31579877611484,2.85904721691198,2.71829962558437,4.95994898264967,2.20443377465037,3.87890909888091,3.02957568924269,1.76046565351327,1.69643182382072,2.80648174461709,2.66467766196411,2.62353724640157,2.74640086737224,3.13219573782349,2.67053265357865,2.53335222202803,1.967935401212,2.33290605130703,3.58157427007519,2.79606393277724,3.30319783140463,4.57909482972936,2.10620015318758,5.32648066536804,3.50382570581379,3.57766541843873,3.61709554204036,2.41673360268506,3.27432518260329,2.69290413842015,3.4775730385895,2.60858259624502,3.3470990970946,1.91353558919814
6400,5,3.95801480165009,3.10332758067365,2.57656373910642,2.47166558254296,2.51676461605058,4.74897772530252,3.49684805720866,3.27453810535682,3.66853690451818,1.76048349187533,3.15791744133362,2.47628446166004,3.6510413695518,3.61010308602909,2.93506845003959,2.68511697109551,4.26264601824077,3.29479941414146,3.14896433618021,4.32324353743107,2.54475181991308,4.56563660583772,2.83850143929262,1.80637091364766,1.80574383667474,2.7188937430836,2.4961240212697,3.00143532424749,3.03663969812527,2.77987399900454,3.02672148460327,2.73168866021198,1.91057698895972,2.38285866512292,4.0363496192013,3.08588897851023,3.03547737868404,4.27163080994112,2.35940719744772,4.61324584663012,3.80059054237397,3.8101759191701,3.04578556470596,2.08890107753345,3.10333875341779,2.40582757390804,3.41853704899547,2.89020697689275,3.86856508610465,1.75277393356305
6500,5,4.70840150126605,3.64508560687647,2.84254263541761,2.22390682377216,1.86137701255224,4.15664340535127,3.22798562454999,3.1027461308584,4.12371470673894,1.96595129711731,3.31437741291216,2.48564719963425,3.32169438915484,3.33803052508977,2.91718105393435,2.77896434272696,3.44582153516636,3.70573571780946,3.07302216962985,4.70626853026514,2.79988155393699,4.77139316119793,2.99622440417352,2.1227117779904,1.73673503790266,2.21251874930933,2.96129139811025,2.87995710277908,2.87649766988647,3.3707643820065,3.23124474323017,2.74434773174724,2.2541209191526,2.29790670888351,3.6168613444559,2.70315392166821,3.44241825434704,3.99652756097584,2.61933372131339,4.76297938870895,3.87848192927752,2.97194705874168,3.05447509833721,1.98814086314602,3.42827363869671,2.56164053303408,3.51737177556735,3.35348751120771,4.53000618558589,1.82111641497568
6600,5,4.75259596296715,3.91457711229834,2.53919316149097,2.37741383716953,2.6884490175976,4.39471837348174,3.27454923854411,3.1659466870551,3.17357464599191,1.51918217667165,3.49573064978793,2.47170178257413,3.06949453900486,2.70812099340979,3.09874311309606,2.96040119604452,3.87529098031309,3.75880052280602,2.66805545766748,4.72673504624736,2.72255657843997,4.63262685536446,2.71463206031075,2.13598134482797,1.63779256287784,2.41137334915856,2.73919831420826,2.5685540809025,2.85856572057124,3.39558922886123,2.78055469642115,2.79726651745942,2.72586270268259,2.55697418670602,3.38767807181181,2.96672517025937,2.91824070371413,4.21710080949386,2.61745581723248,5.02927183790234,3.78154798827613,3.45121587425738,2.866019582937,2.1629821545271,3.60298059068544,2.62363451482766,3.12608847065424,3.21331651135339,5.10841565876484,1.62638630206221
6700,5,3.82115637697152,3.56815756957756,2.42509959876581,2.69795720235123,2.87940917321459,4.47597947803563,2.69432721832343,3.12653938426738,3.25358627026196,1.4939223355795,3.23917330209505,2.53726088832528,3.22808146602623,3.10828904555897,2.97146673448063,3.14364354224432,4.04671037059254,3.89561558632636,2.96081805559996,4.85732093218231,2.81658902240086,3.76751136984965,2.34104043633414,2.28643468696539,1.63466445989478,2.57368138702745,2.974480801037,2.8878621537129,3.22778498951679,3.74230688864971,2.47722924660175,2.28474598876341,3.07431587690422,2.51007570059785,3.26539867781269,3.27790809834007,2.90489401571887,4.14521139223009,2.35082276646227,5.42095041361656,3.84152766007088,2.97268763403286,2.54220267318717,2.43483705035526,3.97352021533319,2.55519869962147,3.13950386024136,3.08614981185254,5.17417536345395,1.89140114383641
6800,5,3.50733965807399,3.48704446046411,2.47544883820437,2.73028896351882,2.29875416935662,4.79076196993458,3.03819663796433,3.01168259350399,3.61859329536576,1.92726913172749,3.10231431340771,2.49965568150587,3.98584008998535,3.26066133944339,2.89207778529755,2.94648357257654,4.68165524045101,3.72375920904685,2.92775805656151,4.84664584001661,2.92513753153679,4.53582470784347,2.29168667978444,2.13648596146221,1.67377293733047,2.17543316847513,3.27382044393304,2.63542670537981,3.01182412831165,3.72546216798134,2.61254064381626,2.50986860800714,2.6466646493236,2.71776503748204,3.59301777577545,3.11446125179684,2.40687178260371,3.76759875665903,2.10487542373822,4.77564899917211,3.89279892883529,3.23602220469099,3.56003086530818,2.71244530296913,3.58514179311639,2.32188418548789,2.7505513431719,2.92084052840186,4.31437493439555,1.90203468613972
6900,5,3.43095024153292,3.48279147490633,2.38461089411842,2.74809005131811,2.30403670224016,4.082018453587,3.64329561268007,3.33001184153723,3.34966693222309,2.10389154169023,3.28186681459771,2.6013535796717,3.79607243827157,3.18758171296094,3.06787581223305,2.65239168062615,4.20946119929469,3.6263661171411,2.88651816588275,4.92396860647358,3.27241030639203,4.83080584504807,2.89028014252829,1.89176134402091,1.87126029869195,2.3109172115258,2.81051877697174,2.31437250884971,2.18741531582072,3.00011255168478,2.42203207148141,2.769819134735,2.30218094711392,3.02845140428915,4.65238482977193,2.91880108290641,2.57609420667755,3.66650949518396,2.51218614963913,4.79817045129083,3.44688039064669,4.07646360757304,3.2031290321785,2.5123026141896,3.34548310069425,2.44270894567734,2.49444761546833,2.48164853453112,4.79118529281723,1.70352051836717
7000,5,3.48347424975607,3.41286408641431,2.39585971104619,2.60492076184677,1.96738831482815,4.35385427791493,3.94017763687262,1.99688271116909,3.23050528138246,2.14003890214748,3.24542598177378,2.33086224804648,3.75613933594038,4.0359673790845,2.77817246325449,2.54859618001462,4.55493920565013,3.48104913897014,3.09346171927434,5.28120604060248,3.43250886992629,4.53354336027838,2.76450271366562,2.07057369900857,1.82867443715689,2.65135400862811,2.42526550910248,2.40573710567325,2.34420685860404,3.53742444197209,2.48479782244187,2.89046443225893,2.09233386349519,3.37533860495414,4.71437475075521,2.91069171596873,3.14162275602846,4.16447423686749,2.75370768168631,4.32707740507222,3.35651414174139,3.63389344231554,2.85737881715612,2.1506260277127,3.08417554893061,2.49986732188003,2.35358450303796,2.98056007877396,3.85056486046939,1.74286616364803
7100,5,3.52340065912309,3.11186522096236,2.49784435193036,2.36842628887603,1.88693951141287,4.96728516225471,3.26418847093994,2.32734083377886,3.84819705827122,2.1970252766528,2.72378281717047,2.24966157658158,3.52847532171134,3.93226425269749,2.47622629990819,2.20253147739787,4.51253656622013,3.52445539166962,3.18351732411331,4.86990234441758,3.70719594420701,4.02745244193061,2.28934630016844,1.83092743265894,1.65886776697913,2.90221733401666,3.08231765708229,2.54442315139104,1.84421466651996,3.40960383005758,2.59989889277501,2.60717877959326,2.30191781392826,3.32699123263485,3.48109044795328,3.12110779936346,3.69629392897227,3.81009778236036,2.89748482892815,3.34518008264449,3.26590563283611,3.38650201284773,2.75292461745328,2.67118456851127,3.63914288582293,2.13284452419488,2.25442482521715,2.55015748246612,3.46479578174091,1.87810785850636
7200,5,2.44174136340885,3.42809427394596,2.43990931736032,2.51640535097401,2.19190822336385,5.41457893096588,3.48380195599576,2.31519688751161,3.07084320436924,2.19805366207392,2.52781542367717,2.0831996011858,3.19707026460379,4.14664244010162,2.5007893370509,2.2323327351909,4.46667562832519,3.48480787889768,2.81397629486393,4.91490887064314,3.54347950062436,4.12315363563983,2.62821424238211,1.48847463171173,1.73628977989075,3.2803709556029,3.58049852833312,2.58980035440746,2.11880384873976,3.5204009548877,2.67749015658165,2.45208544160304,2.19188786196108,3.34243214581157,3.44841210507337,3.25834960976985,4.14017885919149,2.74721632666784,2.31435593401524,3.49704525136855,2.97062232993183,3.19913023226851,3.31165731972152,2.47947618283171,4.33311556672786,2.07939570322503,2.68419012205548,2.66640145000679,3.91938010353621,1.97209818293314
7300,5,2.15172005952357,2.90929745746022,2.15900423095484,2.37911882577894,2.06381311710999,4.41622018599144,3.25233556148579,1.66715791813153,2.357339161099,2.19793062323479,2.40093183049784,2.20666615924971,3.16680550623999,3.78416196126959,2.3880684085069,2.44605522190735,3.86396193142957,3.7747070627985,2.79502294703964,4.9514973763015,2.84887804681752,3.89683664203301,2.64797382310179,1.41773864224124,1.60441781304248,3.30576391627665,2.49231570973032,2.23005500097857,2.27225866244471,3.90074594194652,2.94839872854924,3.01193480612547,2.67333067001691,3.00133059207379,3.44565664853083,2.89280433448315,4.08979474492671,3.06624391663001,2.18445610336933,2.76349869452209,2.98344529071118,2.51905355869758,3.25147309147564,2.16968894336144,4.53138146663495,1.54816591857217,2.66406230019768,2.6885389877707,3.7653229612646,2.24762549361757
7400,5,2.00554053069568,2.60321673090055,2.22686137355631,2.17936029858479,2.36502088047578,4.65730180579174,3.00749634505716,2.29187653902249,3.1759039810057,1.60281954354161,2.46970258213258,2.20683834308432,3.22208332745904,3.61476271762924,2.08841465384119,2.57366023317187,4.21209578281494,3.76561497194262,2.97839365420679,5.05286660310279,2.2787057770787,3.07564753248095,2.00499907451723,1.75461351968437,1.80286584338203,3.01835375099444,2.72348200381034,2.01647758624034,2.30892086730177,4.08451796324058,2.77007526859214,2.88247296213464,2.36772774110576,2.50610214235039,3.0689909323946,3.01507973491055,4.10195790938173,3.14987119810344,1.92314457623078,2.18530914377721,3.20924748973951,2.0774276214879,2.60365184889297,2.2616742398053,4.28361498073486,1.2992489599069,2.4968216070975,2.5480048700973,2.94209818097008,2.01594091057106
7500,5,2.3756239463281,2.59884954246757,1.81522872384964,2.16214196202419,2.38898150282097,4.4234344720615,2.40088344244662,1.52708908542937,3.25525203295789,1.39378732492798,2.54730958623641,2.32458022372565,2.88379172020124,4.33665951680184,2.19824453567083,2.40481542548518,3.24248176555023,3.79444653499377,1.8517971605602,4.3071415671293,2.05462721308838,3.08102495127413,1.36711516817602,2.16150218655102,1.63778305551824,2.40026287511044,2.21866337125364,1.9192718185316,2.22279270854029,3.61421152496016,2.53218378597882,2.88468254543878,2.44970877653674,1.99996710660116,3.13948919746727,2.44114471132831,3.82872813736358,2.82428203802716,1.8250798178641,1.93636476665999,3.3081884538839,2.12687699002853,2.72129026543985,2.28895792542127,4.00546287521184,1.63721174799309,2.64209064075918,2.93001018374846,2.91800866086724,2.05214894359379
7600,5,3.05024802537142,1.95870480855579,2.08105147141448,2.38343811555144,2.52851691167347,4.2570859688758,3.02221737672282,1.87673904590679,2.30418190088008,1.00961402859541,2.48978328930043,2.96577901521788,2.89903074183581,4.20579165751984,2.96520410846865,2.02016984439511,3.64210084851865,3.50350763980402,1.48382885696527,4.38837188446547,1.93253163833703,2.87829030685948,1.72719602035809,2.19475960217937,1.46450871325173,2.29442516704402,2.04650415725338,2.09527410758903,2.50077379513144,3.81726017684607,2.58822682103051,3.13331211250988,2.44773133803635,1.35057217673623,3.08758461970569,2.55545742009607,2.97091543445705,2.72027168021138,1.51833888322827,3.25805327308781,2.30014997290866,2.4169790876557,2.68198345953652,2.15958712159475,4.08237327465687,1.59327470881915,2.89726009975044,3.13105498673403,2.55569425723947,2.02646951817609
7700,5,3.01351211040606,2.70228162802925,2.17434205161261,1.91219371921293,2.28638905989973,4.12807506555577,3.04062902856846,1.91145510915595,2.6099414921711,1.26105542104215,2.27213518875641,2.67705419960826,2.68263037908843,4.05683880356807,2.81971450138234,2.17236251605709,3.04726022490654,2.91716914028793,1.81333837349428,4.32342555288545,2.13157362863882,2.7413295467358,1.54616090711687,2.22435386260325,1.64827708241419,2.60511474237706,2.07908573223733,2.34755198611306,2.20680527475562,4.0177162906908,2.60050981700122,2.88307926425356,2.30281883147637,1.69558466138951,4.28021877858099,2.47028170813936,3.27045076435814,2.64873415659999,1.66143896311649,2.59946181086072,2.46870250400602,2.43355509165921,2.80394513901968,2.45419097082174,2.70000666968215,1.50078266143606,2.87689399421015,3.27074433003968,3.3660958335894,2.19563353102733
7800,5,3.32245637840353,1.7445102834062,2.20869881463595,1.86537254830095,2.3719670926234,3.71105096966395,2.88110615436514,1.93139528760442,2.39995281756018,1.43809175537705,2.12679840008903,2.3618914189461,2.26705446853507,3.90647488265747,2.53928109713151,1.9065073439099,2.42576983254928,2.93953083489724,1.13329139957129,4.2963507956273,2.05087661368887,3.14751079356095,1.65494292266873,1.89043000075248,1.79665142903361,3.07450483470294,2.87123756229401,1.70966524397674,1.89848480679237,3.32584665428811,2.47005844019043,2.87248439865858,1.89904154465244,2.036233054572,4.02012167461177,2.89680914586079,3.62722582779902,1.66087280868374,1.4311850606362,3.07039535268018,2.29236461222813,3.11824580793917,2.58369712503209,2.47233282430932,3.24147688301672,1.06989035949482,2.69988042377118,3.08869921597928,3.37350065996495,2.38130832734886
7900,5,2.47117570265213,1.33479466054082,2.44202510585009,1.66699259535555,2.57823288676222,3.25655559613921,2.73848170070128,2.21710747802174,2.0366648740582,1.28836515288154,1.84768564548709,1.80782091997231,2.77411445621452,4.52741003060882,2.10148820960904,1.67576848854901,2.56200539109782,2.75597688709968,2.06620783332109,4.10524594907512,2.56336548112264,3.18723694389963,1.83020248579855,1.52186675490944,1.64362883932806,2.75987274406396,2.45823348834255,1.51619877507254,2.358809983414,2.48466125616544,2.64644888022989,3.17479584771259,1.88224634231403,2.02588629829985,3.66024354177487,2.22156996538117,3.86471761760078,1.90371650106421,1.59150035027912,3.15752722668465,2.8603640420802,3.30032072155607,1.23317928491986,2.26627205671551,2.3409346498023,1.14458891025432,2.25293040110039,2.69954571127452,3.43160938578204,2.76307676416142
8000,5,2.44422013844003,2.1755932727296,2.21075560992541,1.65080425628259,2.65469345922324,3.80675593634901,3.14123467300986,2.71136399485188,2.41620354128529,1.38123093779886,1.34871703880245,1.7176770721897,2.43531332404571,3.49110718248457,2.13098618678602,2.38476509456319,2.57638342159533,2.71486916246824,2.7698411611655,4.00084736803633,2.66362753672097,2.39809090282354,1.70785083008246,1.82697229793436,1.50418089315262,1.7531774801652,2.63616353906249,1.21669060924756,2.13687141117924,2.6494282649733,2.53006082252235,2.95000389258149,1.78673938632913,2.50072790165347,4.3894679965987,2.33977437728337,2.77537330820989,1.94665175777286,1.8247132376099,3.68871890027774,2.44838835820127,2.76569592595621,1.4464880354519,1.93678639871816,1.98005423831953,1.27274136824366,1.76844861181526,2.73012771197676,3.25139223068783,2.18659775836286
8100,5,2.8666471063667,1.69519321097579,2.12746760611041,1.41915280003,3.25720438117169,2.82107710282815,3.44689970573958,2.56640212402522,2.61747830854957,1.4182914446066,1.48668346332387,1.85814641307112,2.02981871061319,2.77243110484627,1.85345721866347,2.30829636682468,1.7456747146633,2.65157782217081,3.01422104487937,4.69169884638879,2.11042974828674,2.4588817052293,1.52031080187786,1.49451197151599,1.27021841233724,2.05913042850991,2.86726888980722,0.801836557296646,1.61339069769472,2.79721923244599,2.39278762301553,2.75208371445412,2.03627725585499,1.96864651758428,3.16088600981081,2.51253469562066,3.23204073801474,1.58479196369659,1.91244923253921,3.37479936969306,2.50978039738675,2.73742795744103,1.2370265072502,1.73858859910158,1.55125593788539,1.51468760504643,2.27630520772081,2.13527871017208,2.92911032279627,2.0018548566389
8200,5,2.4737605137513,1.96248192433479,1.90454686369789,1.31801036466338,3.88066008486143,2.7968402711759,2.48730295609591,1.25706336271714,3.22566809822895,1.71556555886631,1.47029618567958,1.73595790286906,1.98261062136988,2.32888568822389,1.49410571797852,2.19126074641926,2.38874330506332,1.69450387085611,3.00801493968136,4.22581240096249,2.13625226754643,2.21446719941739,1.37135505312704,1.29412930600219,1.13483347437478,2.12835064321555,2.68369299493408,0.880287773670341,1.67550435950598,2.82369241634297,2.38707942160742,2.20318560818108,2.25752157250099,2.33935488774732,3.02276620353894,2.61034102513943,3.33352516966983,1.95618774718105,1.6529570742419,3.5338796300227,2.27896704418617,2.39277191100362,1.67023077596701,1.20721876675284,1.78984526086426,1.27920808355389,1.9684980449062,2.00282743542543,2.60376351604049,1.80210192867567
8300,5,2.35727993541325,1.75941314092045,1.59839893844104,0.979010970899179,3.69115471610812,2.58390163536965,2.0239680286319,1.40127359393169,2.62811328206717,1.53892168902027,1.72566641611171,1.12711425201754,1.42935518493099,2.24356441590708,1.26305270124439,1.74558795752875,1.17926884054242,1.87943503981794,2.55536260350685,3.98022512334155,2.18570566110976,2.09318386788202,1.16235029243293,1.41633473798524,1.05616602716694,2.07965331515588,2.686984810985,1.05218589322711,1.33352446239435,2.91016907560832,2.04701801746343,2.15103481198355,2.09743724702731,2.29111817779217,3.10824945746558,2.34485955512088,2.51366713373551,2.5800363463868,1.97245304928886,2.6075291438333,2.22295743959015,1.7394805937576,1.40734268388706,1.49667729516533,1.99097136078249,0.452262839982283,1.96457984242041,2.13818767122005,3.32432888004969,2.13315386905853
8400,5,2.51723012934928,0.625065692037291,1.32708240940869,1.38757471167532,3.59850048996463,2.11828838858343,2.21743268695212,2.11372933278225,2.43948332724129,1.65103731547783,1.38504756558527,0.600502806657183,1.35792277045901,2.13343625935717,1.24082053905812,1.87668793975113,1.30148331702605,1.71211167563175,2.22428189032501,3.5037023894729,2.11747806855476,1.8040030057005,1.29872758619731,0.801326366527007,1.42389572790514,2.17934802722019,2.60119891052759,1.02227937378949,1.79048954249728,2.34230313354356,2.27662251010052,2.34932326021479,1.97037630953204,2.01189867390671,3.77847209837827,1.80004399853586,2.48880143876181,1.91797850013439,2.07483627497935,2.54814140009506,2.49255964189086,1.31289851840808,1.98202683657278,1.58514644248643,2.18764762757868,0.725378093249803,1.71423250095771,1.51893788354212,3.32321031883961,1.60975654998194
8500,5,1.56570794791642,-0.198341829346577,1.2057224394075,1.1320454969529,3.53565275802383,1.96714313923375,1.82362897971752,1.30657996122571,1.82235971364287,1.49144351466714,0.977696546230716,0.930158533049293,0.755503683124844,1.89733367502791,0.79786329132825,1.90795909612777,1.50340578368459,2.37622178044212,2.30421857440074,2.62632891869878,2.16739445038685,1.49497452273515,1.28853891297338,0.951860769227093,1.31414430904,1.89309049574686,2.03795249268287,0.975577471331177,1.82282066679758,1.06263656690029,2.50547798894525,2.753751384998,1.64966818447784,2.17114388693627,4.38498497454312,1.58591203501026,2.45535882621001,0.983139967838411,2.25083784421321,2.90415273462501,2.66742751422305,2.07868311819679,1.82113570559569,1.73678321807032,1.76251519643222,0.613805982432514,1.61190479456266,1.13580832162278,2.36073071787414,1.47798750613979
8600,5,0.933535176923302,0.175338804034728,1.60648690825873,1.24376147669128,3.11389603041166,0.189394872415111,2.27760669283852,1.30772799278473,1.21172176512511,1.2371779049275,1.33177617095485,1.07776876188765,0.752373279715763,2.38727032103726,0.434019490312365,1.43922200987104,0.819078156050709,1.98802660890232,1.76666431102201,3.09997849503444,1.55704374862552,1.08565121278695,1.04298454983066,0.854683767972578,1.1929755972389,1.82761252712567,2.2129644171304,1.30102853653996,1.79578269032577,1.32700563474298,2.2026914621391,2.02940355399381,2.15216563745082,2.13610537174967,3.64373541351453,1.01515178393184,1.66773797717846,0.281238892764356,1.84928848450731,2.97252229220708,2.29880182237164,1.63135995399275,1.87683407083543,1.27010719696996,0.836842535618004,0.605267891564176,1.36890982542905,0.981476104921135,1.96925357669676,1.1667436344202
8700,5,0.845779367295734,-0.571457465233067,1.43697701044473,1.09525878190409,2.65688651269473,1.86663672774907,1.33130672725277,1.39225717636828,0.886185450932738,1.37178909094786,1.42874613778538,1.87987578355898,1.82031345550219,2.60572038669305,0.747326039484101,1.71388000806377,0.68824300632766,1.59428535007058,1.97573557855958,2.23141261313789,1.5536187189672,1.41363272187039,1.08821146402669,1.1083989301172,1.28375192609614,1.73221723850967,1.86182242618814,0.890605782128421,0.972738636000376,1.39044384055752,2.16867282220819,1.74035964484384,1.75571192275243,2.01579489105472,2.55499659825194,1.56790188310136,1.540563909136,0.146169119581789,1.50154055853047,3.35388009940334,2.3851487800119,1.71108105379511,0.918211177067275,1.5395668818404,0.412519522677269,1.08896290560696,0.570485790446659,1.26004267942817,1.67069056292374,1.40067459525201
8800,5,-0.208915589552645,-0.29861473758918,1.99162889511503,1.06199799623462,2.53697908456142,0.958225302875994,0.933262322653569,1.36045342391379,0.765196539514195,1.29728222605335,1.30688978066911,1.67065403989652,2.25183153725946,2.20826550554353,0.82657782603049,1.8607916048993,0.602219698528088,1.21414429016033,1.46983327194853,2.6029517059442,0.842847648924071,1.22197008921544,0.927337916651819,1.12784914500702,0.980268184719785,1.53223775448748,1.36424539539186,0.21430526963397,0.554021243907736,0.975916590852133,1.87236706326007,1.69828862798024,1.93032640660332,2.26504277006592,1.27860276308313,1.29695380668475,1.11269699966407,1.11191152259037,1.45447402572155,2.76459358126315,2.3746844550296,1.38594247629926,0.938639242017557,1.46638028457842,1.0506035123708,1.20681996595408,0.677661864655756,1.2245026368236,1.41734962400194,1.55770113347675
8900,5,1.00981321037054,-0.149062571872382,1.49340374041666,1.01075338712528,2.21937051265603,1.16399925832045,0.528588733104765,1.65627425910092,0.884391322838448,1.48035549588549,1.25041897919475,1.32505592528152,1.79762620283339,1.55921736293193,0.682618760699767,1.58678613311381,0.536884663388066,0.947310889610056,1.22318363493443,1.82427090003997,0.625871296323082,1.47292746893033,0.781048339604151,0.648958630420006,0.934056952124984,1.51635824021592,0.845050050369772,0.35467457689565,1.06454247241268,0.508331826423606,1.91545837708422,1.57198051717342,1.34716478986221,1.89533539711155,1.79371965008626,1.29670904080123,0.884728289313565,1.2206869829651,1.27186326793809,2.24260785200137,1.91149570515738,0.583635865332707,1.29191237517881,1.18497143144419,1.83358216652455,1.20860353313647,0.456481140208726,0.942187706842352,1.09025441401031,1.43148763899145
9000,5,1.55960317290494,0.18725533777664,1.25401618030781,0.737036355655689,2.31999428502038,1.13080130875796,0.767951931831255,1.66156473716195,1.29955737665389,1.01904145072404,1.60291521270383,1.26059500540938,1.37465300110699,1.85038400450202,0.42732106069246,1.10026683857923,0.589698455716992,0.992249360232071,0.400154619416141,1.07589935602256,0.592312405090258,0.672570103151894,1.09237713960263,0.586260447795478,0.752678943149026,1.5450731823734,1.47750640190561,0.385866016971967,1.53022224698324,0.546219009026893,1.80230590364926,1.5604809010594,1.39885460880522,1.70825089674129,1.82987736781491,1.52631601774564,0.522391492192195,1.40282506864759,1.75929682485058,1.66665998704797,0.978716327988721,0.809025190040331,0.950485683145017,0.966864445690777,1.43431671101838,1.79476184745782,0.173536263800922,1.40050601288694,0.842532054410204,1.06254488634906
9100,5,1.09927849946686,0.612922231631598,0.747609065790454,0.567055324634531,3.34057195476726,1.47121246696219,0.863174517532685,0.781649144181486,0.494360993171036,0.703519627973389,1.5615892019842,1.14702525679877,1.39493798119647,1.60744196515747,0.124206877093856,1.56278520307209,0.344828910429943,1.34760973060492,0.00927673953602037,1.35086403633374,0.573236630128974,0.461005441348699,0.267012654194094,0.4496306101536,0.654206269536557,1.64622575842443,1.88964517905946,0.626233644333985,0.981258090047651,0.463940689788523,1.17301992278737,1.23920519322058,1.44222670265283,1.1191688003539,1.09139273977149,1.36096870421806,1.21007568662526,1.45945910212074,1.37051139203984,1.43798957388913,0.80117175587138,0.608493527512764,0.917339591233669,1.01575353837221,0.322210289639768,1.44279829494297,0.731131818714581,1.28591874223646,0.700907035855474,1.06875789813894
9200,5,1.13484781679313,0.484330729623261,1.01726749374012,0.351911738884449,2.97564975862936,1.27875298676897,1.09365910593936,1.78974625289254,0.96374243179566,0.476941575307497,1.53513891395499,1.1702162094675,1.24694592506895,0.975365099425568,0.0659115538658858,1.95361941746898,0.86500945824568,1.24133764782707,-0.112794008033193,1.70425142238308,0.441262142563699,-0.364209951400544,0.679014658233319,0.396902144978799,0.566703234835589,1.39200383049999,1.81505732819387,1.14975003802659,1.0304549184204,1.03573922536972,0.567345507978071,1.3969682800406,1.14294028216123,0.749788336401224,1.66923564621119,1.11164847329005,0.784943306900028,1.0768722804646,1.56758432166931,1.40513459810676,1.3935242811232,0.713571018507211,0.909750459527657,0.998605195706262,0.633632783921032,0.920090271837052,0.654264778009818,0.638348314875038,0.587271418216773,0.915551739030213
9300,5,0.137918024069696,0.30217076371317,0.847517162340349,0.505354122684625,1.71735504455276,1.13051186032163,1.57417966012629,1.36982574920787,0.608189114620864,0.64895983975956,1.94864347729181,0.913592060608822,0.662926549782175,1.16248405581183,0.224544974601554,1.7618651732489,0.403195772381646,0.608058605049848,-0.174025950659174,1.06320635986445,0.551629328547828,-0.35870880987463,0.695731605300966,0.374647648580981,0.37666312092132,1.1057158566474,1.55023731515054,1.13461953204171,1.01307832527506,0.584638110556901,0.530805648644324,0.444227670065803,0.684771196024554,1.02810473065647,1.51068504910876,1.02241050999254,0.691186340377659,0.142059420395552,1.46540216638274,1.1159488276701,1.22768986396417,0.65326791699353,0.481354547936201,1.402711649013,0.406218707081452,0.784458953650121,0.717142422830733,1.39878346456627,0.415699462961011,1.53294123643509
9400,5,-0.0419517449104978,0.305129529116874,0.662158466979049,0.680002107829425,1.23481569396794,0.395482412090035,1.36977160924441,1.08189112833722,0.540102764267139,0.69602424602866,1.44652650415851,0.219195557581083,0.58533186514885,1.09065671822569,-0.0388132760549358,1.01004222854053,0.206708008936974,0.951889608897249,0.313174867816955,1.70804448124268,0.769859301688196,-0.15514591089605,0.635206113929684,0.321553290890266,0.369054907076796,0.613805270223624,0.351703510980995,0.990297077531515,1.2303784524021,0.403757552924471,0.374064046676301,0.318521219162708,0.841491220451389,1.07757842683575,0.74843018226167,1.23266806892634,0.839490492670274,0.182236670428256,1.63431273849338,1.10390647571172,0.913252737390537,0.59237265056545,0.494465757149762,1.09519223826579,1.35277495004252,0.854549016590925,0.941313632886068,0.958228345551963,0.0277903531730022,1.64335552109116
9500,5,-0.0396208889435572,0.709114306995628,0.82339792895178,0.625779316422119,1.10163883585896,-0.117204443779464,0.871852788656992,1.16142248749771,0.431503879892852,0.795304366282175,1.53204965238021,-0.0653383847676414,0.85761444038458,0.988911386759915,-0.282068734192674,0.784203936859744,-0.515083570623993,0.802295676041563,0.139779383337379,1.24207306155267,0.633412979059092,-0.742612152527903,0.711023811527511,0.674034117774431,0.0779150968423925,0.208951205963018,-0.10023446638497,0.664670649564394,1.46387923116229,0.57612772036216,0.629526032439734,0.56464337788875,0.754741494755609,1.14518692581225,1.82235222544902,0.801436904601063,1.44389603618874,0.797934111549957,1.20200343029108,0.237246934968172,0.247493107545995,-0.161624388047014,0.691877554148371,0.638915797585157,0.940787090544558,0.928948799725246,1.28214950898308,0.67346508490521,-0.668264146124455,0.763770994618696
9600,5,-0.0851300012810452,-0.100752650213107,0.752307976310201,0.345373912400496,0.419377342106662,-0.853792879228427,0.244302068170192,1.04378469283041,0.492648864955834,0.631671788071423,1.10151515629558,-0.586102709635876,0.373413744960621,0.193962941213394,0.0686081601604507,0.644576684009586,-1.1823326809302,0.355786715018095,-0.0853829971302478,-0.673145161079187,0.8378419844156,-0.879618672559128,0.0259873859038741,0.686126365719338,0.470933261507143,0.571151321200015,-0.342023744172959,0.466540959147735,0.573233289416021,0.27450277031913,0.673471881069942,0.559150132747441,1.17018977594336,0.71427785953403,0.877070752676641,1.12361747488922,1.15099840345294,-0.262519141900664,1.08629753242294,1.02912092344623,0.455787035458222,-0.0229735723677643,0.754135776849232,0.125703894933203,0.744334187644386,0.484925951860977,0.677188840901338,1.13300013354492,-0.302662304149043,0.747917081239242
9700,5,0.932875745539227,-0.448099205685457,0.60478001856845,0.667911728654251,0.764469560679139,-1.06353267287497,0.237872247806936,0.827214051126319,0.328210845320921,0.672191696425224,1.0351725494374,-0.048291097708368,1.17371327498168,0.109744236410015,0.0458892722510557,0.648784151835744,-0.245538000320443,0.252486189382375,-0.478196000157798,-1.61141935599395,1.18745117017381,-0.87935186354175,-0.225279435199598,0.8517019437202,0.636380335607312,-0.229665407221489,-0.385209719504018,0.320515876938572,0.606830677772205,0.190406493294982,0.965854980476693,0.0576542602881192,0.76967361228079,0.435836983265719,0.557462272841764,0.870215483349279,1.29899435968177,-0.441842166794277,1.17105097390557,-0.0930278894862436,0.200230307139321,0.386835338134966,0.951535085209828,-0.2201396191273,0.397733306641495,0.572011045706844,-0.0427816240629473,0.935552655699696,-0.948567622394714,0.869154154857848
9800,5,1.28611988311661,0.229583681769461,-0.505009595092848,0.298073728149549,0.847082842207397,-0.699761474905767,-0.0132592243032444,-0.482877849532333,0.749004405120907,0.418181297946878,0.207231425617021,0.209931683912836,0.89714660012023,-0.343176084003117,0.121032639738953,0.230193302930999,-1.21182250712117,0.197105717360304,-0.493384981853605,-1.41905185062222,0.912656911166051,-1.13416001298736,-0.296012795716937,0.771077415060096,0.63597762353499,-0.61842179555101,-0.619784959907339,0.48563340213186,-0.0999559776408796,0.150313231351654,0.295323555482423,-0.360548533008711,0.858646505617465,-0.311110569832201,0.0906107618914025,0.641001303085726,1.12686511980422,-1.15261986147615,1.36454334469085,0.0436390884277826,-0.16564396573723,-0.21007120641331,1.35321621702293,-0.836796873652278,-0.233414163325919,0.484540318003431,-0.196023640926514,0.625969746413911,-0.887394907280764,1.12893853896116
9900,5,1.15357429816039,0.446095714807146,0.225075216464349,0.652936004458999,0.340393762683644,-0.959979488950829,-0.152707886821787,-1.37673832449732,0.714120881727402,0.0683380543172654,0.126497249182785,0.450744328007671,0.39293518346657,-0.718027055886427,0.32167376688017,0.11555014719715,-0.924952009014347,0.0407293323914264,-0.711124371306916,-0.68968225784087,0.626116929612587,-1.12335011226172,-0.582693033812826,0.446530953920482,0.585203273361306,-0.267092472347681,0.123928092830273,0.253011402363289,0.00833472605741481,0.035370128821217,0.0376226916902935,-0.977966498380733,1.28087507557518,-0.0767555227054818,-0.478930946785628,0.77706154084461,1.75277078557379,-1.2761321254931,1.46945685185416,-0.560856099288482,0.538340209842443,0.273491838369606,1.38837775034007,-0.539961286191251,0.191957712293481,0.175775329616584,0.136172976093393,-0.252842300164825,-0.934958648081193,0.905754816242897
10000,5,0.590697843399104,0.410452996495743,0.460369808670123,0.166823793149919,-0.335071491223584,-2.40222641292251,-0.461120642703604,-1.37794597484187,0.327751911691124,0.232282711359726,0.417517861418682,0.282433984400769,0.0970247776746925,0.0571294023469465,-0.148105523520558,-0.459467492023907,-2.21589781763961,0.555228964963186,-0.455209051787547,-0.285116876844627,0.51812076217891,-0.96148665714358,-0.372577938222118,0.708063605993177,0.171709712227037,-0.728186324358923,0.225484580313469,0.395699490976007,-0.255818978443893,-0.15588887546684,-0.155812688055322,-0.998952399678214,1.04294724854908,-0.175298291633947,-0.779496755006976,0.214478635637769,0.323579255576188,-1.17131590471985,1.18546850249336,-1.00336932367609,0.0501779879982026,-0.44089958930322,0.644717389330334,-0.526145010448846,-0.920231506763131,0.103810890175871,0.421637472534772,-0.764395030836903,-0.648843918527087,1.18409616564519
10100,5,-0.446229166405143,0.0418711974333951,0.809824358938143,0.291614564404231,-1.70535193696567,-1.91988055654352,-0.385605040909762,-1.67359963054825,0.51403410392846,0.0972645707252795,0.117754679617999,-0.415354603404766,-0.296577399478086,-0.550607435523469,0.294636555001526,-1.03074706329716,-2.00176825914355,0.396785911370672,-0.475034548720907,-0.770231416440331,0.652355235573736,-1.19079020054869,-0.659824099176915,0.207726847926235,0.299618580629283,-0.207659545326048,-0.145251087064617,-0.200615605624929,-0.770998235631565,-0.814774315881773,-0.231304493354371,-1.6157266965926,0.515256749205133,-0.505920072479722,-1.60966226086662,-0.284188048768298,-0.686928344525282,-1.16634607602384,1.18137270510204,-0.827894396352457,-0.544822047800694,-0.10104240643859,-0.421541286695945,-0.164470734679013,-0.939765029701083,-0.386727750419528,-0.205363740518289,-0.107776947025748,-1.09005127268326,0.94594196775244
10200,5,-0.263682878076206,0.430320571821775,0.462146987629781,-0.405367052397095,-1.52725748034782,-2.44567934349884,0.420796979452062,-0.775230134256739,-0.379763548485706,0.844116759681776,-0.0388448628087368,-0.45871705364119,0.0983515304634061,-0.824142707911886,0.252671485745447,-1.68193683325753,-2.27326394885795,-0.754742137353796,-0.914760488742997,-1.79713746506794,0.502463292431636,-1.9182589079883,-1.03309963652627,-0.200573573549938,0.157268125559721,0.265386114452035,-0.276272051088478,-0.107926737864727,-0.635471534823786,-0.0447722711891924,-0.764389290467613,-1.69727703546449,0.654935824963706,-1.04161226761829,-1.93679351214912,-0.735072142503263,-0.99850490049914,-1.98821233227104,1.25858320974005,-0.746107679241691,-1.13424606568727,-0.469297258110778,-0.0829835606496039,0.235015316284025,0.0393680184705936,-0.5389618013389,-0.555779902504544,-0.896327298925533,-1.6987725528057,0.666445935879891
10300,5,-0.058968233650454,-0.459650479092463,0.0631234643767805,-0.635273904840658,-1.84218529002326,-2.17964244767982,-0.294286689086504,-0.162609862042539,-0.079924922263806,0.483464316077909,-0.139837296419794,-0.324907508177466,0.492373340342856,-2.23341385150241,0.0211089886209631,-2.07458150733332,-2.2295950216513,-1.30480032781074,-0.883869764606106,-1.44391934558509,0.162772299711857,-1.92863999370862,-1.3859965858619,-0.327516321058719,-0.172099639882049,0.0241322266679532,-0.916919517515504,0.137701006191933,-0.00237726966792251,-0.935677081339357,-0.593466226034798,-1.79477500877881,0.709704809764524,-0.836715851237028,-2.98636289128543,-1.27365738439205,-1.05858095908278,-1.46692310109076,0.182682221733932,-0.281762031339663,-1.47949039665843,-0.891151044886954,-0.894957000102731,-0.397799303293029,0.651671722874342,-0.586584554459742,-0.701737417257796,-1.28659549707211,-1.43758178294916,0.450807035135652
10400,5,-0.997277924893211,-0.875438490593291,-1.18377355958635,-0.498662401809728,-2.1366668821811,-3.12449675637762,-0.825209355759002,-0.218255946168474,-0.624009312435923,0.0585552880480613,-0.287772249460524,-1.51066744895521,0.223276044630006,-3.20798753340409,-0.20868238758052,-1.88048982018174,-3.0664090445343,-1.93806726590882,-1.4568026697859,-2.58327241423546,-0.263233668639483,-1.52184222698689,-1.22598187917574,-0.0694054459659198,-0.407715247291963,0.452055956850908,-1.02591123827312,-0.24755384040398,-0.619237971903843,-0.986435097983599,-0.778940552815238,-2.13187065288119,0.524883357420671,-1.41069045787117,-3.39945362480625,-1.04206733590453,-1.62606507507367,-2.53554814672681,-1.03801814412754,-2.11468039513267,-1.26225212464232,-1.71810786265271,-1.36484493593852,-0.840118965204634,0.00793679153676918,-1.09117943697972,-0.674212361399801,-1.84756663289071,-1.51403012664122,0.455130124605922
10500,5,-0.360495700767461,-1.13048704261593,-1.39847676474261,-0.83456471444711,-1.48329262823891,-2.92679905138278,-1.08829937714299,-0.512681991751887,-1.91406395968842,-0.0481630188751012,-0.835775119392363,-2.32197965519315,-0.435085137403296,-3.55803561998126,-0.994167692572816,-2.26966637451141,-2.28717139478221,-1.80989695021513,-1.77677999005519,-2.82644106099755,-0.867824610837135,-1.78714321306739,-2.21752754496091,0.0083184885179427,-0.30716830163543,-0.98939852327921,-1.61904681371247,-0.310874836746193,-0.320727165561213,-1.82244145692405,-1.55393337337744,-2.89402485486062,0.362925137513794,-1.6614915294849,-4.50385906508745,0.0154215884551923,-2.54926171592412,-2.19127495990741,-1.17589318298799,-2.92738311536686,-1.99114792500553,-2.23300080409214,-1.5206151082148,-1.6619020831859,-0.911993210206571,-1.4303476430109,-0.544665412574767,-1.94809317331438,-1.35838727546084,0.337322690815728
10600,5,-1.74815372688155,-2.06783407800667,-1.4620092652421,-0.888787069691886,-1.72804955547158,-3.96306325139919,-0.863883767852541,-0.887198004809573,-2.34065966233851,-0.151002591387736,-0.460488480762453,-1.47447032925607,-0.834447894306153,-3.40161581895148,-0.0317735644175802,-2.09537169264606,-3.47495763550571,-2.10580423863872,-2.51251875870177,-3.56480745253216,-1.44981172737164,-3.24886182402579,-1.54483261253066,-0.283905809155837,-0.649554145002323,-1.75258821547182,-1.65369698847106,-0.20664132770377,-1.05403951042645,-1.19441898926388,-1.48525148720711,-2.49720832188152,-0.390077985053786,-2.37812958869473,-4.09206252807307,-0.929269192260063,-3.46832059232338,-1.48431386673077,-2.01115236885023,-2.51073058512994,-2.84712301075984,-1.72727894330726,-1.87506770961197,-2.1910514002653,-2.97944125302627,-1.03723359430315,-0.281415644783296,-3.4876226502031,-2.13138999032477,-0.478458547172464
10700,5,-3.63996727159239,-2.47338989882616,-1.49513683818018,-1.03921336579176,-1.74334871188935,-3.34213103149894,-1.27004283828086,-2.47682427486474,-3.3723521984728,-0.314299512763302,-0.396107611220597,-1.79388880591758,-1.63618120468926,-3.79480146874768,-1.19259875511508,-2.35251386876867,-4.74115158845836,-1.78232821584469,-3.11845911036052,-3.79310702904003,-1.29477407987114,-3.43958376569813,-1.69913223534545,-0.391366461303142,-0.981411726525358,-1.44843010550246,-1.66116219139089,-0.460755332578771,-2.12767358537805,-1.77256364758024,-1.3897219089156,-2.73842381019549,0.181740181960604,-1.92420064548252,-3.65808259934501,-1.36333625279032,-3.97981759844147,-0.293166177295867,-1.38569598699318,-2.85665048545542,-2.51182655417275,-2.25643670162999,-2.03409456516279,-2.16729112625954,-3.33309916188835,-1.63963981297337,-0.292429857848742,-3.05340074280203,-3.62367430936552,-1.01323070116907
10800,5,-3.00570837983224,-3.00276340707555,-2.32010357621616,-1.27679029224043,-2.19953892460474,-3.15206460261248,-2.66605633264461,-1.30867571442785,-3.56010360330114,-0.470361283032667,-0.688317624367818,-2.1532627075649,-1.56574493289421,-3.07869795947033,-1.90005482808676,-2.04394216098693,-3.30837512175396,-2.84241310210995,-3.33930185599292,-3.4550468418648,-2.10972193225674,-3.50499387143518,-0.916697913662603,-0.804537015038597,-1.07437669203966,-1.34880422932468,-2.46601690899682,-0.918146710177355,-2.53702282541506,-2.16782276053584,-1.50509780387015,-2.7425842250561,-0.91698479767895,-0.931056509697561,-1.94768604262886,-2.20467767713349,-3.78329573607393,-1.78851920859732,-1.48317395600549,-4.02648693836818,-3.0558296364611,-1.12317429514376,-2.06507155390003,-2.21450583762189,-3.79950872949517,-1.9497501713769,-1.08766162676785,-2.27541012061237,-3.69887514538633,-0.866471177590673
10900,5,-2.85634008595821,-4.02062822847769,-2.32146176227719,-1.67056901798029,-2.68311748731738,-4.5309643235139,-4.08489917995584,-1.81631702257185,-3.22524918412256,0.122436989562497,-1.26143584684481,-2.21647248775349,-1.99559531254835,-4.57775360898269,-2.38476210681425,-2.09605654517115,-3.82674211895478,-2.50167228672965,-2.63201054012276,-3.70523866529761,-1.96049980388549,-3.76450473517209,-1.04358885544141,-0.986894481620755,-0.879169017243823,-1.66797836291857,-2.75429780341102,-0.369411810781393,-2.70135713428121,-2.18850802099678,-2.04620670497549,-3.62947276975858,-2.02585031208403,-1.69908372076866,-1.7629044323763,-2.06815487864268,-2.9682665273524,-2.59434975292766,-1.87497141773487,-4.70903189790273,-4.19352322275313,-1.38070472313864,-3.27330677393167,-2.67263616934421,-4.22238634849229,-1.58113348970733,-1.53465101243022,-2.5382604391711,-3.73731026675372,-0.79021530325308
11000,5,-2.40848340591092,-4.00234518779033,-2.77454429358426,-1.44452918512244,-2.83820280706463,-6.3823099345131,-2.68197970570458,-2.24936627272202,-2.19778330606396,-1.37268981947026,-2.00444354778866,-1.91341927955075,-2.19137902718415,-4.20051349469351,-3.1643444984258,-2.12850192675775,-4.36547707094704,-3.11682876105795,-2.54756776468941,-3.80936798839399,-2.57871911653187,-6.47794665613062,-2.43351060754173,-1.47159231981639,-0.569484220174458,-1.95513156435038,-3.0348242549791,-0.556356035527521,-2.79372360682177,-2.72274702024676,-2.65132403487072,-3.56591428242988,-2.47328459807463,-2.28212069827801,-2.75350581345838,-2.06913345415514,-2.05290680663889,-2.47348323518788,-2.54528907098781,-4.26895752635168,-4.39644372173698,-2.80589011039811,-5.24173977592949,-2.86215821482648,-3.26529937783159,-0.666984392748624,-2.09557941304145,-2.613310450706,-4.71341494261827,-0.968788004987786
11100,5,-3.02325746107045,-5.31012277996051,-3.25579624908281,-1.53508266158275,-4.84909791744444,-7.02596748584932,-3.72283158103917,-2.95476498796445,-3.95228670864045,-1.63046551909429,-2.9873586248069,-2.79991088755027,-3.08339374126808,-4.19819483369279,-3.32379897947736,-2.68789818497037,-2.49411774403333,-3.82652611388148,-3.11541052646709,-4.10362404126507,-2.94368641461322,-6.15133446749966,-1.59522627612244,-0.739273557659375,-0.764267357128441,-2.22373621100204,-2.1664548240133,-1.40347671721046,-2.44840053235348,-3.24705273781921,-3.07619191731676,-3.31078982605397,-2.84470901696265,-2.41281966011617,-3.65393840442282,-2.84702489914888,-3.28430539469575,-3.2118534761238,-2.0784992501692,-6.61941234569029,-4.37496172094835,-3.05410825776733,-5.11596380066347,-2.57015222733956,-3.71428930663934,-1.03524067782641,-3.37663175812522,-3.96528253946664,-6.10140165315791,-2.40916642900412
11200,5,-3.96370307018957,-5.34386073797454,-3.45556312318027,-2.12264423875422,-5.93250943278875,-7.38841407122063,-4.05039259943276,-2.44425061866663,-3.63341150437573,-1.57622035964086,-3.70239080547476,-2.86174511129684,-3.59613644849437,-4.6214546966123,-3.92860206323261,-3.40269666144016,-3.21800642287925,-4.31057979339856,-4.08567257538353,-5.69086998248824,-3.98133988867385,-6.86840322200846,-1.00834539533604,-1.88146585945355,-1.17249437291904,-3.35180449319116,-1.74582991369325,-1.66027172337313,-2.6329507169933,-3.88401581462378,-3.72990019345883,-3.11767589773521,-2.70079219649161,-3.62838855645325,-4.86532870448864,-4.41033381514565,-3.83777534396272,-3.75098821676223,-2.90591590859017,-7.60886885437434,-4.95213653736784,-6.32810826176239,-4.76861970487529,-1.54476905247179,-4.73176693056758,-1.35114485240558,-3.66990813287351,-4.40449088873602,-4.67097412920756,-3.19958159457091
11300,5,-5.86959013850611,-4.81096511580306,-4.4211528076324,-2.60801116772435,-6.250112628761,-8.72602006394518,-4.13858722306992,-5.34642534113423,-4.56603252706064,-2.15488478051889,-3.08202220667879,-3.13226860493928,-3.11418103490437,-5.61191737461852,-3.98939129035175,-4.52176393960991,-2.98858855356547,-5.32154092614334,-4.04631661440076,-6.96130937910247,-4.51728566380794,-6.61142585147303,-0.638794682978803,-2.90081550024873,-1.55417284070056,-3.40862523345076,-2.41252505875484,-2.25893909098571,-3.68831091913691,-4.81067005911445,-5.42157810322649,-2.84964517591271,-3.28201395815095,-3.691118329961,-5.91541498847352,-3.80734126787283,-6.63821658633677,-3.23588005982915,-3.30729451711127,-7.85386190215786,-6.13789148726183,-7.1770384962873,-4.31641298544439,-2.48837051295038,-4.37109716374867,-1.54546782280255,-5.01819613659996,-4.19344155903253,-5.4290411980076,-2.80930620838481
11400,5,-8.49868078063971,-3.79571467700297,-4.21873570596062,-2.90459932398709,-5.11111915986734,-9.66648342964961,-5.40545926368462,-5.2906351832677,-5.66947606690631,-2.10464984875033,-3.70966253129395,-2.71821910824429,-3.84736573195821,-8.52607781557488,-4.03416197177392,-4.39361084150685,-5.22753985505165,-6.26309573970216,-5.15448008252064,-8.31586015728711,-4.70352224131865,-6.95229581155177,-0.850587637342918,-3.27395700231866,-2.57642300683273,-3.67380413752205,-2.18274760757814,-3.25601710451642,-3.57391988981378,-6.29209995631679,-3.97888126804198,-3.62699719967465,-3.84368574251194,-4.00465252170456,-7.08567158535559,-3.09883134621507,-6.14974346457356,-4.83232161199993,-4.72699987158267,-9.63866806369716,-5.45697057716669,-8.00007300321178,-4.46523139790091,-3.50610282393446,-7.13463131800762,-2.17256632167284,-5.97325100912562,-3.38870693953108,-6.18818280621226,-2.83492086109003
11500,5,-9.1655273368667,-7.13229601030886,-4.77918110153974,-3.76685870011163,-6.41706828842001,-10.7353569747809,-5.35021007248204,-6.14226445282666,-6.41419261607037,-2.49092373302203,-4.47920254769355,-2.86729618500037,-5.25648768376494,-9.04198842060321,-5.18934938372786,-5.09934495383461,-6.08755461231004,-7.46092237392869,-4.97246388513552,-6.6706813981305,-6.33739517080637,-7.49906850144848,-1.99300759968182,-2.48127955219419,-2.55668411570486,-4.25135604009346,-3.39952626554877,-3.70078632422874,-4.18274172914267,-6.38443921514076,-4.47925866184957,-5.10770836271437,-4.21619959803959,-4.79486747472902,-9.69111915150667,-3.12067777819874,-5.57262212042348,-5.46918385040248,-5.77663339944492,-12.4270604467346,-5.61435197311985,-6.31482067673178,-5.618254250584,-3.83544079161071,-7.535802892422,-3.80413491217288,-6.43363538448057,-3.20524441453951,-6.79263745672366,-3.21022543594579
11600,5,-8.88238305537959,-7.66194187629431,-5.19229849032819,-4.34764781124252,-6.72284438497885,-11.2121087352717,-6.40725074826696,-6.33622398348724,-7.58506946016109,-3.31666291548745,-4.65488975526639,-3.91446356570034,-7.10490979203829,-9.48750834212589,-5.84420763294729,-5.21400931261303,-7.97731911346333,-7.12460106158723,-5.94963544312424,-8.52683756649941,-6.40269757164772,-8.17577513348951,-1.94558969545357,-1.37778713699345,-2.33284370215692,-4.69246220132803,-5.43422684673744,-5.01166868986827,-5.77274269906698,-7.12219526979326,-5.95763798919421,-5.28123464714485,-5.12839181685193,-5.406351542803,-10.9663012243247,-3.33545097844924,-6.66238933758295,-6.95223685988495,-4.74945333532591,-10.8160509228523,-6.16314989378931,-6.25692897593424,-6.20057032741916,-5.50181525434506,-8.49031931209458,-4.85186328100046,-6.00645495642189,-4.45893602274895,-7.98796162366444,-4.17132725899527
11700,5,-9.95253131243234,-8.23701298172085,-6.84047778263284,-5.6620923679011,-7.16971774609487,-12.0359876774432,-7.8713319792109,-6.64457758841605,-8.97879649630999,-3.91603130811657,-5.73733873639928,-5.3490494669734,-6.98775775095991,-9.28178392941553,-6.31272699155641,-6.56501692351946,-7.93286075996658,-7.52509065540101,-5.87092107729569,-10.1817655153495,-6.05010639075268,-9.32306475351455,-3.82405739825358,-3.83814311573535,-2.8273019488539,-5.79091400383462,-5.1448296569446,-5.19411710597364,-6.38582198134452,-8.56804310256066,-7.21260281929684,-5.25939870494331,-5.79333756500781,-5.67219195460548,-12.9921644979687,-3.94915698855414,-8.58339690052641,-8.86299803080072,-5.00984333887161,-12.5797298210464,-8.60152873254144,-7.2661429275959,-8.05263679269206,-5.70678970489636,-9.68707804655742,-4.93482172594776,-6.4232474066549,-5.41091769808197,-7.92352375018382,-4.85174627244372
11800,5,-11.7255521792868,-9.15042346663606,-6.76064057035914,-5.60257229541795,-8.44506365245478,-12.3684729829729,-8.29761029722308,-8.46300617915691,-8.46725921199189,-4.62633846931031,-6.15334876308079,-6.01623624032338,-7.59424864939042,-8.68098948566184,-7.08190634332827,-8.18157035083704,-8.87084991130582,-9.09458553436297,-5.48321315067726,-13.0222691061728,-6.79383733240004,-9.60386011477731,-4.30408704393232,-4.84685611202705,-3.26917605200575,-8.18644768016118,-6.2382844755454,-5.34649389942762,-6.77059850258813,-10.104581743069,-7.52571055691395,-7.80475704905851,-5.60932854558824,-7.06916042134996,-16.3308581097154,-6.30684203386768,-7.90964063942628,-10.3489939251739,-4.56992131258489,-13.5779349676128,-9.57028111948588,-8.47111371846207,-8.74847186519568,-6.20940757432301,-12.0925898716601,-5.25169600443177,-6.71942836553382,-6.04577529547605,-6.5502486108773,-5.04028687803094
11900,5,-11.9679947303295,-8.95169047466085,-6.08878032435602,-6.18369037251597,-10.3332416048399,-11.6761055961047,-7.96860884103118,-10.8540567560238,-9.10987153636259,-6.1392625104352,-6.65894795099191,-7.22997442340451,-8.44707347405208,-9.82714592839638,-9.38066989767538,-9.74485341521313,-10.8287473266985,-9.77736078064919,-5.99216526024345,-14.3941759939018,-7.23163509149077,-11.2063301772101,-5.50710475952905,-5.83627792313396,-3.95538493515348,-8.34788381791765,-8.65286525656914,-6.17926424930709,-8.1401289759949,-10.2747540451958,-6.85767774817657,-7.06836178559582,-5.9800743703696,-9.24369640831133,-17.3625797007314,-8.16302063192904,-8.10259971374325,-11.1588144107672,-4.75682230813384,-15.436510063742,-11.1494891502925,-11.1800857424243,-10.7355469407351,-6.92422495519719,-13.5043108550062,-6.11507504827439,-7.82267838133405,-5.84975564382783,-7.30129846601795,-5.01261068515088
12000,5,-14.9696921940311,-11.2210205611699,-7.63660813672772,-6.85564623544239,-11.1406899969071,-10.7335930731877,-10.0375635227619,-11.2897636287964,-11.5322152252471,-5.65864983825347,-6.62087230659767,-7.52373141396942,-7.9211428335951,-10.3624836692262,-8.16664857689199,-9.42316680101244,-11.8435072720497,-9.75137336146978,-6.70366753289591,-16.1955814179117,-7.71247415316038,-13.617645838923,-7.20537845759559,-6.53007759780741,-5.06975584279279,-8.62876402777685,-9.17206703441009,-6.93750008678146,-8.90522449481583,-10.212848106173,-7.41286328869736,-6.94768866469673,-7.08807781296666,-8.3868681197024,-18.7462563940601,-8.58124405707704,-10.0569380253944,-12.9918926260157,-6.26820230082319,-15.2160604660236,-12.6129601917646,-13.0640574511868,-11.3984533095763,-6.78574875665306,-14.0340824456178,-6.36563907641571,-8.73366841683264,-6.51747491328023,-8.25627918177279,-5.52576643014095
0,6,-0.580139597193484,-0.0297540921120869,0.777271867048573,-0.333476332807218,-0.889315720857509,-0.144477903179281,0.180516779771909,0.00107419796899677,0.850529978881387,0.707269480270237,-0.505502029973135,0.163848105072766,0.467031887857242,0.0685457978020445,0.58701800300672,1.05628950773746,-0.147900795366392,1.15250828148183,0.439619357118773,-0.477200493636535,-0.418748524892298,0.497576397598282,0.299114331268572,1.02603256130325,-0.178963699465434,-0.122730766025847,0.00170659758166103,-0.60603753599074,-0.690570616144755,0.494647682760031,0.0454985493589564,1.26662749439224,0.793883695588713,0.210088485177521,0.473538957831313,-0.393080944116013,2.26502790982685,0.40975350789061,0.341924644016477,0.0756473395798558,0.871177767737507,1.70291298457843,1.18028160587732,-0.319830381235838,-0.0188101742901601,0.69802686105535,0.631499129607134,0.19764878981464,-0.599788969127539,1.38542907238961
100,6,-1.16473873051748,0.122105836874851,0.476239055659426,-0.165154354273862,0.695218532196675,0.477887605728677,-0.377185579996977,-0.259575767139461,0.087435324577021,0.194635618520318,-0.219883252367067,-0.841151908258403,0.427871030445309,-0.387375759209609,-0.777346541007896,0.239941538249726,-0.175705590091955,0.539930767540608,-0.530213103806792,0.298909586789538,-0.380979056068994,0.159668788661706,-0.00698865335900711,0.332796386967558,0.435096674043626,0.518161061497193,0.240159382318846,-0.593912594722615,-0.0720827669409314,0.290933508842995,-0.256800482120613,0.253860561635391,0.00698865335900711,-0.110220799068279,-0.358244717331147,-0.339895428618742,1.42394247333938,0.128878843999867,0.219978629903177,-0.149767800946642,-0.179325768289967,0.201530464271134,0.128465395510108,-0.293472311259207,-0.0177920023254401,0.484315326340758,-0.209691156016463,0.300710002750453,-1.1972622038716,-0.0748328816202104
200,6,0.145014236466343,0.174299405439038,1.1104357913307,-0.314451356623681,0.932560726279899,0.355604552285016,0.164256759614511,0.689504621076554,0.2875598298066,0.286733187924106,0.165615551627908,0.185775911252558,1.18856141994452,0.0732158014363533,0.737631839258239,-0.554672236856066,0.677741765478952,0.50981707525692,-0.364409537212894,-0.166478470666631,0.353876976806683,0.262695150886745,0.357681982307323,-0.0811359741513549,0.53447428938978,0.295368871435746,0.193499259368722,-0.108995801166217,-0.132000331025849,1.01612865348529,-0.212419518489704,0.00739789199412089,-0.0746776614489044,0.140137639376807,-0.485537724151045,0.41557985661571,0.598979422726246,0.426401712154418,-0.286980887873912,0.214514707126488,-0.727006924838977,0.511749484997833,-0.476659705285196,0.0766744015806431,-0.574333036187419,0.463402109729682,-0.214224886717385,0.603737121024104,-1.26906612492952,-0.622166727296022
300,6,-1.49324049119877,0.479877627620729,0.321382543199295,0.305782230426278,0.400537929284494,0.255303253951454,0.466426053605078,0.579100833912363,0.364203867719633,0.549935302457369,-0.106157476314765,-0.216386758484644,-0.158067752034894,-0.253890528320198,0.407168436354626,-0.135422938251519,0.56044010092493,0.0147875406702558,-0.0254050950279845,-1.11163279981541,0.640404098580874,0.95755585779704,0.353887622206249,-0.0977534744401378,-0.0246700720331616,0.186104539760355,0.23139921559296,-0.298661513349114,0.431414425959872,1.15561631613805,-0.666331352615938,-0.228052933948108,-0.0993927772851442,0.0131144667383973,0.0613564791718659,-0.308486534114926,0.936907007456875,0.709562816654929,-0.2051112380747,0.601662123192385,-0.834995677512212,0.415987740421347,0.249113730719166,-0.0726722570940415,-0.673036733213773,0.339346876703653,-0.952625082547583,0.732876761897047,-1.31442433298726,0.238554197854605
400,6,-0.923082110734984,0.110645937988161,0.754017490896657,-0.995279826097711,0.500185128298618,0.111197309496018,0.0719601552439655,-0.00743644940242216,0.296048400238622,0.89566134554224,-0.660760714913712,-1.0802337228885,-0.550707869274798,-0.779307715350235,0.715736698372293,-0.22517051993585,-0.0488282333999286,0.404710493081704,-0.241578163991772,-1.22404271596593,0.0456626505080169,1.13023002465378,0.427785548069977,-0.157856191594451,0.697943048188526,-0.239257710504124,0.284800186302296,-0.110501421292907,-0.236996668922482,0.172667223028994,-0.395961441647515,-0.523319134305273,0.118526262112842,-0.684764866251829,-0.737842956901137,-0.355081795540277,0.575607189439856,0.952576860176666,-0.497952433541058,0.601515495949107,-0.438074647582215,0.0680936481533276,0.469859620442197,-0.232419295195543,-1.79248067875703,0.791268787927335,-0.942850267801308,0.443371294277945,-0.502506151269301,-0.182579899152224
500,6,0.646923808984961,0.639250970426696,0.732318024858043,-0.651872819598325,0.749165408161124,1.10617559436585,0.354286202566326,0.0982297857360948,1.139580258799,1.08552304412394,-0.146116376686239,-0.533369617319687,-0.468620954168446,-0.0528699643274508,0.588625053321346,0.955125593268469,0.991877998365954,0.556951147774571,0.18174852260441,-1.09621502509431,0.371305300586793,1.01655696136453,0.800002730444722,0.107352668757505,0.302501305582176,0.071383207834399,0.628102780333563,0.364971055308561,-0.355675602822726,0.311527369659435,0.149832732484278,0.429406122160634,0.247508097529752,-0.0397812112510336,-1.17705842033013,0.671282297026373,0.829500673774016,0.688304369320957,0.0445936175096588,0.556673448398692,0.327365680702734,1.1145408776861,0.429935981603353,0.296677697619869,-1.07249656450315,0.836110699466392,-0.332691597058234,0.574369471917816,0.0723360020508468,-0.423129794802575
600,6,-0.84571841280968,0.753796380375096,0.3860859639265,-0.588328500847053,0.0441385466477104,1.03052021537354,0.178744829163926,0.354064825472049,0.877719760141737,1.19051805615605,0.0377135464157898,-0.27895498223234,-1.16636248364092,0.299901823161201,0.879822728227881,0.50578126960215,0.710713351056152,0.423825161012166,-0.486302547830697,-1.14472054490185,0.566703623597152,0.76915547758534,0.628607838299236,-0.253241244184225,0.792205005112338,-0.309754654100248,0.921769616406222,-0.115412586407526,-0.41921986658192,0.844109949547301,-0.392135275589595,1.02260553163841,0.851995242318369,-0.343975597301113,0.0785642070222083,0.208141407331512,0.0306621788138601,1.01681726521707,0.257810624320599,0.562310973627347,0.593920609750251,0.483218628333257,0.354610213226963,0.302908199495201,-0.541750849308771,0.431240831480601,-0.102452457652837,0.490524359892573,-0.58518223385951,0.220181598864157
700,6,0.775664815672636,1.10363999373917,1.7522261779963,0.925665558350657,0.505451183727197,1.09736610128941,0.881363458234338,1.09987542188716,0.972920151005477,1.15068681327092,0.235208061680948,0.15964788763839,-0.925417308640814,0.276505107293297,0.877694048215627,1.07824452189645,0.623201221441495,0.478277162869726,0.183296871103486,-0.518951402119588,1.1036762479149,1.36942417140635,1.18060038276599,0.233937437505223,0.785961505120188,-0.00936941716886541,0.914889626480216,-0.313912051260008,0.448801642818553,0.385637390621587,0.598610916559401,0.667095913834898,1.18943915665533,0.143214361999705,0.288313833816812,0.333089634087435,0.723946981067012,0.907343942232474,-0.301720355333677,0.6844110006814,0.657908212591312,0.302232344177502,0.0326151721470895,0.597428856687125,0.808420674816456,0.882222556826673,-0.745231470529035,0.964872890277388,0.0898060032349215,-0.634467834002274
800,6,0.586098985521273,0.681289756701744,1.48704234068227,0.973528593840764,0.254318517570223,0.961930488776736,1.17656131965814,1.42508683398303,1.54120135528293,1.15498840605501,0.575292049468408,-0.248754556591514,-0.819678931178099,0.0586641904307168,1.4234263885928,0.710029804375032,0.68303450888537,-0.15669990962787,0.963881610278183,-0.237605459086055,0.800322932584459,1.52107658570264,1.32625379661423,0.616939247144081,1.50464250515298,0.742154562643577,1.29308734755809,0.730580382777886,0.343166149251631,0.74008025912838,0.177517548136504,0.644257900100661,0.887783445590577,0.420377621757159,-0.184975037876149,0.850068057134816,0.558043974802159,1.09467994524137,-0.0396057447375799,0.793226591337905,0.766034495805568,1.20888985594708,-0.318478170104806,1.21024615066114,0.360449279276371,1.16100996415684,-0.290141712364544,0.930239489708029,-0.351702833952065,0.161753798088551
900,6,0.665090270626582,0.78032225499118,1.74759006604996,0.602923488181315,1.50936908489124,1.33897434648392,1.01777659122277,1.58844858446162,1.58532287312321,1.53440224530689,0.720135518685311,-0.230247819738717,0.34311156323363,0.730993009403484,1.71182663641791,1.23913008060134,0.855445750881032,0.502628751872377,0.439505563061652,0.74985750023965,0.732840839462209,1.63089353671478,1.47219855868009,1.2342692183405,2.14635674637053,1.66033362478473,1.39670376298783,1.03326394350469,0.866102398462419,1.18413883181379,0.577620125212319,1.42689654896226,1.74651335141551,0.593615592340251,0.300883079087287,0.804209450607194,0.786823408752293,0.909126194327871,-0.203729016429561,1.49571564724226,1.30101465211883,1.07728047572767,-0.361408627592296,1.12203281458945,1.27283309837169,1.14402832466359,1.53997085177417,1.01746186002563,0.568365501860701,1.03351672461776
1000,6,0.285152006475881,0.581685124084515,0.879355948957774,0.671373079442578,0.336985146078816,0.72190294819591,0.731527937234684,1.64529111457996,1.27575353893614,1.50805942949208,0.786444795039029,-0.228940737087665,0.214182925047328,1.40077760813695,1.62330532278209,1.29290006233003,0.514152886127539,0.879341955411201,0.0272945273257281,0.307849597194945,0.706580581142047,1.07621175970391,0.817698991525562,0.925589887450543,1.46869896438378,1.34163907223684,0.911121438143364,0.764971458230015,0.630118721706656,0.942720425974539,0.962249818491554,1.30648020299716,0.42836121326231,0.95336343479579,0.825683397560078,0.0191515023796918,0.988662655898779,0.860430538152635,0.117850658563121,1.62607449009126,1.24989386126312,1.24357978056959,0.383629239738528,1.46284354998862,-0.224667695033813,1.10200908109998,0.89585882378959,0.790328601240571,0.119972126562834,0.762686431048592
1100,6,0.340143909280215,0.310749770026189,0.715769076471575,0.223401591507179,0.585342235112774,0.51338069982437,1.20037027126923,1.61909939022194,0.927869122987761,1.42845880669105,0.642097222326141,0.492654144961463,0.0790829184436468,1.26049174993293,0.740897211767495,0.711610247516078,0.728795110241188,1.28849229228953,0.43421342273849,-0.137765519682315,1.28251562215372,1.00372781474753,0.631661013659994,1.07071902159762,0.326337880095734,0.699933232348338,1.45059214150984,0.560696737162061,0.518253629059204,1.35199181687155,1.1676413127398,1.44166635591585,-0.37896622119225,0.771668823786072,0.457766699264299,0.0554109001269394,0.308868214658929,1.21874488690619,0.410685340848996,1.60824228716004,0.851857428825989,0.863640540933874,-0.138910588653434,1.44925819519609,0.508090519445566,1.19677565005976,0.400327452108297,1.12482802164272,0.91553063649447,-0.158010238520568
1200,6,0.485002994120695,0.996502454767604,1.18611624407202,0.663700110871597,0.542029991561703,0.772338048223275,1.34399973376293,0.969667832016246,1.63266695511163,1.58642908738674,1.03107804974196,0.294943952584031,-0.719057138681173,1.3597793691016,1.35331684560735,0.874696711636925,1.53957977981363,1.32711949329198,0.528162789783106,0.163617647920718,1.33020492415914,1.22299949579613,0.909858620859371,1.04816317653944,0.975346190803926,0.857444412642657,1.5283764190493,0.229199512507354,0.796059502940715,1.00350089181319,0.8328167939593,1.3574840049533,-0.00356003286187057,1.01956019124796,0.842657314861483,0.913425793101952,0.429392790342232,1.26016951611847,0.761993910488088,1.76702727776917,0.576709512737914,0.671059394997656,-0.0440113159514957,1.26132431430218,0.759319636631267,1.49283122753195,0.411068299258307,1.33662453577152,0.0508851789325468,0.735653631012291
1300,6,-0.0510180116808807,0.45630438340244,0.873833410464402,-0.219387874931084,-0.257330021917842,0.575515010532897,1.40317193464353,1.1098777941305,1.43788790876383,1.62746335585071,0.414545131929825,-0.345940914950702,-0.308824312236895,1.5587679989172,0.857602266677723,0.938466961533032,1.24958618381302,0.630267663874925,1.05080262470315,0.321487034745624,1.23382761810369,1.14851235232752,1.11108744199528,1.05379954454568,0.612195691022436,0.837903862320954,1.35851695480057,0.125550305623725,0.852272703141154,0.964972322984113,0.958568453846658,1.54663339446865,0.498026686405473,0.855621776448658,0.784222586167493,1.22066373645327,0.527218290050939,1.01654558804961,1.02197892781262,1.40699606178511,0.136325139693763,0.734177557435601,0.22225495013941,1.08005076178751,-0.294055837077464,1.25046616654075,0.371066574515841,0.947001975142848,-0.127616861872653,-0.538156852105168
1400,6,-0.783256856156046,0.500068450207669,0.653008136558538,-0.567768184687221,0.0256980847926735,0.275214556497051,1.10127470613024,0.799172581081234,1.03997914543475,1.52814500409528,0.672516341284665,0.476030195439064,0.301866358533773,0.681019908113129,0.2419227548192,0.88466705948486,1.24339097438362,-0.315251490935353,0.936178458384372,-0.124835314007401,0.650678865185331,1.72582850970564,0.994377517101848,0.828429478721801,0.285707910714335,0.987327843511052,1.00849003072799,-0.134037552705093,0.483502337964911,0.513230992397413,1.52487433272637,1.14333513927527,0.231200824357515,0.751721311463677,0.349496045583668,0.858744090620518,-0.115497466696197,0.96483111093984,1.13396929265328,1.41842868396998,0.476596999812845,0.754673652106698,0.430485205944677,0.989669614588383,-0.593717820519568,1.08360418471175,-0.279298152025687,0.92971216779153,-0.203940480062625,-1.45466694144155
1500,6,-0.592354655879094,1.02508176028197,0.918267641521767,-0.600933135557441,0.218722501279182,0.934786542081227,0.966699602377465,0.768824993932922,1.19675214841064,1.38887383044028,0.427727297090579,0.778992743870531,0.162378685370677,0.448254872271312,-0.227662330187958,0.536206624654713,1.24069375898686,0.420277247076697,-0.014961495961227,-0.323051469400694,1.31543553811524,1.57053572656137,1.19372211972825,0.677586873619821,0.0691616107518609,1.22993072491947,1.18536686244287,0.327857001283619,0.542145386978305,0.841338883522003,1.41318679085063,1.4837149956252,0.620162097334488,0.485714437686405,0.495005800244288,1.1796550985183,0.691494330727992,1.26425361917273,1.15168470090265,0.935527162505561,0.649917825656611,0.88126718856665,0.322698737532912,0.665221301857662,-0.215473546205773,1.22624672763836,0.0582772443798905,1.46289681646985,0.00788686425036422,-0.234684972534866
1600,6,-0.180917194797028,1.67002754102058,0.0957969763021915,-0.273879171322701,0.193014218047803,1.19020924256051,0.355322871307174,1.19688209757115,0.821295290140186,1.4752977521336,0.468105486357306,0.0479408269230268,-0.364902623262545,0.561614009751393,0.115977886968972,0.886111913281865,1.6301598102579,0.663595720920842,0.280827206625197,0.134480587107899,1.02306530555803,1.62269721000625,1.17323905757896,0.217114511334386,1.42833820360754,1.24941609556993,1.04746599194312,0.542056851297993,0.301143370540996,0.983582008837887,1.07177765366374,1.41071249059671,0.558344796645774,0.250350350891401,0.53937711408216,1.0840886825176,0.616901710107661,1.65729976715865,0.716870865905004,1.36595870560704,0.892521728491815,1.04148013451645,-0.480669674414364,1.15421646212588,0.376586331067621,1.3051133888655,0.162645081616614,1.44897643385831,0.772318578604593,0.72296788758132
1700,6,-0.346600769148286,1.56725424817155,-0.388253889596885,0.862654854600461,0.457268598935824,1.21313276988376,0.307312037485704,1.61857128839398,0.444136680235181,1.56440414628811,0.343644794574873,-0.115094737656211,-0.59304544270037,0.511393647922869,0.304742720517158,0.538941176863355,1.20990833797649,1.20104321617558,0.507556850298334,0.82433243804705,0.813044506497401,2.05567791158078,1.15297156720852,1.0004246119459,0.861162405547288,1.33632025127154,1.13115053049783,0.702129569064058,0.216070180152806,1.39895687100872,0.522227823130372,1.237834714708,0.288418551366502,0.393189365299061,0.326213305978959,1.40968412266218,1.38788163145246,2.05368567653763,0.573719094382915,1.565901528666,1.31817066162159,1.4534278171577,0.619467380869331,1.23047142491759,0.486446421770081,1.38608247180506,-0.311264088945747,1.39207547280503,0.722236403888873,0.426248881869636
1800,6,-1.30867489446785,1.59124274943503,-0.0840658454418985,0.986410767800116,1.59034037635795,1.70720010120074,1.21027215312573,1.46016260682109,1.18250782620819,1.76346526307227,0.957274075673621,0.479809889243993,0.429806202263851,0.580389867628523,1.07775108634307,0.827929137418861,1.42673076110468,1.0568726523844,1.02556441259963,0.311907780857607,1.47142801119092,2.26160575942052,1.8771789698611,1.66053992999951,1.1540255110514,1.36541932049879,1.62031157571267,0.990379511254915,0.54028080441489,2.03858730556185,0.815678083863753,1.68945904720149,0.514752465119674,0.929918752327279,0.297313900971718,0.903256819318046,1.48953012639203,2.28135321637494,0.801295093018482,1.81615096539674,1.35656925201537,1.78059910563404,0.441494442114486,1.24695906825026,0.534638151443628,1.65203315750122,0.206510263305948,1.53710667425614,0.865158085012743,-0.720031319821282
1900,6,-0.668172347301149,1.70786456197894,0.705482212638987,0.703376654853972,1.18202076905,2.39461618580911,0.850993542392448,1.32247864618274,1.87263844751336,1.51474819656297,1.59175479697887,0.854953159700079,0.550862068516019,1.1028864653426,1.05864387497446,1.00279865329187,1.28920180695097,1.11938070578968,1.30143047800758,0.0115328864984299,1.81095022624664,2.10769183246474,1.93512632998603,2.10378664678819,1.18658198429594,1.03753810964028,1.56088189849828,1.06439921944859,0.760625496626909,1.91021594137846,0.882965354346911,1.41094938300149,0.566821910658903,1.19851507523493,0.754569174793127,0.984644493929463,1.10723538042581,1.83841762647556,1.16385451794613,2.04028700310299,1.74821332687852,2.0701958769887,0.825470248890814,1.61288441735019,0.88890607957863,2.19395715407294,0.936938890213857,1.67359534797761,0.928373502796616,0.972983465531638
2000,6,-0.566622324804708,1.84431156760746,1.62922014274384,1.30986394196043,1.34451421516856,1.52975998005125,1.01361859889448,1.50109540450986,2.27861790747055,1.69948560620455,1.37483979444352,0.705914179616547,0.516986765983243,1.13002428773531,1.01575824808205,0.774703001522963,0.665837550981054,1.10268430291664,1.26943180868192,0.489127875777177,1.25756974045695,2.33625564653928,2.14146690325305,1.19255530071275,1.37240119872801,1.17753383144968,1.75295463285794,1.25284983685693,0.750189165334245,1.76518395772878,1.23164654872081,1.91531250088183,0.989797082332285,1.82873252145551,1.04629007239022,0.848512038331906,1.14415146720252,2.4673807272246,1.41392564113511,2.11457872547091,1.67987340292924,1.92752341548803,0.46181673256739,1.20288124383603,2.33474045124236,1.87820260734758,0.458879058994487,1.44710874613652,1.08801967936323,0.630678070613531
2100,6,-0.0917434585004344,1.76736455599736,1.27468317760234,1.02608261115318,1.89627549218449,1.75700949056352,0.577097760209681,1.47405717753259,2.61621708549159,1.88580593657726,1.65374763208646,1.21608105353463,0.611779272359252,0.804095663874707,0.992708276620689,0.762929260448624,0.560693847651337,1.24603611000172,1.01624141289343,-0.0570290647637961,1.20227472608177,2.0769070032481,1.762760703353,0.652426539837596,1.36315872395072,1.29719733581189,1.93016871658558,1.45935274682433,0.809729991189281,2.11973049396141,1.52597761752844,1.75790265588088,0.889676599711992,1.80047925037225,1.2641167313161,1.10278532941493,0.655241886790103,1.71480581830651,0.966373927433057,2.11844907825054,1.84805902765491,1.46954712576571,0.957431882830363,1.02388017276949,1.50384621699585,1.80336559892222,0.739386554070857,1.93762010694432,1.36071848593763,0.576446997857504
2200,6,-0.434935735085522,1.45424168627587,0.251415659528964,0.962854092609882,1.97446712253035,2.26535105911699,1.02239669300225,1.49509699898332,2.48201453606555,2.14430037916208,1.66611035588376,1.90571302122612,0.516284338046595,1.12774567532726,0.53251477239556,1.04873715848105,0.322556378126226,1.20864117037341,1.10654427348389,0.751081138876931,1.47079362399409,2.05806019675093,1.5705654662678,0.874516266526008,0.950063024663155,1.57883391435283,1.55341080454193,1.77127705304276,0.780070884563524,2.12256793646157,1.73978230537454,2.08051748640736,1.02438853359768,2.21279327846333,1.39764797304411,1.34191170131724,0.653805065181516,1.39748859036058,0.431454832585846,1.99258150143133,2.5117212040558,1.92316004167515,1.15184259943187,1.28766909546925,0.66884116218363,1.73967538607307,0.497178377610997,1.93749972837704,1.01402170411829,0.143383761287221
2300,6,0.0117710402946076,1.44026055803401,0.168023868488272,0.886343241650268,1.84703224941358,1.66731693269371,1.32150916403539,1.21759713295997,1.98175762909918,2.24842296331538,1.81896075204632,1.40862587290732,0.173967325839584,0.904160751900593,0.728062876144014,0.850352842988221,0.612448266306597,1.4153398568706,0.879781456743988,0.819137429973138,1.33888120962744,1.65347096137402,2.08737503863809,1.80024965626412,1.37791538358848,1.59176247254039,1.83476948335388,1.69214942474736,0.825585138831869,1.67617697713394,1.24478833688561,2.12382354777875,1.30689768226221,2.44008604716661,1.34412269732623,1.38829203917409,0.926672060312483,1.5021806688774,1.28496736513935,2.18439432708972,2.76964162523732,1.8715703260936,0.782374447664648,1.08960919821483,0.429602512356264,2.25224256934831,1.23875934311105,1.46427303058818,1.02190120170005,0.676094441703487
2400,6,0.226971429816451,1.52173490701783,-0.0765575962576832,1.66175037237907,1.0859276636374,1.59364326623849,0.996548054501906,1.29284092074853,1.54805856873896,2.01829870202222,1.66047378694259,1.6079413932444,0.769050682111119,0.160050131853703,0.973866979658743,1.23318524801196,0.668609520989048,1.66601424183644,1.14380338868245,1.23375960381344,1.38492231428932,1.8697725208639,2.13014143833759,1.74098941144647,0.964918591770382,1.49983773829415,1.96962610059611,1.41928058918443,1.47079753439434,1.42757838757212,1.23505079763254,1.92194673562199,1.83077869519919,1.82400362361169,0.831085102732938,0.849864397033934,0.773978547987284,1.46068688173466,2.02735574811205,1.86298335929667,2.70485989161145,1.68650325598486,0.348325157378912,1.3264789568514,-0.267017831891868,2.25034232650631,1.24245894148685,1.44906122957848,0.842126846927821,0.369006606699579
2500,6,0.403784607421151,1.81383214482306,0.278794607254918,1.62934602468764,1.57571381124983,1.59994962179169,1.10413218454291,1.37084981929633,1.72186932144633,2.22500168063791,1.41661030559153,1.21670541899641,1.20754331199663,0.466639416710249,1.03544315514894,1.07666344466043,0.646475319964754,1.79398833387011,0.669412367751811,1.22759486512018,0.989181252551344,2.286852391414,2.68544507762443,1.43576949134039,1.10612009647056,1.96216515046541,1.69490592139065,1.73740441911753,2.05857402305917,1.61966384447975,1.48372662736446,2.00003541884184,1.49309670735563,1.96006413321127,0.663682519193235,0.568559478030726,1.59281852809059,1.80226956634325,2.14451328978335,1.87413468533671,2.81315250837418,1.59100580122324,0.880817135374178,1.83085929282561,0.1224352180987,2.00260583326804,1.66616233256872,1.33727569875654,1.40151998096304,0.736682041326581
2600,6,0.631208123909227,1.31070417973399,-0.0905023389800319,0.884228665913797,0.821196135540946,1.33868061943739,1.44447286045068,1.1283195905059,1.31918005534809,1.70879752972271,1.77617502170671,1.19743683875691,1.59717381774976,0.0195965997416581,0.617600595951878,1.4410230202737,0.320087171244779,1.50022343091357,0.543368222785449,1.21322996838167,1.34840904341443,2.04492920815504,1.87410688137803,1.45774612482503,1.04521856645027,1.87764386951299,1.70461084325351,2.23053321928646,1.80130724396067,2.37706997557533,1.47778280104252,1.94568217413533,1.11359484837499,2.29493144195959,0.638609061671012,0.68045465160568,1.58768576584793,1.32258098671709,1.36868211448732,1.51935866081655,2.51357851043631,1.10414589542813,0.892682488009152,1.64995590250303,-0.0202451554768162,1.99739623595082,1.77382701723724,1.3105496613022,1.00324258772591,-0.476049124175818
2700,6,0.0945573980616405,0.921427847637375,-0.0623399564020208,1.11532776110083,0.980512696362551,1.93402886647352,1.30964142510632,1.42212909815546,1.88306004575768,1.78447770321288,2.00851581981372,1.52177954066685,1.99526985151509,0.251154316995768,1.22243684515874,1.48869421982839,0.734262204912937,1.61704839372297,1.09256011598375,1.15131053635825,1.52441530454077,2.40047988220617,2.02293599274768,1.46467398608799,1.90706911795582,2.25936257764726,1.89885452801849,2.33318756847388,1.88890800925564,2.39036671124136,1.50296343263986,1.77514281981823,1.32472133702406,1.71919627070766,1.36395101036965,0.48839093677182,1.76225989677328,1.54683447886678,1.37072948037255,1.30791017109191,2.20806516366699,1.46134003334458,1.82534517841786,1.62341255453739,0.685638900131491,2.43972591758496,1.84605204416295,1.88737883675091,0.603482300261844,0.594610874721059
2800,6,0.287617528042832,1.80070979397026,-0.0652701100722015,1.38274077466635,1.24824567716614,2.30829868583063,0.793926220112631,1.34320569718209,2.26125350668622,1.93267214701816,2.44568110079033,1.98705980909239,1.84618014303535,0.834341286517049,1.05413662701277,1.31903329108407,0.919951923234123,1.61730838431832,0.0604949079071317,1.21321539697143,1.36614667902458,2.39634979549537,1.97840245586449,1.50241641351147,1.21255689475699,1.76239059298094,1.47506872683993,2.06325421091786,2.02890055376231,1.52736058784962,1.59499561018893,1.600798476909,1.17274079378642,1.59362221055728,0.854834099325014,1.04842448441037,1.40658977184202,1.42336265531734,1.17423114748917,1.27015968233585,1.46299963879464,1.24398762508282,1.83581724650004,1.509831010541,0.226328968239083,2.43337469300418,2.45666434781056,1.63713367951997,0.022568906969646,0.767219875899821
2900,6,1.00557249000587,1.54389988624348,0.553031940210279,1.42296324922787,1.09858225262039,2.69956431176285,0.966544441844726,1.69637550559068,2.33720187071759,1.76770980444436,1.83758166955085,1.62066248246079,2.02949713918555,1.22188186234988,1.39423825532227,1.47118482984763,1.13695580442944,1.9552665323724,0.722873361399686,1.70987761447833,2.17063689380562,2.24893799558495,2.49214418445312,1.82687744227784,1.24699179137058,1.54167938890296,1.86782032632798,2.239564438819,2.09516747748638,2.06574586801397,1.95008264936556,1.20237190564297,1.23745685120281,1.93386252087087,0.7450323657709,0.856139964725222,1.82338176515049,1.91026403960415,2.02119244037755,1.43751917319805,2.16032389512034,1.70332835309692,1.71799420134036,1.85517600228921,0.698860636623136,2.63926320099328,1.69718993120805,1.83711527224446,1.26456005409719,1.28074870832444
3000,6,1.10654057002485,1.48210349126913,0.822165079090578,1.26916538090793,1.19499402296443,2.48744418228192,1.22373421923872,1.3470711332783,2.56676988002657,1.93561788321873,2.05149683847897,1.90800454570815,2.2973668677049,1.03525190095489,1.60527775409879,2.01162782582712,1.4124375742005,1.54449602913257,1.08722256928984,1.78027513335593,1.70181507388814,2.13261636252227,1.87849750546583,1.82497432274286,1.52432153509489,1.87529382320929,1.8776531095655,2.12149424249235,2.00891682882283,2.39915301927001,2.14869184039945,1.36547053504862,1.13150765107355,1.94162438367674,0.973309531552753,1.29793307840113,2.25670789424243,1.74043635083788,1.6769861157199,1.56466645322542,2.05790350440827,1.56754463995203,2.42393377088445,1.73356160075099,-0.0940056229353154,2.33656780743187,1.42581732455008,2.03490244451663,1.56541091116685,2.40887643355582
3100,6,1.19967600170106,1.86773606714397,0.508661245183467,0.610711708352271,1.79186773927571,2.5385119155618,1.66645248183901,1.49584095323771,2.22727948852526,2.07717019599397,2.05208334659747,1.99111278442433,1.96965993098032,1.94017484625062,1.22980803508895,1.7624866450236,1.21739941698916,0.953934860638768,0.90555423331259,1.37255275549586,1.95541556924004,1.94605914102691,1.98355450878793,1.55459399781427,1.71578366105046,2.00590943999904,1.79755650583949,2.07282976146421,1.75963190411103,2.11633007513735,2.19304535561066,1.56156803108134,1.18442705046927,1.92532567571687,0.955077859070002,1.4076507272818,2.08774662972975,1.75271099438222,1.89955529762944,1.75507344132056,2.32316102317087,1.74595558847588,1.86817824776703,2.15760098703443,0.0103094202737894,2.05189467527716,0.985632998717189,2.00292902704282,1.94096450832565,1.06639688435924
3200,6,2.12211472690696,1.78624640094923,1.2339591487711,0.930978143710976,1.64896138822056,2.41564813223544,1.87110765592029,1.56652979690148,1.81335067057902,1.99936340455324,2.32588987275231,1.1844946968846,0.874758782973557,2.35927219565309,1.72092295522453,1.55407323905607,1.32501277148733,1.47083927951449,1.10526267280349,1.23814073805573,2.16757029379053,1.92939075973108,2.03160945355225,1.6369398044581,2.06840480304321,2.2379791935221,1.84967084073503,1.59599540883688,1.24566865719104,2.13664923109198,1.96640804541733,1.80806980091605,1.46276346134902,2.47860212426496,0.412707541095487,1.66649208259581,2.08278790191004,1.49100576412831,1.86715119490839,1.34087280876155,2.20509755792905,1.65444262133277,1.08735868990543,2.36646815063607,0.320628988250016,2.03067666712277,0.918655043951105,2.10255019119635,1.61274704240093,2.23278987229586
3300,6,1.69963508153441,2.17445386284562,2.45276790247734,0.825613938233079,1.81586618382017,2.20860924252579,2.38322012640791,1.6271742931516,1.4342894849258,1.88192226484969,1.98935653123851,1.29146737240268,1.02170825493174,1.74409539000893,1.07262471625002,1.32743505768205,1.31103032075341,1.45977544166428,1.00598531147707,1.35444895754078,2.15431428887037,2.22586234402418,2.59235541798292,1.57048981187212,2.96369216912152,2.09703261644894,1.88170253916648,1.39067161261847,1.78666634039169,1.56914343196205,1.57622676475911,1.73959426803357,1.5437553150187,2.12033238079307,0.524494389503304,1.70553333423852,2.24308766251951,1.7192797978296,2.02751765908497,1.40140631966476,1.72720789380183,1.74611670610338,1.35049476148239,2.28648943864377,1.48581335980645,1.65821528668247,1.46255520217571,2.09322622557047,2.5581910288306,1.6635357790484
3400,6,1.50811551747509,2.03914660863836,2.26162116860228,0.847609201946678,2.01821375704537,2.18204425736251,1.79466649303012,1.71241439752808,2.02634021309334,1.52534182128404,1.97404892845437,1.27333523297692,0.305504785526276,1.46665287370461,0.743821355810336,1.20351124891394,1.41061235105767,1.82157011994511,1.03141639863541,1.05029375671038,2.03604166733455,2.25964430066687,2.31671985647622,1.20863412928731,2.52750737076642,1.53598902392708,2.22375768757116,0.858704827863817,1.45501928907015,2.35875928350935,1.39457913809447,1.18103325543058,1.43644589325497,2.11820951984219,0.355377250268047,1.3601458498456,1.56554558855243,2.18754421694796,1.33776729381091,1.36887093017476,0.751517094209957,2.11045701866401,1.62560095697226,2.22764261880834,1.88246032669705,1.01568632359617,1.10719668165199,1.95491667907083,1.22675313641286,1.29936004159186
3500,6,1.40482197600263,2.14836886112016,2.27485508095988,1.03420368919175,2.4681007959098,2.28006708722234,1.63119245044833,1.40976108421026,1.90318688353498,1.64783782935667,1.78618670208317,1.01019100653488,0.530927614941678,1.68886950377889,0.44988928395897,0.642497937676372,1.39981905418217,1.4222831952674,1.25927680283265,1.43634046388704,2.4841323546441,2.14948051440294,2.10145336402162,0.784262085233519,2.64152386517654,2.04743163011779,2.14129971683505,0.762724898434954,1.81855196790258,2.25964212331974,1.7930086520124,0.721276725661444,1.45171406978683,2.6302890711753,0.515942879562641,1.07882744906734,0.469728580886797,2.31696085845685,1.72458275192996,1.64498607816646,1.00946262595143,2.1329296439267,2.22686622051598,2.52065343353045,1.2618808250806,1.37477595207745,0.896964736821391,1.82406312139315,1.29342497480844,0.00637180857494801
3600,6,0.76213798209332,1.79049785761481,1.86938350203593,1.37444217564996,1.89546920521596,1.75670313056795,1.83124110103413,1.66213492730504,1.83529185069796,1.77290465470223,1.65008471498957,1.22232694968642,1.49007641478545,1.87678805823357,0.61883540852886,0.327277996117412,1.23376009833735,1.53666311783416,1.1549638202228,1.57315131919113,2.48083966500823,1.82904788376461,2.55882752075915,1.33937898747272,2.25775082003659,1.76366377094437,2.32403850414244,1.37716563698738,1.47449184982983,1.65882299576094,1.68079590958475,1.17555482438516,2.15049350478427,2.45357707365907,1.21175605255123,1.44111228296268,0.798172400156308,2.53860746453819,2.5907848427988,1.81052290293527,0.119457921837304,2.3971722986658,2.03781680015647,2.49337638850221,2.84751770139047,1.278767315978,1.30974545376818,1.76126653093289,0.909190191248635,0.692990699992726
3700,6,0.183127849640053,2.545243141849,1.99741710999076,1.73807660953397,2.59027847650703,1.82988133658803,1.65775800006948,2.06951223244931,2.36261490562384,2.38899947154022,1.88291628560297,1.6403933350359,2.42823474198956,2.25647718226704,1.41324483340429,1.17845678205766,1.42130694019624,1.55994094523472,1.19595227561435,1.86488434442725,2.30294559082169,2.16096206775298,1.49546109708711,1.65405440928478,2.47932541138029,1.9916065550103,2.21751000369702,1.84332324397646,1.26944038322572,1.62872258640116,1.05811910500171,1.17177582826894,2.15289027105627,2.90794617591413,1.83130033820088,1.39176848561055,1.57487860498179,2.43674939367328,2.61475280605374,2.21747943927427,0.707490153386928,2.53699146205165,2.96405117429036,2.48411080042172,3.13749477420168,1.65598041219165,1.90043922898972,1.87801714990788,1.16791695764213,1.90991315351167
3800,6,1.53348084238882,2.11219948026711,2.24868249097251,2.0527758983998,2.73814340445131,1.68661259616118,1.95372998396637,2.10139702922075,1.82176272061137,2.20341208430027,2.19547459950782,1.79318462367347,2.05438598785111,1.82667821441457,1.28490750360019,1.57000680039274,1.49607258771292,1.877609185999,1.02669415857046,1.54519911588963,2.32265122510597,2.35419996680503,2.2558041492802,1.5151654212536,1.6547871587875,1.83555728348183,2.24174956270411,1.99938299045687,1.04771592863629,2.39719987488689,1.17117259713882,1.17008469011236,2.18111464728391,3.02467433855446,1.61169437396172,1.14846731189683,2.1725333180213,1.97933180801224,2.26716012925043,2.521657139339,1.19562787076629,2.42877603322083,2.7363281020428,2.05070005899606,3.41595570680256,1.87831207265238,1.93339379344205,1.99190864056478,1.85796352727991,1.84683978793021
3900,6,1.87866844043495,2.2189285282157,1.94781241174943,1.48856880574183,2.11137117739573,1.69955145726768,1.75928609701833,2.08674695209709,2.01209840328462,1.77605803373024,2.67470633183135,2.09936969756969,1.46659831404643,1.78623721730036,1.57586625293027,2.0223463389187,1.84674877438015,1.33192332735514,1.22763851530461,1.66276072199909,1.99921121206249,2.40747220886879,2.68550055471076,1.56053787034592,2.21449868096018,1.63700935556536,2.36542819424777,2.09101801557313,1.62807357706012,2.20413154798196,1.67326846423268,1.86757034390533,1.80731763540834,2.5778409026024,1.54626424355179,1.13443117598399,2.51709600903654,1.8882692248313,2.46685194413585,2.61696551939983,1.48376530695321,2.49681693044493,2.44870022147706,2.04824372291497,2.63429889169482,1.89515485560782,1.47888396820016,1.42997058796321,1.83144505140477,2.12279462378311
4000,6,2.0665494890004,2.50400958225362,1.16282312338731,1.209201599658,1.61438115675873,2.1225049072879,2.18127800055483,2.02235914305529,2.21202820288957,1.71176662685772,2.55588643243883,1.58387644663953,1.60265429834456,2.18853292457254,1.245205028102,2.10167173167949,2.21633575278102,1.1881558963075,1.78296633092299,1.6594375483017,1.66113942486487,1.95048196247684,2.67625017900825,1.55600288474402,2.64962208346195,1.47041842968021,1.80607546109823,1.98172042852331,1.22559644641829,2.10260365390123,2.21775617530009,1.90061121106086,1.61314116082762,1.94266690500721,1.18808463864175,1.28756190802174,3.49306576353912,1.67086365111522,1.89978772970943,2.07424695976956,1.92050170344844,2.56403435453529,2.72507303492805,1.68465164318712,2.52017473821095,1.90840394905627,1.00840273921697,1.2996203704244,2.01199779750725,1.86871510158439
4100,6,1.90627759630711,2.79392880300029,2.90073690476724,1.6276426938684,2.49477640637432,1.93378922613543,1.85799278291518,1.67508816194486,2.02003988650647,1.83119827868116,2.25073091762546,1.41327353302039,2.423266486676,3.03056502623543,1.73725596971815,2.61150230668186,1.74826304068463,0.892551892051967,1.9343789285074,1.69704522250189,2.13083818440046,2.22262280406483,2.26284875266861,0.694119319706836,1.97931920897246,1.75732472047912,1.72351930352698,2.18584097837184,0.820740334072892,2.33300532354318,2.22710386267644,1.85311621227217,1.85479911362613,2.4558982160593,1.42175083165484,1.61537597644396,3.14452257370277,2.1320753023167,2.95501138662675,2.00152321548624,2.45818273655197,2.26537097984842,2.88920267048424,1.53081440898758,2.62989136756635,2.1240805919836,1.02490389299194,1.77436365295896,1.93495754113179,2.20432371319058
4200,6,1.87742777116537,2.56642504595092,3.14157316281004,1.43306234003941,2.46690489004004,2.02483924591635,2.56212868917943,1.63635881572451,2.35620703010044,1.83260467065263,2.27190436814614,2.16178052546097,2.07720107792769,3.12991055230106,2.24731379438796,1.86704618285917,2.42843366092323,1.28012921921089,1.45994577441727,2.17317833138298,2.24219352242401,2.03708587466076,1.9319366983894,0.484726546524447,1.67778537020461,1.53920530419535,2.15928327099948,1.83556477776578,0.616801474586533,2.38802206965718,2.51260442607893,2.01354685244404,2.21283170097289,1.8242951178787,1.22173758264652,1.83829151893357,2.91281893770425,2.28134912435227,2.6145582413528,1.54156778583182,2.14993453115693,2.62412987220448,3.19744126485072,1.64888277132513,2.24520272870542,2.15320125239233,1.17254174490658,2.08159927523361,2.31648387915053,1.58385532575632
4300,6,2.49055761411458,2.25738528486017,3.25691507000399,1.86451599465575,2.73068245042626,2.05243696793604,3.34878875904638,2.00431506829402,2.38942292281094,2.10688419950752,2.84817609831282,2.91508314429421,1.92352244497031,3.30638677938383,1.9083177143671,1.71003050554765,2.81670388005657,1.53342077806107,2.44683534366624,2.12526846536031,2.87779488119179,2.12039405329006,1.96553877671438,1.24334506713963,2.0096917694544,1.50368378665396,2.05610014100563,2.33188051254792,1.08623125221844,2.59549483645401,2.25003581434346,2.48734918261126,1.62415582852369,1.86941070001649,1.45180550653234,2.1760840823442,3.61672831791217,1.99169305675574,2.52472290570694,1.69869953403022,2.1086916974421,2.66600527633798,2.42482335660258,2.24258027012968,2.50235993531588,2.22448272299027,2.67876915843672,2.14644388541838,2.07712972474374,1.4570224744594
4400,6,3.15990505067888,1.82519211917064,3.54990765218051,2.55282739524141,2.79880284340298,2.63759681067473,3.30006477473573,2.15814676459851,2.20230723389503,2.10567596189886,2.46535879543655,2.62133325863566,2.16589155363418,3.22472705859733,2.6421957831646,1.53728324752041,1.78053788538857,1.71910522671858,3.17096964617637,1.63523041448395,3.11335449939861,2.29959621397102,1.86136243542928,1.71964426061715,1.8177778851696,2.00411257838961,1.58830726910911,2.29717840324542,1.2733176340896,2.58717918903204,1.66256434756882,2.08194550099042,1.79190724942287,2.39651564548889,2.05304890168262,1.97982361285247,3.05004942574045,1.93720213592768,2.42767648752828,2.31151932334298,1.84649306469903,2.86006681956362,2.38967278327707,2.31763843005923,3.22069490427501,2.31972451113603,3.0949365065505,2.3976431917085,2.22988420515666,2.26468854535876
4500,6,3.7998042992764,2.0483571373951,3.22243258184096,3.14401044613508,3.28448215220707,2.37937525781446,3.54371338712383,2.50718102981262,2.5683320450944,2.20100244141567,2.2640423357929,2.86254666192639,2.82376395149527,3.16708602116262,2.29828158081973,2.13693310809813,1.70114367207306,1.66088004463619,3.43150378435528,2.36756663485877,3.25456189935873,2.30334315940123,2.36880674340744,2.40745493981944,2.46102648563745,1.94192727351771,2.26002530395146,1.88319649807964,1.40776156829705,2.75277573966067,2.11844371324507,1.85012230677105,2.27002278614554,2.7521273102407,2.46392245744204,2.6016996501367,3.23007763433836,2.32293322156026,2.49018581271484,2.02668696474929,2.46337665135646,3.08750926951871,2.79109165080614,2.75278754530261,2.75074051184125,2.29201588733092,3.07322329599639,2.49224787017383,2.42551681947686,2.35982662683233
4600,6,3.7589939123154,2.49127282254989,3.3279725204619,2.63089549930228,3.07875446733866,2.0828552310481,3.28412627841736,2.94212013918861,2.97163572007455,2.42516109470909,1.90662137538076,2.13946907101104,3.19228609130174,3.27573284330604,1.64318025803952,2.09921230226066,1.92714181445914,1.7668041367659,2.65079134276337,2.86068377444023,2.8692280539346,2.12931488407827,2.61710101460132,2.36711171707387,1.84690829849228,1.91601866518989,2.32893384820644,1.79892122558631,1.02351927744471,2.22457454923593,1.86892524756386,1.72382507682418,2.18436988669935,3.11543680984678,2.38874437179844,2.33464889960505,2.40735473512498,2.285242118507,2.43998790086115,1.94355495742084,2.17461640899507,3.27625714545974,2.8978758924461,2.35733716756324,1.97469362869435,2.45226377932559,3.5624635032573,2.33247324432355,2.71926508943449,2.94603070716018
4700,6,3.35144725609772,2.63390097901742,3.47675808888726,3.36509220432885,3.23049990983467,2.29182488370213,2.80430178282362,2.50998844682537,2.68425240727256,2.03703915882244,1.92916302047527,2.81704554284232,4.00581776796353,3.14167449460204,1.62300789257783,2.54663677133515,1.72456100177225,1.80665586512648,2.46468386966711,3.01458699924549,2.90549536023163,1.63836925261347,2.38974158576834,2.16108551171993,2.73933052975466,1.93498080253149,2.2493406996076,2.17840738701322,1.62440554936452,1.71596444415663,2.26341980290132,2.03269642099869,2.92846613649905,3.43682437297869,2.75597054690825,2.40205361571232,2.49014319018636,2.13934715766615,2.60348887091442,2.09399913999522,2.46039346068117,3.5386346528154,2.71911715322176,2.42549000802232,2.63855387982314,2.08785743181615,2.47954894704888,2.45394857455486,2.37548791164879,2.35542033063495
4800,6,3.10217258416526,2.0228914260889,3.96068812045446,3.81836330351776,3.38233125654484,2.47418827249898,2.96107303121548,2.24229369368441,2.69596397985452,2.46009814701733,2.04932796586113,2.29528952985499,3.62110236684921,2.68263641753842,1.74312098120748,1.52963478306076,1.72304154830517,2.28995473500391,2.15031409710261,2.89512535694821,3.00727940966389,2.02507864864732,2.60618320651114,1.80909440932399,2.65811905644152,2.16049330391878,2.10034327875514,1.98266849408761,2.05390711454367,2.12811446482549,2.35971495372777,2.10410137611897,3.04356883534536,2.99409262308721,2.50274099446324,2.16128241823843,2.88269087347358,2.40252080694193,2.70872992233274,2.0411348888373,2.72585392902564,3.12921259296432,3.15139146999422,2.71316184352742,2.18122643753191,2.14275229901168,1.99005185570353,2.04995585139784,3.08176802260396,2.42013822103414
4900,6,3.69879693987772,2.92029949145206,3.12952482145827,3.89946853439072,3.11983584866534,2.4330651205581,2.82827018429246,2.32542219350553,2.78269886168837,2.43139859798071,2.69273709660199,3.6312478881246,4.4150593683993,3.29651956337689,1.93326607084727,1.86635660187303,1.74580674697012,2.41762256077608,2.3017709351708,3.2165837194584,3.00231917351672,2.02514642318587,2.68760567717957,2.13454730510764,3.42384248137294,1.74140996817526,2.56634013712244,1.96389850692477,2.42231617301782,2.86415378526661,2.50109369429517,1.9365215013849,3.86016371119902,2.98532735448202,3.43263496879413,2.28940420653142,2.40727164198162,2.70503274194922,2.73770819207967,2.15636703850557,2.95329782010231,2.54893450853298,3.12616982090084,3.27472066366496,2.21448276555446,2.34341576115497,1.87317713645088,2.05431818179923,3.24114640068255,2.99411663876435
5000,6,3.78464866188057,2.97970459963133,4.09651034555886,3.19368676782658,2.8471843849035,2.52695993156541,2.56066680580636,2.36287290227995,3.17996740717515,2.00537230349802,2.6427124908886,3.77298109780597,4.73124287179169,3.29132025020856,2.54351631097499,1.88207597322837,1.99839064770562,2.37435853738687,1.96882933798836,3.10334145156165,2.8704153585725,2.25523023262718,2.32925172512617,2.11841757443045,3.84607906386609,2.29382455658899,2.9053704791374,2.44295377312725,2.70769238576303,2.93636154741265,3.40731560785321,2.09944768832201,4.29319657059303,2.92636288831932,2.99125537349505,2.53911399077049,3.02741543873487,2.85939669958882,2.66786994115584,2.59111483542615,3.2101549779945,3.17172351076691,2.70566816667409,2.80485883547989,2.5975180313552,2.42065553410945,1.83207612560545,2.27100600786719,2.91976794444636,3.27192835748797
5100,6,3.54633316934742,3.07625799644117,3.99042021549818,2.60296525906587,3.22980440592541,2.36552316162348,2.78756829845119,2.47367611585621,3.32095198297416,2.52428109846865,2.28260016186927,4.38574733897818,4.84805632088066,3.37473561620003,2.63429511570163,1.94919736664713,2.45449951947119,2.51795078595276,1.38613252481511,3.363232750376,2.97382330615612,2.49946901203606,2.2972796103456,2.36460216319667,3.58474155783994,2.27103639934432,2.57227432921716,2.12101487189401,2.68141742785799,3.24568544691878,3.59265662129187,2.25554823688263,3.82654358769708,3.18751427359143,2.87221110981679,2.5378747049022,2.5790219640543,2.64779895958504,2.65417644370439,2.47388145557733,2.35755431066705,3.58691754604545,3.3559249091597,3.03595378127282,3.49961169414707,2.60541640260099,3.01358857779905,2.43353428689486,2.83780883854852,3.22004933607777
5200,6,3.60300666552526,3.1382838195682,3.70334475893642,2.7317840996563,3.97359889527046,2.63547180092442,3.2609999841365,2.7417873265015,3.11494259770763,2.69599980971216,2.12794681953739,4.26867340919838,4.71543960034545,3.11643362045331,2.67739417004447,2.61339831775867,2.93817861312527,2.55410148583326,1.60321435236012,4.00795471844004,3.24351741482775,2.0902960629586,2.78045773024543,2.79570078160288,2.70712009403299,2.00421798338107,2.34499618800138,2.89775993336317,2.95116871463746,3.0778300750756,3.01435674394854,2.6868803839708,3.83184231655719,2.31196108391996,2.61911601586852,2.76775668709713,2.78304592975277,2.81577361347933,2.61680237664546,2.39948607479431,3.0955474372445,3.80803179834583,3.95921166467156,2.21497732290619,3.80828998470696,2.38516555090137,2.62699443969289,2.53057670301055,3.40868124705511,2.61600433437547
5300,6,3.55412244723786,3.60142869350927,3.43397727159452,2.79024972254369,4.64510152243853,2.93982381349497,3.12290682829628,2.83771316536636,3.26798279817019,2.8114598128354,2.36393714366148,4.46428171893649,5.22311599963835,3.49468771162825,2.93988194284195,2.49197847618106,2.79405501255264,2.80471936011634,1.36477667376428,4.25683016773887,2.96297539128122,2.07990083494011,2.86484178286498,2.42562273364477,2.81637409338941,2.46927367453679,2.03154898974061,3.14028527067941,2.15036007920318,2.83505735928882,2.67302252785826,3.02519344250972,3.78739084238776,2.34841055424799,2.07102522804533,3.17441328675461,2.36018824764554,3.01283985212661,2.60977444279867,3.15861185679617,3.60416631056396,3.80890024465759,4.54242422337783,2.4773141802457,4.88281177954812,2.19682143051966,2.15442061661344,2.7699439524071,3.37258434177369,2.86312987673453
5400,6,2.94980845656925,3.56156800052193,3.37644667307213,3.46585373486429,3.63518181386045,3.08153625338084,3.09986076601309,2.66233550378511,3.52046877673621,2.40791982014969,2.18705481479569,4.27090835187935,5.16160408122761,3.55788159801019,3.11801388422725,1.78921727361783,2.54692336911415,2.68491410648168,2.22215213917082,4.18047840066672,2.90761725087926,2.14520740831789,3.67641838173748,2.49330940201882,3.53874532870677,2.65607091576848,2.10951446007961,2.68872363927184,2.02006232185286,2.85088938599346,2.34788190685092,2.90290373303108,3.56450793874398,2.46152598807182,2.42767304268818,2.06697487728773,2.68396876237423,2.80176152768263,2.79699395840247,2.96008043588882,3.34228488301556,3.62716968029306,3.82940127092795,2.62562092854309,4.93461567136195,2.25221787240328,3.11982996425195,2.66827163689949,3.55634185726841,2.96237405283679
5500,6,2.91683970618008,3.53247086335736,4.47430645545511,3.1714450862394,4.65865827747839,2.94187462319123,2.71852017684731,2.79079027911195,3.75326670146938,2.68805012144221,2.59346972873162,4.38224199355144,5.36479555532292,3.11515051814419,3.46413450490314,2.81235793339459,3.26744573403804,2.76286585140071,2.69539150702394,3.677541617826,3.07198234982262,2.51129052538421,3.88744384586668,2.5202827627884,4.58980834164238,2.69280999848835,2.37894965946682,3.16828293474663,2.39416131595881,2.76944289137017,3.11899179943299,2.65344843231314,2.98944067914695,2.77201961381781,3.25668398875227,2.35026255857927,3.81118962498013,2.66506247415067,3.02835212536811,3.10313831477949,3.15334095256249,3.53541910757444,2.95786365732744,3.60309452183782,4.21494024118083,2.14430716436165,3.65512781008218,3.14118421877067,3.72661293450913,2.78951168702849
5600,6,4.49627300768583,4.0901126098125,4.61702101025569,3.12972845767729,5.76995701004151,3.12041475301762,2.26141338461184,2.77148841334699,3.12483300815419,3.01915878197046,3.01363687896873,3.61375961605171,4.85433076346548,3.39880118454381,3.57487069771873,2.83182817459096,3.90736774899084,2.99752939889911,2.98360720437634,4.71951676239165,3.38614416687351,2.82994499990611,4.07466891935676,1.79242861367987,3.65214301439943,2.94434779838685,2.37169911300883,3.55717087206518,2.32520131424894,2.91809181976377,3.24199140721222,2.66526418355239,3.56763722018414,3.20222134236692,2.67733387607858,2.65223390468356,3.22651725299595,2.32055397947357,4.12463635190742,2.4116804612301,3.17686771812377,3.04643561890172,3.19991130040553,3.21777174234891,4.86312407165095,2.66037823495964,3.49400377436677,3.09084189692795,3.89862751997781,3.9509560640896
5700,6,3.78437439887299,3.30835435393887,4.78282865096984,2.72431853512011,4.22899390807353,2.99910209035429,2.72910503155465,3.04100945437847,2.87668057508321,3.3043303922531,3.06612157669987,3.9747915667497,5.89278633431051,3.29948853762354,3.98413454469189,3.23741594480248,3.5037431069033,3.26554501268824,3.63642699769452,4.2783224498226,4.37537730808148,2.73410334292486,4.15840446249911,1.9782027620614,2.78316371861371,3.16381727147336,2.58816466901853,3.7050339300839,2.5954916980532,3.07527911246039,2.1588074530113,2.39533233722184,3.16553392671323,3.48477846467317,3.24538719530403,2.55805361506503,2.59596075936616,2.19696363376109,3.69104155409074,2.63491164250891,3.43316174022028,3.44429303823819,4.17648857848461,3.05467726662526,4.68270227750771,2.43481790099005,2.99716062425434,3.04753846551267,3.59127049707781,3.53224301808052
5800,6,4.44759935658149,3.75061667378885,4.68946205370087,2.91263982216017,3.89946636513036,3.58654697397866,3.33975895246488,3.38063724434473,3.0909635566696,2.62983862116941,2.94031731150821,4.01981514031164,5.30872111541057,3.45006529122331,3.80185449388904,2.28108318810647,3.29124076070927,2.92458540713764,3.04232609460254,4.24995465856194,3.85421464647922,2.57450905693167,4.35049598717978,3.1129746685808,3.30778529485261,3.2145513713602,2.85554314378351,3.57781070331789,3.12336218462591,3.0389190167046,2.76190651104614,2.2802990929332,3.49313284814732,3.54305186696332,3.40690805115986,2.12496810178047,3.03903146838841,2.38861562812025,3.46113083048366,3.29194568458085,2.93666145389945,3.56210730755554,3.69329616996693,3.13179178592242,2.86777545087858,2.09124178165461,2.02373836237038,3.06383635521055,3.21061078499535,3.72982302472814
5900,6,4.45572939182033,3.27273501521014,3.62339509462246,3.25811047825918,3.29218784342069,3.09056725396295,3.77293926720731,3.2830950445041,2.89635897364151,2.54108076426317,2.73911362699589,4.97718845344018,4.93962334362288,3.62668072814812,3.66641439180063,2.82334903147739,3.25521790862311,2.66901830420447,2.61927689551623,4.21835125798384,3.57993157438646,2.87957747696495,3.69132056257171,2.64070801465853,3.77665215855874,3.08110107644973,2.9653381955494,3.35427437329827,2.91865025280487,3.08551037074809,2.99333318372561,2.03129694472628,3.88196208846436,3.46623669616207,3.2698531973007,2.10375863358832,3.1389502804978,2.55385723818427,3.60387232879175,3.18282355106213,2.84615243776525,3.74454445871235,4.21962140752973,3.00931515320845,3.30568478012566,2.45181768836691,2.87389257037444,3.04797622311435,4.19539203868398,2.73565947949926
6000,6,4.5998753110239,3.31244412494,4.09742734683782,3.80172268716295,3.90599486756282,2.90801845900298,3.34751825304791,3.54122552896727,3.57608468182437,2.58047648332469,2.41595688748918,4.85540658488743,5.26139515326764,3.99895452138633,3.58725560209926,3.17120759598854,3.01818854165531,2.9248539879729,2.91219217567149,4.53829441827929,3.2808428824699,2.83408727210564,3.58964028298437,2.81600685493573,3.72619457518299,3.48998874637272,2.67774755522714,2.91860361126928,3.4722389306832,3.08963188396538,3.20063194213366,2.51163875634058,4.12001213631563,3.35099790010417,3.88085418168889,2.46406132143186,2.98152052929275,2.67932032614821,3.24350058959597,2.64971309442596,2.60764124118002,3.54610175289448,3.52064242782292,3.28042286241251,4.22327816923872,2.98027627393264,2.45557549197974,3.0174723058613,4.52583356448151,3.00410469551966
6100,6,4.92252362070709,2.64822109599718,3.67289996707852,3.84682883450516,3.58437391669442,3.17295430172906,2.67340468916988,3.46959474916115,3.71838950246182,2.83104600049102,2.39437375075263,4.734095687006,6.14792100701268,3.41301642837022,3.55574932099103,3.31930231760875,2.82128800881034,3.03682950031137,3.21675481632031,4.79444213973372,3.04203202199116,2.93709350794726,3.32342372695966,2.62661021385571,3.96033005474253,3.48126916443442,2.90847203556474,3.07167562110337,3.0106995366051,2.9756001647589,2.86278158050917,3.10337166739159,4.0157002929772,2.93015214746307,3.52552540986295,2.15768286576812,2.69481425072466,2.51408957377798,3.06035324707603,3.25824673631534,3.146577646578,3.53406996650802,3.35066858682457,3.69100546258221,3.76810839222843,2.6587973339832,2.17750082485938,2.85275623745825,4.30824963324133,2.72248175094349
6200,6,5.45033748766658,2.39963889716674,3.71056175391487,4.14634700105046,3.38348036933128,3.15572632994711,2.61581249432431,3.58247115554173,3.07076451174876,2.49344767723121,2.83100077061858,4.29993213021957,5.00677212356418,2.96868817197278,3.91011868252003,3.34347201715506,3.16906594961858,3.01807765993494,3.78200736197658,4.56620265472082,2.95009074896988,2.71398205362304,3.0134272385395,2.53298098302926,4.22139686442024,3.56539772591224,2.48170158016217,3.18445810049499,3.16918427909567,3.34448754299749,3.286999794786,2.84023318970241,3.51808662667692,2.30154078672195,3.49961542905165,2.62692335167304,2.46371855249114,2.17624621464281,3.58350072544953,3.40845364302819,3.57711494981375,3.69240114101574,3.8552449919046,3.35493642156043,3.78000960447481,2.62847447725439,2.03019262789436,2.88303834333713,4.66964169574732,3.68513684109274
6300,6,6.17157154113285,2.58463305371607,3.97677973722571,3.97813130256432,3.68066942129949,2.95161102602281,2.48939874029295,3.65495373245494,3.26142580950724,2.70759680349658,2.25997787575395,4.41743502326328,4.09669980626727,2.96249348551984,4.07922607745417,3.58311938713289,2.80376693322117,2.69382320595909,3.7543873627596,4.38241573743755,2.59209447084232,2.74546551917846,2.88189995047978,2.43071865154022,3.70344972068959,3.45378600237245,2.77376752011248,3.08850923951678,2.85229442141987,3.70753419155571,3.47598775526372,2.82257809955422,4.10570351161973,2.61035831272313,2.78671783389474,2.60457584020008,1.91413979523563,2.16897056927895,2.93197737975959,3.07642789941117,3.45554423731238,3.50115365020646,3.46592198014295,2.94650463601102,4.21186384376661,2.69311620511486,1.69804903612524,2.4323557378509,5.11321443297827,4.76347589313892
6400,6,5.92989758519867,2.70677821980157,4.5111733305116,3.39528998620291,3.42656383752107,2.66381761464575,3.04254845397835,3.59263082354512,2.84663527469622,2.68779408182973,1.73644290391308,4.25660136500533,3.9082670265159,2.78132930598487,3.60455522820004,3.58637837203462,2.57297023619163,3.3535360948273,4.45340512621123,3.27552819618608,2.92803971342168,2.93541128713233,3.25665148865808,2.7088285349428,4.21187583357903,3.1212426691856,2.92632218310101,2.98843368197188,2.79981576865884,3.28699418515873,3.1513570282433,3.24310913910928,4.85386440270659,2.37351474320143,3.02753065384298,3.525545320752,3.25660626022335,2.85365605775689,2.76759314308343,3.42075418555316,3.22863935919899,2.97438594032513,3.88001938074268,3.50860286920382,4.82503940105855,3.09468525714076,3.07900637074398,2.66290631300648,5.39261427543527,4.24349059350048
6500,6,5.30557069845455,2.33852953274025,3.81067423719387,3.63902287429299,3.73441920000646,2.76257938064032,2.98943538528111,2.95514406029171,3.22344066524491,2.81683133625448,1.51911621589701,3.66646756397538,4.22199916863864,3.25815735284168,3.48175804449025,4.12487012002301,2.14881860895122,3.63200429988641,4.55527124015701,3.18910154116972,3.50437763736119,2.67059547719883,2.44920497419863,2.39449495422553,4.34485318896402,3.20039832342962,2.76638668352037,3.05380999508156,2.90605915168923,3.07982063608897,2.68842386564345,3.49177457623507,4.444852423956,2.70480753053241,3.47796138398576,3.17696084132683,3.23763197972082,3.2296780141339,2.06991930995011,2.99556277874593,2.97447811311184,2.62145386584336,4.11058580325687,3.44369938348032,3.77797385313642,2.85515920832212,3.87830715517384,2.15743951252227,5.34856956287687,3.62108490195386
6600,6,5.21927222437445,2.36880955035846,3.46949126525459,3.56799603852544,3.71761102849719,2.73139984371804,3.44648745407101,2.96745595267262,2.84748702748072,2.60716115726591,2.0144862998115,3.71590902193704,3.09651934072324,2.79937576637051,3.20092740278364,4.35286225038074,2.39583054938568,3.19635051366527,4.52885709943601,3.05088666114177,3.80552584262261,2.44595626954943,2.52387165173629,2.89679369834446,3.99460908676164,2.7654696665197,2.68156964607877,4.03623815192502,3.38929767089276,3.2438541831558,3.01834596574972,3.74614686321054,4.17950937687967,2.93992450836043,3.37784237914859,3.28127880340582,3.44346922368615,3.1866107796349,2.78732309506109,2.67252222013222,3.26635597603148,2.78504870983324,3.86714942091353,3.58465725787628,3.43025557017144,2.35491071461995,2.5386946577103,2.2863460845032,5.12222544014156,3.14412032677693
6700,6,4.12865555884324,2.25909997829441,3.62378244753025,3.19578317007045,3.03883562117108,2.43298931626957,3.51371480844243,2.34246756815382,3.03528084093232,2.90358871666704,2.83662339365062,3.59595172613052,3.48998849165775,3.12620449504694,3.2534976173926,3.60101726521207,2.50434419312902,2.88520294644374,3.9464552803119,3.01213064738474,3.32822592035353,2.19027448967427,2.47689502518402,2.89760882888685,2.99602855410021,2.96606216724954,2.67767076875605,3.41477185172251,3.12214921294304,3.27919848530362,2.48016300462858,3.47348871760332,3.65511065079609,3.23561363398636,3.12453301487224,3.28645174982,2.87661995623143,3.26348536016898,3.02124692354675,2.30287880487368,3.58963575573095,2.62997456812688,4.13631220643242,3.60126704135322,4.12177388204292,2.5823284730934,2.75404329191888,2.32992090239617,3.72541588122949,3.90594024015368
6800,6,4.1513935182875,2.51877919755468,3.37022147246237,3.29188998465284,2.59589090557937,2.79789842103898,3.18127426883126,3.24321486642787,2.83705541956646,2.88976624828107,3.19003157215325,4.10399123061484,2.36754155649315,2.83229668171863,3.32890145570994,3.88285817957831,2.9643559283197,2.96864667237638,3.50045486439476,3.50198368435223,3.04359165132082,2.30964593909122,1.45817753222027,2.44544604214669,3.09081295862352,3.35042551433958,2.55074833360383,2.83657250714102,2.90450874048307,3.21172110790165,2.69931430065407,3.31005976487218,3.47219563645573,3.11010322777755,3.38855255187162,2.79335028323062,3.34692961798358,3.02963279411564,3.03846304556028,2.32673840717334,3.31406484073198,2.74624134784435,3.31777359509433,3.43191492668695,3.98835271550048,2.42959451299201,1.97369515353902,1.94494318990294,3.8714354626832,3.36267034163225
6900,6,5.48649901147867,2.31429353329194,3.63051932436904,3.23723594765232,3.35206187560909,3.042749915699,3.17682941640732,2.61554265309464,3.16588991774129,2.9314917112003,3.2499417969187,3.7026480070827,3.26779350873884,2.22705978128914,3.84456488941314,3.87030071156369,3.76139914751062,2.8102839196906,3.56400315245169,3.11969292446012,2.80216571126888,2.41269664499696,2.08606610627602,3.05399099078379,3.95689709373258,3.18552211773241,2.68949743546662,2.7500747437984,3.57341681865102,3.06150042452867,2.02940962435828,3.03965551400418,3.41052469573506,2.70962249638784,3.66044316461952,3.08416545536194,2.8216525186144,3.00733448979075,2.73345599615047,2.42895212004684,3.54474020700065,2.81134949395482,2.81137406191695,3.00325266422732,3.87412021178984,2.36917113105834,3.17171546641108,1.6719328142724,3.56457978500222,2.92244107751642
7000,6,3.46541768723498,2.44231802979272,3.22619200529756,3.52589138910984,3.49938137773359,2.96792272454686,2.94882593446118,2.98455395966776,3.79095223622276,2.99717884451306,4.43067145376748,2.78006476558929,3.50506858083397,2.57821473648736,3.53270391340635,4.09966595909773,3.39191605828991,2.63603186008807,3.11815417402002,3.02231069935858,2.99669581934615,2.98412241382826,2.17906287902424,3.40584559194832,3.90738220657554,2.93422951621997,2.79129077743716,2.91756779844811,3.80023009229906,3.36311113816279,3.05032483525461,3.63857160887753,3.65520281523604,2.73914983639657,3.5558505634658,3.11816649124435,3.55627360755797,3.53622706252253,3.2708981389947,2.67052159570657,3.70375470992057,2.32450814855625,3.84539535802307,3.56711886171072,3.79190992673394,2.72222012776187,3.78540529378054,1.95566757702176,3.88002398097414,3.0660350925451
7100,6,3.56230153022809,2.69279658143636,3.78142978189159,4.26851164536473,3.29942577264071,3.23570068422107,3.2397388495401,2.67754134991413,4.21130209314125,2.88327084158645,4.69622250964894,1.8664007308775,3.63742038794015,2.3544910292021,3.06065120396736,3.37151012471331,3.79711409017698,2.2689940643307,3.01134112968887,2.439171423651,3.17222528126888,2.45310747577203,2.80006656143322,3.10061877803084,2.66447717060116,2.57148359374924,3.02275094365258,2.75638508577398,3.32870204112808,2.80328213716927,2.76322814960978,3.74343877307039,3.51546238759974,2.87333443112324,4.31262539325209,2.44788470792994,4.16475235054457,3.9554050365535,3.04656841832724,3.03463784260107,3.88936398235763,2.27524335526693,2.67707706569126,3.38959060740492,4.39665682280585,2.82852559340277,3.76769141499692,2.31808094205813,3.44073898517023,4.3608224639861
7200,6,3.78202635182212,2.45481134701986,4.56008239169138,3.67760256066998,3.80350723144103,3.29980105509245,2.95805576575094,2.8773570098139,3.80625504000994,3.1456202695455,3.55631222305047,1.33438189712387,3.7892216054143,2.25815159169314,3.12703109193885,3.58400148614345,2.97572259252378,1.94098897566254,2.6910235543563,3.59251743772028,2.8579211817613,2.45914080514035,2.17983685383821,3.43360938683475,3.21415919542872,2.34168048306413,2.93840325305514,2.09269452266563,3.22362738671044,3.53240499312795,2.62390542562114,3.80923901035735,4.06618273534949,3.15992848013521,3.94540562990753,2.8776688877354,4.05219312448651,4.26849661172921,3.18702183016532,2.66295382610565,3.76762236470996,2.23131845926498,3.16589523506916,2.88176142882631,2.86653858510004,2.50255660386666,3.75777965737509,2.10992210078326,3.04585056340681,4.55940995431163
7300,6,3.96599493685456,2.79981758281966,2.94215454439208,4.79173844809273,3.7311809652012,2.82191333270531,3.06902886757067,3.35164682808726,3.75119139313495,2.7361830488796,3.4504508778245,2.0077867473585,2.60298394081065,2.66804963247747,3.21104712551558,3.81602043740037,2.94085155213805,2.40892779425223,4.01899278429878,2.49795588764377,3.0946851549272,2.29173851452727,2.25018814912783,3.23829235872534,4.25968798163924,2.69065001646231,2.87141778399735,2.21293216304294,3.99999005662105,4.43315712615326,2.60272224092812,3.8704058505999,4.25692012565442,2.95772251526815,3.02779233613208,2.78165916689935,3.93521292028954,3.65011900765688,3.26051235056538,2.65428051706318,3.69779183983027,3.12892961686948,4.05400441209056,3.20733103177137,2.86354908824967,2.43416496743566,3.82126688975812,2.35360025590527,2.94298702759714,2.62873970043249
7400,6,3.13117143809609,3.08140695739512,3.52669098670408,4.83360229590597,3.30340469198704,2.58282106968036,3.26188786607258,2.96335836214159,3.50715963775558,3.13455345681791,3.76365476549783,2.70825106616228,2.24705248323615,2.75673050503675,3.87561562764287,4.27653228185626,2.71107850300041,2.3704754317533,4.10819809084808,2.77823390731194,2.89604269448324,2.07505967251011,2.86105192119272,3.49671597566993,4.25695621426735,3.0979524096828,2.68968253326348,2.7181201200914,4.12548576359997,4.36757418832645,2.33286647558044,3.44001709227558,3.95324030318301,3.56230752614704,3.34196401873253,3.49000059300564,3.27508772698048,3.73043693444746,3.45836311805336,2.84974933290827,3.57561323491194,3.27745181446313,3.07653727169733,3.16535127052974,3.22769416054008,2.71376514715026,3.91478668696888,2.37920195689277,3.25090112799646,2.33839603557348
7500,6,3.73513378496115,3.4645854787722,3.31487936003232,5.44378290285346,3.52827571322967,2.67440453093788,3.86704112004089,2.77471671959375,3.05195388675909,2.87073835200644,3.57976725167392,2.1684761114234,3.37073065066631,2.54435011525731,3.52075685278813,4.15006588341077,2.35505025069539,2.37661718135019,4.13959684953305,2.50059453039404,2.57787767726213,2.14273569466889,2.41178353263975,3.07226651432888,3.35294069454649,2.9688633747493,2.28838487578239,3.13674616211771,3.25363098734217,4.15825977271666,3.07634055480492,2.8443434425586,3.6795794243293,3.14451067185028,3.74478862017977,3.93370988412503,3.72347223390304,3.31991250703344,4.35463307384686,2.92148596495822,3.05682720007202,3.72192343729404,3.05055995538313,3.5407174040714,2.76377561162931,2.26449993145475,4.38327510461239,2.34730511793779,4.34089580150862,1.63886876124221
7600,6,2.58434420483685,3.35974356281222,4.17192466255736,5.11299885122564,3.55754627095416,2.83552407393314,3.6878076860281,2.59700960217655,3.02151153354829,2.82414367737419,3.32734028833578,3.12554519400757,2.93363266004969,3.53367978690287,3.38297799636536,4.07844703803613,2.52246563229288,2.69030128519953,2.86063812395426,2.25893318872958,2.94441910919719,2.59264840755348,2.54807913391637,3.41717199228804,2.84939309854403,3.18703674150605,2.38342363773387,3.60245804056537,3.38440989162101,3.96386385618843,2.85590917063377,2.97890421335219,3.19281125713831,2.84922026791008,3.31833825840895,4.53902732713028,3.55299938659225,3.32511524809846,4.3005218653347,2.97840612236042,3.32050415233347,3.61306930721375,4.37363495329989,2.84463825415229,4.29290443698132,2.30847997209687,4.995760880916,2.15178928045321,4.49191310553405,1.81067113812674
7700,6,2.97631319620685,2.99297402501283,4.21871265490004,3.97999350621089,2.13122060383727,2.7229074544219,3.31535169324133,2.38101737908738,3.26088168468276,2.63370942367008,3.60599379500446,4.17073280316514,1.59564693448751,2.93121348742026,2.42169990142172,3.77861532174716,2.98385340300776,2.54280585947047,2.35179029763547,2.360152243074,3.10627237120538,2.40893859195078,2.79272833836918,3.46115933870976,3.02989224247588,2.66509595340512,2.41339011292145,3.51407549232854,3.28069765395047,3.01466166374234,3.0859697495051,3.39406756842933,3.574892944475,2.5376813663746,3.12146272735067,4.09836193398378,3.282469854536,3.42069199167047,4.18858598009568,2.75905451376007,2.36291850218974,3.23797114851628,4.2248167051421,3.47295887294436,3.7749738378215,2.33925843194339,4.56106194918608,1.86776666225797,4.25283662709495,2.70210057844519
7800,6,3.37398259391877,2.79741150390416,2.71795196161079,3.93159125932241,1.45833030489974,2.938926144959,2.87504675572387,2.23298421700094,2.90522725080978,2.89164576436654,3.17384753491007,2.7429967076901,1.18792018618462,2.53438096580607,2.75090066597027,3.76420824960284,1.9151414876395,2.61884315294742,2.19719619475132,2.55487784784555,3.02748647088922,2.15097944514874,3.15362829486072,3.47325577730131,2.6409614060724,2.95138200774035,2.80110684849854,3.62208707129409,2.69103052000607,2.63561237858458,2.73573213353231,3.25756344422808,3.60251571858173,1.72172325258069,3.59763795675675,3.84900404683189,2.43675186853065,3.00314864292384,3.51619032863919,2.28169546962159,2.57743557819929,3.1000644962865,3.12052570805292,3.45167215082887,3.91436293815182,2.67780469894169,5.16532655878075,1.66390240656976,4.14413758922273,3.07896653744145
7900,6,2.15306606290554,2.65756210380812,2.09535076696407,3.24712026939189,1.4293616510051,2.74983704228029,2.34001129164441,1.91857722365695,2.54436299789736,2.56251511293402,2.86857121750957,1.61232989329287,1.52436430439567,2.34334731440678,2.40821119333177,3.17333790226154,1.80801206188764,2.48245767283279,2.65510085414825,2.99489443636061,2.64335545858105,1.95657863660517,2.51460089025914,3.88093206517881,2.56328456388075,2.85950233401738,2.65393578560434,3.0194182714079,2.98377506140969,2.13325398902449,2.05896073730879,2.57141088289423,3.81832651953833,2.33445050538685,3.11934274621353,2.26471082378412,1.6166258295573,2.35617813661984,2.90252940829728,2.51011051434404,2.30223838555517,3.39112002206977,4.11543284791899,2.93424468881371,4.28497171605255,3.13225729984689,4.24479857789771,1.48399621209441,2.75533273698309,4.27991830425451
8000,6,1.80635509013063,2.32467923653309,1.42636980285003,2.5246392695013,2.1541986002168,2.49259889078381,2.22989394520014,1.35455750233099,2.26473493594542,2.3082673342436,3.0531746625216,1.96078143938079,3.26672077481745,1.8322022592363,2.71795448331217,2.95680939199392,1.5798297799992,2.55412347155493,3.02757803678636,2.38651927983981,2.63005688615282,1.89341627895354,2.30920734528705,3.37812273677446,3.61742052512501,2.6999580054178,2.22565580973936,2.98454762969149,2.0633640047067,2.58530364465266,2.26388524520421,2.49968685307973,3.11983329310836,2.70818679995726,2.59718659486676,1.7875520702601,1.89900270677896,1.90549123651102,2.55534025320371,2.6540122630492,2.02703375360787,2.62653698415713,3.26900214860631,2.76228685836772,5.49443523649134,2.57153701285041,3.37419456926551,1.93579638579378,3.19860122609414,4.89424793479162
8100,6,1.50710953638358,1.77893254972887,1.65023049692464,1.79393084840407,1.52150457770684,1.9290193203223,2.28488614089282,0.953676316353061,1.95673292537985,1.82116045311133,2.42595910905961,1.51081763832609,2.82578727180467,1.97184322972876,2.54343493277743,3.21294944886525,1.10741606059708,2.58329837454631,1.47355882666105,2.50056225255569,1.93663323287517,1.84144622420757,2.01971319192483,2.46775714779177,3.15657953153533,2.45814509205521,2.15647667668521,2.52931273967978,2.0751310048223,2.1744831685945,2.20543487926454,2.40054943508882,2.83843148182127,2.6338659843847,3.41249826211934,2.38045082557478,2.36298245927215,1.75292012471836,2.04771967052276,2.91111629690911,1.14386637032119,1.98345865036682,3.78762478123744,2.4379883125036,3.95380798010421,2.66924479500124,1.86737767202623,1.57007198752472,3.20849513479407,3.59295046281701
8200,6,2.03064115373515,3.06781879194686,2.7499173818216,2.12300495548173,1.69615701209473,2.05425192055493,1.83645547487939,1.54588537331617,1.46402705049051,1.90940952611065,2.93601080885422,1.28797479332011,2.69703082892637,2.21007952420712,2.47565234595817,2.86081392090782,1.19235325194921,2.57302459922905,0.526504060629129,2.53710962831019,1.7284832152777,2.36586434858902,1.82040156193523,1.99246638467923,2.04459938427213,3.09865044670235,1.84817497196544,1.91274032297185,1.91394101550552,1.38771719797695,2.07220771315491,2.12980464828384,3.28930199074963,2.2631091104301,3.23408393060043,2.16132222157745,1.58057333928564,1.80338119246275,1.54850165583954,3.0837780632923,1.18267286984631,2.10900490165153,3.18116736731042,2.91469268829848,2.86874559030264,3.00984618854237,2.57270706621855,1.46931746572151,3.1231691942775,3.63270781334265
8300,6,3.27949810381371,3.20439274622504,3.32633401041302,1.62231423654274,2.31007510683088,1.72461241504611,2.25293317186921,1.33361448277008,1.36880227637424,1.47757957047471,3.032977287399,1.96610674089697,2.19693469650389,2.80430116435669,2.58516328544747,2.27566757950152,1.91536609992216,2.06047466547717,0.700963070501082,3.31535855659378,2.24411727932095,2.77001593706151,1.90358087179624,1.66257188859915,0.98281703087085,2.44350387914757,2.29139820190526,2.17334176175773,1.86875411975884,0.904333829851795,1.95633703529633,1.92052699309082,2.9140488915144,1.97842524446272,3.39251946965515,1.96727873596048,1.82581227028989,2.20972612810563,1.81386295368495,2.93282275949515,2.06647655400357,2.24022148071974,3.70801986643475,2.26587438130356,3.62840711967874,2.78410799789817,1.70142378295169,1.43274693466538,3.97501774259393,3.17995058365528
8400,6,3.87647369995391,3.84166929488691,2.98264436875704,2.44517547789555,1.84978077989037,1.88471474274366,1.84959300435747,1.53086097855247,1.50813845192955,1.62324201327384,3.15853672658884,3.35983420941892,2.21777589384938,2.58002408279529,2.04672947174472,2.9557998253215,2.03335626842952,2.29790367181509,1.19210346711645,3.09121795304118,2.19886078143395,2.87502240840786,2.13112847187705,1.55332331998992,1.67618971922198,3.16084461373439,2.41909026615192,2.15477224788876,1.66902467030107,0.995426801925623,2.29134045905519,2.04166462799359,2.45108706004334,2.42720824334766,2.72600177016546,2.47716894802744,2.9037220107973,2.2079627623767,2.45981703692417,2.87075031325176,1.6996220437027,1.7728438960359,3.82333490901093,2.37479460353198,3.51923075344448,2.81597422216669,1.58240558638291,1.41154282293287,3.68381094601979,2.44716636332478
8500,6,3.59579202576738,3.91921359650796,2.1552217454709,2.05766308463165,2.51916909115504,2.06846148877773,3.42671846584096,1.68122628115874,2.48100525729717,2.05524342757578,3.11406202568988,3.43994629233193,0.666183841995427,1.41802382066676,3.17652584998955,2.24769992508502,2.26743322208555,3.81416321652807,2.03166094831128,3.00110494753133,1.82752889572143,2.86735784100163,2.8416253383275,2.3961374767147,3.02394962358687,3.15210494611737,2.48566021011892,2.22817359281263,2.34476141527023,2.12370644314444,3.54036565195754,2.07546254016137,2.20649838773426,3.19949023914451,2.13986857076385,3.30671442806014,3.39624675584837,2.12266725211783,3.43451956773728,3.05405343341427,2.5070437171406,2.47270507534062,3.77514559469632,2.57696845501437,3.55574846779487,2.57768746004159,2.7838181669592,1.55632917146109,3.71587272065573,3.65976495096043
8600,6,2.41294717168387,3.23134136614365,2.56298014733552,3.42051388402236,2.45089027189478,1.59352842160942,2.90435857407209,1.56314375636996,2.9252718194472,2.11879030615231,2.48453376190721,3.85510088538401,2.36984238768461,1.14023826655075,3.31992553070085,2.55694460026313,2.04305809430481,3.55523939427281,1.6279576884548,3.2738035386686,1.99709123090883,2.33107001160778,2.77771418714789,2.390187224912,1.95789139546033,2.52308485978003,1.66679616287577,2.33485714521452,2.41324036202563,2.81202880588673,2.89611051371792,2.34574968974595,2.48954412710204,3.37310314604436,3.33166341405822,2.59483946226511,2.97443237616833,1.67131041421984,2.75006368960119,3.28619408572259,2.67220134634041,3.29201276853819,2.9748369443143,2.03220213310036,3.23586920045219,2.62368573730096,2.87903452020606,1.59104634900787,4.31819531236814,3.00191870063068
8700,6,2.13999600699336,2.72602477297857,3.85787190337199,3.60870466504715,2.38814383427425,1.87806209250423,1.75363947014611,1.70513938550353,2.97499496677962,2.15574715706972,2.3165701426185,3.64044174712273,3.21929460899515,1.84594273372549,3.10224750864427,3.5906093833411,2.70692938463127,2.84113306249821,2.00691752639477,2.94418716774354,2.19847666950127,2.37579809610038,2.24139985378188,2.54380086943243,2.89316580093562,2.93447763159853,1.57150119107678,2.07203458884109,2.56416619666382,2.5532901647985,2.45519247903219,2.90720021678218,2.44596086517818,3.9379194366867,3.8856750668348,2.30987386853407,3.51211501113514,1.56244925084987,1.40905846907456,3.12666905929817,3.75124174690614,3.20919782113341,2.35858234592526,1.847052535805,3.76255967042326,2.66189797201964,3.78308219406267,1.47231507993319,4.30559195504008,3.99877049047312
8800,6,3.40499795053247,2.22675655449864,4.36100523732854,3.34610396479182,3.57377377501233,3.10929484140958,1.8999730042778,1.90114314224922,2.46630214366388,2.29554957959486,2.59793629630037,4.69931548561554,2.92167678115341,3.56522958047048,2.4671803755417,3.22943174524888,2.88387473825706,2.74572413665937,2.32099983799702,3.4528186085579,2.72410843055863,3.11889853370941,2.99100587914686,2.40156886982412,3.80316615886954,3.33848850033637,1.6052860707974,2.57740245749177,3.19694391228743,2.33908858473932,2.36102075031783,2.81147661801481,2.19041082238418,4.25388813803236,5.33091309782021,2.08227313009292,3.46611926657252,1.81861444219657,2.15353105690213,2.99615602287394,3.00490444046857,2.97627513212806,3.14947199823625,1.24267721470101,3.08034587129892,3.32512388135578,3.10997067887027,1.92010457277203,4.4236284159583,2.57921684874988
8900,6,3.87729134588134,2.19543321318686,4.30464683004119,3.96152762056979,4.20123714527212,2.67910052303285,2.94181266389039,2.47896240509822,2.33488274411531,2.10924185948112,2.63753256396817,3.45597520241442,3.46547712127011,4.22580342204449,1.96814942450018,4.12554816401699,2.7203231411922,2.16565943075834,2.91767439282428,4.49847935261432,2.03526471907681,2.85310699500591,2.71410047128232,2.82301821801196,3.36635585023194,3.27656243382954,1.76606451472521,2.61616901249165,3.59979542009937,2.15281157643185,2.85282627754948,2.50121718987742,3.13665380196376,3.44993840486414,5.17942852441135,2.55646169391436,3.53177906529124,2.09932132521505,3.57648840651254,3.34121027800306,4.00840696638873,3.79231933386665,3.60294207231007,1.67768108638482,3.39721508797743,3.21584777756362,3.43212260667059,1.95877767146993,3.85730049374453,3.96666518408037
9000,6,3.68878727961048,2.25904134945805,3.7669993189812,4.83646019842496,4.63446114874234,2.9986880129969,1.99121330394229,2.12370605184463,1.84682871385585,1.94223751010339,2.84766617925371,3.20741068534284,3.15527498816628,4.16418602328842,1.89605195197601,3.66292073455538,2.32338062478695,2.62993496591656,3.57753887095501,4.06921583166144,1.9996091051977,2.55699414395146,3.27928671223956,3.61641116474123,2.94330445528472,3.1475546596189,2.33117186720908,2.2589143685629,3.46712695486594,2.84700748182913,2.6185980871736,3.01404115585592,4.27674386177653,3.34476619952879,4.63770932380229,2.07171208617004,3.78046378370365,2.09983382054441,3.68557048420027,3.76245239791655,3.85969496473522,4.82417070399657,2.96519155956677,1.46996283336205,4.07151263117047,3.2514617751711,3.98264459025669,2.54465804678014,3.59687828828169,4.60990756653381
9100,6,4.86746466345809,2.56990426594842,4.02277546223063,2.88447912304752,4.34543648882082,2.59238023962996,1.57846911361199,2.43241542094189,2.11536563216701,2.05925561888545,3.16328020975121,3.0375024240669,5.00627691446311,3.45778316664512,2.94849976350773,2.90180303565591,2.0135551140065,2.34070932437952,3.40986880812784,3.89746914809342,2.22326875822799,2.79496781924398,3.44382432014988,3.39893174756885,2.78700173007322,3.3192262419794,2.61052945262681,2.72385551606125,2.83604258171231,2.57678528525603,2.08549758192686,3.40125433040274,3.4823935837334,4.00660144677522,3.63655317520596,3.16605218378198,3.14992467541768,2.11378759320098,3.62958731514402,3.62178790044849,4.28417437756806,4.40630606873916,2.88071828399084,1.59280076720358,5.14537485921647,2.94092191902525,3.17293102768012,2.50012573894713,3.60571615950922,4.72460737422281
9200,6,6.37371115144328,2.13563777745093,5.63738838750473,3.18376735248509,3.38047225777703,2.25980227088895,1.64706489746132,2.66192303596566,2.06260387450561,1.78266588150794,2.45903920784983,3.0392682834939,6.4276288363498,4.06096776768537,2.78411387569337,3.2424942255196,2.83996185627885,2.33650821654762,1.31918029764101,3.73854268798146,2.69618188951487,2.1683928876945,2.49203773391517,3.51810878594326,3.28998076885085,3.36647629470816,2.96488517040035,3.01790376756027,2.90421194355656,2.95093361963613,1.90766635215992,3.31443143548816,3.78175648657623,3.3755119612246,2.93160294865718,2.95443215808132,1.65222666790491,1.74240666023393,4.7113811897919,3.3188485230481,4.51984403579398,3.4443615456312,2.36292308733782,1.64356043919738,5.70950494045735,2.74274240723158,2.64254550351419,2.34078318032211,2.95835595663162,2.98932528526333
9300,6,5.36148399662413,2.60329645031338,5.06432284974842,3.87521071355636,3.29949036267012,2.83049781457004,2.31487813355702,3.49410700947532,2.18123384615078,1.67586139563784,3.23332847865633,3.58842477524529,5.42033213552542,3.70614645444123,2.03588228512958,3.27103759056744,2.65256321768962,2.68966057641173,1.58373714750898,3.02048497637372,2.93509669915638,2.75805733983197,3.19667130895677,3.59419194706601,2.32905280572024,3.02432336438366,3.21084667575515,2.84645987364548,3.25157471090176,2.79275281704587,2.70215541299212,2.51345764752416,4.21063544027416,3.55403217134501,3.36779792514457,3.01357067889628,2.35522943580866,1.85084978504653,3.73543859669691,2.97097962634725,4.20230287664145,3.86866755141204,2.64005731947761,1.83433319812861,4.32588387331234,2.90372868277978,4.00986655987077,2.67793888106374,2.9079556075408,2.73635647152751
9400,6,5.9426639158526,2.26342427584004,4.80124178062331,4.41053522667573,2.69821754552798,3.01589603018602,3.22082659426449,4.10263520681631,2.24589680517438,2.52089054636404,3.32340849386336,2.79833078017952,5.40686204128328,4.25480891600257,2.54404895259414,3.41313415537144,2.55448176597729,2.4440917087774,2.85847363097891,3.64573734898067,3.13450919777898,3.72465504380436,2.46953650687035,3.46929052841629,2.81671809963705,2.9033218314747,3.04578983506359,3.79421722525329,3.51087170165273,1.60688589131602,3.80974055001335,2.89352201351871,2.92654226703343,3.4491043582244,4.17923907579206,3.26152961862385,3.03749082120837,2.90665915692976,4.59071199284188,2.65790881491738,3.22974859902167,3.19735988921134,2.89329622771021,1.95124743970641,4.27068592989012,3.93704536107469,4.49309693536587,2.5059801315239,4.2687717939996,2.89571451175636
9500,6,5.62282819860728,2.36291245208259,3.88315449091581,4.97390746550697,2.71987462471799,3.25270868996667,3.75075671409205,4.1103094527936,2.19176784648358,2.85859245985359,3.22120744941579,1.99051566982014,5.03238094461766,4.54247469104106,2.28207254025889,2.70709423157245,3.91163820351334,1.92619350661061,3.32006363367238,3.59452579582322,2.43994592985849,3.5219147894553,2.73413054906175,3.58591166682384,2.67737003094401,3.20397628380851,2.37367009794722,3.3257032577229,3.09130408103116,2.6916807411307,2.81169795465679,2.310039440183,2.63508778107789,3.92772263765407,4.68332477350884,3.3465757669253,3.27099914593032,2.55202671781448,3.76082111148545,2.74790217338115,2.16934344606647,3.14088937785461,2.65971572479795,3.20613706383317,4.9740819152547,2.85928966791923,5.30821897553417,2.80139609187317,4.12014075320832,5.56782707516106
9600,6,3.94805718530268,2.2301437220139,5.15040974248367,5.07129915371924,3.73711845707889,2.64830997994933,3.03186663143015,3.33041393624843,3.41433690097891,2.69837095830001,2.87468248466784,2.26199364443893,4.46673516589472,4.58429082785295,2.84931224896862,2.48417782185891,3.60119628344049,2.11561011274343,3.03882460440283,3.24286917457338,2.24582172653245,2.78410811730222,2.06132090475299,4.03909162576553,3.95752216029568,2.83091332291924,2.19613534216857,2.90684070154526,3.75239112493358,2.58932199400433,2.99995639863436,2.46707458933004,3.4169904875817,3.76341553883712,4.62040497929026,3.40398638950642,3.77056212276544,2.73868835389606,3.63747413617397,2.4412108926391,2.76544817579476,2.64162127997145,2.85182363314409,3.55000809712263,5.06941109338162,2.78494896942402,5.08261267309052,2.39228169330995,4.02145649347355,4.26549036217112
9700,6,3.89557143544948,2.41840942844149,3.76849683844175,6.18609395457102,4.85384336373791,2.39239951165209,3.55364191287143,2.83508413646133,2.5920900539482,2.88417030629875,3.29764894680665,4.02604079588257,4.7533817130254,4.76013654248355,2.45191742072751,1.6771353375557,4.1112536967173,2.84129767922999,3.39730710077617,3.23379217829258,2.4763358868225,2.66171571192639,2.61915009432681,4.86702625477894,4.93750410448743,2.55057020485679,2.53573635733387,3.69585174307393,4.61661002810778,4.12844051320139,2.60419818259403,2.08827669574345,3.4658238391077,3.02370015726086,4.00030246073391,4.13319379633845,3.84087348728977,3.04726039603588,3.22612684479932,2.35298118284573,3.42798884275966,2.18564399054184,3.44168962309206,3.87997627036026,5.61039525448418,3.20002367545435,3.7535490162507,2.29352858780654,3.29010474874407,4.35232934830253
9800,6,3.52526635028852,3.32301152059169,4.06086653329673,6.35210021739665,4.49730651391801,2.48554175001668,4.07193071675325,2.9325980563983,2.65559929045841,2.75406340899823,2.75091652141016,3.84716000785665,2.40251072235856,4.33542753605278,2.3657001702078,2.72957211007887,4.73496282392809,2.58697446477899,4.45083532699823,3.46050080465381,3.18328029609021,1.83657303345855,2.73123664709442,3.87645613914538,4.31962851054839,2.33318136326727,2.82596869320635,3.93934155140409,4.64764124883687,3.42899989927001,2.81143402531068,1.81578525023206,3.12080035156449,1.20571837772998,3.39237966611246,3.12241728122245,2.90837259999654,2.8136300452042,3.42466277670079,3.70520394145647,3.59082006680352,1.95994372245072,4.25738078684537,4.28129533184355,3.71078862021244,3.49690849019217,4.39618944873838,2.29210321251315,3.76034951571273,5.05709012606981
9900,6,3.36054914504688,3.02574956827351,4.75623618310399,6.8153926797879,3.91653781208105,3.23982266821597,4.17911645278761,2.74447420875506,2.95681169238847,2.36722634386459,2.48761096052985,4.66978629544109,2.84722963681687,3.70025524412875,2.09469210573347,3.20644567406516,4.66539252406704,2.50462984177158,5.14973310104351,4.87704067740028,2.78977351529664,1.90958860592902,2.75626709646637,4.98716021476311,4.64855742906737,2.27085995727586,3.21068370915693,3.00303055621961,4.39192982797634,3.3840123518479,3.41644046955376,2.15675326414662,4.3687488668753,3.09894922622105,3.92960753163,2.90046991275456,2.53528305407431,2.91172105333453,3.36790676258275,2.96748671501717,2.79741262236244,3.19717447707361,4.11428727786268,3.47624628846447,4.54068248758627,3.08046349418405,5.25868027106996,1.27576067952808,4.20273518386543,6.39803491406839
10000,6,4.52749928322479,2.32619732641914,2.99185098162468,6.71810528938711,2.7132235451479,2.67380940832228,4.44199207066935,2.32215748322927,2.81837823398775,1.96364259080251,1.78097338010956,5.85326523726342,4.23117017737414,3.11399996501621,3.00042125242072,3.48348665344786,4.43021404742352,3.04622019573769,4.2346888813839,3.97761743516198,2.43015731044298,1.67094156634287,2.76855598590882,4.51241725168414,4.12376127496916,2.91216602083546,3.40782013503226,2.84191565089334,3.67082945837757,3.09074388038904,3.61537449745671,1.81500482622833,3.56823419503516,2.44406807290569,4.30602124415782,2.48849821528621,2.02884385036204,2.48085763036997,3.0717943032809,1.73790805348358,2.29801577424219,2.79252032861323,4.98961023330691,3.85071767252403,4.72949977628658,2.32568687390878,5.63689693773426,1.86411023173304,2.74669216034135,4.31871635159088
10100,6,3.8560967370498,1.30756220223599,3.4594914333451,4.93436851250632,1.16533298318909,3.18752851794871,4.39485656329567,3.15553009133646,2.92976478188229,1.97725624893102,2.22547604289232,3.49587492836358,3.11130926626016,2.89549717915687,3.58267012131192,4.10109491465287,4.36798076191102,3.08174078017556,4.48338050957116,4.43894551790802,2.83033519899559,2.08713618432998,2.62721225589132,4.05911483067476,3.88521284205996,3.04611549422822,3.07073501553912,3.10486795582908,4.38259230246526,3.05339470239325,3.29287439046119,1.88874691198967,3.29768873270548,2.40490391556698,3.1685292771799,3.78343896094325,1.69469049928258,2.91774522695778,1.90635656283998,1.69743440092603,5.08758596212958,1.56646145417659,4.16677704474845,4.47295506402478,6.89735537239944,2.6215399896653,4.23581736549812,2.47237798152455,2.22618801761797,5.73452537733708
10200,6,4.48518333522097,1.76435610195139,3.19487512011956,4.74239548057754,1.41747532348828,2.43507596543631,4.52020362204065,2.62775176732439,2.75293731782412,1.4479483944106,2.17798362496178,4.23482422940076,2.08754825207138,0.905400092850999,3.29375599554548,3.16050166580584,2.92746821985702,3.39254958624168,4.60777157590722,5.90748823866497,2.36504667924974,2.10484995587503,2.51535565473307,3.87524411814545,4.37922010455916,2.57747933380672,3.16386770450648,3.64257081658833,3.74461392214033,3.3995180074914,3.61363443365546,2.88227713732433,3.5906977862067,3.89296264642224,4.03513984002096,3.66111309516983,2.61209472358299,2.3390594835856,2.43821269477301,2.43390859283336,3.63997432261723,1.76254371767959,3.7847764511457,4.56507731448551,4.49818685756339,2.77969580833937,3.98018493512196,2.59511743089711,2.12258227382247,7.01783146079309
10300,6,3.73275281853149,2.13184795704149,2.2612417415513,4.53535503641814,1.54905374196008,1.93946730109276,3.72180699211676,3.23279676768643,1.23583154578808,1.44047213062626,2.38996267703833,4.15196082878973,3.5769495092476,1.87822503599634,2.94293767051113,2.4880584367455,2.92682045384861,2.72068811053005,5.92291931225785,3.22260811437074,1.36309323970426,2.61689692446667,2.04726008252959,3.2514038415773,2.81310326912837,2.24972349435395,2.90956104238458,4.91700716619949,2.99302360834764,2.46345607938949,3.61969444106011,3.12996223486306,2.61927398452113,4.26473845569467,4.49360879643949,3.58474257130867,3.35004016037528,2.1501812023421,2.62121011574712,1.90900567188363,2.42449765928668,0.901155698787884,2.83282380347849,3.03336776456799,3.63075345070266,2.63796642655934,1.92743379436146,2.28174613317384,2.70686378635069,8.01775319679294
10400,6,3.0975831892058,2.25984755790725,0.300790859906005,4.21949425442546,1.83604840889175,1.96249024267086,3.73885402883921,2.79668510912813,2.52326751850062,1.33404733718059,3.09586544600334,1.25439283985538,2.51970135756211,3.46193613764107,2.664623018954,1.21333246414125,2.54738618171645,2.99618409247389,4.9590674551755,2.02417186652987,0.636640471538091,1.60583127427978,2.10743426888935,2.34379151312942,2.34916433810903,2.21705605339237,2.51927412524424,4.48795605063794,3.78149016238647,2.45120808557118,3.33441830469715,2.05731945416,3.91477319538982,3.2105928089933,2.72757112678878,3.46369931098767,3.34257628304896,2.51663192205975,2.89711643653677,1.41598135000978,2.83988427058752,0.208802741799974,3.0819621761461,1.90071702412415,3.82518083718591,1.74347907603966,2.93645053668217,1.99274319523859,2.40068466882292,6.79039051943142
10500,6,2.94520657930447,2.31644423069691,-0.145430689146113,0.987211695073897,3.52966100324946,1.50216960222768,2.17453497999751,2.24050161829167,1.30289930055028,0.847665913649077,3.1295014681583,1.54714823767415,4.10664799077365,2.5405571802497,2.54345155321928,2.04407054111603,0.663533704610474,3.42529492728807,3.73325094001497,3.8360106315744,-0.19439088863956,1.4113792680211,2.24812616046091,3.41422099119287,0.916256568449705,2.14056236696531,1.82672310291522,2.56468940870904,2.43443485292725,1.79142303748457,2.01071180949624,2.17819578333772,3.10056201197469,1.75998231665151,1.43855859432462,1.71331240459061,2.67022372840806,2.77357496050584,2.43948302991727,1.23362726813209,1.42782351068136,0.486144247850828,1.55251661752651,2.81853791103716,3.90500252606841,1.86448828696576,2.45121305509864,1.91640314844325,3.1475801688367,5.49741973158511
10600,6,0.0475732347660229,3.65300087956401,0.715772353039571,0.688790798603096,3.24135780074644,0.361577033352349,1.25783057586548,2.77732532589345,1.09377212454811,1.19587072453651,2.82267896850905,2.52827566248636,3.9749014375653,2.15428569941092,1.09153075774216,1.97003167080953,0.0777678464677432,2.77817697463612,2.26172224474318,2.57707997871783,0.493074677991563,1.30918735886384,1.31520296399348,1.13783914234752,0.597519433015254,0.664323578810847,1.56017686011575,1.24828490741369,1.91355982965127,0.806212576352913,2.01195088360808,2.25074546739663,2.69852550347977,1.8554266129755,1.73775164588229,2.41623625215766,3.04696473974384,2.16262226287134,3.02772227245596,0.404979403473665,0.918530021487234,1.53194559518546,1.68185509454475,1.1971526256403,1.4196316224583,0.559687791624362,1.33936851399917,1.62069905901054,0.54667299331331,2.43526627393896
10700,6,1.44891546599709,2.10166570480692,-0.748664614300568,-0.347986007265377,3.25474457377494,0.347785631926222,1.9640302811167,1.91141949186974,0.758275654008526,0.701045577298788,2.36398277845342,1.97235698336124,1.23561512885169,1.40259288397383,-0.0620013001150932,3.01852528654083,1.13944640354719,2.04155061904357,3.03134842056449,-0.0491152402776029,0.502545522350889,0.677555612912083,0.252477218069854,0.119968404883434,1.13125339512404,-0.0151813441440836,1.51319672552059,1.28878813051565,1.42019553174806,-0.711213711418364,0.712485200686364,1.27778378292089,0.650370377585305,0.0231672330833019,2.16254884985169,1.54785105590851,2.64381327670268,0.99561089952457,2.55481967194038,0.651645491648281,0.558789415641184,1.5792493775908,1.4290014014859,0.514423247334549,0.697851908602624,0.704901020932404,2.20764393964351,1.14733694499461,0.0271140054573966,-0.0307622194430284
10800,6,-1.27080308387099,2.4054029840379,-3.37914900164879,0.629273500247525,0.618878964620717,0.501853202956761,-0.136815637485483,1.64955234503181,1.45046766821748,1.03322167541555,1.11422533139662,1.16099286067718,1.54633694753548,-0.164556409157634,0.569634457716889,2.10194042398612,1.13863343309638,1.93776098340528,1.45112506293564,-1.19654842350658,-1.23967024844271,0.692828030014619,0.923381022513334,1.92455456362879,2.79356742290397,-0.276611150105894,0.94815887951752,0.0281380153437751,0.424749251770168,-0.223586946519267,2.0163915313226,1.24448146842444,-0.579450657646477,0.726949496068938,-1.07332220350919,1.72755157120329,1.71861850036482,-0.579110271480491,2.06408823326023,0.625975838722137,-0.687679094045307,0.882347630375595,-0.0460753977387325,-0.101483623722823,-1.26849115171383,-0.693296379648851,2.96994971843289,1.27268510948649,-0.438015978184262,-2.42418241716896
10900,6,-1.33646601694993,1.58663828103199,-1.46943301899051,-1.50473783808845,0.993142767008334,0.409569499601276,0.0422417282227583,1.23896704125096,1.07526823586246,0.547118484925455,0.0103134294795961,1.19598296553419,0.360909696670988,-0.408580196156119,0.162283352701695,1.65531448283875,-0.113230266026783,1.34393578154983,-0.0391892277822259,-0.75224036934916,-2.30602874198116,1.505179549484,0.467475567576233,0.127195294951981,-1.51469967176222,-0.358039082528994,0.643506140625553,-1.15149257674979,0.132431389858003,-0.588844604050393,0.781872277842662,0.420151967455767,0.231999573800821,0.40586705063254,-1.8412956768299,1.393022299112,-0.619282803654172,-0.749647115591975,-0.631895334372933,-0.00320879631071147,-0.385236546655235,-0.580701478467787,-1.77388949598843,-0.0864517229563071,-2.16756093846417,-1.23579648346073,2.2805324807441,0.311655016576845,-0.554532306821576,-2.03619102124902
11000,6,-1.94479159950102,0.029545266594575,-4.27698052241675,-1.5823046212809,-0.455693370508405,-0.167479182679792,0.0146570491707272,-1.32537516722289,-0.227989191064342,0.923073226947389,-0.318756804994748,1.40961041164991,-1.65335082926922,-1.64820843590442,0.199309671706554,1.6131322586151,0.819648918688017,0.824174640109241,0.988849993689609,-2.74630980795838,-1.62195853305623,-0.0145097240846976,-1.78644347828661,-0.197360940734857,-4.82226392725312,-0.995450236139015,0.229328760094971,-0.380382138767571,1.2801949856677,0.20883830647097,0.950388542704254,-0.236870500337977,-0.363042761998425,-0.848178235114054,-3.37831233596663,0.0721913988660481,-1.00116532864195,-1.04771113160006,-1.81001702873113,-0.794998254753461,-0.378323203149786,-1.47520269835308,-1.03834864992704,-0.726714853960651,-2.2669131216223,-1.03661742081527,3.03162938485219,0.197110144384636,-2.43647394229608,-0.318159204210756
11100,6,0.0441643120943707,-2.70823206102639,-3.48036837529055,-3.21964144548777,-1.32200418981215,-0.41106054697634,-0.495466086210614,-1.70743293033477,-0.2516620009954,0.182574768847568,0.443979537229125,-0.0925667315738001,-1.96140681552967,-0.627492986496928,-0.389589855952225,0.623036375264094,0.139990879282716,0.544662892672831,-0.0558727554697849,-1.73115071806156,-1.36526169504274,0.205913534009034,-0.320969315766223,-1.42790727073739,-4.82211902327004,-0.00265018281876017,-1.63986616114512,-1.59473582006684,-1.18503791040845,1.01373299070188,-0.41380654978707,-1.85986926881274,0.834588019252472,-0.307653500270186,-0.885616046798559,-1.38958959473977,-0.521971167358183,-1.70668279488094,0.606805400733353,-2.20409753384329,-3.08392162201539,-3.07524172695836,-2.12728609606533,-0.282293327070812,-2.05770674932773,-1.38109491528001,-1.39779184542472,0.52258580445124,-3.27448085043095,-0.8392856878578
11200,6,-0.778953878450032,-3.09323288291617,-2.96365027039244,-3.92046657968335,-5.09654172748831,-1.18651301000716,-1.94590992339339,-1.59666234686875,-3.13147882190459,-0.365073976608387,-0.0517822391791627,-1.99720401123775,-3.25751785998876,-2.63269012150855,-1.37322890521737,-2.32971313519114,-1.79458417617733,-1.18065153283163,0.141542555560481,-1.96616421400202,-0.912924760467721,-0.717625738101165,-1.33873470056684,-1.52412051513959,-4.34851274886966,-0.917894126756408,-1.55059089534173,-1.73220375246497,-0.937402616416268,-0.855149777348204,-1.64289889998835,-1.81068479866669,-0.873653930316176,-0.500806713606677,0.232604064611916,-1.40876531446887,-2.41779513981029,-1.49097060892411,-3.4046889739208,-1.53058267505335,-2.01110185656972,-2.56993991886529,-3.18440807371984,-1.33587974062313,-1.3937044993698,-0.536634564792289,-1.27493693172521,0.933304958202201,-3.23446672814593,-1.49450822269333
11300,6,-2.85943754209654,-2.65079217488563,-3.57583514661281,-5.19356352702236,-3.97759522975654,-1.11702627196495,-2.04378016231003,-1.0804598537897,-3.13532497750203,-1.30131644077555,-1.2231050738199,-3.417889819303,-3.90698713811274,-1.90846372458636,-2.89110619537022,-3.39396049674159,0.0731007728620798,-1.29342923279463,-1.37445350680629,-1.7542265816953,-0.649705105009657,-2.29501832804056,-1.59530732145314,-1.77785945251798,-4.20277381557815,-2.00303492944181,-1.16283072791722,-2.37143256486179,-1.78537012499851,-1.55196967852599,-2.46507462043668,-2.45431950660228,-4.32129040226432,-1.41931071134407,0.855313371338974,-0.383359436965369,-3.24552510222383,-0.596902301771445,-4.71710205141192,-2.41841610138417,-2.0693894075702,-2.11656920958371,-4.22984530130116,-2.27250218382597,-2.28747199477787,-0.957068473687964,-1.31294720145251,-0.265192362234091,-2.78167275818753,-5.35201848478236
11400,6,-2.79494508367332,-2.2549912395742,-7.28473678872922,-5.61234620865926,-4.41351546627885,-1.59963919735939,-2.76957542872008,-2.37914467855818,-3.34671624640974,-1.51714839418593,-1.96996681501737,-5.0819695808896,-5.82031794685253,-1.64597876920308,-1.9674047561104,-3.48021781488372,-1.15146489382228,-1.34267688110139,-3.12094650458287,-3.67437048654154,-2.70204611765214,-3.50390684379238,-3.08043861095468,-3.73370595683828,-4.46493196384969,-2.37974982709695,-2.98017895783724,-3.06409658921888,-1.69009026746615,-3.16837970491834,-2.80569347028374,-2.62517514002704,-5.48253857204322,-4.86179660502002,-0.914142475936167,-1.29554604526739,-3.82059402114466,-1.32310249888633,-4.15011746752878,-3.41180414728495,-2.01757720374667,-3.02218363908964,-4.9307152193731,-3.47572488420949,-4.37343637006914,-1.69889216105538,-1.66265859705916,-0.599352421552277,-3.33613846879389,-8.60073266368511
11500,6,-3.20046251012445,-2.95488891061085,-6.98739357234943,-7.40505757591549,-7.34747088813348,-1.55927262661548,-2.99780854526008,-2.06070820868581,-3.13805121767662,-1.23151894955063,-4.05712381332435,-4.7389421884022,-6.88446700550119,-4.33981927050863,-2.61691122132769,-2.81137451833915,-1.96794945388512,-1.43441497241427,-2.03867762278414,-3.29865540970042,-3.68614555168927,-3.0850761495902,-4.52792116368812,-3.84268029619268,-4.28427973561395,-2.09391017479562,-3.26148559195541,-2.8720322900026,-2.13289700742817,-3.89915771040032,-2.30215664025101,-3.39377883230225,-7.65864609449724,-5.31569976219929,-2.69618467550757,-0.889535476762386,-4.11306318824553,-1.62597889991538,-3.87298775908947,-3.37317437120224,-3.3327177157586,-3.73001530155237,-4.91789294820906,-3.44704078827923,-5.89890380631286,-2.40190803931555,-3.62983258711583,-0.420325455070013,-4.70340780165074,-8.20307483904181
11600,6,-8.33942720751271,-3.95361071787447,-4.10368258795443,-7.41086327357376,-9.49229088689802,-3.10463174606771,-5.39073774820647,-2.38124577601843,-4.45851195280837,-2.06083981774689,-5.27365657221883,-5.33402161375118,-6.93343282346632,-7.37046045656511,-2.53111467087294,-3.04681653283589,-2.06429186899831,-1.44401612988046,-0.630038304482283,-2.31654399774877,-4.5959343869496,-3.28532811226637,-5.03922717652679,-5.23751877247438,-4.7821436688128,-3.63436217452714,-3.41001526182333,-2.12242834936032,-1.97609491882598,-4.65341633050403,-4.84179638935925,-2.91999600734313,-8.81970082067241,-6.89114750690736,-4.02254583560395,-0.692250268853393,-5.97766865933434,-3.15037774166897,-3.72059450654191,-3.58941224568259,-3.97585798669631,-6.05056961569374,-5.69692385481514,-5.01423066223056,-7.06173849142321,-4.30801197866032,-5.87736776660094,-0.583851785194625,-6.67357886819515,-5.0971975101311
11700,6,-14.0060715672201,-4.33991688249372,-7.53740849567575,-8.23966418638691,-6.536854373787,-4.84269602244412,-5.18568950708683,-2.92561054527205,-7.32401066944567,-4.12905165898221,-6.00384256260901,-7.77684011080381,-11.4413466689776,-8.02026477510589,-2.37955566648848,-3.2828193359786,-2.12950218078776,-2.62826881921079,-5.77804029874808,-5.28748495402335,-4.68933133634053,-3.54751090972158,-7.26955684903946,-5.1432233753536,-5.34108087139021,-5.63867428027552,-3.54241959280311,-3.29857756746202,-3.59493381479876,-7.12525349371553,-4.66910777762767,-4.13448824414705,-8.39484261497075,-6.53666769229396,-6.8528040611181,-2.93185440462491,-6.29266793582126,-4.91274144169263,-6.09084831366636,-4.42329927060142,-6.46783600833958,-5.19842305351452,-7.1936134500296,-5.40474808567298,-11.8333230385803,-6.11320972861312,-9.27557210627945,-0.717155234715189,-6.27713507206129,-8.19569727730471
11800,6,-11.2597544648072,-6.801829802241,-9.71586461376704,-8.03008467520772,-6.59837196752589,-5.96978556235235,-4.54066200273862,-3.79850762929068,-9.16489128860393,-4.25245365693027,-7.2814798943851,-6.88744379522021,-12.3668634309105,-4.78828079932671,-3.66077749974911,-6.85039572073087,-3.29911582014525,-3.58154310177194,-5.51671595346838,-6.43198036104431,-3.55791849348681,-4.56816281282867,-4.16750531717341,-3.17937071970824,-9.32023319163022,-5.46698138435408,-3.32726488181764,-4.67227319653472,-5.24989870138898,-8.34526579666016,-3.80875211123095,-3.23394396237887,-10.2560398403692,-6.28533633166913,-8.10886849851649,-4.49080660256626,-6.08312576186581,-6.16733236254049,-7.38632878606305,-5.33625597091365,-7.61962248403679,-6.82713823445425,-8.56853152642071,-7.37926583483721,-13.1808025826848,-5.81317476442374,-7.10123731219168,-2.54528159045719,-8.85436989738282,-6.46292558780012
11900,6,-7.43777980117083,-8.13925094257579,-9.17265857715779,-7.83799484396998,-7.17974692754769,-7.29159333324028,-7.69845395189321,-5.49998082094387,-6.94437303916373,-6.35916114913837,-5.83606019336636,-8.4597286533849,-10.1403974343348,-4.70091429109127,-2.82734935331683,-10.5872287987133,-2.95511348595643,-5.27343745137717,-6.1957331584551,-8.36891704888521,-2.09306562218343,-5.60606998108505,-5.38124070645643,-2.37408725138877,-8.65382081886527,-4.25730915264886,-3.96985898842512,-3.62764982195219,-4.87546021697592,-9.55094112457543,-2.64350135874708,-3.8503432150007,-9.56494313670778,-7.81225077814376,-7.31760772213216,-6.25990908993626,-9.01005837314279,-6.18272516329067,-8.19958283593014,-5.2621342605071,-7.67723890156613,-9.57427355529081,-9.49441275739412,-6.75385008060474,-12.1743379781871,-4.08382183160575,-8.04880592647912,-2.2028222418127,-8.44772260264272,-7.99023398843337
12000,6,-7.01724549916977,-4.80905675900159,-6.03555279971454,-6.48396719731523,-9.65108372131109,-5.77855840339147,-10.7987463453629,-6.94411397978623,-8.29404489833872,-5.19330159611679,-5.45855136638527,-11.4548506699052,-6.23256874537094,-3.4360804505843,-6.89068836660454,-11.8139059321092,-5.1696128783807,-6.06722348573053,-6.56126986620393,-6.25291823632862,-3.3860757075426,-6.95173238083127,-8.54789626424194,-5.37690910483812,-9.16969012202592,-3.46299717676091,-4.48963004082484,-6.56733660791084,-6.18996692321086,-7.94540701597761,-4.55993019846112,-6.16320486563535,-8.45285976706488,-9.2854164505405,-7.9869638355011,-5.13097487266038,-8.26809670545174,-4.53725927006333,-7.14132640092924,-4.1777857165073,-8.36268791389307,-9.99094213653796,-10.6198386055629,-7.86469554790836,-14.279411294901,-5.16379214517897,-11.5147458198977,-2.71187595765827,-8.06079561783774,-6.18759259736825
