"binAges","ens1","ens2","ens3","ens4","ens5","ens6","ens7","ens8","ens9","ens10","ens11","ens12","ens13","ens14","ens15","ens16","ens17","ens18","ens19","ens20","ens21","ens22","ens23","ens24","ens25","ens26","ens27","ens28","ens29","ens30","ens31","ens32","ens33","ens34","ens35","ens36","ens37","ens38","ens39","ens40","ens41","ens42","ens43","ens44","ens45","ens46","ens47","ens48","ens49","ens50","ens51","ens52","ens53","ens54","ens55","ens56","ens57","ens58","ens59","ens60","ens61","ens62","ens63","ens64","ens65","ens66","ens67","ens68","ens69","ens70","ens71","ens72","ens73","ens74","ens75","ens76","ens77","ens78","ens79","ens80","ens81","ens82","ens83","ens84","ens85","ens86","ens87","ens88","ens89","ens90","ens91","ens92","ens93","ens94","ens95","ens96","ens97","ens98","ens99","ens100"
0,0.497921134574442,0.352019933541155,0.393105777021448,0.379319300821918,-0.650247626357762,-0.177323184643626,0.685361576492027,0.0974973799120948,-0.135110232610966,-0.1189462771224,0.0629355015610579,-0.0401245963730428,0.0234760133465103,1.29770427354865,0.155656938630392,-0.531458281764737,-0.154404366801195,-0.291063265212487,-0.0178992767670911,0.052421096601217,-0.243084660910864,-0.241050682595572,-0.0524689992201798,0.217222981639891,0.530366602484494,0.486414663959833,-0.420604992294322,0.422109750657756,0.915734872753975,0.0740525854081387,0.32973963561808,0.430785407409943,0.226830685483155,0.028446484611081,0.773891492008126,0.155528237855757,0.267145206561878,0.54253039934916,-0.29213742459227,0.318271218023612,0.10617310345897,0.336414208817387,0.154692342655597,0.4646708412179,-0.0149459891483092,0.0157048888503668,0.672739085433872,0.364581747860481,0.287257474034516,0.507320146229177,0.453610701310193,0.344988363927503,-0.0182241134038638,-0.405756246229096,0.107971874939139,-0.191837084522513,0.420776935349134,-0.00732546884035201,0.509436056143858,0.552028206563464,0.487631753747898,0.697705155392734,0.533394871495667,0.23018806546658,1.04242726343543,0.575374502454825,-0.0882676700951208,0.638863349224521,-0.0448551033408455,-0.46323204399132,0.407362444649501,0.461371449794105,0.729099004221089,0.543839795956396,-0.138259112444568,-0.403436137785983,-0.489333838656119,0.564557261378688,0.481274979181418,0.109756267213412,-0.0441321215105862,0.571287488214403,-0.46335118026542,0.572136387508224,0.137511186882387,0.222850318300197,0.417851461057441,0.421082857149482,0.356538135730343,0.466922029879768,-0.266842534562956,0.348395991289379,-0.0927482987293163,0.380218584799894,0.159173442384157,-0.120227244960368,0.209526663158752,-0.244098195900549,1.10188003700111,-0.188380684856989
100,0.462508710752773,-0.149626163690047,0.383821255031483,0.12011416195468,-0.404741670535146,-0.276452941668899,0.300091287996733,-0.162467698879032,-0.430196823157058,-0.333724373974115,-0.182066632705144,0.220083508882541,-0.0695650829754926,0.861297058806416,0.0653746544938836,-0.322356043731427,-0.133286949879655,-0.0428434270432763,-0.161217266445751,0.520631213569312,-0.0525143485269345,-0.466528220678213,-0.361276021386252,0.257753040801755,-0.137285448608284,0.313517566618562,-0.527631936197232,0.437476842994043,-0.107184922724055,-0.0275631868920676,0.51959898282926,0.210381430293011,-0.133147218969182,0.0588343315631883,0.10058855756649,0.476508922477609,0.319726415946059,-0.22712267309272,-0.34769922821053,-0.125476862899364,0.192079959614099,0.207182603120879,-0.0897729779177152,0.601912808503664,-0.28372801082852,-0.106981749147067,0.0992078692973778,0.0948912363643046,-0.190945404345355,0.0184298868281332,0.409399909252428,-0.367804841962127,-0.0908478655391196,-0.454270879709069,-0.0436183149094872,0.270504715197239,0.326923648681191,0.0209310623348146,-0.132632939655528,0.225244061362995,0.0344654438677795,0.108746760286389,-0.0698227408328168,0.146499363443493,0.469900687104342,0.530399459711991,0.117735891031649,-0.0541913113159592,0.101775067156366,-0.342687227969685,0.173871880171852,0.236750565775958,0.169978309081525,0.865527804267954,-0.347427107117207,0.286319937535115,-0.758773053207026,-0.0816137451284487,0.421333907930336,0.235838763352452,0.05787531065322,0.394989483378809,-0.353954126419225,0.109759103500239,-0.242111096066598,-0.139723341133993,0.29598720683375,-0.0730054054340863,-0.51639741877164,0.164920385792813,0.352129926129538,-0.0427875584239936,-0.44753461531475,-0.390528941982783,-0.0184298868281332,0.210927126217958,-0.154040603000187,-0.104866655406335,0.533343013777746,-0.570280158531244
200,0.688903245180784,0.223055989449427,0.398840816112745,0.102604788765188,-0.0678208241610492,-0.184498886493352,0.385267813268112,0.248811801745935,0.0202728045882478,0.536305856614394,0.223348651470833,0.0928026566132386,0.178887599950882,0.588871026374771,0.351272395639153,0.506864549410198,-0.290487513056228,0.581428554737981,-0.00179352228281998,0.066703941599706,0.48359203547816,0.123117973834876,0.28635518795408,0.470681695511096,-0.328813878781326,0.0830549746780863,-0.400367516314855,0.141381835979925,0.396908919425211,-0.0249717666337622,0.0697357329468912,0.283577243821368,0.657737733194733,0.286996904376768,0.131113816679732,0.529207610497136,0.237475198445472,-0.341746188440102,-0.114641218916612,-0.22959881489214,0.302564924461329,0.21908198137445,-0.0401865136807265,0.476868542591957,-0.348460437024532,0.0121650289455993,0.00114687915514405,-0.137714222172182,0.12406466059474,0.348828107082743,0.0314761191763177,0.309856828967639,0.462021644602244,-0.233894849280056,0.00145878600925142,-0.341765793161913,0.350716668902794,0.176937080791104,0.298748467452042,0.278719704590864,0.612140432814837,0.476924846718998,0.0420108014208471,0.331800505685537,0.443043187447512,0.138663766093508,-0.407301674621974,-0.145086944350811,0.0769168411020517,-0.796446970046761,-0.026987333003875,0.277774597582405,0.229303320930715,0.296197805488412,-0.320693261597041,0.170187390381431,-0.341131693438542,0.171137190200534,0.284166900198132,0.35926563620518,-0.0577437110201235,0.49763087210943,0.181337286585112,0.114913910971614,-0.257583836934036,-0.418143110286023,0.237836798628459,-0.201632818532477,0.063161860390045,0.377748462634977,0.768681255686162,0.538359887869193,-0.594002820170582,-0.534948626229235,0.127075543953744,0.0677505461113928,0.21076383338376,0.0235731550755378,0.432380826509909,-0.271449890383351
300,0.478893029629634,0.134902664120985,0.418043661261329,0.0643905677766443,-0.107105744658758,0.0530152687739406,0.278706915799084,0.331331962233677,-0.283552071624633,0.474816348068639,0.356160212975738,0.0642354828414709,0.0236991684383784,0.668926151009883,0.0563079127343221,0.428237584829593,-0.188377209440344,0.684411379522235,0.123310538668793,0.101621741015758,-0.23301077725708,0.207010763318822,0.379057203851986,0.425503005154839,-0.181581205197983,-0.189869022600974,-0.527314736385064,0.142806311162076,0.22563042050996,-0.0823678303001323,0.328625431830914,0.461564039832135,0.374605727857995,0.375694737174084,0.0147460760972317,0.154509977890375,0.12141143914164,0.00195193976704044,0.229816062166819,0.542108505341516,0.610702875172117,0.572650899595622,0.32686155551162,0.341555790313655,-0.785161137340283,0.0740375110040214,-0.0780685429753265,-0.00668342164144087,0.0862770426624707,0.538360590279987,0.0929831415860752,0.27424104146847,0.296279919972194,-0.428390686147218,-0.871440129609827,-0.168883840218506,-0.0201673232233683,0.200017471084219,0.339455001845271,0.262221503585791,0.593832161846445,0.139452053995508,-0.180308617334063,-0.140637248931616,0.321685608839889,0.0207822405507899,-0.407762183898697,-0.414865515167126,-0.200037539119697,-0.594067912903052,0.253433935519227,-0.0573192908852063,-0.191147762926278,0.0537364146243854,-0.137451418761121,0.410357193888375,-0.403657100914745,-0.0490485367207978,-0.0632416096450882,-0.0824177092728963,-0.22444810271273,0.17539659257629,0.424334283608832,0.382814078646976,-0.488402707998888,-0.497683753115646,0.232666853349395,0.11486431387628,-0.0353104012497506,0.350224738857115,-0.286746292532785,0.466547559808171,-0.166360835350706,-0.337883042152037,-0.127724423271659,0.286482135282603,0.349134715415351,0.19166208555439,0.457964213053588,0.213958674968707
400,0.118661624809244,0.241920684672267,0.272148724175447,-0.0114637067722126,-0.0748768752431862,0.120287009464423,0.329785799871859,-0.0299647935827976,-0.263225879520171,0.462279525805583,0.441923270438674,-0.143046737256798,0.160908879595464,0.656164977467474,0.00195953181212444,0.0574365355275339,-0.0802336379546887,0.189663102673243,0.0779075377445445,-0.0216712463035189,-0.436302019428673,0.136105436291116,0.2949411637545,0.389331039202323,-0.0754195184666353,0.0655681550992906,0.0730517675199396,0.183603840876759,-0.148669141028681,0.0161902029477943,0.361202282977778,0.369878670183246,0.779516120869237,0.46806069435174,0.284254516051414,0.114813351217867,0.0744764664605286,0.180699824832668,0.295840950409441,0.0423787577594908,0.654802195581928,0.6573760927142,0.21019840853707,0.692346461127197,-0.642665197511585,0.374581737037323,0.157977693428347,0.0762526470693959,-0.177149381203208,0.659673844401512,0.205314968960035,0.467141928060979,0.146771066993459,0.235849135487294,-0.226553975403443,-0.210613108313523,-0.332150565210482,0.346143682962476,0.380411841342252,0.175479056137681,0.493941799009465,0.155025806143283,-0.144330801436096,0.16005212909172,0.560914362157636,-0.343467213364839,-0.384953386487434,0.0730409782073724,-0.413093139414656,-0.65970482227095,0.491142679831523,-0.133735929983565,-0.212719701097715,-0.0898210620608886,-0.228055850701345,0.442831327436356,0.32066999963236,-0.0154587007263817,0.144816970732951,0.375159234915174,0.212254630393819,0.257212419897351,0.370794360207558,0.464957162494089,-0.495456722892269,-0.215317499931376,-0.00984850288844674,0.356685620188728,0.289470590332812,0.284641078787961,0.250838468235295,0.513424571525694,-0.0374279537436124,-0.0678550488215226,0.287260105685154,0.672389730161003,0.551765198594942,0.263906070732524,0.431211819138498,-0.0656904439820523
500,0.33881592853424,0.37700031731745,0.360530388932838,0.0494307427131262,-0.320489028398654,0.351473068117444,0.338972409421335,0.239282119395925,0.0362487740700255,0.281398938218062,0.609322033843448,-0.284892151983018,0.192178587981569,0.288904528598707,0.695832200973139,0.356487389945976,0.0458241263244131,0.153499950334592,0.00511613047467907,0.218054446177521,-0.190102356530869,0.124892808495954,0.531085516449042,0.267500569349253,-0.32824666906812,0.230910056679926,-0.122903433314608,0.324115197252286,0.0875818958904162,0.11651588864551,0.050680363845904,0.420606966255987,0.13193326673064,0.430563340200871,0.400915012865116,0.14360960146713,-0.129848647934198,-0.348174125722058,0.0802183086439063,0.139381820731448,0.527214219216542,0.662171115663911,0.164745294755745,0.134992060744418,-0.31222614789379,0.51932993713695,-0.0987888245392657,0.146084639509043,0.0720581280638736,0.569599491793258,0.118737803012659,0.555122946374184,0.0592467429551653,0.566885954128269,0.42703765667575,-0.0161975355074168,-0.394918713562494,0.186874135848681,0.184824787580155,0.479031703264145,0.534411552795483,0.058357404956035,-0.0805137431284597,0.229937640175457,0.525320496584779,-0.41267312431127,-0.0306704045355487,0.172813738751704,-0.033570187240505,-0.179691678532092,0.413714644637487,0.253475747430738,-0.0667655538364331,-0.16777061613325,-0.226270677858916,0.43258050273415,-0.114819278000614,0.526091142537626,-0.0325391057051595,0.354328668262399,0.154446897270751,0.470600839697726,0.32316225143363,0.42060975861598,0.10738986970264,-0.14489639272887,0.120037206453194,-0.00845209458765805,0.328630909561729,0.0967393654831251,0.174307625985226,0.495024293972627,0.0517403285633415,0.0701057616989431,0.448251907557995,0.847954053919993,0.248497784633726,0.178527777154195,0.327588490505996,0.163194810204384
600,-0.210228878184405,0.27040417071888,0.187623166409559,0.101048853769084,-0.039717927359589,0.210592393767638,0.697457472419473,-0.212807310602052,0.0608825098437411,0.141501592367477,0.664988916689519,0.148922484612453,0.177622585454854,0.325276335056662,0.678049636142581,0.415576849769487,-0.0929725546365424,0.182960170488058,0.00188596112537809,0.0504734831989235,-0.431020781289063,-0.239488847476194,0.568109297751243,0.168001043312598,-0.260994176115236,0.273673564882018,-0.289003382759529,0.244547354256344,0.0256102001371349,-0.0296648659261357,-0.159847244809086,0.244787852904581,0.273073340044466,0.42482831237682,0.390404626275577,0.527402560777262,-0.0381522356057815,0.0610725278843248,0.379693389675523,0.0277299834432898,0.498976421326483,0.808986987857178,0.343151176948948,0.341134982764359,-0.112210635681517,0.4388598876896,0.378555371423015,0.125194095312828,0.486433313555843,0.669034120144853,0.156813152857288,0.454001531947945,-0.199957261326502,0.051673096347537,0.370451444096962,0.260447992919807,-0.168082464440573,0.573836532855517,0.331203284038228,0.305648564049547,0.534071519057751,0.204902814576938,0.0551809141206777,0.226512678554889,0.753866270363524,-0.330484236792859,0.36303515288065,0.122697681920347,0.220559292096877,-0.00668195196456578,0.231174597311725,0.310167556406062,0.174071552385937,0.0606619417996022,-0.277305454132029,0.460892844762819,-0.00666922436474621,0.405022056203133,0.317531884770722,0.238980963374605,-0.142162331999503,0.593517902739163,0.565094660476686,-0.087481361397809,-0.113628045589898,-0.321185676114896,0.463718897285771,0.343735129829113,0.251569736327757,0.4169573930048,0.201202109463084,0.567468449171975,-0.162913850281512,0.00670453837794283,0.00874379002150794,0.699032031445307,0.332985819402592,-0.119167146242991,0.270756611084236,0.169466183687566
700,0.00264563986464422,0.0772948161985388,0.106903503969777,0.0306403907092523,0.0140632575003405,0.472999847880222,0.622576747050769,-0.0282574975457747,0.173256909157421,0.103099661871731,0.132442462755157,0.230214890472063,0.00476184988477213,0.276501683207402,0.696619486153584,0.168830263884366,-0.0548858144859886,-0.0155146405032156,0.0226100318983903,-0.197095568554918,-0.359534417130867,-0.275359545933638,0.700331383518008,-0.17293521190219,-0.153011429791049,0.241980209529715,-0.0940538939446898,0.0401978156161129,0.00364388265136228,0.0754561739528202,0.346114822478394,0.191246648395257,0.329701443250732,-0.022937892123729,0.248208933719918,0.333648433936284,-0.294114425815696,-0.0966766035349101,0.122093147844006,-0.153776086841736,0.286572125339692,0.840702938470377,0.43903983030152,0.439211201134185,0.0156043407628683,0.420248169416792,0.42252130345704,0.108413209401871,0.194766489361572,0.721577667793372,0.0897383704287786,0.50588317540087,-0.169563362957386,0.12055782159685,0.394624291561463,-0.259590615652169,-0.170995954188651,0.218382440421253,0.585582435566177,0.0919705285028763,0.131656031165912,0.0661331753940199,0.259170975548229,0.236906320230807,0.806083461030113,0.144581711822829,0.33912880423635,-0.0754447696127349,0.271416561779889,0.014666693463917,0.0118386027369258,0.308986104981225,-0.0379686511838252,0.247773785857518,-0.130671207264053,0.179059373455071,0.0383436434985027,-0.0531521327257226,0.570164159939369,0.185404112675728,0.156100836748927,0.266044211560999,0.560964948722345,-0.0653259872645519,-0.0474135644556504,-0.166586153316091,0.261809681457557,0.0827212451078895,0.42856467662612,0.35133074150681,-0.122745287690937,0.45292174696304,-0.276198113053824,0.117300056466154,-0.0621187215960635,0.304910314226898,0.328818284268782,0.18587720819441,0.277963501386608,0.224430680553155
800,0.387318507561415,0.00706464612297214,0.212674352164778,0.642773960930174,-0.0743991958650012,0.229686992428779,0.646537796650205,0.0937857551435251,-0.0226608916584204,0.323058961602625,0.174673751857783,0.310098045525424,0.220279723404078,0.0822298828713577,0.671553724624347,0.328899717066974,0.0556632078780809,-0.232248145479004,0.0511120863184928,-0.487983449048153,-0.117480537136288,-0.136093206124795,0.613457389189112,-0.0297942359740497,-0.040394791552419,0.222647894344987,-0.293710737779211,0.453540327232561,0.204985990260321,0.266704640717726,0.729184960038776,0.490159810821048,0.536986328059543,0.028369995231782,0.0950212878100557,0.0385243071300072,-0.00557766732435011,-0.371745615484796,0.134323158034177,0.19243944405693,0.473609364395013,0.995763847781369,0.423676645361431,0.764116293917258,0.441427222007418,0.231870750718707,0.713930053394633,0.467586098659822,0.403012376862201,0.961147659967595,0.24575965872578,0.0894857445950333,0.155046207374931,0.424154519457158,0.127537454480383,-0.0570253365366348,-0.120233105119389,0.529469217656195,0.41843998713377,0.265292949848765,0.0367472574271775,0.436241895987557,0.36970364542123,0.538113353109893,0.67158183966636,-0.335544839933035,-0.0202564503745024,-0.0347567654253657,0.785475140825965,0.501500402976034,0.310369714029792,0.167847621644102,0.422359783862366,-0.246228230998821,0.0547033684768338,0.0522638798204389,0.124265281270402,0.0289354731250657,0.781528611473537,-0.0272874860520899,-0.00519755154362067,0.439320373899805,0.371313662688114,0.392127670274396,0.281022998271238,-0.027939837250768,-0.0734667520854311,0.315569770513673,0.653405810270428,0.524026571765851,0.193039578079553,0.503894678297113,-0.29462415072486,0.00915559538033245,0.223458243542161,0.24316808684537,0.450457047490841,0.06139888298199,0.243598869368506,0.162260015937222
900,0.364277899044893,0.217178605899595,0.25021393594673,0.430521632528298,0.106740329410917,0.0732132263892735,0.373021142051757,0.383090007354032,-0.261657888745276,0.245379685050194,0.253888960354053,0.234400089516127,0.112868025209559,-0.0169091450861246,0.341028204132973,0.148709562223583,0.0853165929512479,0.324895522677959,0.20928145321149,-0.690441361314522,0.24678195098943,-0.0260221142622974,0.2380724684684,0.297908411122301,-0.126256238493574,0.252253740053735,-0.600676918755009,0.400146595034493,-0.0635007239408109,0.247061839168882,0.353012914705433,0.695032307407676,0.715735001309489,0.207087268753522,-0.102863948319483,0.0549798950096495,0.233242817082848,-0.153693539742427,0.107311345710249,0.223409710689089,0.491113972392507,0.638516023395277,0.61702269177352,0.449795606857913,0.677275931321168,0.268540990638735,0.554429264717097,0.283904534442735,-0.189949378275393,0.890360736410751,0.331964294012382,-0.0252811144708374,0.199825583014127,0.458374135495287,0.134902624260667,0.0953382331453777,-0.248064969168685,0.280326862923574,0.527417804579838,0.455037445253783,0.0408819633288467,0.239011564971532,0.0879481130203472,0.672686676305017,0.890112858857372,-0.301981826823759,0.309264410761831,0.0296095088026114,0.340210928882076,0.151557209911317,-0.0585195117910999,0.0969490315702651,0.233053068586779,0.0393250615333186,0.296497788208017,0.219308923522782,0.445942705426783,0.322218617851041,0.507031960582528,0.326611732262359,0.267431795480289,0.811211121347253,0.324528329802301,0.321203444094425,0.319940607931583,0.118292830149954,0.119333898211147,0.273213801958562,0.289036670873232,0.204140209269353,0.0973730184453167,0.614088326871189,-0.291378438965457,0.0389095372729619,0.391458109314036,0.125621744143756,0.216306942447284,0.283909156333298,0.368743676088195,0.206686331547335
1000,0.0880898629260952,0.286196953103313,0.505005695243307,0.730133914921076,0.487948071668969,0.0554100466315995,0.33072562129941,0.45021420334899,0.073358346654275,0.266323372259824,0.43909259550097,0.280845327190261,0.100342943719051,0.195264425035,0.288167858444279,-0.297283166828866,0.108097067797405,0.22395048632498,0.243684879866978,0.0527881190006423,0.475331359452696,0.184613072869645,0.139426270187679,-0.0479351711838372,-0.0623157910803286,0.147840945509873,-0.367243416739083,0.309096985452177,0.0446068992681404,0.321263921603335,-0.044346662531122,0.404140310380009,0.496918032974485,0.418476777447626,0.14359244454272,0.368460370761495,0.670522990579188,0.00276219240910835,0.0230649930938894,0.0840461047743591,0.647400694862468,0.388955299645032,0.608151241605659,0.382939411769647,0.5869674474779,0.0344433774905276,0.626749295328032,0.174597021303903,0.0370124932294286,0.74906531840122,0.0316094130210904,0.431271420142832,-0.0339803716896175,0.0288939239610312,-0.0130135539827796,0.480759806165269,0.0776115549984115,-0.0371261649543657,0.427079091262007,0.534363389345391,0.144051188091007,0.605993519433091,0.0622910950046294,0.346091642974057,0.599708891016367,-0.393914180707819,-0.0949523911471226,0.0152578858731375,0.334354619876043,0.0606222420069352,-0.0484726461233056,0.338724058339053,0.330852046866949,0.154975039335448,0.301708063185751,0.59140247103051,0.670592903836904,0.616975027707406,0.371182954334789,0.469302707921612,0.242411228191765,0.562664955142598,0.0803130986386952,0.280284300550885,0.418821333510053,0.106702572028506,0.196804490831186,0.0860409292339237,0.724296474364679,-0.22483673033999,0.301734927303224,0.282407667145446,-0.163043315396119,0.117566650045952,0.0606286609309016,0.289874551811322,0.300250453703652,0.325138709693233,0.180760997951435,0.46883505407623
1100,0.318122564357198,0.250492124971949,0.454733977991035,0.829732860355146,0.732702411194768,0.327442113761521,0.482232969371154,0.225874620043772,0.275510420025489,0.572749543187115,0.448085461284522,0.287049229393756,0.0930903380140508,0.505293123623724,0.596257123620967,0.369743736334852,0.268300525125335,0.258420863398473,0.299436809272251,0.458406172433607,0.618091128355503,0.220199975127915,0.226904932656494,0.116495041280684,0.181277353591042,0.00154266057590469,-0.193386488898077,0.281309903012285,0.190464583572121,0.343430533051022,0.126188443144314,-0.12295065667487,0.540147750430501,0.430234829290937,0.352036899349299,0.626567110553771,0.774843765021938,0.144430350729232,0.283235668635541,0.0824133413728297,0.795342184802106,0.276495220608387,0.900482996481239,0.649670745940591,0.129217950995873,0.0744227142115914,0.326225873182205,0.417899530657777,0.124405946173013,0.505757030171487,0.0348740233740952,0.86410008673465,0.336511220252784,0.039153557910055,-0.0599110423040359,0.649374665798056,0.419817193128631,0.0492295420388273,0.538999899600876,0.663364748094042,0.347557390105216,0.624291515698034,0.218680400501747,0.34607060693794,1.01813014519141,0.378560179803132,0.265573771803841,0.203672247251481,0.326517607915297,0.209503862494576,-0.146576293803684,0.373174631469169,0.863485201174461,0.151099513059306,0.286640401412884,0.545938100079918,0.396160797607224,0.654024542057201,0.439131076440231,0.436248691798165,0.525397014409765,0.489995263640198,0.20234265162648,0.69849638628753,0.393363016797849,0.470632723441067,-0.177089470078825,-0.0113369867368474,0.787382309734782,0.0939897159609103,0.808538162859014,0.561541925976435,-0.296531743165866,0.382935393918956,0.141169387906938,0.495852196700186,0.161573050286119,0.456301341970075,0.200028815267062,0.582090595782086
1200,0.161565952915291,0.335261480812691,0.481899705018177,0.926575289642412,0.608437449172829,0.713554083361603,0.537699811931835,0.410411348417093,0.439174305748471,0.646658298772683,0.420225188146247,0.814865909940937,0.251005649045329,0.775123242856282,1.06218370910208,0.435932911083615,0.337100409423648,0.25801706280466,0.370683987982017,0.456242202295965,0.584381505843524,0.046500936811916,0.597607979696455,0.314649245485748,0.0869807765496097,0.290378941928037,0.04174877094448,0.510494278824398,0.632580762753908,0.442121566626615,0.640586021720184,0.0817274123681334,0.714935091712125,0.527003850393889,0.569601072950209,0.686677197215328,0.53300699526021,0.794386319738142,0.136885885947868,0.0782128385955269,0.779877202572545,0.534744232490943,0.745526984520874,0.526548099575338,0.230006569938909,0.179299119454819,0.543763537630087,0.616081746080928,0.177946816447889,0.382019585453135,0.222958081957871,0.767300841549802,0.423623170099964,0.35218717831642,0.188429832137916,0.736985530684965,0.613508080843096,0.287535546844237,1.02699328092123,0.729831715956299,0.330408325543694,0.652842251900934,0.772314732702598,0.647329662226821,0.957697153774633,0.545836478051564,0.580568579998153,-0.161235266802642,0.394074451043299,0.400118898666534,0.204520132783283,0.441436421031653,0.629224240999259,0.097748336991324,0.421262825469156,0.627055959809921,0.453394027009791,0.699682922656928,0.460092175846185,0.340976639762452,0.459718218994927,0.607217803566396,0.359197680294194,0.766224643445674,0.101988865037055,0.733417741361798,-0.125334664151104,0.286505830073407,0.484682570622675,0.296587651156044,0.928709753738255,0.602323934743384,0.202788975014625,0.512104043975956,0.408241295488459,0.602282530328627,0.399278307417823,0.413442449826236,0.532683758987309,0.959176170763913
1300,0.120221475107216,0.522919648774673,0.437879573194642,0.81654367171247,0.347064098313958,0.654516887863819,0.730434224007979,0.442279615282123,0.591677366911597,0.937040574725276,0.437430840943631,0.596135717703746,0.341292967517272,0.640609694797522,0.63123186547996,0.719271338358025,-0.0513552525513995,0.238424926497844,0.0553805432090702,0.239360969743556,0.0376675050923555,0.14204291734506,0.635533740324863,0.386356184702801,0.0385998753388064,0.146549083439127,0.00297915987257541,0.664565600840295,0.588913787366394,0.554185031424987,0.702205711694588,-0.194841773466184,0.455676533348524,0.460778328238993,0.678252548429414,0.491411567819292,0.130736736018999,0.489882686676988,0.232474075940796,0.145974943931812,0.628134354005289,0.48617961886673,0.806594691842432,0.765324025313066,0.0756306483034116,0.381789546609762,0.632194973806117,0.21607275201315,0.386882935153377,0.653173865715191,0.104334052104659,0.615812704460693,0.397009369618305,1.11587929851384,0.522181460559879,0.544103449145934,0.558661091087445,0.441644152387817,0.407868788213523,0.247300405139258,0.462840509856032,0.348383061452359,1.01480234384062,0.169312047904241,0.856078429059218,0.558008735148932,0.583362000925078,-0.0840593077598546,0.573300554766387,0.452567271083438,0.261639300070474,0.47405672368176,0.575221376800881,-0.0263079741454315,0.283639095078599,0.731299250476411,0.172264966094185,0.328023365809499,0.621288775278043,0.580109851676505,0.678023453752545,0.75590606007605,0.451807386653956,0.664199518836613,0.2952440568607,0.67501190448782,-0.329471821291774,0.0690998207042867,0.396418925448817,0.333875426882,0.265586983326459,0.321928820789111,-0.275167761639427,0.336175039087236,0.354303842809799,1.03262631544182,0.301434818584685,0.251266832255377,0.681715609467445,0.8119279848013
1400,-0.0673625475767943,0.451922744181082,0.223392476757182,0.734894662725285,0.0864371805374362,0.468404592787231,0.750832266756962,0.19096696755648,0.405550362973684,0.727035220162787,0.478661076630474,0.55852536846268,0.194393841588109,0.692580077717609,0.330946105555835,0.54274145217501,0.0933438399389004,-0.133026436579832,0.146636021491587,0.215299773763271,0.119925320359142,-0.0709021224527641,0.372159919763447,0.401652601918,-0.0725546088005314,0.307028553980706,-0.418309546333716,0.486136157468574,0.654423455748166,0.506925183604149,0.121391716908573,-0.549766092129002,0.202754908982087,0.33763270137335,0.857764208802097,0.0356059220146708,0.150590500682339,0.526903341276996,0.374787483860648,0.11601357259482,0.580988490058159,0.177260706412527,0.600083781538871,0.448574013251407,0.171426933287296,0.0798186639090018,0.725213253256778,0.497101017145634,0.113892476539438,0.367484479596528,-0.229370099401227,0.5166185562908,0.277926052818154,0.681029211733569,0.329149176675041,0.26945654418611,0.397736239021481,0.305625985580303,0.382827791873458,0.122528352542276,0.349799100452651,0.432981978781552,0.693975256509084,0.159060922552341,0.817991288177135,0.723626260017268,0.291599503572644,0.109135972255271,0.55555756202876,0.0807948999854921,0.133344049831112,0.128807555229825,0.454309595691557,0.0662374104633991,0.33841712015627,0.512476385084649,0.0550345012632227,0.170646330978534,0.586722242016155,0.262057991785891,0.451633376701257,0.33576060557606,0.533520768098254,0.304101377304932,0.322096967394321,0.291470697331046,-0.163888378312723,-0.0145212462471168,-0.00518521870697103,0.301816572669132,0.352423033112372,0.03373978055066,-0.47265788261568,0.19060529122762,0.291578631826842,0.827415899383107,0.328942782052778,-0.0613767079970273,0.259907823386775,0.43029062950813
1500,0.416741609302867,0.0404694154165839,0.108261511719072,0.722043777715479,0.18367623124018,0.453727508325672,0.730353381712825,0.0949379751130439,0.108661821895497,0.852129461903296,0.12113410461381,0.317303993247037,-0.220546738804929,0.78377899872671,0.0642228935372946,0.135196612041126,0.0607466756155052,-0.0262220668382778,0.156929506037256,-0.144369712433468,0.232062906675577,-0.26911317638194,0.0313453985548265,0.604850227597082,-0.414059615021937,0.296373035508454,-0.643176309331355,0.378210169054003,0.393591731725412,0.398573543299179,-0.0108834019934969,-0.110557505780366,0.138926462511457,0.354348733579431,0.459696883998281,0.131826227942764,0.417964291372447,0.44220884990268,0.405937880063663,-0.105810225464375,0.467535893763177,0.0323283906564782,0.537028321569238,0.331955894852019,-0.0133726023536617,0.00461822078651042,0.560492512352871,0.399398613373802,0.27423317956108,0.114973764191257,-0.12991818169143,0.698902797331937,0.177345313555856,-0.073494544158366,0.270979681181919,0.239495711290232,0.543458162255097,0.0378083962647872,0.772159390814563,0.217987850677014,0.30356077115749,0.347262509241109,0.696935205652537,0.0557321696301454,0.385194361684875,0.647214760754886,0.156835813658697,-0.112265828354977,0.423851583916104,0.0903074778763459,0.137149458332124,-0.249929138615029,0.421641105419829,0.286551896252564,0.0819405862171222,0.396106768802733,-0.0568920590173183,0.053193602271963,0.721879772922978,0.113358192950414,0.393548228644194,0.236830355650486,0.693893447889415,0.284579291361113,-0.174851498977609,0.363532680382036,-0.295123887973238,0.226115458699133,0.206250617003939,-0.0814306876315538,0.43675809891801,0.387872116391451,-0.50411658074278,0.29466277524204,0.337965888160581,0.769551400623843,0.221471821177012,-0.159670163778483,0.442545664831785,0.118692324072212
1600,0.373946765354499,0.619290064052039,0.168791373362354,0.743060154175982,-0.0701372252223611,0.278338589487195,0.466259156203741,0.24911559708372,0.0357394238227215,0.845335471865259,-0.0171196983998473,0.360655232155118,-0.132725013227528,0.711917919922427,0.221815439480846,0.277638955894418,-0.173170979105632,-0.449506184126118,-0.129154096010691,0.0175373195456932,0.139880900728788,-0.32652631719764,0.203321970284513,0.438531617096844,-0.33020865650922,0.0166903590926579,-0.497832270102566,0.304270475542229,0.269049633880947,0.3427898133047,0.39979850747112,0.170660000472654,0.458642614709785,0.539128060191829,0.561763263189422,0.283563705993229,0.184749401425087,0.274194328985466,0.281506250499341,0.343616265320046,0.117251419297776,0.274715003647196,0.627306589076486,0.366884927883878,-0.0644101882285867,-0.077920359151985,0.397209547663303,0.28149758061497,0.0847175509354198,0.403283787862183,-0.141343121785394,0.497933545926859,0.28207922836283,0.119182868558374,0.187083997899853,0.464681141195367,0.54192530722594,0.174360366151813,0.484003998090506,0.232551415121951,0.201647209991567,0.736342794254026,0.427608337314767,0.0210552071217302,0.446944246148814,0.626436720307195,0.111123927046335,0.115025494358662,0.156786931779011,-0.0928835955854285,0.255722269848746,-0.334622087169386,0.235074072441793,0.248567955112319,0.171585874369954,0.704891134711597,-0.114685482451064,-0.152783060895417,0.381890184169158,0.452269463248671,0.07765277380376,0.672181385424601,0.298449691959607,0.629303681056953,-0.00563873934907444,0.413762180099451,-0.019234539821786,0.372779014333761,0.359347342554911,-0.348608145835843,0.49096695044755,0.434783572780263,-0.175479492152114,0.198112830031871,0.361995651840883,0.440047126001415,0.069499885794716,-0.102627654765036,0.802396441823628,0.374868043443974
1700,0.382930998904767,0.492677518324011,0.57944576442036,1.01138799309051,0.0903416082522168,0.582396493982604,0.297673287075775,0.394721315875928,0.602621857680482,0.930563114654067,0.282801279538163,0.437347531370934,0.0375746379259561,0.940381363771916,0.118373278403397,0.186536043755044,0.238639646962077,-0.110031168773995,0.257145736292046,0.615952712532394,0.112222168960538,-0.193747528744674,0.65790539043396,0.430410893469694,-0.216830341977993,0.0750295105249066,0.00864131575136706,0.257730437409695,0.447297211576435,0.397441452872139,0.607546455112596,0.283920727809021,0.456787694857026,0.650706480004074,0.586517386906701,0.284789980663284,0.196476081552591,0.491632541721265,0.423609047082417,0.498318614660753,0.255080456366749,0.962093476125145,0.50633326405116,0.601085036395576,0.208182461224908,-0.130553765485349,0.52987306836817,0.332406276802819,0.063731714880039,0.650719546705822,0.0663214852169536,0.914925846547277,0.375120110568146,0.507484361159905,0.62671851773265,0.731221576634855,0.542853669283289,0.456954915706758,0.302694453524945,0.544269329496202,0.454487918209669,0.536364404364136,0.578830020766881,0.351731306314633,0.848600437873216,0.860349665676913,0.216551209556202,0.325158493502095,0.21269896947813,0.0389371850932144,0.424978950909277,-0.0496629085823532,0.399066498562152,0.227584116265829,0.29539824607077,0.618594910456778,0.194243030478947,-0.186122981720882,0.55862004227408,0.305957312744649,0.270735843736533,0.647271525177154,0.310916792051417,0.785769087156827,0.180940475227891,0.418965147074962,0.689765290880586,0.431266623264206,0.538475717617825,0.19823005536676,0.826085972911426,0.871513476466261,-0.0205363177027617,0.317891129815778,0.314785296801483,0.664912782961198,0.300022159399823,-0.0120127551740695,0.933361718873395,0.347986900480447
1800,0.407858513136345,0.483917490888824,0.546228026674058,1.38716253036542,0.402657283090664,0.696137130289995,0.453677541751825,0.4902300595341,0.796092438351666,0.771581445587915,0.471107519037345,0.215910065762371,0.236283595293553,0.879697987221237,0.319377585991665,0.528413250005599,0.17424466522477,-0.294561664659388,0.252890354082001,0.382328415442834,0.209179245712575,0.0519547416861023,0.667006410066983,0.186286987675468,0.0505777585474443,0.197058133916173,-0.0672329034803526,0.683846782602588,0.459541577896027,0.417647596672422,0.559073241856845,0.047173844841234,0.36715167868931,0.517710639598448,0.722182019582014,0.289483272815296,0.406451375773214,0.903602917767399,0.558625622325628,0.434583562992077,0.504858405561499,1.02131205827945,0.314688424354963,0.597176131774964,0.00589383061362114,0.11841074552696,0.679104092065447,0.468921708042421,-0.0732408039935873,0.913403964085858,0.223123496714553,0.937924305167492,0.594897441960071,0.679166616284075,0.919878243297359,0.407800727392897,0.087184194015009,0.414746767442294,0.207212291477365,0.509910009204408,0.377257181950324,0.6202787333311,0.596581197373529,0.254205170590366,1.13705127391323,0.454269788717272,0.183984013997546,0.309602486501236,0.103810852946254,0.0840955258754865,0.342913186642598,0.0409781137853658,0.662763445432569,0.28384762830777,0.359751537753079,0.73610225067893,0.505899525499241,0.26507700322748,0.594742961819251,0.251678683230911,0.589594599026884,0.643562305209893,0.249445326968297,0.646337200711554,0.542100369299567,0.493069520428862,0.222599887571888,0.66602548450339,0.200573451467748,0.227479604532959,0.273789134495819,0.564644240549296,0.519958733172565,0.391040586614173,0.506525996917363,1.0631133562308,0.429015963060332,0.213443783367695,0.912846877435936,0.448555143409071
1900,0.476976373136629,0.354730003115925,0.481604656170064,0.880518616554798,0.334711854382324,0.392242649341224,0.392994727955293,0.371317400838775,0.672512214310637,0.772774556271453,0.599396079555642,0.202369094043621,0.105751742790019,0.682970728615809,0.0992947770696088,0.659448376301191,0.209659143947529,-0.130698123810147,0.37042682216418,0.282282593237285,0.109906455114504,0.0269718170220358,0.793700146548073,0.227772134316474,0.0291615790118573,0.198035407679747,-0.0246853672556515,0.265368353709624,0.359259939510771,0.395120167564507,0.484894381105546,-0.0348533043001268,0.124076867162746,0.550368053334783,0.52934674070589,0.212436215315547,0.34535820206127,0.82485030421516,0.589953759149765,0.262196397936371,0.530344059398744,0.553782426741387,0.16291773545082,0.314491811437647,-0.17820485997954,0.248304568717853,0.565132684336503,0.43274201880249,0.293941438588087,0.938534329635465,0.396276990540034,1.07986797027759,0.646833442826546,0.922559340292156,0.591258103578182,0.428920725798311,0.179299305266985,0.432327369741124,0.255233054581012,0.383663516443668,0.374397037851326,0.341383858294707,0.339129752960036,0.141635064526915,0.958490212574563,0.607324890612057,0.117960306870207,0.175553601182321,0.160019764963698,0.108684952560522,0.639897217663743,-0.0982654182151347,0.586161750526782,0.266011067805783,0.308522074163529,0.828154651696224,0.587157459609105,0.340462182426217,0.922386741582352,0.100721048249822,0.737373096857523,0.749376822715919,0.0362774910983452,0.622587024187451,0.444993571824261,0.517464105789386,0.274697149057914,0.626827550204864,0.221266068159658,-0.141267017580587,0.149313644774046,0.391119642299718,0.818977955525046,0.153733858849743,0.431793726888926,0.422047739679368,0.469487396955276,0.331692808799245,0.536323658043749,0.509544407544525
2000,0.297128214408506,0.447696646108268,0.5053007263246,0.564646996242709,0.28336353809995,0.45450186668319,0.40495983060405,0.124511972081674,0.507527741311258,0.829984042633744,0.451822273317544,0.250284468718374,0.193474919831656,0.470001024264047,0.157816823100416,0.28494469053482,0.309697452124519,0.00395462779710837,0.365408540393873,0.452172654916412,-0.273991151818268,0.131594843028537,0.418076632808434,0.430235485757226,0.309900524207363,0.322251479589539,0.390598585660775,0.348783087966779,0.288063166940736,0.699150991596393,0.41330203244731,-0.346246031236347,0.0804452996431184,0.687122199500374,0.29718087657688,0.419783948297803,0.299772818848527,0.820097066716832,0.552963735852392,0.502238327405937,0.466678417780855,0.1251040198487,0.377010733701066,0.550151310774755,-0.0553724300102493,0.151037777458438,0.688471276036232,0.260266090381882,0.329519106794794,0.741237623971468,0.590103383575839,0.755705863281611,0.749904134581809,0.282061668484576,0.317398622269857,0.317336206353341,0.229693418841513,0.293075861248581,0.424615613196791,0.261298067968038,0.264120306679883,0.307692805630262,0.213586038147875,0.161943766015024,0.789971485984304,0.798444856499809,0.381194842712012,0.1752260800232,0.160787924367736,0.133599729278206,0.666682732883831,-0.0968006408068867,0.405200109863591,0.214855546590845,0.480878005528626,0.626502592052343,0.819299611492192,0.309378599489908,0.886326373636634,0.494140233247118,0.779086152073138,0.678180659591112,0.126169870633319,0.531105402798338,0.453340129526636,0.201196601323648,0.0504882051363154,0.796820659875147,0.141424621057831,-0.156268665026948,0.0168396476877213,-0.00896203993404876,0.512601718392761,0.140179444702256,0.507398742663746,0.752168690759209,0.230952190085199,0.188685441295397,0.119151427886724,0.221126183670061
2100,0.332801787620945,0.512849400241872,0.303275520605377,0.397503612566439,0.299628266914339,0.307340348101407,0.191086883609168,0.130900889403224,0.304900947485815,0.821668338601313,0.371050005518727,0.333779885793225,0.200625891588158,0.251219019130988,0.0785659954108208,0.63071522254637,0.121700477605939,-0.0310525281536511,0.486422652850209,0.380848624703961,0.22057383454568,-0.0153310326966755,0.461684063974601,0.267045372854139,0.526991767870419,0.54067431361866,0.17057910887984,0.613171501142986,0.324593386705874,0.542593949791968,0.267035022727676,-0.256115711165527,0.174861384184072,0.661105167561376,0.421658576427295,0.494829466591355,0.665129112997863,0.731127984480586,0.439153940685802,0.540267847233157,0.285368629770683,0.249982295872315,0.507716505870254,0.314747291297322,-0.247440682576007,0.361012206839984,0.586066615992562,0.148235758891035,0.450178897403081,0.848046710482078,0.597417216599019,0.667294538377845,1.00752198115465,0.569760206699068,0.446715063264947,0.143947019205915,0.00563662135503512,0.148934042267648,0.260768427818641,0.503939470189611,0.505553957159507,0.501089105907745,-0.0757395404337724,0.0395517653735296,0.488313075542546,0.635819811615895,0.330772671929867,0.0939164061116267,0.0910014940205485,0.20936135754801,0.594773974634935,-0.0271165943539655,0.428286137652442,0.545137891522784,0.319488202852979,0.451481555668528,0.664885902503972,0.701450743736852,0.785440680543883,0.644218288527533,1.14901630322801,0.830720180707065,-0.103380019552502,0.884940912944064,0.0948289286468502,0.367885800393624,0.295502597617766,0.438705691514176,0.289747793916687,-0.00563152424796159,0.859225649352949,0.0914045297475794,0.679327262111807,0.296958652374538,0.184387018288452,0.302878698094156,0.361309399962813,0.376755948086938,0.190776328896182,0.3084358854966
2200,0.373405594074315,0.745367749759398,0.221118075035628,0.324862168776541,0.390215338757886,0.224778048883633,0.600886120743726,0.0156693327696038,0.386006844942346,0.676734181165563,0.712739640020232,0.757101409709138,0.323820779375159,0.593907135079875,0.20454211860079,0.721013268996984,0.199039433002964,-0.0473501033875726,0.544879962217231,0.315778099748136,0.158499296891213,-0.266954845968708,0.566317287284509,0.453746596020824,0.492261658278765,0.423912567813232,0.520414591510938,0.471920684559922,0.643197908363975,0.744949536710314,0.610901845142779,-0.0803875586354771,0.021838574068078,0.551769054586386,0.490315480065798,0.615753724739034,0.517009169781722,1.01500683110577,0.104540365072637,0.525559572027618,0.338540406387743,0.318320260273952,0.41462542685324,0.303677165389423,0.0601829335102724,0.266939392281604,0.48104381622826,0.589167021443295,0.267176824943401,0.591158835806333,0.234799824006302,0.900421365829216,0.904151500480398,0.118957439782428,0.794108894626291,0.589009405282096,0.231580633806952,0.122787222029509,0.45836162767345,0.330930509632619,0.358748862714505,0.545850358373628,0.211428180522394,0.143117968967144,0.52697426275067,0.745103100843812,0.48909134530027,0.206575893838896,0.470404319538815,-0.098253888298757,0.644005618534687,0.385536634288657,0.370596549378351,0.459870900746151,0.318452624336984,0.519262280890106,0.439580949113825,0.57257023641538,0.866868563453467,0.543021460438769,0.693654165118782,0.910343593464265,-0.0952054003877116,0.897771494570093,-0.022572698136887,0.399795224431668,0.195503209468542,0.284497162060647,0.24237616298943,-0.152869974726344,1.04121065482283,0.252355522077386,0.734391931650964,0.382250494627216,0.337635835114013,0.412419925425142,0.484391570550301,0.3163304814282,0.365202645507619,0.277754837300965
2300,0.574435680590817,0.721990968110816,0.441096005342437,0.46841895559127,0.108041903018324,0.562232445394679,0.786279003792997,-0.032620885023246,0.467479954253274,0.835972194393237,0.758513793979059,0.771723600284676,0.245417880515038,0.391888792532236,0.286824781205673,0.923399657490602,0.302065445185262,-0.0445057924484578,0.660627483567661,0.266229809133927,0.0801434665673773,-0.102893402727906,0.606367505973,0.117368820854627,0.567713380901885,0.286698822568183,0.0801281211841303,0.450415230251482,0.624697735159497,0.562300902858926,0.906936703527377,0.566526563592276,0.234981880894973,0.629941939408142,0.557918749496547,0.303656353447443,0.308149167115607,0.656440266003195,0.312925697886153,0.575342461985982,0.162760314932674,0.279726190549284,0.477234690066276,0.526539772767723,-0.061824957788686,0.318707325586174,0.651999839196893,0.431848801383809,0.42704968457242,0.564155137003952,0.280777451798525,1.2599424501442,0.709620389253284,0.347691296265989,0.24877541985583,0.375198273348037,0.419630300814146,0.515592117121767,0.177913537212921,0.441877047467209,0.365320300936401,0.661086645985005,0.380975355715013,0.0215182358724039,0.913505567952919,0.478274167842323,0.41981858634623,0.315723699649885,0.44215088142985,0.286894427021657,0.452799451654066,0.282993351498327,0.495841122781481,0.581128845425517,0.532514104994291,0.49117996313377,0.531304562864483,0.353405242225759,1.1268888965033,1.00101054604639,0.851397948313452,0.788698991764268,-0.0280138116822858,0.822337675630913,-0.298201239068587,0.343661469485571,0.427597180262538,0.264089542171056,0.338877967872766,-0.0505645428263674,0.686443787585701,0.676456327446114,0.532408364023722,0.459347687256149,0.349683189496937,0.828125732047816,0.559965649215237,0.226625294877384,0.440091168466805,0.332309914872141
2400,0.52525586594411,0.528110711078595,0.0855441100327453,0.166455837289021,0.219352080943134,0.496089745679343,0.794682063437741,0.280257004895004,0.590156033772984,1.07122972345118,0.540849956108139,0.694694316478127,0.542230917497535,0.505995775977869,0.0937210783301751,0.604822314208485,0.621430280645837,0.248275074413097,0.415184467498743,0.618995179480189,0.26709272158761,-0.26308905573552,0.647961772924573,0.225384996325842,0.315889657890778,0.250402332156394,-0.0431720481501593,0.598423391226705,0.613128139603768,0.666491799959443,0.762744309333339,0.166475307812381,0.548483854887111,0.778919460570583,0.386257298499395,0.461984003427826,0.10103052582315,0.503065807376846,0.454691388592106,0.515272549925601,0.31211530508466,0.267273230688719,0.224971307774623,0.069828509929865,0.32468083345576,0.38206194018716,0.724524833232041,0.264927063607282,0.457597134090962,0.76603389711019,-0.122505585130721,0.990491037051868,0.558968745140296,0.341126293812836,0.017991382044922,0.327806976532492,0.249072747401513,0.598844825652654,0.137742849214794,0.415678542597228,0.370724546838387,0.555892572908586,0.29531699881477,0.0198112496448453,0.925663497267942,0.425341140294523,0.362339280786149,0.341198692785645,0.393708423502833,0.334919591595165,0.555081938759387,0.398028493186801,0.588438726207831,0.414288649314737,0.57042269375829,0.348961242388852,0.283784968125389,0.316486800611751,0.889389504188825,0.729043108899226,0.623504878355651,0.980319168015214,0.0723288755046669,0.682136594715972,-0.480305524766163,0.611695368661851,0.36131032965565,0.41431728285291,0.236074232882839,-0.124975823189562,0.694385231579773,0.854516234336097,0.622211090581953,0.492723909085257,0.353670802529704,0.921339581035638,0.824234865977715,0.173810461632318,0.629136340280279,0.0690878020835718
2500,0.844643651031631,0.461775553689882,0.227510485773666,0.257818949826216,0.414739636995234,0.623957282959072,0.663053637720627,0.346873396911446,0.935757387032113,1.17510743892141,0.898399794422698,0.963261084778798,0.565836078338537,0.897433385207571,0.18149897158747,0.613965214939537,0.931524692339554,0.185809720057757,0.44834253996507,0.422704336451493,0.148051883450335,-0.0660126924802015,0.778595750856434,0.407579012972118,0.63371295344111,0.228296688859436,0.30964875631753,0.476857673717501,0.523923652956785,0.58248289606801,0.960307354215283,0.286287531257687,0.771645856527502,0.801570933787555,0.439242942522365,0.502455421072262,0.540806711849364,0.759075085285335,0.555790418307053,0.488019693066858,0.328016509559154,0.565022123252332,0.0367374883605562,0.0469802453132728,0.389926031047688,0.433849068165982,0.646548441608532,0.526841988341917,0.584913385815663,0.571412909691511,0.0533045420754485,1.01974953630876,0.594724430132926,0.74108338910656,0.215034601599378,0.658027993087272,0.292477558388956,0.808086661443955,0.467254585639694,0.324634713340015,0.391645167298881,0.822482819530362,0.444691032245301,0.113682118196576,1.09010632530946,0.813276223542364,0.395148766484852,0.593252280312405,0.50248556950931,0.440615198334109,0.630699125823607,0.350380835872992,0.729276264433446,0.224109795138026,0.540600737108536,0.593604616327344,0.5706751686556,0.527922771531833,0.951775403966894,1.07885421454777,1.1611294258213,1.17566300031429,0.339572664431067,0.638508458727506,-0.0299987069401341,0.7789717207615,0.0529826351617498,0.782311478285587,0.10970952447674,-0.0631484065860803,0.638114888164456,0.421786756981623,0.478876010982156,0.917832346255231,0.65255795807741,1.02943833327546,0.944914388407987,0.136886384372288,0.606676068815842,0.174761726943129
2600,0.262263899553094,0.390191919148281,0.483145706600179,0.409013351577024,0.34712117346453,0.914581681256586,0.744424750213102,0.237681156236122,0.699081395918447,1.23390711472842,0.708842738857971,0.799566972718319,0.554010015380896,0.733733186270794,0.274946188691494,0.166991700469571,0.735237805256781,-0.143397158085861,0.51421232661942,0.412113230913225,0.4957176245285,0.356906276506116,0.61387591141911,0.346569424861881,0.699600798684748,0.57755186505929,1.22134100551636,0.530234808131145,0.73211237072491,0.216420628566945,0.876674165275796,0.418271441137342,0.857710767717702,0.961042252733579,0.34543046448684,0.427162344192347,0.694034199843478,1.1913489204528,0.443689793160257,0.597430776393785,0.310334168149665,0.767625539994356,0.181501544244896,0.357683176759364,0.299263728311629,0.398393969626827,0.624095475071208,0.579006746439769,0.693539340792347,0.506942559748351,0.136743186999293,0.760386289369975,0.795410559070505,0.737463582536541,-0.104101359270969,0.412966905075605,0.463935769737582,0.498421387459909,0.445742905836386,0.311498970424472,0.561112333962665,0.692022683143011,0.619067281463827,0.49302823636006,0.88790067160198,0.79476124579271,0.582523126212908,0.3550935204237,0.664326288408874,0.30376264530238,0.608299423065351,0.346865544272108,0.683914701047102,0.0270803237760009,0.450207357850735,0.83246112674937,1.01914516930016,0.511603582987253,0.840545543667252,0.54755427920659,1.01817330045054,0.965891592713322,0.052385513368744,0.707760159256417,0.0794477942218706,0.618520582482334,-0.388142487854931,0.34910605387968,0.359559533581804,0.303987481499215,0.704481944484403,0.572595075657337,0.514079209660606,0.910734970075487,0.390881842095669,1.21407145437861,0.749270898631273,-0.0718645663519266,0.728226494449936,0.237369752808245
2700,-0.0457170111104367,0.393017243455157,0.192760181603448,0.751161065509516,0.738746384085481,0.854654719202513,0.757840528065243,0.162847688290991,0.469277236926877,1.29545518337239,0.504869388591741,0.820864423553538,0.519140477075165,0.807879223954233,0.89523241685195,0.565812337353081,0.677276995561514,-0.0735483904837887,0.399574114255154,0.869853754283061,0.608629809110307,0.647771364721121,0.609541251459977,0.245575510467162,0.646696281866227,0.649237370558971,1.40606955598344,0.680604536252766,0.959964761528912,0.1111460838395,1.1561146139046,0.882046021854186,0.8368342689095,0.860105927318735,0.238917147968746,0.594195340760046,0.699683742466054,0.859126843880089,0.529235243479082,0.616257080149992,0.346071234772463,0.978632439134933,0.556507836765028,0.233368968539799,0.53182162946131,0.554017447133559,0.69030299966408,0.591985019766131,0.566496146825762,1.08589384376477,0.388598133790136,0.989445035130169,0.654269725674942,0.935651885761146,0.0704325627766636,0.397200084324366,0.505991069329943,0.765864691475858,0.609527411138407,0.377206204561184,0.636174131357039,0.738976906758389,0.63592332393498,0.861179039003133,0.795318878813074,0.90316728664762,0.535187399134078,0.551681209019708,0.764021220454017,0.673048438332943,0.430363456974084,0.462018031636532,0.549234647631308,0.504379890647725,0.409750379801538,0.771613815867704,1.11806879488191,0.431038683917667,0.873888082290481,0.656685697361093,0.692521849710073,1.03063034913609,0.435097727462295,0.606994213521291,0.130466927988327,0.631817054930602,-0.116239413869665,0.574962468040186,0.571751523436505,0.626700480963914,1.09647029134717,0.811648184102122,0.664618172891724,0.797015041580051,0.615835834223085,1.70266868775941,0.78593113880109,-0.0255440338421237,0.781906125026656,0.462804651777151
2800,0.127914222991622,0.420031226028556,0.134262739505145,0.7157282470671,0.428463763633758,0.759620645596807,1.08040444806545,0.527119249679428,0.244169743277365,1.22546301971482,0.730132979754749,0.858083683969245,0.809219598881428,0.659862720246052,0.692832381089881,0.556152463389135,0.820580283420133,-0.041191095372391,0.404935596804677,0.986371851070329,0.434305578613184,0.600995154805609,0.268966921520245,0.564507577340067,0.597713840262648,0.651883912282679,1.42460307005203,0.93270274666465,1.08515680813368,0.24163895349764,0.692174451462319,0.749378255505755,0.948257855846384,0.942484731445072,0.21985608976266,0.67049430403439,0.572758880590328,0.919613646880793,0.51522961589693,1.02799681081695,0.354331963258974,0.712633262207883,0.839509342733606,0.576057461692597,0.643398657507739,0.551033663696713,0.684732530278784,0.582206439990762,0.563955689997471,1.14471335635639,0.386792409548187,0.601826668411005,0.481745477383278,0.570845847187544,0.2574558477911,0.296173158408739,0.453074284526271,0.828354244821234,0.593417562329672,0.527969916977645,0.622356039056731,0.610493838370538,0.459251158429001,0.759131713623004,0.712260636750204,0.766276725683854,0.42603537191335,0.340098407836409,0.9647928326393,0.603780799893269,0.528826497052529,0.0958724980753733,0.644548338521956,0.748834003854808,0.479441770306978,0.573782701066751,1.18565194302916,0.556695913547232,0.880716027896523,0.778667557178726,1.10698749942222,0.858421294820915,0.540055913950018,0.655523372474179,0.249083467639734,0.785574899532384,-0.0722411316833155,0.819792977523584,0.725691069242246,1.00106769627168,0.847730018151382,0.619015959696499,0.843740044452132,0.876694856231604,0.610534427844597,1.34052518928959,0.732947133557117,0.224046608599978,0.831919932437789,0.724939059778488
2900,0.426030184418354,0.575116977008653,0.396918812723631,0.88588883549956,0.465023942201788,0.725274242854861,0.933664026150952,0.707500086706894,0.567826254573172,1.24480258683624,0.712200377917561,0.839448847096861,0.732014466437638,0.709422470237787,0.552784033521853,0.888111532389412,0.80645233642308,0.00146071506162848,0.413431569756942,1.07485080890648,0.102051817010703,0.709000405218159,0.417365627881415,0.657480178505334,0.568601440261053,0.80856513688596,1.240273822213,0.910605175748519,1.03445371664328,0.422658080835982,0.548729161450169,0.679517729367109,1.08028533418361,0.79520187549979,0.197982610091491,0.729933225780739,0.420228317542816,0.920670011894448,0.755468872280397,1.09840666225338,0.504580570947392,0.571040141821313,0.856911585159932,0.913799424400578,0.529037146609734,0.582247140236906,0.827600226447629,0.8517890482081,0.501702668868509,0.963506360434055,0.435036048203662,0.795742634314532,0.625384999136251,0.362222562890027,0.350427734815449,0.370253714357794,0.79182480343098,0.993631990832543,0.69780135116709,0.653512448398805,0.568167228876359,0.7070378093035,0.678297263705445,0.768746441332418,0.687941827240489,0.622323744433382,0.60504148636438,0.702154588011022,0.858008611015452,0.66901165923666,0.654062030082516,0.365689590178966,0.752232376082001,0.891714392348623,0.669983598019053,0.620670158675953,1.17621121121372,1.19845339134677,0.827534470805369,1.01426591262924,1.10880200861882,1.00524206726271,0.709959193443743,0.712868911035426,0.176332516426467,0.789107715289023,0.637690817698026,0.954938905902432,0.703918362392668,0.739307767825799,0.32516524813964,0.587342785611534,0.88645356284944,0.999673912903239,0.468516848791091,1.31315403790229,0.744845022532136,0.291016264409491,1.10362252400786,0.968746629320325
3000,0.481479760468473,0.291940601312446,0.392542264369707,0.832792796461366,0.717446175958945,0.659176013837817,0.744392528061288,0.68986070512371,0.554151811246729,1.17575336784895,0.638175867743174,0.723702881227158,0.929983482549351,0.441209142045219,0.181126688871036,1.21602118030708,0.728860437032788,0.238470002407775,0.463806456406023,0.54785535649786,0.444335445867879,0.339708965160166,0.563499700866525,0.709509706272293,0.466580595848698,0.667722655990639,1.1744899446135,0.831047569792278,0.713551425859387,0.423402353899441,0.286773293303741,0.713112837442078,1.19685071000016,0.662316056583507,0.356746329282173,0.731844019172758,0.602315139395335,1.03892221779347,0.87305714162616,1.40811798977631,0.693895102221576,0.466668042323549,0.900578660043355,0.578096174195578,0.74083799746704,0.621477403676386,0.626273145865391,0.901138193485713,0.560759159108202,0.995635576460438,0.823884591529407,0.42666170583506,0.405100732096467,0.32260036655575,0.751646319512677,0.656754037018014,0.696395737054363,0.774112180452945,0.653070549807706,0.60547880265378,0.719206440268384,0.851497553501437,0.598366108890243,0.894342100495404,0.617313518367653,0.770485023699714,0.776951648863683,0.314866640701174,0.588174610023598,0.385090858578395,0.607256631584436,0.297415965716686,0.697426122536727,0.821717094294523,0.786222355500319,0.41758363577585,0.78437897385461,1.09097257891275,0.912972040269963,0.937005348173567,1.14787815646631,1.0185560285223,0.707442147720331,0.892602410755829,-0.078131616756608,0.630075927860461,0.41762841200024,0.954412740493283,0.704998534433718,0.454300538477539,0.618361402452671,0.967006867695499,1.06590325924982,0.814144707731416,0.541259019267438,1.28959354562298,0.910491074869791,0.608915844750902,1.2014862609505,0.291363866459183
3100,0.440417869121619,0.197894601605136,0.45016981369115,0.679170032930012,0.699019838127781,0.679266027720524,0.994290016245021,0.65248798472991,0.880712741784522,1.05489811467907,0.640164104010558,0.670930216006835,0.90759462123185,0.503548099407029,0.221995708262972,1.32153678379707,0.853074749020771,0.453233375973155,0.613607070260147,0.740644763668299,0.621644273106726,0.629003969498859,0.371705915938258,0.578134278945892,0.532845762042631,1.02416330438329,1.38951618140829,0.900415624670652,0.688630406538525,0.293776626984104,0.512875345255618,0.255345643865444,0.989828873191563,0.987215804286011,0.414862103059265,0.440388940638898,0.111411303727151,1.14433096689653,0.772730689378704,1.48072806780235,0.667711705358764,0.338934996812365,1.09021348421556,0.839869515997545,0.929852055769387,0.70961518793957,0.807457294834763,1.07089255939307,0.52668792269509,0.597298569325136,0.618038641143406,0.590545447488201,0.178027088764908,0.463775574445376,0.730114237365675,0.60086608221246,0.653912055469445,0.866582199916932,0.725658828501822,0.759895390865692,0.848184255249799,0.712780073498628,0.733078147842487,0.78212660792806,0.667388731355309,0.818491040830803,0.754358200977915,0.294426595046602,0.865907163007463,0.617177842547404,0.443310896051708,0.432024822333746,0.649034743632477,0.792875072755588,0.794634195887986,0.442782558981904,1.0940017659758,0.842465753460365,1.02171237512591,0.992078110420781,0.912336132073735,0.814291416860403,0.833466411463936,0.889271704319511,0.530145621987483,0.856844472523041,0.232089827562374,0.819359741139748,0.718772522454351,0.447141376890347,0.965509503790554,1.09457150265966,1.1588413098814,0.737115706957172,0.597822383731593,1.50205550256418,0.530853687161652,0.557583260139295,1.06167552403273,-0.0341082553234245
3200,0.637336883106889,0.358725435181426,0.169146035012876,0.954257060857345,0.779727447020984,0.920444580815934,1.17931931037089,0.5390055526805,1.13331798724377,0.852810556535504,0.687703745142346,0.661059376144226,0.89325937398607,0.563414374891104,0.460605714214634,1.06887870211459,0.925043019169699,0.337605011991135,0.675970910916571,0.893380002030431,0.739933913792959,0.372051759885852,0.350967971507632,0.5806129403952,0.389615445588227,1.1284203323559,1.411056730925,1.03114282591041,0.664186217926604,0.447431234972844,0.361682240860725,0.313848633205254,0.832869029387503,0.811219462809004,0.571456239660032,0.405956394845144,-0.100438063637557,0.767028189223367,0.59041058190806,1.38445410481058,0.451820986276679,0.330103417863619,0.979098507386697,0.688365085689264,0.785093826842121,0.520112536301994,0.479594136465668,1.38806385467915,0.170606290368632,0.666688514002089,0.776044833417005,1.098456183056,0.156539798395654,0.86294853879489,0.512165481577297,0.663286011395156,0.528286741993084,0.898927073953748,0.588799196008303,0.487492381393548,0.865643644513354,0.735035773600082,0.731721679152056,0.734485758658942,0.82120061656193,0.764640602390434,0.925711611289653,0.693201022237094,0.974019469407603,0.691442571846059,0.345232898441178,0.479956291041187,0.460024366738923,0.870972237262969,0.827966641648025,0.483913415599293,1.19714746685757,0.810334790330467,0.891611842376907,0.994781314179535,0.96360962410808,0.768377842775757,0.727153567673691,1.11550966459973,0.337040420490667,1.19031655904074,0.607904526195647,0.605848477048102,0.706140292164573,0.758380880350429,0.819003646183059,0.958114458034499,0.779243440999578,0.923669353070199,0.748940971230443,1.23833552211047,0.636197100906769,0.91643881188353,1.0751596189529,-0.149254707995998
3300,0.626019320802334,0.0425492050600873,0.313368442407489,0.965055901758292,0.765874596543045,0.922001067887661,0.898928704941288,0.576609277325135,1.23110458569324,0.978357264352418,0.533298857707405,0.817690867305952,1.00444421282926,0.64825866139219,0.395189843761059,1.11523841856903,1.01832441842086,0.327512851547429,0.75409283390593,0.693746987162629,0.776871794642291,0.370421668902189,0.558888419013568,0.626290885595055,0.318561976175768,1.08084848377457,1.09368669751793,1.07927779300943,0.919876233033437,0.42694642943955,0.369327012474465,0.50851284954915,0.791541830162087,0.887936569061099,0.415837061954672,0.517760404850281,0.434376475039752,0.90461809734474,0.592912085024553,1.33865736783604,0.662110962805451,0.366200049083452,0.542567547454792,0.760574480102034,0.740119028739241,0.545669464284824,0.747565738009802,1.15384465743558,0.533992472729003,0.937492526269798,0.865876846329688,1.21091233717723,0.206983800915563,0.920943311213061,0.791466559540458,0.718722230487061,0.546973719117578,0.957933109344771,0.639965972044696,0.734710150149142,0.946455108967929,0.622722454747228,0.690807714819435,0.801959480474209,0.628221841645857,0.779890283061534,0.695607764405222,0.682053157362,0.874546502318018,0.546635601195723,0.517522532440113,0.39887178573019,0.81351054338714,0.91319782474553,0.742708902203981,0.249080088751209,1.19871490780743,1.11832108089223,1.10238434459137,0.637433440253161,1.12033245384923,0.824397021273142,0.714702275465144,1.0622479307312,0.736680529456385,0.99406801904224,0.663630182446402,0.532293205116586,1.11928034487149,0.730927342195572,0.639788567381993,1.19039405037866,0.740619316993929,1.03851072434432,0.800704010072639,1.34470486918179,0.716021695515734,0.530396619202867,0.914452868932168,0.143118286127016
3400,0.93945030983152,0.302198094265635,0.594032085563723,0.90267956261749,0.897267891152877,0.938576662862111,0.525524416368902,0.682613015200379,1.05969133491001,1.14620633876591,0.578365739697241,0.831312922270581,0.722492647190274,0.65401492519664,0.953546344761979,1.39494621999055,0.936237750354862,0.811690577772017,0.786524058167854,0.780645701889445,0.721809473766672,0.427998310656724,0.658904997621512,0.586012248385129,0.6291178644246,1.02006545837721,0.837173179279378,1.00761339789211,1.22678223612275,0.454662879674401,0.651747146438766,0.791939712438539,0.995647624925212,1.069807461665,0.553695250157962,0.592818902724623,0.667378954988333,0.747054740266679,0.566318401332367,0.935342169129034,0.657616772339711,0.672115870190156,0.56450319523128,1.21204269308332,0.577111532287323,0.541782288005069,0.905596233345128,1.22910474963414,0.712288015943038,1.15913698037235,1.04251911128704,1.17272249867821,0.648052780037577,1.31276324957849,0.596915642028197,0.820441755617098,0.750463169859274,0.906230227000799,0.613973284021509,0.896201020754748,0.59343534104058,0.519869461830656,0.799234990094688,0.649098755889399,0.575893890714206,0.747776102233586,0.676874097651855,0.493735733038951,1.02167744994236,0.587235811889442,0.658223779409377,0.742966504744607,0.899228146401263,1.42381647306511,0.719365648197101,0.733747528911935,1.19944501010666,1.27210092094806,1.16419120527352,1.06153807702286,1.1467042692524,0.965391326980096,1.04766105295392,1.00898734345864,0.547119499026799,1.05272521375391,0.801906901345887,0.600910385794957,0.974061270663842,0.972964857515131,1.35934937269337,1.16459431028618,0.92076290024143,1.12056760230709,0.956021788072144,1.04174677306793,0.59124307096266,0.601146105784691,1.06264133452329,0.209022726915383
3500,0.940388042925621,0.840401764871036,0.8178038524674,0.783083039506046,0.872430222047538,0.749338852366241,0.773232859797684,0.625979029282439,1.3249932205997,1.2210556035097,0.723729702338945,0.853632749504112,0.88895667914361,0.511719665781842,0.760539950086781,1.43733367898465,1.13009322302193,0.93449035698023,0.935811727491065,0.474400031304979,0.617992319578968,0.454472915584293,0.762208664555572,0.639688584268596,0.636061261400178,0.946659396910221,1.28438823435241,1.03531887891512,1.65941995954412,0.526187175282381,0.308356103408829,0.791535684943167,1.10568225576187,1.05739291921357,0.655176140649031,0.73428020641344,0.783590095494619,0.759552123863645,0.680613780075733,1.24060032877265,0.62434934729161,0.962009901211051,0.59599336959443,1.08219069242096,0.508167336215862,0.784678835622513,0.968128656794005,1.31816951267831,0.820966759114831,1.23302278822561,0.947217837546012,1.61814374790555,0.776752266688064,1.44999148444673,0.603902361473062,0.699351631863318,0.925484687652925,1.15259293148277,0.914677745439405,0.935673186929042,0.521824251911667,0.519309925398368,0.97953121563225,0.900963065240046,0.534756394502483,0.919400385205938,0.947229483877285,0.506956167212589,1.00356386052281,0.798788104093255,0.868477849850353,0.884679538397947,0.928196937364597,1.15159717728579,0.847697357898227,0.941223905777901,1.29280895355566,1.15174484781052,0.836697333518948,0.882292777743,1.0430209118848,1.14829681957073,0.683260060684015,1.48643619519614,0.70335872380107,1.22644884457298,0.870781242615332,0.846837612431449,0.816335798255977,1.08471249955021,1.48461003230039,1.31570316892675,1.17814979221142,1.07926862433185,1.01569389186458,1.06668336692285,0.904588701449647,0.829281800874915,1.10997421820965,0.496684106804259
3600,1.10261050265019,0.780223520493741,0.846055342353706,0.66064128497182,0.802348765375148,0.740552980705525,1.05383662671098,1.32326721805732,1.42253143497334,1.1591208826806,0.778872595837284,1.09231282445831,1.02511645763415,0.80948559289599,0.381209207771987,1.51056436377206,1.24374520764319,0.740972119474926,0.984948975071335,0.547235705073657,0.91407032664088,0.795848398256109,0.874836277957291,0.561954721825413,0.678403427154298,1.07419904639728,1.75790300668421,1.70728560048604,1.51291373131992,0.597930063073145,0.505041352087081,1.12866536695364,0.615962984692422,1.09445506183031,0.667196127908428,0.579911682533744,0.80469313491947,0.614604384303002,0.87095598337065,0.998372156939601,0.918549858742166,0.924342310118842,0.401802390068063,0.957311928687731,0.640224783265238,0.864896155432287,1.08593618526752,1.29518916953625,0.880022587929328,1.27711903408362,1.17727280990291,1.41014962501665,0.824260709233349,1.32775768202676,0.466584632164587,0.758508794468966,1.03017406361067,1.00217186951123,0.889389395622444,0.959184679240187,0.653093584200204,0.641424038842711,1.16267974136879,0.619381028848887,0.654044218428851,1.1719426558928,0.961264348478797,0.532209015312575,1.14387774816468,0.967575613655756,0.919922837592598,1.08095792702974,1.04302490563216,1.35163974189962,0.822123574082589,0.908576616889235,0.774885864743532,1.30804543876497,0.849242607118704,0.931629368715282,1.15929523508232,1.08835312800446,0.949593824885256,1.48304557577977,0.959638678004975,1.3163168235237,1.03312055344314,1.01468741462486,0.938473046261012,0.898473803679509,1.1888033286883,1.38451160605647,1.26085705737239,1.25496338542589,1.18048843931865,1.17683560884227,0.517921221423848,1.07982116001278,1.16068969724598,0.564359508653066
3700,1.08438891400937,0.611864761160605,0.775150425695056,0.765698501684247,0.81106852746047,0.740979936049367,1.06359911646468,0.925409995718901,1.16620561311252,1.1801147238711,0.699644849225051,1.1761965352524,1.24804822064934,0.615707672113565,0.220922995797307,1.32767214482624,1.00077828291033,0.874147554632993,1.04760978104154,0.681298275277063,0.92649348179007,1.18951617752096,1.01167499413235,0.416666402031507,0.599607512701893,1.06461882771768,1.59848038547305,1.13714173143709,1.360424777612,0.785667588763838,0.690797604228911,1.00242291168037,0.605227928094283,1.15156970410816,0.730546238030995,0.644465896506582,0.557518312678792,0.441395848179565,1.05649141581599,0.855509017036576,1.1420075214395,0.743655385435568,0.496094922551863,0.971477735714682,0.841033328854015,0.879634146553616,0.828294472538387,1.03375671841556,0.739028727088856,0.888599660366153,1.24911986962315,1.26365804171245,0.786686706091956,1.23904061594064,0.6244628195057,0.869759905278513,1.14057073233642,0.992693738556894,0.94238311673737,0.857148236895821,0.786131827160614,0.310278605905258,1.13794926562176,0.696679155911695,0.644178508000904,1.2700800723211,1.15313649376582,0.598180697509235,1.39987376735908,1.01747628504144,0.826877604871718,0.62015683834019,0.926802846985765,0.918458178639057,0.886988005054147,1.09290261681735,0.737616145232988,1.35215742952587,0.943364432842604,0.754860409161908,1.09612542843427,1.26142199412451,1.01228863677622,1.63031304948499,1.04423158334869,1.20830911520466,1.08046450899521,1.07002642326482,1.24418236515964,0.62223304536744,1.20047444275384,1.02950569544713,1.0493245195033,1.15352222053618,1.21303354257993,1.02396764475124,0.723646920010006,1.02978989353017,1.20082405787934,0.673987410205658
3800,1.12736131372695,0.47632415259583,0.720905043684214,0.639555515931062,0.744827670212582,0.770550928378726,1.06804961488338,1.12878223989192,1.01915277954497,1.18831243328351,0.898431292869595,1.09259014875707,1.41291483238116,0.448889103911328,0.416094930548754,1.01573727052222,0.755464310390714,1.16471687562237,0.9287912822729,0.852044505184616,1.23975927214681,1.17678069725604,1.00497915000211,0.594396149254804,0.473758017486995,1.08268168414744,1.42805883866922,1.10062075308832,1.24758750790956,0.789821641903196,0.87480264176482,0.960253102853364,0.766372534584562,0.878848582467331,0.621457690007783,0.810956319615489,0.541509049125337,0.614547022062012,1.04620898976686,0.818228235670081,0.949697234704269,0.879824129316425,0.506703797455709,1.04099270861511,1.00241937256022,0.838892879745847,1.0657543141794,1.06285547222544,0.823721151405447,0.832119322048281,0.973757626572332,1.32381137190927,0.56886424513976,1.37286763219837,0.831109654954076,1.19315699012572,1.25124200995032,1.10379799362662,0.831431556556179,0.946346452582567,0.703949537368457,0.569707178032395,1.0307723096166,0.663177597875879,0.916542789215822,0.995018486538627,1.02309080423329,0.450043447304637,1.53876789999275,0.879100153125894,0.843459373768405,0.877351049106932,0.774934572555642,0.451882694883769,0.809866797000968,1.11777890789305,0.62609707618133,0.849367287883405,0.719307926263516,0.757178027533251,1.41768436575602,1.04630806021751,1.01533799609882,1.52069257546605,0.555461413609236,1.35408321853343,1.08752854200283,1.11644736431898,1.13188792266181,0.600486630421832,1.08355751057555,0.93328654741344,0.881638537550847,0.983738765395067,1.16542576129451,1.13231312034135,1.27049560121239,1.22983981300265,1.17897135915234,0.765608964301764
3900,1.46385938896122,0.515787890256083,0.566978095012925,0.698533713301368,0.704267529631405,0.872169152295607,1.10684326092847,0.795248257924243,1.01578225895152,1.06226579732299,0.835101160920549,0.990612447266042,1.41472673724563,0.460073943229201,0.418112663216426,1.02126945486258,0.695783946143183,0.892878236643121,0.830925178239724,1.04862641863819,1.17371843909634,0.982230704459224,0.880116960943115,0.728445933759426,0.529466544930436,0.993322894859807,1.15325387858183,1.26656012705498,1.20563002922246,0.649031443116655,1.13244500859061,0.931138103009902,0.959842120292356,0.913485551730391,0.390378615924435,0.668750633385336,0.751024969604408,0.926246138355757,0.858590343485773,0.77261549173088,0.905815494979606,1.13048171869229,0.716713147069057,1.13666259784271,0.905861917415631,0.699179403044832,0.997831631155996,1.16266899921293,0.878857881267039,0.711856651448669,1.02458387784452,1.11092704359472,0.415968298176689,0.934219529263356,0.996168514617749,1.31247886300768,0.790148520390777,1.18703779650396,0.64655879096107,0.760256429386403,0.681956820941682,0.867100491730482,0.638213971018963,0.769887116159474,0.795294963766751,1.21604782427886,0.889156153406725,0.275441941262586,0.808637325780604,0.902539269557127,1.07917399883947,0.701739443996832,0.850181742007179,0.840265672058123,0.901586781870818,1.11064067776964,0.601159117649639,0.503731526437326,1.04716127334391,0.965276377297909,1.30503727053394,0.941898730308528,1.11734729769422,1.76561251640396,0.619758472867005,1.27331483393301,0.670852084249151,0.858734648070333,1.06288520911988,0.683704798628368,0.908791391963549,1.2348017730785,1.05596482904365,1.04943115203667,1.35143929712494,0.914999567299507,1.20097727271436,0.990233303362348,0.961275911202404,0.678072432110244
4000,1.18453576589836,0.81233737740583,0.494886493990514,0.528425592825292,0.71650724221644,1.2954558439676,1.14580264382757,0.933030407825354,1.04281888564036,1.21162360274062,0.979922920936823,0.90111019329388,1.29557237110145,0.594170331775846,0.514499799438315,1.26548788562917,0.748834301958598,0.470138347603299,0.969228004116085,0.746896821918187,1.28539059402302,0.920595643142488,0.55455383361924,0.778354752399029,0.533921211987378,1.13976115645496,1.08888244344936,1.50403725897429,0.809384917280877,0.638933370716955,0.978047197169923,1.07952181926179,0.791001815125384,0.788887980980385,0.552577841767105,0.539779722762071,0.645402485852948,0.740624220352945,0.855892054125064,0.685827969941795,0.70679686630293,1.13778652838119,0.413239276503013,1.21413585264687,0.935026977209725,0.788704687586643,0.921711782043032,1.71713267889786,0.966217196485182,0.960323046896921,1.0342138050798,1.03181668267236,0.804482560220662,1.19808523101336,1.05588046642812,1.01575608195201,1.01553323179374,1.17982274554165,0.759443652697009,0.785216779845077,0.564577877520951,0.57139135392319,0.92598503304575,0.586473869077912,0.847032186936563,0.90959072209679,0.939676681131478,0.316377137401381,0.721970530610827,0.95812752267465,0.974289679099364,0.723514193159375,0.966422997110818,0.839447983092712,0.966155492132869,1.22512450942366,0.830710425698608,0.647966145325812,0.843289754162282,1.25699619369685,1.28240299080908,0.712512030001714,0.908732034610198,1.45333513698378,0.692330637607658,1.19107403776385,0.731346661746275,1.1084223204413,0.992770593161001,0.652217048176179,0.801097004834367,1.08660035274659,0.977980773697185,1.10486705903993,0.934371607066742,0.60801940732693,1.2657033812908,0.894223658726335,0.646633978423983,0.443366602893558
4100,1.20161198907255,0.810320595391553,0.336679908301186,0.557220289827755,1.06301415948439,1.21770379483885,0.961670133861874,1.10661572483322,1.06389051297877,1.15123586760714,0.90754058706434,1.00590755746988,1.14435199937152,0.844802066582386,0.895101112217711,1.5826845143358,0.862188926664765,0.67967679128855,0.917067950129321,0.485932321044253,1.06976617307501,0.684007295461673,0.440450457722484,0.784937914478695,0.80309529928804,0.964159406252717,1.1309084571585,1.18560383302827,0.817490817952808,0.69972495112109,1.00172197110756,1.18673047788579,0.80001924376681,0.8888471274182,0.799464955198641,0.453720698318727,0.810133190011258,0.917260715081683,0.994337652364567,0.879612021852108,1.15489838252053,1.08911234459303,0.769564047357328,1.50702974325002,0.869074084835439,0.661234347000035,0.959618834684717,1.46579085875241,0.942052920034199,0.899208036672057,0.800827311478831,0.87735858455677,0.875170154990565,1.08435622519538,0.848469624842596,1.25691108384325,0.855388436992534,1.07344864234029,0.697218875519273,0.716933896320232,0.720770959972152,0.868218235586633,0.762021576881361,0.888528113181461,0.917799498331243,0.904173016783825,1.06052504710417,0.501772146047559,0.600685978390793,0.907953554086402,1.10312963166815,0.906006225754447,0.78988449857373,0.689761606266558,0.853139218324623,1.22030595325111,0.822529132382683,0.877513502034486,0.841822314245222,1.4162068609967,1.30318704829056,0.940545500586677,1.33158946307732,1.28618715890503,0.884433023841724,1.17607324597816,0.406619274971512,1.37969024123022,1.09384371214611,0.898807376890705,0.553006310059057,1.15882008579184,0.883606958118357,1.06652664603931,1.09561315653352,0.617863196729808,0.891987285541656,1.34256314398619,0.538674582440221,0.664423293318171
4200,1.37184390686796,0.745972895177599,0.561259395825826,0.713047543066173,1.02031087599853,1.08441380398839,1.16507323939427,0.980029912946665,1.09150528259662,1.28590834551804,1.02761223309018,0.965814474004765,1.2000317265141,0.836430406382652,0.916140550528322,1.97711290741546,0.888166494031819,0.7857473328322,1.03354530878244,0.474929843265116,1.20004437330886,0.924985494080722,0.436854949700204,0.879706580886499,0.75762564825851,1.07315400468896,1.06800407481167,1.6488474860705,0.969414761495934,0.871649596038399,0.805952684825556,1.10194935037195,0.880586753596893,0.93139108609986,0.946667388427309,0.71097342185689,1.05235040024955,0.927308203083823,0.912763029930472,1.11423179927704,1.05128881711188,0.912153940956144,0.78205484137196,1.37049976832573,0.916683732842764,0.639485834313467,0.934329136346599,1.55497145707426,0.999236756980519,0.894194623956159,1.04105605441988,0.735707014779047,0.741690195619457,0.911627209765134,0.540543059120949,1.53270038137989,0.98792472605891,1.23581768767095,0.891371833945729,1.09073823782721,0.864643507857765,1.1115142783424,0.735591786388802,1.17736771857435,0.828495610904989,0.798983014878701,0.901203710636152,0.728932519173277,1.10196701550218,1.03154482579181,1.16302944297585,1.1968914720444,0.868816588509354,0.844315764466987,0.856391682075089,1.07121999999211,1.0006738571869,0.972794766346247,0.845558303485825,1.15628125751794,1.51718186150261,1.0616171684217,0.973173720483967,1.2112925883205,1.15437343919185,1.35154288896456,0.626012970627207,1.39677583074588,1.19261191939683,0.973074740204016,1.02720594935912,1.17897356600823,0.779606701457632,0.761485129680301,1.18741689210662,0.70999917398335,0.958826449646963,1.00206406296149,0.433679636091669,0.547989490700429
4300,1.35943564542661,0.816129304518368,0.606031599372382,0.740814381466691,1.17070181596809,0.609951361507776,0.937905385791581,1.18011585490983,1.05746151116677,1.39498649321627,0.848376828575623,1.09582255188829,1.33165809539146,0.908498393396246,1.15227279313903,2.32012505678558,0.980563824765219,0.776259189433126,1.05090088087187,0.943991648952244,1.12987440739788,0.668835914675166,0.771150594620177,0.939818501930344,0.881003101536533,1.08396759662573,1.33294843839205,2.04208007839934,1.01505809198579,0.900850854722119,0.719790204349038,1.27065688324244,0.71227632854506,0.601368359772013,0.809556953500283,0.716845713978961,1.27587172564332,1.06979507572668,0.915536005881763,0.935128296851934,1.15430686988094,0.948138105245574,1.03938474608058,1.58601144937869,0.804922468378378,0.973423666894623,1.19860396527792,1.37776055567893,1.00533797129431,1.12383942174871,1.10918486325028,0.896218654611504,0.637688756194278,1.2721970611983,0.413126805521334,1.28106800152168,0.779932825966414,1.36216910816335,0.966589872144398,1.10651145181089,1.05234697196516,0.882098129700009,0.571108826687517,0.915265879807169,0.777117680001109,1.06203656078288,0.936844141876099,0.821284790651533,0.685206672762958,1.03450839226817,1.10518484863133,1.20124848266634,0.885667071616161,0.941933971585267,0.839415707286231,0.819435302980242,0.984071504822223,1.02363618540564,0.823809674544397,0.908494769425523,1.57042380038952,1.00892063601072,0.927487773948437,0.976183236169042,0.589212145623689,0.993067427947311,0.401839505341057,1.13167611416364,1.35557723840752,0.979905311428158,0.526591228167157,1.41527197522181,0.876523176306162,0.7903555886175,1.09027042345912,1.00830789185241,1.01299688587071,1.09041691971859,0.810760916271408,0.0855660244713521
4400,1.17711634388626,0.677144638556985,0.577618968846184,0.722310469418239,1.07017893986532,0.988513743969115,1.14837218419149,1.31752337932678,0.963487830364521,1.55116452640542,0.646209321152011,1.23164006814011,1.25025135842881,0.996530201630895,1.20619132705537,2.12878559375815,0.907079306353569,0.532265701511014,0.997831921477105,1.34815427725201,1.18300414196562,0.833776673264992,0.980472008000339,0.913921126063168,0.851796722296071,1.02161814034239,1.13643795757753,1.94549792113221,1.27930590622559,0.769129171146534,0.812346605313814,1.40954236228569,0.860225344281881,0.670670665861461,0.856326391945002,0.883664642127799,1.38209975792263,1.35806872697056,0.880388218108323,1.02316916301047,1.24078178242436,1.08245231243104,0.962513439640761,1.7308783060002,0.9739912355372,0.837488451611807,1.09610987657238,1.34131012794137,0.816901633740028,0.852465767781542,1.62445842514324,1.30080744240832,0.975519224854476,1.30094516561732,0.759828689134541,1.13629019810624,1.00187550215966,1.2824384855129,1.04037597273365,0.735336959584457,1.20350477360866,0.950720916286805,0.730235407720386,0.801045492330778,0.639605022977765,1.05339508509976,0.89974456793235,0.788930733749044,0.52216664756077,1.0449742991827,0.731266397504218,1.25036987229736,0.814199903339945,1.36494142712445,0.78257836328521,0.838551836578045,1.13189430904344,1.3962373904979,0.68689763368156,0.668472420877812,1.79853754160056,0.93399197492702,0.898018200394342,0.938510634007933,0.769512333416107,0.968082432492414,0.834516976006911,1.18533690010066,1.07944485425254,0.688172453685154,0.768978585694196,1.2846865792728,0.795484679376725,0.758358440372309,1.21904366266488,0.753991962839481,1.04435564807913,1.20436854423306,0.852708445317925,0.420175987453724
4500,1.031165255261,0.71699690370061,0.37946816998487,0.579466220074435,1.03096412616641,1.21187840120153,1.13367293637576,1.3596678262932,0.854944028782573,1.31719384606145,0.546310717881515,1.68369629808044,1.27061281058372,0.596484951241331,1.29466572031375,2.39181313436075,1.15866319797694,0.839573321242072,1.10361432097591,1.36453077419452,1.25915876113799,1.03154690615156,0.974847412719266,1.11829320198602,1.24474543057438,0.852492999930968,0.846334961783791,1.85259653635132,1.4174263112024,0.80141725412333,1.22815968494169,0.865788376254659,0.929810023513784,0.94842675895981,0.87355365206614,0.922601455048699,1.10597480930967,1.38984088472795,0.931408126817866,0.813558485510525,1.09877341950635,1.11494592385557,1.04952050382053,1.44886667999629,1.05953348772121,0.725327511160572,1.00330293242367,1.14343271276245,0.979535507546357,0.93646779335558,1.35199051035595,1.36224365883036,1.12073056794569,1.49369122227212,1.03753494870347,1.08863713071925,1.1508692634982,1.10425162328588,0.988137567179228,0.686176536193389,1.1468133619909,0.880609801115242,0.927086430926984,0.996489109353992,0.734369895133529,1.18157121174256,0.963015263955875,0.696345257542422,1.08677405316762,1.16406031634976,0.497771875816997,1.33686181732646,0.661013708951351,1.24372663494801,0.909491921204361,0.69728602469996,0.973228617874921,1.7189953620966,0.864004507319526,1.12607166828136,2.20301968515115,1.21039662617608,0.793188121695301,0.899167515389982,0.92379439347353,0.947662667669543,0.524935539380912,0.953692053102853,1.11630332876613,0.777490505785952,1.12940156408224,1.68208531920595,0.878171734983379,1.01808246257257,1.0585836981126,0.83758985422733,1.12189701411337,1.00006603146492,1.03603101576825,1.14733732307575
4600,1.3083843225716,0.785805465873928,0.492486810254625,0.939018612764809,1.27125466591759,1.2917986110089,1.42527659938593,1.24426298599539,1.07694323196799,1.45206079620704,0.696669779717464,1.35648948130487,0.974189374918956,1.14227626829523,1.73942299252589,2.26902947860907,0.803515912121143,1.17121117086247,1.28037982965563,1.22936040615194,1.73040491474004,1.10269177143973,1.05009164440495,1.10463871567817,1.59242630629588,0.806559694117634,1.13306844074026,2.07768795778563,1.45228199237557,0.828269389352493,1.00817298354421,1.28388890676263,0.956181131983452,1.20029540509861,0.892368465450449,0.649240289931847,0.899904530038433,1.19642879980296,1.24700271794273,0.97294487182499,1.1308094707232,1.40666155737086,0.572151400058354,1.31860086986376,1.29437307600182,0.840396501177503,0.614459524794553,1.28723895345544,0.944136185307926,1.05896776779224,1.05693198035551,1.08157540111241,0.974045774434029,1.54222961480002,1.29171503580774,1.42291251213025,1.31691787886294,1.31165810723126,0.803902348397839,0.78411291911105,1.16667530899196,1.16534411545265,0.990899738698137,0.747940987449892,1.01172563558273,1.11126073840873,0.958381178754164,0.761534207788671,1.40732766986331,1.07046247775309,0.500231182598128,1.49611979325278,0.407979903899029,1.06408746745542,0.960063351330331,0.477831694810055,0.722566970420184,1.38150124873024,0.757237283542468,1.13801652936796,1.8229132305406,1.10812568138092,1.02378205210402,0.832994844043681,0.892292668334368,1.00997139930258,1.08047593995876,1.33144427018743,1.21897333750228,1.02479537504765,0.93319061650602,1.88937715281343,1.05482165051191,1.06389805534161,0.985821396193236,1.00470910205345,1.09522374923426,1.01443978639267,1.19907495352867,1.06741858981583
4700,1.34244047840512,0.912168535872201,1.05060583405603,0.942825026645843,1.2979425337004,1.36388585896638,1.51194174107942,1.25913759417198,1.30303950328842,1.37938176054718,0.525846646918081,1.54994642823862,1.14039432426005,1.22753782369987,1.43507761555388,2.13743009886984,1.05771407684406,1.08184125421431,1.35588501851625,1.42397149739396,1.66442120693557,1.26257801850444,0.906193110687452,1.12956097353316,1.46019645076821,0.969646529236024,1.30690135852441,2.37642823482466,1.67887060436156,0.960748580109474,1.14641796408405,1.42730204441642,0.887935826620983,0.887478275071954,0.90789588410515,0.936885140608672,0.878006255546786,1.18752187659427,1.26643535977361,1.02183164616277,0.695198070560186,1.39098008842272,0.810449157497736,1.46039861355161,1.21345396269522,0.566893481183839,0.698600866834591,1.20384379870923,0.745593580234399,0.98547796454301,1.20679361034779,1.39180978672147,1.06619469455159,1.82667068952289,1.11120997499881,1.972307228566,1.09011771302592,1.49613343098157,1.14733447161193,0.872303144466167,1.34550777362918,1.12300028409641,1.10192401909023,0.994559737923197,0.928829002863406,1.34075354167878,0.983064999558558,0.936776568884683,1.16037024282496,1.01122068131764,0.766921405517259,1.5126591039847,0.53873530406099,1.34408475291917,0.929605866819055,0.903429034494044,1.10063708697159,1.60216420605891,0.780578624226909,1.08579888927323,1.85569786449274,1.27747478963225,1.17130828555768,0.934946943583771,1.45405661357732,1.23921630679967,0.992274551800978,1.20124854497329,1.15473653312896,1.27145692759235,1.61758749156061,1.76118019970807,1.10304656373835,0.949037437084899,0.916880731496554,1.3474350225809,1.29006287418711,0.849833852535028,0.981081670888442,1.10607079390582
4800,1.31378301357596,0.967114584211936,1.03084184411978,0.968647800988353,1.43262599809149,1.56384444709942,1.26206947834921,1.25851675708511,1.55404041056576,1.12654927996778,0.74882037910043,1.539665453845,1.15607473575553,1.22998346597246,1.25934603876821,2.00896560934598,0.976537640481939,1.1026758994306,1.34748868858943,1.00342802262843,1.43163428839783,1.381684267873,1.05936201749703,0.983147126897089,1.15138772087856,0.762729698675096,1.91095218271145,1.98384246069626,1.52158684394146,0.951915958182874,1.23744068252393,1.86407026117416,0.709411141732377,0.866982233163419,0.802673894096633,1.09523055444154,0.953635501593646,1.03063100365346,1.07125803274755,1.14807748823441,0.925240404707072,1.49208240743203,0.778824828190138,1.29286906458783,0.978269320127034,0.678080888937817,0.534266349250543,1.14081181887538,0.613429969864443,1.33342397967844,1.39816859694555,1.22898496491982,0.796531380967863,1.54429972698937,0.821933767691961,2.2605258891258,1.20946873911865,1.50327636075772,1.01871337270972,0.792898867210004,1.19219493677483,1.17028114662951,1.26465471479067,1.09867028800715,0.98903102611321,1.29075320801187,0.84455606171648,1.00817354036289,1.00174954882969,0.852104939379622,0.748767061329208,1.50337980620206,0.311381650953749,1.24363810104619,0.958952109510888,0.652340918315701,1.03437693670155,1.53845024501009,0.830308608164376,1.09971050692441,1.72205729219271,1.13152946163115,1.12003493826521,1.33016875035753,1.52374429866292,1.03347995822716,0.88290001516528,1.15087664263567,1.26332017194967,0.939382451076153,1.06455547893951,1.34212130997698,1.36936613153899,1.10762475437127,0.902714253027262,1.45125422673425,1.25704676750629,1.14035827550981,1.0007141692117,0.99516226312795
4900,1.27771742991769,0.968051793233869,0.890537931418669,1.05223815274331,1.38091155604889,1.46762500245303,1.32128644603921,1.27696964731158,1.40589068526417,1.17455408040391,0.635739604806939,1.51001703740802,1.13779034518198,1.24177918649325,1.23871115995669,2.40195078149468,1.12817757423851,0.997663529118232,1.37328679000465,0.815565189468412,1.11753909022794,1.429389740735,0.928016501760219,0.965286283969228,1.06691039498198,0.974244650514143,1.58945700550167,1.94001193867627,1.28577233949356,1.05406380314268,0.953463155052836,2.04177488362227,1.15815969528033,0.813215678592381,0.737473306870754,1.00546817818987,1.02816051685484,1.04029945535697,1.09461204493008,0.959268083513703,1.09366173190157,1.59997215575517,0.844322694954859,1.26213495713008,0.838816873895423,0.776589813670369,0.639815485534243,1.06394130250659,0.616011939563345,1.08700942611427,1.50713608573672,0.740925171127287,0.555494704331469,1.20206269323352,0.859485363712232,1.9406455524384,1.13889560914268,1.31874580331513,1.17202830542162,0.847167855431459,1.17391078368151,1.33001368613415,1.14850618533143,0.871713882847715,1.20310895321536,1.30229026040385,0.85725873753639,0.833299909564988,1.13571910521856,1.05263597506959,0.659437361663435,1.27099592871616,0.288925083146239,1.04684421114098,1.08674351826993,0.565327448540307,0.898230369056794,1.33218662792184,0.869832607877499,1.00275027536823,1.81029079549075,0.977913152857895,1.12696816432147,1.18420931117594,1.70988572766567,1.0105511895561,0.99266609011451,1.33564490600742,1.47830734366418,1.20241097115411,1.15867072230215,1.50971602815261,1.62386535973509,1.06847542443447,0.884745091185165,1.65642456090936,1.08636615586327,0.942482227435255,1.001329096518,0.953768973016086
5000,1.03463316457966,0.934761499685783,0.448437334249911,0.938957538983408,1.38920702911065,1.21944300497841,1.46442577907125,1.10620588947231,1.09076898392541,1.43150781874,0.583685107186087,1.30295427895522,1.00557548305903,1.02398224686671,1.36358541591929,2.32339904875795,1.13203233793392,0.669568435551544,1.22627433319634,0.905400258454011,0.755136122465966,1.34650619839839,0.973433993414833,0.755798313843593,0.868590889688189,1.2740972444215,1.79886056872756,1.99465051901903,1.18714760875649,0.893638320828371,0.533187566884924,1.54663480468472,1.22422217114081,1.00755566140051,0.686212032251387,1.04797759530201,1.167482430775,0.801589083536389,0.987630331747264,0.940672993113572,1.09611672857879,1.31760126637713,0.916709781202702,1.81571496205615,0.879792153083338,0.892513564521785,0.540926277155219,1.11397713897676,0.878671586439505,1.1989610264511,1.76945381108,0.72233965778125,0.827820880600552,1.50935985698904,0.690618681415618,2.02318284903135,1.52886742819106,1.03027421786203,1.19762622972757,0.792627100429084,1.24050490098548,0.907711765047858,1.12383599166248,0.949815227171351,1.29121785966103,1.30149186875184,1.1122953220124,1.02546910305482,1.1446956271917,1.23951725501472,0.755155722354532,1.29246874041635,0.568972606282772,1.30313398382372,1.19906426605088,0.892176299529578,1.19280252326216,1.61599519327382,0.904619118564767,0.818690127651943,1.71408428969707,0.898627122536754,1.36613398339027,1.26742723627986,1.23565395418538,1.25795801464732,0.804907403445578,1.25934216557307,1.16036834874997,1.34269424731185,1.77766864976519,1.56545633534646,1.47712601501395,1.31085426014901,0.849888600277014,1.52721401952133,1.12381029172822,1.18517817752028,0.989173072565849,0.775624955739947
5100,1.27033938206823,1.43631234676184,0.605717976061153,0.85950865354791,1.35528188803434,1.49306918972854,1.47669031483903,0.680376954677495,1.16901896324749,1.43355016458168,0.367025093445974,0.98998637775271,1.15826162284021,0.963055188689287,1.34294357628975,2.19825923250977,1.12061344206135,0.982727204526401,1.31505646120536,0.762025354923511,1.00487416743581,0.928551228141983,0.866460029635753,0.666012052050066,1.24519917381714,1.20757515344014,1.78244779106769,2.18954630511809,1.54658501390106,0.958892825664018,0.857748282517145,1.60909767223375,1.10896262925488,1.15735021665587,0.679139903245669,0.861204448969066,1.0791431962958,1.28303683685015,0.923173046066988,0.771382862267979,1.07054984346008,1.14624640867216,0.905329467284311,1.93280544005172,0.984603937865776,0.832957971463769,0.950074733931372,0.918621167451078,0.697013975184859,0.874855401012215,1.609372019677,0.769609052533888,0.808449187261961,1.38630845366377,0.738531553313542,1.7488981081211,1.54517743387311,1.14825562248926,1.26783078488014,0.597346149188069,1.31188470121013,0.936081497551114,0.942923958038466,1.1134867819119,1.16850523469162,1.09429225105603,1.02354321496138,1.29597850570882,1.20862316911879,1.1926257735855,0.760047732982203,1.24812385216141,0.645198952282983,1.18856122330514,0.951783147500179,0.348489380080972,1.28708063540477,1.85105864808357,0.596156986997153,0.764563382241016,1.64081490725998,0.723317062615309,1.6265388882275,0.904148923675415,1.16393410160303,1.33423534764031,0.818702392636943,1.14157001637049,1.25117151610298,1.32213819918083,1.7999581489202,1.15854167587883,1.4062976241363,1.33791771184138,1.09638947394544,1.50978723946166,1.24931751417136,0.924259607005493,1.01588521919207,0.880085524839777
5200,1.17962306595626,1.23686463116199,0.861916737363597,0.768004263656192,1.71606428737907,1.38176149523483,1.55783668293498,0.828897851193429,1.18492730573738,1.61728492995199,0.43029620604313,1.14365854509237,0.930937468585443,1.02797064397702,1.57166048308174,2.20587792348516,1.081128450669,1.27228466791722,1.39696123046145,1.2121536233809,1.40139947772647,1.03030418462417,0.743566780571421,0.776127140979956,1.62730327362922,1.19126148971095,1.49320397295085,1.98344730435833,1.52050361944636,0.89064356790894,0.467270249307875,1.77577790052784,1.09211775353866,1.20620059448584,0.987611331853929,0.846204366298795,0.827737146561686,1.39482521962082,1.1093037130909,1.05431564481857,1.27007686602518,1.40113495277056,1.07878894401448,1.74048280721547,1.31990084407627,0.910976679463803,0.95506113159849,1.02759340121786,0.684340535552144,0.804999298316291,1.62796577269136,1.14574313671946,0.986414496187774,1.29272010352763,0.884080178406048,1.47209118717428,1.83430511034019,1.35693466071314,0.872029942294241,0.652712428458696,1.28355090299651,1.0118981036683,1.07918751635664,1.10956661510041,1.42531633091508,1.18548681185401,1.12001354369687,1.30838579234185,1.12184998803544,1.1789455712892,0.534534947977438,1.17864183869956,0.989521797738359,1.20154843221942,1.10942436895268,0.608292277960436,1.13111734897081,1.65101355380718,0.738169250873794,0.810623625960234,1.84369823702212,1.05768777821568,1.63471573787216,1.18351872038319,1.0020891148667,1.29997251420826,0.99100701933928,1.26903923162974,1.06641987336508,1.25436648102944,1.16643889308877,1.16829424189409,1.34371995947595,1.28137315482305,1.06339441239906,1.72723559051529,1.04100765446788,1.06341852916325,1.06222261780762,0.84623304324038
5300,0.946982433945101,0.956686570431377,0.785017128747918,0.882928444634905,1.56789878162938,1.27408730845629,1.51513572934709,0.957538696308928,1.17879065402344,1.41173793941242,0.791640795585864,1.15870416678342,0.887593270713627,1.20772345179033,1.66228138574405,2.01407711472984,0.92101489333985,1.43744785363591,1.25077242686321,1.46502039849272,1.36045988279511,1.48963081808216,0.828292838796032,0.950566074955393,1.80734081180896,1.18678761217118,1.62591010928403,1.9836566692573,1.47604237766657,0.924478250891724,0.665121365979453,1.73223042230307,1.27383927821773,1.11988098694586,0.866000860229845,1.19057218271668,0.807302569750066,1.42588680482318,1.05619421018449,1.06166550608609,1.43619983477175,1.34715830393325,1.51088628897793,1.67760726088064,1.47295358325093,0.828435482822392,0.946386614506995,1.21028166290896,0.964964143860211,1.04315591766322,1.60800647352676,1.37399964593163,1.00737545604471,1.21061530726595,0.979778917943228,1.70665832117441,1.8570637427867,1.36934750706549,1.41230451207695,0.986111199316617,1.18888555115216,0.7909055508833,1.08298234433535,0.979982978822229,1.37034464623654,1.40587911813982,1.19961080815179,1.440787621033,1.44430093224848,1.26210916033278,0.500325579507336,1.05063935817055,0.935280028064403,1.22575433752018,1.15483487466009,0.962502423521302,1.20297036720918,1.50282734348396,1.04819514605142,1.11576114243081,1.53995082410383,1.36780535955783,1.54631690749679,1.44630930779323,0.84074882984518,1.28269621774801,1.13162728811166,1.3553860079392,1.24204104418605,1.28580584961376,1.82011736798477,1.18826625964273,1.05158414824594,1.19994834371506,1.14084710766198,1.57955007168211,0.939223433544349,1.40997087352093,1.26985084257752,0.853914944080916
5400,1.22648237957798,1.12350300872922,0.617659610914589,1.17234858845641,1.64850871558392,1.1311571258852,1.51016277111566,0.913250605359333,1.36020679840519,1.24520540697366,0.703332600768383,1.33205195777167,0.770696573403503,1.4115084465616,1.34004096621405,2.18945430591684,1.00201817451435,1.252381432982,1.43982731922197,1.31159744911402,1.64584324173194,1.67703282763301,1.03179285035976,1.13868887606024,1.56431578515934,1.10871613805302,1.3447638306034,1.8913670981545,1.56250148758136,0.751596828070531,1.16077822792339,0.975849987511985,1.35294141612576,1.1090698372887,1.10376142317074,1.31697908711763,1.14330476501083,1.43034215875664,1.00518246816511,1.11305419225537,1.49250860819623,1.27532817144802,1.32675464232873,1.89050657072846,1.46965054086729,1.14861594663666,0.779813990388207,1.11149675099117,1.40179412209907,0.974400332971124,1.41275253800531,1.23395014376961,0.908383019876505,1.49490018781547,1.46744417483719,1.4461162551302,1.65103294262586,1.51850780299454,1.32973850384159,0.765784231457446,0.97475424747068,0.6990444478884,1.1396183160183,0.958896692846177,1.31111713292173,1.57612916051079,1.26590519503066,1.17449146692946,1.33293058695124,1.35615198553152,0.43404016912253,1.2537589413436,0.922265473554863,1.41176895349611,1.37313460287859,1.05679606941598,1.27534386142082,1.65104926889387,1.04242537487735,1.13359589079458,1.76217035751446,1.3617026311249,1.57950478016343,1.43475956170519,1.54017058930516,1.25529929152022,1.23514374699642,1.31349962926975,1.4224153334424,1.45557214393546,1.56685024131251,1.18914405239139,1.0282601917277,1.31057198344385,1.16308098345445,1.32906954345121,0.798760313391642,1.63968330169595,1.16073015520577,0.675641924348398
5500,1.30678625386733,1.12866284615253,0.885448965483991,1.22737424779355,1.64079230695785,1.06103765260004,1.52319136719096,1.01705739030885,1.21134153936737,1.21636495605722,0.648971127666876,1.4891516999888,1.06562620841277,1.34915294004859,1.25563369127074,2.1288419957473,1.07236488051029,1.1045765687826,1.27947345466912,1.42667356014426,1.2664734571551,1.66194746386899,1.16280696832788,1.28675825660854,1.70113393163477,1.00898931994282,1.33735979197981,1.6310582105717,1.89860921358383,1.03209464133791,1.51427277776434,1.13483565945201,1.30930661520416,1.33071347570451,1.05814500043116,1.43785627478314,0.90621704112967,1.47762915773533,1.13763964419663,1.04782797815404,1.45992867172537,1.25670238748028,1.22083534226636,2.00576116058842,1.56440741713107,1.15303302361088,1.2239893156704,1.32912054928164,1.33866177979576,0.693993215189037,1.54338345972081,1.01431799214334,0.958874377061817,1.47859577903286,1.3309222963077,1.44916884415675,1.60132317089613,1.4343291649486,1.35894747624159,0.792146314316486,1.43597769382516,0.876960966623966,1.32305881939871,1.00674173381778,1.16822398283047,1.55396665047502,0.998843758007804,1.21787807444233,1.68647416055487,1.05709347198755,0.316067953708987,1.18967381098881,0.722307504052969,1.3168760998077,1.13971751395119,1.32254380179257,1.21455943181447,1.3785765044425,1.29773779049702,0.986216552371829,1.90542134112078,1.42594248854071,1.45286286056235,1.26489270321214,1.53596127255651,1.1807264405663,1.25034410146451,1.40346124502661,1.2647551513036,1.48198284108172,1.96806496749576,1.15832666376491,0.959454507204797,1.3133373979249,0.690391439919862,1.75240931580118,0.836684847928511,1.47358838040056,1.27485640536788,0.750893950526034
5600,1.09191574413722,1.3255268452715,0.743373460739601,1.17223078785023,1.66303962840989,1.08245675143072,1.37732725711377,1.26604401654778,1.17871002666113,1.41319060673516,0.925246423601653,1.49865431391199,1.01259783600215,1.09495095512905,1.75983877067717,1.96293570142996,1.04967385750272,0.986162356395803,1.58673751581577,1.38622734690552,1.38574297086389,1.49964352338651,0.898498310937518,1.16336412142975,1.52559143972015,0.667036305195841,1.31710400817281,1.80058851294285,1.56941911105687,1.00116020006158,1.1577920188581,1.30937759755655,0.779774052976897,1.27621478445591,0.88182074509253,1.29347010664311,0.948253019378323,1.72613298262878,1.03363297735897,1.16026354150439,1.26825305809461,0.975399234677443,1.12308885932966,1.61201782651,1.46768666695542,1.10509436479552,0.986896528720792,1.46742490226191,1.38695753941134,0.721099251142554,1.62215704575762,1.11590342760118,0.701208336585769,1.36205382313834,1.05964635227795,1.83102972629009,1.31907877911328,1.41719723331477,1.36858231554245,0.766968238272033,1.31761163403666,0.979161202141066,1.02659150851728,0.939224520073998,1.35973756288967,1.29101190562327,0.819610481260308,1.4867131815639,1.12298380063162,1.16329710173447,0.541841610827196,1.30182795156015,0.705444803753912,1.31157742809351,1.02943549394966,1.23110094609537,1.51536611592997,1.43171327409916,1.15822579961873,1.01196955047845,1.90540268475895,1.44218522799365,1.25524967480111,1.2235153988297,1.75747828625164,1.20522908383848,1.31639478680922,1.57846696882846,1.25216748561767,1.57306682676102,1.94191321415929,1.25002153838429,0.951760905533852,1.3687445132143,1.12531011764764,1.93144298931799,1.09043868727092,1.19672657478788,1.43351876397494,0.700112488279252
5700,1.12563710114121,1.28282647133322,0.964593714001413,1.33257112782136,1.59849110167261,1.00331477908211,1.36340216558518,1.24302949660996,1.21524477132623,1.40475554242368,0.989052135271095,1.5763945081225,1.36671399702064,1.12683787585975,1.88079353321788,1.96188532789091,1.42126313221048,1.17023351101031,1.56220076044215,1.23058467302217,1.57248196241462,1.32458690807286,0.56717693632531,1.12628129116844,1.50988170741156,0.875600863242703,1.47612484891993,1.82649148876189,1.56428004037918,0.907162055663346,1.25990600730358,1.40327929962511,0.575489337926833,1.29945485036702,1.07162815247388,1.12321314730189,1.12301466716026,2.05618441428838,1.42155915358737,1.08922625755072,1.48226308753807,0.909563374121632,1.10177336132751,1.53650303224869,1.7494742120048,0.873667667819219,1.21354931827622,1.48798808868534,1.41614565001147,0.894589751438382,1.63266012222994,0.962719902469519,0.790221097703712,1.2289115241875,1.11359417654212,1.8409587955952,1.29193040465218,1.44888576290268,1.4436284938666,0.943089427406742,1.40054918278669,0.964053558773551,1.28050277236891,1.07246871627856,1.43240567250368,1.63799479426111,1.08523924395887,1.36322777474769,1.57775477934702,1.14467482327932,1.12510554301729,1.53667106288199,1.17522595642491,1.35126657335433,1.31272516229012,1.63638478604818,1.65292873450178,2.03131185540669,1.32175261481452,0.716807414883682,1.67901706517661,1.20518227218395,1.57513297725069,1.15838801816091,1.71671276941087,1.24605495341133,1.3712836388289,1.54964624714442,1.19228774094549,1.21612923715389,1.79778726912871,1.45170081983665,0.862476334141377,1.42300741658442,1.40952376981751,1.81306691808557,1.28160787745393,1.18972390766647,1.05552120046172,0.878854008473708
5800,1.31388062113733,1.19470141867041,1.07183800424471,1.42989646836745,1.4363844845746,1.17273715915965,1.1500546178209,1.13685305077374,1.15628961632136,1.29587370811452,1.06058046249565,1.45330792691291,1.24986687330476,1.32529086926904,1.49002918716549,2.18511567085454,1.38949843311175,1.23624268629835,1.40003180174513,0.824433423530466,1.58151097290729,1.25398748853061,0.656129056517211,1.20473631522106,1.63383338018475,0.956024213745942,1.82036883306816,2.02626370242423,1.69096347358298,0.96938640774342,1.05997360395679,1.41192425950235,0.80980116748795,1.28916470636694,0.989666641887193,0.992270127641898,1.12609214089098,1.79960278315625,1.33284253969625,1.43300061569454,1.19386477253658,1.00732722814892,0.880084923741384,1.54914394802024,1.57403833854042,0.917777635831144,1.58773505121423,1.46866882961813,1.50187586874989,1.26912908444085,1.61176995305496,0.746799619842109,0.818122558757422,1.4757056918851,1.02609398037032,1.49439894075751,1.43437380042651,1.55355419181381,1.44677561745169,0.958569358523729,1.38909265414762,0.989505234028187,1.27217969362438,1.31365952280545,1.65372436521808,1.57330546642144,1.06489919199713,1.24267929280264,1.51577080724968,1.08649281082473,1.0483854565779,1.6818627972467,1.58109555394038,1.33233069148825,1.32412776107521,1.38940016840957,1.41139274307332,1.96954070118626,1.38664813097352,1.13392177463989,1.47913699962817,1.33234403285885,2.14458014199118,1.12240063123788,1.73086031872874,1.01897929233688,1.69284176303199,1.46562287881083,1.1773670685931,1.22943387351922,2.04009363780467,1.4102158322364,1.03756928068231,1.41736922513587,1.35587637690402,1.61562999156535,1.46860522976651,1.41569489631564,1.0276102885575,0.874851681817248
5900,1.30838001022228,0.89687622970617,1.05414159295665,1.64153728635301,1.50523139673108,1.08579662508045,0.942966544610339,1.7993639345138,0.967232259181785,0.965264951753324,1.12775234250582,1.47599269375434,0.981533037092531,1.18698297000649,1.40820811061186,2.08770987107199,1.38623920896652,1.08809621341765,1.17269598523114,0.988704677612551,1.71969974648291,1.26842194186799,0.928418847266149,1.24279115693776,1.59700352719201,0.869913590027283,1.3092140004007,1.9547291273149,1.33035251863178,0.883836139546309,0.846687514481159,1.73475829074493,0.977134153861263,1.08524801803117,1.360355945112,1.05387616638731,1.08356961196358,1.60139943431171,1.34257800781572,1.22688101242809,1.00629337125555,1.0879786214258,1.35688997542897,1.5936317586689,1.35062390339025,0.826855177397142,1.45204492013879,1.70405446021502,1.21880131441116,0.958857948736732,1.51017392920876,1.0074556067591,0.757986465838625,1.42054502956791,0.835400841959416,1.70450079118514,1.82305404696035,1.67661331807168,1.22440064912781,1.03110418131106,1.15253008354669,0.725330011663508,1.25714886015198,1.35134515538836,1.62159410835715,1.72469724614845,1.07301547789944,1.18885665989648,1.14725208266277,1.22060326152141,0.853806226031842,1.7247038257909,1.25564753833609,1.63877277600129,1.34791510638824,1.58535512260226,1.33372896931192,1.60208478089071,1.13059060790171,1.06095693647641,1.2226512442619,1.2049326023167,2.16525048755588,1.09946059307815,1.69703844094151,1.06470642644051,1.76919580941144,1.0817237563692,1.39757080196536,1.65179168333752,2.00894268245482,1.05871870557794,1.24684951322272,1.49412264024532,1.17003308161803,2.00380678210844,1.42961826160343,1.13956481904324,1.15477900304612,1.03437027680315
6000,0.816348030903987,1.40108163856626,1.2459280631985,1.39403688382041,1.35006024007551,1.44727563017813,1.12127421522844,1.75616718550629,1.13392727912576,0.887856524524089,1.12751386929282,1.37378735135306,0.840726465679868,1.14500057640794,1.32051818705384,1.83865859743308,1.22779377110266,1.12316867971164,0.992428730320971,1.50688877677331,1.89216180307786,1.38263042405612,1.19487528123894,1.36930720289272,1.66743569095476,1.10371783232564,1.36705884587721,1.96252969563452,1.80385114329551,0.74182249360824,0.794877173028828,1.5184737278157,1.32770703243089,1.11739631655484,1.6116936654151,1.51679115456265,1.19169817500161,1.6708718697812,1.01899845635565,1.20355970056568,1.4325407331948,0.943420315912516,1.30010026669715,1.89474955266548,1.23750664968588,0.787560143774082,1.56411574396224,1.36812581230272,1.24425444828258,0.771615755890876,1.68655556120871,1.52403628634132,0.498618839631373,1.50192256657857,0.949597462836631,1.51444258284219,1.68219934585693,1.6417489049066,1.39610838869246,1.12305164843396,0.902304427603373,0.525611839061683,1.10381142560602,1.54845957802739,1.49254057023706,1.6174969415944,1.12693636412653,1.01389452823656,1.15293586570721,0.79508109291316,0.893800935129713,1.5472621348876,1.27394438980968,1.81202507600749,1.24701839100589,1.49947644812462,1.54013077337253,1.46531163035791,0.892182803168079,0.931825419523263,1.41934433838,1.17837851694863,1.82322995887227,1.04763159637464,1.73342702391241,1.33634336363881,1.97258183223811,1.37486691451569,1.50590352873848,1.81729465924852,2.2062797428113,1.33913772987722,1.06740577011491,1.68048062875951,1.28243439011576,1.70092909019273,1.57875956365374,1.25496138149006,1.02370478583585,0.794445870620518
6100,0.777499166584724,1.35722013681898,1.56574651027423,1.3209899288952,1.45516386000131,1.77972194649242,1.39440169045749,1.8109398419729,1.30873385770742,1.32305618908258,1.20945517899112,1.32037509449238,1.29574102814188,1.34614149407646,1.23146785982037,1.88215880226217,1.25439255519642,1.10994026109241,1.39702230405382,1.1331024112281,1.90247621702919,0.962902086589461,1.20292534647942,1.30611836306435,1.39409800331518,1.40121917240302,1.50140482935187,1.91659139119984,1.08949931497101,0.920343831275275,1.05664038086711,1.49707443174306,1.25926590356177,1.06998845480659,1.31597156659212,1.57853360457268,1.40632922981736,1.72630104583666,1.13152877394058,1.5832966288683,1.42079703447834,1.12102910053611,0.791611642737132,1.91489998748828,1.12532253394417,0.887998982658685,1.72906517392261,0.936154260019146,1.38298026189956,0.799165323578884,1.74641640982282,1.90761571663974,0.718818068999159,1.73640692143256,1.13480542615775,1.64736550321226,1.49270064910394,1.16796509955277,1.62516810080736,0.938766907136614,1.0245882617337,0.878921157451521,1.08691623050081,1.49372986258251,1.51766331779344,1.91485776709543,1.13085437665524,1.28488533012884,1.29091948153386,1.1566027240227,1.02012086208736,1.56951641212462,1.4831502597781,1.77302037994325,1.4029178670375,1.21192098854924,1.06004790951019,1.63843669370418,1.35369442641045,1.23826633488613,1.67091369301433,0.986774680571152,1.78100315257217,1.22428065914986,1.88060833631039,0.977268821285348,1.4440927319919,1.11907871826562,1.56907752538563,1.88261833678977,2.21999098638336,0.971224612085152,0.972429889225405,1.66112005418934,0.770414250392484,1.29598569920322,1.22254334002505,1.23671232773796,0.979564110271843,1.28195507550194
6200,0.990316357898936,1.65607906871798,1.54344719234849,1.39868741850412,1.59934761865347,1.91318163526787,1.74022762263262,1.61135184209166,1.3839575854595,1.47288616970222,1.2466758318629,1.29500868386612,1.44923528803,1.51962254840372,1.38296363289374,1.73286224178762,1.15645695761919,1.49847582786829,1.37000493903675,1.3879601111467,1.66326802518632,1.28014705305389,1.43876966187678,1.61243866592904,1.60604877486252,1.24494021362755,1.41926858504539,1.82671632086618,1.11888587581023,1.02218885340863,0.940100219781143,1.71526480588737,1.29983246440512,0.917321722034395,1.10274523619541,1.16334515190937,1.45567247556059,2.132783049334,1.29035522065917,1.45953800417577,1.58442435650679,1.29922998612394,0.727593815733042,1.85127759269762,1.17674771165605,0.910415374959011,1.55680538640975,0.964983066196642,1.33627722479492,1.05428094636468,1.65089242323979,1.8726978503777,0.984160035877958,1.57057257808773,1.48247239831813,1.79936799618044,1.64494797408201,0.977298315510933,1.83391448716819,0.999533209438181,1.07915486469955,0.884269321408208,0.900337646019355,1.55207012880048,1.23145077656369,1.83817717509923,0.976931916701549,1.16180471291639,1.26131557933785,1.04807860296667,1.34401169019368,1.53115472920671,1.8474144600014,1.68223393356238,1.4173392467364,1.21533993858562,1.14573739345549,1.6122465950931,1.33470433321884,1.35181168499077,1.56805834504625,1.37978507863932,1.61865278608252,1.50333977174784,1.59900892001735,1.18611130019743,1.36917918529398,1.25454452361409,1.72022300005939,1.95977322551544,2.0877142963405,1.19652878361447,0.941272911974112,1.49847944135841,0.711586897530213,1.47500599475677,1.40296036531605,1.21406109300304,0.886285763196569,1.57325348031846
6300,1.25501841629964,1.32483607864806,1.74197879651088,1.16573195324498,1.13954183294681,1.88134683291213,1.85123453441745,1.23037109327654,1.55504640967277,1.25196627686516,1.11090331606254,1.32324087398837,1.53380916780238,1.72737260677502,1.79013934674533,1.87271644563986,1.35179389225801,1.68734766437675,1.55159103729576,1.48908921240957,1.75445534988979,1.46104450757377,1.39570588109225,1.71297512093714,1.62919997000065,1.27045714166722,1.5044955040863,1.92470532327466,1.04713877020681,1.239777218419,0.792229429670424,2.32095326967209,1.03133359794716,1.21924566115466,1.32815082501705,1.11472625233951,1.37052740625952,1.90033337515051,1.29961860674496,1.77146335685528,1.69265337954615,1.20960254870628,1.09017502838422,1.61519988456711,1.30845249573231,1.00925634107238,1.49183403933854,1.10855063918191,1.43931339344684,1.16345942257959,1.72877032357511,2.20259858930552,1.25228564880551,1.77567404195154,1.43761728136242,1.9191610542264,1.45760492457038,1.16702106065151,1.71904310478524,1.09394102459067,1.20494917203949,0.949798719266069,1.07939401656325,1.36349535523442,1.02689414148649,1.95048464106613,1.01629268921922,1.17832151959377,1.94767575659983,1.75584876912639,1.15688438738451,1.72654144398482,1.37340614619351,1.48498977186578,1.45665668332265,1.61422957983621,1.05392330214772,1.76328049083246,1.69423988669545,1.88960061441762,1.22527530241956,1.75378805107794,1.43173276181065,1.25629520215172,1.66259489420181,1.52856883745429,1.24879249397148,1.37133418110902,1.31127639599797,1.92589437822221,2.14341561641134,1.14602862686233,1.01873206050639,1.67835231786976,1.02912685254283,1.71742294164904,1.40086768986397,1.1670632853406,1.01786925838008,1.6885179977048
6400,1.16015215887211,1.5101069130802,1.55441622333371,1.31173370589778,1.33087215208862,1.48546424720258,1.70000614213321,1.50167891351065,1.21236258853216,1.4571633868911,1.16194439029595,1.37557780663774,1.3626082659695,1.44412157592936,1.97969272101921,1.53736428914616,1.29981491983014,1.55307025243347,1.30184366708102,1.73478143258528,1.4171878181959,1.2751967915925,1.36723940544889,1.67717547314584,1.45310503401787,1.41221887676946,1.31000003426296,1.73913287998201,1.20664556498409,1.08915025751916,0.51714429991826,2.31848330607564,1.10744960429981,1.27258500801844,1.38011847882436,1.31626707202607,1.5240943430482,1.62440226523478,1.43448744099887,1.67464136410859,1.37198388542917,1.25355214659427,0.856864708583151,2.08118597299631,1.47850502417731,0.992183029313885,1.12768719171985,1.00153010771831,1.28592438495154,1.19536847782375,1.56058480340327,1.77286067441835,0.933768591813462,1.51457945129922,1.41334110619137,2.20153723137258,1.15438132446968,1.22510403556991,1.67910674429514,1.11741731765665,1.22040683406463,1.11944252417434,1.03860677449713,1.55253537320352,0.938002299488526,2.09703347208837,1.583770987511,1.18026894034502,1.66066895576716,1.32092686229493,1.27028209008125,1.59050268357035,1.13319708246823,1.5357645078646,1.39111770123312,1.80192811148452,1.07390071984598,1.8829183937213,1.40039917127344,1.85939587732708,1.36521426814664,1.82583405934071,1.00963174059286,1.25773646487543,1.3845554054554,1.37617000611642,1.09445713984606,1.34066044130586,1.37932525417293,1.93729460186804,1.84227456654814,1.279970875204,1.3056557451234,1.47155316928308,1.37537282766871,2.0097138344244,1.39569597898408,1.25399348593161,0.970180378886184,1.42480179123152
6500,1.17535069383527,1.61646685442789,1.41386426157453,1.24376366984533,1.1381492544892,1.09418819799981,1.76887988678025,1.33187967630131,1.27367788350421,1.364424930557,1.42176259504035,1.32651941793902,1.31582401977615,1.32667594461826,2.17784498004685,1.89075954642778,1.37668248369774,1.84769115935725,1.19964666140001,1.82177689749622,1.43820284904089,0.964893064923971,1.53878793120919,1.5756961310307,1.74798626136195,1.515443296555,1.42925406350568,2.09180882816002,1.75920756006507,1.01917573867363,0.792944674591717,1.78062754172033,1.05630019452343,1.62609464478617,1.1287802475258,1.14303021392971,1.65481697306409,1.68676950478845,1.32527294116674,2.01384020028151,1.49006357061332,1.40052912344411,0.639721315970557,2.1341345182757,1.24978274935187,1.0694802087904,1.30703369838289,0.753990191229514,1.48516635815154,1.56505321948661,1.71149813313377,1.03653362848005,0.993607878011709,1.63928560516018,1.44908519388924,2.03197370267484,1.07283807948956,1.13196770339135,1.86665677523904,1.29582826624898,1.29466596990525,1.04132053061331,0.776095296536621,1.5314654696771,1.04423866527219,2.09338099312184,1.36666027794921,1.3798927552489,1.72454146498343,1.20497007322803,1.09830243544159,1.35712679184091,0.959373410691691,1.39847704536808,1.11549809351788,1.83185713353357,1.41145487187313,1.61610601820611,1.17852107614442,1.75640371125178,1.40558201780277,1.81577516659449,1.37086981527398,1.11461843902694,1.31944372297685,1.39850152423762,0.964501295052715,1.28833504874412,1.36768985224738,1.76806610622229,1.69245692157045,1.18562495487794,1.49892112594691,1.56737201227265,1.14718556069556,1.91801968189971,1.61143430728448,1.28643988285878,0.974518564824039,1.54075904628933
6600,1.1261394339889,1.67168455790305,1.40686479808265,1.14768685004266,1.20680843754253,1.14840951526684,1.61897194307119,1.0312733788628,1.54621211024518,1.44364011832562,1.52050166191721,1.2574615731898,1.44806130436198,1.32818043604411,2.30318319091402,1.98111358378967,1.13922416223938,1.6824478399531,1.12117115435319,1.96166527820565,1.63658867329981,1.13363112002001,1.38757976188411,1.32554014987283,1.62713432538229,1.1901820859411,1.45949616635097,2.23236042500326,1.77621576018658,1.35400788205026,0.767259120335358,2.10050642857258,1.31810109291295,1.45179194122119,1.15933338136656,1.48740629092191,1.18254866056395,1.62504465381095,1.24635564825717,2.16189058263475,1.4938517498721,1.52069170380296,0.715629322687575,1.95943342619763,1.1587716414867,1.18067289571148,1.40538525492365,1.15179938627667,1.20393945582563,1.62133199130097,1.35514337949532,0.990516874311718,1.05958365302802,1.87796402254718,1.29389405134383,1.5596631474468,1.04642470621587,1.06942048130753,1.73961008663491,1.58690951900898,1.53070070517564,1.0672486262556,0.621275640086332,1.5123331116356,0.993336357878545,1.99158312244322,1.37919332331933,1.32017862735988,1.55669821600402,1.32590028934983,1.2320070535286,1.09533180057551,0.987153852080758,1.30512399869087,1.42233828702631,1.72711570783668,1.35589713544326,1.62605455866785,1.01122079290102,1.65848294550221,1.25900331704691,1.77889468583935,1.73019046459328,1.22684517091527,1.29911194790881,1.18332353536626,1.04198999092597,0.961635509687473,1.35293842461976,1.58871823013173,1.47926564670207,1.28227767297576,1.26726851710949,1.56773479621583,1.37090452953983,1.906511198535,1.5279060565155,1.24451537613707,1.10608474176218,1.6740134498854
6700,0.849944458954244,1.58271114068468,1.36985052915739,1.07503284330085,1.3453792314798,1.31184557757507,1.54728121212422,0.689377750635774,1.28769237027441,1.58072945124137,1.58015719205246,1.51771910375189,1.27876267370097,1.36852402618565,2.36449094685967,1.79065896013246,1.4476631381502,2.01391891914911,0.908344910024725,2.1284108590755,1.41403847658774,1.28704217002313,1.26563726898148,1.43527380771618,1.77367194435037,1.23338870081824,1.47891975559592,2.33726736312941,1.50504915799614,1.24221698185244,0.990871825165995,1.76717836271549,1.34482890325635,1.51863215501272,1.34406304525196,1.45424308235112,1.16329266331393,1.43313371199367,1.58155306318836,1.88770548963661,1.18824266395653,1.67483179331773,0.976612528110102,1.91601999426873,1.31827141374051,1.11716352766604,1.39199420541101,1.38873810118791,0.937607304615036,1.60516944974386,1.44459730631725,1.58818019020808,1.13245157434173,1.66033292269699,1.57114486636468,1.79244930071009,1.32923976294343,1.23475999268703,1.64906997540382,1.76661437159258,1.44394893154892,0.899356070317641,1.03554949941074,1.73555891016075,1.46109524421022,2.04801988361015,1.09024336825752,1.55800421403712,1.30592085602712,1.42636055487932,1.44790827912615,1.10669340057084,1.15189104639371,1.78107371330456,1.5392159585527,1.46071095423412,1.38449073535804,1.5961971366309,0.936781695060065,1.28410007351564,1.44489913102556,1.56632233172408,1.55639574981047,1.35470907291307,1.48940576941279,1.2018765966295,1.55497004629468,0.915836104397239,1.23347966166347,2.16801387738266,1.10069477247351,1.177464435756,1.25176893939041,1.60032907080158,1.24436639472657,1.68021168403826,1.23441263926644,1.39429573401026,1.12785507514685,1.54917928079651
6800,0.672837025669358,1.44738609853918,1.45936343025025,1.19161255066983,1.17518883160309,1.18195462665041,1.49450201807672,1.20359037236718,1.45344153930588,1.4768550822126,1.50514531297103,1.77618668686068,1.51054748677328,1.10532371272793,2.14535980233657,1.4573473948396,1.27536916353666,2.14391131786853,0.955337988841661,1.94283977555228,1.69220930489339,1.168258086766,1.38365106114435,1.4585289407053,1.33067062366535,1.38725970381444,1.41834104224101,2.41846162301696,1.63481986273833,1.30960347783074,1.03897918184223,1.64574855908842,1.30620775476051,1.17782830200998,1.08420630071004,1.5205208916569,1.2530270345678,1.29902964356761,1.54761594342839,1.87820384126146,1.12177661810231,1.59231613862865,1.05877066832169,1.66481207297158,1.39571779475227,0.966525885474041,1.35532041166046,1.40852471072086,0.920033255796089,1.29496701221272,1.38256450484074,1.41270787539799,1.08704015405949,1.79739993841379,1.85192367751097,1.53114838502089,1.47543404201552,1.27389984851982,1.78205678577722,1.64675784935027,1.21013265573462,0.968312509070062,1.02583016945421,1.72696338203987,1.72458789192521,1.95809435505103,1.3227373520685,1.3644424492702,1.33776648491797,1.33423809686602,1.33998754563116,1.17753128967912,1.69192354256926,1.47598467435962,1.50947204229406,1.48386983161867,1.39814547128225,1.71293990752266,0.989487057552239,1.26866518101839,1.66159279300066,1.47530614633998,1.59143518562537,1.1305211597117,1.72489460935288,1.2251146609156,1.7538914691249,1.41148651821362,1.35037809749992,1.9831544855524,1.65320058437617,1.06214027913996,1.38467297473766,1.33545107626869,1.56439335594043,1.97669704228804,1.19036414908219,1.58317704016064,1.31076929104696,1.76139313696937
6900,1.05003579689272,1.39762972632646,1.7277337749511,0.782647235790923,1.30143049208384,1.32643155220683,1.41605128953903,1.30880608783425,1.30225879185958,1.66309980138579,1.49687490074707,1.94851696119079,1.70066730858968,1.1785943328827,1.99806439381757,1.64627158152191,1.34846926099969,1.96587337490966,0.992472147578741,1.95175984283667,1.77306261586037,1.10003186762065,1.46287695976877,1.5474944872984,1.46272886473902,1.4794439451369,1.65130329946435,2.4792606514829,1.55443862746747,1.31967333508776,1.4782288341757,1.26897744895274,1.35645570685718,1.19900633296952,1.03553704636012,1.28561875774732,1.37309744137636,1.4095959374213,1.36764827191357,1.74356369955625,1.39630861367315,1.79169334914419,1.22878163143167,1.69064266214322,1.32763837247275,1.3140145079532,1.54093800762344,1.23342670217077,0.93234622176161,1.2418677897528,1.47122331506319,1.74794905308418,1.20637476885131,1.5452009604079,1.71334741826333,1.44764179348609,1.5805489761125,1.24495954320013,1.57037752275756,1.29372064832238,1.27620554115429,1.04009201549531,1.00084843039917,1.64260311338268,1.77607950813491,1.85690476540984,1.12843270854757,1.28816785018362,1.25294668281287,1.44945515631656,1.18406435772249,0.98872659339216,1.2314296527087,1.3469639790891,1.17016231800301,1.53000799345903,1.78911636131816,1.75327669451799,1.17104344520153,1.40062845804289,1.92188154574862,1.58343496071252,1.95101587015878,1.24440851440361,1.57786340914282,0.891065990542798,2.01088972654784,1.54238598685968,1.33867128180518,1.81846236983381,1.57608609367461,0.887218297564213,1.32598896952639,1.39033910945576,1.76009663620201,2.1235072747169,1.18748620336611,1.57795706800913,1.29952594819603,1.81635679846464
7000,0.974333829030093,1.42403491425421,1.49719738880651,0.735940054174443,1.20815762831225,1.34421610334423,1.06234463970385,1.58199013341883,1.28412623136049,1.4812150187116,1.6683463336321,2.05023391246969,1.6997443913363,1.31490653107434,1.92902179409647,1.9271689125543,1.25783824300515,1.57928896147176,0.800196110980254,2.04848815651568,2.11946950301019,0.993501208268482,1.53093053340661,1.78526746756032,1.68975270265096,1.2391283026779,1.96427867875596,2.32162834225677,2.05925301345663,1.33107386720107,1.41662923001023,1.04489289543805,1.35004183289343,1.51414339388235,1.12725235418022,1.06659583023891,1.51949534340956,1.22386237276055,1.36297413025841,1.66211839730805,1.40191468609958,1.60922954121188,0.851986682970168,1.38976055955775,1.39355095091357,1.16245400691504,1.57784458328732,1.17676456893663,1.12611960791232,1.54557682403265,1.50692201322362,1.58478810443578,1.05676815305562,1.1951857057049,1.70675600897054,1.59969095148581,1.56175019404861,1.35474694708765,1.69597059773809,1.6429880287544,1.33402574321078,1.27724511532144,0.866687019820141,1.71762589634624,1.90733225734098,1.49769155017986,1.30096793798864,1.17383858107165,1.08076112536951,1.44651945906021,1.10916039613659,1.23002507231808,1.15562571032803,1.29924971440412,1.38454571696055,1.88570020123205,1.42822057549305,1.65250163796409,1.13120239603428,1.40719509297453,2.12526413518111,1.64167035862044,1.84844457536278,1.07770009014347,1.86634917257402,1.01281061126428,2.15297823884142,1.66009311104828,1.56262961596094,1.55333878060497,1.3092696402453,1.07739493598664,1.08268867863451,1.57104276256802,1.55799349685152,1.97527060161653,1.29558318692501,1.88709109770892,1.27066894922535,1.69179577085323
7100,1.46579816001147,1.25691600344952,1.32630422183371,0.580989726651565,1.29582783340374,1.33945545361414,0.971942541700689,1.55379776153442,1.2141609034336,1.3628651975837,1.64711732633392,1.65532856850705,1.45600112802043,1.28402071093469,2.15844242680963,1.72732395060218,1.14430404339806,1.44989377404761,0.784154954678434,1.82606032411192,2.20261378364634,0.85023482400999,1.33092928287653,1.7478642953349,1.34748187194236,1.25685489931449,1.92741386007517,2.32449108329418,1.67542539028429,1.40670556190953,1.82930243000118,0.781256265060751,1.52701334496713,1.08497191580492,1.32344968816916,0.858008140109837,1.64839750547753,1.45514737892822,1.35289830750368,1.79758112485177,1.482700545838,1.54109778375113,0.828664097543252,1.63737730649183,1.67923769332479,1.22324704532072,1.42450066322145,1.16203378538677,0.897796443100958,1.22359542762067,1.86136244910438,1.6989258781672,1.1199929686355,1.04034191557178,1.59629844885766,1.78146424121924,1.48031410635667,1.03366708090682,1.40731919126336,1.4923105616465,1.35243405825092,1.01028984183203,0.954622137608284,1.75881714105117,1.87363363505991,1.72421752101528,1.36126449360653,1.00099962719465,1.02125226191414,1.28883394534567,1.11101303013933,1.0249724612328,1.51552338189506,1.27493954011822,1.44981710946972,1.66276454307038,1.32492837459357,1.73299354475373,0.964759778731355,1.06923180815558,1.80506447877484,1.46931756524671,1.9138314481101,1.24195513563798,1.57051737386139,0.947443843596736,2.01369035304794,1.64894595229137,1.38195742366574,1.91167098661596,1.06357127612628,1.30598620647997,1.1793239151218,1.36511653885214,1.42760735230039,1.86472549120477,1.30968879537574,1.53945563631389,1.41369806406459,1.78252111837711
7200,1.24716890983729,1.41954991561646,1.3894899314736,0.314104032033478,1.06658992809369,1.0352554457609,0.998636572241109,1.78636777225721,1.3487819712811,1.09217638919713,1.60473137939485,1.53200403761833,1.32188395084427,1.14246694111095,2.2413592434419,1.30459417076096,1.30529503268564,1.55333113207151,0.66935829649507,1.13775043200531,2.1131197777745,0.531462708213159,1.22530574037133,1.76442636128984,1.41932270566286,1.18970687765317,1.66238888711479,2.19837873524874,1.63318738116658,1.25960235354835,1.53910519960615,1.05218274876868,1.6146977160315,0.931614812449741,1.2157176443102,1.02238500468392,1.5003749091792,1.4939901452235,1.35958563218431,1.57780436937109,1.34141837010869,1.3984371726719,0.752091541421585,1.66994570296096,1.33862665412919,1.2451729381033,1.47125516047977,0.915274621754756,0.708248312814986,1.1947234153983,1.68372327476107,1.8051323563263,0.847472092023938,0.756613214090197,1.64768800785552,1.49566879790773,1.3773023598043,0.945114611599728,1.32605538928663,1.60813932859939,1.15714699131785,1.12568468780895,1.0994253398682,1.77969551231912,1.4186621287787,1.43395148776812,1.2670361843866,0.940154743515592,1.05140232817875,1.32889699700994,1.16132345165482,0.997204197296126,1.56122472605226,1.08435046506363,1.34803385021928,1.83598418055599,1.40417676230597,1.36962291399189,1.00412591754783,1.38048889911209,1.73315067784376,1.50097889997006,1.74392388049774,1.17908093437719,1.43425850496916,0.983544220310051,2.15681177040534,1.53556306322066,1.35573814373961,1.51169074766528,1.54728706036483,1.24889634889348,1.10385077480668,1.26921709500783,1.44849101936429,1.58838950243875,1.4781946652697,1.54919914298251,1.31238287264829,1.67528071684815
7300,1.13440179474358,1.6554676636147,1.63989101814483,0.387893393049519,1.00071773073594,0.957892934167331,1.33451121289756,1.56527082057882,1.22587220287795,1.1714548629928,1.4750423549711,1.48657631841558,1.42132909473164,1.10984086901451,2.09838075454811,1.10874270892749,1.51643519865636,1.38132276095616,0.76475596312131,1.25991511095209,2.22845025226431,0.744912098314984,0.938709172341824,1.61670694306283,1.20376335910562,0.992627222633079,1.87272476896756,2.15130452595803,1.74327140707426,0.895087512671273,1.81139366667715,1.35249841285818,1.95695207044782,0.881106261964815,1.0355467058852,1.0381976267337,1.63308811817733,1.25407596413317,1.32954876649553,1.43437797588103,1.2656404300571,1.65110261890843,0.453136625078298,1.5447664817184,1.30443624055461,1.07314205403052,1.23605743821921,1.00798633702238,0.850284194780256,1.17071517828653,1.53382147024549,1.56029030499378,0.946517062819674,0.956596071112253,1.79117613155505,1.62953922899509,1.37438729014174,1.06816062673724,1.10665398991696,1.48902384197688,1.18738700131043,1.25437901182777,1.06550821947702,1.46654367870593,1.18820385814722,1.19278551315034,1.45135490311062,1.01687980020044,1.46636147568675,1.47701576802923,1.46501503721714,1.16632031128777,1.68722583293074,1.61299323090722,1.48341306786842,1.25102737489052,1.09322724518259,1.24373967879582,0.973853656866256,2.01811980335457,1.78044651900524,1.45778717669948,1.71833371318414,1.0178672498726,1.32817423395134,0.839455213702599,2.09254968949395,1.53253268228524,1.5850479461327,1.32896509852846,1.54360907670901,1.72632281437786,1.20370984995941,1.24479579717372,1.59457428636075,1.33118995536242,1.34808632012059,1.39126820079188,1.31526197800245,1.45437793452127
7400,1.15170626644511,1.34640936984177,1.77490797221326,0.475935853383238,0.768943656222014,0.51856325014469,1.32858312511196,1.29554204003829,1.15239188211417,0.927108355336975,0.986879041995127,1.53114272375376,1.13089566611638,1.0760294214601,1.80494627129598,0.873109370630503,1.4610146095401,1.57830070969866,0.711343012527796,1.52205202183281,2.23396187514834,1.16239096566533,1.26915922876467,1.64716673542546,1.47533713451975,0.894004701134338,1.76513640348347,2.42340967460972,1.43243433583442,1.01944809528695,1.61382978122139,1.5545427857034,1.66472642709975,0.841246880626942,1.14761926362271,0.831195669011763,1.74052004587847,0.676548483806232,1.1846915800508,1.50293279695279,1.17053484714671,1.45222146611352,0.551403708510164,1.62616389588279,1.48955079078204,1.01909129973074,1.38570457936021,1.30312339727799,1.13619156132696,1.08493107969212,1.2067953737488,1.13476334913316,0.954408789142169,0.953117095391121,1.49641492078103,1.60033767565546,1.22680577754996,0.930970179506193,1.60317503452345,1.27871656137739,0.771238444577588,1.20268578892031,1.10947834360344,1.48707190651194,1.40084851154176,0.902746421848114,1.50820585734419,1.02473409045682,1.36448079438543,1.90222819089922,1.52197594268482,1.17375396225466,1.52082952994101,1.48520162374384,1.35178084757502,1.00650224816437,1.10433300170077,1.43546223189621,1.1148237646533,1.85784528822068,2.09781345119023,1.67761971597037,2.0429403610774,0.80070552564344,1.40700685754201,0.664410344222163,3.02466965569402,1.42907312000278,1.40794955312626,1.58581139978931,1.5638132353523,1.50131094251492,1.14181060953934,1.09084262945332,1.11525036184594,1.19736677456828,1.0603008414817,1.45530388216189,0.983595431817139,1.57489326205428
7500,1.0272258417748,1.23807232615231,1.67221985811329,0.256852281869743,0.592997822211006,0.622972268011034,1.23048726148345,0.983272863492021,1.33280188455305,1.16143923204035,1.07408056475841,1.60659445602281,1.35341830854212,0.81917886200542,2.03117923623334,0.830643179340343,1.28119605141091,1.18272000380705,0.886070807444644,0.916543108498397,1.78136089857462,1.11140808032292,0.849995366866475,1.20047691872519,1.63759955555262,1.18636164048217,1.78537137717804,2.14147784405152,1.53660313634469,0.878398212681147,1.43270291465264,1.28251913591608,1.54342681869347,1.19782759112903,1.0008117618204,1.00621574126785,1.55598142783235,0.754890171181437,0.973744374248788,1.83391920791123,1.12955528126114,1.44378891414512,0.61725321095587,1.47415956543159,1.3993909071655,0.962929525495348,1.3674786642801,0.931969624976132,1.49025614538849,1.14921609643571,1.13751441938068,1.1712805135965,0.826743672579908,0.478603960128689,1.4582060441944,1.59395919848598,1.26188853623813,0.502523983482316,1.58423585441045,1.22441266469566,0.988771683494255,1.15767077802483,1.22901303635462,1.48825487700381,1.67223706634819,0.903129845289356,1.39428456165178,0.913890913046839,1.47826986613549,1.4987404505771,1.60219196124995,1.02365366394642,1.45750210861579,0.856037431902354,1.23251619519834,0.89666426821279,1.04328515221284,1.67768747929338,1.12707148915599,1.71347288215468,1.49722881015861,1.5604699074615,2.32115948002109,0.711169154642237,1.28499200576335,0.54719103461004,2.48191826813889,1.46509736201379,1.16468242695431,1.74810339067542,1.40546085918539,1.50147918635848,1.01687671392018,0.996466234527686,1.14360753215876,1.17878919025965,1.28106164724138,1.8512908615045,1.25566365533687,1.87610227105979
7600,1.21123994815817,1.48761833530263,1.30390101104958,0.321365176219774,0.659749159285518,0.747940876923902,1.20514313206878,1.02615997588838,1.33233759708323,1.07589751479697,0.976083009494583,1.35035336069791,1.29111484786855,1.07779457848613,1.43614562268175,0.837864923695328,1.31115566131301,1.55159960856715,1.02093684869229,1.26737524962872,1.80497696665849,0.940792737550133,0.64549110669608,1.23600843404728,1.5891841191337,1.41351783210721,1.68728004363508,1.75164454329666,1.37174600480814,0.854169751614431,1.06604783524217,1.08993435056662,1.20405339340926,1.32075496141994,1.02774937663978,1.14441722614836,1.42185470450488,1.00062060286303,1.13336052925446,1.82688425752931,1.26494894014737,1.51690014307896,0.85877515124718,1.13327952169218,1.22307159146459,1.30087378234134,1.20149521904744,1.09459560207462,1.34149773159482,1.44236786329317,1.05303858037644,1.1922560583623,1.05288319722097,0.83447949627173,1.76865666972925,1.2387182681974,1.41595108659579,0.841117887396924,1.53898759052524,1.23331950815365,0.922928824044919,0.882922034632712,1.10572882620443,1.33958435099932,1.34031021113165,0.870018989771999,1.31161600121291,1.00592571834545,1.57774788830637,1.25795633336253,1.52287115781055,1.08553537881739,1.78709485111226,1.1101687883217,1.58383476259786,1.09327375260765,0.708441096580364,1.62102853173217,1.10304099422974,1.67692121940217,1.20598600835426,1.36757835070681,2.37496881827633,0.795368979839144,1.78986585123125,0.453855693858452,2.04891909977689,1.56675730986841,1.22651341992871,1.79068651977671,1.32998081810993,1.83957481385419,0.965533618054966,1.16186405176401,0.709287109644192,1.29704734637944,0.966417120278338,1.57828484306184,1.06834981520351,1.76253315314949
7700,1.0763183226961,1.32714255834797,1.25443875442002,0.608276942890683,0.942751577428412,0.743020169579668,0.833010071282911,1.15801666387571,1.26971187612551,1.16703700962812,0.942055194460567,1.05215688161222,0.783487222109469,1.14064143115715,1.87404772295189,0.879102425423056,1.45110310752321,1.46989978018545,1.01597557853865,1.91543554714064,1.48600835100808,0.752627062765807,0.716744650743505,1.11293686106872,1.21684535626275,1.31980287225541,1.6616848813283,1.92199691510447,1.55111547085414,0.955067672056473,1.26972009718432,1.16694359993916,1.05733823650828,1.03280436060887,1.11227157164758,1.15272939675023,1.60945169257327,1.43514670738888,1.16097528836848,1.77570307417529,1.11421569722006,1.43029231657123,0.793359896464631,1.09673407114198,1.29083685653558,1.14418745640925,1.10252828199662,1.17628383996521,0.808906618970584,1.34290892740857,0.967286018281669,1.33405193505308,1.07789332188675,0.598744836126096,1.4479695504514,0.836683129856844,1.3235229194027,0.977981627076947,1.15468952771303,1.06673656749739,0.591596568863975,0.597379301133103,1.12278760262257,1.21971986807899,0.948434188810081,0.894838344178661,1.22556459530723,1.05028699123143,1.76280365405211,1.07077620087824,1.11435691397034,1.16505174767432,1.76592927268378,0.785878681480434,1.64194839078112,1.31974260677304,0.736155380203795,1.32732521137525,0.996300548844636,1.55989418716143,1.28552766143653,1.33924922648482,2.2648803098003,0.979178114642199,1.82031987199914,0.314648171796793,1.84689783598612,1.62864775946252,1.73782626006615,1.5699184351883,1.43511147651724,1.86889261414278,1.20303869735955,1.3780564237941,0.951903105355215,0.892913932616409,0.965859847513998,1.5204003844448,1.08704706882675,1.65347330941174
7800,0.951182173910728,1.15163631781997,1.34848264505551,0.485095045358836,0.804525746200246,0.661711651571269,0.700440134987917,0.791343716340204,0.973390093490267,1.37009578626111,1.1229579993186,1.54645776090926,1.13449599314508,1.13571831902579,1.91990595646453,0.518881490342549,1.37390262448147,1.2819608903454,0.85613811293664,1.95086734803635,1.26308289435849,0.986568129410561,0.968120989339104,0.980368929770374,1.41856083541328,1.15305106676053,1.59962955324779,2.01383721525667,1.74122947396758,0.780218273937202,1.30002907931576,0.722420317681923,0.712441463186507,1.10898199417516,1.20567325706375,1.1911808490586,1.26072066695953,1.750292352203,0.898187680946752,1.85189516914023,1.24875034206366,1.213109409114,1.09639170948679,0.944436874697752,1.40355364867023,1.22885822914303,1.10489139474548,0.859637416775045,0.63558292646237,1.23206299676098,0.789634629658843,1.57398461668843,1.0997510306487,0.631958630277795,1.62137841261301,1.21045301100388,1.28443230130472,0.840758902234413,1.26106549536805,1.0584884492355,0.697014531933987,0.755089149263724,1.28879605804204,1.14748145486357,1.17108480012338,0.845688012169783,1.27784222129392,0.900767322006769,1.61901321616249,1.24780436240878,0.874060148273044,1.2991356120838,1.23112786499595,0.709025150143016,1.52535842522002,1.52011099491151,0.805915452098053,1.46535873871007,0.859278328105302,1.33414246667505,1.18039667300697,1.14561031157328,2.37503377804226,0.972306132086606,1.66896834685164,0.526529583097447,1.95312877312818,1.36831957114847,2.10013554542271,1.611972568824,1.18399036325779,1.82954539156919,1.15627126277661,1.43317952233772,1.06417591625715,0.693368271201937,1.0689488633283,1.60222251212325,1.48857632531988,1.45874678377272
7900,0.960633876125778,1.18592108458305,1.19510493870424,0.639710142393715,0.811917251783891,0.426986970952759,0.840605428941547,0.654542519995254,0.859551819424141,1.0560340600355,0.92020009412578,1.20434346328002,1.09598136809365,1.23105464331029,1.57297586019752,0.625907783855669,1.2853223507861,1.1050245055723,0.986312983446613,2.19184635693534,0.926791842311251,0.694365983983496,0.849635649853093,1.22137781310731,1.32155883863247,1.21069865021345,1.95387105067115,1.42301152390396,1.44596268593753,0.872187250698657,1.25575782724729,0.394188501719043,0.513661247159018,0.694269317433892,1.16845283280274,1.10944577154575,1.0373413844707,1.08286968647899,1.03556161129042,1.41340023316685,1.31462518105313,1.11576640823237,1.11053170823556,0.781635908228872,1.39171826576857,1.0917172048775,0.94166382595511,0.887905655853509,0.588323551035436,1.38394561007743,1.01327293547852,1.69821773706784,1.29408907079009,1.00330500775268,1.65520929659078,0.856271269265408,1.22174549125651,0.921199807261472,1.45243460658167,1.16134514409079,0.630261230131085,1.12269303182501,1.05631978831326,1.46958282600008,1.14211546785556,1.04604104660084,1.1783534637369,1.1029355915683,1.48428162228819,0.798172122817503,0.550305106614812,0.936682278071535,1.49521537660889,0.752162424022442,1.29353639782281,1.12838377542746,0.852849914494645,1.44707097668484,0.863404752254782,1.20282189643162,0.849668811921025,0.911237565252425,2.22275039554347,1.13336778580326,1.25273511209553,0.469502903562369,1.83973967452677,0.949101047475681,1.90999672876334,1.35911796059856,1.22275220112,1.38893835245784,1.26897210319998,1.31623315461031,0.985109919776507,1.07523576483467,1.02545431669685,1.52900354936561,1.12445250985982,1.4615460211668
8000,1.06536680762808,1.24313439875541,0.881135610965112,0.74567986124808,1.09699310379253,0.272271129330548,0.577066756878082,0.519664278848789,0.865967167483678,0.776098350739678,0.849203229398054,0.875192400212638,0.931970606949763,0.849934898931232,1.94983094912623,0.721889913040166,1.28380191378221,1.12734766198936,0.887954977713223,1.59712976121686,0.679694753706967,0.874493216094667,0.8405628259452,1.42250581635291,0.93266282371845,1.5135812161241,1.64180073592415,1.92279499505297,1.28583523737086,0.844521302281031,0.725243310281991,0.732385765174725,0.792312620587671,0.791690059821346,0.852795550794419,0.934483337806185,0.883665189460462,1.0684355605568,0.81493946932219,0.928667425403794,1.33501723957867,0.694524696970908,1.03014298989435,0.48505446277035,1.49404832338114,0.997927228496628,0.876600315440778,0.873519247005168,0.341593196064134,1.43633099534134,1.01865931065085,1.52421344549501,1.40385739304157,1.16519193826311,1.62427995701081,0.499783320840065,1.33260596687659,0.811263921695182,1.12646967071648,0.877432034566628,0.665339931625959,0.94312891982666,0.833073191143487,1.14721125663419,0.921019747775976,1.05072392270968,1.05062183293129,1.1081001499001,0.959638538122483,0.474006748054222,0.534819654088952,1.07644431344422,1.28568872675637,0.711974766933904,1.21174826521638,1.10857256471707,0.785446214065714,1.21688615613817,0.8586101892865,1.85419844713926,0.940285851258163,1.06638871362343,2.41632179667882,0.792554892909982,1.41293777193298,0.753192204040615,1.9894154952114,0.938801037994787,1.9365268520981,1.14045667408359,0.91883298387992,1.1822641625022,1.2504612314312,1.02508097774929,0.593988952070317,0.953674633605373,0.85061581522544,1.4025623288924,0.871714009506591,1.14935308420929
8100,1.03242264541036,1.1600717049785,0.89124838862864,0.842771572585344,0.871235200700497,0.34421627360742,0.720564956267417,0.774823310716353,0.887905661925936,0.84897768115744,0.58061977349041,0.480884291865053,0.64573170966372,0.767938396265487,1.41961514437182,0.977686328173407,1.09884021308353,1.42829225208414,0.635193267718707,1.16968568974611,0.858573143288829,0.745218659901387,0.755974936679046,1.13488208205852,0.772586059804681,1.60267191880517,1.2159578311455,1.548553963766,1.28274427923887,0.644786241800298,0.646862408292663,0.810059333360796,1.01556127145057,0.701001229752116,0.768737056011381,0.513968350374975,0.989500660361325,1.03776760775137,1.10308505164514,0.768376117840274,1.10073911632751,0.70776350381556,0.846275144584976,0.48024624578455,1.5003181959447,1.13864855871599,0.57773060276843,0.525599778090567,0.713636628325489,1.54035470973651,0.761465502855773,1.44357100034889,1.12618332755629,0.978093320216698,1.70895535766925,0.40975689197652,1.4132975002352,0.758149978127053,0.896531280499416,0.665446037813946,0.719043080831423,0.904009033750618,1.31396345480753,1.14133534543697,0.69686207355913,1.14726593074717,1.10038226478581,0.947943198023919,0.972736590945549,0.566843788529739,0.469316365933073,1.07174133238096,1.51089558005958,0.413101250197823,1.27635442289294,0.783324544168158,0.790350208365748,1.215491914813,0.802075362511428,1.89272565369677,0.846928729861227,1.10681003764974,2.32545336359731,0.60823058512587,1.00199006555979,0.740604954476942,2.3143775170746,1.13525660428715,1.57678036865077,0.744847765986091,0.980015295222579,1.19280570704029,1.32085558409984,0.955084689564212,0.705305404055679,1.07103978312697,1.00941788695911,1.41037295099417,0.966560958740523,1.47515550412068
8200,1.28773434377806,1.01930304806013,0.956314301320861,1.26772177533106,1.04342653553817,0.532631066978078,0.605170726329703,0.962159982773183,0.778471149682662,0.571483633492953,0.561763564536215,0.607863205140227,0.732495998220193,0.698686229439447,1.36424954009554,0.810283603985372,1.10526026123748,1.52678796804399,0.531123413942561,0.996809313759679,0.709817202792693,0.900468941197653,0.749815398977092,0.974675392506763,0.837925405406961,1.31536079912456,1.13384845240221,1.48820132130375,1.09434554281836,0.841184646050875,0.94510124485072,0.498664065323156,1.15573651972347,1.09806595512405,0.823281970620065,0.532131679159503,0.972919511923636,0.902355368474066,1.18592651456673,1.03101978886496,0.984967118770668,1.01966691756939,1.04773378458056,0.664113663333895,1.64972032970672,1.23255830138699,0.616560791078239,0.588886393983816,0.912866760980713,1.26858690976848,0.33639067381218,1.17264804386011,0.916222523189939,0.986754285462217,1.19111880036956,0.114391084352331,1.42307079306923,0.637914614201333,0.717924653242488,0.977854291436349,0.852062371976948,1.18862573964155,1.09521529259444,1.13659968625774,0.90378325474777,0.999323068889426,0.886691654996629,0.892139374860366,0.894380746572903,0.713017045086086,0.631426771538395,1.1784725719365,1.21586329003879,0.59945656684005,1.14959870900578,1.14693957681425,0.569966135223061,1.2040459594375,0.665568170966303,1.73452087681242,0.709774597330645,1.02255221774418,1.64677651776632,0.4446371297727,0.899118780473042,1.02217817796979,2.06134901364904,1.12458505359603,1.34806410564794,0.893021099961413,0.981093994962962,1.02043958418469,1.36264547617508,0.850770772109069,0.899620392244384,1.07615401621243,1.03458158326653,1.24185479543773,1.01804553457239,1.37547298977645
8300,1.00790734105842,0.844903411007599,1.19893710993773,1.20318585364865,1.00721832800659,0.43461923227737,0.506541293410542,0.842105871005787,0.593799749430066,0.825626488836659,0.564145510083547,0.589850158557824,1.23259986583561,0.298796456386859,1.56037677841706,0.930018565764618,1.02871941684162,1.37427416726812,0.476829780544767,1.00873559769017,1.2162091922712,0.834400309452397,0.704305255832062,0.835789011658129,0.870371843158367,1.26714387701777,0.914060933145352,1.43873508251047,0.667858500179153,0.866466929259556,0.895853294540095,0.275426935617417,1.01612476750009,0.840083033022234,0.922534744434879,0.941905684476552,0.823655814480197,1.17613449957545,0.796127366761949,0.742916058807354,0.971585439618214,1.09839492371339,0.740355076589196,0.41300872338681,1.15590667983005,1.10519896699892,0.414599265856765,0.309148869699796,0.882517733625312,1.07001601678247,0.358915673961416,0.709933788143944,0.801865253446936,0.929092492874401,1.46769924575059,0.252426553297926,1.20901917543398,0.590531942138652,0.926491787526954,0.712140367455462,1.14134572523892,1.35153156810257,0.977796580600943,1.13430991870706,0.902784197133981,1.08168510859961,0.655625362499386,0.794877972344801,1.37811805675998,1.0314584466411,0.859322894130977,1.1489812097799,1.30381072393096,0.527706377484975,1.08667749412797,0.780838161123349,0.458490674703939,1.44006585442803,0.600140175543914,1.37057445317522,0.601684031227564,0.767105215155407,1.72308097902534,0.579166987519154,1.12497668115465,0.819457731540132,1.82539593681234,1.14418580925474,1.59613208334433,1.13046904787636,0.714624965724779,0.699872171184324,1.18400196874488,0.920373417693924,0.876259253067782,0.920614990761491,1.07352836086318,1.48065282323799,1.18479333914307,1.28991030346041
8400,1.20646447042847,0.820968032095994,0.876718944712696,1.17899795400572,1.05342539894627,0.653267237713507,0.948959815644923,0.817771889566427,0.732505728565432,1.27308745504679,0.43298932463919,0.548878750401734,1.13172882735694,-0.0509264430196353,1.04674063961152,0.536377574345151,1.20811278181944,1.49961375145397,0.427999642848527,0.999940422460426,0.839302534300693,0.919439828543435,0.718407360045772,0.731657078698908,0.656863282568187,1.22414216733231,1.55145646378913,1.35634017668202,0.578116170649003,0.72155367473678,0.838957630650078,0.632987780429546,0.776452538909717,0.887514515361929,0.62260619991823,1.17405070697724,0.543844647298042,1.22261027968819,0.548466587409188,0.913172600204118,0.955717411178395,0.816540375880436,0.472352646456515,0.218446940935706,1.15764810572237,0.827199740416781,0.473665635462623,0.439830038997511,0.596968999061406,1.04945327401661,0.329622920127441,0.831071847305711,0.570659571843888,0.676577936550445,1.32651958396799,0.984900402303414,1.44832676188069,0.671434782611265,1.33765940010814,0.968663737233955,0.963690303899324,1.45198433647334,0.736404687068045,1.18642488715282,0.749558569711805,1.03422177756488,0.653481994183028,0.778873724694063,1.09462244072921,1.23617426924826,0.642299774260505,0.702590026080841,0.780205995431276,0.948991682761062,1.05843543118524,1.0958847417498,1.04531723080137,1.29450778272019,0.791839220200494,1.17746209607174,0.617770128231645,0.927933884326873,1.51622710156407,0.327975136976887,0.911538220755159,0.7154726702148,1.50818155771076,1.06781796775602,0.962221840860356,0.630129011081404,0.456447130011848,0.717310976748185,1.28116995860025,0.858622325029491,1.15648392027583,1.02524197511826,0.615981750090373,1.20661215456886,1.00211325284844,1.13798658237297
8500,1.21920343254861,0.570406562560198,0.246250927295926,0.924263925425123,0.779126052544097,0.774501899889503,1.05426062940073,0.779806138812193,0.796442012201078,1.250788665916,0.136334554248737,0.430758593147808,1.08823166341522,-0.026859815671556,0.964710849983823,0.375012363108591,1.13014680262781,0.965982093569579,0.752763134608137,0.919532753256683,0.903652581891945,1.10149679310221,0.675939129481613,0.648108850486129,0.947438339950419,1.18543005292149,1.45168261564643,1.22844551743697,0.811109958889219,0.762465249618731,0.708719429686995,0.633668953752369,0.651434505842702,0.678083253642501,0.796306032218646,0.870487837367071,0.584618883929455,0.912257710196946,0.562323949617203,0.913253695773111,0.893403068230177,0.792593536764135,0.49387991823184,0.115629440179676,1.45003157978887,0.865163406208877,0.297249901489723,0.317172434306553,0.716437233558251,0.881815557748225,0.619717197073448,0.777104945615088,0.599493005908145,0.489757240672024,0.738460143418946,0.242270483254104,1.24726633898577,0.534441685714647,1.1626225577527,0.799097563840168,0.961220517654027,1.24288017666579,0.687266106575522,1.0696334094049,0.281425554696118,0.823669563240977,0.602595720752905,0.942341194744425,1.15407569307646,1.27988224732134,0.461155682993511,0.454669015034944,0.476132327307692,0.862278465565799,1.00303219993272,0.633854631734465,0.866104911069458,1.46278939491587,0.666589881376622,1.13591200703605,0.135080428864932,0.705396050177247,1.23922888507082,0.650660368546325,0.898020190189877,0.636917105137181,1.43311923330112,1.21095755736464,1.03512638745208,0.482329900747761,0.447560502781653,0.64262083219075,1.02099531851789,1.20773609434808,1.00084740515672,0.823422755840257,0.689524172395141,1.0728621270997,0.717886872325403,1.53070390113795
8600,1.40615637173905,0.587828300753246,0.230259349730636,0.83888888786057,0.795284705482217,0.645156820360111,0.704146883242902,0.823895999181946,0.716299654397687,1.29308561762013,0.353268760115144,0.672514461305333,0.842536760326504,0.373271533025538,1.28352827198007,0.159899120048925,0.782961152896829,1.03431985761478,0.659413055546566,1.14658247811132,0.720434736775162,1.04724254452426,0.486223786658684,0.678071556350669,0.93326588728516,1.16019948167628,0.89792392204046,1.4169344988707,0.839386898615449,0.622300471424451,0.717963918458695,0.564439150200664,0.520049397041628,0.755706098077242,0.772080147711099,0.710192393815376,0.727865714038598,0.87711168404056,0.617783142907999,0.899976405986034,0.690455090977991,0.839079623977069,0.432518494467327,0.0721990474901301,1.36213840998579,0.753841358128962,0.283462472640433,0.355417886702464,0.851978464160294,0.664863600572405,0.714344374266946,0.687271478312282,0.450573131422181,0.357094158178561,0.739776841398217,-0.20953006351452,1.37917612670715,0.14759307827319,1.00037436267198,0.906726378922972,0.941444538206451,0.725064514414787,0.511862668843366,1.11442411324555,0.480374391352273,0.834089860657495,0.668432315406583,0.980524721240484,0.879391611588352,1.12254517281783,0.148792003675859,-0.0599287483866078,0.507113765764693,0.809642871786366,0.911229916119301,0.622239118471462,0.778558542342425,1.29448031647264,0.508668401534022,1.18272847060248,0.322612852595391,0.884019918855796,0.998811906205406,0.707459170871038,0.528712577411355,0.626642880532362,1.34220763528129,0.935531243095744,0.716577253726003,0.29521214267883,0.0924780786195255,0.866058513104622,0.967194428406622,1.19497849405322,0.914150144246066,0.955881693865467,0.597890822289928,0.597115001296984,0.518952638375052,1.60094973619772
8700,1.53471650027887,0.713351126876832,0.176218989071259,0.741191997696973,0.751755607290928,0.89122237497322,0.736934567059428,0.714676574211361,0.754936153722181,0.877893827245883,0.650830074866553,0.813015374014471,0.87980890558488,0.562134198781821,0.944351338776123,0.138488591423519,0.694893486693998,0.853899858738081,0.725873505016676,1.09434482259213,0.555432645260036,0.886470071260365,0.720678528670256,0.715896046767224,1.08265191787863,0.999769998333316,1.17745854736392,1.35031070066873,0.728077949483292,0.390513326478824,0.498893785496742,0.199414349673033,0.646290619692016,0.872185433525494,0.877594398692824,0.648620305894211,0.79362874411396,0.954682758570145,0.88103027483406,0.847775273694782,0.662395204283072,0.585887728738122,0.572999410843186,0.33922278009438,0.87154766387609,0.70094134413972,0.47085693929635,0.502747270316992,1.03985367604005,0.728332914724323,0.724066998732287,0.6520830614817,0.546906305278218,0.397278005815726,1.1009124663339,-0.310444798545323,1.23876476002302,0.344997429990098,0.542296430674254,0.781212940399269,1.10683033520284,1.00955964764147,0.68840063231408,0.820348128666035,0.430001387225934,0.660237591181651,0.686200958845013,0.804634795532826,0.96548302411042,1.00667918984513,0.224608634405991,0.227872215511444,0.499276398515885,0.721135024327,0.721465332089912,0.634045760867238,0.749320156359721,1.27013619390325,0.673053839273083,1.1378059007059,0.694313704556215,1.04791897688977,1.0453285532465,0.453198786618224,0.853119172949083,0.639556840066317,1.34494029305411,0.593917534515201,0.733386961771739,0.341408409211682,0.350353113148067,0.977489455796314,0.788940288766102,1.1859131256731,1.05141365833757,1.1741984995449,0.529364792653383,1.00703623766988,0.70657879808035,1.08947690837667
8800,1.20376716176318,0.601074404198811,0.301187909471661,0.720148856634573,0.868381724062202,0.722451490199941,0.508708348807139,0.911205102791461,0.360134791737316,0.546859717872614,0.814739257240467,0.544261925218721,1.2891170184158,0.44950223090433,1.18180579869196,-0.0313563740261545,0.629485258967179,0.683209652829791,0.850851586817661,0.767370847142594,1.19918050634736,0.961032054357522,0.472534044022129,0.736867717547906,0.948109853674728,0.618454755504863,1.49791334993063,1.39235869811804,0.689435243511314,0.427778494347568,0.560373514481583,-0.0969602414416959,0.752729098831096,0.751214975170024,0.71410570682248,0.718926540418065,0.798661961362336,0.847959146768322,1.02422516928702,0.686556522471491,0.706709316880271,0.57162050042602,0.552203924219107,0.213841290605099,1.17282707259602,0.547801122873206,0.406182977835752,0.809128760593941,0.759271323706315,0.79683520991852,1.20412219421486,0.587563313862091,0.638298294761815,0.257623455209654,0.979951627429336,-0.060318613520592,1.23833331787816,0.13186993962418,0.6944474970112,0.868557838623599,0.628294643879432,1.0102259700828,0.717536014896112,0.817589654699666,0.671627214474467,0.668499653548066,0.608608288247769,0.772432414077419,0.796014219841725,1.18283149208152,0.34165167232121,0.341719470280371,0.778121443367496,0.988001308064928,0.84870251833316,0.393012608204653,0.244559016096766,1.03414697636841,1.05508274513753,0.680617504137996,1.08971975982894,1.02695648281225,0.477040366799015,0.462892699134285,1.08741073417423,0.588210264898188,1.79133431052746,0.519075114636383,0.850347960036841,0.452259458736091,0.524833197359997,1.14383291875897,0.392342522971876,0.974235405990011,1.05531562647302,1.01822446069953,0.762599645868141,1.00500038727544,0.667120753006524,1.05928608745928
8900,1.1012018690542,0.38632522229092,0.476930422610211,0.768263306363519,0.683642755756229,0.363399662385948,0.106114398836683,0.649220995243577,0.656878001609862,0.634528546496882,0.801144704538957,0.470759414090238,1.21931398446188,0.14813510426078,0.93386556617156,0.377895396060639,0.550372933581201,0.889985879513072,0.590966135844754,1.04787263342338,1.56270383576901,0.846530489983161,0.807782620959969,0.630265025568224,0.840300886652593,0.882294755615942,1.29294016503863,1.36579546279357,0.587971044742929,0.614848154089353,0.433918862452957,0.165192415804629,0.451723073602721,0.669667901750552,0.796071404227653,0.649831570238514,0.685464290891612,0.594304844518562,0.740201605350571,0.576219863602963,0.70163580451396,0.260928673224755,0.689695213014642,0.27503936773143,0.934288348235703,0.56553029795473,0.445190278030513,0.870150088571245,0.606179448983957,0.904039072504526,1.04121120434001,0.362107948188937,0.62796969793497,0.182627062101397,0.733156267706786,0.299884411591593,1.02709700760205,-0.00689418425813199,0.585304933147506,1.14082281664031,0.863154044547598,0.89130016556126,0.635811941809208,0.717621576333116,0.693476347331429,0.848612888173506,0.694107321835806,0.860063035830358,0.429114792782369,1.26810036884203,0.46338509792452,0.725520078287714,0.456894664686577,0.933496446224672,1.00504423312851,0.517761070944793,0.414398458628652,0.90780459430873,0.787927424707511,0.346398230151405,1.08558046093087,0.792331826525991,0.232342284784304,0.566013446718955,1.26318456017371,0.655809592310214,1.85391942084225,0.506204244470698,0.852098639772803,0.667354805391704,0.867729379188897,0.897110035264481,0.540472199135491,0.745305379411954,0.564534970437769,0.727890592670567,0.553520809223181,0.99047128247733,0.580316768400277,1.03080097048774
9000,1.08332651494181,0.411067835087115,0.468236002416849,0.592594805918411,0.577457331009481,0.299865257699575,-0.159082448102949,0.538620378906434,0.814543958478978,0.582839774669055,0.41725685397,0.789726385850178,1.1880863242373,0.251362365932078,0.931255451174469,0.52318490011156,0.322236975685372,0.740304518576041,0.544291377663454,1.13835275019575,1.45250935768413,0.880206751910786,0.778115754351592,0.646897800528096,0.938859257161598,0.750413544614938,1.06710337559178,1.33684301483954,0.874522042960062,0.69542983673664,0.618697013444881,-0.028097495069029,0.215160286699135,0.301274404817991,0.583320767625514,0.522048343259518,0.81953067264562,0.677778147938402,0.576482817933643,0.370106413693202,0.665372804795301,-0.117217849789185,0.758903021349351,0.0717374030384971,0.857438685102929,0.468676764513719,0.580845909936333,0.879923058089344,0.623780509966738,0.854381528998601,0.985930537190476,0.242455394289443,0.59484717732835,0.290726545294875,1.09806569170998,0.229481333631752,0.758710492649743,0.0377246695087087,0.727388058754303,0.807829999219664,0.540771380348557,0.751857780727087,0.693047940785864,0.680450439457433,0.257894001228604,0.822744417594607,0.387091743981325,0.702147439447518,0.563199774158949,1.03839099343659,0.699519227956459,0.588270352422933,0.660072440674443,0.891885830670433,1.01927463636403,0.475151709839587,0.874662420961739,0.636978989782748,0.97590192716416,0.355649772714488,0.8935371543259,0.746464395528768,0.654194734279551,0.536877613381167,1.09436097057132,0.884365916947579,1.49992361109089,0.717594255268481,0.981061870343007,0.497276759979715,1.26011054945082,0.840512307170492,0.834668336803157,0.644337390300896,1.01489836631833,0.528388526132089,0.297121522773081,0.966421930669584,0.501332284216847,0.963623487864879
9100,0.849752033327115,0.583836880983509,0.305801715808906,0.547256091683074,0.377709806030599,0.588961920012893,0.124223049580877,0.31762454466277,1.05745451338625,0.300947236102502,0.453421271158699,0.756173085142883,0.995195815812856,0.261565213212395,0.754444114821179,0.135492053469142,0.557893614158705,0.608291509358981,0.593874653412999,0.798774271614539,1.36643472922708,0.520461257784181,0.707067858595586,0.486670958780511,0.547504135254288,0.28040538824429,0.895651444754852,0.923595862629393,0.726741723190347,0.57591702230118,0.539528101224468,0.357975809873499,0.2609795960581,0.118472010933838,0.395326154825453,0.77009903223001,0.529809515071964,0.520587739985274,0.572309081014211,0.227687146357169,0.859783133198316,-0.0471809018355374,0.737608747179912,-0.0695267599119322,0.838056894605725,0.388270675201453,0.540543110259706,0.886113671003609,0.745063937121276,0.527364539533168,0.386283606632626,0.338438810078391,0.508196743693385,0.119860739921199,1.08741231703288,0.382745369044983,0.817866801411257,0.315155323629598,0.833238218786161,0.734430977281564,0.26444300465937,0.657175401610675,0.401717056514852,0.519880096134439,0.201027842519146,0.372480096701641,0.382977126309549,0.619059182769256,0.378127512953255,1.23295048908247,0.910078527833921,0.740239371823495,0.743772719919709,0.699542356977503,0.69830252067831,0.526093966541408,1.04028788291015,0.200988858720776,0.989586486550077,0.248509119138138,0.345551478476356,0.257710689449436,0.684582338913761,0.400984562579496,1.12406942016096,0.938174996639116,1.18590921247755,0.884423744617835,0.864992522324523,0.606628091017212,0.872939244448222,0.732756661564366,0.855172578418938,0.610275873095543,0.728344330497106,-0.024419375459559,0.143165013876078,0.958392671878151,0.456007102324387,0.963997146172274
9200,0.601607408711561,0.294593882133641,0.377209093563515,0.555115286703396,0.509460699023258,0.596016599956202,0.160228037770599,0.63118604904321,1.16755542518072,0.675638741225782,0.308443794136837,0.507656123421351,0.965929216594744,0.249960840098332,1.13237751315874,0.0576554269411474,0.511091443762536,0.656762287274494,0.386761128813756,0.419449591323819,0.852161291065419,0.874125557912143,0.387997754763092,0.388804150733061,0.367918734130506,0.218501264726165,1.14644316159179,0.73188593859381,0.198806998425,0.523759334219411,0.835591210252372,0.601668053904881,0.874100123959085,0.238204273513426,0.230625015969397,0.538094242385871,0.408470461625796,1.31668953012244,0.745386115933818,0.444180570915713,0.911574462738985,-0.0830081299465344,0.977732150349228,-0.00663304022603162,0.567539958553696,0.501927692598606,0.233125434078896,0.776431970708955,0.830324195021905,0.541321829560499,0.336618549672451,0.451846271876802,0.756335290241087,-0.0183059416049982,0.749744693596823,0.184948371349907,0.723643323327519,0.430296187765115,0.753108179424111,0.858530356827881,0.366965542838801,0.916433950917808,0.150289008228429,0.0287577003904382,0.277514752544381,0.29232246112294,0.397022042954983,0.856892406971197,0.585646177404738,1.14065601593835,0.986296193866359,0.772911502853137,0.574052280550605,0.662414770540364,0.774899963951555,0.373999594477492,0.907521334743302,0.0884090037826316,0.94863899609578,0.75188991070143,0.397156229671689,0.196516586308581,0.660638063736883,0.53181280726857,1.54423713274778,0.778731574588624,0.86525166174598,0.943892527958159,0.680019724267674,1.22209491159739,0.748690395990648,0.364475199124775,0.381876068510634,0.685320169842502,0.477115583983017,-0.29986696205063,0.382720206391556,0.570414248082539,0.400792872471417,1.14307472517562
9300,0.821134049635484,0.477884902387337,0.56476514022277,0.608744969001108,0.571655338340828,0.570252590498115,0.129711653554544,0.81496369673275,0.833306230674074,0.980613880452984,0.299974177059026,0.435333568117581,0.743955857712236,0.143591609370665,1.10939186994596,0.267358551185818,0.746290171257589,0.807295526796367,0.275718233806976,0.280572270306022,0.996127650834351,0.920218359159488,0.517168849188022,0.302814726165049,0.53599800805548,0.401934210431237,0.762663492501507,0.606469901904994,0.302749182538955,0.779794941992424,0.363117256684845,0.212494422902783,0.827858322931774,0.330217574459338,0.405727039273664,0.403978386364542,0.642002486385171,1.11935871577143,0.686960931122598,0.330104063320231,0.678429975541084,0.186631929290365,1.00945944042782,-0.220731864957821,0.599537003868733,0.662956342708952,0.0104422413410312,0.715001654504243,0.721872026266073,0.607083951853708,0.490872841677002,0.231117175234354,0.904394213372739,0.188855146584475,0.559223395952258,0.320300178785202,0.578439093541795,0.390836227287133,0.637061594896067,0.742330667100921,0.597756516645549,0.325592747264652,0.222231343959204,0.230302914595647,0.596482181271675,0.084331189724512,0.546346066494628,1.026729405361,0.475735996515862,1.26178672356402,0.970837356402266,0.638198689904896,0.600766515018756,0.671986636858787,0.968327216956818,0.161458343109947,0.777489805691996,0.0631533953808808,0.704822923951378,0.414827884241198,0.265260771027778,0.335262778700705,1.03241487434415,0.307698858601343,1.66739155460424,0.577274660821046,1.02811439804143,0.793952442058536,0.458727688686215,1.14671363977735,0.785514616868687,0.143010140226091,0.735660871503953,0.765154828212308,0.562385942007862,-0.594810624149427,0.416714755351699,0.557367173961081,0.194561903147413,1.16509736750037
9400,0.769348631027842,0.603667146730668,0.968328177817725,0.346808041747418,0.451047753598115,0.242126193371192,0.025752393797027,0.410119193509806,0.806258021045941,0.575720037800899,0.596452795945822,0.457277927633248,0.988856960321008,0.116177298408673,0.899428980644115,0.0861432219062219,0.808324590962548,0.610346905968584,0.126633998387799,0.381708016268619,0.795522671946118,1.2684782412863,0.400672133227099,0.198137105857209,0.909356781650273,0.718682761830543,0.978983245392499,0.519296304217193,0.275823998058091,0.746539714687437,0.276802385800202,0.473341508137794,0.415554607989902,0.356660123213191,0.462363264262527,0.341238074321845,0.873225903370931,1.38602224753105,0.444610430209291,0.394400084778515,0.492495285859214,0.258779660462608,0.801424221837436,-0.604111217358325,0.624427462746834,0.444910283611714,0.258858913657144,0.813546792890776,0.561077219750441,0.433052178777581,0.587729200463325,0.583848137950899,0.659240069874652,0.39216721100369,0.23677566988038,0.0437763690166265,0.90892153131131,0.279908484555603,0.564920346968687,0.892031476716067,0.480653676179957,0.500226947189698,0.433771790053854,0.463927388196163,0.267575696893417,0.184339013634213,0.567733082792245,0.832279465895073,0.47347293846343,1.003116333274,0.843039864184452,0.572285919179176,0.67267409051745,0.818341768480924,1.1345977612954,0.112524316639193,0.79321594373606,-0.420803524543412,0.899632483764222,0.392313379792725,-0.176556140712884,0.476286268226067,0.646788230628998,0.128964308767821,1.40679145161682,1.00091735047682,0.965231782725743,0.613652391839598,0.777094304761101,0.955473455645535,0.930751164184465,0.224363226168804,0.816074234907774,0.650471225579959,0.607695809778426,-0.98713234855758,0.420476372253627,0.59827375257498,0.124395583887131,0.784142134351582
9500,0.857848991317198,0.632900762178984,0.716143134388013,0.124441840589068,0.274986537454423,0.146806985415744,0.484056698122152,0.590342609675236,0.709662767808661,0.156105470365317,0.560387364038142,0.601405011735754,0.965091040570769,0.19131610457948,0.620742196524477,0.0845770107938728,0.630632344461079,0.481170399504803,0.532082929944394,0.504687339151781,0.736836389811159,0.747869777559649,-0.0189351629592621,0.289772528484658,0.767992878865076,1.04685672379611,0.684504398684372,-0.12117819474689,-0.0608907484799378,0.757316202975705,0.153491607272343,-0.031247910109365,0.358247657035405,0.676268882934841,0.431494549786222,0.346407777699106,0.852666467526294,0.99841456082106,0.602976032858112,0.494814017962276,0.192667846527406,0.229909304781845,1.17835566557458,-0.488567988501391,0.679207643988212,0.383023704028158,0.312341845311979,0.822952146839038,0.536455554494125,0.436897881354075,0.289394357496754,0.340946754845167,0.679791960510533,0.184603570563147,0.439874855851814,-0.154816359719563,1.25720370578872,0.189383890761549,0.651359466136061,0.748146056229156,-0.0126550060901975,0.603700327533097,0.326043442690345,0.843849797865687,-0.0628969119146663,0.168116059487043,0.568322669346597,0.797252069011959,0.471157389243186,1.04826500467718,0.591394338968337,0.575710711137621,0.505181478751223,0.311552108702184,0.716850983972105,0.0726024177127578,0.4663400632364,-0.19321439218565,0.945219955022173,0.565856567011917,-0.0298394649139904,0.328945002643178,0.784410265970068,0.221765764762176,1.01760226073377,0.966552033076177,0.455532308054723,0.143058274473095,0.285341577501122,0.951990306959224,0.666620135813552,0.0758743365870412,0.555739983206038,0.402105257229485,0.274239608757179,-0.57373315024185,0.513104731800489,0.533386801374528,0.476078304757169,0.649815430663398
9600,0.920222712133903,0.654073929526316,0.121257539337998,0.0164195470283159,0.269395183652295,0.0425703739745212,0.552808927956627,0.41959397202414,0.452572329848104,0.15830958704836,0.68646379458643,0.520381575028285,0.784598137137549,0.0459762450443221,0.662932549248107,-0.130774375891291,0.449513882205771,0.678972273890175,0.00823209088766969,0.73660123507883,0.500924476838608,1.16241924439994,-0.123629000906165,0.0760262111726143,0.259947001113368,0.995989338538693,0.103944106431541,-0.3553658460597,0.0681430477403236,0.616733487616171,0.0470521372050781,-0.0339964964260417,0.481154564255014,0.394700499163717,0.232031129494867,0.539337802325402,0.796073384174068,0.711200753267028,0.543054923339058,0.0839191215203279,0.128573460517969,0.541172770519312,1.23211630081955,-0.289013492748642,0.531781274032075,0.355075974191499,0.386261263278436,1.00374934429919,0.82610013027638,0.600571245861319,0.40667019555044,-0.0190334047589403,0.523618944723309,0.186674843344733,0.490993693421534,0.195015063262165,1.18410781030777,0.333486188917534,0.582969582922461,0.685709901469185,0.413491819683701,0.564422775507343,0.162944266445546,0.714066397806404,0.176057584194951,-0.229185452171329,0.571141014977823,0.884752935469491,0.337623429307702,1.21471329790676,0.495806816984712,0.732638343096517,0.497843703634082,0.657724875012857,0.912712264238347,0.0558491855037015,0.30925019202253,-0.0857276342728557,0.75304379735327,0.586258371430586,0.49845693329629,0.567595465930279,0.64353076518722,0.252425473939492,0.812232676179351,0.894746725341252,0.826030677821228,0.110033423717932,0.532549002702618,0.449486525544693,0.588639677042247,0.0680918436067556,0.379326196881016,0.315264454288285,-0.0413585981333254,-0.785670420286745,0.547178075249789,0.793674590166193,0.297297900919504,0.250449855182585
9700,0.627516487639718,0.384512799709599,0.154387913214182,-0.173232767492851,0.511779285717089,0.304520625696658,0.505668926023004,0.211516778786769,0.516990931211039,0.0922325207459557,0.531060471833234,0.477369549914167,0.667688404895229,0.361313108401673,0.870699800303703,0.183280119881117,0.281545064269685,0.711523653996962,0.145815727007837,0.539823243322925,0.559104484481339,1.38236911693158,0.204349887041298,0.364183305996915,-0.066623986257375,0.825680966721707,-0.105390198008516,-0.517444166552545,-0.121161843228277,0.693580089989885,0.147505843842972,-0.0927376041721819,0.645885691286944,0.306777857889375,0.363753623440561,0.258367997170008,0.813147210044111,0.859760735947864,0.500523370427371,0.188712523554768,-0.00981854358528023,0.581006250387649,1.11603825039548,-0.370400602067008,0.298584850864988,0.315667915883114,0.498078490288405,0.449117443650033,1.00093813820019,0.491821086518512,0.461678560387382,-0.11964342952961,0.494301665027202,0.416545028838923,0.490133122798433,0.331388465370377,0.911704689439941,0.76025290091008,-0.0374528236094437,0.460962124983543,0.404519484114526,0.466251276348198,0.379486898615609,1.04810751960424,0.0140265201001059,-0.136907313621178,0.440552736075892,0.606589025066882,0.0599857239204076,1.08208193331226,0.650749177586277,0.60713572718627,0.445448193669414,0.612338563738083,0.897151524732981,-0.0623384520811484,0.439453808748136,0.0866853760407774,0.124961916434549,0.467453719262239,0.666317856335109,0.362864595946409,0.725521953984499,0.182139367327288,0.688827519901216,0.949706423327348,1.09931463010878,0.348438027970269,0.692765964702339,0.28225973446947,0.0629301076842932,-0.189168159070384,0.376740394864427,0.200046322900316,0.031052681111112,-1.25705954833904,0.265504430376364,0.395508306183589,0.440795605553524,0.26508379919732
9800,0.755392267930074,0.270666026324459,-0.0837550989227013,-0.227047970272829,0.685801839578946,0.27794986598959,0.302086852081541,0.122610494409087,0.138176632695002,-0.0464945388744417,0.333011450361263,0.25785408679407,0.810104727121329,0.24536903215112,0.670600103641729,0.657228352503444,0.273127848606949,0.598525327841864,0.486533997824776,0.651613945131972,0.58370767276114,0.873791634501249,-0.166204691558057,0.601097903754227,-0.297636802516167,0.67626914636751,-0.199648676660633,-0.519186074838364,0.158178473806218,0.771704190854771,0.105702870088761,0.0356849035257158,0.77698395503472,0.681988882231513,0.289293988050606,0.266659604374855,0.575479327740781,0.493067889582686,0.447285293460492,-0.0347862025491847,-0.279774080552947,0.33103929445647,0.923573500191059,-0.381623930363594,-0.214223088842084,0.469576037206919,0.714736076935892,0.246000958413191,1.07620095675503,0.395816360404383,0.264773263122022,-0.00547832326367736,0.383745471308021,0.435279606048656,0.787223023986679,0.0440437884367426,0.7826006244184,0.679752454076214,-0.320298099062937,0.169151808728335,0.11592154780155,0.423006939273426,0.180245825457768,0.633635496866047,-0.134132945240652,-0.55647056746253,0.409545086511583,0.603061725040481,-0.152472871765404,0.737253893083243,0.81512456696984,0.0584868856619958,0.664570974085052,0.519774296920916,0.790000469049962,0.23867967952898,0.0763446625673899,0.345235739173775,-0.00675892798358307,0.22788516003777,0.706458354151178,-0.0960401177053279,0.828916678463394,0.219947577139355,0.0447171172569342,0.684500645200457,0.660901112764668,0.382891847232073,0.308129084860507,0.596066884802012,-0.359657016192615,0.411083594310319,0.480481725101842,-0.142443373985516,0.298922851777832,-0.689354723376524,0.19127328247559,0.357223104381682,0.504334044965322,0.304842430739831
9900,0.0529918139171424,0.197312753353342,-0.0664247866741432,-0.0959367386448429,0.74694055190752,0.324683593045929,0.145833999238331,0.359542557207038,-0.114731632957662,-0.130720426967546,0.590430182815394,0.19588890507605,0.673243537600404,0.1919856851315,0.374201836141647,0.293310913071608,0.364803202021032,0.202042830088381,0.374101954346925,0.53325231542735,0.1790058706934,0.236172527831864,-0.0796337167334316,0.582672366059632,-0.139358026360031,0.26592989555846,-0.0656319245862786,-0.0646014538744737,-0.147739517274365,0.649435552276357,0.0168219691496975,-0.24341208963677,0.64185563978647,0.546703400212747,0.245485808730917,0.341411372984477,0.472706405937057,0.689380566051981,0.407803076474451,-0.124855154805978,0.0128319645804518,0.394063557094407,0.906680015033033,-0.458953815484161,-0.419248706389132,0.147142958203733,0.746748385100029,0.452096080004236,0.892669554790925,0.192489556130141,0.324474553139331,-0.172968639926375,0.219345153599314,-0.136760669061335,0.469873279995738,0.05091638932537,0.525288296291486,0.256671956011775,-0.316592354522642,-0.0341236120301183,0.193877000219578,0.297341786860986,0.0652362180883543,0.294002746830929,0.0217158158820068,-0.530236747341535,0.347382211321378,0.595176897552429,-0.275303904877773,0.651977927105823,0.611293470282576,0.0111825971893385,0.667541374790248,0.0476780441810012,0.458625328477728,0.0122326481949325,0.250841312651117,0.228906882582032,-0.346121676676265,-0.00752376518099507,0.417681771654371,0.221206522903448,0.514911725616415,-0.0461542952772548,0.628112546780675,0.484156027432722,0.9909311359409,-0.129737221280314,0.260760182333682,0.117761184585252,-0.761867018370205,0.0875972834524903,0.295410361000398,-0.244411897097185,0.0905548654241681,-0.756677461562151,-0.0250926158267281,0.567471452155974,0.00890172876054018,0.279242225944211
10000,0.101433091005413,0.143729962355875,0.356498627707219,0.10457569073332,0.429594277929096,0.299868873225721,0.133798935664129,0.558581644993987,-0.275710727307231,-0.465153296236832,0.578941233306448,0.368975338384435,0.437541476875438,0.181246256074112,-0.123835764073059,-0.272016215390289,0.197381284913439,0.223261408411542,0.351952056668433,0.298547894778063,-0.150280196330571,0.207889758780255,-0.0552245967074337,0.485738902847084,-0.165228738649516,0.421306547558034,-0.331573819855423,0.144490549641627,0.00562917810693153,0.580490448042103,0.0510297602937787,-0.112248940201946,0.410151749809751,0.744919543230137,0.349850977505877,0.473695110819007,0.702753080361804,1.03014305470103,0.651551271391152,-0.338789182280867,-0.0454614362719059,0.390317498457451,0.670490344001532,-0.259317752541934,0.0927546751278202,0.333090457680707,0.531063443263413,0.326979700571927,0.800822978262215,0.0478845311155734,0.238526591503808,-0.388279075460361,0.193328116525795,-0.19292804999238,0.462140254058453,-0.431528474940307,0.451052773529576,0.111730857875485,-0.181773624633965,-0.135086259123593,0.417920007480214,0.210529323617837,0.0451146828518794,0.460032027009692,-0.0958256373958997,-0.509215008413503,0.369234093055014,0.585514364227617,-0.322890830131176,0.197312067974291,0.686826655028733,0.352537897467641,0.739270189984881,0.196363000158772,0.486961000827811,-0.184959477236497,0.37858430134336,-0.253176611461545,-0.300673790457589,0.0197385249031786,0.0246137193438002,0.291187742191076,0.330411757996717,0.187195978074248,0.771143960064478,0.352532910957703,0.272480128956745,-0.280756977012997,-0.00764006326752426,0.186989445426764,-0.437195981353238,-0.112131777069281,0.441876209022205,-0.150790746443789,0.440060014272596,-0.42437158620401,-0.0304621286211414,0.81425126387767,-0.0486877130415323,0.551745101762164
10100,0.129780730057181,0.446654397580865,0.133664718817541,0.281526871587466,0.476121339462493,0.412544749290353,-0.234278148972235,0.157812481664292,0.0455008027966552,-0.783787234867001,0.289468135937586,0.0633280464330901,0.0339554272105497,0.10926360436291,-0.628052596715892,-0.386175911737688,0.186535934349236,0.364123671492264,0.18875992462168,-0.0689742955564472,0.564917147522307,0.133257886546218,0.197905006984449,0.128141420627771,0.181762149600059,0.316020454860861,-0.349587073847095,-0.324132675804808,0.123368911547958,0.626310041154143,0.326860141755941,0.0491831721755993,0.734784082692466,0.384066680215268,0.186489303033604,-0.327134289912495,0.795947562914321,1.06429006531048,0.490501620176181,-0.110853680920824,-0.147553016184665,-0.138222337238464,0.428437127158233,-0.213798490455434,-0.224879186872022,0.5233953713707,0.586936536394671,-0.0236882864224383,0.252022582038921,0.0658127508929333,-0.253659703562229,-0.0796498058964814,-0.0165951927530169,-0.244072982191292,0.498292787433912,-0.42296460306001,0.681306203180174,0.359540003092396,-0.241193100639268,0.283220394876051,0.1594581200511,-0.209930170511068,0.141172249742135,0.395716403914956,0.0286705603824579,-0.0742724237902167,0.226125612758803,0.409897067523905,-0.535944672990086,-0.0019708507550103,0.495322041090956,0.543624018711389,0.326032441612312,0.485765608223565,0.23396704049055,-0.341558969315792,0.226574785896491,-0.12633804791046,-0.331432358913756,0.627948177570898,-0.143265306551463,0.131551523156416,0.147861928540186,0.257196484047722,1.17645948336413,0.390299716032115,0.130580254854899,-0.0795805580710559,0.11815968179221,0.562148006380927,-0.703481995875837,-0.346131389495239,0.415536010936945,-0.126774915641479,-0.0647288177419625,-0.532339337030059,0.213177030350574,0.3631417865686,0.141697252477256,0.52810344511261
10200,-0.0581412411361079,0.157092214935411,0.513782087718998,0.186677164627353,0.147424160328909,0.45553816924254,0.0208407353448224,0.134943012500588,0.053635728107525,-0.36059680313782,0.289281435867554,-0.432910606664606,-0.0296207174702477,0.117203096308971,-0.432057940601898,-0.831100611786026,0.105573857420266,0.0197480055080091,0.283774773775738,0.0337075003058098,0.511412998118652,0.150998152872839,0.3476723008356,0.133710810454887,0.0293023619028631,0.447904365834723,-0.617259779362288,-0.823366250699425,-0.297458645487647,0.303326467874728,0.320033825584994,0.153484956110029,0.973560057462185,0.387043683562592,0.525028319176592,-0.404993493462952,1.05634558025774,0.24374202608461,0.35933131510797,-0.197769221627071,-0.403856954398813,0.00983239936536873,0.292402383241797,-0.285222796873887,-0.165425846760219,0.362094879324574,0.412189823564058,-0.208636904430894,0.387851207784793,-0.00884900971578018,0.116084860696567,-0.108700758283011,0.10284927234092,-0.770132049164278,0.443941767202735,-0.323566449008017,0.502900836223077,0.32812513546543,-0.308950995322945,0.492314531348972,0.199829743155259,-0.472709266118909,0.222722990917354,0.340388984967858,0.0237944662895049,-0.0501906648389195,0.2641487878731,0.44684036226312,-0.642144759127019,0.0727177837467672,0.416572343932358,0.189950495237293,0.554533935783799,0.624480460841937,-0.0333163926042395,-0.190131351851254,0.358444834222977,0.12640574478277,-0.517490117128399,0.747116996010573,0.110550149323915,-0.0889679579966497,-0.0154956877848638,-0.0557448430694467,0.234399130752063,0.262933413867135,-0.150485646566179,-0.0447696980630025,0.00783366722251488,0.442349919639026,-0.577047465656186,-0.514764376176096,0.1384685953537,0.0715053102601781,0.00563541804474343,-0.576855831160754,0.214655854003132,-0.229222535195017,0.303288917204955,0.444365719642837
10300,0.317741922698889,0.198819178785191,0.418753753325551,0.333428988651498,0.0613538902872328,0.461914991014833,0.0356477392891333,0.433294974999021,0.0748000479919707,-0.572118473783972,0.299212872628073,-0.445992482307692,0.250978231059825,0.0812173036452537,-0.714010141310197,-0.611480498647012,0.254831700919287,-0.0257809342505596,0.443305900873283,-0.0990745239359219,0.183895638743977,0.145352967985288,0.227576438796619,-0.11640570541575,0.0770382323325118,0.223063679003881,-0.451428175292204,-0.560417063789455,0.127451430953822,0.359791066461843,0.468059869073851,0.764779739873156,0.571130048164977,0.285137995753063,0.436397174845412,-0.278707784296332,0.543032180729439,-0.218793666247378,0.301227781284769,-0.401442797489977,-0.477837081259991,-0.236816523568153,0.157674792576549,-0.695226992228984,-0.226013964424541,0.0559538868543799,-0.235365443583984,-0.230942380049312,0.253817616552826,-0.261049575491326,0.301364254363991,-0.198975186413954,0.24841805784949,-0.61925969100148,0.425686352221633,-0.555957413018232,0.312969374800748,0.370498751133339,-0.254506794233699,0.486239351867214,-0.109030520919178,-0.223843305506975,0.33681488150107,0.0872194318839452,0.0077563909992262,-0.44224120213046,0.177278218602515,0.570172802319358,-0.208305676862847,-0.447727854058643,0.150901532996756,0.335515801344481,-0.179027605762767,0.584985069130904,0.0422367160620316,0.109220210600711,0.245839794835508,-0.0897025252753836,-0.482230907523684,0.162595964424257,-0.333739652889243,0.0131986614863456,-0.482125691266761,0.128315337539889,0.50956098900821,0.597898916693013,-0.399850932872763,-0.132056422066789,-0.483103635528108,0.0225916027224936,-0.369257891620255,-0.706173447400311,0.243607907571027,0.0126343296236507,-0.0448681762182745,-0.314996356609386,-0.0465734943261181,0.343362808123148,0.12249071232103,0.496662728420641
10400,-0.188708025738028,0.139638647745135,0.815649560045393,0.1948572021488,-0.0788144752169877,0.820830865611857,-0.0160908287012256,0.404670003205623,0.0667710334904985,-0.686882631051399,0.137359847604544,-0.660869269502007,0.00982846056557118,-0.352553090751876,-0.858245395444293,-1.67967470690005,0.173288832201553,-0.0633483702677374,0.241949574608994,0.0442400151935388,0.257730434296944,0.191865455264668,0.0253506264128168,-0.310050975663672,0.234965986227717,0.0995864993062144,-0.410487751805541,-1.1232528747783,0.154839967289915,0.196457629489053,0.603913703613788,0.555998254795264,0.309293680814473,0.203320730043575,0.415992268523625,-0.448130241785944,0.109752139863169,-0.25741624853602,0.130454357742354,-0.407953069211502,-0.534623905750282,-0.392900835796322,0.020028818541854,-0.450775185768983,-0.619904759212727,0.256146178196885,-0.274747532809862,-0.545422964764846,0.445321073032966,-0.309033839752478,0.29457385800196,-0.227237378010865,0.504607765293511,-0.235149285116212,0.165668831314545,-1.17262551759433,0.237689658615053,0.0629317525897425,-0.067702212354574,0.246347670333188,-0.0110994001597753,-0.13491388296658,0.334461766983656,0.239815688035651,-0.0464506072080896,-0.310956795834504,0.0560530404686958,0.503554335250067,-0.264486833903044,-0.441493432423026,-0.0147878227533286,0.147077106673017,-0.167475588577342,0.0970229836184771,-0.10760424238034,-0.260134618887797,-0.0765994559184169,-0.243583363656339,-0.278149411956861,-0.69225476285914,-0.335175944963535,0.0961819369798501,-0.635365956246724,-0.0595035826942376,0.319554973547459,0.321426076369524,-0.318020385038975,-0.0992271965382904,-0.466863727226275,-0.351509255830993,-0.556000846609299,-0.734916249408399,0.14628407260327,0.00983097940194488,-0.169116237128883,-1.00066020207661,0.114526881816494,0.119052334648215,-0.0574857945284992,0.497167449372383
10500,-0.25468144048308,0.0816626514026817,0.606003232846773,-0.173530636771087,0.197532978842526,0.35916012772499,-0.100572367845261,0.000117893342881648,0.00668468878100825,-0.609021495043634,0.0898962996530339,-0.627423820046432,-0.179295921620063,-0.412264826349322,-0.876923108656006,-1.31107482501261,0.233220594035833,0.104522137595396,-0.0493321292889525,-0.374950600262509,0.555575468539218,0.230272295580899,-0.0499172785479309,-0.0332403667390835,0.168148892872912,0.022153610225179,-0.750213893572689,-1.20058663152886,-0.388752847157964,0.0603456277854437,0.496475665734982,0.145378894411179,0.312359245885799,0.145610701784277,0.314988641445611,-0.385267583064626,0.0812592274698791,-0.818664024863805,-0.308588709890254,-0.529909183142194,-0.681106230435009,-0.786838727977329,-0.000869856855144457,-0.101834046157519,-0.670469087240319,0.440546902432121,-0.290952423186649,-0.389302762219459,0.454677459816319,-0.485067443280337,-0.135667040182302,-0.344026960439927,0.172764667171743,-0.146601716757207,0.211952822643126,-0.926780556590658,-0.0430131273720028,-0.183495698782991,-0.587494507001078,-0.00478718629500618,-0.286104270116259,0.159253066578838,-0.0789838911023371,0.112824550116623,-0.295583079210491,-0.571541176876368,0.0183398278401402,0.248278768356238,-0.79501644754179,-0.434276160020484,0.195263409383999,0.101122969651921,-0.0938452144300099,-0.21960834663054,0.0396723703760077,-0.0837768428125685,-0.198553951236904,-0.443290619678538,-0.184493409336019,-0.510981023400172,-0.807597329410163,-0.499918112414931,-1.10675738879946,-0.490437304645416,0.307730226245464,-0.0677618715510928,-0.337411363082045,-0.376410164444427,-1.29417251251602,-0.0456190854525009,-0.338800449656797,-0.859483446631239,-0.0920785852161011,-0.0840935901630666,-0.524417392707542,-1.39814235777236,0.14207907322858,-0.337197784793164,-0.354849684996972,0.112638604220508
10600,-0.0936690282054118,0.107656229225662,-0.245417706655459,-0.433530322137276,-0.000437152915171157,-0.156010364012534,-0.29859312769977,0.12904319849261,-0.53805940508136,-0.597152525747241,-0.0337806973107284,-0.960826088325879,-0.353848532135287,-0.398179780862312,-0.369074446085626,-1.56778925131798,0.0351906992866269,0.298112128361825,-0.00566421332554423,-0.25843918612328,0.0570590308789446,0.295579715879152,-0.335816747848135,-0.148876840333563,-0.425489842026311,-0.0586382834683615,-1.55807224474934,-1.81467421240888,0.0908107916358892,0.161853002313419,0.308999320751723,0.00226588929355037,-0.13085030309657,0.103179605629731,0.431569784049961,-0.202608624582372,-0.4190075485621,-1.29964245559701,-0.407814742777332,-0.717912891673737,-0.329758911109988,-0.369718169994077,0.0456966023160328,-0.37743649602416,-0.453722736367998,0.21837903659303,-0.181907052929274,-0.818404213766759,0.0130304687319618,-0.892394643946698,-0.12782132693028,-0.224788004268258,0.0698779333196989,-0.6417313105072,0.0921550775669309,-1.16636645099406,-0.453408068138587,-0.316577895211989,-0.835542738154357,-0.323447186871356,-0.413647858766158,-0.0894475065832004,-0.131022980498913,0.348767205485703,-0.299093762208513,-0.618487484486123,-0.130826854831687,-0.0978896064513023,-0.567441793563652,-0.27569767036652,0.691250306420111,-0.0756129450656465,0.0581978604610479,-0.769044414544688,-0.0894952367239771,-0.395220733985247,-0.668382354078322,-0.814293060803,-0.302254442728713,-0.31396867383107,-1.34241998363666,-0.998980459215397,-1.08040681338442,-0.435420219576261,-0.311758494696711,-0.52795610510814,-0.771368832421704,-0.533093149738595,-0.910360567174823,-0.350912210853801,-0.335905331395721,-1.17951285699365,-0.192057780474174,-0.512993916993012,-0.368784393927839,-1.63889079700796,0.287144833650924,-0.352226210956776,-0.340388807513944,-0.038199543170901
10700,-0.170553111669285,-0.324138339308405,-0.554072383256506,-0.503271332324644,-0.407807408235851,-0.191685187331096,-0.393709120923737,0.133041550928645,-0.533586417100558,-0.773314674176418,-0.350627337308856,-1.04986140409443,-0.116320729232378,-0.715260900751844,-0.93660821327183,-2.05960822779362,-0.30156206047164,-0.0877996749452337,-0.303957305742834,-0.91866913195039,-0.0188587706033039,0.476089422361784,-0.43124985533061,-0.236211999723383,-0.381833534085713,-0.293416776461452,-1.11198642047214,-2.26824434728841,-0.134460668244173,0.145445068083477,0.231332733604406,-0.614353992111124,-0.592765512314279,-0.153657862755204,-0.258984635923278,-0.262501801393042,-0.515501852069202,-1.41504272328371,-0.522639298293494,-0.575755527669236,-0.520364469171492,-0.846021200836261,-0.0702818797933066,-0.0977989645665637,-0.471198878962533,0.19697735729807,-0.509641250988649,-0.806651770641532,-0.0656879005188297,-0.965288787898352,-0.404548097270338,-0.759450545390401,0.296851786103005,-0.555997731105672,-0.00986789773450047,-0.927041993290283,-0.549680947269108,-0.60172676150521,-0.552994460830089,-0.88943804861254,-0.676810672352266,-0.0327881438244956,-0.101295905057013,-0.149964246341271,-0.457819095732992,-0.856907034275762,-0.289829951381462,-0.149481425332308,-0.606255458675505,-0.521894728708117,0.0708465470247069,-0.151607657212512,-0.493680300009332,-0.584705170119854,-0.169250238101298,-0.513416107265043,-0.580328371999306,-1.1462820133543,-0.414514678106049,-0.886760190691204,-1.0816690449994,-1.4020528092812,-0.862353677451666,-0.709838216966604,-0.816651016698458,-0.574742187611192,-0.953543862449098,-0.744677777304949,-1.16741410160098,-0.286462890156242,-0.477738137420547,-1.45093163511297,-0.388588638196769,-0.565350511818545,-0.276531324201737,-1.60351437551458,-0.402466281320783,-0.786999104766299,-0.651383097539796,-0.472307614781193
10800,-0.472613079334418,-0.547171002686114,-0.361007825943678,-0.792079299956679,-0.79945878450609,-0.204244107852814,-0.542213223030456,-0.243873677395076,-0.399888307656965,-0.753617991611718,-0.307146834430383,-1.00174576040733,-0.242773296162849,-0.704438007828018,-1.2336757519276,-1.73037576047854,-0.708722422751078,-0.457232941694442,-0.282495745510109,-1.00645840892533,-0.166528560960075,-0.234764522543076,-0.439757288595694,-0.527647135819664,-0.40653269133246,-0.750919028815031,-1.53579867562164,-2.10948806044872,-0.800624455732409,0.191904074927255,-0.208499437580936,-0.906033253948425,-0.751924512421559,-0.67825159693601,-0.589032276599117,-0.384990377509599,-0.329216380245684,-1.73960463776191,-0.639719613678828,-0.602680868358996,-0.382015264455521,-0.793936266669159,-0.197012103199404,-0.62831130791814,-0.592919763891641,0.148711531193577,-0.341060681092939,-0.534168795712581,-0.140617925809459,-1.35270045332697,-1.12852733846654,-1.33053969658527,-0.0686396960889153,-0.649735006107561,-0.0269168860819335,-0.892287806449354,-1.17799951155013,-0.854254083178231,-0.781320946445961,-0.847444066669509,-0.695011932401002,-0.17715277453609,-0.0609632925775523,-0.319445560468143,-0.935617603199697,-1.06500179284457,-0.220818824048199,-0.510991388949362,-0.409736593984531,-0.142077629156304,-0.158322754707877,-0.348324192244775,-1.08466053025521,-0.851835320419265,-0.465192904603566,-0.757146107128768,-0.663564899076193,-1.45002717684596,-0.4766853091754,-0.897045006658865,-1.37725629370228,-1.82591433037075,-1.55584521174262,-0.924715589660589,-1.05925497838292,-0.918814780240011,-0.915602247501188,-1.06730334912187,-0.893827946835335,-0.290401754137569,-1.19197058262568,-1.51364030761227,-0.449587158240954,-1.14564452599047,-0.592442661671262,-1.92202919215793,-0.775272824785198,-0.797786621984754,-0.881360017358129,-0.156429735523205
10900,-0.690465648988503,-0.841321312621391,-0.0776380778510399,-0.619796301649052,-0.935946142840923,-0.672125957716957,-0.841760765801786,-0.511075910692178,-0.785237277161493,-1.28525942802962,-0.576572521566712,-0.944188127435521,-0.846620721265017,-1.14173362949545,-1.60257856750695,-1.68387611293948,-0.380267536070752,-0.0241518277622105,-0.22885441606778,-1.08915637798391,-1.28998641712688,-0.233925778946367,-0.510279491532006,-0.706311021671954,-0.0868706516462551,-0.817493694292772,-1.67750027876531,-2.87518034607636,-1.08416927317846,-0.565395960078413,-0.554871979468461,-1.31311443797534,-1.00216209421497,-1.05778886006644,-0.837202867537231,-0.502280667726998,-0.755793189059849,-1.25142013845382,-0.85206780027457,-1.16809154137139,-0.579353703740338,-0.66592886231861,-0.478960057233627,-0.566629899678196,-0.848618248896681,-0.0612180830504307,-0.507588475461051,-0.513806200202253,-0.255435063942073,-1.01354526641372,-1.05097161594185,-1.91705629257478,-0.174302040381061,-0.177343177052119,-0.212658408211715,-0.701290338937865,-1.56858967989101,-0.66368482010278,-0.933512651660416,-0.646862722944724,-0.720570894106396,-0.524411903469294,-0.150304841437738,-0.576970403240569,-1.02297784405252,-1.14602975364553,-0.82992628791903,-0.31254629553958,-0.670378010907655,-0.493201373625516,-0.581650227516201,-0.889841874765116,-1.05584021820017,-1.06711485838605,-0.921091585654795,-0.36383360903608,-0.856967011916362,-1.6495213047088,-0.624807311694811,-0.974101534436519,-2.04564300232491,-1.66106602888631,-1.37595279610729,-1.02335776373897,-1.35103824972524,-0.87713612976789,-0.696451126185974,-1.31118654692026,-1.4257653248855,-0.501754400442054,-1.04827186827874,-1.63346686960355,-0.572783862141803,-1.32309389675266,-0.926051679671522,-1.55318290105017,-0.656054038542877,-0.715080972232757,-0.92441564240982,-0.82262068082035
11000,-0.542446382078969,-1.37241257249631,-0.427585477055084,-0.386299157820838,-0.853371395431519,-1.13363036995409,-1.12845143574937,-0.741791712699056,-0.53289024739628,-1.46489146540086,-0.76551969020257,-1.53132750436685,-1.112882407616,-1.06386784960067,-1.67077781263751,-1.40993965071799,-0.689033310529718,-0.58325495338774,-0.542334181642163,-1.43619031644342,-1.10565591933862,-0.0762539639626792,-0.728481955955497,-0.767223158178336,-0.357692508569628,-0.79562392355879,-2.08169190359907,-3.31210868507552,-1.41093552040136,-0.676632547339109,-0.65539147374221,-1.51615539542932,-0.972829766818163,-1.12965708860489,-0.740646398237336,-0.381990268580555,-0.938004742276062,-1.38990904830178,-1.09772081709782,-1.33834289228644,-0.869888259907778,-0.969294783569826,-0.7954004256005,-0.829424939603473,-1.08021323375722,-0.529839200890892,-0.768693406903997,-0.813579816294685,-0.726912197499987,-0.966186258073248,-1.4012057403732,-2.06588632345288,-0.192910138505985,-0.56228456044292,-0.422778679946312,-1.05199856721616,-1.71800930920179,-0.94490420495795,-1.13416558824764,-0.912882486257513,-0.993342972479925,-1.113122762959,-0.513089810002369,-0.872235435987719,-1.54356417748537,-1.41692366538985,-1.16716972277214,-0.564472938810863,-0.776819697516804,-0.691937595539873,-0.694541411415357,-0.800965250026005,-1.35772574768345,-0.842142029799027,-1.13858338159387,-0.731767677938729,-0.605313542019164,-1.61316845126067,-0.822848131754225,-1.23509088793931,-1.84816129804371,-1.4146471070627,-1.56164968868004,-1.13835522337145,-1.62938774566682,-0.890661131429041,-1.08971974375923,-0.999170023420838,-1.71360923117762,-0.880938380553059,-1.15913468362437,-1.68660554855673,-0.451842961288585,-1.29155274757145,-0.54665278484916,-1.28210453162229,-0.915997325357593,-1.26533746592647,-0.797110723584706,-1.16965494824084
11100,-1.05014165609706,-1.31716803561491,-0.385944045062824,-1.03550913653732,-0.870606807593081,-1.13968037726338,-1.53332347770629,-0.983729306090349,-0.928439185006855,-1.85872997694437,-0.690149277434575,-1.28635402435044,-1.4286766384041,-1.2330933650148,-2.51344024527186,-1.12925450923194,-1.29755941433211,-0.821968231732235,-0.622640660980088,-1.75380515057208,-1.59601531137563,-0.317500002631148,-0.961929509647625,-0.913184519565204,-0.755012596794028,-1.69838110836965,-2.19353109614829,-3.61314179450202,-1.651606776325,-0.83080753283149,-0.607973405912238,-1.00557222262398,-1.34433517481662,-0.990011452554876,-0.860782967077807,-0.629260463353994,-1.43769453651555,-1.83868219248521,-1.32601816766921,-1.46681385790767,-1.13748572267827,-1.46453441075113,-0.665508470187268,-1.07335676858682,-1.18628627196451,-0.266273461987032,-1.10141342322837,-1.17963639233756,-0.951394372913964,-1.22648854583311,-1.78931413685533,-1.98850014195564,-0.447161695664253,-1.0115505865935,-0.521737289698471,-1.26981917434265,-2.49517221397979,-1.36642116340307,-1.5795558982005,-1.05507118473425,-1.3322907840464,-0.80651839777878,-0.89488496229523,-1.17603373488455,-1.66763404785891,-1.04368868120497,-1.08119698835608,-0.79453085253961,-1.10414409678826,-1.03721737566802,-0.771317508167326,-1.00805909377887,-1.65623351072789,-0.883383840724019,-1.11053754111875,-0.822246203104244,-1.28502440861914,-1.66715721974983,-1.08427983312512,-1.78691448772991,-2.63911621615308,-1.808744099464,-1.90992821816477,-1.34722184536803,-1.5253451289473,-0.75256803793397,-1.33160212837268,-1.21637734965772,-1.81240414917214,-1.22904515379017,-1.33851312522158,-1.73655011084171,-0.867016079207703,-1.5856661820397,-0.699144084744699,-1.22803168981447,-0.569309099674311,-1.22290760941836,-1.0945445780346,-1.33269526700045
11200,-1.85428162132765,-1.15045656123692,-1.13355101089277,-0.988212276622101,-1.17009324156658,-1.16291388826659,-2.10752212332953,-1.79329973196593,-1.22677212537048,-1.7440090162134,-0.827466721579295,-1.87909792484352,-1.78738419877156,-1.01696263473477,-2.81568781461121,-1.45558327049024,-1.58202003600549,-1.17660668793077,-0.733293274870817,-1.84470098294285,-2.31009149262994,-0.438624685183334,-0.778959938440138,-0.852598332850159,-0.798276386155325,-2.03431508768328,-2.01295265120635,-4.00989664463277,-1.69268908543663,-0.786466750109997,-0.873988457345534,-0.947248572750371,-1.08201315979135,-1.80096108239419,-0.604831932376201,-0.680446638398561,-1.43205711232954,-1.90824922616828,-1.09391868460366,-1.35276979952497,-1.01879392795672,-2.33749628565071,-1.02832777991642,-1.13094540604974,-1.45774721863474,-0.856403981699264,-1.25117298611545,-1.49631635786384,-0.950741284161758,-1.36254483142776,-1.79522331603211,-2.45244803755419,-0.579615820215427,-1.05348028728057,-0.929844864741688,-1.04204777773571,-2.68805362647204,-1.07284331435053,-2.10089667291447,-1.34291470663731,-1.13946561751246,-1.13271948464757,-1.09050621976939,-1.66417073602638,-1.91400758466396,-0.921487027170465,-0.841189105607056,-1.00950254097163,-0.856260244018721,-1.2393460256762,-0.932287888068901,-1.36477077650756,-1.74549243672339,-1.15745505652444,-1.27678791342196,-1.20869838612423,-1.44437335243592,-2.0023990872126,-1.25990505237386,-1.68791937419918,-2.70310987677494,-2.05697915571972,-2.41242879539307,-1.3800867113132,-2.08632029879597,-1.10664731643625,-1.67409194948905,-1.72859725651669,-1.92966365429912,-1.56797316119553,-1.89568726729374,-2.03442736521886,-1.42732217557766,-1.41117130267971,-0.920088024948787,-1.42091842146997,-0.856806858790514,-1.60719505724861,-1.29915100176095,-1.69684480884238
11300,-1.83803558848447,-2.01740014625166,-1.37438313774641,-0.93339545399158,-1.29937822427774,-1.66872381099243,-2.04230360243393,-2.02440990845838,-1.91887254436275,-2.23308777619486,-1.29485982378647,-2.4415672943592,-2.33997196527984,-0.992501626520454,-2.64085067380322,-1.38831318779857,-1.9553293187473,-1.61283735068175,-0.95143762516776,-1.87915600662604,-2.94301355322442,-0.962436069107532,-0.766737581337868,-1.17391871276335,-1.34071404825891,-1.92202152070499,-1.31221771547322,-4.60019285527971,-2.06578876951256,-1.02164834186414,-1.14243866216937,-1.39668878632659,-1.49542882998673,-1.78910982612424,-0.738819035554534,-1.15409724850186,-1.49250832575451,-2.25964066977236,-1.61855426347267,-1.95196426488274,-1.31854078519202,-1.919214687579,-1.65311931540262,-1.8379495810261,-1.4966037616412,-0.630629985743801,-1.64356139081848,-1.76854817000051,-0.860864827780855,-2.01398651093837,-2.15645183691819,-1.85863677445112,-0.686902549785922,-1.66468698736053,-1.75419604348438,-1.0249333998333,-2.89037299459531,-1.11868670396382,-2.12357114933733,-1.62277663910972,-1.40752218539819,-1.28415822006249,-1.38803724483112,-1.89640683251056,-1.96622316330444,-1.11995791250242,-1.51276195848317,-1.34777298742491,-1.22327652528026,-1.35604347660359,-1.12201023278432,-1.63340696998499,-1.41965583252351,-1.24026537429599,-1.28160921285153,-1.82143171239257,-1.88588510025461,-2.48035964495584,-1.34347095088133,-2.09277759977635,-2.8194671152968,-2.61980622788539,-2.66426894943162,-1.84490827370914,-2.42694957019162,-1.26563754822238,-2.29074217095298,-1.91016807979435,-2.11710538718738,-1.62977515908776,-2.65107244267721,-2.09653339502325,-1.31564212287157,-1.44588238590758,-1.54218945301623,-1.77225321558592,-1.41596419206331,-1.9560724476653,-1.72191303219018,-2.03170637616245
11400,-2.6271618762532,-1.68650558628569,-1.03430407920616,-1.13823461056214,-1.91001080607469,-1.64784818986158,-2.33977856882457,-1.67218934243702,-2.31630064365024,-2.8597274380722,-1.09535025814222,-2.12190708290178,-2.04641772698524,-0.903979203620189,-3.23147141271069,-2.59207553938363,-2.13127020204597,-1.71652167310178,-0.88790667706461,-2.25678368597662,-2.82186500631561,-1.56684178172565,-1.14259964112562,-1.48828686309198,-1.54156464352234,-1.95940451695667,-2.47677317811117,-4.5249246988182,-2.43103018123909,-0.894106111284219,-1.53697439184336,-1.75239209857291,-1.95751240726601,-2.08975613895547,-1.13833004396191,-1.30870564126542,-2.34408542761503,-3.0980340569047,-2.04133579806543,-1.99801296339817,-1.4319798121489,-1.88652477805833,-1.33082826680534,-2.39716854669906,-1.64969202270118,-1.15851500280519,-1.67932737984318,-2.2459490144904,-1.31242440800641,-2.64928421599496,-2.00559263524264,-2.01133176789997,-1.00762700993498,-1.38080215939084,-2.52933305714431,-1.76450131442371,-3.49845495544176,-1.74596834346668,-2.3990251933549,-2.20801250499676,-1.74552133439908,-2.02167271748697,-1.49779624043451,-2.35008874789569,-1.80696308861454,-2.01352080846303,-1.49610490820624,-1.54588716842126,-1.91751036261537,-2.13098868570854,-1.23760175185739,-1.54658965780569,-1.66940408029014,-1.5725095919781,-1.79513256859472,-1.94694013434552,-1.96428178547409,-3.04918395281459,-1.7407033137155,-2.58715816208219,-2.93857145102411,-3.111923872649,-3.11406307403441,-2.20842399547929,-2.59111196820439,-2.24775460570322,-2.67252722262759,-2.61044015261897,-2.77274639807681,-2.46532736113108,-3.29319342208963,-1.75186348874975,-1.09460565226104,-1.3999428070555,-1.74225711162017,-1.71234106620549,-1.78731808291022,-2.11006311469107,-2.03694625728021,-1.96394822622946
11500,-2.7232006638338,-1.72306040486329,-1.16769163188335,-1.30143604236241,-1.77583442294984,-2.03982535865545,-2.75513700554484,-2.06720824078824,-2.46427260602425,-3.23528769948825,-1.30912517556265,-2.47772284254609,-2.21737937903299,-1.40167754707072,-3.88512882701315,-3.17518133557485,-1.94120637014486,-2.00526003792426,-1.436556068992,-2.91203753931103,-3.31850077209599,-1.82135855877591,-1.06933032210627,-1.89464462718586,-1.80290405441403,-2.34119901404794,-2.42242793300203,-4.86143662100326,-3.09169293402456,-0.984493939076105,-2.1311113124533,-1.6525742190209,-2.66021712892519,-2.59835130877066,-1.40854920558543,-1.19179690685733,-2.3711535231141,-3.62303040417546,-2.10823627813753,-1.93743789475449,-1.83913891790563,-2.10149871841281,-1.64110584865352,-2.63522221229305,-1.7624107563195,-0.93036219376465,-1.62818303631551,-1.9792892084205,-2.00714855747341,-3.07332293807522,-2.74393598661132,-2.64867586555273,-1.18362215965816,-1.85648687019244,-2.95547225374609,-2.26382199964582,-3.18244394527054,-2.18362952443425,-2.33623068421318,-2.10118404634576,-1.54932737192895,-1.96901583508698,-1.61658888464886,-2.6814068515861,-2.63571676691027,-2.14231286639714,-1.82376699951681,-1.2752575097005,-2.07162798730207,-2.60675715398337,-1.17858893555152,-1.2539986757854,-2.04418362592371,-2.41022884649285,-2.39141736151148,-1.76457698421341,-2.41658974444732,-2.82614641267432,-2.26210248203977,-3.48028548178215,-3.20373086124231,-3.65068939587148,-3.26376054082507,-1.91226218872478,-2.24820306046757,-2.02087899839192,-3.06568718057441,-2.46426592374057,-2.83975605682477,-2.72018240030503,-3.47872678922476,-1.69912841083857,-1.52401684372773,-1.68418149966672,-1.92641673347019,-2.41299987923886,-2.24283877379654,-1.90051169254392,-2.14150025912095,-2.14792613176048
11600,-3.00948713148526,-1.55815011105443,-1.54272751450496,-1.54733629220539,-2.00746966228262,-2.56613457477988,-2.96394272328443,-2.27099598469851,-2.52910206675498,-3.70072157971594,-1.67318270158286,-3.09521167562989,-2.67739442719004,-1.56281970542563,-4.16535967497511,-4.20715434742941,-1.98346281235081,-2.10246816668103,-1.64465266841628,-2.93090506081012,-3.66358545390299,-2.1238047558281,-1.70072458245613,-2.43728734986536,-2.09740187865242,-2.57952786625209,-2.69240931401412,-5.67728501582451,-3.80752880636663,-1.26604317926246,-2.25159796167209,-1.99262765300896,-2.72501841911952,-2.50595368603753,-2.0756614993284,-1.42084171624795,-2.5909259945794,-3.47579563915537,-2.1822807715526,-2.60275629629274,-2.1755703424934,-2.28831301870946,-2.10974163335185,-2.65864116131196,-1.26061738106326,-1.35228860789745,-1.83415142486731,-2.05706373819803,-2.18135247218791,-3.19709149134471,-2.8971528309321,-3.7319631099573,-1.33862416674841,-2.46252012578954,-3.41349179085065,-2.37941434823678,-3.23981123207258,-2.12902677051407,-2.56000707029498,-2.42381236833972,-2.23580766800564,-1.711636775542,-1.88730077212692,-2.91698888475374,-3.40069497608821,-2.89926568255043,-1.9550923545311,-1.39643344802148,-2.46134438057265,-2.16817446673874,-1.33506270028341,-2.06519495421133,-2.40912926158836,-3.34608133795614,-2.9142091082305,-2.34684535085464,-2.17137247144747,-2.86928316535369,-2.43421696471484,-3.50360343062647,-4.31459122030105,-3.30343998880131,-3.84429383695255,-2.23064052623425,-2.3987294101476,-2.01774229128192,-3.38867634949952,-2.78753391547176,-2.93487771637248,-3.33084371071444,-3.43164026805666,-2.3407373162707,-1.46570160299182,-2.81136252799322,-2.2371390278143,-2.87215689412648,-2.41558845820915,-2.43965243162143,-2.69795559019398,-2.23189771909089
11700,-3.39716769067411,-1.90529808566472,-1.75298309066409,-1.78285002672041,-2.3940582360313,-2.3084170570345,-3.83827739884271,-2.8211628595869,-2.83464103561437,-4.11045678228586,-2.17568827288185,-3.08376958784884,-3.05433098794632,-2.23848977593564,-4.10045813757708,-4.48344400581052,-2.16760763982476,-2.63706457252101,-1.97241624936595,-3.46750360636173,-4.6058047805318,-2.31081942984052,-1.68959640124216,-2.52529727036961,-2.68602264225901,-2.85987355962932,-3.28431533034133,-5.85262740057449,-4.96797184119348,-1.95910279972239,-2.11047721278761,-2.63769928282139,-2.69725840784123,-2.80531447342234,-2.26209536636859,-2.01728065176991,-2.73199905264004,-3.62589993185714,-2.40603841048265,-3.11263988663883,-3.00908956031465,-2.66185740743273,-2.51830321505483,-3.771912511379,-1.56087384300048,-1.67599263900927,-2.54412648985968,-2.74288266572024,-1.88393599574696,-3.3111178439233,-2.93683072103317,-3.76569587437611,-1.9360278090993,-2.6463166012558,-3.63697573449865,-2.51177434704695,-3.64981023175562,-2.37736047324815,-3.11600939246149,-2.45726267977024,-2.05421001382919,-2.16708046766922,-1.96523559544951,-3.27785874968544,-3.80090054869288,-3.48378906951678,-1.96482467903097,-1.78185678147308,-3.13331734686304,-2.44022607760881,-1.73668704706599,-2.27958171278382,-2.61197167928491,-3.1418089281844,-3.02058313848718,-3.20902656516856,-2.17031958311678,-3.82099090231068,-2.71144617317652,-3.53438694625377,-4.77960015879837,-3.56882543142175,-4.36335662573978,-2.98647417511078,-2.62670510192067,-2.6526077204703,-4.58838446977626,-2.69509760809631,-3.32066200448184,-4.10146505929284,-3.26839586594081,-2.53708051786508,-2.4521172222882,-3.15371229457994,-2.20597739373552,-3.38988561769488,-2.94247628422407,-3.10887120978232,-2.95876810230729,-2.56374965899235
11800,-3.51176734141073,-2.52958971140121,-2.3498106173562,-2.12123244026429,-3.18510023037816,-2.87337985744139,-3.37791738885319,-2.95225917481877,-3.19665580885038,-4.6513502072514,-2.4491433448448,-3.24690595606947,-3.6820702762925,-2.78485525981491,-4.45900381913563,-4.29450946503225,-2.82991692481066,-2.92727900444652,-2.5374685042688,-3.49728861573598,-4.82899707709686,-2.65603762059615,-1.95356948868146,-3.08648445786985,-3.07202563197961,-2.90297932837515,-3.58180745828447,-5.24001692532155,-4.89490074647589,-2.2096769868473,-2.45887844921629,-2.35027691670081,-3.68686367922665,-3.18890778193662,-2.29112447234373,-2.04031495567877,-3.21763402095237,-4.33503087952636,-2.52629722698332,-3.56782650051102,-3.60676704157275,-3.25171043790209,-2.69358038940862,-4.16408782928593,-2.22158110583026,-2.02241610731563,-3.47505930624069,-3.01903833713568,-2.47394385575331,-3.56218904211655,-3.04226979429476,-3.88150038143999,-2.07903198200391,-2.46135938558407,-4.05941188121954,-2.22433154237332,-3.9308274767002,-2.73052266334248,-3.55051060295592,-2.29469261706748,-2.25932087157868,-2.28112526796252,-2.1487891318892,-3.73549613517056,-3.97141000405695,-3.91361497343146,-2.35022628375044,-1.83640958842837,-3.60445544681159,-2.35519332704625,-2.5153133183214,-2.95336095465881,-3.02574357097971,-3.60005856152943,-3.56718586137359,-3.26820204179404,-2.74274067896492,-4.53257073593321,-3.32210652155698,-3.80983852511237,-4.50647451863449,-3.78327269741174,-4.74391402079579,-3.23313093251721,-3.65202430210797,-2.98568491014077,-5.18342188983181,-3.18451079795825,-3.26515331537335,-4.39884395873618,-4.07952010703002,-3.27262248722825,-2.63720379879363,-3.40383686289594,-2.79606825731567,-3.81730692040931,-3.06258796166631,-3.54234011092906,-3.06072520794701,-3.66607388528154
11900,-3.52317336237242,-2.89663052272641,-2.73868372304582,-2.21682688965652,-3.15746870801264,-3.62565163043128,-4.09634798537617,-3.08699332858559,-3.63563370408377,-4.03436118905381,-2.69901781361392,-3.66281518909993,-4.59474156564567,-2.9154907652443,-4.63426909667988,-5.00605992418186,-3.09821531489822,-3.39483663283535,-2.90343573175605,-3.42560213924294,-5.07955441106229,-2.73755836815567,-2.1511360434442,-3.23535874758325,-3.75253017060469,-3.84566737892507,-4.13692176039657,-6.08418087111706,-5.37648106560662,-2.85712199620233,-3.41512197402726,-3.00905592668334,-4.19205322049336,-3.86086748437083,-2.33939776887222,-2.31646689901166,-3.43634307711368,-4.61320051155655,-2.92569639619762,-3.62073517822402,-4.10265507521894,-3.69842580194538,-2.79591370282695,-4.39131209006052,-2.62500038543822,-2.41244086624643,-4.39235611298047,-3.63603031578587,-3.01322089533785,-4.02571577243179,-3.11049012408857,-3.79725392044772,-2.45857406808281,-3.65438121901029,-4.02745836768189,-2.92579966213732,-4.05366292836254,-3.14683437264309,-3.36748715535512,-2.85299328120145,-2.60393670722547,-2.74170268144836,-2.42296438080717,-4.3043703043164,-4.00648047990208,-4.07596075505359,-2.39317184746656,-2.69828153783651,-3.94585835041232,-2.98364246974116,-2.66618886459554,-3.49522140050219,-3.09037499584246,-4.0734725603837,-4.49353158551427,-3.10522700144592,-2.87878637352227,-4.43542121701205,-3.42458868812498,-3.89751237189526,-4.84189983199269,-4.30501299773808,-5.70890993355942,-3.35601713572477,-4.30642681101082,-2.99764155830327,-5.6299863031926,-3.61067612455899,-3.75703156945485,-4.1925056371459,-4.53560473169799,-4.08259972155933,-3.63348360948166,-3.58018581079731,-3.20024854027296,-4.53967265131935,-3.66686886586096,-4.25027571454226,-3.42964387810925,-3.83730502997741
12000,-4.11222823530318,-3.60197796601542,-3.30588510230376,-2.52391732720558,-2.98480260599688,-3.17435295596895,-4.91684072458494,-2.79882613465575,-3.45668995462463,-4.94532820027493,-3.11712731765395,-3.55621114161284,-5.06669131462174,-2.79965682844983,-4.89210594268193,-5.73140751893677,-3.54884811394088,-3.80065224021956,-3.12241709987749,-3.93042561062839,-5.07946991196224,-2.67588778937305,-2.5913969053038,-3.41800124333469,-4.25239010353368,-4.53575993555864,-4.15832025737677,-6.14592573171208,-5.48206273605915,-2.60442843713719,-3.80514950186643,-3.25511846313715,-4.64969057564925,-3.86130049106427,-2.9358411942828,-2.87220069967545,-3.52681288126379,-4.85019552139543,-3.05710756538665,-4.17212629864111,-4.87893086668987,-3.97532651261438,-2.87224254110929,-4.65874867781536,-3.25701966359195,-2.68993725006008,-4.41154300062529,-4.07045878510675,-3.3050455645316,-4.50008762772868,-3.72620739589566,-4.63571971024827,-2.79570058584053,-4.06633545501114,-5.02482490948214,-3.64704254663727,-4.26028870194937,-3.31633910633866,-3.76732417728223,-2.68991925101964,-2.85635549088299,-2.86364413107958,-2.58493353134369,-4.57899320024559,-4.01936046189709,-4.39888449552291,-2.66627498267142,-2.91980202979789,-3.67263121396287,-3.314425370209,-2.88835076088552,-3.03238566583364,-3.40894069598096,-3.96360129386853,-4.37465130394283,-3.17570603241511,-3.00999560278684,-5.45502687075328,-3.78436215625518,-4.59219764321727,-4.82689090610403,-4.60231046492474,-6.61078196805958,-3.63684347414192,-4.58298814005135,-3.38102388434501,-5.50681954907161,-3.87643659053856,-3.90301852449341,-4.12769534590933,-4.75754534383025,-4.94069683367754,-3.93673367206054,-4.6085458805637,-3.15474842216135,-4.41847764788219,-4.38440531711925,-3.90083821648332,-3.67023845423309,-4.06620780954485
