"binAges","band","ens1","ens2","ens3","ens4","ens5","ens6","ens7","ens8","ens9","ens10","ens11","ens12","ens13","ens14","ens15","ens16","ens17","ens18","ens19","ens20","ens21","ens22","ens23","ens24","ens25","ens26","ens27","ens28","ens29","ens30","ens31","ens32","ens33","ens34","ens35","ens36","ens37","ens38","ens39","ens40","ens41","ens42","ens43","ens44","ens45","ens46","ens47","ens48","ens49","ens50"
0,1,1.20817393716532,1.01951340172434,0.740012730925972,0.576539692612666,0.0897411485942774,0.662713109110697,2.47699055751069,3.07774578002093,-0.226988349756237,0.322960071006629,0.442893939340177,0.968259568934192,1.21320364526781,1.30427833895804,1.3555563250543,0.467739275056786,1.06914785750186,1.59875027341034,0.602207236913182,1.6335821962599,0.877941502832639,2.03425475808681,1.62877833817384,1.54704569856435,0.528794366579854,0.822464880757082,1.47182032163082,1.08077659495061,1.27929868705702,0.844785986319984,0.264048345077538,0.892140549849417,1.4202101583581,1.74349994777211,0.82867369257721,1.34604410733812,1.02229004978436,1.00401833634371,0.85074998374839,1.25368843330749,1.69871351667384,1.32074660469181,0.659702110788247,0.845906052449378,1.84462534031959,-0.00155189229880892,2.7828697169484,1.69577090478053,1.34027228014577,1.79146304954595
100,1,1.01645396171331,0.0629458039390456,0.492302517920129,-0.526954341331701,-0.809782151417184,-0.304794959083837,0.575874583682766,0.963740503983739,-0.790928384986098,-0.634283919916003,-0.147218134360728,0.680776866541488,0.0058331328609833,0.349394696056086,0.128973967930228,0.532021887908932,-0.58342397663726,-0.248554041406899,0.762090890423727,-0.624869524651707,-0.159575826038601,2.14364519363867,-0.0266541532075948,0.433624451517822,-0.814651352232068,0.399002678369616,-0.96817694366219,-0.0058331328609833,-0.423807108714416,0.587726889073192,-0.551554461591686,1.27699041263083,-0.413884962795285,0.316331528124588,-1.07175750285552,0.348887327849269,0.170907894071243,0.706111609525596,-0.518327188420709,0.978057021080068,-0.0443493128581389,-0.295504763612949,0.886528835186123,-0.407675659735509,2.21225486019741,-0.427388582107381,1.25817751170827,0.852228767109492,-0.0267618610671883,-0.0480027696871537
200,1,1.50205594663396,1.15015553495171,0.167157591706206,-0.371631508442865,0.162114634343115,0.942698309560314,-0.0928188697609793,0.220799322915551,-0.305894807992771,0.344152411347805,0.72220376490072,1.04758771584481,-0.544592174775634,-0.111008032356005,0.00173609615979164,0.0702162723300226,-0.647395784332365,0.511837940037931,0.312833477334385,0.345646875123701,0.868076492969911,1.12656708227448,1.41570226729068,0.156494440766316,-0.755191425765788,1.20144731883383,-0.0149722619059469,0.243951308800843,0.226924327731074,0.481695684945752,0.637605288264037,1.01085322650247,0.697168858357109,0.733607112629465,0.0844955425931475,0.919429006391494,-0.429646658918235,-0.432765725436846,-0.800134534736803,0.71038450307071,-1.3046904907253,-0.781021841987765,1.19394264196525,-1.00902419928486,1.80303806429779,-0.3290742736883,1.04807572095457,0.763390272958865,0.333015464902672,0.23169926135557
300,1,1.17018001920629,1.5556223704617,0.148953202288514,0.625940656756387,-0.201476589826335,1.13674812208356,0.0860681111901467,0.558805577501835,0.240219964572146,-0.0148573038940063,0.758084855553492,0.556739089813653,0.382046952070065,0.360684191803638,-0.271041096676408,0.0496129469722693,1.07142796002787,0.14203302425432,0.393148571510386,0.677637006938131,0.515447790690175,0.687552946091047,0.920163922971051,0.484742702623113,-0.0943353010206105,0.850125934104731,0.000457799124502278,0.162824126660619,-0.109066033106061,1.10674398754413,1.04774392332621,0.118505554018401,-0.160436715978322,0.633129498578274,0.303217952348629,1.53818443665591,1.17200770314288,0.213723188848924,-0.427766734671794,0.87342055256444,-0.445477403140591,0.0328142685145263,1.08719138996506,0.585654553127944,0.477847985202119,0.438457772198471,0.936499338389087,0.419755710073907,0.43508570280546,0.533403552679612
400,1,1.54139641155301,0.316604415507498,0.737649155321555,0.913202011959525,-0.0702267720175633,1.14437115482544,1.00245527967176,0.771576639542204,0.983301097243772,0.354136616954264,1.63718575591557,0.565770367968528,1.04103629014275,0.854652988807272,0.431130043451005,0.584527262728655,1.12794310220642,1.08397076062706,0.527580193888908,1.35299063729117,0.403899259507835,1.52319624449549,0.442417268208668,0.525223915470472,0.124555756566593,-0.00415590525066967,-0.459030026413429,0.638049526362841,0.157000554747164,0.969502240164703,1.77483193439705,0.366130101862854,-0.139217104459097,0.595494773918874,1.31288111838492,2.15323812506774,0.972929121293548,0.929136903549258,0.107659331590695,1.14401300868256,0.342424255925707,0.837743402785361,0.880105014270747,0.884586372243743,0.383630233613134,0.8190250485831,1.25060644579129,0.138162673668335,-0.282230061373551,0.268391965349563
500,1,1.24396473627744,0.357198972587405,0.743811719728526,1.07297273674733,1.28676870369896,1.5442791051189,1.04521668966671,1.07055528390432,1.42430631599461,0.102773134271762,1.99571711400043,0.721207275484706,1.79869443376739,1.28046346549028,0.029278249722726,0.413105444166313,1.61064758849895,0.959132749914097,0.360020490449228,1.57045598631172,0.221784226822373,1.83906254218037,0.596161754630685,0.0334512822596669,-0.129537676540783,0.180042286940788,-0.13158939391538,1.64085878119776,0.743286965100941,0.417340375289803,1.45718646658407,1.5707817453915,0.232392790582321,0.984316630827712,1.53037967912426,1.73361326256462,0.474287101499376,0.808273656205816,-0.123498074934608,1.07170074201497,0.689811739474051,0.342415431005412,0.668248205007926,0.615458342151092,0.788170039889187,0.465347448842542,0.983469324517382,0.619878721058931,0.70914663393722,1.11272802220641
600,1,1.00567474962798,0.223124627619393,0.472702278522695,0.755400166783219,1.62670185274937,1.30134088418005,0.440784132882353,1.13748068084258,0.281982186513536,0.450964708834725,1.47995994133878,1.50753396484929,1.2932763615825,1.24902316552229,-0.0927089317068293,0.713829887734614,1.83988162441506,1.09429437428151,0.0297101932345567,1.25667342910453,-0.0027458418515458,1.96814460746611,0.866669673880803,-0.159928825901,0.486118818166552,-0.27386550735259,0.590655407196239,2.08063016775123,0.394117918462261,1.02578446154317,0.934619885110322,0.764232947971834,0.217471255189848,0.983130351669738,2.76082028543087,1.73775077489728,0.599384294966429,0.316934226304823,0.27532021619795,0.499949043251307,0.375661866023373,-0.102694922572441,-0.0107245978288646,0.48965374453866,1.0256781258898,0.52396996802594,1.24669574354628,1.57760302861111,0.399129970929931,0.336616101666223
700,1,0.532233433982306,0.435705848010813,1.03795134499533,0.301637707889181,0.472063328266622,0.900417551041111,0.529158151356077,0.912049908081028,-0.119506855805839,1.29540802423837,1.14395125468434,1.22320952633574,0.274394579658206,1.58429174075762,0.841492368608931,0.586972991278619,2.2651818269993,1.58413461907409,0.46580565391841,1.16631954608351,-0.365020748186908,1.20607693636547,0.886412238508017,0.223893599426708,0.345441185315949,-0.573912281561169,0.412867378089988,1.22787342939115,0.493348680432418,0.807960639936229,0.875653504137208,0.929576507131182,0.817031893267635,0.862788646010916,1.30438357610515,1.19039671437028,0.295412626957264,0.699784598458697,0.219100149849785,0.722606518644463,0.299682368467115,0.879944719995631,0.172449706054796,0.507182426964112,1.35320016570478,0.0521876019598286,1.21809576853101,1.11772111234316,0.0910274277671979,0.619806402441681
800,1,-0.0830662602819772,0.620175477708076,0.687782987615811,0.796202718593932,-0.145644312106654,-0.0806311624240099,-0.334996154368378,0.794091451049834,-0.0131787181261893,0.66931870392709,0.937374539536329,0.854278107106151,0.289579889169193,0.274429632577017,-0.70856198059964,0.370300755944431,1.0914867126455,1.39445762785119,1.00984183607533,0.55114955090599,-0.915022857944849,0.736898053441565,1.14910505984485,-0.109680367450059,-0.287158502679856,-0.0741915195717138,0.482423496308594,1.01661953611077,-0.863192513875215,0.711132861267805,-0.56352892350406,-0.198545255083721,0.44276564788055,0.0648138067580468,0.678497675234333,0.622597216474412,1.30013324853968,0.880266192020366,0.878931635885086,0.588433356136949,0.280341315909231,0.902219157844878,-0.463290423059029,-0.216517884067608,0.298311830261009,1.24116126506133,1.55114423634646,0.69204752409125,-0.174152380822513,-0.0418015050117744
900,1,-0.0352069914637461,-0.29453656710268,0.583152193168378,0.934476415938138,0.799047656172852,-0.793958311434566,-0.163665028880775,0.575661595016312,0.941846893061995,0.720964801462305,1.49692599120041,0.738589375336097,0.612576504657782,0.901785226649387,0.0884768586614966,0.153492114552609,0.223613989436215,0.696374858103074,1.00473607192736,0.17326474316224,0.15847691760837,1.30799522579065,1.69178100912445,0.535592427894837,0.069067596915533,0.276659026914385,0.381110539801821,0.345536031724839,-1.79744222757253,0.547639099111401,-1.02893923210918,-0.225719626715168,0.613775983845816,0.513921271430098,0.863816793537902,0.0105336866488437,1.442216053023,0.7905530967507,0.259010393787364,-0.849089223536009,-0.817583510276422,0.291556999318651,-0.0647464784956886,1.21866860734561,0.898311340640978,0.261575610306366,1.23923489506095,-0.0827143529575738,-0.810062483095724,-0.669040417689705
1000,1,0.439157051583733,0.122543334131991,1.73594968185198,1.67357988111282,0.695281685132745,-0.362012386967469,0.612723679263121,0.956968572372899,1.82223528612273,1.13735163601973,1.4459731147541,1.8215029210223,1.45346066707412,0.56712081025661,0.631581355721506,0.91159458119666,0.73018422285501,1.45222290477295,1.28111103490417,-0.305331584874818,0.265196037376846,1.19168078596615,1.38211212472442,1.43462834202618,1.32475186380792,0.93449050442134,1.10519524664634,0.120699453937022,-0.138299873285907,1.13085647585376,-0.116072349802645,1.2155592265797,1.5530159387022,0.943415458296467,0.754302547079946,0.256541848987219,1.43152022552429,0.300883017609354,1.30827919174136,-0.0494415956515588,-0.294032951200541,1.88971107048353,1.74883792432808,1.41453077417644,0.999769854771835,0.571231886257168,1.08985598190932,0.56053139284575,0.145756121155535,0.529279547824901
1100,1,1.27231637273747,1.57960508983472,1.37373381144956,2.18100967133677,0.494371380347393,0.399578341573971,0.148651717433785,1.85238378467701,1.45698002482342,0.861587234804809,1.71281043585724,2.03863384085139,0.629182260426985,1.63472953084884,1.58616731831609,1.24556007297872,1.95421655956406,1.88860539459573,0.765457702699002,0.787829502904969,0.931091652171651,1.45098441787193,1.23731714617809,1.3255460203571,0.837530416740192,1.053752031773,1.94705340703994,0.864769851299805,1.22982190232129,1.69468482198069,1.39243106327158,3.07047860268553,1.8895482778258,1.29101781117958,1.4999620196261,1.48905213379475,1.37015747936079,0.844143127365401,1.8671205856716,1.08793453508236,0.940728852598607,2.17233513383489,1.65476068039865,1.36276799221575,2.10859015732075,0.775232973936161,0.56088758144478,0.545070144654047,1.44941686760798,1.09715580270755
1200,1,0.654236132019816,1.75463436467653,1.98106645471922,2.33983544311397,1.02292148695915,1.45089317177362,0.828433818298614,1.99430467215074,1.61558747017217,1.16669760119074,2.13659216533459,2.13690129407342,1.55984012678087,1.46504783357675,0.0537622160115747,1.45913446676688,2.00302988748083,1.78228114404101,0.90606908409621,1.39113876156385,1.30347145615017,0.467387033197028,0.32601551788212,1.23164890671135,1.23791319063028,0.816501436975357,1.22787643965267,0.916419813354076,0.881282635088048,1.23888551464643,1.86511671220104,2.18509627004918,1.2784222888567,1.17614138599599,0.965934774760094,2.89362785886006,1.75825264522643,0.682278764261608,1.89211507231873,1.09666507524011,-0.109624959485416,1.89033931474997,0.904407580542953,1.00672924268499,1.66611642321422,0.888112197604374,0.434480556283757,0.7948081172963,1.93564599223072,0.900153180397421
1300,1,1.09645571927857,0.86777648236559,3.09196340660675,3.24066628642354,2.26228603395283,2.37820743496499,0.121359310405732,2.27255386754256,1.97956106857912,1.57761533629273,2.29137791211918,2.11043129074557,2.37051017082931,1.1806598896613,0.962105826508259,1.95472187556311,2.85343247355514,1.95258649001116,1.98851910499034,2.71985459024382,1.52208957382969,1.19739914103662,1.10321869864471,1.62699953611599,1.48851181454239,0.84232258814278,1.45280004160628,1.73089984462047,1.8380926105382,2.39756365773614,2.0653201804521,1.3025600390634,1.36650745960936,1.6945744038071,2.26834154370899,3.14406832701459,2.05177556018882,0.980090778769113,2.12289367619051,1.31672137422343,0.391694746951217,1.58092836455767,1.25459964964763,1.23525084271649,1.51711943354222,1.82980970839228,1.07127763573905,1.27151412093727,1.95259931445659,1.1882409554134
1400,1,1.35412135461816,2.28882705965189,2.62750155912445,1.90764752588793,3.61005326440784,1.83564683747143,0.699935512424659,2.24277190758333,1.53819312667567,2.12031428408669,2.02175455543095,1.89264862344497,1.31580519934437,1.39306080754884,1.1245687107988,2.21959786523779,2.17910400807899,2.22914662846197,2.23550697239223,1.62408192149235,1.58706727641323,0.759071119701582,2.04528883100374,2.51442476551823,1.91714763948714,1.97773269808393,1.9037666088601,2.04912615283176,1.70955876019742,2.54760441771558,1.11063025183448,1.89767593698853,1.72930279927264,2.5289268663332,2.0000864941282,3.26676049919132,1.3292016070949,1.40392751661463,1.55328836938718,1.37486001103224,0.892343191118782,1.13826534441825,1.28814650426688,1.85176148753392,1.90201395847136,1.22097562761595,0.947115369063245,1.78769360904243,2.82711228124174,1.74134063408746
1500,1,1.19788170360423,2.52260985233802,1.61056774954976,1.72780329620544,2.27386149687799,1.71341140177363,2.44743791565444,3.65996920825024,2.08255102826093,1.42626824520063,1.43873252791015,2.15544063145861,1.41305672985607,1.50976162008842,1.74619601502895,1.25090155569039,1.4338199042342,1.49495048475911,1.15880533523156,1.56643243290349,1.80900834662246,1.06345648724509,0.293695833045038,1.08214168875346,1.34451607553499,1.83985883494498,0.935995279643755,1.61199954532305,0.898310733900106,1.2930784320831,1.82081847840415,2.41585199029585,1.45875137819902,1.38928064649078,1.41609440702093,2.3322564865878,2.74372875031195,1.81523729250622,1.87998182311745,0.585248418269521,1.11547256125952,1.55287548427396,1.74869060281622,1.8187544963963,1.77252224770286,0.15560324187375,1.91792232882571,1.37413369343321,1.98195348274258,1.5091859796672
1600,1,1.0351351677883,1.83995118210413,1.023839408065,2.31483266095533,1.90825822149439,2.37052896081784,1.3991786055037,2.69925843133052,2.03449650701887,0.806959391916508,1.32496627056036,2.80111695842751,0.782399112090605,1.68095173688453,2.04453611730341,1.5059174860534,1.50121653664617,1.74126916998878,1.7474939094308,1.87458952067487,1.80368850646634,2.06585064777438,2.19745022181465,1.3672660878347,1.23863309945715,1.6874544120517,1.53770731968687,2.02855129098477,1.1692264557579,0.596707532750849,1.35006284824174,1.9528332032503,1.78342235645494,1.65198718030175,1.16033051728623,2.01089427259541,1.49767806782618,1.92432388982623,1.86475600155392,1.47201529604737,1.38726915300665,1.44236196702655,1.74771893497199,1.16983799421585,1.17090756057871,0.0806932690750186,1.44535959418197,1.39775623463392,2.47616639064419,2.16167992784377
1700,1,2.06450210077525,1.50412613889211,1.88317168237639,2.27587125782119,2.40015654592641,1.50798926447238,1.2912275630264,2.82615017993186,1.3524505504108,1.06634641140956,2.58143359423827,2.32247488875525,1.29354106710154,1.30414538202594,2.70974576434665,1.05323944431085,1.86635357350675,1.79000147618411,1.88457781157303,2.24752558980989,2.7943647938515,2.24708788484418,0.896922234271992,2.16649089760611,1.42300103859809,1.56518307395264,1.98998988674147,1.55985817380263,1.7689852025446,0.931314337648039,1.15761517078447,1.39462176595232,1.85921969558675,2.4316007447397,1.54231061018462,2.28006449120385,0.668160945087674,2.48706448948037,1.36443140460897,2.14664241073049,2.26987083459864,1.69606117492019,1.37016782156275,2.3911352327644,1.63504768583993,1.64721719640247,0.925620780575406,1.43295432588927,1.57514637382408,1.58164121206835
1800,1,1.51887933110576,1.27541998841889,1.76166103027517,1.7014924361365,2.07700271072251,2.11075973750882,1.79516958278903,2.82377088068098,0.594581237988075,0.477599102181795,2.0506337203516,2.0863725042492,1.75049786979849,1.43377597781593,1.26016779191826,1.43119720280036,2.45855284722226,1.73097467582774,1.49827862128083,1.28169653509433,3.18929193930291,1.21931500313372,0.531469507981996,2.12442905597877,1.28536266828111,1.94074293538492,0.756860107938148,1.15962341947921,1.2313037680247,1.44497881916959,0.464806511450998,2.47639738821618,2.11394810268454,1.09077089971368,1.06584171648474,3.44858660334012,0.554429083222406,2.87762975776798,1.63713421337806,1.61287108252316,2.73790333340229,2.18030521960184,0.753807812613706,2.00443328747134,1.98648553251277,1.16878632642592,2.07853403471612,2.09138999215982,1.1505613975564,1.19578459687062
1900,1,0.957310435927799,1.51039362612481,1.85527652127826,1.96082604014352,1.15419118027209,1.69519023062083,1.88468604873473,2.7364590709532,1.60938652676321,0.765089014390979,1.97045863847354,2.39289352232666,1.73004862078812,0.83036648717566,1.09068470732573,2.37305184248086,1.99838093280745,1.91569425315002,0.715153417182404,1.26991488213625,2.96521686779825,0.71369247213912,0.433788660920915,2.14250829345896,1.30896289152098,1.84756391706134,0.498567453006221,0.609994221076005,1.08497233031383,1.3491346411948,0.627170543449183,1.85389908229488,0.764580556068096,1.56946797300356,0.714423498474327,2.39811673089736,1.89709339604369,1.92767706652807,1.75665884446548,1.28014735151877,2.37570191491456,2.24381829707739,1.13313994825126,2.12248623260238,2.03016924116345,1.28128098825104,2.14951721768327,1.99193897073909,1.02966884979418,0.978616941944014
2000,1,0.199519347210222,1.16860580707444,1.37162962754702,2.91815043239249,0.452454705087967,1.93357078672173,1.46500187925312,2.12915305807504,2.08607838593166,0.705992015671308,1.70892217094821,2.40913765858395,1.85933275102028,1.03532900471339,1.19243270887608,1.50275922197553,1.79940312756468,1.88547159740131,0.133232136212254,0.588976930141313,2.38914284903977,1.20679031101226,-0.00437825297823635,1.99433741409485,1.77845919367646,2.11729322795151,0.598635617951056,0.434724956221467,1.44909176900763,1.13866717500105,0.759656976988026,1.90603661286714,1.33664644430938,2.69298725978497,0.432211215387366,1.9128919800172,1.92939803896897,1.62697783100756,2.48959687105983,0.969233633130143,2.1945579249712,1.84484663891788,1.07171668054876,2.08293108424539,1.73568607625712,0.665365662444171,2.32416721839216,1.44747178230888,1.03813053220479,0.907983476178651
2100,1,1.45556395002599,1.33334880806569,1.47167267937515,2.92899685098315,1.21839256328774,1.49966925967912,0.485850271511428,2.18552266372051,2.57172786308368,0.682203873134121,1.98065964384842,1.85065665536032,2.1376178791717,1.25265807963541,0.825893826264529,1.9918358465607,1.46222563589613,1.54993894433963,1.22320476827835,0.550726529571947,1.78024086981196,1.75452702842574,1.33747242242671,1.70035012125011,0.820192688299345,2.22568143537696,0.743528982488146,1.00555330937413,0.715966378799725,1.00024212667142,0.799126883036833,0.694743650647392,1.77384002666748,2.65003118520244,0.910810965536172,1.71499919980605,1.57788300526739,1.09282668768875,1.71946585406077,1.25705150977651,2.15813623738996,1.2017653222959,1.79526008428068,2.18693036964412,1.64500210003045,0.691923522177618,2.33481138042946,1.06154438940566,1.42654681465246,0.390040039363409
2200,1,1.61671439185184,1.33883583705898,1.49685527726175,2.29834470075023,1.76800936244924,0.962534199427611,0.646598043970223,2.23184980328299,2.59868868539513,0.32869502469677,2.23012801163211,1.83515534830874,2.18992353694766,1.58434314033429,0.426326963520045,2.37015389124037,0.891679764960994,1.1632953812022,0.932369468086923,0.743554523597772,2.09938197459504,1.03240997930259,0.790930035897241,1.51851739256737,0.826710118958953,1.72756190152815,0.836761956905127,0.777242647164541,0.811009457368843,0.61533254292259,1.62319289290659,0.58193444868048,1.58716691308504,2.38254173858944,-0.0691897280339757,2.07437890633445,1.09470538752451,0.918048961496638,0.908011979658677,0.722192093468651,1.58770598374252,1.6065822898275,0.215907521250757,1.70915707370585,1.30014474908669,1.03025733368595,0.955721910925436,1.06482479416594,1.62737440443955,-0.18159766569129
2300,1,1.63950095950685,0.806720257933897,0.709809187586927,1.73732762871198,1.60530013563904,0.980312120258335,0.960178174598836,1.76797435260236,1.96221682607227,0.748326079666376,1.57312090418733,2.35023518153302,1.96867123796766,0.190729753108876,-0.437184235158625,2.21289679350648,0.811504726920389,1.95267249417841,0.783771191141297,0.361974813978156,2.49972492508728,0.0390882551438512,0.494768690909031,0.974790261400177,0.791334619314624,1.39414050454523,0.134425697012081,0.303408842346103,1.27894102770978,0.22491062320098,1.01360857673466,0.886272238637569,1.52538321503988,2.71020341130459,0.528689239265662,2.07296119477283,0.98303340990327,1.30525427350552,2.49896157772271,0.239398861657975,1.53201480240457,1.40718992904149,0.311742649377244,1.34364793282128,1.83034414632649,1.16621892153043,1.02333785842097,0.514489656574872,0.817558538128846,-0.248697358810512
2400,1,1.93663717471808,1.00995058678897,1.15743316696065,1.98220564359963,1.21447352306483,1.47097420714241,0.567294881930186,1.11081489418826,0.973485687734746,0.650309662006053,1.1171845388453,1.54717573167056,1.38051804544574,0.782875103660015,-0.503444207273388,1.26603220330673,1.63113942934633,2.02091538599873,0.453641595857464,1.00302916419562,1.60765824874732,1.11186156949174,-0.27164260947785,0.711394472235845,0.550281902161554,0.690046651793395,-0.63393018875951,-0.0654121806115038,1.45669645490378,-0.0367866439907802,0.0553291826514923,0.871669307803891,1.14084837292738,2.02092927911431,0.696898046521983,2.22271689260446,0.333788187171123,1.10906996617893,1.47814617649351,-0.262541323923755,1.09965647925403,1.75399339506223,0.432152429441292,0.455232867726241,1.23057514379238,1.23314500009653,1.38744711744906,1.16603669885819,0.440212942520913,0.326932814815525
2500,1,1.46130964119603,0.322243899428755,1.232772595966,1.59410522183074,0.228696522559608,1.57328974551484,0.0617456153072491,0.979452313311173,0.717680351878991,1.43176305176556,1.08248641397536,2.48426393643723,1.49427278376156,0.0145030454205064,-1.00944369320371,0.708142104084709,1.98539710348107,1.53204126889792,0.485945688026132,0.595210046087582,0.784984304224627,0.529538649445006,0.720867521244248,0.604885723000969,0.452466951589324,1.13381233973989,-0.333490464707408,-0.374655699814876,0.441373704342207,-0.330933727767927,-0.624089485063814,0.0462511412290267,0.652388043873588,1.92979504083041,1.37817301471411,1.47770555501324,0.0435877821296262,0.522777850840265,1.14462422760154,-0.246956389742074,0.118865914413928,0.385413886560636,0.703484846113442,1.06746747747478,0.44163912113067,1.82473234224857,1.31063766346993,1.64103301776887,1.28164173216586,0.909407414610944
2600,1,1.84524383366622,1.03400424150981,0.853242102542729,1.45235574427768,0.54256894591393,0.382085697145335,1.97620350724797,1.64779502694535,0.750089780399764,1.40137274074886,0.906469271606611,1.73244930580508,0.779183500778594,0.171504485240057,-0.392148812969815,0.800201736523592,0.948087227502902,1.61454314467978,0.0306689607136394,0.0497940063892475,1.30010653458668,0.244015256036879,0.770068644424911,0.64165214896451,0.534514986984079,1.48834143649479,-0.0549471697776935,-0.368864927853778,0.124074374265881,-0.318669896846649,0.737721971340832,0.798209186932643,0.420414858106762,1.57043995149297,0.0931846410729122,1.29740862435348,0.0205073384468086,0.645661459847831,1.3314008741122,0.137107359673803,0.206937099866286,1.14183467635215,0.870943163275854,0.723550707086669,-0.39627078486532,0.396887915406588,1.63729567964655,0.64722503813387,1.19000256986172,0.0245329637969049
2700,1,1.95136061666425,2.20940019395719,1.52811017647771,1.63083988135249,1.40448798891277,0.518609975334653,2.10919007889737,2.06359350994969,1.08063101857854,1.66525450617791,2.01246540098275,0.738891876183431,-0.0926421606852876,0.8892403497443,-0.0901045841685812,0.635931787463288,2.040736216441,2.35882046394765,0.67905022132921,0.428707489132816,1.47608849571196,0.011294848377881,0.386431641286223,0.625513939090838,-0.143485519968256,0.924478506356625,0.185655310011309,-0.129748466700187,0.759134284003603,0.627844210172811,0.463004634991857,0.72269773931581,1.59158482582561,2.44998783299773,0.58334771092032,1.28920798066595,1.11593236789603,2.06854253614682,1.27262358706913,0.19090780672586,1.26129116047456,2.01100144172085,0.702324696327569,0.718953302383605,-0.252317406182834,1.40396876318452,1.4389863954678,1.15867849572116,0.629580084301976,-0.0851580969690382
2800,1,1.74602492670579,2.6555240108689,1.60254631325034,2.05148712083869,0.646003915473422,0.0194786372000979,2.41241488929831,2.31505614325236,1.7795207554514,1.53904873210298,1.76330380493143,0.800112260148135,0.374285718991596,0.62214266660051,0.943210559837725,0.386750515807524,1.94203007995523,2.13794408371335,0.751472593352703,0.869211993789772,1.08075543393896,0.118785998331323,1.35071065829106,-0.210823231303528,0.657057324981306,1.29856322292518,1.11232784931599,0.333515523741958,0.617745671941431,0.720642866364317,0.866283856254766,0.958085258931054,2.19865678362566,1.70255042614643,0.967551320907242,0.556153386011784,0.729924170375949,2.47304635486679,1.71022185312611,1.27460073900381,1.84213097287548,2.00596522403094,1.06363041532111,1.37958580895487,0.0243247170690779,1.65831616584057,1.31718188553653,1.2308132139108,1.71518751605758,1.85946963632949
2900,1,1.58442957141433,2.22346535233329,0.564515926668198,2.18237916706473,1.17337707273892,0.715134691117514,1.626892381847,2.79979512126639,1.2328288764265,1.49366877671152,1.9235604167932,1.5544525006235,1.23662207904417,1.00762487960715,0.399703837224895,1.43123507999848,2.05157809717052,1.69243920490828,2.16747052309968,0.844812124226038,1.71585688179244,0.514223984777585,1.28920749020453,1.4254129936039,0.178320467970346,1.5416599591696,1.37408507248478,1.0840602753261,0.934460901436278,2.39653320152627,0.27857605674478,1.00033406719842,1.87436882683545,2.29225045093873,0.952252399486028,1.50704055020597,1.2336424935558,2.9272094061366,1.30432733153467,0.815357340126481,1.31856869458632,2.2447013488858,1.63531385661553,1.20792935318651,1.15302672460649,2.01756102453857,1.32380149155894,1.91621657912384,1.96617839082875,2.22515506173896
3000,1,1.43007953692892,1.67189654928809,1.03397984367033,2.68550113548539,0.8986375441473,0.708577304847843,0.942309190018822,1.37235480155286,0.486317923028733,1.54671246775012,1.37924660072471,1.73342883842762,0.631920236127789,1.45252884699505,0.979829009732587,2.08452927978207,1.99784520827827,3.01501286412545,1.80772370189379,1.9043297242197,2.2917190302818,0.78243623735799,0.525552861636817,1.67694787221569,0.235304367836922,1.51969414244052,1.1571721261079,1.8509128691521,1.74296563321064,1.7153500570403,1.24365078680959,1.49977129721717,1.34885301307105,3.23673977760442,1.17962873451658,1.72860463623577,1.44634748625264,2.14928685217048,1.53644619391079,1.00834086840802,1.78274870038927,2.52903158997069,1.51976825816047,1.67782391176495,1.17807966400691,1.08577647672174,1.05307992895252,1.18719415070407,1.60486540421056,1.2664916201159
3100,1,0.857905193680147,1.21308985461104,1.60944636674876,2.81210727962573,0.970056105635435,0.952750411465332,0.882816977511252,1.3233509318443,1.43252867002881,1.15493733762039,1.57219076215161,1.81623931283624,1.32286719972533,2.12814692433904,2.60849168502569,3.94447841683896,2.05343038548747,2.81177265518955,1.86776074137344,0.898730135278111,2.16773513901733,1.42358039585502,0.0933411876940533,1.4341431756492,0.574788009074077,2.52817829799218,1.98926636999434,2.44428639469583,2.53895734458276,0.703999424142942,0.6220535768186,1.8191832534097,1.76903138341505,2.59305888680115,1.32837634891789,1.15018077360967,2.17516391194663,1.13081594117051,3.29958007246687,1.84686740458996,1.83369593544012,2.80721180215817,1.4448992897087,0.363242873261991,1.52752642294801,1.42891908216898,0.184921634327934,0.771379931895106,0.384424222445339,0.98033582277134
3200,1,1.94594117795078,1.22691489267658,1.29267939002849,2.13827377666123,1.63460023982383,0.347008840404041,1.69433558527638,1.63534341085079,1.74075731415138,1.08623675325984,2.13273829283394,0.992360648448544,1.24335010323244,2.1108214952733,2.10364451256905,3.66569613795793,1.78798921451066,1.66509576112379,0.75834247434122,0.197015158293301,1.6357448142727,0.32925551496741,0.784926176466264,0.74460104616696,-0.191373174390829,1.86645716514924,3.10993711849771,1.52949137237651,1.34151696740084,-0.235648969343875,1.55853049726563,1.75543885732844,1.86208100799049,3.29234841265639,1.11485496609923,1.66403324308185,1.33640782282998,0.832905891526108,3.07189452584284,1.16435372469043,1.9999486223043,2.07911179220398,1.9872669545235,1.14130551135332,1.16892189430241,2.29666840190552,1.23976460600079,1.55071707830307,1.00838908536289,0.863123249156144
3300,1,1.50269300500295,1.44484978592141,1.1753423345142,1.1185594423037,1.79306037578666,1.99486435671951,1.97608454739797,1.45462374077451,1.88972153770441,0.833740696846705,2.60716541192364,0.691264079743013,1.44296344610547,1.74006710471183,0.909621142564003,1.54898036897315,0.858616506396113,1.66521639802882,1.62136547361736,0.0977984993250307,0.470931192696046,1.06451236518953,1.8338019386524,1.33078116846648,0.503792407131722,1.38699181483006,3.3210685043379,0.908421681779046,0.695213198125759,0.425317864971903,1.31174215765525,0.819728778203754,2.09745327050502,2.94688009966937,0.564749765502565,1.44915163207838,1.56769722703757,0.285192590354256,1.89123573782508,0.654649293319385,1.49871674306902,1.93084867672664,2.12056364190094,0.976249132467958,1.37158175116447,2.48593899282009,1.13491055895822,1.42754563994378,0.884046962324361,0.438821604747002
3400,1,1.23684658268556,1.41886695076287,1.16779071692541,0.904957300645892,1.49812104416783,1.79107922770087,1.21453476918634,1.52976685363314,2.51118913478172,0.731851048538271,1.79015483366229,1.504468567747,1.83973728106921,1.38189532334805,1.42389105342872,1.48253712609325,0.401780354248409,2.11922195713441,1.46537401088003,0.706649683958116,0.815786115710677,1.68962534760732,0.989250071340829,1.25908231607891,1.24531745217145,1.40098670678182,2.09341374036248,0.713145511118807,1.69135341449571,1.78488893424936,1.09138212911583,0.259220140050311,2.10778002102819,3.10929190754482,0.918513128977804,1.31957650119951,1.33904932266624,0.803787623228864,2.20944635135706,1.90144333523242,1.76957183532894,2.39093777569582,2.36278520271294,1.44403141784136,1.86358652257708,1.62487525701063,1.60355175717026,1.22078219635533,0.212044492304315,1.46353832449779
3500,1,1.14711553601189,1.03576240738343,1.08095774934556,0.661462747141936,0.970067435687634,2.12018163389122,0.328221338556303,1.75085596818784,2.60695147155305,1.35263419935555,1.36689434317881,0.775436815257281,1.74114085659528,1.06837447604827,0.664330783095058,1.06923982217047,0.894058218004195,2.28646989661125,1.45838676848874,0.354360022392028,1.76415469664693,1.52909335019807,0.891427342948053,1.11324199900572,0.789171437406557,0.391640196140596,1.42699833570257,0.67187545642757,2.48187678223874,1.53329989834989,1.78510190256226,0.109090332958128,1.57317174529513,2.14274768641022,0.805254315272384,0.662782163969056,0.234969256690624,0.824781628865761,2.11772567471256,2.69589101093939,1.40243115998189,2.00555730483091,2.5521183669287,1.35366425084428,1.27806969400457,2.47324675810067,2.14576074746583,1.96472685633428,1.3509157318881,1.44664954565065
3600,1,1.80623414428199,1.88182039666505,1.7434519009155,0.887657808540845,0.319500113458387,1.2295385584724,1.08878268367534,2.24828838105077,1.6521777428641,1.85307792771792,1.15003050602338,1.64991318021667,2.03976895794784,0.802917034928328,1.98940276426295,1.62392516573014,0.638069084750837,1.74939879724419,1.73549632816288,0.472653409965299,2.15161910582173,0.739094181183762,1.06491846344766,0.871801886117974,0.152155257076783,1.3717233681036,1.5807329281284,1.07394470650936,2.16152728096592,1.44041552110828,1.74915933920115,0.469873667739493,1.83614453063408,1.61283129913033,0.859668553643426,1.46122618597613,0.390707553579935,0.578072527414656,2.17723053102343,3.60507097313145,1.4994473363012,1.65267734595266,2.13788129674397,2.70116223715771,1.12198593248377,2.33680494614209,2.96389977462799,1.72942411495413,1.94587069608859,0.591668050782581
3700,1,2.33687758716928,2.33609763491894,1.30558559101409,0.858106803986593,0.576628302338631,1.28986674152778,2.29747925241424,1.27490626911584,2.01341845829508,1.37208592883291,0.738684715012851,1.33826377478614,1.67530796686392,1.36648590125022,1.58849181699179,1.6204189712331,0.165629036061373,2.25250265403997,0.874014897369777,1.37115261378065,1.65992194839216,0.487132512239293,0.623889079965702,1.49191013687321,0.716694777250504,1.82163180275008,1.39389561028033,1.98446926187646,1.68296016293947,1.78440771134692,1.48426470008302,0.772595048098387,1.45015350394027,0.911996386640921,1.41116997507267,1.32596610521189,0.228847758515371,0.287088312656159,1.63589652211812,1.72632435621125,1.04046695512834,1.59256507120715,2.09409638363125,1.56187872610235,0.698562561289878,1.7398729160875,3.40574664659553,1.77327510245841,2.74868836244632,-0.731969910479768
3800,1,2.08070927329553,0.718571842305883,1.48741389501211,0.214540493666923,1.05188530963958,-0.331919614910605,2.70634761661085,1.4886025135028,0.850049455712967,0.495547546112506,0.99265744876966,1.26125985010819,1.03019511966384,1.26346709356272,0.55483508095416,0.327287855847688,0.192204149721255,1.06829060298655,0.979663160636359,2.014149301966,1.95487386505867,0.154733586984533,0.536570100785275,0.975581762076261,1.20956183129726,1.73130692977894,0.984907691751953,2.43948196197579,2.06480478826258,2.06814602410861,0.394084535384787,0.364489412097626,1.66802097455312,1.41700206343823,0.767331769714674,0.791137851277296,1.12805814844183,0.307015481624398,0.712439690021358,1.81838388162164,1.43277581399314,1.60670592205514,1.98136474793601,0.928724772714786,0.799369869655119,0.628880564541109,3.22241456506269,0.878522356316062,2.0444406788708,-0.0575817856197964
3900,1,0.955974878269066,-0.178195059617994,0.743184922273135,0.760002742765102,0.742220350789869,0.289556415047619,0.731095094366577,0.9970770366801,1.11831938723252,0.146927385444553,0.327028739651712,1.83176819543486,0.970005687173691,0.608974254455423,0.772936926212258,-0.0176928170239443,0.41002933714572,0.723818788735924,1.14788644693419,1.80413121271051,2.71636996749507,0.220824713905092,0.350536787409766,0.239704091050589,0.694663349451392,0.789073797416285,0.165791949126279,2.19750067665049,1.037301673327,1.46608736888405,0.52214192489921,0.145959467903009,1.50923181896836,0.912697873566892,1.3944227873863,1.55221058371833,1.01513468215815,0.344655110281756,0.923953523216082,0.891404489525595,1.18839525133522,1.31355649791761,1.06396808030115,0.891901926085741,0.511859560433784,0.837713676650057,2.43911979086542,0.725824630723473,1.36381438333831,0.0737275716677539
4000,1,1.59048181987819,0.394876445824393,0.339326937391163,1.14804432730346,1.42433824507004,1.50548776856402,0.656294824914661,1.09768931700644,0.95491302636373,0.467685280521631,0.043005876384733,1.55266573418004,0.773179755812782,0.574349533976045,0.106876122054255,0.814619654242732,0.437186683878486,0.688909735576688,1.58633519166735,1.47848255599519,1.70637673276589,0.733004716418878,0.57078272255436,0.225616691548069,1.37125019430274,0.32471320935305,0.947706284987798,0.658298484056557,1.12691435465083,1.47925365864565,0.671221611819607,0.62794633628011,1.4308306597874,0.416743395500603,0.653990226186214,0.737877594283449,1.38138513048882,0.721160259151782,1.19279328666514,1.44653329100635,1.5863360589618,1.71053656924793,0.54835211806154,1.2632538296405,1.30986842243133,0.963677806744124,1.96231037675062,0.756252896417296,2.34719786754206,0.455439534695392
4100,1,1.53728711481513,1.55960976407463,0.920017902531283,0.759823587313914,1.37972938604452,1.42359412735138,1.31492454481179,1.1628987961024,1.18314660482301,0.997745971062128,-0.024340092152846,1.43765301360128,0.602593821618502,1.08083775100179,0.918198647020764,0.866547734964857,1.34009559038556,1.01506519548617,1.30423335704559,1.19012292339739,2.34813502525117,1.68688285705604,0.402700351635671,0.451759165188945,0.495324323267927,0.684266119940139,1.03125847938158,0.459713209663579,1.23481059434891,0.481169053192116,-0.154825040469811,0.906138177711683,1.75808586730458,0.956995810470838,1.06173804574412,0.298023397379764,1.15355208122507,1.60094980023857,0.319595499546419,1.53214662037678,0.567601028755251,1.36877514456565,0.268226583424332,0.944053289952626,1.07692022706002,0.727343749874725,1.56241476969308,0.675361922188858,2.0890572284089,0.548698197847518
4200,1,1.08291557760944,1.9044486434145,0.952769480182184,0.387410729410581,1.15468667638891,0.424497774977926,0.396852897452196,0.627005226522144,0.813550047545702,1.71502470554277,-0.0312094715713152,1.26496774900204,1.65939121046535,1.24145557356786,0.932313453021111,1.16413894831293,1.22997201237445,1.25274634041067,0.705799888929875,1.60807059792041,1.73845278842548,1.3178338741442,1.7581348657131,0.601732811419152,1.4061387175819,0.854778615745287,1.54445950993323,0.448339997613609,1.45466983472572,0.714151941266736,0.384647554900237,1.71725082655636,1.50225404912135,0.959834081730597,1.70049870576967,0.93571355508406,1.14826382218941,2.18844492432866,0.242973453320786,1.26560808351223,1.06858137098058,1.66741042810229,0.0913889739803642,1.09206693807314,1.43943497047332,1.24359565536663,1.33537480520255,0.113699600462715,1.90122369541273,0.0770821123762613
4300,1,1.36007678946499,1.87066480579286,-0.107937797784992,1.36748285570715,1.02114573736571,0.550157212610113,0.469624287373692,0.202733920010916,1.84259439988155,1.64238714204368,0.108559108562057,1.28026965554785,1.30021850107701,0.598115456151865,1.27721649797518,0.926809641414147,0.586570598967902,0.496982183052951,0.65838249895734,1.49878830505894,0.927499675190796,2.34073197259093,1.15525294340485,1.24864828166772,2.08805023952407,1.65552324260885,1.15984690820062,0.359962428066827,1.75328385917463,1.10888088586753,0.556845598991937,1.14629856978355,1.52514590254464,1.44928116623099,0.802504466228837,0.621477798405764,0.897126801567019,1.66527376319325,0.368402853577307,0.80667145124206,0.315834315510526,1.96811454385125,0.610026978163184,0.819502617186171,1.64102855483295,1.36989312734854,1.13733985116556,0.132206036907126,1.36897092634822,-0.134366235456941
4400,1,1.33007983341642,2.06556672596569,0.70415258219839,1.54624992947484,0.939359788306416,0.63717208109381,0.0089696796032015,-0.275195360619246,1.92610535256113,0.990078743179998,0.122177521869529,0.441675159590686,0.371510440988905,1.90516247162769,1.85064759656786,0.264698528240441,0.486264148879311,0.386092850747918,0.417849357930441,1.79579912131348,0.742600817104837,2.02151489765595,0.948881368147588,1.3962012993348,1.33501756489709,1.74793923546427,0.656737974863984,1.34733272115231,1.91376243249882,0.973330202815708,-0.0726719291800715,1.19096171451934,1.1491927179483,0.893251085718796,0.236578498606494,-0.153283205795568,0.887881284959227,1.81078743676717,0.776169441609892,0.632103400092046,1.01149544222155,1.3674321266059,0.223369554997668,1.00114709073388,1.60896563339008,1.06969880843224,1.28547755788295,0.835894727530327,1.43526947431336,0.63201172223744
4500,1,1.74963103323326,2.30784132821851,0.274860614362745,0.96518618729068,1.61174683331978,0.395390521457305,-0.108044373613702,0.0156356272149072,2.04284963370119,1.46114593485591,0.48515900924548,-0.112526523308617,0.909006638223291,0.973951493151028,2.05840553256349,0.263684018445101,1.01680871761479,0.469437275163661,0.799920272395843,0.791434799546155,0.651138114348947,1.09524486658522,0.73169504815287,1.55856326797198,1.48753962269676,1.26113483819378,1.10708988926411,0.120949335365614,1.50221204594556,1.71808435554946,0.861834399920683,0.860041321368734,1.90506049252147,0.69715662488701,0.265186727800148,0.955808519458546,0.70313883845175,0.537442987100213,0.421202665225423,-0.200679501043059,0.895857635127974,1.57795684427733,1.49092389304128,1.15482530574737,1.66304505669264,0.856313772093276,0.481955205310098,0.272640950209811,1.55617991546235,1.74461084007493
4600,1,0.736134519281018,1.52996625729181,0.37129407002284,0.797096199455375,0.952787730979606,0.964743014019667,-0.122024668045808,0.372765072865703,2.34860647330644,2.02440359883874,0.761727506153633,0.828848540850174,1.3679446817413,1.57734996885813,1.9465816516046,1.31565899969895,0.993663475789853,0.910539668698911,1.3352708396764,1.56434167904827,0.447268172735259,1.01873206014413,0.000578297943390149,2.12325616970782,1.85264058961138,1.45156764424184,1.0859883964804,0.897027655091962,1.08830070636608,1.59845374023631,0.86119972626166,0.662417998858173,2.19062426321059,0.804799175786954,1.14639710235655,0.974990659049065,1.04595987246651,0.856473637973028,0.962977217301658,0.337748010926658,1.08376514953853,1.58922461550708,0.861822525700021,0.89330580035748,1.52601727387662,0.984124151810778,0.938002259642337,0.681457065690398,2.35791836703243,1.38230129244287
4700,1,-0.177489300785984,1.44380491710578,0.588202468308047,1.10474636765394,0.470196933159269,0.866819676951531,0.781376012433485,0.960978313406693,1.6353269968286,1.84773977396007,0.0819719159236207,1.45828826584853,1.29805996183819,1.08497277760983,1.94563536821818,0.131731785164353,0.955461648702933,0.861473654873131,1.59795287107879,2.32474842497233,0.329424219573809,1.11626257845506,0.816301482108406,1.34365354142598,0.964592776832586,1.07643860573072,2.23896124376567,1.51210001507366,1.59303098379125,1.57906906290764,1.01922895283393,0.460739917060708,2.23557769561575,1.16291109259001,1.06205692152472,1.30560757406064,0.824041202689568,1.17659583549968,1.16845639583509,0.488933186104121,1.30565839480482,2.2084895801993,1.90787185710487,1.82500538475569,1.57819385229589,0.739680050256954,1.13313318198816,1.0004298609629,1.1793660496641,0.163217304159806
4800,1,0.168235048907157,1.03778949027871,0.162755709640973,0.551365092136565,1.90368215174916,0.706267984273449,-0.330902824793469,1.35223469067342,1.91542255226236,2.08005420747872,0.149442781953999,1.99335360510219,1.42146799152148,1.58379041249961,1.61091560528286,-0.0402156015613522,0.538337616543582,1.22875669982416,2.91831096525117,1.63725329964725,0.421653506988627,0.890595039399408,1.73156212797464,1.7244854217127,0.432315508560443,1.36539160583835,1.67550066113916,1.01036871344932,1.46676890212981,0.4178878249611,1.41237838045463,0.83231221278267,2.66295187861074,1.20025552391451,1.27502143227931,1.00059038233714,0.914380209006675,1.70636182077068,1.09945669426094,1.55725659090236,0.75691041132567,1.59334381386188,2.15876710115895,0.91003055250737,1.25415983109359,1.16076568397462,1.23765406098494,2.22135474798798,1.80540202274649,0.646101460767201
4900,1,0.493156205582781,0.675585228957433,0.661907398449001,0.819861449169907,2.24792794248186,1.0811501015084,-0.180652665503585,1.42584148037857,1.08131526003153,1.93398728168875,0.578771031440468,2.77204122812068,1.05951151920245,1.3964415080174,1.70763683102974,0.470392672247023,-0.0887288543301785,0.553454107537258,2.43732369515323,2.47882440317645,0.534003050712801,0.520277679306083,1.07378039372134,1.58993957133194,1.1654639882136,1.12616479552025,1.5875842953346,1.20602335423572,1.55320903978628,1.29279961876332,2.41049030451875,0.216089603744346,2.31735842720039,1.36223331531592,1.1542946465869,0.817705417351273,-0.0444879097350059,1.7529707254254,0.942341632216192,1.62350550831826,1.14432262047267,1.97873621803001,1.87352361839449,0.696692811154317,1.0047877266297,0.810890241174805,1.87530404952616,1.70843559186415,1.60135884122933,0.903055094453851
5000,1,0.725186037653238,0.639045933382366,0.600211236321296,1.00463280410169,1.54005080772114,1.55696980334303,1.05510877628121,1.44724727665836,1.40645507773881,1.2617988078893,0.67139967643001,2.85641077700943,1.04147155554358,1.01451304721969,1.87212313550503,0.744137836123174,0.155839058852098,1.55685775227458,1.62411906437164,1.8353693681472,0.498622877480653,0.917584858051169,1.06006205962519,1.18525903707391,1.01258281999654,1.51147430555647,0.770153541050955,1.05666027995972,1.6901081801398,1.14214962292657,2.45629490217872,0.234942406470216,1.87329422323889,0.660249783972685,1.5242330019102,0.404371022789933,0.809204747476955,2.2189855751419,0.250988550297568,1.01474935648736,0.447283007808075,1.65199447580577,1.70217027379361,1.14045917693645,0.405979668508118,0.311210773729563,1.27489730000157,1.84569829376043,1.71794399305543,0.838169812234592
5100,1,0.52165581543925,1.45691035785294,0.85654608909723,0.728685220884031,1.39444536922639,1.28532216683917,1.33267324121778,1.69112962598363,0.9230818053,1.04591676961998,-0.145369052906158,2.71125110178941,1.40833326815208,0.798326954761104,1.50169587777345,0.358781000003575,0.475298689454964,0.704417207592239,1.42207989608595,2.14956462657356,1.26466030952347,1.03257255356033,1.44477342491084,0.858170006694615,0.711938967841601,0.970526429409951,0.946870310638124,1.28066668860743,1.25489669728386,1.86305501091745,2.29429361606069,0.954890153469808,1.34318081163035,0.252581511126103,1.68481027153467,1.13757672117482,0.800917563877736,1.33495687044825,0.353818202799304,0.84643590768812,0.1230603028445,0.563858249729908,1.65622262791007,1.49465901854926,0.189336834054194,1.67781086377608,1.67759166286882,2.19163712557449,1.71038773642275,1.35763502024571
5200,1,1.1047586563447,1.23001692024124,1.74360608402786,0.556684380421651,1.15279142821109,1.02431500406458,1.08581578898327,1.0418066746406,1.47770446246143,1.36391026193624,0.57306201573238,2.44023348295045,0.136572834137972,1.3366487340233,2.17894078655507,1.60644837755975,0.830776231042557,0.537225330102322,1.82454589936559,2.2524771325556,1.32751327123834,1.33916670428564,2.1328106786277,1.27209786454192,2.59505076778813,1.01995128773694,1.43468455058228,1.72445277167291,1.68033537228193,2.28186306554582,2.80760202139573,1.47690491913329,1.39553608895458,-0.206656815797019,1.91014585280238,1.24357378857218,0.71438046966288,1.99971965075605,1.02109963020211,1.35921013599649,1.54240578237184,0.630593610559174,1.13306862818444,1.69347065756915,1.38305369083279,2.32471353510171,2.12811130635411,1.57862187915751,2.0958351018877,0.361281137095055
5300,1,0.621097807034743,1.24381365418842,1.42559317002589,1.66444382134644,1.00677164373454,1.8431670379972,0.269617902551684,0.227363116970446,0.741183922860249,1.48425613649917,0.557247067548456,2.21593478331606,-0.251278649289964,1.1613045395952,2.32028529592585,1.98116095421049,0.813150042678145,0.643277652640564,1.8875779164143,2.23685165169203,0.752666080957966,0.891982745400903,2.05138061558808,1.66588166801338,3.10320374444579,1.0184318120706,0.270123640874562,1.73983854294871,1.48096175431512,2.31403778415095,2.45386988046004,1.29826470521454,1.04240162123227,-0.192700471304593,0.644459830941475,1.63553729754622,0.634892430606317,2.07664155216702,0.612984774791198,0.843537073387567,1.23854731566744,0.766542193166553,-0.10762120791463,1.01892444963187,1.69391106298382,2.23628474905815,2.22447281872941,2.19010117828423,1.86959105039585,1.01765934970626
5400,1,1.10005509828743,0.488686322896223,0.957888488648075,1.06585765037897,1.76821957454427,1.66999347654804,0.437713018945443,0.381479131290571,1.17241136734916,1.48533574856355,0.762491305764946,2.1814601876621,0.174864095925916,0.596467195540506,1.71633960128393,1.96210642301802,0.50426484487529,0.616486514938016,0.853053080199941,1.74326256497421,1.15701292169781,0.966854935508331,1.07349606570396,1.53610120988184,1.99502224995899,0.206379194919937,-0.0712025169840704,1.15378107631806,1.41111265644938,1.38072782563437,2.40246890042192,1.62643853978128,0.648980435763258,-0.27629913733571,1.26264297737415,1.31350878091901,0.488776270968811,1.25180438366719,0.725514487963026,1.78614487564737,1.97750722109948,0.546001042665546,0.578535397499654,0.602001805471327,1.95894005357413,0.711923030754174,1.78122250540195,2.35166937625614,1.81818641999065,0.82298138314972
5500,1,1.3918153632475,2.114642817875,1.2750455001548,1.41178698110567,1.54528627198632,2.07921628276139,0.781364022142731,0.126686703650617,1.90443112285641,1.57285801407365,0.832242121209883,1.67920276971356,0.823138195582848,1.19329135163538,1.64446333905848,1.34962944736486,0.748347587715064,0.754842670285671,1.04656228673094,2.01552003732315,1.24994079747859,0.756787160296698,0.938079445730045,1.09921083794354,1.72638584864331,0.322450330287617,1.29770763036629,1.023814356913,0.927851422068145,1.13756704165077,1.92283612814539,1.44454735598059,0.269384539700063,0.351087229400604,1.11410355365767,1.77941710913131,1.23714169510034,1.40837138184694,0.364088372867507,1.31383032581429,1.71275666837577,-0.203820661381108,1.54236876105832,0.813523558127968,1.73102978067264,-0.260785970044686,0.987586026828628,1.17499129144217,1.94422943244852,1.45768657930025
5600,1,1.06844095361057,0.953027707365445,0.779485252252275,0.201439934660598,0.791831660684376,1.77792075112972,0.102835090295102,0.159933596495144,1.2345461479208,0.276046811779658,0.527021983417687,1.93422313987439,1.1775053809872,1.38516180085394,2.22882705502407,-0.182523352113242,1.27822249739452,0.510806306823211,0.928743739958891,1.17698712240784,0.936206062317,0.803467933487239,0.459071050947434,1.18092317809228,1.89853807125066,0.109109661934885,1.17845664604629,0.655803070584822,0.281419444076123,1.69502335862052,1.4369488243676,0.971926278908022,1.15804273767748,0.737900557391357,0.804808150729837,1.47397979152836,0.299767078321784,1.68983942942592,1.38424730131269,1.25688656911161,2.68692082408722,0.254882681103449,1.78708592862071,1.85210871665949,1.45199008274709,-0.274937668507055,0.30593740188453,2.54068758334354,1.20921389447439,0.498575778945015
5700,1,1.30337494723341,1.3021461710182,1.54047295056635,0.313251382451426,0.0304853587875649,1.20529879377751,0.668295275465154,-0.198212445725358,1.09775397700993,1.02276277510987,1.25995733898173,1.15381113442225,1.67946140659435,1.71500069304083,2.16041299286419,0.460761521152186,0.667238891702581,0.522110163637195,0.512322069786654,1.99750741906128,0.771082621127916,1.13150966402666,1.0132884566956,1.17772156872875,1.9411299852979,0.751747722689131,0.297527604712413,0.435903295107279,1.00343717766807,1.2894873387433,1.6034466356226,0.502516522170132,0.241564629820978,1.37155804588289,-0.123216541527536,1.36546499866655,0.818006042295188,1.13719649357509,1.16037755753812,1.28306338376828,2.93213873998664,-0.828255618509085,1.1319602411415,1.33524070749004,0.734494180538833,0.492151359353384,-0.166187457007946,1.73299157614019,1.36347772099568,0.0929417357129536
5800,1,0.454625073396071,1.59179477986265,0.903862198479341,0.279790303535973,0.392322459183309,1.4604929519071,0.215971518391597,-0.134148890005261,0.893473894767555,1.35188200980798,0.491667223631366,0.787003282029885,1.35044202745754,0.53940707266577,0.999771949493837,0.881594425882334,0.403913293096444,0.658193504173771,0.9372693810015,1.21406759621202,0.626445492877695,2.17012351069096,0.133263971033674,1.79111123715247,0.986750041474853,0.962636722650452,-0.155972086666343,-0.824140786508219,1.26275299682076,1.86466279371008,0.549087255857724,0.884010575486109,0.307346039699266,0.967508421066792,0.183026437273875,1.45928125476727,0.380276049887424,2.32267555176769,1.40386998993013,0.661261890117417,1.84953221346054,0.252846542102985,1.55451789050832,1.03171605407411,1.0220563880656,-0.122387891470978,0.668497643649643,0.743561603448933,0.921409054525888,0.273861984027167
5900,1,1.59957650101289,1.47521301213021,0.0518950720440581,0.0445148491235565,1.48985621533863,1.00858282374651,0.95335850241349,0.731483764444537,1.04382173935805,-0.33868229364319,0.587882893290255,0.202869336419516,1.90376573857092,0.844349443487299,0.387320166173148,-0.352409855486202,0.668832997719979,-0.182442240015399,0.908415896534699,0.481209092971678,1.38368735414809,1.81902675674659,1.072926201398,1.10784931875851,0.895676365088687,1.2161700191447,0.790995052681158,-0.860344945425703,1.17722292388542,1.30483128520455,0.74893439897121,1.31706360557925,0.300783023593776,0.837474297294204,0.534166882315939,0.286490938409996,-0.0431725333705155,1.7096714809459,0.746979558992456,1.27948672586578,0.342904570469829,0.337546613007397,1.76779007276277,1.86716838956184,0.336917693530851,0.559756253235198,1.33890486285198,0.743888601686595,1.12296037766426,0.371877718029472
6000,1,1.32239505709782,1.46870140793691,1.08580809394536,0.453252041339127,0.6003801681726,0.82207994280652,0.495360187922667,1.0380254127411,1.1201963116955,-0.0666816776467609,0.493495775583375,0.0898274417496616,0.504204193918817,0.853894596988597,0.315026473828248,0.656128747182875,0.310385794987578,0.556015464721362,0.8568277225636,0.592214717303555,0.544852769895064,0.72142519338498,0.685104506312848,1.29330161960029,1.26569521644671,1.30228103233877,0.833882508949987,-0.177664046508775,1.73789314926585,1.26020775078675,0.236005471132477,0.264059417178898,0.24914971024493,0.52036965846275,0.363667753320213,0.234495816948817,0.779501363578792,1.53715100488323,0.68907335546245,1.39654686717072,0.573925666607423,-0.365895613119619,1.35225168371418,2.01733333161486,0.630528673707985,0.798934739749523,1.84328852553548,1.45066250433287,1.30091534330138,0.500748343320392
6100,1,1.63638808816328,1.36623766259009,1.31602785482835,-0.00124248768946744,0.747217785894583,0.944187126572453,-0.161894899781492,1.22974643842177,1.57334066775695,1.16315036914139,1.30921783513334,1.0213088580954,-0.169283975840377,1.84850612013682,0.373303510473755,0.725523458756224,0.356454182660668,0.366179005671252,0.87845213476021,1.17688613093647,-0.230011088286877,0.896967304111024,0.55528349073278,1.51307015075004,1.37653358620582,2.2176993692578,1.25718827436995,0.19744607819284,1.61155492633378,0.6262298998183,0.526192974816211,1.01539938656801,0.716523549169392,-0.11560732163967,0.901787600207917,0.36022570386727,1.48849402251685,1.41412787305864,0.597955836058767,1.98601187571938,0.431139131292117,-0.0651834361860304,2.2710930068012,1.14437470421398,0.954279450802387,0.768646125430215,1.22284459234866,1.47580025865796,1.37644060334159,0.380454020340131
6200,1,2.34140410996297,1.59698433528018,0.953387930202943,1.13734640270182,0.224210359848784,0.228455460619333,0.0686013453195549,1.11427970397263,1.27475874368546,1.11734214743424,1.68447065076015,0.673234769534128,-0.231967080521195,1.6176423863328,1.66990342226607,0.994592781259486,1.0164778682126,0.917351040147696,1.23159002170728,1.08003412101562,0.648457745298644,0.707890595403223,1.180803534212,1.81548009579775,1.83651817168656,1.86082912591634,0.73236843919856,0.876853046004096,1.75527008592967,1.33955283213398,0.689454500935929,1.26895935245702,1.07950018063645,0.152284863578473,1.93167774953845,1.06737370174802,0.863167917913835,1.08026007552244,0.370303178887694,2.70316909429641,0.961737787715263,1.40160173705939,2.21576550177004,1.55310956666074,1.73100285809626,0.746722862112636,1.01957147482446,1.85461264663683,0.525264234202988,1.14847100441864
6300,1,0.93984371051543,1.79654173513303,0.779150907338473,1.58892894833174,-0.102649181794579,0.930288618724313,0.685802000492551,1.68513491928192,1.48278187504239,0.556356596177523,1.4838842801899,0.318728482798415,0.169205132165752,1.24652903706916,1.16742650726346,1.25420246667054,1.24177170946508,0.753350224812517,0.789322232443591,0.969061438613441,0.672478879907695,0.772665809952517,2.08017626754362,1.93502745229445,2.01087384596525,1.46878712692563,1.78089494928589,0.2770746617134,1.64267446369461,0.707400266381802,2.27234771191599,1.61634719388797,1.55855007482782,0.502443931034034,2.15935573400417,1.19712123090391,0.156227805238157,1.52813894955386,1.58390608580748,2.23314667497253,0.318283045033872,0.843561166518234,0.916170097914276,1.54393710895264,2.19875180510876,1.84949477894492,1.64049993542578,1.69062295246942,0.792558477948458,2.12544692049431
6400,1,2.32995880408984,1.1902344574338,0.474859594946652,1.26431936923877,0.185653580667466,1.68850944969653,0.316204006681162,1.57649528162555,0.715302376648847,1.79501101584716,1.17054366010548,0.289789637116539,0.151224119036302,2.23483104790262,1.26845163627915,0.973196560247345,1.20287787914195,0.811407312487967,1.24750958722635,0.225229701410965,1.16844291548207,1.10578898944336,1.23784063897708,1.47114201683215,1.98518949609168,1.72028678279807,1.27309124313242,0.514942237386649,1.27487952089733,0.838723028565221,3.02424832175523,1.75514362807534,1.1942494462539,1.60780511610216,1.47859099480835,0.948452204359278,0.554149353666914,1.38885203709404,2.13578744754688,1.98725663319441,0.921847497510887,1.37551328026989,1.41116561753355,0.458952086304688,2.38527078028286,2.00164244094623,0.871819033441941,1.8245504903565,0.622781829186142,1.97784145160149
6500,1,0.940688165079868,1.85461555211351,0.839242466170223,1.22026399553982,0.567771986336513,1.76901959550011,0.58021289447566,1.65700700134043,1.52564109282144,2.42935523770773,1.11395107146745,0.40413517568453,0.986751127947045,1.95035564704912,2.20298848230504,1.46549671426109,0.572911613446752,1.4760318139154,1.1453297703504,0.349945428898319,0.962951591437993,0.540699935841649,0.752872147523948,1.96927429662668,1.47289616280517,2.44965889294412,2.13013902119626,1.14162083907229,1.52845281015723,0.78784551745921,1.72615431243705,1.49544954814467,0.664503504500189,1.09346701850784,1.57572081378839,1.00162597436892,1.49093994935957,0.989113495429525,1.52938594522274,0.967077544970316,1.07359159074714,0.967904961825036,2.55163707016355,0.550781273666681,2.11790278755519,1.03824068715158,0.886238824940629,1.75354756098515,1.40806669605353,2.26888589628611
6600,1,0.651449383016003,1.23248297278657,0.939021433558408,1.40182761604378,0.116273241335569,0.516273779275629,0.00726509683126331,0.899810667871914,1.49133916211779,1.84469281810545,0.504557333993747,0.468960210109648,0.81407541210825,1.67762229213377,1.50289830289863,1.14907491288753,1.03685595087292,0.475568172360463,1.76827020022052,1.46320369396451,0.0772583315527589,0.38993752198996,0.999089799691473,0.694251028562338,0.686782684255042,2.03957866524766,1.1255940578,0.671864369577224,1.04392702137649,0.835521600852142,2.11507242615111,2.19543548301451,1.10746974235051,1.04926362025989,1.90671952306768,1.7461133460227,1.45483413381526,0.831185342604889,1.4102933162583,0.808248645947511,0.900056026169537,1.44198241443982,0.798223715686437,0.628236072766589,2.05010523714027,1.41757090739094,1.78543502451571,1.1425456261641,1.82326978441063,1.81155313189862
6700,1,1.14352481991071,0.478806678948911,1.34262840647288,0.660824231771012,0.359039147623754,1.47942096488325,0.51768152567302,0.996488226979784,0.302719371032937,0.896299788383577,0.474305825547508,1.42192286508856,0.478059765729776,1.29279899702692,1.48994548894028,0.556370781061518,0.57624944092421,0.693902456976288,0.660866834095615,1.4544569155113,0.0828758042332451,1.10121348071236,1.2813917414458,0.760450997917905,1.09963689144556,1.34752596139248,1.65463652090492,-0.421434309798674,1.85972196139979,1.30247090826454,1.26277747696721,1.83772036347334,1.22261982525017,0.898838053958324,1.9691915731553,1.48715971063898,1.50884859172148,1.06207824059375,1.15376538563739,1.34118050725895,0.619165568666193,1.26703958708375,0.747921298190019,0.33017845825111,1.60970480688498,1.0422570892951,1.37074949500401,1.16299021849509,1.38997925234706,2.03441124593393
6800,1,1.33289692634772,1.26400218114927,0.527711761225077,1.24527761856053,0.186455597723596,1.49088393490886,0.992439636135501,0.783998183230339,1.48397269780637,0.604848861774025,1.27723865631244,1.34292177830506,0.404086819977846,0.922922349086303,1.4540462378118,0.585232098194694,0.0826852824130044,0.791380925688417,1.22425486282043,1.19511111354613,0.88938517871646,0.201799104536223,1.11390413938099,0.866283297226875,1.43325234786348,0.779494669909114,1.2236212332482,0.512419848837253,1.11948132376463,0.772397552108715,0.839254413248314,0.777905510485994,0.146673588163193,0.713112725657608,1.45323087844512,0.738868164215346,1.94533993463442,0.650125653345263,1.63833530035274,1.92067824481013,0.482170800322393,1.25346059032307,1.40165795624969,0.233860536871395,0.68784557666413,1.2234263404274,1.27762107282934,1.48070489224761,0.387270515815521,1.62083914567499
6900,1,2.42175051179857,1.43471941548831,0.932234212513198,0.716309542386303,0.0648551564197157,1.32195253539894,1.34230387186697,1.39463242718665,1.29801287079152,0.77947419764252,1.93613157703921,0.708967969789898,0.788662220115707,0.0388124799338585,1.7096672376505,1.31462175665359,0.545316630681526,0.974721335317215,0.751189533827308,1.97136099056633,0.545219154779095,0.21296624390269,0.799745096965746,1.29507432354851,1.61404747734656,1.08281202693658,0.604084780915508,0.374659412370567,1.19350833647708,1.82991911896709,1.59133574166604,0.902478297743776,0.627309496984484,0.836374512692025,1.93446413219447,0.906501558584032,2.0747237998321,1.59272330100318,1.22331257580975,1.12450848494417,0.81265298502332,1.57991207825419,0.604110666006517,0.335858209615821,1.01627124946297,0.768169749184799,0.732313656051101,1.69707531118545,1.38756740297505,2.55937263823257
7000,1,1.51604727479919,0.903797740476614,0.0698822739160412,1.33384176253506,0.24944200034725,1.41101122602815,0.911771066896412,0.880385760800165,1.22979715502624,1.03803555600737,1.40289996330161,0.79162375811666,1.10143038002968,0.861504412900737,1.89613521079366,0.924136617791025,0.292890478416943,0.487719782227536,0.752953014821152,1.10974055768358,0.738442580254916,0.325811856177261,0.333664808294889,0.805276305524814,1.15042546913283,1.91356709451488,0.774776128894376,0.72110640903916,0.621148033025835,1.2285480017948,1.36895053367097,1.02512708233053,0.203671389533934,0.815457653308184,0.886574223419543,1.32186179111686,1.18031375479115,1.42755653582934,1.4904896547952,1.23407182497366,0.298224284714566,1.08556244976532,0.737306065360627,1.42250806989361,1.45144520787973,0.372371856532797,0.83372517485832,0.547459545613718,1.58762054084167,2.11120193410471
7100,1,1.42695709332569,1.10810477711418,0.711304862851368,0.760757215351617,0.562459080726889,0.732268685474604,0.996520233513307,1.30450883614543,0.678225894869133,2.04339816668471,2.21777036412806,0.630017544282615,0.944800211537831,1.76342705755068,0.79829650543615,0.413127897358811,0.244392035771274,0.197931391098245,1.40377449630021,1.54490606317497,0.925831370520358,0.0112950048064244,0.766492205432926,0.497747521245264,1.05312609779444,1.54353679304116,1.41391446686549,1.65653572892953,0.817399616467571,1.49226022135183,1.64009447632389,1.43850643703135,0.486637589529018,0.046250545871219,0.690748777341539,1.54149339071915,0.332370261597725,1.5277740844769,1.59112723725156,0.94704261762276,1.2021321355431,1.304226686469,1.06034111863144,2.00784520846564,0.717460323711181,0.59044658573201,1.72307498750248,1.56199716408201,1.38102225768167,2.47746671556075
7200,1,1.43616056588168,0.286134298235753,0.865147258143202,0.807945886375733,1.38668968691771,0.543165084993365,0.874475518897037,0.722230968480484,0.776687482029394,1.05724175844278,0.402710185798287,1.09778739468875,1.55963868021452,1.00807509721388,0.54907478425594,0.633159121529706,0.472950051705186,0.777720944728186,1.11729155697077,1.35898201740099,1.28587118887736,0.895556488898883,1.43957840152,0.734966650307444,1.50092798252974,0.941000698259996,1.36567375999346,0.789104475335315,0.082575863998805,0.229854437129997,1.19196471844422,0.699598876154329,0.944313192491045,0.466373653487276,1.36134496147261,1.82318635168425,1.52656998934033,1.11882610503827,1.62349876538167,0.867106769875345,0.905247717169671,0.524742339171503,0.599100275314109,1.35003020453099,0.374287903041772,1.0018421127861,1.4010097866125,1.80926695096663,1.45948581238901,1.60229048789594
7300,1,1.51434927564593,0.536444923252976,1.06386034132939,0.906031229227287,1.27630068522149,0.227240653925545,1.17883521755517,0.480302998869724,1.69100781629064,1.32416768977702,0.317945110173515,0.831874189978034,0.414383358361757,0.209350868991427,0.55191258627429,0.219296377221617,0.810501360837383,0.775672449712068,1.25927817398522,1.3721187386896,0.779080866580425,0.505718775420636,1.25756248611956,1.02654773001149,1.47310926708678,0.634094694451084,1.08728517667118,0.700707804326777,0.957239601126184,0.144102520177924,1.40332807520018,0.548231231161337,0.577608082896246,1.54568568329531,1.52465598760542,1.75430687215868,0.987899330939425,0.734668453463709,1.15687281669773,0.749042455605195,1.34127626189587,0.465910054332141,0.418310170525779,1.47365698463187,0.650085226970116,1.29594927345507,1.33531405756609,1.90193641898547,1.13420775457857,0.887830420538541
7400,1,1.95651526306726,0.583479456657652,0.568496744814826,0.826727634279512,1.12001507804636,1.06362889396362,0.814852335112235,0.600934490181702,0.826210185487482,0.274323714573945,1.01238515708562,0.672607202580914,0.965875668867753,-0.0651765340499153,0.957390565197868,0.517513115994431,0.596842893005785,0.328913780001392,0.922953211588454,1.41651341742227,0.237759137691413,0.909994296633773,0.701676281943886,0.785618731003779,1.33511255652126,0.598733996378494,1.52436056409144,1.33563777984271,0.796939296220585,1.14352126329102,0.532803718064145,0.582044054287942,0.781890708216346,0.521562023668389,0.900844419272103,2.11207984505486,0.846425150049177,1.23653332205133,0.656611811696229,0.772278051527816,1.22745516659404,0.736785201348212,0.393641290997625,1.18781528312038,0.26344259469439,1.45953722742862,0.0651017080936451,1.11691987304747,0.477196890992458,0.979483674718082
7500,1,1.02926189407838,-0.044657635503708,1.18055513650583,1.30235305387092,0.886449994932165,1.60095882972797,0.32231577732932,1.03859629736248,1.00649158460266,0.378208373950698,0.961194455519075,0.740591083352697,0.25555480000667,0.67586746887506,0.229985569678455,0.731258709583087,0.744870073093097,0.823586389404411,0.179211031168441,1.82966101708975,0.453313544115431,0.926023589089394,0.640653344309799,0.421205042678233,0.450890320921036,0.932105960757703,1.50487900710161,0.919656940099488,0.361312267512817,0.316842047341863,1.50343869384021,0.31039634529034,0.881692363532957,1.05483642539209,1.05529182849996,1.99116147677701,1.17513394244816,0.801141225470748,0.161328220488992,1.50010247516453,0.614182371164316,1.18084843639532,0.0452314172407811,0.641789705310211,0.301615094462122,1.29249097947847,0.000656300089530326,0.79861135626012,0.413512705777471,0.736198338963709
7600,1,1.03931819077541,-0.0763454872382303,1.24711662782186,1.2453742763201,0.601435942984254,0.136529350403218,1.29136529624237,0.955230454358201,0.549385342712309,1.65274712074129,1.06649414363847,0.287392730038883,0.529504124583983,1.20084489995137,0.539724206314197,0.554319468748001,1.35848935418929,1.13065810684359,0.539520899094531,0.550466803818113,0.742687603517894,1.4030383634822,1.4397532939124,1.51812356497978,0.699840620107191,0.631741293566139,0.854085838092134,-0.0170705298648213,0.00698987318373234,0.0784745000891049,1.19215457289747,0.331568857476041,0.753103745158676,0.634372224788778,0.980790355541464,2.17435046916495,0.209786934505764,0.385625437749947,0.181080045316196,1.53571533232771,0.715799610695428,1.74631846106791,-1.12827215426062,0.722376048768393,-0.0132612174081519,0.90508868324737,0.81644930645242,0.962289736794037,0.627657470596439,0.338674754410402
7700,1,0.567559094800127,-0.250923273326856,1.36597666532126,1.54252207970028,0.481736241327373,0.3190343502515,1.37115959629644,1.18681496695635,0.470482434806653,1.65364535587874,1.78953372356592,0.0838441975289634,0.747760494053797,1.20939877788616,-0.00153048607103923,0.337366509611005,1.15947303751264,1.26014144735105,0.370758190560049,0.929475209252763,0.428761957945898,1.30336240609633,2.28276630697734,0.775015397773258,1.01587502490733,1.12893452535055,0.448859632440825,0.68324598326491,1.19715789460032,0.157004294476662,1.31484004261718,-0.193741130311792,0.559028423417349,1.04772333962763,2.6012185193839,2.31413406224519,0.508793387891136,1.02141127027998,0.600066234407556,1.05572671924061,0.822004165011922,1.41963371327908,-0.743099022418716,0.994195893104601,-0.173486955365905,1.87550988758819,0.463994719000319,0.971740936318517,0.350734372796883,1.01022409786982
7800,1,0.210032087468022,-0.425079503958167,0.968822098026547,1.75370631291088,0.77078215280282,0.160150432377722,1.44104769446106,1.90528926746202,0.542506612724312,1.23365532340422,1.66407604228115,0.0991808034031234,0.619366348966995,0.427563691334499,0.846220668495779,-0.0278736540372848,1.07487420335609,1.32433740934354,-0.0379701747170169,0.754657955514757,0.863559264244439,1.8632817613691,1.05992991508871,1.40134528356439,1.28770113728992,0.828589189379735,0.130480915277911,0.704711261853827,1.81938085661951,0.583050808695051,0.753083186584789,0.0650858953777511,1.10465563441397,1.06875446332974,2.13441773182516,1.49249988958199,-0.134554668881782,1.1467752428496,0.526961395444163,1.47642668766252,0.434697301475362,1.29984091413426,0.437914044527114,0.656259418514456,-0.128292319641705,2.19292629963419,0.905913507753889,1.29742731551576,0.469050883665981,1.27839012970097
7900,1,0.183806038161909,-0.462117968856175,0.711191772363168,1.11737924498831,0.776861193058466,-0.884473965195938,1.73605531881023,1.83350303498746,1.4814037300615,1.42494061387522,0.77211865655519,0.225416726094944,0.270456262374447,0.22488486948025,-0.217044711094681,0.843572510254656,1.88044209185942,2.13110845920141,-0.396870516868955,0.619775693379147,0.708999073277016,1.21000654889454,1.00687399367864,2.00509882093005,1.08448982800642,0.280515783539914,1.07881135778173,0.832968395765387,1.52332924244316,0.944556509995314,0.676073472172531,0.0647739190406951,0.683322612443126,1.21761256678342,1.10852554563513,0.840241655880719,0.0403650859836204,0.16235397400679,1.47443332140458,1.42953283904545,0.355862011303431,2.74817530325041,-0.550995748671662,0.856792605614823,-0.259547073392776,0.995607383078197,-0.143841885645309,1.14611913307541,0.384529439943297,0.584772195853323
8000,1,0.645844874958602,-0.0420147319621755,0.940606300701806,0.248792503244755,-0.0170737500140647,0.34629058671409,2.39694759639296,0.80655938072438,1.37152068958419,1.67672700525773,0.117994519573653,0.0443713805639858,-0.253974101469708,-0.251264448464485,-0.230749865702494,0.241415965561815,2.90973762815658,2.15784492547378,-0.449339153806556,-0.530459078859846,1.75871918984056,1.95185945636086,0.8187501109775,0.474491320458755,0.585509441313474,-0.0475188078982762,0.768300529895916,1.96073461172012,0.796817570191274,1.40877573996297,0.627925454529372,0.35411626701108,1.03157628833486,0.985870306310843,0.764352539709413,1.26608266850688,1.13460588099422,0.0762522335082301,1.05167192910883,1.47325340168172,0.556390513760307,2.56333030997109,0.525714572983208,0.354422391298623,0.918437135479174,0.446941118908265,0.707230059835218,0.340512702146479,-0.376109909707401,0.985395149210519
8100,1,0.414419211635117,1.40011347425275,0.449074589760287,0.768797479852705,0.712452846249411,1.37809598010174,1.65841909313794,1.08500268387764,1.95597297065063,0.833452319556191,1.08990614993368,-0.564363336826403,0.941174415321783,-0.513697163693432,-0.525591574190218,0.0278391169063432,2.12502915371827,1.91385366760901,0.0148084971220319,0.508051135197001,2.28531162181796,0.386170498139233,2.68994524892178,0.857728261306571,0.729299567927377,0.140606616562995,1.4653013016081,1.64813242890924,0.087036504216917,1.5764128801423,1.44518816924114,0.881222251155405,1.34427977691147,1.34224412850164,0.958629218169155,0.560433980937924,0.942272104444494,-0.767650313686624,1.09351631254989,1.00788917561175,1.13719903574363,1.50966392565261,1.04766975830097,1.31040206663456,0.0339715031280872,0.575891845478506,0.0387855702002564,0.733425937931878,0.17593762594896,1.91582773924179
8200,1,0.752203990089741,1.13193312205183,1.02780683287252,1.19422835001057,0.274091032153081,1.3851345691707,2.13088487125842,0.309698771249447,1.14554646349505,0.794250914227177,1.35916313453766,0.011112319138602,1.62328294371028,-0.296559353354935,0.799037095856289,1.37591530492241,0.740873673302452,2.67777334476109,0.0960079993068401,0.258688596616689,1.82520712925633,-0.0614075223228263,2.01977720950779,0.49504197403762,0.722502659328713,0.81756262535681,1.92691277536684,1.09126360645293,0.887472130422113,1.1824498734139,1.74399492551395,1.07912247423249,1.00872112644846,0.773311490880628,1.13450791552877,-0.346417516661476,-0.0559237799905365,0.332476383367955,0.800359780837928,0.875762068933369,1.25272116199538,0.766166269923929,1.35965686890663,1.66714711999915,0.225249641536483,1.41226610063853,1.08013128864587,0.52869721805019,0.138739954553537,1.64375104137333
8300,1,0.203621863842754,1.79010392462637,1.2518220053993,1.57521235558016,0.738007113905787,2.32493960796399,1.94390899261602,-0.405100783424138,1.39627933034765,0.513169522354973,0.621283730320915,1.20166596697482,1.79867167764119,0.618344037256814,1.45480178375841,1.32170687808943,0.781748712912343,2.04737787479209,0.237893364619063,1.13410616476239,1.77884419454768,0.673782119231312,1.14353947750566,0.454979107723016,1.43239246462594,0.982244580870612,1.42727834488389,1.18251806805702,2.28466909308353,0.320895837799598,1.68217431656548,0.975379736646203,1.18963417481765,0.698846306787629,1.01587180151347,0.262205348947446,0.181463626751672,-0.128581908428069,0.371218269293497,1.45993055623224,2.58286403309561,0.762058571705525,0.854499548947978,1.65532465948364,-0.0528283567937862,1.46561278157771,0.835148897816536,1.78799407345413,0.484782436089736,2.07770188833942
8400,1,0.208984838692972,0.492837741497941,0.879335391987611,1.59533255161158,0.558868985343371,2.47087219036777,1.55905250668266,0.219186289436516,0.719334477797699,1.08304837508249,1.26763666741524,1.13139348787841,2.61412502300066,1.68424815368346,1.18691894401367,0.933073150752441,1.09166821791151,0.987530987364178,-0.0995608427738204,1.0015369202283,0.982919531429561,0.214047525062455,1.2102645302381,1.96253287211041,1.48614499205617,0.445431681110804,1.6065695475977,0.599540697775045,2.63074904380855,-0.0318460825951612,1.80882808512105,0.529795836853183,1.42779591983054,1.26970508764014,-0.095608621087931,0.821232887620531,0.188319736755977,0.349400380205742,0.204105945920123,0.561540089848896,2.26038531911371,0.931233990440625,0.321029176357739,1.32359161471631,-0.20962568841716,1.27124993623335,0.445839339579455,2.00231141602664,0.943783051950938,1.79706682124254
8500,1,0.489521220424102,-0.203551271255294,1.01100434719243,1.76083045253559,-0.189987279904919,1.84391733900241,1.68612400003424,0.968140843720507,1.68469907850577,0.132833656529321,1.07708438181795,0.838921858078418,2.32575237555044,0.917268153711481,0.926000931632652,1.66379004962731,1.74154900946113,0.756471386681091,-0.835931756867415,1.01437966000364,0.680924930014416,0.275811531242411,1.4620525803005,1.95093533055835,1.74200020094925,1.60649793614941,1.90220303793165,1.60596253879612,2.89700293920744,0.522225112339407,2.62846934362617,0.889272797682155,1.82249654732639,1.77379033682269,0.281127747233006,1.12322666491563,1.10220313139536,-0.0537519363395369,1.08528276805753,0.424131622834444,2.2548994374472,1.1168718643559,0.577022713997782,1.20988237474266,0.567223261901331,1.16552567933158,-0.112577350948109,1.38590743965229,0.453021762159799,1.62813721934348
8600,1,1.15873401906481,-0.116693212383531,1.38136249194677,3.07082242283198,0.578804685223533,1.53062768784091,0.992790494302877,0.104939648568658,0.962055060586291,0.884230838099493,1.60589460272635,1.13434151965973,1.63799807539404,0.827038870384031,1.52334232935957,2.22002623523168,1.77454003328852,0.796060777511641,0.662708684592696,1.29287927422905,1.02531622936993,0.435514259404317,1.39550951834768,0.828943428273313,2.07444488220646,0.887270158572727,2.30126217530588,1.51213724758822,2.11363059059625,1.22209547852243,2.2021041605254,0.45047697415119,2.39097126499396,2.12026806154524,0.421471358404988,0.0310469050345032,1.78198767158899,0.590829221391074,0.663579952632999,0.274019678441211,1.78779127967847,1.06498482510303,0.795826519061223,0.694226898971086,0.326945165489028,1.44580618796466,0.102070550404921,0.7843595067087,0.895151668161455,1.35345697660605
8700,1,0.367073533383714,0.32936361685654,0.51915342741103,3.26267830387098,1.11360025373198,1.00035609058421,1.30271118774901,-0.318644665746923,1.18146070339755,1.40294406249409,1.64126269978172,1.41668598893898,1.17674236424027,1.21485587245722,2.98889265369706,2.08479752970662,1.28782492426715,1.20390542039691,0.760672490575316,0.450386816795243,1.86550180953295,-0.383840035309462,1.86461527192015,0.99100834810583,1.45642647092581,1.5544932666371,2.38812417782386,0.97909852175598,1.45390970683401,1.42218403297763,2.6230498847797,0.856490419164027,1.73484857861785,1.95648746666661,-0.00980808732515448,0.33344455885647,0.842130113304813,0.749402949803803,0.684211271228195,0.34187029503046,2.36938948849522,1.48627646992057,0.0602253061135085,1.03112219278874,1.67685379128659,2.16650700245643,-0.441466526374999,1.60669172307309,0.421876312394148,0.790663844894545
8800,1,1.08259634780611,-0.0181785845153557,0.912401690731545,3.44910692277443,1.71275442724645,1.49745784794451,2.00269445077235,0.541228931896488,0.954636683732982,2.88965732635685,1.01996080847391,1.33073865426694,0.585011609267238,0.0620791858781591,2.62267932863137,1.91570871187459,0.776124576980639,2.07299783242601,0.764071825890011,1.23802346279624,0.779847351558564,0.486335946454623,2.78784921841733,1.58595696365371,1.99541190354789,1.17051986479534,2.43057300838973,1.02774302899988,0.945255372916594,1.20670049042852,2.20230826051439,1.49515594110082,2.72022362679175,1.40862087800753,0.553805653573837,0.565412224643009,1.01059333667259,0.998005127260462,1.08761607073378,0.195463849195539,1.80730811729084,1.83267586023536,-0.387175852858406,1.09769697222841,2.52333619601154,1.97727477276591,0.602246851653011,2.10832203962036,0.725189623578098,1.40282180163781
8900,1,1.45971946000645,0.319150394667916,1.03934456241994,1.84873339390203,2.19827149397156,1.31647965635682,1.99932755701535,0.824907218314597,1.81934398590472,1.51524559011345,1.57028216617837,1.52850487568426,1.90842445243279,1.49729598507619,1.372878255814,2.01535272451467,0.929089569257676,2.38324123571361,0.599140705882171,1.60410598132986,0.811595712129079,1.9142658005454,2.0944645881842,1.85372148267923,2.01216723295712,1.1252337320731,1.33476854271105,1.55001372095404,1.5699477480368,1.97962777409029,1.94502414683323,1.92170787717715,2.75351819954804,0.306113787287051,0.803768896580378,1.61041150622231,0.856783093366031,2.00972549774266,0.677231705585105,-0.289965671016659,0.583291633065041,0.830894306842437,0.442522888902611,0.337555045743064,1.69232660391618,1.30796774618862,0.496558681648597,1.7693035869639,1.33454728082859,1.31194397610197
9000,1,1.3765841972304,0.981593109210573,0.537265911067983,2.01593085728332,1.9272166631177,2.01254672056137,2.11812148881115,0.391135701220433,1.68919490149281,1.3785845514068,1.99004176725501,0.931107425262482,2.52320959589953,1.16897495192401,0.64149771415555,1.43015116994484,0.930789384307413,2.30657019078653,0.902902564609082,1.32014208818712,1.10718773583228,0.68313815602476,1.72611902159982,2.39894582094925,1.43333803954701,1.32776666434033,1.36468832482802,1.77271409155014,1.81690249825074,1.24986907150214,2.83186688558717,1.92927099184287,1.65595177437958,1.41232277695384,2.08796197739799,1.43121451612359,1.01035458304147,1.50051062056794,1.38173659906223,0.153109067259902,0.827611697086943,0.991913070101494,1.11118961280954,1.03581943147941,2.01119627233855,1.09350216338614,0.799637433450001,0.465991321426621,1.50791067396235,1.35601288483495
9100,1,0.926101942836509,1.97439179139546,1.259368177853,1.10259662409475,2.2119394092984,1.35079748288241,2.55073658139028,1.41113594611536,1.96109484099213,1.05740523797561,2.69793565203476,1.2927268918656,2.98558757839991,1.15456984590718,1.71579965361574,0.804552213434206,1.26123783559236,1.41130676664643,2.68960251877673,1.82460504157548,1.1610783222793,0.744764138512964,0.774663114326321,2.89320782208837,1.5869434882231,0.361165009370902,1.54070310561636,1.97560566541333,0.981815893789844,2.06187261353194,3.02406153845419,1.95709141755091,1.39262796199122,1.85882988522116,1.16793344112795,0.572979469927213,2.42597702521521,1.26842288031103,2.54572972436022,1.09051225136989,1.2686895681406,0.882685133743635,1.53188363794055,1.80394206811943,1.59772191572734,-0.195082764402738,1.5280496677249,0.628986227293635,0.863488510917215,2.40698494361755
9200,1,1.30194818560827,1.64206465604872,1.26262582723821,1.72861099730657,1.26766776274679,0.524730650336487,1.91985214684209,0.84258942286162,2.04877519911502,1.94867121106771,2.20382579120888,1.25906217275886,2.83846116129477,1.673053755648,1.82022324237607,0.395280635375379,1.01710120848227,0.651082729178494,2.87054804250988,1.21626026432701,1.37050264131817,0.845168787651891,1.0869033285252,2.37750197219156,1.3713047950506,0.0821520524499906,2.25364180829204,1.23145490529939,0.796520902312389,1.72796707507856,1.49318940539836,1.89328620930769,1.07771463263082,2.00669781643423,3.06245294501877,0.285160446472323,1.44834903829292,0.914901728297279,2.52496367382687,1.29988687309267,1.09097096379383,1.89922237711671,1.97772095257585,1.49157613012794,1.32348911508198,0.143875846870569,0.797450171884728,1.78691942995389,1.42205087992501,3.03067210665995
9300,1,1.32270372946657,2.56787611432133,0.234575174893854,2.50695066626142,3.2168369390384,0.980163843942638,1.64176104335917,1.11729434214443,0.513071689699973,1.96455605228302,1.1593786308349,2.45497129343858,2.72871527225073,2.16632658243179,2.8458695889906,1.08344699747241,2.05053925982013,1.02001758637095,3.23245244194733,1.85011744688771,2.18374853778914,0.0196114440213586,0.888054784348426,1.64702444972926,1.46341188705638,1.09708475968498,1.39707257950584,0.950904109996692,0.80880953225454,1.10299360511916,1.35545514591234,1.72969302145713,1.1001734476652,1.35774489318437,2.24417524037084,1.59120936832261,1.09706957215016,0.390067697677444,0.791865721232422,2.46226486300059,2.11378519006993,2.04023347098921,1.99739160783136,2.41049612913884,2.15351278880887,1.98399040034719,1.27778176812832,1.75387773574195,1.28197999899972,1.88272638662463
9400,1,1.14167518000964,1.75340280809041,1.40533498771013,2.75002000256114,2.83388217186231,1.31919945076481,1.2801480158246,1.74645644227011,1.05577618148104,2.50664081047963,0.412127549469454,2.50203913097987,1.52154215842362,2.11662466976898,3.22338043926894,1.77007117767208,1.73906853767086,0.894964243514553,2.64549595527508,1.89569063712321,1.86466096626123,1.32993759769622,1.04760227617012,1.35184578046252,2.19329967402174,1.69925345267308,2.39116973145567,1.18760246624205,0.14195835195508,1.20285852795949,0.970791512868263,1.84540858818787,2.55413586749943,2.22841999561568,1.77674865811026,0.991472140957997,0.374478860193227,1.30225903522848,-0.488764862635513,2.78057390364147,3.47720810417046,1.82267103074214,1.96179047569662,2.07161371708685,2.12598909508014,1.94995321783994,1.60435436236829,1.50274014155024,2.13918724409221,1.11247163421884
9500,1,1.55550395878908,1.62272298817533,1.68020210682793,1.47060256575538,2.07975258599124,0.653947123260902,0.637437076251915,1.37653079138764,1.60352751990604,1.69975809771751,0.482024228483624,1.69340281020664,1.87524234399294,2.79718524097703,2.50655230834736,2.91541410476777,1.2531746337285,0.971781092291138,2.13705442524005,1.91655287613541,0.813524696831191,2.82549460800714,0.814201772090837,1.47054774345846,1.66326647764532,1.74148050364881,1.03161801818258,0.97611906676626,1.9505383783198,2.13037671926977,1.58069527278733,1.16434931018119,2.53892951626742,3.17741223585008,1.35144123179326,1.30376680456147,1.64806808881987,1.0660634265922,-0.78093400646289,2.63910870311372,2.38226018429695,1.72949227802122,1.22581269387332,2.16604925689744,1.26951077626862,1.4673415645767,0.296324092694528,0.366560445649394,2.03064476355455,1.12864840598269
9600,1,2.35238311350722,1.82306377364531,2.18086986508053,1.20745214011671,2.02677351985083,0.856971615912969,2.07262522102865,2.1114791486916,2.20548152860368,0.751376078217231,2.41625963013644,1.11872450834189,2.5377538161809,2.03847750500453,1.9929194990493,2.17536149184438,2.19368619620247,1.01640569546447,2.57406926202312,2.84785020858455,1.98606851501161,2.5768532330014,0.901599977492624,1.67365584360962,1.80577966561823,1.35048259312858,0.841659317262755,0.708595328866747,2.40389121254259,0.669485989334717,2.08119487029876,1.22179811170867,1.61652134598861,1.81561841258109,1.227161977637,1.40524674184461,1.5123073027644,1.22104615088121,0.911658319083637,0.858440948414223,0.726145142383889,2.14294104476256,0.15071149361475,1.51676014379526,1.59102935014224,1.99845887410049,1.317039491716,0.331402849328763,1.84405932464682,2.21045476105966
9700,1,0.574038049478655,2.74195683221278,1.61796079026811,1.68410730274061,2.66050944595422,0.580316531668011,1.57010699776919,1.06669257715357,1.97452605585244,1.42694721245249,1.22856179870435,1.13074751338738,1.80198532204939,1.43501532939436,1.6293773806599,1.54025019736758,1.70897597913201,1.62318747674338,2.70495266436955,1.73773078571327,2.18280525720994,2.51724966396909,2.3937836522246,2.06601653957123,0.908590301992896,0.24614841164065,2.0468877644994,1.98192234467498,2.47627751858664,2.09497603895307,1.0903396126787,2.51406828542964,0.896286596969838,1.51018062232008,1.27110285056304,1.85861101599234,1.73553846968653,0.674421402571381,2.3283022235743,1.67323294522053,1.6472344413351,1.84821965566113,1.18429914753225,0.513404173402597,2.50465047175418,2.1994618810416,2.21375322835808,0.556896847274778,0.292953201146929,2.12026974887718
9800,1,1.10473801226098,2.83749075039747,1.06737645497594,2.2464867652999,1.68578714037426,1.26005711221885,1.88477454827128,1.26145311226492,1.51880780105323,1.69243342480309,1.3673770333767,0.796787248321212,1.69946075866416,2.39139139656217,1.19791894704259,1.22175686161959,1.34816854315921,0.897460704600553,2.50279676948873,1.2209859808061,2.36983042026602,3.23953576698531,1.73197233506399,1.64995182635183,1.24336360144762,0.808696499233133,2.46476117861044,1.71507539779312,1.75699086940444,2.40610533799758,1.53758673204816,0.92752674657807,1.69073954502324,1.59368884037387,3.02658102460492,0.844307134136696,1.19068812166048,1.97768289346484,2.12036394090245,0.882518386427233,1.61271623739223,1.88603212329449,1.22257139399439,0.498518420456236,1.36161309836208,2.07952127050833,1.3632534014807,1.43752593907595,1.95385135540009,1.93901059367436
9900,1,1.34204046225478,2.19887484442199,2.71884473026482,0.996275125042092,3.0710403900331,1.33634164264858,2.03847467732891,1.55920171393716,1.04251634817725,1.80784582545452,0.961505226918897,1.51161420328901,1.94614608264845,2.61469376164559,1.29410895418925,1.56876438448474,1.36939190730517,1.04382696822653,2.41553056034007,1.05543834671313,1.08684276091135,1.88699411550548,0.906452742381782,1.42552945460585,1.7153795980701,0.566561044267889,2.77385170886385,2.34269175852379,1.82866926293915,2.45313696067959,2.51485466989292,1.35222790243595,2.43399130952773,1.72327306781629,2.67323916294184,0.328291925418843,2.0680006964703,1.85108345278292,2.306888463757,2.27129201636597,1.0382096342686,1.1130835836155,2.15826465681581,1.27249341142355,2.00821620533107,1.71585482480061,1.38736768155078,1.75566620281233,1.72821795285417,2.05798877523465
10000,1,1.75965583725325,1.26026665643746,1.63363009513588,1.57277228635733,2.17108033302549,0.876796213038177,1.75782022802351,2.20119932017677,1.17832186516879,1.57828377074065,0.853568933350753,0.924483593916052,1.27463424033603,1.8452836481859,1.18585679270678,1.28981422358869,1.69328661948902,2.07692769708818,1.73927144318804,0.93828660538966,1.2895388503477,2.16840391381049,2.15878786144738,1.96162396071727,1.79438660554732,2.19060307731682,1.83916298696723,2.60200464972699,0.826908657421376,2.03256631802575,1.76736278708587,2.07186889254419,1.53338161152759,1.94314983110529,1.44736942737155,2.57824262729791,3.04801768101687,1.84474191569117,2.52203313148464,1.49101082781111,1.99052022866044,0.572429899879636,2.10576693347746,1.82283784274392,1.92194820523447,2.21674231214229,1.66878207783844,1.8371371966551,0.569109212084474,2.13558586762346
10100,1,1.38396749806582,1.7584896002079,2.26350721223191,0.608421953068001,1.32292086970451,2.06959108857924,2.34778579412255,1.89928576880409,1.85512183407832,3.11558581894963,1.10405233950878,2.03570947175965,1.67675431199708,3.35531610976034,1.53751003610556,1.0416481570927,2.23892972306068,2.34532839292083,2.02243621499851,2.10754960851523,0.15311862378748,2.77818692026603,1.96458747843591,1.22518128494997,1.42420196361453,2.47201946020686,2.40952431852242,2.85219977605461,2.22359325607782,2.88279903081018,0.411666254482013,2.23758992741977,2.21833907522547,0.980974484608774,1.39405869056046,2.32229115310123,1.62268063608894,1.94280222934536,2.06769753162,1.33733043803827,1.08479309608064,1.61422909170226,1.23675390543518,2.39557204473774,2.39930538774617,2.05488295044219,1.51815201713344,1.54263078490344,1.59734448775715,2.31787592099132
10200,1,1.97406931389546,1.97152438221686,2.36196135589189,1.12909143191378,0.765523183827244,2.58675348428872,1.80856633763097,2.38401205780669,1.16916854650007,2.17181805416315,0.529023672141164,0.934878270763807,1.01172261703394,2.36576028235213,1.98958092062563,1.66010096742442,1.82223910108757,2.72388288536002,2.73144205034511,2.11377392768445,1.10844049571428,2.65321915993512,2.16904849292437,0.653290776818534,2.14867871292845,2.60566089455118,2.40826986626382,2.00790933014786,2.29872398085161,3.37647511002926,1.18342513348834,2.60895258614187,2.14481579375909,0.565084584379187,2.14506367518806,1.81151239574591,2.513656322988,2.86932366944964,1.70812729391889,1.19686618784097,1.89298151188793,1.08513267749727,2.81021670120021,1.88986009165775,2.18667399956821,1.88508689615954,1.08217387888053,1.127717977165,2.07912397275524,2.32272945318893
10300,1,2.47768564716363,0.947394018905229,1.93243606656307,1.16287562578119,1.62216969402985,3.16729209899008,2.52677506671876,1.86535086744771,1.47617723762109,2.54233731646362,0.847052316155959,1.06957525509848,1.54785879687089,2.0104693327804,1.77518252785625,2.36049652625955,1.85327492093572,1.48420489313017,2.40801674362188,2.18927813580557,2.17643969977434,1.55674753813726,1.30008981200662,1.91279129407825,2.11829014558702,2.86142347626979,2.31934127443547,2.17177477906369,1.22806454679114,2.76376775164559,1.86197342416151,1.8698225915024,1.9176195825452,1.06945599939398,2.26503960762747,2.802229884068,3.05438101638827,1.63484814979522,1.55699972797849,1.68239091037138,1.1466385535857,2.11648328818411,3.16035139088632,1.08566450280788,2.13725542570714,1.98749237263999,1.37118464749596,0.589975411263441,1.26619544671412,2.13739554052101
10400,1,1.73507681257995,1.78893620548323,2.29087814043995,1.17288340982426,2.06573581475692,2.34710632890088,1.69866243415057,2.17746476179829,1.18775000215443,2.88986464317688,2.72170127407217,0.850306813633042,1.87450318819414,1.04861061688542,0.875813934874235,3.11206716054576,1.79618241715411,1.45802838049816,2.03559019279635,1.3886278098137,2.00392983879338,2.57929162099818,3.30151727006379,1.30187871964065,3.08740068436545,2.57626439352196,2.42470357410442,3.47238801789998,0.432228988529869,1.98704900059122,1.05523407579831,2.90406024268307,1.48711711734385,2.60009179024318,2.28064606773433,2.51219440506387,2.49433841347649,1.67849761172192,1.70341162306293,2.29539860946974,2.12001030643038,1.68107720402664,3.62288903302919,1.18052925916767,1.94312036128877,3.40490100675048,2.16630279504715,0.947735373535028,2.4127217607918,2.25284374245141
10500,1,0.56315494038617,1.66804223058411,3.35862607296956,0.498113549491964,3.23221170960922,2.04976810451736,1.71830475557343,1.61906044513272,0.300639428961119,1.66925339653568,2.92440559482879,1.09529716703198,1.43220135051911,0.970010126285586,0.641798011951984,1.67797498035878,3.03999207105634,1.58708353586849,0.97929981505413,1.72868538363376,2.29292728761286,2.7607138302493,3.96696885448579,1.11201209556095,2.13429218483677,2.82762713140718,2.32344125210606,2.26999778305835,2.29756549321622,2.0901303761729,1.25547171691785,1.74724195721337,1.58648354822263,2.41676081474088,2.53824404554402,1.59099594764079,2.27538346345819,1.90501948687203,1.91758916592475,2.36375486006604,2.10050203170348,0.982533053099953,3.24814773952896,2.47164923040061,1.90392399505659,2.683878651882,1.02526325735158,0.577944236559775,1.90980549897045,2.09430048113145
10600,1,1.34374005899446,1.21172610986961,2.52844860299008,0.287173762832527,2.12083888792476,1.85751964262217,1.37433909926334,1.54909599630715,0.750286240385211,0.795705416282598,2.17350744920107,1.21920816955558,3.06104688912166,1.29019436667853,1.45186200338051,0.853183950607092,2.8993299124288,2.85100831989834,0.912281756917572,1.87949604049774,1.33270798288487,2.24838512644132,2.19242830537179,0.319221738066686,1.09384677947163,2.66469418247048,2.46328194108805,1.80543899932192,2.49151537469959,2.04919986767189,0.489468123421679,1.69115795376747,1.80369092679913,0.176056231051407,2.83838462292977,1.20241775996356,2.21988616445849,2.36270606890427,1.34504427567953,2.71986610865924,2.37494344441182,0.50701510907556,1.42437037565852,2.75162046039296,3.75037853953824,2.81793753579466,0.0656836438702262,1.9385428970356,2.1480515969387,2.12012216718645
10700,1,2.89707739626672,1.6144142447109,2.00689661991396,0.950309806202349,1.70711156260867,1.9264411570598,2.28021217477709,2.29737616533909,0.310365931908594,0.605705458578963,1.86227902885377,2.69730118011345,3.15049724237995,2.2138841205799,1.80176014586934,1.62315306315079,1.75161827695796,3.48073313047628,1.76148105033858,2.51149796349597,1.46903273333476,2.86664132755583,1.68272537067335,1.28881700452409,0.995886391422142,3.04987294745552,1.18693345261855,2.22331832986707,2.81864423115921,1.99531778341711,0.742614518892788,1.70577084213914,1.45713828815886,1.16983726634287,2.94929658523259,0.6192535034045,2.26141603936685,1.80901704427051,2.36266748457807,2.30362162256621,0.476319052530184,0.309058872594747,2.24855314223043,1.81123372515194,2.16382640032407,0.547904552137753,0.511533941919219,0.146320766372093,1.08620278039239,2.48608627356944
10800,1,2.33065247494403,1.32966604333268,1.13617903164748,1.15327362325627,2.50151501200956,1.50032767572586,2.15889490779763,0.941677883264696,1.31292578654589,1.33843130943333,1.59266290421589,1.03191543406744,2.94513744467743,1.64762390036438,1.05605365004301,1.68205141628083,1.73281971737457,1.67184600865042,1.71610226221023,1.72016348087602,2.55857216945515,2.49272957758455,2.53813401723477,2.86870513061822,1.04693042359629,2.29270823380181,0.112531686773922,3.27858110727587,1.85668822127162,3.57703391947669,1.82290025697932,2.09924506764119,1.20204111828765,1.60292145045102,1.62245482829634,0.379346761397046,3.30466086800558,2.1252028058499,2.56516366839763,2.06661119936554,0.310219801832136,-0.390366205063918,2.44225017981592,1.43883884481864,0.648317367598224,1.89189606646982,1.42886023707042,0.248913232871163,1.45386659347663,3.50961805980561
10900,1,2.55517688883458,2.17566232161846,1.34263118840779,1.3736311264062,3.63503208309522,2.46427144338299,2.64857084148453,0.676660869860644,1.12418795037652,2.91560707237241,1.06569761515266,1.38054069326016,2.42319031743358,0.555609581670087,1.75899029319052,2.48175484432359,2.79114082718889,0.696407958954029,1.89310524332347,0.911313047726827,1.66170037798198,2.26563213021561,2.67838116242988,2.62174142908257,1.84020339791917,0.608504313546873,2.41210569652617,2.95077052261768,2.42314717247947,1.62345424534507,0.952486553529635,1.2326760037804,0.0180551123653536,1.9842702753366,1.25612435220963,0.191434848550326,4.11930938201369,1.81377908991218,1.44150104824838,1.42812234747113,1.19526725618045,0.838540239501957,2.55412386073055,1.87905377638731,1.55917742150149,2.62186349783007,2.17573504665168,1.81808220044085,1.5056931274831,2.16831572378512
11000,1,2.51885016283551,1.29718200631397,3.56524869039606,0.717218406542985,2.75068870214778,1.31485506647461,1.68172928003665,1.85044179117574,0.888855640244858,1.58532532894738,1.3544848120107,1.24428630042424,2.87949281386942,1.40052125304825,2.24287863036529,2.21184205957865,0.641295144261673,1.7500671611894,0.491385660309356,0.747107391144848,2.30140496154369,1.78757640730708,2.20967695264304,0.764090956793913,1.55070361954616,0.863337064377598,2.03961671010962,2.5148514503335,0.457326080864783,0.27420937510471,1.45802289083479,2.86364987830425,-0.0717711500955207,2.06052042504626,1.37577263264089,0.899006983997955,1.02586731745804,2.69307779305695,0.998448261064636,1.90269535229784,2.27428334006497,1.34236962017527,2.27880626117313,1.53135637447549,1.471191288458,2.75638427526821,2.34175100531716,1.99122472424923,0.532729876809877,2.19295498848659
11100,1,1.49408797753955,2.24363945894555,3.05948606346001,1.85268025293492,1.96021985588646,1.42150007983667,3.13956970138712,1.68905416214413,0.612559776182914,1.56305767841906,2.33724108759984,0.901614379738305,1.5459592465998,2.36031290601222,2.03274211943741,1.19805835543621,1.65796217448759,0.778215800324212,1.03667471746794,1.50628022540122,-0.161596561960128,2.22417849895669,2.16804901610902,1.17119787301254,2.5772973150093,2.34222408120915,1.36946961315349,2.38619407195034,2.01721112134684,0.448312801805836,0.986029633160207,3.04846439612446,1.42973068779799,0.820232884307133,1.3855023346459,1.30108270187719,1.10161492146366,2.16208917009003,2.39581581222037,0.909232995369083,2.38415487061659,2.47836179702471,1.62719362663379,2.31262003685752,2.05725298237331,2.23052424967857,1.75262277172684,1.69708816338804,1.20584810401363,2.6922898289957
11200,1,0.64929255883031,1.10198062624339,2.79021324503541,1.0377587774748,2.20355563919683,2.5409304336238,2.69068780183988,2.08843371787753,1.30451420338607,0.827811892522251,2.30247368564012,1.27923547333992,1.61901866004169,1.26163424797962,3.64433756166909,-0.0629786210666219,1.93729008055577,1.00138288614102,1.72213950128452,1.19579590938301,0.686739137533327,2.30585410673429,3.42398224036278,2.26934151405114,2.20372180835747,2.56203497469954,1.63331793585188,2.33016516699918,1.51225391382498,1.59600494999134,1.66144656401663,2.34674998857369,1.73772404600667,0.559124273593716,1.04146100428852,1.98081823050574,2.80844886955205,1.78806146437914,2.0537470513742,0.0544848925455705,1.70886619401472,1.76522513447044,1.9670399500345,1.21862727095018,1.55824670758177,1.2845439232347,2.12550973616487,2.38069819593365,0.626972899178117,2.60265554436522
11300,1,1.09917678463197,0.876428894611361,1.9248023640521,0.415251632199754,1.84254422363386,2.33925271042758,2.95835808459071,2.22618863057348,0.921433919789736,1.08799757250621,1.67997265203308,2.04336150388756,0.526624691416218,1.37752340442861,1.71577344676357,0.778948673723603,1.20525459575784,1.03812263239146,1.99171145675308,0.549157909594574,1.0554280357226,2.53222070938855,2.95556293107487,2.53914218071402,3.00219282608734,1.65164616522496,2.0814874243459,2.02002671927851,0.997783803930645,1.36290034927233,1.73350019339284,2.29892741821091,1.25811951208699,-0.335259394574394,1.39652544462762,1.20474924821463,2.74820927516673,0.991448485307197,0.456323152475033,1.8233486626648,2.18715942042616,1.85053135441781,2.49352418728417,1.32402353818486,1.24790640352162,1.57658654837055,0.993040189206312,2.62503041194195,-0.829550660110761,2.3101018874377
11400,1,1.55603711603007,0.989242060106026,2.63920546062029,0.332680574908276,1.66706732123897,1.36226153754327,1.51083837536978,1.88346957830286,0.794307139351358,1.91421115448053,2.54980218232531,0.96296022168885,1.48315317251485,1.60539359451298,1.9687966140283,1.89253799179227,1.16330597348911,0.765824307199087,0.94054351958701,1.07152076174556,1.58943319711317,1.95097182693418,1.98590111836443,1.8722126617479,2.26028900188178,1.37247548707705,1.27759454165583,2.9886592600583,1.07450475757784,0.852281554844595,0.599036126082544,1.95741756517369,0.924834043156631,1.47316437890151,1.95734303070835,0.764826459661042,2.56295940619379,1.64574791170371,-0.0567627525394963,0.609061107728141,2.28818415552251,0.945747912127267,2.68557578813612,1.19625859011793,2.56264567194685,1.35862927210192,0.673222061587907,0.980964152494688,1.1628135426953,2.7131872154846
11500,1,2.55485976548073,1.76721935782662,1.75771082486748,0.29332756458539,2.29580420523487,1.66822086623778,1.62228354732411,1.62271664522697,-0.365436105564285,1.36998187458395,3.0853515669814,0.941179698314225,0.307932327425135,1.97240764679884,2.01755835404487,2.91007326680629,0.797355557153908,-0.30291333679666,1.35420064885706,0.0649401221393284,0.519285866610997,0.468225743437097,2.09614598883675,1.07134299157685,1.32230518836428,1.71014965993842,1.09667226120698,3.77974684048713,2.37433787744606,1.41675340482245,0.130333263412475,2.78275636679809,1.237248036965,0.916284896675019,1.95750778086649,-0.785732055830683,1.39124674671747,0.83290838155148,1.52280630292284,1.44437630839658,0.252391685478666,-0.254233763779859,2.33261608163879,1.40833943487188,0.958154938438891,0.641507145763915,1.16919738325166,1.65147637265088,0.576777356642122,1.95999908619342
11600,1,1.1504651329732,0.547521545114186,1.72078006141969,0.0286320819052943,1.26014112107997,1.2745451645225,1.47300637935362,1.19447172214901,0.366489997450646,1.1226501494756,0.17525396648802,0.36797484607686,1.3166718747865,1.87237794714776,2.59745137717197,3.58949756461386,1.12873784327683,0.0958879677334867,2.28500290366489,1.31725990675038,2.56049105834122,1.98175866335635,0.793325581158923,0.436096153474356,2.3768755159229,1.05428356951902,-0.0590300231986367,2.42160775485157,0.736066537534844,2.27079734383867,1.30116777288821,1.49109735742842,0.384957792432073,0.017856092754891,0.18973532810039,-0.360524144666205,2.37205361275765,-0.144930000306466,1.46486606760501,2.45743019892131,0.861861604113919,-0.135198774475308,0.504843321863727,1.20126527445648,0.128082866165697,1.23798700365969,1.5898933164036,1.49237749444452,1.34826908851707,1.80863216805291
11700,1,-0.45506066968891,1.14691280996659,0.645880689879838,-0.331682911707226,1.09370997644313,2.50580385997107,1.82676614911909,-0.535905294633749,2.0673230463321,1.06463831114888,-0.607043720715239,-0.241376663051312,1.36213036636282,1.4437189434922,2.32023430741986,3.29344252645292,0.896432719451471,0.685059875895764,2.37765198086584,1.44043043075272,1.89609672879509,1.71014994806753,0.616361843626696,0.422970145414804,0.744240651961139,0.297481295249855,-0.137968516312901,1.86961119173796,0.0137942753252569,0.521490027776215,1.85495424608243,0.36241105455764,-0.608058612751572,-0.232200442432005,0.605290802332909,-0.972517026115976,1.70543475223829,1.49625659627204,1.57683055648132,2.31198214933028,2.11458176796283,0.701974539076506,1.49557849841501,1.14054166071954,0.544721035179586,1.0529053592126,1.86819215367817,1.63930143036397,1.40984188288877,1.08703787344327
11800,1,0.818677280774288,2.13395999865477,1.32268927752679,-0.654280440449147,1.48300070292161,1.99670763638431,1.40082597182146,-1.68874450127019,1.26717164633614,0.969945496939003,0.473285477457737,-0.591273582097512,0.297942340482632,1.39365352565729,0.869340368817685,1.83850758134853,1.84166841746427,-0.605915526113834,2.31363169358791,0.915319797406764,2.40199988791742,0.396112004517711,0.550517466878685,0.742362956650574,1.04578011644112,0.131065823638375,1.67940466322394,1.82034044493938,-0.730118234132056,0.395993239320368,1.67749876595497,1.13851413240275,-0.336301311487314,-0.662605710987558,1.71207086669741,-0.970521687562588,1.31105203458221,2.38773739026752,1.83470740929063,0.835203915572111,1.30232036982011,0.357632058122959,1.79275955580068,0.249013088933771,-0.460143131273236,1.32240677760832,0.156777735114913,0.798508572953442,1.87904196995243,-0.238418715408622
11900,1,-0.242902930436383,2.40374746475767,0.165429197694348,-1.17952420928411,0.843535373944839,1.39049441533173,2.45249801917159,-1.16914378550722,0.591114310896706,1.52580792038395,1.00685364773538,-0.0262913262127493,-0.152772950046191,1.52752915950171,0.712425916242616,1.81317899318411,1.42751180151354,-1.50399340672188,3.44383289665219,0.675042913493563,1.81098975236463,1.46937210362127,-0.819726161991717,-0.234745418023531,0.808893008108203,0.0138461826286129,1.11112821339863,2.34218162537176,0.675077389108928,0.014485736673769,-0.172657347669593,1.54290902893573,-1.49763169459255,-0.371393744010344,1.58020583694301,-0.224502615091877,1.99102010782841,0.630827828195566,2.24353421942556,1.36446408280891,1.83712030042481,-0.0352407936628061,0.552635883076778,1.29282370794044,-0.301471663425158,0.369616161906205,-0.00273775569005297,-0.62771978083642,2.56336857931293,1.26173042946597
12000,1,-0.117043977464443,0.784825710977356,0.805085583438191,-0.167918640925896,0.656192869450778,0.359703117317393,1.95488409816694,-0.989029255007405,-0.674348523285846,1.21897043534127,-0.608758920158992,-0.727443954832587,-0.882323820163993,1.80051530944925,1.1422709631801,1.19689671936423,0.981660816723105,-1.25175795692648,0.999021670323746,1.27643574290645,-0.147199046211039,0.691668601744433,0.506033411142585,-0.304623722926322,1.20677728263052,0.848963259008738,0.408013263345541,1.25195376685565,0.694295019085482,0.412749149750396,-0.00976339485006616,0.904630674865009,-0.898886075739733,-0.975375991210407,0.684853850822689,0.273181509935352,2.24270071249208,-0.0297141183611698,1.20205630626812,1.42977023652772,1.12608513318674,-0.537750020742875,-0.746271754695992,0.527299577277148,-0.753313929182031,0.433147944631513,-0.866826530314485,-1.33879593498237,3.25885657456041,-0.556573273769409
0,2,0.0523325416076452,0.672264785807219,0.0291391735967975,-0.0883632280710501,0.502512369741971,0.189586129736281,0.679097703505312,-0.0943879748973834,0.589768624795257,-0.653391560613189,-0.12263282967569,-0.522659839977817,-0.0874233328434778,-0.432470119218942,-0.452250504357436,0.0404286912081985,-0.920965365919922,1.71731392649208,0.380667060250193,0.288193457072375,-0.340607643365982,-0.142591453440131,-0.218855190636508,0.512646684915033,0.476378809457547,-0.283159796312908,0.121603248942428,0.211598409981099,-0.38766851298406,-0.0969230388292365,-0.553906489052153,-0.209749995062006,-0.304657172073947,0.183491450143976,-0.361186991363091,0.592434095065226,0.628168559553622,0.514258702277538,0.24589144365982,-0.0768404136912991,0.199632583690508,0.182498415744182,-0.0235935143279825,-0.136693942133758,-0.165236096948194,0.55072969913678,-0.30089627177527,0.114593425040009,-0.00993115761047825,-0.504119889990036
100,2,0.395540064868114,-0.131231925835884,-0.876918157163685,-0.0642077885117108,-0.263802141959003,0.481198567803155,0.072048542042943,-0.357704324175015,0.554253427662801,-0.837426834799101,0.000551484436679073,-0.13488377200314,-0.329773540780522,-0.664640150747933,0.474323607880482,0.240998800436717,-0.986893700589217,1.29149888696889,0.602081411998063,-0.245187861367338,-0.58309896297781,-0.356372515757369,-0.000551484436679128,0.0692755110439435,0.455464655355074,-0.314876592973028,0.0534023767648634,0.213161864912911,-0.0367776765836367,0.0897312026149648,-0.306677250067964,-0.254482881313861,-0.0672911897902257,-0.4648293046277,-0.18996868962817,0.646048680600449,0.527375640586274,0.402638536013436,0.309566044629176,0.387325128582009,0.0778911916166484,-0.521974306931129,0.464150031582091,-0.0258429805102527,0.111465948788535,0.601654361857009,-0.543062996341205,0.0520106753897531,0.408294509515741,-0.594832746804846
200,2,0.0518834379150818,0.450667633865149,-0.301750956875533,-0.415930825886099,1.07880205252739,0.398366843824739,-0.232232281097634,-0.155223635097009,0.410622148107622,-0.532117758782469,0.183137223945474,0.599127346397304,0.0848259851531554,0.26724538906485,0.264705529376227,0.281555071642536,-0.263162957893855,1.00485333620089,-0.309679149304799,0.494309514019383,-0.510731498755057,0.0587509392295685,-0.310897946052195,0.588012861858388,0.123671210928539,-0.0981580895983628,0.174941312015799,0.241270380373419,0.892949510607673,0.145151678892934,0.266788234473096,-0.161846504346477,-0.0312190868266474,0.419959067001145,0.285005848089991,0.32885570542709,0.835481126521289,0.151386978608784,0.359736696275951,0.286198786448006,0.5540921603122,-0.188687004910584,0.798622763320541,0.00656332987613795,0.213590087192524,0.185183781323293,0.101331192056741,0.0285028486276094,1.05589597418782,0.0406238367243014
300,2,-0.0289213615517356,0.612497141648843,-0.110431379057672,-0.821708356226942,0.771308187372836,0.000538625469474363,0.00963952268760881,-0.55060544576783,0.849559677337788,-0.437477114909941,0.00736420482637845,0.672626237700382,0.431161706514811,0.494463414720324,-0.149399792866002,0.174877507582686,-0.0152962028738395,0.880728260080138,-0.479143103938389,0.501224343288218,-0.554334628424014,0.0891805485969488,-0.839172528707608,0.562036786104529,0.110250645565973,0.152281126674489,0.43248549970674,0.512896698432177,0.689111103645227,0.327324664609821,0.355142870663348,0.0210754930838896,-0.476975675752226,0.659415407759786,-0.174336152948039,0.332647220244765,0.593992608431965,-0.202297324524553,0.215106322902499,0.243311932816813,0.469744161653354,-0.0304808244094369,0.978951706432637,0.145539002233849,0.109566032763536,0.223134133782911,0.261906268159055,-0.152595885702112,1.09899709546095,0.074886611498148
400,2,-0.234658387029107,0.528364852894603,-0.55229994964554,-0.571961278077234,1.16987157995617,0.519464688121598,0.76188435912026,0.189939922063224,1.08452806050614,-0.630574700613801,0.0241934948155587,0.759330851844538,0.858160593212259,0.802710773101468,-0.337897197693545,0.618122416314195,0.320967547855253,1.09733633092116,-0.137104073301963,0.849041023599496,-0.270144873379098,-0.056555798029868,-0.0881025772372525,1.23741813330407,0.688009192754111,0.527406970602443,0.483268399035933,0.815530451080925,0.864463602722763,0.384377640734634,0.659730488728578,-0.0856207564099307,0.13846976536357,1.3264704743781,0.355074241706059,0.476259762876878,0.990153781538694,0.421095265621382,0.578418357567452,0.902568948024118,0.428180297464796,0.255816103136367,1.19749436283034,0.455337975830606,0.152388837856919,0.184228780745064,0.514196844830235,-0.268165525138769,0.956648259055557,0.411816923794909
500,2,0.0281319714927774,-0.0842361210070948,-0.132344546701852,-0.0306974668133356,1.54257545890436,0.167069144513166,0.619943338965773,0.00642450075248463,0.679077421890396,-0.150899194512329,0.286477689781376,0.732493603771834,1.13704032801751,0.444584738017955,0.0578781333695912,0.640014283516201,0.540102326598226,1.2899539797281,-0.267743254544033,0.585413449920676,-0.122646407042461,0.0976398923191132,-0.164322142147788,1.0989846940754,0.789106182980823,0.194369725575153,0.919883094998882,0.891964376487251,0.488342223078502,0.135985350554198,0.519447027986825,-0.0927640106634625,0.454055504334114,1.05760896619412,-0.0487999984656362,0.024786967516511,0.450662382809585,0.874798391678568,0.352526765737275,0.531266610058181,0.501592445545275,-0.0421433215304821,1.00422745405103,0.341232133579964,0.552965711057725,0.701346514176833,0.845185837032447,0.446836630627701,0.827247391528987,0.157945917833848
600,2,0.201817600964096,0.151752943355692,-0.0611458796898606,-0.0266670216449142,1.12867544020525,0.427218742588117,-0.0869581744715487,-0.088495207072622,0.152830278851052,0.243231189825193,0.488362960621679,0.761826443171873,0.271050304770364,0.898841452649528,0.284205221019977,0.538385538928923,1.19220390459133,1.1025111982775,-0.675230603889898,0.539011341751896,-0.0891323559770471,0.404755937344475,-0.492352867974007,0.616970310829563,0.523737738538461,0.0398136946797979,0.284490086098506,0.654551730378581,0.614912417970222,-0.105683487577377,0.382563461282746,0.0555795161021763,-0.0868853594961936,0.173747864611718,-0.0397959187056895,-0.17457714824265,0.21276674181048,0.998238481192651,-0.0375453804311418,0.647906443228388,0.475463051073892,-0.172310082572153,0.222272390388235,-0.037893099384488,0.798537074187267,0.458256975351584,0.205339644898399,-0.307368791376348,0.604581118666084,0.107328855937041
700,2,0.189169869298011,0.613637070337717,0.0629999800255127,0.00855788539182839,1.29560752988962,0.617188330998647,-0.141381889040281,-0.427288514526077,-0.248743061452609,0.372063950324525,0.273940336087346,0.919529208630998,0.272302254110311,0.635034825803831,0.159078711167713,0.49436902518425,1.25133979695805,0.705484994354848,-0.893514216643488,0.18924333372048,0.104468942891512,0.627131846116258,0.071573390013914,-0.0386622326014243,0.267824407338703,0.00397545550083456,0.93462281611687,0.385158331271876,0.612460853588122,-0.621343516724004,0.356419131151854,0.166113299693076,-0.0626588992450232,0.296558538446901,-0.374847139817155,-0.26994067106608,0.168760388999771,0.596667871109562,-0.406307447746388,0.248875996834672,0.296687831781656,0.16746259054977,0.377386295863921,-0.0583181395766736,0.739825304098428,0.0120119116068379,0.288696839828431,-0.206197583957001,0.515811089804129,0.136010795583075
800,2,0.562645278643908,0.803142079634322,-0.148207677369332,0.170840833958995,1.40312289923664,0.869214723081995,-0.189547264606026,-0.178484798070799,-0.505928413914234,0.548467924623788,0.153135947493144,0.796838816854843,0.268463189801682,1.2834165190354,0.172896548957217,0.306101982104689,1.33619939262893,0.545974607084861,-0.226766470587755,-0.37873397318055,-0.189467749137839,0.577721282434078,-0.0506852660177356,0.389345278631162,0.575173457322391,0.0633266667076997,0.80762998840394,0.292234859038092,0.909925431762275,-0.128176045466733,0.0446871697911344,0.217025206786627,-0.0106587955994998,0.468019307009926,-0.419999862556417,0.132358945305838,0.0521131964084871,0.678460402131079,-0.0242883706192656,-0.102689447585178,0.565513471107271,-0.106074967693445,0.495742430873049,0.213670476532961,0.462553769520857,-0.061756335050857,0.364173246450187,-0.553694605348486,0.669679222476915,0.59038308788268
900,2,0.599980561028616,0.846262608690697,0.0250603658012699,0.343561328659395,0.93370744266116,0.750625336324496,-0.264082716206069,-0.312160805375433,-0.206623662494056,0.237079502573703,0.199699449620977,0.19554155506894,-0.0569441560953178,0.975543546934265,0.786869856179339,0.66779630237606,0.86285017018317,0.510772054962681,0.234175151602878,-0.863253219066306,-0.0668907292373171,0.342501711329511,0.129501104642821,0.533424718227727,0.570908154885906,-0.447034905296987,0.397911138942637,-0.0247895057740546,0.551895132819006,0.0212372802222258,0.0836400961190204,0.509487400632099,0.375423928301579,0.142348978519007,-0.0825228378067429,0.441011168101466,-0.520069310663681,0.56451538418316,0.0455968202406455,-0.163667326797314,0.546958547053227,-0.022891068919292,0.572852253330495,-0.145208914009096,0.646677772112319,0.1023154825294,0.507127328660415,-0.166549738309247,0.314648243968993,-0.0308446359841997
1000,2,0.317434976252278,0.774284008469949,-0.116212675068024,0.33757146172344,0.715112167383417,0.540155522081776,-0.583747339266379,-0.674665454803222,-0.298378790417599,0.0997372129129185,-0.0330931879102043,-0.0258416946469184,-0.19231649375252,0.104643749029413,0.86672176275319,0.603735329318794,0.387986058845535,0.331375278124683,0.41050084064233,-0.705741859398995,0.229480863740775,0.665577728898766,-0.290212162982292,0.29411696565516,0.604579186022259,0.18929702324355,-0.0285381301886758,-0.0722465492231276,0.17391928726192,0.121241016840945,-0.240242161233672,-0.516198322343929,0.169292989420851,-0.271350741253184,0.213485756308798,0.340358410924629,-0.0483764834637475,0.0354043756228637,-0.359746565555363,-0.152316381407513,0.597196650180502,-0.333298014866138,-0.153568290880221,0.275892208753923,0.267973263550506,0.483758465748716,0.533215708865488,-0.318122771880102,-0.365429886669741,0.0110850536543227
1100,2,0.636805043110511,0.732574503290646,-0.100230617290133,0.0687542496191765,1.06399173658591,0.736772713368085,0.115075159292976,-0.422651273230265,0.595736547862499,-0.0364567276525808,-0.0386745939574865,0.158967946844521,0.170553711417863,0.393415692415893,0.351604744264667,1.10917992533556,0.166697477993694,0.0795962719504107,0.447159256005093,-0.163079916382034,0.0287116935049008,1.18436634328001,0.0861933478891184,0.202946668890556,0.220566183836327,0.365874566791301,-0.0516279590349148,0.0521198156869251,0.515963696713911,0.46542014659574,0.204469622129219,-0.543663667097153,-0.0213125929637363,0.46380886979893,0.596263844685826,0.0631009737974145,0.262758156013193,-0.224919225983403,0.295498948759842,0.137965264303671,0.156659679763585,-0.136297556868427,0.092713439605387,0.256910746638782,0.158105734999715,0.550911074283494,0.600164510345988,-0.0404663926761049,-0.21130717915083,0.085824228088105
1200,2,0.786675643357188,0.714556585370361,0.204806242394917,0.199046189120553,0.734630522208033,1.08453160386928,0.66236098894981,0.104266901343095,0.708963148653196,0.572548057132905,0.635222939658812,0.229258683759239,1.00773739249825,0.833828516416599,0.47842949932566,0.700338221197226,0.345010868823856,0.433014954077715,0.530535487111611,0.197023678908211,0.377824707667349,1.16389925206354,0.329464219559435,0.673007804805049,0.449038257008591,0.900722933781213,0.315947459876315,0.0834925617614913,0.301789264720712,0.88684378279105,0.577326616905841,-0.0846138653373096,0.199691700435697,0.84464567881209,1.17812302975137,0.611074091574582,0.484431062013387,0.205679028909629,0.465927232013114,0.641588110702003,0.491067170629478,0.125712555396166,0.258006716069704,0.103680571349384,0.553081853997144,0.669523681899861,0.329945317437587,0.699321043154148,0.238819660267484,0.473119708639821
1300,2,0.727707495575227,0.89603845235848,0.301189101810337,0.531404372271893,0.71359432029257,1.32715756209828,0.819464157829436,0.019456748607163,0.80850251146708,0.70792859346925,0.846024176483261,0.29681387389208,0.957210144141472,0.717540912088216,0.477414541087821,0.437594583978969,0.91505084412046,1.00859822814461,0.539917919853183,0.803858568903305,0.0406998116771831,0.904624892506831,0.611180969308507,0.437298658689846,0.342468286114761,0.651835033848557,0.52775473476496,0.22627458552917,0.395289026236248,0.804336757181795,0.479521466399539,0.380832639209276,0.817934552856676,0.796264249858783,1.21488241367628,0.780888275350103,0.737965208539798,0.381693099442156,0.592928633589437,0.828600071565538,0.917409790669897,0.196367725515112,0.234953014130156,0.467366922943317,0.612323444185068,0.984873890907307,0.0653449412891076,0.911116661672923,0.430209925777329,0.468736847511941
1400,2,0.636729909224526,0.74599038099275,0.360628019053891,0.51704406057419,0.582649914293904,1.17799634796435,0.909308825170795,-0.495430534878848,0.86479579898772,0.346705823726398,0.63307592339653,0.513982720526953,0.575642142112628,0.287329364068989,0.404288177787824,0.143671656908775,0.718061544801319,1.15131718213837,0.32155730440151,0.80524314924587,-0.0810966890744268,0.911978853155414,0.525946422993681,0.514876996284767,0.273289108298256,1.04345550224295,0.295472437070946,0.081337913996842,0.377223240235399,0.663525581416877,0.439415887233741,0.381553185303321,0.578380984551024,0.447109690975633,0.848495517703855,0.697910743246598,0.692171441901684,-0.0869499096571582,0.463161769141761,0.506351071040565,1.08208176680643,-0.200643302126582,0.125551452857284,0.566410104527038,0.191227609226065,0.948885582183477,0.0183568521049066,0.793107709644815,0.370490057660016,0.622795639016944
1500,2,0.458737440056354,0.840371522843156,0.333938040243675,0.0215707082534055,0.248392921765674,0.742333598080165,0.596865974007825,-0.268410900102151,0.478071594143804,0.217378315208839,0.260166166963071,0.19539341113787,0.437364748598772,0.167464262530842,0.325676750678533,0.306729588634405,0.706069523581191,1.07640786878964,-0.206230751589759,0.351996066936266,0.115207215857425,0.637928988477758,0.230477267727576,0.670450454732553,-0.0406198662583865,1.05499427673048,0.133817658999631,-0.258332525259351,0.459801386788079,0.363974266967375,0.116893067760527,0.313067031846419,0.336691561397991,0.372633217154488,0.394695961913117,0.0734382132510835,0.447269955204322,-0.397634442709151,0.306321898424335,0.583004325432614,0.657915237080196,-0.587807545772061,0.0615162741256672,0.451286254067106,-0.0937556491853974,0.769310507822016,0.287471569610678,0.622818658860761,0.231895189745344,0.239347866365119
1600,2,0.49881942362418,0.725022400814017,0.263549325528075,0.167255359725334,0.35835621251629,0.992052718192427,0.384311299885,-0.209037182564627,0.385471730398618,-0.110037164617766,0.207151073349034,-0.0715912966490523,0.138625584545982,0.227950244368083,0.26269169494632,0.454848406042235,0.783194598933573,1.10055270725206,-0.0939090161386686,-0.029885690574008,0.40595047844042,0.754033144986036,0.378742052511704,0.732102735952425,0.00575903831052788,0.624473499807026,0.559792682672416,0.120740420898569,0.65923526762552,0.482069627625155,0.0159162629658204,0.314002623928047,0.482164355282605,0.984410559953307,0.110795191979638,0.354756353936792,0.559576412009628,-0.141897016248902,0.29080879038741,0.529986635912976,0.644557177197782,0.106122660384566,0.198811263151928,0.280622754733968,-0.258964037231616,0.490238022569787,0.373735737644962,0.555693557766399,0.475073399869505,0.0443141418273374
1700,2,0.486400645980616,0.65540372128104,0.193382225550059,0.0972590972598473,0.0120853402367703,1.23753339307225,0.59769389709826,-0.37574853822352,0.537861915582085,-0.046292569397519,0.00478380136395373,0.192383266140442,0.0272246327991799,0.613287393731191,0.483464800853992,0.44818621999147,0.601416435226745,1.05379624563765,0.162742516121499,0.00542412810995035,0.640013077923893,0.520929880234911,0.642867282453601,0.827138701051629,0.357452396467699,0.457743689445738,0.756857471970895,0.025459236092756,0.486765480772843,0.545401344643632,0.210442151021703,0.193118508015448,0.481870498945865,0.812218122174505,0.201959188135195,0.199011699642575,0.210661822469297,0.32646257052885,0.321737753924797,0.55957000239968,0.723417522060979,0.429296202544431,0.106325808962936,0.322676067239032,-0.0691765703521461,0.658883490267229,0.171061834033672,0.593157348085494,0.638378243135142,0.00279671704204987
1800,2,0.0685016758732327,0.807130316339629,0.483842490066755,0.268261205063922,0.181639066845918,1.09723751834043,0.699920871112018,-0.0335583108998662,0.489653601269234,0.0423381095253919,0.206013950930815,0.225879668139955,0.24157277500298,0.525860133097206,0.390486664723703,0.327507699346732,0.382961480123197,0.718481877278228,0.401689175731444,-0.0700021560439671,0.20648605900094,0.661939432541966,-0.00104463765045354,0.497817503324729,0.641899660647894,0.160339439036874,0.90349676692746,0.0129920459643235,0.866799552193109,0.298713383690117,0.870318770241044,0.232102276122516,0.574145233182337,0.788837131409411,-0.192925196224713,0.0303844960536767,0.274757573933808,0.463057301761104,0.414156188094121,0.66631516679677,0.628351413395226,0.662740889779363,0.192212467894719,0.371885118507328,0.162960959419822,0.398992001339754,0.0360823220929719,0.917455675458568,0.646934159835355,0.163360290343816
1900,2,0.240575266273315,0.461316917588644,0.521516323559797,0.211550508998167,0.0385232267364125,1.11408953773432,0.265661172722106,0.0309284470570317,0.303655891280022,-0.25305917971162,-0.233070126867654,-0.28354549065048,0.0416607018238554,0.22094301636025,-0.0999268590563903,0.139268941960981,0.185935580637563,0.622526618029786,0.149356567585064,0.118493841966884,0.241218083198584,0.538668345489563,-0.0197103986263333,0.348212816779045,0.207580358417861,-0.2007385365588,0.656998782770012,0.0581889181266657,0.328482000017865,0.137843659663891,0.542261751018853,0.345040620067234,0.460699036890332,0.544122566916029,0.0114738351876655,0.0217212644049158,0.395701577844196,0.399687209690323,0.0381254467874201,0.644721965903272,0.477937931577121,0.502331854569123,-0.0779816408472523,0.195385855780261,0.30823131416387,0.197270218733789,-0.168459342890332,0.813173836538451,0.285661482192821,0.247333718655502
2000,2,0.291920104740752,0.151698948809009,0.362123214904169,-0.057284392876794,0.0903020557495895,0.859329774032699,0.444464813324813,0.254279385664557,0.480591763020406,-0.426024299807737,-0.152987067389621,-0.306726340141452,-0.0106998208331727,0.0690328873638291,-0.318976245903816,-0.0516690519609414,-0.0695825135958265,0.533957044755376,0.24512683807915,0.100600194986046,0.244862893865024,0.373418046239189,-0.062430401321098,0.39854965058804,0.336083637282135,-0.190696913902921,0.815540020191808,-0.127256906118404,0.0146379834208125,-0.191699871308214,0.1270113813981,-0.0259110903254981,0.552519539266278,0.319085464639222,-0.0852611491019342,0.410625228507993,0.569481622632398,0.18556532018987,-0.191389608268407,0.558899283634635,0.542321963693939,0.542749595552797,-0.182798142432472,0.311094445081419,0.0561335259571222,0.0649538068697284,-0.093098817237973,0.76054377487026,0.0488277445386765,0.0419669776986051
2100,2,0.457430845255472,-0.101098552763207,0.453541005851137,0.183540023038788,0.142478492124996,1.06641892952151,0.363227703768574,0.26724773281412,-0.221766903435551,-0.475657582860204,-0.0929398337605065,-0.154673733604648,0.130879966621354,0.0801404828577617,-0.53935780650638,0.0557605710748243,0.201119887320119,0.213119641642197,0.162901703945416,0.284262596248425,-0.235813532243334,0.417255585654081,-0.303415025993414,0.434453518942756,0.17956014928454,0.309044689509319,0.334935404184162,0.0288897039785604,0.0122749704576737,0.229839235578268,0.583591357928305,-0.207594379691188,0.440028825326833,0.219286931794125,-0.0827205776637794,0.506475159823564,0.3760149476598,0.401953976311876,0.0451888593783613,0.59619115055714,0.494018299709913,-0.0576215736675366,0.324054030002792,0.494432567376787,0.0234322263241703,0.413080335843762,-0.122428752090137,1.01490959901599,0.13613769036475,-0.35524172273553
2200,2,0.312397605883049,-0.206528277791537,0.398115538899192,0.31498760783262,-0.0430292800212017,0.929753710980545,0.53147490793983,0.391506195348507,-0.263738783113503,-0.301925822581946,-0.0116727038392761,0.157410154325376,0.162994409538239,0.187848629451961,-0.231391465324071,0.0701617153811233,0.308678521148218,0.111874106315034,-0.169168242971123,0.475138021870396,0.114823266940128,0.687487683148866,-0.326465663303966,0.334098882406747,0.309094780725495,0.405405410198284,0.278733309707065,0.272160385055481,0.226733146983317,0.0627222143867566,0.609635953315962,0.00340951332430339,0.456734585944829,0.341141311783187,0.143861231777024,0.425701843393367,0.482283813140368,-0.0347402093959182,-0.13491592696231,0.283550547762996,0.313697595773478,0.264643126766405,0.396220397434625,0.415038951422714,-0.0172545299919243,0.58383827112742,0.0331608784274013,0.821231885574279,0.264884934867005,-0.287832392931216
2300,2,0.556849871663322,0.0313776139898182,0.684059570023029,0.575869254542452,0.0923247772177065,0.418364488171671,0.838774061993791,0.390907701093833,-0.149773397825126,0.00871132258167706,0.366314399879113,1.07719383177466,0.310980393582827,0.605805383485754,-0.0836779886298044,0.467598376506512,0.448479920853215,0.247662092674714,0.221724517901461,0.502717546638181,-0.0634778386867689,0.98583079247508,0.00886339416805088,0.514589587525206,0.570322286866471,0.526195006524553,0.283502285331938,0.145022687868906,0.447370398527477,0.415352200928815,0.775067121677121,0.336132054776373,0.364068568194792,0.829069728357096,0.193615901829755,1.05484100087222,0.598759482956393,0.293984320615844,0.0644333382149727,0.100845213285239,0.616537722856402,0.446797343414811,0.681194275024659,0.820442427627098,0.203997808011444,0.579066463249252,0.351254890876234,0.943744155770096,0.421772169608537,0.166579021594762
2400,2,0.338626675631518,-0.105840642731474,0.104066482158879,0.568986176809507,0.0724009740866507,0.249785206687911,0.373074788593424,0.423283216557098,-0.0866357138749037,-0.189530836510632,0.409832738235399,0.826682140205396,0.472921637919051,0.171275663827321,0.103891072145612,0.339509450980373,0.36243900264626,0.264075501961827,0.314322984163517,0.431416183416925,0.0944423896718044,0.879704313299075,0.0354475633773184,0.286211699089981,0.650050758993729,0.612835882418267,0.650312503679928,-0.135797464157785,0.469020969145544,0.798675399381161,0.568919582143546,0.235912232504896,0.607925752849303,0.80602526541844,-0.0347052597888082,1.1169761127811,0.680345129576968,0.318225518968555,0.352659662764864,0.214894662339619,0.716893654477705,0.447828752741322,0.972838675336842,0.724376455480704,0.367831451128938,0.374917491728753,-0.118767678045373,0.968523258036795,0.249330761312756,0.138350374263816
2500,2,0.496983886761742,-0.0286392990071136,0.11287430997132,0.711001411045244,0.117914668942632,0.490450187697217,0.815838035931813,0.475055231005417,0.232254708288205,0.153670410541479,0.779164895375951,0.995308840264207,0.281573381872492,0.346142317663531,0.239180529185112,0.564679268379761,0.398840991582729,0.298042265669766,0.373483812059594,0.27367014576162,0.387166804308199,0.915998964514811,0.331580500865818,0.300345871386682,1.01061145459435,0.217117673964202,0.441251424096305,0.0209361777153788,0.630822255973947,0.636011555478138,0.84982641848804,0.202878776500847,0.561284240354079,1.19773189305213,0.244887299926976,1.01147617582011,0.341150019202382,0.453053027759576,0.503557438436448,0.0881261062277294,0.742747318227311,0.757533608801395,0.499318507387956,0.475138391506876,0.340952654620326,0.583099258883284,0.213016330553285,0.99231562944735,0.250263407985196,0.0514544581066821
2600,2,0.372727922062282,-0.184467859072029,-0.254408361675297,0.227139426983899,0.163223058227026,0.431472807051649,0.393093336987167,0.436631205036375,0.0449332436846564,-0.298348462064314,0.598715222670592,0.730072500627801,0.341134583028746,0.108118636479748,0.0856532196333423,0.627905735231997,0.275258240386471,0.0489080233236832,-0.0390655464927971,0.0899053138700621,0.527299433501133,0.311340572982174,0.250768320083061,0.166656819799891,0.751809214396878,0.299740962563663,0.565600672302119,-0.247130877029949,0.341622498816948,0.242147400047859,0.577232367789749,0.321863579543133,0.313524008267747,0.867819260838927,-0.166338107150607,0.776498415678844,0.412883161752895,0.243787655396707,0.169947078125377,-0.182330130635298,0.918967488960606,0.380529816073823,0.503238231239016,0.709530620270378,0.117007412744785,0.310069166608633,0.322347491615425,0.579918984635581,0.208319135952678,-0.263467149875271
2700,2,0.581941650894764,0.0641677574710159,-0.322828340236951,0.262192262081729,-0.171661545846134,0.148744362054228,0.688169598508071,0.493298580674191,0.4491459195792,-0.20572664379196,0.352198573328447,0.588253661532297,0.48242078209725,0.277360818573405,0.120660774625038,0.743422735004089,0.347043342061451,0.0706961609260273,0.417186791560716,0.36636015496719,0.428992918503736,0.141920995495385,0.359249042034134,0.171870060791114,0.643124735365037,0.246460040334265,0.518765353093253,-0.131144156298232,0.219640865336242,0.173426049271029,0.645598310010999,0.294001812118897,-0.0970204945377439,0.836055343072301,0.00503179107686241,0.825995182564006,0.421523984825046,0.741185783084402,0.00954240379426158,0.0134619827573771,0.62607578606433,0.281282782231671,0.51320086186416,0.687422364300816,0.037394825850914,0.246312637607597,0.565890975198521,0.41393033030004,0.40361997263406,0.235760857260056
2800,2,0.763461938240902,0.0214560290398963,-0.115289338537451,0.266712088037882,0.0322563775694091,-0.212189359302117,0.897235561401217,0.479833329353743,0.299171175854014,-0.21890618097029,0.167424390228822,0.178698379900966,0.667011482212424,-0.101097601822474,0.11400373969591,0.52785162342419,0.479009972713978,0.306238256564134,-0.0754775755508507,0.562881863995979,0.91032230189005,0.0969039364007648,0.224407181484685,0.244803351440731,0.595129172307578,0.00039801615609647,0.238912057319191,-0.309465658547922,0.171163569881914,0.118710244963779,0.55652980384045,0.521282989428256,-0.0797440985116821,0.689072981671515,-0.34207679938402,0.570489113812024,0.284223219542829,0.810965841953007,0.182856046978814,-0.059855250755012,0.601322746923829,0.335933508175404,0.296435244861614,0.428011397940152,0.113531942661155,0.341123486025214,0.458755999770468,0.384491782138413,0.472011235945524,-0.335023024813316
2900,2,0.820980627956753,0.0972795817877339,-0.219200374117804,-0.127702236487906,0.0784301334048361,-0.377223034377061,0.522543388464329,0.851208386287716,0.119550542397228,-0.183599304110863,0.127723807406019,0.321096424114048,0.598342798586329,0.0835044816379827,0.421073389467903,0.43397484338878,0.705684660987805,0.440837393414757,-0.276279669244898,0.59540811903938,0.751154599232845,0.215452911861068,0.330677309321137,0.235408236926446,0.605817810980004,-0.0442105517174878,0.167706906104469,0.0247398584103465,0.173963260843138,0.0538522037885647,0.511501744382327,0.46815721886207,0.255411732984923,0.421545214060628,-0.192421655794221,0.324061585493704,0.468222696304153,0.745510617899643,0.186402013847726,0.0820092052633884,0.768200913630561,0.20641243986405,0.240393933450689,0.32976987783463,0.357040425067384,0.487819611228216,0.289854101843596,0.438377327952162,0.138587401747097,-0.332330275989177
3000,2,0.699200350901787,0.510784192661945,-0.220051973436181,0.345238439919141,0.188797836274248,-0.304347331252187,0.566046569452047,0.81324657798087,0.381486854751328,0.288161884267864,-0.0602697872455981,0.518809615870482,0.733614913509036,-0.000938884170565368,0.867055884441895,0.643810718783302,0.906469466551899,0.497713058237231,0.21685178309876,0.963599231331958,0.750245237058122,0.449691557226323,0.612293970172437,0.0261726393668438,0.520008057582605,0.0474665613639353,0.1996013947692,0.416906924775239,0.226514661102031,0.205943736362771,0.73980187830569,0.450884658816293,0.225832086161222,0.590419080594932,-0.0285546935140225,0.304740068930575,0.0620477547743661,0.828340136596751,0.496664014615611,0.257693183143396,0.715022092176476,0.489692697486417,0.39662331956526,0.465356346360283,0.28358396068878,0.537331788725865,0.269755031292263,0.547938843084669,0.0748003408049676,-0.164910955707193
3100,2,0.379442535901797,0.556430733362421,-0.327133571537814,0.439396554064768,0.246066950788427,0.0147754563559542,0.284241226857639,0.714221181553585,0.240083299945857,0.282758938351489,-0.127955853802763,0.157008804464909,0.826052712574272,-0.278657934674398,0.532970214680137,0.507260727055695,0.796325861077556,0.584875582091142,0.331285640718367,1.22495271309011,0.430920735826081,0.427282526442067,0.606916553466074,-0.0125430111836783,0.459401399911434,0.284203381691825,0.164760858151153,0.185017314779723,0.365947368099513,0.639345570931398,0.496280788002714,0.161711197361067,0.113522289918098,0.305810918945602,0.0827148428458118,0.5286635988704,-0.0712783011605871,0.647484573199424,0.100426290326013,0.404747517358009,0.81088860857721,0.230225386659482,0.481191331818907,0.376306494957802,0.369022637334482,0.483085195273677,0.555209780536586,0.551699459361124,-0.100790060478674,0.106723889329523
3200,2,0.689561314929712,0.936776475457409,0.147886319182677,0.498735988649074,0.436080916549742,-0.269822721220548,0.551599072476051,0.744653340962975,0.570739910068326,0.351112952339897,-0.180068193045834,0.34548397693374,0.815682837160145,0.347096111554333,0.557423940854029,0.694053006610243,0.772882893083697,0.578193625335455,0.667538548436988,0.629312013384407,0.248478260362336,0.664140750775303,0.689213477736457,0.353534531212118,0.429374843353547,0.0486599228938573,0.182332284390002,0.27449658796988,0.507376041739901,0.826674328340716,0.605551037404483,0.323903449271892,0.372882555803516,0.45411956675849,0.166960761642128,1.01478572792715,0.18208627047327,0.631184271054582,0.212073618838455,0.354706424261289,0.790549891923173,0.372327927785659,0.627024446316282,0.506830886820006,0.513259855725885,0.738043627662129,0.226796708367524,0.672537790701052,0.097665186925105,0.401385402667687
3300,2,0.583009171937593,1.04622320020128,0.176292753616279,0.385611648454928,0.287716360735925,0.0294240068744188,0.513054236276694,0.843728391621412,0.558731425589016,0.639242483362116,-0.103616870479613,0.344764441405318,0.913256004453814,0.326991237955173,0.263173187225756,0.447497878413966,0.82363826510955,0.749549447817524,0.689217089372651,0.501895562703203,0.206091494130526,0.772177341665458,0.855842642367654,0.552768462958245,0.0800465924872419,0.420789671592473,0.242661630113315,0.218925770778041,0.662540250635755,0.628247912451251,0.528415783562765,0.217531632857702,0.4476762469172,0.386291003846249,-0.0119225241350286,0.994840538930588,0.151007948525418,0.646247996905335,0.223545807472768,0.264665838625311,0.67634267532015,0.228297979871765,0.735823009430271,0.477736104652143,0.498687758481806,0.618823782099882,0.599427132900816,0.796445111604682,-0.0304387711400014,0.379983195530586
3400,2,0.651583512698872,1.01154852567144,0.305305523568894,0.698907084972297,0.180091732190575,-0.104996485984508,0.506781324013662,0.902583364457916,0.466093111784183,0.584167677481319,0.0487147204338447,0.468912304008237,0.903267876225102,0.568299118519906,-0.102897777794789,-0.134152612235572,0.685385788641446,0.896741883652628,0.573511255120489,0.285186257585177,0.512691413287009,0.815311002413083,0.824001718026528,0.660426197140728,0.203849943851955,0.515154165534976,0.310021895498499,0.30981576962566,0.905596979057669,0.639714782803627,0.585688167891081,0.204768091184597,0.232342440436517,0.521481747877832,0.278297114518355,0.752005739932845,0.460294792147073,0.550832515732403,-0.075850735906054,0.307985244348916,0.732525063539261,0.32365268424558,0.665863644236303,0.422367184428447,0.421470758467761,0.59501355887158,0.579125081901982,0.579971244007033,0.404600809018172,0.46692775424305
3500,2,0.670930177089321,0.598858008903666,0.352212008943039,0.561389373129192,0.395447340890558,0.220514141011318,0.376335500495861,0.736772773438677,0.496349916470814,0.513785599419583,0.254121378849149,0.250533631910961,0.644001446684745,0.720659609768686,0.0662602608534575,-0.269656251231493,0.775391554305642,0.524049684878115,0.463987183481019,0.286533554626324,0.549138321554311,0.532027010636527,0.759319795469055,0.805277297223478,0.477287573451686,0.626124710689589,0.162078027284804,0.520129065707241,0.847598661653089,0.566549310416301,0.591233649092412,0.292691671538167,0.19512271279337,0.528799928858461,0.333934421600395,0.514205136554881,0.56926074982189,0.831003703971643,0.0228233052604326,0.582359190985822,0.565006980569865,0.611579604255333,0.449293003465279,0.396716653367458,0.528665224653069,0.494076137838255,0.620050344918616,0.501357562811308,0.260328681964241,0.829748064427628
3600,2,0.497764036409395,0.451376113045774,0.586077287519515,0.663849602971022,0.448068086034397,0.419852491818668,0.161448613708765,0.663743556808384,0.330225368615344,0.744185057754615,0.418917683927079,0.374559992506497,0.728353120526828,0.529113943790727,0.296085998062776,0.2276663561409,0.683707578100676,0.613459918297914,0.352229080419962,0.310684244215472,0.811777300360602,0.0197598020424861,0.672176031764704,0.597673991793327,0.475887990402754,0.654911460815733,0.0387318450668295,0.456799432298019,0.948677867477074,0.508068578880397,0.774654485106063,0.288799655934521,-0.0490512172325581,0.547397987406753,0.314610228219791,0.419864874201336,0.647163649649963,0.962328562144503,0.161950573589677,0.228700973386968,0.550103392821618,0.296858189741125,0.618794471932146,0.623764403361881,0.641779205186228,0.368519013767491,0.604094388945072,0.574570722188199,0.557390314763388,1.27730912161562
3700,2,0.681761012634874,0.441927752879843,0.305266635773112,0.546675475460268,0.869736949923829,0.5031576463851,0.419252550434048,0.790698692597512,0.574961668607708,0.638150058323625,0.319546084149749,0.14803586557943,0.76542218611673,0.878871366139691,0.581064430302635,0.0234386085609745,0.750605300198866,0.451930561816441,0.341557352615765,-0.126729318154279,0.877671994560634,0.258619467854617,0.75872332080724,0.816970183096409,0.501073805985268,0.632096341122269,0.195693015266139,0.0223799358576575,0.549148619516623,0.382045748876729,0.741443061429524,0.556730645924793,0.237821242220588,0.665367648650382,0.293413079805573,0.569477940369419,0.459197911766595,0.694650198388755,0.262973106211924,0.0089342356060847,0.208778615449537,0.446309179797446,0.50800142416456,0.595820089286313,0.895583457936808,0.51209997723943,0.90457392051149,0.62383551250715,0.364255819301837,1.2708200669299
3800,2,0.815750175860211,0.621269067905463,0.558933355807682,0.725862194821912,1.14065476498922,0.6394021010282,0.36953148736884,0.596090952047692,0.446720196369307,0.652325118006092,0.518695518172148,0.192923536949853,0.747121675160339,0.819532083037855,0.702821380415512,-0.126716348009565,0.552585781306596,0.821604515114942,0.685424470655841,0.354119102920551,1.06952432620629,0.569031324677094,0.694740516804842,0.823262781631451,0.436447490878005,0.621662973757658,0.330106336601285,-0.0594044458383937,0.48703054377196,0.191223679974173,0.72469854632186,0.567133966817968,0.286184960947586,0.908361111233679,0.324630452329822,0.555102055585045,0.661640163474206,0.958989018499383,0.547564888935907,0.0787949848686373,0.0469738550735897,0.384708300047527,0.586553546080106,0.778575189334472,0.708024273076834,0.627613115162633,1.04423869717823,0.754539897659687,0.150862824893625,1.46748376984322
3900,2,0.718835224291696,0.713949568390144,0.8568617237226,0.77726692299732,0.817642123108575,0.992614829491991,0.493673558056073,0.476157832217767,0.187568717920561,0.555974089298535,0.406159620216329,0.275759646300174,0.673867927414171,0.667745203631589,0.751547863670482,0.0437412047731586,0.0850541561269693,1.07855929645905,0.616168402966538,0.261704289182523,1.43831452413236,0.335811012991673,0.657920488695414,0.825920126945145,0.612349671250044,0.635597525308146,0.462363416418082,0.0803174971807695,0.794225776195989,0.441344238865497,0.87485518258467,0.361198268142771,0.101532164482759,0.709828569085849,0.518644415661968,0.322684780429482,0.486341551677547,0.904474672782036,0.556138946987996,0.215227848084037,0.345792909862198,0.462193781000993,0.578824346836172,0.267382712640216,1.14721142171032,0.726135939534435,0.928385806039261,0.714330543145995,0.370636953314214,1.33566986810375
4000,2,0.541013814552356,1.12580381878472,0.785426539158244,0.578718689046672,0.764230543695195,0.921335793151183,0.793039461569965,0.438288922574244,0.350253130953109,0.502227516308308,0.707179019805791,0.446542558824284,0.790831725985157,0.70179389665231,0.80840419679434,0.464869446955942,0.128607023394486,1.41666934807355,0.692843707876022,0.509919142118231,1.33625010874326,0.481330175554927,0.979794348284438,1.07086176082547,0.716071442033895,0.743800177825725,0.656815366618599,0.127667256826347,0.581287461822176,0.694298167210407,0.869190209778559,0.511343982335084,0.433948387532508,0.223573076806392,0.61733762532812,0.262882844335384,0.502150059425157,0.999553695347152,0.440914673763003,0.250729691320936,0.550118216080329,0.534919491699554,0.478797664093347,0.395209376450243,0.446626930618458,0.691455656531748,0.845160944688959,0.860089418956222,0.564379969652221,1.30528983602072
4100,2,0.611646721424858,0.760280875692212,0.616604867098891,0.872045138334814,0.911870037562148,0.985007964862461,0.785437810400484,0.577707038572925,0.62696078612578,0.518909255614197,0.469006833914841,0.417982016386576,0.678614411820562,0.749617361701365,1.1811070015669,0.270380223796956,0.189613389029233,1.71237880461061,0.405766165353405,0.784324722343294,0.95647525644977,0.529431274246548,0.902355554386657,1.07635107389881,0.508141915307116,1.1315752467056,0.239686525530473,0.0415955643914735,0.755463647606881,0.298407467464839,1.1673649363662,0.433477122536276,0.596052879160835,0.783448649410173,0.509944729565387,0.160034682013564,0.411306018539213,1.51527286008104,0.689665885523138,0.413517341017709,0.834452358586362,0.341652765694356,0.70311542217289,0.837384626418368,0.704662187917014,0.302067976472381,0.664995834003862,0.750744758875971,0.69620725575931,0.761761798143449
4200,2,0.40490837793386,0.521624163829508,0.605884191941754,1.165094117397,1.04023089572293,0.887621873468568,0.817102655560399,1.03478810392376,0.851236297751173,0.500120687603087,0.785174038873891,0.725959679475098,0.673711948416171,0.90471690364552,1.13113282226538,0.337401261331735,0.186034563763902,1.77335635357955,0.25039291887836,0.513507163816238,0.903501476301875,0.280896021211258,1.21294225700223,1.15324851954201,0.775726690074071,1.05919178940219,0.179537252966381,-0.171354370141738,1.03247641388779,0.201822783232572,1.16348511935025,0.332453531665031,0.639353042039159,0.885295790178458,0.419849061764372,0.320687940001755,0.705747163444177,0.91504655226228,0.81571392534276,0.32317838200689,0.540795565707226,0.232101671844637,0.684544791260829,0.614699939093081,0.830461636286308,0.660726745442779,0.681069676702341,0.845274843541707,0.783150862965549,0.610544550973782
4300,2,0.417193968121739,0.95135503112001,0.892947716477258,1.33629170586145,1.00435149987537,0.961104255811072,0.880470307343421,0.918884649555105,0.537018806706335,0.873091073413205,0.64255604316401,0.478407182774266,0.860420898667328,1.05746022946661,1.13571880966416,0.293337498542609,0.41968935585297,1.42029404686114,0.249235285555411,0.911133607471561,1.09353339136585,0.109164069101379,1.35472208391912,1.0386526242602,0.371600923928428,0.437609725097559,0.770050072546737,-0.337224774344716,0.977863675659014,0.0617577692515758,1.23035301001177,0.596005649559946,0.515740858553202,0.62625048002448,0.478688180602049,0.36942365888609,0.586665662994124,0.493012358920732,0.619117135438675,0.506858017099315,0.272431553118167,0.571103948552748,0.909600944172191,0.526996688314378,0.479326824649087,0.784615147862783,0.464856574210644,0.505134773851156,0.829336220294046,1.09264846722541
4400,2,0.556103308448246,0.636723013081006,0.654691520552347,0.867664455765511,1.10195964796591,0.901455912822235,0.6436756570622,0.650764177429831,-0.133688651257804,1.10117620831279,0.688664459497614,0.260421542338516,0.80307952593088,0.863353873187718,1.12596333297429,0.407368841980111,0.331852900556037,1.44854541091343,0.466817000152453,1.19239644040713,0.86319778917852,0.295179424645321,1.21408096476743,1.09427704253945,0.607065083023844,0.678134999369638,0.830957685746292,-0.219443157575732,0.763806826589552,0.16155352574071,1.18799726244683,0.583293391388659,0.501963669071092,0.646480613831088,0.745431636680548,0.249434916472741,0.621779043635884,0.278186664379054,0.526414360156909,0.572402059812163,0.525834380509161,0.546246162454827,1.01370187804248,0.315129664247976,0.576156371761194,0.833580326309311,0.440206483985118,0.837482404284599,0.69118969466495,1.08640465168259
4500,2,0.626175559632186,0.712530160080408,0.934523939794844,0.763906674370006,0.931333054594154,0.977768850599893,0.783377669958153,0.777508751874395,0.445187575111843,0.735373826177784,0.892540087755414,0.216757059327126,0.852332142197679,0.777797267218781,0.963470499043067,0.246205239391913,0.480338866010988,1.2808101705539,0.408230975177014,0.794322715790383,1.03653279548147,0.149274385241577,1.16167107778448,0.751416778174846,0.580670319121289,0.860956866632775,0.630138568012633,-0.018472418943236,0.623089446640352,0.180899307059216,0.839068346405684,0.364146856171606,0.58721187701202,0.231987930387003,0.587062884266271,0.26191094352211,0.546743767511366,0.536372596586271,0.759736343698581,0.644658173916603,0.415015732904606,0.536931887622183,0.801532283965593,0.583320425590831,0.649598047046242,1.28308510395808,0.401508043017762,1.08455278414515,0.70586563882953,1.00403962847632
4600,2,0.821682541091422,0.935144435618371,1.07218780521128,0.632781453144484,0.917998671189927,0.953303174619055,0.426601698050725,0.730105876677114,0.396020843826626,0.506732905178558,0.917061301697231,0.0169447961556446,0.945382282055053,0.642310781741382,0.835179057678728,0.546680043969996,0.202900473754455,0.901746332422432,0.557369485811811,0.738416618119276,0.932192123621937,0.110305471380906,0.767286720137832,0.757604912871727,0.61841246928374,0.67401696690788,0.828081866482068,0.156978155059779,0.485325105335379,0.277476298362677,0.999244047986129,0.799887307812113,0.570015782174712,0.130313537279197,0.584823674164122,0.157684412820396,0.227978405249282,0.548406203258064,0.772016971292662,0.564537184465938,0.391697008443627,0.431463879516953,0.858720726825282,0.310228025629552,0.8477846477559,1.04288751870745,0.46697232415781,0.722866693178112,0.47027219406106,0.969939791543777
4700,2,0.835309258586513,0.730119704580519,0.95193113512966,1.0111232524061,0.415185511094164,0.787940699098337,0.707105018118973,0.530915295751707,0.701480169695564,0.773149507928251,0.927905837541535,0.468959150273686,0.888844711105914,0.539320781147013,0.942447836579154,0.738680196469351,0.269142613568582,0.729358138545507,0.88917460548995,1.01426220590297,0.607199316170575,0.0913775092426758,0.636198968684131,0.794136667925398,0.57563904442781,0.763122823468952,0.729944489976172,0.304863890498222,0.586005798697934,0.293041927601095,0.777172025696097,1.11703451081042,0.446809065773992,0.472771031803647,0.67892951746157,0.139286523308282,0.387291089931563,0.356784062956049,0.352235851234206,0.513855218433837,0.671348470000588,0.330734859329741,0.475406231788434,0.375749015576896,0.937198019681716,1.27655268584446,0.401453996820861,0.69008269158062,0.491600524891894,1.12954145174474
4800,2,0.855413956841808,0.602357264560235,1.00083515520144,1.14389795825586,0.382061997297009,0.727820781101647,0.527081363118014,0.276200965383912,0.516256944210732,0.746011522270103,0.982386493583162,0.461785589477702,0.764692108902584,0.59770534750082,0.611079916539226,0.725552646951329,0.0779238018522082,0.837294836678754,1.04135470927674,1.17844367802448,0.499424357825791,0.014778639804139,0.692551967346632,0.194780372488306,0.569542579212246,0.728990187741517,0.387015096483536,0.133442766600927,0.736026824095905,0.202224034896608,0.717589797238313,1.06411473199305,0.750838557573399,0.562516846754465,0.755519693160365,0.0738509025501847,0.592600774042924,0.391686683664588,0.214341361203721,0.359968101991561,0.825978944127014,0.296328606564066,0.697160248324487,0.432495427591111,1.14793544362281,1.30541614447065,0.283300843779689,0.544043761034466,0.469176161027259,0.553585814650823
4900,2,0.862361535454226,0.136603451517194,0.933362127224223,1.14533868550253,0.437991737906329,0.855917033351137,0.218822235370791,0.546858399242915,0.508996751086968,1.00431077705288,0.672682090368859,0.309006167271586,0.566036669594374,0.53257033899637,0.653176611784186,0.382526630310619,0.121678705344323,0.39117819251004,0.678378225490839,1.03138382027732,0.315651541364287,0.0954410788278119,0.897154189613203,0.8197731212223,0.770570868806744,0.880174081101993,0.290441664087657,0.13134855002381,0.793807835415882,0.026619109920504,0.470033457217738,0.95446474156912,0.501472858539091,0.425498227916516,0.486857529728912,0.240074330219466,0.569003295367841,0.57243098139874,0.387661703068124,0.543678454836494,0.638078036514561,0.157613778601144,0.683943080988773,0.207141166636251,1.21173779478251,1.22337436597822,0.23835600957486,0.527478083726056,0.385829437443979,0.657555778100653
5000,2,0.901037841409963,0.462671676572884,0.874624034700938,0.788799198533663,0.0303154625540544,0.923714805281743,0.057998984654582,0.668031775118907,0.498264776944441,0.892515434393124,0.691844088580226,0.407878275408037,0.481114415823394,0.666455844925254,0.845823717915001,0.494749147033571,0.18729904384318,0.58451558372654,0.744621164736817,1.11184592493795,0.444488975069691,0.248991369629288,1.06482967020779,0.713632813736539,0.736879325536271,0.302429992426055,0.290990733615218,0.273298439626346,0.942527147333441,0.227752933018717,0.628941743282289,1.02826027208659,0.506351598520861,0.534411576338831,0.796447755703512,0.502434114819116,0.790219579477303,0.599330711654415,0.160027716233974,0.777033523469852,0.970712075201908,0.0372074303159765,0.99363821627263,0.32982885926478,1.23885978077297,0.858736479846382,0.554679811915422,0.465871326856796,0.240421765957949,0.670375581413537
5100,2,0.631407691505973,0.247670652944174,0.924060494767962,0.965155124718865,0.397412661075176,0.481309338953691,-0.0226946450224285,0.628789627830585,0.138427707145233,0.872590651500423,0.678055602232317,0.529473908414142,0.734808835824124,0.486732001350227,0.822319643484688,0.821650880497477,0.450299067788334,0.579905302212391,0.882783372286492,1.02578008860852,0.680872744027354,0.29626991081207,0.541033635515683,0.68388611697328,0.706108442170183,0.373104301751429,0.613174960029549,0.330235814378027,0.879268086245811,0.277006759934603,0.60108697802526,0.951899803515703,0.557229364109343,0.558415542823212,1.10466436436108,0.435760685344405,1.16667984005059,0.435450061881843,-0.14029755025269,0.981313666761109,0.975330752437491,0.0304791399132288,0.683672159045164,0.397478533938771,0.781696950295267,1.08825190031525,0.476434238153711,0.593720122296213,0.193482926341274,0.581957178004876
5200,2,0.529206416565564,0.614925811836418,0.587070693443188,1.11001412071228,0.430715348575609,0.683757158505841,0.585985041556257,0.839204774176982,0.64924631701138,1.09001330677027,0.696648315196376,0.723101014664098,0.749946717539319,0.817474154637769,0.788051015013149,0.895289097718294,0.460806338264807,0.520084216931532,0.930155670333024,0.588042423914793,0.382694248571365,0.4218647619238,0.279863983120005,0.737161845614777,0.735084240043007,0.580608645796292,0.330564212499189,0.0699688135039152,0.930333655754592,0.369292199449202,0.499157560013793,0.665086948753021,0.727232849848551,0.36615921199953,0.678169306442869,0.382486239838,1.15316900393466,0.587435261108068,-0.212462010302604,0.991893729626618,0.977827872156333,0.000705326999867417,0.670846416907567,0.566005032526745,0.815627957210389,0.814270020882538,0.588160003675005,0.864014379526456,0.0930931546425619,0.702101846709078
5300,2,0.887151799759252,0.606597087436762,0.606579621602789,1.14218134080737,0.26558731123211,0.926381600121898,0.379069999249121,0.772837260146761,0.773800731522855,1.03129299191704,0.593780562316516,0.794695849732715,0.931208439870075,0.746450138779154,0.797242682143175,0.695887969910935,0.486173124374683,0.522601388737485,0.945587964053862,0.747007296309808,0.50697774164993,0.0334338334094539,0.276123954308455,0.584207764406336,0.574641759471887,0.850089187441977,0.67054362808401,0.406894322629617,0.663670686048559,0.348827202818699,0.807199494580048,0.736838719302769,0.619863687774684,0.156332048275802,0.705917042657435,0.530707015603373,1.15979562622509,0.478881949531161,-0.0653971872569838,0.834305716159782,0.366332236326482,0.2087995190415,0.849325921430763,0.707696869750804,0.525866158585542,0.768371952309843,0.723175813528191,0.857874638023089,0.233922486324558,0.465111550870184
5400,2,0.593625497091682,0.414335661399601,0.620524364775494,1.11495742996095,-0.046831505805387,0.699825847611036,0.369340051724649,0.631449628233519,0.516434621007684,0.959440186649914,0.669209729227218,1.00928572287055,1.06168884380173,0.523694637391367,0.925991143938678,0.786197027507502,0.847114676505936,0.60482363083283,0.866105068441941,0.618137493433184,0.913008497511867,-0.0842292487360906,0.242248978484997,0.490810673350697,0.573848529742186,0.959406598539573,0.90353203757495,0.325075307167402,0.445700756847495,0.330568244663247,0.468039529945288,0.905543309843059,0.423583425203671,0.173018621929976,0.639191779532949,0.515251233396611,0.989914814640619,0.202214486812336,-0.23193298008346,0.65139529983603,0.00343655700290574,0.487768795867806,0.399707406457776,0.741971551139676,0.296267417028098,0.553231204225037,0.707458850520985,0.746616575569381,0.255973757421312,0.637782053372288
5500,2,0.220360202676531,0.470663595524717,0.49862145127755,1.11539615132663,0.0378731729622817,0.760967662456687,0.556905389761075,0.792010965818271,0.769329786523216,0.795833244077095,0.733169508485902,0.796338648961492,0.66136372016339,0.722799792263936,0.878452821880429,0.868034178451973,0.779982392629563,0.975496638515655,1.07469138198415,0.543060848791988,0.811385983507237,0.158692647487444,0.422355293792043,0.677375074045594,0.556366350710037,0.756096263330367,1.01166016862332,0.190491414903533,0.327682284458661,0.437906575167229,0.569099256090183,1.2343259875505,0.369181489751005,0.322251294957389,0.332310175322328,0.230447998831006,1.15290315627174,0.180965659727211,-0.266700685390047,0.516447734994544,0.0127497229879273,0.491218989534318,0.333658453657993,0.840147323835554,0.469580475405771,0.516421010657176,0.655032936457933,0.529583707785784,0.513798524462792,0.667698056295004
5600,2,0.321337755947357,0.597873262676102,0.690609875724383,1.24572685806996,0.390544574567788,0.900716397687252,0.7767473035533,0.785035455477656,0.698996036362096,0.563558630203232,1.03036990439363,0.911074186610222,0.587262998202523,1.24198739143266,0.83630741784861,1.03199213422169,0.833273990228575,0.77586712329341,0.920418519957359,0.379866577059467,1.25664081487148,0.498864724854755,0.443348707484494,0.788586329884561,0.502153255334703,0.802486771180887,0.70951087887894,0.228338442389656,0.58204128179023,0.0751530268703028,0.851065940231034,1.25521979930719,0.621575668627953,0.105424691594293,0.332985712282731,0.421084033235008,1.03052607922742,0.30647754222603,0.0483902604854159,0.437931188868624,-0.100295357925919,0.508387596709847,0.557012267738668,1.04748632051665,0.465681467128392,0.633733160385446,0.930373093185343,0.453714371749001,0.535668325262022,0.896205135525713
5700,2,0.679195561737602,0.733309148871822,0.495246640081025,1.36502430849038,0.563540958245375,0.808205879962477,0.768765395646218,0.578558111420015,0.804344228082047,0.747635331576905,0.945096376534955,0.570170025604916,0.646999929178588,1.10819877887794,1.02164373313639,1.12602659411079,0.684761401573716,0.385411522771869,0.76535916857827,0.388373956510979,1.12792477921685,0.315735366198757,0.557170244879418,0.633730265048455,0.493345335390047,0.241492418459807,0.396861739685876,0.402288524399171,0.320627654760786,0.247672527933984,0.844926446244836,1.2035401091631,0.661145278731728,0.210515442462293,0.488923833674183,0.191986083240808,0.748107583052726,0.436601757357169,0.299004025000632,0.378687737947936,-0.0756190504153967,0.626273252035795,0.850931635187967,0.714137036572724,0.232395255469467,0.528120107279706,0.889193665305299,0.742819474301209,0.194612571609074,0.913315725294104
5800,2,0.477964546337857,0.989112945883699,0.694138359878021,1.23178206726759,0.429560692925249,0.859454669694829,0.70915125710032,0.567047215170287,0.829213717904981,0.280993686478213,0.885761049168182,0.426972678546896,0.832905152568614,0.547710602568613,0.782674024396169,1.04525237097408,0.618526792141767,0.592257962171133,0.61756704062524,0.504754284593085,0.810097403557994,0.144725078256925,0.706294137727776,0.438089278349596,0.600229329670841,0.395261732393835,0.627945516511761,0.764725030696228,0.438000655149762,0.38951638836111,0.79340899538587,0.831984319478582,0.946850349444297,0.491986884841099,0.550810890838815,0.291130418149223,0.577197856084292,0.410817866282664,0.153508788195087,0.212734164072091,0.140979502733428,0.601195436827582,0.854011696366114,0.666773372307872,0.455967451410043,0.0575157798207808,0.780930205936967,0.731519673767544,0.198911550176361,0.838950559999058
5900,2,-0.145724930114369,0.942561536364728,0.784472193128353,1.04625772970722,0.439071725492642,0.753651534013568,1.08590754021303,0.287374624874068,0.9286710192072,0.139074966628366,0.721962729076725,0.59378524751281,1.47277387071837,0.564478658866681,0.581538234546256,1.17361863405278,0.647108740774911,0.610032216361143,0.645288420516369,0.400405752308943,0.739827438243376,0.533889859042479,0.498434470262436,0.577531386380525,0.583813868967167,0.415776990356877,0.637131637826113,1.02780696258029,0.732056034897458,0.778989922196677,1.26447227717774,0.762519748317248,1.11413353991353,0.583439067686131,0.616295779246495,0.263149381355212,0.797441331922117,0.394412147828345,-0.0776213680196657,0.456690494483476,0.195709092649344,0.550595886238576,0.68985579446324,0.63530949130915,0.105985784535129,-0.099604366470023,0.686876843359885,0.760805494587669,0.220283484190616,0.593204068299652
6000,2,0.124693392728575,0.741635261674882,0.763205353087176,0.686485260285598,0.471666983292617,0.730012924068904,1.17656405008072,0.581735356618955,0.893151040385046,0.00398074340783183,0.625807478205293,0.679518870379654,1.21196884987596,0.502291506725474,0.690166855524236,1.38119882100405,0.764819888967277,0.68970140838688,0.684179617350049,0.343508820124617,1.15172089410047,0.806922797183979,0.440527908436097,0.506656164881483,0.504290884486994,0.412716887613182,0.701549703396569,0.87219187075831,0.8147986709473,0.148290094246661,1.19431830707183,0.764465804451796,0.91392469257329,0.805802176025676,0.838841092343663,0.223785762647241,0.785423657293614,-0.0505170737707283,-0.238027600147505,0.988221382728704,0.246820389578681,0.71639533361266,0.519251926857003,0.504052669600481,0.259306563384264,0.241146204665245,0.324161945388395,0.84396311484094,0.217474737889217,0.982240007914038
6100,2,0.452460411498699,0.884394202730412,0.340666534715375,0.734468197803387,0.627976682816764,0.717648271375849,1.11949182586424,0.549405324330083,0.731069071116927,0.0814734110931373,0.26531010739946,0.615813598265505,0.899892558170704,0.633127744988834,0.508060675491167,1.06997141155051,1.09989151159733,0.614217578081143,0.921988618392622,0.884580752380862,1.40736854073952,0.577281814981998,0.525214071845613,0.377036711619125,0.805816401422702,0.297318279534409,0.879365671496394,1.06013518317521,0.352966522213947,0.388561289658666,1.13576116194836,1.15023087856131,0.873329969015803,0.401459428223957,0.743264957821137,0.298266424348145,0.98445058854192,-0.014370728981551,0.273093788153088,0.943358617007155,0.677605774696968,0.503550466850434,0.916054450183308,0.784994531904467,0.623333581006793,0.0449139958415705,0.677528693178943,0.896973354361213,0.546876118073426,1.0822514192436
6200,2,0.683879253453806,0.83902283445681,0.058054019462127,0.697303327127456,0.673101753066919,0.521949586315507,0.813734429709019,0.730291370126022,0.59827861232466,0.0884541479557135,0.581665475161435,0.423590937305466,0.747250962950984,0.499634067759746,0.547506494441564,0.771620517296679,0.956673657997762,0.889754333831801,0.515880232244496,0.548293825499098,1.13742528514437,0.577711932785047,0.387867977234549,0.413998114895501,1.13711789372506,0.633172396103524,0.896405664063863,0.794548929780008,0.326829020306856,0.677192724698492,1.02797642059308,0.981078094548589,0.955930158464228,0.273164713916238,0.86365918972604,0.277207521725273,1.14296794338928,0.132964501181161,0.410342531029659,0.629246902511717,0.273467208509006,0.655197210695765,0.919987779377032,0.787473390308089,0.747648533721199,0.314004917549627,0.71736682220682,1.00055735311073,0.5049361993967,0.993593078781223
6300,2,0.500696449238597,0.975243205066365,0.0509050569718894,1.16658410945409,0.564625764843707,0.498283324123189,0.883656419312451,0.685546780469151,0.674134838985587,0.127399304539774,0.587465038792368,0.488168248006065,0.633904517752337,0.567825613401868,0.970860618539095,0.815101995408108,0.971004780132439,0.496603412720542,0.593849305209134,0.45057290541015,0.665660379306422,0.490744431052337,0.50744424040358,0.512800154665832,1.29806401224107,0.358933065859533,0.926335807168625,0.69218790334327,0.467212892358102,0.817732668374802,0.632131506889903,0.686401864465113,1.54415807523412,0.101443823778814,1.13403703593495,0.272530367975574,0.932837457325869,0.0548511945246114,0.466085932605658,0.713514269005922,0.0277488597547339,0.734037876342266,1.0446531666021,0.407199085515995,0.879770368212972,0.524831454408603,0.60326300211375,0.575347492232559,0.433013978931209,0.947345052975095
6400,2,0.771532623534875,0.799992711127957,0.188832736797698,1.13441843951592,0.701594960580835,0.426633987905568,0.801430409296418,0.49085363596703,0.605575141413077,0.103855796590157,0.570091339957104,0.724570623070376,0.770765618134399,0.563495775810335,0.869219710160845,1.06447151452566,0.804885359964081,0.510840089984316,0.357213084700729,0.676738443473444,0.6017165829161,0.605444426151865,0.593042925542593,0.4065414652437,1.21000682759158,0.321425566325485,0.96924278774352,0.419814018720034,0.305690081108951,1.10479947842839,0.646558618335443,0.583285636217814,1.13921573197835,0.162315046196131,0.986687243697624,0.412274293685658,0.580511707285405,0.373652249500298,0.415243303594193,0.610402053564561,0.0790117531829536,0.695394584127892,0.922604676979053,0.241605701851411,1.05357736378762,0.140510278720357,0.524903581506652,0.480114792344247,0.730347312193075,0.777645609921672
6500,2,0.72483253070879,0.998561761041028,0.502244719896796,0.92966052431613,0.384147245691997,0.545511386450787,0.881355600079849,0.574558751007958,0.675124587199344,0.368767993114531,0.664859368052235,0.781109179513547,0.957744306181595,0.379331486035034,0.881884768493092,1.30066822122905,0.69977563546491,0.337710420216994,0.483580166719027,0.516042939778707,0.44590902667214,0.530723275350328,0.307415112037986,0.422315800359427,1.10047197756646,0.42617224734287,0.691822167206051,0.226092267281739,0.338088167392043,0.936290942682312,0.693026273224323,0.85201833517784,0.988263833227845,0.644060023436498,0.724156566049232,0.497658534859401,0.545820040677845,0.265161666964272,0.25513090490163,0.711553296722452,0.0394643021525505,0.627525154460066,0.625183494071663,0.417825976244749,1.25072749900075,0.274807991299326,0.56712483560336,0.778851215567186,0.542472107454987,0.861644480855165
6600,2,0.552058334554012,1.00578276148819,0.357131272031553,0.859890323871764,0.614481234212705,0.366961837804524,0.629571605194067,0.85692087339548,0.597125654058044,0.651876794799016,0.337032637756961,0.91100414982356,0.88915089330724,0.189241926655671,1.25715790168748,1.07343723799851,0.425022601691322,0.329915459276221,0.758734058335952,0.648561972540695,0.628628932205244,0.584794666351813,0.255885176291827,0.511350273234189,1.18292259057999,0.220453901274541,0.834529024765021,0.562401327965953,0.101626804630298,0.770628286347614,0.726043888606772,0.686733725609499,1.00372794659305,0.70751514670279,0.69252630775461,0.595661222424202,0.668356731890857,0.177443101814937,0.0500470596075454,0.435494024451756,0.120179000396493,0.961594372620624,0.72251954109467,0.741290328876718,1.34542800682717,0.329469772295959,0.514782906486478,0.598500837227293,0.528657731477341,0.957868545079425
6700,2,0.380330391499587,0.800176539525516,0.689548762865626,0.660469765333556,0.70502939966216,0.423634038804366,0.772272552914136,0.952691509323163,0.702175049324335,0.851949348992773,0.743611477269983,0.971147987881299,0.886077493127102,0.449913877739115,1.08199362797589,0.891408416759633,0.480262962618144,0.384227683655878,0.729320652280772,0.846097523641128,0.974991304113611,0.811150641903873,0.597589997168293,0.533264461648298,1.20556523027848,0.635936633580477,0.615070154025115,0.569589254848986,0.300732557673016,0.895789450639402,0.368742494179242,0.814570884831591,0.733255786262939,0.938985184669681,0.748750620076455,0.834809751723747,0.537242937359651,0.28730016233897,0.663598521591715,0.644331339411621,0.456837956136803,0.831228960495423,0.590934831622041,0.598930559491251,0.914762534608967,0.178448410381414,0.591013428049334,0.516599924361885,0.817058245431565,0.72636044468069
6800,2,0.479200768352408,0.933023180984448,0.811826503983004,0.731920222286361,0.534821296009536,0.560356120910482,0.392862911935386,0.838783466387278,0.729671257759144,0.961077998053671,0.491645327141102,0.705396336089188,0.6769757030019,0.717323804979481,0.989672216537576,1.09916369046724,0.251207587261589,0.565899600664555,0.504796191778044,0.794629358078453,1.14510732302213,0.796498419784977,1.0872350834904,0.521316752165425,1.23350806435601,0.812729816214497,0.618640124293516,0.371182418121226,0.118403573371485,1.03501849972762,0.0724327478886924,0.970618785722168,0.788207788399449,0.748405968203718,0.665318319953536,0.965772870631595,0.862156091329519,0.474220643449466,1.03457077778472,0.788931061485042,0.174974461849518,0.916852963183571,0.704246795733645,0.562902393015448,1.02097948153349,0.350237086372913,0.842066361016391,0.461440160281127,0.654423264236436,0.803336777033489
6900,2,0.640275388393456,0.958862679989893,0.837916164183943,0.693981707664329,0.302965617857691,0.347283525428867,0.343134457830356,0.719912772526821,0.445256823267786,0.735880090598743,0.155931688103052,0.521345244817787,0.489314071347392,0.656744381711121,1.20754162460154,1.13232438383664,0.0703117756505686,0.680010517328647,0.580612076777037,0.545711500987413,0.944860233409457,0.563972090814684,0.924653380324948,0.46380042013229,1.14252020358613,0.740544799840944,0.666943776297501,0.6141126754671,0.519546316667352,1.03257593784524,0.177007139406997,1.13655822805118,1.08504588000841,1.13258491540258,1.04817603792447,0.630568042123149,0.96734692677019,0.498363551214423,0.931225419353248,1.06039918812372,0.24630282868008,0.803433805341026,0.749875872213774,0.603632379738443,0.93691982472473,0.686750043894793,0.900796256969348,0.577532128707956,0.821920573949954,0.814716834329967
7000,2,0.0601426780028901,0.932927429901694,0.637843553830358,0.647953654249098,0.219714678549425,0.32329178549306,0.0697378297298361,0.903529133514684,0.636252725087418,0.791420505684474,0.415289624434189,0.500055740253813,0.62773727296516,0.472053253468289,0.929754666837549,1.01279256882437,0.166495548973728,0.209884655145752,0.569682207499727,0.352420900819916,0.529691733974078,0.614694458593772,0.68838830487389,0.680241137725799,1.1195461520789,0.730417696244373,1.0489389724853,0.72337775913663,0.288006639772275,0.512895444539466,0.2615074809717,1.16628612872849,0.644657198626484,0.834407247674979,1.32038240117657,0.681826663167937,0.914985115814602,0.243517040286739,1.37701293883226,0.692771051546996,0.271645035837612,0.625705056385136,0.83964054112178,0.394124154034676,0.675998581837986,0.584835494447223,0.80873715652852,0.618846549376048,0.826448208435976,0.65835995825368
7100,2,0.339180991460552,0.870347775140652,0.50196276592996,0.785271659366841,0.225403573959224,0.652033936379825,0.522382295005395,0.931221727085048,0.942282319910374,0.939118782127619,0.79332296347675,0.432832037078275,1.03466076090463,0.241023246396634,0.739405972563274,1.16515161392259,0.133822208084861,0.177297867382103,0.642685950019359,0.49928530390229,0.587847120766994,0.899139045477608,0.751251008100689,0.667847525473894,0.87652258433817,1.27000766022287,1.27240210520771,0.833226387928948,0.138794225518912,0.911828700440296,0.126292015072708,0.978639979609831,1.15611653264204,0.981823875780271,1.15846375056619,0.812364986907749,0.541803405368609,0.202599169353739,1.22151151438362,0.654626386068192,0.159185938837529,0.680362617719607,0.663550115524881,0.454708874687283,0.536624251028898,0.297726455050303,0.624778286203523,0.820794182597305,1.04052122398887,0.786134648800969
7200,2,0.145064913608731,0.374434132479123,0.171377874027404,0.509039734808665,0.0587257657695901,0.264466200173971,0.893347508355628,0.68463428982403,0.745660552491362,1.22439606301992,0.648069105378023,0.615485615235768,0.98416007187641,0.328342388694181,0.610951817119154,1.02959116886488,0.41489532296621,0.249905086032284,0.769956000433102,0.583670700041025,0.197261765053737,0.484246714620131,0.815065160235565,0.748892038768293,0.901380318005123,0.517176280497339,1.42178364903417,0.927420138791105,0.176225274878203,1.01445977589968,-0.0872257530451934,1.15263692333384,0.877245110911997,0.794403165840477,1.24273254397616,0.431920421602243,0.650083038616706,0.170110581701957,0.933495905580498,0.479268271728034,0.350193312078715,0.861550161475753,0.34192191733927,0.833397607563387,0.528658301886967,0.219926628645873,0.745778769316535,0.73589315800096,1.139009324204,0.436669476217019
7300,2,-0.0159441098922415,0.344094307883548,0.854560492632484,0.419756708767836,0.0624180472717664,0.29510566417711,1.11354654036528,0.383545540465357,0.302862831639345,0.766359295107922,0.789266409680395,0.66069632133982,0.871341290055455,0.414052810458528,0.667373155194696,0.675257207845478,0.277180914917892,0.285579516323163,0.737249441498821,0.45959536733439,0.384442765837267,0.6727886167262,0.756596024527681,0.724779540165305,0.994610624342667,0.381783687892859,0.950279360649405,0.930169371230177,-0.015982073648124,1.05107741730947,0.00414849207284262,0.859831900335587,0.748354192010084,1.14594946929136,1.31067195401204,0.624987168752929,0.611273347425709,0.325336948175116,0.825662477445881,0.417405829860903,0.2887542915518,1.22946273375635,0.530854095056199,0.89506414181749,0.189637290660106,-0.0518735559328714,0.505464026080933,0.53962365958339,1.07072976605337,0.58055257553884
7400,2,0.23863127119527,0.120813412337012,0.965306351747335,0.729381327096138,0.114950984986887,0.339327768012205,0.935787237609353,0.647157998631869,0.391816075167129,0.813380087104447,0.807691513347155,0.959859126841511,0.67424966710608,0.368954233409766,1.03741411130185,0.795930442108171,0.0501341741577715,0.509830022049588,0.889039580504686,0.580056143337492,0.618052643859115,0.889805832734532,0.908245606136177,0.713143450148329,0.921076231735452,0.683403210570085,0.46167168553367,0.479402691186584,0.108496418508185,1.03317183641966,0.0990963592214257,0.546633286008328,0.549501075189528,0.96053529053704,1.38441808527155,0.598622913371632,0.670513739695204,0.115087514798746,0.733148947938465,0.55869882670678,0.0446043786801252,1.09197422313601,0.694930015872004,0.958738996855715,0.565316997813043,0.10232299325434,0.351012021266822,0.733351697350665,1.21265847059992,0.85290925539977
7500,2,0.380265659843258,-0.147450943282695,0.735981318029993,0.7513750068441,0.187803664318406,0.208124102750294,1.13881545038982,0.662088183980937,0.448386363525313,0.590958558317794,0.821756376111913,0.656906879947792,0.655506464448266,0.385996492067544,0.878278420678292,1.17503789997935,0.143350319435013,0.616659255499021,0.92759833344142,0.721912755198742,0.636832462366135,0.732717564356011,0.905028796596527,0.903499843456218,0.9282991457085,0.647237466571848,0.501435047650553,0.602220865581111,0.138714760075826,0.790776507950276,0.484021008038163,0.910166184741157,0.569478516990089,1.13028679292631,1.24185089111358,0.369719124447307,0.786882041642218,0.183155273465401,0.916588625478945,0.53901247863644,0.20042402581824,0.833654565292698,0.800335149707007,0.962525134398407,0.519487453722928,0.48392682847807,0.192910103335037,0.526528856675555,1.27093347151947,0.821521334693911
7600,2,0.769446796865068,0.0444872119601859,1.05520693564162,0.593326913907781,-0.118366249752854,0.410514761330286,1.12657684946442,0.396211011747232,0.59959115555191,0.612799698797593,0.604273432765621,0.785561524795183,0.676687377386096,0.355584245369361,1.00092349411301,0.856644646456025,0.0270959780311565,0.618389975359999,0.565702554236819,0.427181878456441,0.777676641150929,0.771891714080687,0.666070658970725,0.932135139636057,0.562641297699272,0.840018867818066,0.556631483254111,0.984320015604117,0.260006650248258,0.864812675596516,0.642818930024681,0.769656236896264,1.01511206701911,1.20981638190762,1.17036287938395,0.370437813852327,0.989028070076217,0.160102538152228,0.86882665508239,0.784931352032716,0.0993417227050425,0.697986479347986,0.667789389829958,1.02070982613237,0.592980275366475,0.315006117206165,0.143271292173874,0.702325702711422,1.4580564916494,0.620931691401962
7700,2,0.700106512385265,0.338102861530746,1.21926975380004,0.599503354414717,0.0760234713375615,0.31922453563363,1.02715681686785,0.396866567172518,0.583237042443853,0.357163420304728,0.559994125797797,0.417012485495216,0.598074247152572,0.721337355012447,0.895215602791799,0.92788594235903,0.313220248322051,0.436948561114112,0.614281702435975,0.757119429912217,1.26113405522075,0.561033285174877,0.611963017152345,1.0054540864783,0.748024883455034,0.593063437875959,0.579815676368241,1.14117075504837,0.369796634862215,1.08555494531089,0.478504709025821,0.806840589878641,1.10717594275729,1.05908359839309,0.727332958536437,0.944624022406255,1.09499823484207,0.267817175520585,0.706555075989694,0.915126263266035,0.15004485244447,0.724825752192154,0.493375750370529,1.26757210461628,0.612536255116642,0.115368768598999,0.0321969534682907,0.633075747649957,1.33710010706222,0.713363824093839
7800,2,0.674934887769401,0.395030778583084,1.35029192948031,0.494943895068725,0.138268593743851,0.0755164632210036,1.00029513080924,0.421148564334064,0.34791622783934,0.387538675904266,0.336253852400424,0.491028426097198,0.953698810668093,0.522370556066039,0.629968564241303,1.1029227836327,0.531335038158167,0.524222401335885,0.767538523280082,0.671113695895055,1.19378867421832,0.439461980388594,0.507578002508918,0.838490335212189,0.635779854437711,0.648873511374724,0.361709026401741,1.13358984290014,0.333713167340981,0.972398858138777,0.942425570922611,1.00628775159469,1.08413445769457,1.23211204058291,1.01362492911724,0.782951717719702,0.942598299658935,0.394520081206403,0.676142349310597,0.911010554509311,0.300684043885327,0.887230721058008,0.419278469647055,1.3341446635722,0.724442894853456,0.18815357887622,0.518315359749849,0.729813457047621,1.10920889834586,0.813706932627399
7900,2,0.724841871228494,0.495560845756965,1.03504336154958,0.480456811398116,0.432585891660983,0.0530831690258008,0.72887589109366,0.331895502618611,0.266756399294194,0.64411826758649,0.622452486065028,0.547763466420274,0.906104770499279,0.557828585158598,0.69705575105185,0.613328794586728,0.638999692653205,0.683831986569106,0.903245965141169,0.730008033711907,0.966859248764556,0.473979897917937,0.539845668656152,1.10895134300247,0.442980398208758,0.773902505168593,0.539145694350492,1.39142770062353,0.242360280199571,1.24609283925094,0.490989347772055,0.766314588856165,1.36222875734313,0.955404702955952,0.9483115737462,0.865194416469654,1.15864059459444,0.796780214622836,1.04399153193018,1.12274123730965,0.692663441237331,0.872525870734795,0.483643476955898,1.3304560115653,0.58783497508904,0.401270339001347,0.411092839573095,0.428118898804679,0.915264168993358,0.520615406854684
8000,2,0.577250769561285,0.362975355982199,0.587412279988228,0.511405286038403,0.444084294324843,-0.022946435611233,0.716405524438367,0.484067694115579,0.493671791802372,0.714748271357174,0.321088338156705,0.260437580221434,1.17977451022308,0.85962157498297,0.902116259743891,0.269445303352511,0.546472471497525,0.573977225664274,0.54051989838975,0.831376966608574,1.11818968800357,0.0637864536900777,0.634834658037797,0.912461045021196,0.16414818343275,0.574190497352688,0.608585602194032,1.06234076414911,0.324989076739988,1.32974730807728,0.524249352534186,0.837367292723242,1.25591499729705,0.673444611668983,0.956728068555363,0.893622162031739,1.04530974623931,0.890244934766884,0.836209140505287,0.887407470390941,0.760339920975798,0.974373555980198,0.411160787581738,1.10607911854195,0.316739285920717,0.358675164724341,0.593386357244649,0.13447963980404,0.541585808833222,0.290250317841508
8100,2,0.712354557173227,0.589593038137344,1.17235838259225,0.419396352669088,0.258814515774073,0.340029718746294,0.404513548204382,0.587035334395861,0.768896361558115,0.984689135167927,0.300991379040463,0.0696956354608997,0.671482659424838,0.63523061147727,1.0335027472509,0.255851522916052,0.363423204668238,0.716502958627781,0.493694476813427,0.912548019030959,0.979291951620767,0.274017658733604,0.122389576761326,0.562330465749735,0.113363123070611,0.95002304955208,0.51067408239619,1.03418888611982,0.148110410490604,1.22226762669285,0.479282319173452,0.889182574149393,0.994550624421806,0.519652762659656,1.04517485195165,1.17110228136429,1.03798044440219,0.594204471339742,0.757844973650014,0.751491111503883,0.684810200853266,1.09929598629778,0.716145030052002,1.17464586192989,0.289063512412229,0.765417656752808,0.88107717102614,0.0662229448505869,0.603526649588366,0.355293503157324
8200,2,0.747587828135552,0.672270994934405,0.899432378213492,0.275512486294698,0.184459290604747,0.210011225473297,0.309828492169998,0.125249643762784,0.903788516813263,0.891008594713652,0.831491472507852,-0.230701176707027,0.727512486428448,0.122013671098911,1.13078506165856,0.0807175462080156,-0.050108590157405,0.743763450807364,0.543472878036093,0.8476462954203,0.652830615185833,0.742240224688899,0.0567392903141428,0.291953590056529,0.292876189458448,0.97150536226556,0.200020285189271,1.21031427834827,0.316733420371682,1.07226356602868,0.0734598188837071,0.781526112566419,1.07771247585553,0.272491704339894,0.942683344317606,0.747103250328658,1.01897897257134,0.356388618841432,0.764907153188892,0.595682972262186,0.966830566490977,0.750131882144298,0.410629252970005,1.06522288163139,0.453519323171749,0.607812570558951,0.978243707946037,0.345392040945929,0.595873600008649,0.171538293127179
8300,2,0.781786239315307,0.356278095430383,1.14957775244735,0.502100365666124,0.606382190160964,0.250448369431931,0.403505924738332,0.0609416533577677,0.352295259508562,0.663188308815176,0.602862195624555,0.0794526776926952,0.690631147237584,0.351541564626926,1.15783527217974,-0.0864519482749589,0.131736431445198,0.642791906357986,0.501022585680949,0.507719357037057,0.761002016688496,0.816236731012955,0.0397383019966729,0.30777753517832,-0.0177092008011935,1.00094549774279,0.290097718723496,1.2146370920643,0.209233727825866,1.02159285513567,0.306771152021103,0.479543778554673,0.819103601583408,0.377519349087235,0.795034540156601,0.360306723394962,0.790444036958308,0.2737539594579,0.489681410037115,0.903559056754227,1.05983559402911,0.684279885029233,0.442767392194751,0.92383114911633,0.702728449436731,0.939935964268645,0.663008655077654,0.552684773352905,0.547528730047506,0.296834150024335
8400,2,0.725283273027064,0.636495609665213,1.38584763823192,0.634484510875646,0.689776418230897,0.453967985927191,0.575511144992669,0.0645432276298859,0.391807729550552,0.565236948895971,0.845739342573531,0.457235115524233,0.504282794915777,0.656906276187029,0.981980226258704,0.0320347962950799,0.544480399088739,0.596021410887151,0.292683876511494,0.803388558994709,0.684752645310821,0.979514272016007,0.34962110298037,0.118076436169399,0.00474748985413265,1.10582278595692,0.509832500058264,1.25869205782934,0.115946354429658,0.811739576999349,0.750258624836874,0.766738792915443,0.589232941003354,0.333065185464574,0.579749835017256,0.595412045792528,0.733559580705381,0.0189852599889595,0.634947425864943,0.690845655794116,1.00763038515124,0.845243701936336,0.450917983467237,0.876239939225727,0.603352206066807,0.463858502106416,0.666750343584428,0.383691880096236,0.467613537075952,0.53192187948684
8500,2,0.902159867291082,0.790543795063017,1.62290399379295,0.231069722427166,0.76920592815049,0.462694796907551,0.688558886275116,0.509178926811684,0.312231580361096,0.70286643289526,0.650886510474366,0.533647165183775,0.800099126802604,0.363590457056931,0.736416202660289,-0.201883506454312,0.551141515630252,0.618916123371593,0.344335939883756,0.713714665904472,0.484657659128443,0.851834286199692,0.437341406206298,-0.0985334606979968,-0.061734922325812,1.39311889599383,0.468876030697413,1.08513172018359,0.496531900703273,0.903599732985771,0.640432343216616,0.854904275590757,0.402037269712783,0.162271876871024,0.600060031523601,0.444258114828107,0.524761221899521,0.518714542726107,0.608537308580499,1.03256009563762,1.06360251732952,0.967044418652253,0.233584669894348,0.645304030229964,0.696123630622094,0.65757806690723,0.656195422604093,0.183958305180453,0.406184376389689,0.802022957164679
8600,2,0.96128327998354,0.752269259708752,1.56567244530282,0.349247540785167,0.860324146178513,0.296518310255161,0.412116679242641,0.462591562221082,0.137092309406669,0.880938675607221,0.691155106309372,0.624351697766862,0.849628472509436,0.34208602378569,0.736737909194967,0.0296190847332596,0.514536709303188,0.443393291564626,0.44075127273377,0.809905618053485,0.679260027970294,0.874046317336407,0.250904290072426,0.156999401178787,0.254637567902966,1.4722075195661,0.513695324714962,0.965787198226874,0.33575996483757,0.979438505425393,0.367220590495981,0.860084003787897,0.426696389830178,0.174921639223919,0.653303033556994,0.192357756096681,0.508343203024828,0.423614193756239,0.426289302005662,1.34205219891215,0.61250945276819,1.04072012182229,0.0914818446883555,0.283095330108286,0.570124728090785,0.411708609489968,0.564976783550301,0.206216428401723,0.577042798696788,0.658076305322828
8700,2,0.977589052968105,0.617051889764954,1.24738850540213,0.254967394449773,1.07672709043654,0.440442854929163,0.424340029702937,1.042507469887,0.503515748451491,0.92123820896956,1.00867667081425,0.974298880710242,0.766321608921947,0.08790035388106,1.04036738017004,0.340222019673983,0.628638126667298,0.415939386738525,0.628476276213429,0.724610492245625,0.695185092295344,1.35710440791893,0.764480659408097,0.0604655853313579,0.151141328817296,1.54183622003385,0.281170733471028,0.740427820822218,0.19179196177208,0.615925341089426,0.0449126925212153,0.989968390836211,0.594415104080522,0.471478693311757,0.597999420979874,0.448594910604467,0.178226355409957,0.735190730844162,0.898229112875808,1.0109036329359,0.569232864493256,0.786158060178731,-0.128809366242483,0.404421698835518,0.452698535008841,0.110994719373607,0.863478731841163,0.442961214856167,0.589714812305743,0.51159507933157
8800,2,0.631524034520235,0.408130551086244,1.13746537202796,0.45153332152945,0.810800686276679,0.410375493206081,-0.0279429644466611,0.942681180229713,0.354588548975973,0.846726668807272,0.805553821558802,0.592945379303709,0.405558616865906,0.437631397095314,0.906328288797801,0.155632923568655,0.621052309787159,0.415910744896191,0.745541649623834,0.358391381822639,0.898932077875958,1.12686441418673,0.735034987683452,0.0528866616288666,0.0703816896695147,1.22062557456515,0.588205448784561,0.84979489357132,-0.127190808886045,0.830338631656167,-0.048564371098473,0.610545514185313,0.699364544621729,0.375533048176525,0.82225611202416,0.524899043932627,0.187215614856434,0.582387087706477,0.9424415976907,0.878009107966809,0.263241593911571,0.929625172931565,-0.0253240140625359,0.585693163652259,0.582718006479738,0.382638657274889,0.74583501184296,0.653583249626918,0.689744046003001,0.2888388258742
8900,2,0.617093014267291,0.633738468947385,0.745375237033957,0.380309118339717,0.824193772413818,0.406624875318224,-0.0312850665785551,0.856175734149941,0.0122604823856098,0.597696248065919,0.703909644237082,0.501602266608798,0.092355209880978,0.51633835592029,0.691232365440384,0.42304459910971,0.348427771702343,0.424233603202878,0.532810534126185,0.366802789257064,1.09040888495301,1.03752216984704,0.911608433524322,-0.142578268917989,0.25196332882619,0.969525329734426,0.285959466049671,0.791069568894071,-0.101025505310375,0.770849678017893,-0.0068735531588735,0.54850988798672,0.604491606347604,0.698979511985901,0.90870870313262,0.611951485909032,0.416097721011202,0.195809710941159,0.767717946128479,0.792159408221295,0.307785381194905,0.816483460546286,0.155289476405073,0.540687367870955,0.665680005306663,0.571724260703127,0.749755147639504,1.0661336854581,0.0948667951263896,0.140141028265686
9000,2,0.821030734428133,0.46974402907429,1.09049797544302,0.315712641512962,0.874497093594232,0.606419893854536,0.654033982353464,0.736499339046397,-0.0250753560734455,0.739671520172655,0.605180728494123,0.248148392399508,0.0813294329891906,0.230070946165005,0.609741228584976,0.531174592889214,0.492654161843425,0.173208794147134,0.412802323604682,0.405849574508728,1.1173423592306,0.944181985598008,1.17119258831575,-0.182151600066496,0.339931445599569,0.745255109051559,0.350879992145212,0.754377650140102,0.153852670523522,0.795082757641478,0.34421135167805,0.365526182217035,0.893146548028001,0.435972377472721,0.656805737824834,0.790804581173737,0.651749130221981,0.189260022352758,0.913573595196638,0.97760985351721,0.261724939837448,0.7096595302763,0.489244695798431,0.500208418519572,0.333519796966288,0.551138057936944,0.432074663646867,0.667692493612023,-0.200775336956296,0.49431553320048
9100,2,0.846618277125754,0.497399178154042,1.06905905307359,0.181957851915255,0.915334893423983,0.524966507439049,0.543977201194269,0.876316517247414,0.549015301263403,0.942223762950207,0.605934519993196,0.743117045062366,-0.0589606111919749,0.722345814052709,0.652318575649315,0.587179472286435,0.768702462372159,0.0361853393306154,0.282389507271786,0.422923795751008,1.31116207850601,0.788959232479508,1.34045289543246,0.171419852244835,0.483115323557177,0.680064449716999,0.543959766456247,0.745986294473219,0.40848851674045,0.925048998015278,0.64594571059075,0.478985501898035,0.870168784400994,0.54758923499737,0.562661546360492,0.830794448172897,0.782142047447907,0.525872983206621,1.15689678113919,1.09107699140655,0.296297786923412,0.775665827452826,0.422413301235812,0.612396503710877,0.431757244634023,0.599480706289842,0.266263491972595,1.13990938173045,-0.308358571905669,0.757768375193857
9200,2,0.958661865101944,0.272002164076865,0.952759838071191,-0.19437772042565,0.526640791547555,0.78639218236029,0.75150456920514,0.70254373239306,0.558161097168126,0.7971746834263,0.383075120435156,0.457855784418155,-0.274467882112004,0.434113363238637,0.688183355602973,0.767547932913337,0.742603370862505,0.326065025654205,0.470280119243131,0.184814861542384,0.974081971410194,0.73929392128036,1.15939934654915,0.291998924121117,0.888139851231491,0.37533598978292,0.706936914785506,1.06799829080376,0.217333386669098,0.663121758352591,0.899610625228231,0.440251819567456,0.8971694281824,0.27848695652847,0.534153784412485,0.785764870849148,0.63024335866483,0.438590104183995,0.994032557934002,0.955228550736796,0.16349805622935,0.909442852399758,0.518138398567707,0.534992182573778,0.452806362315549,0.635946051642647,0.09090887914899,0.958945780690305,-0.307024531075584,1.07703241178833
9300,2,0.398168349291799,0.234329096983733,0.80677327314582,-0.131964243480845,0.405222647434068,0.625379623044968,0.849162611222658,0.905203848542159,0.517844168714142,0.611987490105548,0.413572556982869,0.587542708527262,-0.0965874357984243,0.36732093585261,0.636754198985883,0.743856761417671,0.920678075287307,-0.0625140375642298,0.7487045061627,0.184939299674036,0.934023045544438,0.576094943018629,1.15159632763759,0.512776573564772,0.997180392796285,-0.0155488119153881,0.693676085979327,0.860941296270481,0.2682502096496,0.919409570257856,0.656117290608908,0.910403558641982,0.689706295272189,0.461704305588683,0.883263570339037,0.957280813875125,0.442308932274006,0.780893112112271,1.15322934415943,1.00416729856169,0.68969015848546,0.730086369956062,0.690218617991012,0.402185373119991,0.658717325169716,0.785019926954567,0.376751206727187,0.915855208132634,-0.134659764007736,0.854852613534946
9400,2,0.0950877996260798,0.47035151178059,0.856150702525197,0.188750843708479,0.886854539833402,0.833757795111937,0.795904406458273,0.657710424751521,0.644540967860307,0.734988099997008,0.232172000393831,0.580649683104343,0.0698620498238341,0.337998323796231,0.794578462332548,0.745885513439759,0.623330686186068,-0.107210522043764,0.593646499992647,0.444105085768088,0.53389337936977,0.467720249976886,0.903278384546799,0.117993015461701,0.603170536520023,-0.0305258963676031,0.764462120896028,0.875632004244645,0.236359813080501,0.485284766448638,0.732328462984003,0.868701335668997,0.535022138476134,0.719388367325782,0.896739390498623,0.849977746352317,0.585109491636157,0.613115343034549,0.888794524092404,0.85602535687053,0.990603671666707,1.00337372400634,0.589063392761048,0.00356735796683705,0.908802979014993,0.697747956203746,0.756032698731782,0.603522753029953,-0.141681724804022,0.931446926620002
9500,2,-0.110689522490259,0.50632162087972,0.788395429281527,-0.00813542720605936,0.513819654356905,0.716022588822722,0.576728492978302,0.861891897694412,0.474543989057187,1.09641422544436,0.612316347885104,0.622911669465634,0.315144528809777,0.589931561682755,0.777840027391848,0.443151639444938,0.669897555646892,0.0104151437081978,0.464975001556996,0.561644330511275,0.394902771316802,0.637398255485881,0.30725277786395,0.317594249831906,0.384103967484878,0.460184122591764,0.778637663353168,0.808115422937149,0.239337441378024,0.397717444856468,0.990417667938918,0.572513030465166,0.38614542916415,0.776183490554225,1.10205772780599,0.982394357647086,0.456461135524496,0.480481409385941,0.591766625249071,0.955715375615722,0.929849813268639,0.837247931065938,0.512236175594749,0.149613358501128,0.461412126358434,0.664523151276831,0.908955979097218,1.039833759257,0.236150968371788,0.946343874254763
9600,2,0.196254108073307,0.733402307415554,0.791040828049259,0.0892287275230577,0.568437739546484,0.673896025751841,0.527962856419004,0.910409389936027,0.425417390509055,0.706874738293386,0.542143201709278,0.308480834790696,0.200434252915725,0.797557497346885,0.582725352325019,0.219686886837534,0.287585092459078,-0.0860553787425317,0.274482233207182,0.478717002481245,0.2736500165996,0.268945706362848,0.581118788274092,0.597822663730333,0.338877846417948,0.675435393207416,0.753049306096024,0.794208068506239,0.328164380038571,0.513374131789431,0.835673886823177,0.228178045256638,0.511630091906604,0.779073962435655,1.10443133265582,0.606864020522375,0.262650395267826,0.711489015932235,0.481173398192977,0.563271781649158,1.0088993319245,0.894438001701855,0.73336802465315,0.42124513587485,0.480277483857182,0.854386825140427,1.31635599790824,0.642805293293595,0.438692533191253,0.586674777976095
9700,2,-0.32013487367658,0.496582513873192,0.462389017400263,0.230878691797708,0.472996139562339,0.727515905331601,0.265228016609774,1.18430179622232,0.453379961321236,0.817111767245767,0.719367328616525,0.344678834658073,-0.0915686015923851,1.06456296374639,0.44485552884991,0.532741786543314,0.269181654107991,0.184112870682035,0.364744580719339,0.395356031032733,0.275484174887633,0.527613684602311,0.388196794872617,0.379165879490129,0.684534684928796,0.333357594738688,0.626621798807507,0.712610112231086,0.33929175364951,0.713089785036186,0.0024390053711838,0.275424752472291,0.357803825911348,0.909065127261445,1.16663156009814,0.599050328109142,0.47562365623926,0.782058617837685,0.358156751824975,0.603573327640945,1.2380599681293,0.5855044201177,0.913212219324064,0.20292387925905,0.425346431654329,0.874890386816828,0.662469196739804,0.310982835391908,0.688742902100672,0.489343617175057
9800,2,-0.206037881846102,0.702982618034631,0.33986687959926,0.0535099163550682,0.365276038461236,0.552285838529754,0.118444648321363,1.21821782941384,0.355640951819682,0.465612386716746,0.923243589953593,0.606408653550663,-0.0388342415992299,1.19730244583536,0.643190154688673,0.193217655811332,0.122327220101367,-0.0272534639994008,0.23906616935825,0.0983114559511054,0.14198462952062,0.159986227853485,0.252148954551639,0.148075696796441,0.934789021566093,0.219036975524801,0.574860800782804,0.714006215153698,0.392110810471087,0.412601377608225,0.273265480696971,0.548601734148429,0.67177285685679,1.02657467567149,1.23413739674219,0.49354041639731,0.345014713446813,0.757302253076138,0.509429853252884,0.608613299914642,1.03947249067438,0.836696275272994,0.585600636457471,0.375715494315957,0.565486236330701,0.51011244603354,0.827526315476724,0.636705780386599,0.429572994182072,0.935670710277411
9900,2,0.0375463511003825,0.706895874024065,0.312131874860047,0.366168973561896,0.168011480408833,0.472236776902234,0.480285688936815,1.51428294863944,0.134075135354177,0.661442886955123,0.912061882647154,0.682477218373919,0.275944027770376,1.20643898486889,0.426558844492976,0.314530419503767,0.213932544395878,0.157432260952746,0.267218050094601,0.0578807607243796,0.292025554676526,0.0450075680125123,0.280087330974092,0.0647890323703414,0.566229974898487,0.0885564483221581,0.916927773035574,0.212594087913025,0.670842200549695,0.0859777595384096,0.296979888320778,0.807543550012011,0.297526634046971,0.778549335661144,1.13564295114958,0.424916563612408,0.049243284735233,0.525170140722079,0.7977261986959,0.647179355394344,0.44997807461914,0.544164138316491,0.0316651839385079,0.306118985864705,0.482673528961768,0.193504598738789,0.898366064119661,0.345672280590236,0.468000571428476,0.879776374971986
10000,2,0.421502087370485,0.65946032783979,0.421730842599251,0.503663613757386,0.301448279933508,0.391610382665161,0.38231318685229,0.883418455382773,0.476394418833004,0.846825989720015,0.451910003104995,0.390139788716443,0.283963410890879,1.10604791100236,0.431325736373082,0.0783182073249294,0.449095232650127,0.186911603086442,0.0669093789201198,0.419428042431618,0.273614569692802,-0.124144346660648,0.154314138493607,0.255883689780221,0.222293002820869,0.337245139003818,0.796216642614155,0.701460419209556,0.748253380631154,-0.269697292144441,0.3270713399345,0.781604326567788,0.435746791848086,0.574212069928746,0.767760453486011,0.428690526635678,-0.0928613655961933,0.641884230354597,0.879650930354543,0.62714249454912,0.453130591027585,0.682343982012979,0.107380448302903,0.801656184415808,0.516276879517848,0.173653050873396,0.726505091721387,0.161672376515079,0.524721208915763,1.07598311899395
10100,2,0.223402974875563,1.04659379234833,0.393870551570104,0.397160914878625,0.710568469779517,0.39353083987647,0.59033204052487,1.02224427232481,0.399135023070036,0.8968005391422,0.506262018846478,0.0820009900814125,0.277933939612161,1.14182147170888,0.124789804098429,0.489476190546375,0.419619334877438,-0.00395502492663974,0.0667220954362026,0.407088000902206,0.228309301487189,0.0114922471511859,0.497638332592215,0.0601849703673171,0.422152211675527,0.421462523267802,0.514360575462351,1.01883210410674,0.858211542995664,0.140330478004471,0.450504178541667,0.664445183854748,0.662368870588728,0.139496760497564,0.40240873530227,0.661627876809738,0.0718952270427435,0.739895230209512,0.703233039877898,0.923282418086738,0.723413524489084,0.29412193485737,0.292049601928184,0.713555337354975,0.484287492929924,0.356209052826872,0.998238771310642,0.118747977495197,0.928804574939149,0.726114737696939
10200,2,0.184427558573122,0.655685168527592,0.512857195733656,0.3829047060337,0.449264876413769,0.497055425861522,0.800772516061134,0.806896661758506,0.800806106569272,0.623570932421409,0.299749803149378,0.311876544545519,0.195916300103679,1.33559927369251,0.104859859316264,0.432498575366308,0.564004853574906,-0.239934774375644,0.580761562137102,0.334425665742686,-0.181803254929297,0.282843146701633,0.31051334970635,-0.108435974249315,0.155542539533769,0.369445534912321,0.328963156758808,0.996264073049,0.83806461440132,0.513184677652188,0.269618612838966,0.588201035812441,0.379314631945487,0.138980530130061,0.415570099998527,1.08653091624277,0.0530455962535316,0.859810729196263,0.664717361138828,0.44226328919854,0.660296478505634,0.717540734029239,0.298806799995431,0.675258143112915,0.0569514344168424,0.683844499720514,1.07836932996472,0.0705541896314195,1.21760010959416,0.467866584398631
10300,2,0.279373798039416,0.325861226978434,-0.0384444181531963,0.54969381525371,0.478046180665705,0.677443832775538,1.01694637480715,0.809408118082237,0.794627327077606,0.718352432775541,0.492846998102382,0.520866234076771,0.357638182183614,0.654427561520258,0.0882250658619587,0.400758308892215,0.700030027391666,0.0278860484233834,0.750181418731814,0.382909971851715,-0.152134139928894,0.387740950732684,0.613998732429382,-0.0675253770788593,0.123659387294487,0.559316874415495,0.25255126214461,0.680970109253531,0.605338280140292,0.942277022247971,0.174105394832484,0.690688154873184,0.26225822081895,0.251308690598787,0.517820010061782,1.01597738251793,0.0763575369804359,1.12732594234313,0.609801846694449,0.124734788338914,0.217464729972489,0.83184566428809,0.459225600831894,0.770589764412677,0.427244625627317,1.03110346623986,0.663478006408795,0.116593001563855,1.22300836860869,0.0353447125860121
10400,2,0.421380853422188,0.363805895451289,0.133957520803408,0.753570638525422,0.626497911239865,0.652900588438894,1.23738187718696,0.882782875114371,1.03385527089108,0.428108217296194,0.619583554710023,0.544943615945786,0.330802913875187,0.472281235852394,0.0831745203195928,0.165803848613982,0.955232678022143,-0.0719194303413478,0.559895578457821,0.6691482270372,-0.0334516502590539,0.277586942069782,0.79073703542663,0.38084406727122,-0.00919067973396559,0.353551796309193,0.26837676415652,0.570888146837416,0.488958834521634,0.913588605539752,0.504567798985011,-0.0788684524449109,0.192988400534665,0.226008535488759,0.203551162196174,0.373515571541552,-0.0557696043712879,1.0000751840563,0.5957571653561,0.151507062863991,0.230248593503865,0.757492458674205,0.374779310879335,0.444287481351544,0.273626100618917,0.681337736895326,0.471218849402415,0.239420229129575,1.25610054883317,0.103036992907679
10500,2,0.516879111696489,0.0953951296267191,0.104186351677023,0.889977226677571,0.730016928956562,0.251896559046483,1.11906974779046,0.780877991367883,1.10275088647248,0.883057104944645,0.511763782403951,0.57712587905229,0.23868293949058,0.668570079763343,0.0331485255551792,-0.00148180970514644,1.1189227858556,0.139870919594264,0.6757390810558,0.849606758155371,-0.185229254786971,0.28570736816138,0.916207137222,0.310265190023437,0.343531503253779,0.490359594446733,0.203572092736618,0.753403621995451,0.562583482881203,0.695623544527558,0.291975905374803,-0.0462966696643967,0.185212281242931,0.507125118657318,0.131158337927887,0.214238038038325,0.00571742326246527,0.885252741492781,0.442238827414887,0.430433566809921,0.0721485061645379,0.456995999129967,0.365008471552572,0.327104739831157,0.45921122085883,0.646584064191775,0.557825820243562,0.36685936649589,1.2247526244406,0.243390059995538
10600,2,0.628390974506399,0.101282596405269,0.0808283431613847,0.973617399948775,0.930797394891068,0.374286525831058,0.849293142882663,0.757140704077631,1.30886878518702,0.945854484796661,0.764567867901528,0.663255842419275,-0.191073239708977,0.435334050432856,-0.0511118312096893,-0.0868556246445242,1.13380345257752,0.265993988691121,0.881063543851491,0.829128586612096,-0.226424182717759,0.511192227214864,0.815955345007795,0.442826974193326,0.313700374305296,0.56720522930413,0.401146874438421,0.662846548570599,0.276852948033595,0.455282970064441,0.484303472754847,-0.222014548155019,0.251611558571322,0.459130645643782,0.305302723092632,0.484506832291463,0.28802705424864,0.922236649601311,0.476614306550057,0.398115868475702,0.153950008919639,0.494519499178721,0.598606335631172,0.174699778651005,0.776822988133567,0.51474002110409,0.555906381332837,0.492810285961703,1.3703917325168,0.163668183977639
10700,2,0.547388327020568,0.146967121159544,0.00191955599780014,0.954204554395959,0.637462927233289,0.492616357530419,0.383246521898783,0.90109015263165,1.12523736761415,1.08438703557854,0.92780444407124,0.542792672832684,0.0204885001133479,0.35312964455379,-0.0523582095796461,-0.106640178775274,0.89727234258452,0.141746659288505,0.959767902040206,0.705414392681004,-0.0660200323257953,0.560050975436028,0.766910242476875,0.455229880179167,0.218521893227582,0.710786477453692,0.243233925665772,0.83317841045197,0.44257574820992,0.564644101158488,0.43450692147822,-0.233489211246023,0.048531041282076,0.365199254643321,0.155219888636583,0.24673375390921,0.166613852395547,0.91757691038875,0.739554002608174,0.275070776828975,0.0859889946026102,0.545363341231301,0.527639603753375,0.390358176728538,0.637262058972978,0.475750370193229,0.294288261574491,0.519789856408364,1.13709331957769,0.342644254775624
10800,2,0.60058461623194,0.210869971113044,-0.0923318810971693,0.754791316931959,0.551266694356539,0.12475288799615,0.151420202056577,0.83043057147222,0.890758999597454,1.18307047952089,0.781377783022947,0.968298243763771,0.37154199313288,0.0536261598626562,0.122772398548135,0.123575963043135,0.788270259697981,0.149901016656911,0.679951000730917,0.70363030134943,0.0237674653607884,0.55446129656689,0.519333632525899,0.26174791844395,0.147715096084511,0.41517195891401,0.443348615806359,0.953296280097699,0.701576242604309,0.326607591207753,0.356795785069057,0.101402974886269,0.443696557213119,0.171400634837518,0.122506817934744,-0.050725786260636,0.202467980035014,0.687260457316441,0.719970536929938,0.425801355400916,0.390975234381139,0.632081313332907,0.725140488329459,0.688135456463326,0.671778893787572,0.463119745482121,0.449109647941154,0.360140129555005,0.938824488053692,0.303079124269434
10900,2,0.61970464739645,0.115753447883491,0.267844610520335,0.517670290219021,0.606050975041931,-0.138163993964825,-0.194124272378438,0.524844255767171,0.633987636528685,0.971284784375083,0.691540534540078,0.769268456640373,0.22443697665262,0.0514698795254635,0.197435549677947,0.23833848365048,0.881360133694083,0.016515380155599,0.564529109337686,0.709730686451975,0.0914875243855393,0.61853645386224,0.626857075966472,0.220855431721593,0.416430420519504,0.1417867544468,0.397564456686723,0.779300386335707,0.926681027478228,0.260635295827564,0.0305466529195336,0.264993481494729,0.269246555499271,0.248576862627614,-0.311682759347398,0.204366530265215,0.025325972232327,0.59324399215208,0.583758597639055,0.142574453617332,0.339216566453926,0.305111015491041,0.434904671697367,0.250555959564834,0.381639526650599,0.468690934490413,0.660271861402571,0.283985763455051,1.12852500743065,0.474238889138705
11000,2,0.557082425856735,0.105855276959054,-0.0487106290794384,0.413364587505849,0.560532773213352,-0.161465262591853,-0.25402279795442,0.293490383082501,0.713533400295576,1.1305589626797,0.679851831113772,0.783640914479139,0.106806028849936,0.127304805085076,-0.0152415692730049,0.393563023126125,1.01716453895716,-0.0483723882063157,0.615808940450764,0.523461506509832,0.293050254358442,0.414361126150413,0.581342292164219,0.646356037872818,0.324167773162687,0.146645815813947,0.536015355878232,0.528199221198886,0.878683623481038,0.475099891348211,-0.035432407821027,0.634252816625113,0.22629608636452,0.511319607480384,0.109059514996266,0.412127116324134,-0.101458150398041,0.314023722679355,0.933385477449343,0.154455029391043,0.277470516613025,0.180713001079816,0.571349802117552,0.163525821224114,0.71209243298583,0.455636897693188,0.258673457443107,-0.0662475279896234,0.906983343028578,0.276105580838266
11100,2,0.509069551746752,0.0333484088487886,0.229437946451502,0.394209667801301,0.311046444538942,0.0309454207699265,-0.253967974601136,0.181724039702825,0.404900537306012,1.20805030816067,0.741232012308659,0.935730102313269,0.0921939080006805,0.241724619154271,-0.131917877446553,0.506385453691601,0.85458052215453,-0.221635277990467,1.00653027361105,0.864457598648829,0.201516817209915,0.509627443742926,0.499243227801382,0.830786217702829,0.342061622865992,-0.0334580485760567,0.428798196686343,0.745475373070283,0.862471939764311,0.641257237841173,0.175922224109326,0.35867173835591,0.150802539576312,0.274032188503064,0.203165637767318,0.302323913091774,-0.330397432398081,0.785370328500118,1.15274825612898,-0.339120769840464,0.0252989748493737,0.567111269714323,0.635892318940251,0.23358335536154,0.382089509669514,0.341686830022701,0.0362756032263994,-0.0952115142095787,0.809411400500125,0.212834181345377
11200,2,0.868445985096826,0.162278025419161,0.28068069634668,0.549083813403647,0.488916356590236,0.211320648144665,0.0620539649860106,0.159354923542692,0.543260498687677,0.687865657273152,0.632538844497708,0.985704015813848,0.00392914776582143,0.300907392028549,-0.108790078685813,0.379316493221979,0.775623019158831,-0.232418809247472,0.969519243055227,0.983442513258882,0.181096543162536,0.44440533835878,0.362418884464693,0.588766312290037,0.231475534651921,-0.0710801216074021,0.437691188421737,1.02204049355443,0.937223159629577,0.384362408566231,-0.162509946406029,0.601352263340417,-0.0612058013194525,0.160774157054162,0.331777323861266,0.461303217330518,-0.143904290218683,0.529310566958395,1.00108715717204,-0.0607698784500499,0.143663722957542,0.745806197143932,0.473506634110693,0.366914334263189,0.458572938975387,0.227861245348093,0.276356317390298,-0.0657929279213101,0.707830329152242,0.256138420962363
11300,2,0.535260382340829,-0.266805981208033,0.128192466030425,0.509938725654872,0.461707732369875,0.046987494755289,-0.0700294803268409,0.31083048864945,0.551930928904949,0.876950750352379,0.803141423276845,0.787609143906197,0.287736278178276,0.382578827364229,-0.111544739520644,0.469580904464663,0.64600022098515,-0.258662773527882,1.06721198869241,0.836844541950381,-0.000683657684813266,0.713764198486348,0.252052602843513,0.40352844668249,0.00988092874228014,0.0878794635011486,0.338462989629893,1.08541664148971,0.95605682439336,0.553539249588604,0.0324634370488853,0.132404215862514,-0.0147365932432715,0.169129619888143,0.577551005720738,0.531532267004865,0.0844836636697667,0.538656008071591,1.09257226879219,-0.191707256907444,0.413745033712918,0.682112903696043,0.274547996254597,0.666193655008122,0.333154783710561,0.11837724203002,0.620224423072946,-0.299844340981196,0.416412378615201,0.178486324128186
11400,2,0.694835577963792,-0.51193480336519,0.460125255335306,0.210593777045608,0.598988390079872,-0.139037460035284,0.0710661612215159,0.394726831029354,0.691496525901921,1.14140096819255,1.04993299239645,0.873151595895473,0.0146278480717897,0.159567962644114,-0.0675761728349493,0.50357058237856,0.646796629563379,-0.234249099820882,1.13129072327286,0.544071395235137,-0.00955767652838757,0.573668768008198,0.212408297622188,0.621081024437203,0.0915807768931655,0.0958524986018868,0.335041330835799,0.943636364855664,1.14791411486455,0.593310740040143,0.43536182588633,0.060213260411249,0.0366043468672757,-0.0456467013734699,0.425006199778135,0.591969856925115,0.247130988486327,0.615091233775822,1.08081671468823,0.225650914913982,0.431196623641267,0.854887114058028,0.237657620879978,0.295378418684711,0.447679867658267,0.218067360055373,0.720581313618202,-0.270510651093531,0.26113135479693,0.0715039870372773
11500,2,0.38629434811472,0.107672316878647,0.519924112881654,-0.0891375289719875,0.3764221796408,0.235588143737976,-0.0785039230453013,0.352888052534831,0.545277243556233,0.937772715644333,0.487021698356815,0.902878316133307,0.109283509045087,0.0304604649897177,0.0154934866446586,0.399036942373652,0.70306568253307,-0.0475640378286056,0.926330493818094,0.254859460637741,0.0817837395362826,0.578640664612897,0.49148539566295,0.420523970697853,0.120074700480903,0.276786187619929,0.202575291533666,0.952597107984617,0.783472206917389,0.972529065786736,0.475273879769231,0.174795378838856,0.214379747941916,-0.335026165598819,0.298842206867962,0.462910613107112,0.0608917867542966,0.310369766848175,1.10707835333038,0.32892290909294,0.521399902170021,0.928919252455558,0.158293371935451,0.12816011358598,0.626940477581041,0.335862205287879,0.241220275381705,-0.141198365242787,-0.029051741343855,0.658693091699723
11600,2,0.404190920485135,0.0993663980891569,0.898645763431039,0.0144886547823357,0.133624684651359,0.134293699995167,-0.136114755252174,0.486157852536529,0.778451553616872,0.677972002347582,0.291782827936598,0.747706641221886,0.148431521491593,0.429114208164731,-0.0519089001952401,0.0313828604647531,0.498104982668512,0.0564969439902952,0.665059094889319,0.0389615412522448,0.227375678933283,0.592389592162227,0.699727183459742,0.627289380978012,0.177939575093258,0.337832553329329,0.0240338666340882,0.742087344838265,0.460431165857882,0.21093441748631,0.361411077804031,0.197439165617323,0.363835664037396,-0.310877884853967,0.233172763353537,0.495721636636756,0.10742392935235,0.842537080928618,1.36406357158051,0.14879039368461,0.555972409495285,1.04277865439229,0.0140768122692297,0.0810145687975302,0.254604079485151,0.124957740703854,0.475200205594956,0.00881456403080483,-0.00226809211235407,0.217649288334535
11700,2,0.457901737130582,0.115070585147365,0.947469575202322,0.0432168603486501,0.127971808315712,-0.0724118274960708,-0.0257324913672948,0.390503105667145,0.20757368610729,0.174576675519874,0.391677367717605,0.658530869576984,-0.258522850070931,0.128114385305007,-0.227043216424086,0.11093149302375,0.237171837622212,-0.259628650550655,0.967221594626608,0.364675071832111,0.433535709456509,0.547017835836156,0.541537479381524,0.439790410631402,-0.0987029080016573,0.427080580408142,-0.0752929211152411,0.503213895119933,0.94557694167877,0.144457414317207,0.283681849486938,-0.157524669088088,0.225972847061914,-0.29930502560247,0.355174710259089,0.704532510108977,-0.0882443003262917,0.770933050640972,0.928014872290766,0.120667224248196,0.75702771803216,0.483185798641412,0.228313793422922,0.225908998489797,0.0575699032813327,0.159009581974215,0.748746369249805,0.275279439811459,0.101241003587153,0.0916842419783714
11800,2,0.721650048843821,0.222361208304148,0.826307156852181,0.3069782083381,-0.0085009428024202,-0.0184549406190428,0.0280075539135881,0.258058090551869,0.324596734204917,0.129103141990648,0.271807607229349,0.538944322221698,0.146363211630492,-0.0726636777304667,-0.218911516810384,0.206497118992729,0.320789418141813,-0.643482222961648,1.30533202316473,0.137761055613924,0.47676775789985,0.396540406153351,0.566455694820206,0.178213130891021,0.0578939115955108,0.548015109123123,-0.174481443237164,0.172108308351073,1.28050196961069,-0.0405682960530128,0.472394674169573,0.344991556668332,0.243358501638832,-0.662722777787891,-0.0746289799584843,0.760871089528989,0.0199085122092028,0.660604157410317,0.907370623432825,0.140093097683246,0.85004590127245,0.277517092370837,-0.144353610392716,0.0149461774939927,0.0778946094543334,0.186137433557213,0.471364545223188,-0.0497471732248159,0.103775454526577,0.253685485625915
11900,2,0.27009717392763,0.234417132733133,0.876508864636248,0.47137703189369,0.187524278467274,-0.0278430216444117,0.0783709635016381,0.24429405830703,0.484926997466772,0.131734798275533,0.11696693919354,0.309579570694312,0.0289939972667821,0.329509194478442,-0.413125291500012,0.10933879960894,0.0555765448881438,-0.44924400435653,0.630493388837348,0.140883322579737,0.682601709290883,0.504616534364522,0.649715238881294,0.180398920449889,-0.1702333520542,0.480149244648062,0.111102293873929,0.704350747726101,0.714909862663013,-0.114410397904588,0.376197515823417,0.595969270506188,0.197576239419616,-0.505685632184427,-0.411896505241058,0.16191718194484,0.401091935715325,0.733915233306522,0.845814220561487,0.0963497629619596,0.79643009014791,0.0205351069949535,-0.266218765822716,-0.0189350617330534,0.00403809511641923,0.24325916156367,0.0798796855986567,0.0111790205294804,-0.527041737804869,0.116568795503176
12000,2,0.111088699603994,0.0465128191067153,0.75660895857922,0.277850869107924,0.220083029717886,0.143908993309994,0.0986033811177725,0.123655842494063,0.477630399349237,-0.24659095854175,0.323364303294029,0.225571982348403,-0.110901607613076,0.148471168070491,-0.390860942246132,0.28478037397386,-0.0745990310593247,-0.0774930157336072,0.516038704068536,-0.148431904461742,0.576786604692731,0.336276414413556,0.477331969111951,0.158403089349646,-0.160468814395168,0.393339531608708,-0.151693016858779,0.225372246057782,0.689712665191472,-0.170601155316627,0.416772622808505,0.0768673023178151,0.257991603975862,-0.388388214828127,-0.170426510121472,0.266240210701411,-0.0824827867330084,0.979130284031848,0.54820962250616,-0.173061669142992,0.549877309645443,-0.109672011950644,-0.147321839672925,0.110607179522092,-0.0995323094312484,0.118488553070422,-0.160627471096821,0.503913222597299,-0.529698027395956,-0.0166656540423297
0,3,-0.00127330466983516,0.166861655616905,0.0897981702591492,0.45855133962722,0.330160760900112,-0.348146816413198,-0.18557788438936,-0.67089501715221,0.567567257287678,-0.199103459991904,0.496875691357494,0.533879935079355,0.607849435355494,0.524396770229207,-0.627041960053577,0.634703422196777,0.788513674280266,-0.0718032034924984,-0.655714008361907,-0.406840484861092,-0.209320746625932,0.121740010562641,-0.683237687745723,0.402440174347817,0.172765449360152,-0.70139757471289,-0.32384319023515,0.337443863177072,-0.167896405532103,-1.01638044475889,1.11657536625849,-0.427891456598355,0.0542741254681722,0.0586466031171562,0.44436662464986,0.643702784811982,0.604724028576552,-0.270521785329014,-0.608353535839026,0.699081157764574,0.0547491730979902,-0.318774425863681,-0.157307336310553,-1.05017749669321,0.327645808537845,0.268861987905838,0.49284166664467,-0.647617159272571,0.0143586764744486,0.162921078794318
100,3,-0.162417484661733,-0.195346608426127,0.133982881666248,-0.173333765888861,0.536702305613954,-0.437505947029694,0.457488407193717,-0.238411301891769,0.506531648154523,0.294849920754387,0.679334873958378,0.506612053592229,0.538038445149263,0.0941146470937694,-0.393240687974658,0.454678253837784,0.589406177986007,-0.179021818225142,-0.597134944091562,-0.0611108165766031,-0.226158091690522,0.31800262708863,0.0298576611013045,-0.23684943959289,-0.0431688511912242,-0.41225252941758,-0.018908194707519,0.367294467221267,-0.0130263580971406,-0.19724276973184,0.741273180305844,-0.278076190483706,-0.17824039375183,0.336470477777571,0.506302100254761,0.698922790340062,0.0393520109063534,0.206794761947937,-0.257908979024736,0.790208382735706,-0.0821070072310339,0.0438021457566483,-0.109667724418447,-0.282906153690129,-0.0591742654615663,0.0615365249292867,0.409837280872864,-0.0984234089036946,0.0130263580971406,-0.301711633680114
200,3,0.0071898585866948,0.241782244776189,0.641849205505486,0.0429135827915658,0.753517576335251,0.0320205768378054,0.740885569253892,-0.142232113289068,0.794957562894413,0.615961234907951,0.665302705237719,0.949769752439765,0.875346479532651,0.802737390252761,-0.161684198115625,0.580865406145709,0.527437116395796,0.0554362476441929,0.121949750597618,0.436077851391551,0.352287076940517,0.83908409753258,0.0260741399862153,0.215217671595352,0.59509862711917,0.00387028391420347,0.532498364269518,0.0725441929229148,-0.0323580739897171,0.0414547362128314,0.422756543537616,0.126015576568131,0.235468542170805,0.610457522516979,0.0534883989993479,0.674624530586658,0.0544844015684587,0.278362467969345,0.0828870265826707,0.936504995715163,-0.0339051164893615,0.683574452725364,0.350173309285674,-0.134681497806576,0.49738600498418,0.312465799714703,0.648357347264435,0.443975345071448,0.232542498146916,-0.0477529565707812
300,3,0.465308315325283,0.583802463352253,0.409127810908167,0.134992138477658,0.61809948946699,-0.0991661739015089,0.373862721112124,0.0350604566997313,0.570390793575755,0.702040076600403,0.370760971034744,0.704504677786791,0.843785909603463,0.775533649174322,0.330427397168926,0.519961560634194,0.32529534789276,0.226150186390947,-0.248047953445005,0.459960702962911,0.343015975675696,0.980163135643181,0.206262622290818,0.606000928608297,0.434504470205746,0.0107618357065674,0.733211702727054,-0.135214598194454,0.56326064786752,0.130408680318479,-0.103156741233816,-0.101899105290973,0.529756257908173,0.8040436120092,0.0778230977877878,0.578842271437116,0.092441817694748,0.399136717748044,0.33413535975134,0.713184875969482,0.187086975585925,0.754714798341268,0.451178731733466,-0.186445054360771,0.654360276202994,0.394402965555006,0.561178619621407,0.498806455225537,0.131239324504593,0.122280201544851
400,3,0.266720715734574,0.634838736707463,0.584978481360173,0.353772537855107,0.435117686666471,-0.118980350950832,-0.0607222616120213,-0.0227946214841504,0.475018705168985,0.422688920531453,0.0598994665779828,0.523020614726155,0.401430107144706,0.226641005986007,0.335336336500335,0.285488130302246,0.447359619157802,0.0963125164817687,-0.296693686233496,0.491832784115588,0.361572833571929,0.467681481564498,0.384661289604889,0.539197955763207,0.437231052281706,0.270974541845533,0.683794138575793,-0.247611401159634,0.594880450967944,-0.0834332394379272,0.341173933379782,0.124516740031889,0.306414123669538,0.589244318674525,0.194949272562229,0.7592490453303,0.449409231300418,0.377048486259394,0.21884969012153,0.205044269902076,0.359415097475139,0.213446212574373,0.386413433726519,-0.0088277254367608,0.267321153418063,0.299610521443406,0.372154488892749,0.210290560530049,0.453708378657282,-0.0232161793621247
500,3,-0.160963575286525,0.411489480502704,0.546462063729476,0.196213415019514,0.499007783485814,0.240041091243215,0.0523857606648862,-0.121496079292225,0.498600147201793,0.589036598568444,0.101947142816211,0.692850865652458,0.262258666908588,0.286054468217826,0.302059161488862,-0.0863068859199297,0.387721290974291,0.316839633567807,-0.235737927449073,0.492910529862547,0.355329853465693,0.310354582989803,0.231825437857165,0.500962593142726,0.330159537751121,0.0668356598383811,0.684870737542485,-0.148827317245802,0.240565060456155,0.131355161609781,0.338740264244941,0.34975341891372,0.229011128164048,0.356629939472983,0.329249595630054,0.552894141190732,0.417659430110729,0.274957935666944,0.208371000448232,0.473115456216936,0.214308538908431,0.580562190284231,0.705665780570177,-0.015927657323606,0.302327087404114,0.24749938533903,0.562869638959354,0.175305726153841,0.356917343626843,0.244995766520481
600,3,-0.0101021061439372,0.635623629293887,0.738798982269897,0.402480266336347,0.379936852179249,0.237786360452067,0.177844345727019,0.214051669502602,0.342362912587592,0.566935318271077,0.652729153442596,1.06014981438186,0.317620706540749,0.305412892102342,0.270985026809995,0.0580807227757773,0.579285916594839,0.414027192038344,0.0431925726546923,0.398624406402068,0.426608574967309,0.26058053370518,0.46734294856763,0.59366190465498,0.549464754077452,0.319536522967285,0.652519009105344,0.11042062603516,0.190978409267076,-0.130730757976187,0.627493496815182,0.837427054304446,0.275869125018144,0.426611264600974,0.165040061375848,0.785269195277919,0.561529734856184,0.467361303093623,0.270823695174133,0.301321950919336,0.337011851431412,0.398454566381706,0.707804128552387,-0.0664156724953087,0.323462240531019,0.333542409192552,0.684372570940612,0.238798783997788,0.587076295362273,0.159257504303725
700,3,-0.0324411799849866,0.743922083425818,0.796669617637315,0.612176700799445,0.428180016216751,0.255820966402442,0.455861417035697,0.375677011741777,0.993861515707915,0.49660025713722,0.528896287880774,0.839145174763248,0.239526894643937,0.377441541088773,0.29460295846662,0.398259980746165,0.776216887523128,0.503514688974544,0.17205639903758,0.436960659056107,0.536140676139354,0.174078107038347,0.408006700211577,0.611389296320666,0.645444317772401,0.299444785774438,0.658672687386696,0.529774393890452,0.500061025656142,0.429923335243909,0.767958511470319,0.882908356903168,0.298250144900245,0.362938737121649,0.0619268463706383,0.835239831030607,0.529456284046239,0.286981168786003,0.0548636881561117,0.114245189954608,0.458586730330667,0.282314777063137,0.924487869432981,-0.211646303882711,0.605308792529739,0.483915062068622,0.537714803587963,0.437103998233907,0.218687230023889,0.256018584601947
800,3,0.0775501396892263,0.518900191010281,1.0005690935583,0.522687198422985,0.585495011804404,0.166167263681649,0.207747288927958,0.300387189172715,0.787591127994249,0.267371722833091,0.705376817434876,0.655017095580859,0.521651949910881,0.53664008925865,0.281829486951141,-0.0746123065833854,0.309641953353827,0.610115840506777,0.122719671863936,0.343527514040363,0.322885273867512,0.435216273546084,0.0542396235116971,0.497363460851215,0.766811101615511,0.119222582072006,0.831403856062828,0.0322122500359004,0.240057066628668,0.356955596835761,0.257566582259212,0.392561051293742,0.392343998542296,0.108339078946372,0.0312220233345925,0.672786891246594,0.62245396094211,0.433969212473288,-0.0614802274093744,0.333321158811392,0.369814404554789,0.456793351974135,0.892132510591885,0.0864072184175718,0.414510468449675,0.611284712883096,0.323473139834402,0.216713135641072,0.162796299845406,0.214411053173845
900,3,-0.11786227512892,0.481266283254432,0.830823020095807,0.559165655084259,0.641577334334549,-0.171790864590645,0.498719770289386,0.0673488231140156,0.60009743805084,0.102384281034576,0.287391044012169,0.377527153847929,0.391120721783205,0.419347435634241,0.366480853925181,-0.0527624602691818,0.175700926725514,0.652660747786864,-0.0904532243179522,0.329157055325254,0.105638298211808,0.518132358965763,-0.172544243865208,0.310626752097897,0.508499251795566,0.136601080237289,0.720194783808078,0.100097004775936,0.010454255692176,0.185688759631266,0.0689998883762464,0.636027977440585,0.38437130824829,0.162310313685722,0.0240258321727244,0.402806203515848,0.235131207056987,0.340162174907525,-0.0655639617613754,0.192406373188029,0.254262079878593,0.132400652079369,0.617280424810075,-0.0398474134988319,0.40355318214452,0.482783588903814,0.193989604741228,0.0166322938126467,0.26021428331787,-0.389610513313124
1000,3,-0.0573472813445198,0.442264337048055,0.743944305093658,0.480480079262847,0.347286412322079,-0.155649583714634,0.159872008254339,0.192153513224088,0.682653691920247,0.194101817661759,0.355475437907914,0.254328593577997,0.530472045978783,0.530335211672371,0.467796960776107,-0.143142474532116,0.366027493065614,0.497040469441173,0.102098746138808,0.36917982005293,-0.138602744248683,0.543632270687418,-0.0147954360166417,0.354487238473589,0.270658859067417,0.396897689478094,0.615078720283587,0.474694418452699,-0.148848682426832,0.297098495550201,0.114317536318965,0.632710927155648,0.387087100561328,0.0552677454796507,0.0372453896843159,0.421666880757328,0.274166419772473,0.269098114429057,0.129670187726863,0.21323833320643,0.282153335708474,0.536776786454215,0.498042133619336,0.0437831236219919,0.357205578163004,0.0239187741561481,0.378831114630141,0.0170884401857943,0.298903192086301,-0.276307187527936
1100,3,0.0215061480795917,0.849092951794008,0.601984001798644,0.336825671644181,0.251224133242495,0.134214486932159,0.105429073906132,0.272461197414076,0.721237396809074,-0.0291266124667292,0.0542242411929291,0.423430377464462,0.55574225995208,0.393048506215105,0.428238621880941,-0.238515037051237,0.796478718944949,0.436640535595058,0.123836638490929,0.678877080937363,0.12404216847167,0.401740164992897,-0.450927333101382,0.542644054678456,0.272686181839222,0.376874594883382,0.698941682905241,0.211722335271761,-0.0280423470552935,0.17335141490481,0.230675206633539,0.287433861058379,0.476693617251606,0.259313835392732,-0.0644125820967226,0.518248060557085,0.485064974449981,0.513675208152582,0.35260112437585,0.202397530467468,0.127041867987167,0.0090237769815896,0.753017615986912,0.178696670289984,0.554857854302633,-0.0719779667314344,0.422814252923091,-0.126807388480125,0.27481207057227,0.071688748221515
1200,3,0.260377928184295,0.668021858986385,0.31484911690404,0.279819655700091,0.215393899086347,0.221607621831551,0.187310318349509,0.202267024674445,0.710628850524914,0.204159364342521,0.110966952805633,0.213354476727526,0.681753379625996,0.437178650964538,0.460820983228542,-0.0399071850239595,0.490389755055139,0.295257089478215,0.0732515027471542,0.612771367781136,0.189081353000487,0.287794221275742,-0.204530840382101,0.401719772675805,0.502356639271771,0.431937492878627,0.814266768950773,0.221118241180036,0.0861772713821278,0.150898292451732,0.250435908191431,0.611267349760121,0.365891574884007,-0.00273647582183084,0.194943990082183,0.559293982084024,0.637529249873994,0.522272634103728,0.272174408795847,0.533782538086682,0.229139826695138,-0.023234046227,0.791482484957292,0.297113228722004,0.586204115471831,-0.131255282485051,0.391828447742059,-0.314835567984602,0.303484058292693,-0.0608089741509064
1300,3,0.278390429084837,0.891983476642967,0.244813008514271,0.154441425309185,0.0831017607964892,0.63001133320467,0.064634825824971,0.218091948592658,0.376433866923564,0.374363920954944,-0.143955050317625,0.158485255906722,0.727218392999421,0.723159805828068,0.575590478620384,0.0492722828012939,0.394470857095575,0.671258408054111,-0.104668876210473,0.342883640777812,0.292172792156517,0.633740607341057,-0.16712431854304,0.43402048818752,0.383184421616611,0.469407836406887,0.53152144034852,0.0925800233356008,0.0425928120095281,0.156401319413807,0.173296223681756,0.636554306698484,0.505560650436659,0.406250215476979,0.0951809559755142,0.521535418850835,0.770659620759011,0.542759457839927,0.0420741811875924,0.949790074738834,0.517818712616069,-0.0450836113509531,0.785387322514914,0.490086705768151,0.223336216782868,0.0492058040414673,0.536164764851187,-0.135831717859472,0.387257048264329,0.00720461135547709
1400,3,0.175186988045373,0.792395091323888,0.491941910265674,0.0381264332028629,0.237022896013564,0.453756873553497,0.105183148104986,0.0918616519839309,0.243422923368255,0.329284219875219,-0.496550981313043,0.324145054799561,0.72278968066106,0.316186390115837,0.444909582933952,-0.162476523545071,0.227041462162447,0.704148685298433,0.00875348046492788,-0.0669398660217039,0.381313422188047,0.554729381071372,0.0324709261128485,0.332358362773653,0.351578179356201,0.546878044498699,0.573115819655958,-0.288157868127645,0.302229058155853,0.166090667495353,0.225545062488216,0.435207974983758,0.609015312451551,-0.0854431043488099,0.0282240633423231,0.414313676571008,0.491481249111808,0.33563478093196,0.228788867245525,0.515405973799761,0.428881034925381,-0.0802679846959009,0.493844545267114,0.312551938427114,0.0198684448279905,-0.0319914549965626,0.511386620556687,-0.00334788170803446,0.334140390701931,0.209005106765934
1500,3,0.361831674579537,0.573889046579961,0.586218167109713,0.216720294538307,-0.0877416852018991,0.492474624222089,0.354039503421252,0.308475954845196,0.233866929679924,0.134675697771419,-0.409849383308226,0.376512477109091,0.586880863198083,0.267843793087482,0.556643001295765,-0.0551251490323769,0.313051139103706,0.626135644601837,0.195000032600717,0.160443873041884,0.23903370430678,0.547104647678675,-0.0338480539147402,0.501883355265976,0.365372324301892,0.504261968389436,0.559258782220592,-0.254996448238329,0.545814436066573,0.257074373022136,0.488989914345191,0.463073610054037,0.6220604140573,-0.19288601079591,0.192047997166532,0.343268734886518,0.493856871475014,0.565014192648092,0.308243356520254,0.208577555992247,0.56245225624407,0.14907945409036,0.506015550213368,0.071200128923381,0.012842410077095,0.303486225350296,0.679213183806702,0.0455069488785134,0.76877229024813,0.520125843122531
1600,3,0.215465299508688,0.538036066398032,0.498690641176533,0.166775078233044,-0.219927669795411,0.144626866982976,0.364300823297278,0.24339220621086,0.0514593594315312,0.1305691349725,-0.242876765968263,0.251244432515701,0.521746962822488,0.0417513502975096,0.548074049233307,0.0157172864142519,0.255284672473705,0.6684641771795,0.208206534395234,0.129808485748554,-0.0114348515647912,0.483562331712645,-0.258235604089286,0.134455388064975,0.355872417066126,0.133894078048783,0.491533538525858,-0.288008609024309,0.810857433054648,0.166631713961872,0.581322518872037,0.486565909213228,0.52176036762274,-0.100020480838625,0.276655284654027,0.441717639746112,0.292364163541592,0.625766453764965,0.16413771001774,0.235999996703404,0.441035628187515,0.155570701501169,0.606451190496182,0.0140233529706733,-0.20479722082245,0.461018034787831,0.376196329938833,-0.142123117140194,0.311313959207947,0.315915215477716
1700,3,0.194693467446547,0.660974837533682,0.474759172668285,-0.0221316333937458,-0.206675408887419,0.148758538704996,0.350734025166094,0.467997702614281,0.137687652736611,0.328967343751891,-0.223554460017063,0.276451611210366,0.243179395897818,-0.165603170708707,0.526733806198125,0.13201146468666,0.28086039926533,0.807334929541556,0.140345741861591,0.102077823012552,0.35143312273235,0.516627921135303,0.180866711678793,0.143653816940807,0.641303459713927,0.289310996731676,0.301406869509391,-0.0420198430970372,0.923931914489088,0.303241443589817,0.735887512061625,0.536857233504038,0.638894309283733,0.103989825687804,0.410112246114621,0.390210598678799,0.352458743403671,0.631550315193335,-0.00118599196105884,0.336158504990151,0.446096831575677,0.351700023189152,0.574150361032721,0.109277229372171,0.0330011792539169,0.884751656796949,0.223125459347214,0.300115917170544,0.327924461001415,0.233161861429839
1800,3,0.0336953098846758,0.583164173774466,0.308181889767411,0.0775271225401766,0.135481723992714,0.230126633034776,0.356655091220091,0.571831453368209,0.304690190076831,0.224130691533547,-0.187415065142849,0.323615534970489,0.215609221498954,-0.169247553383673,0.496120499469364,0.370563695573573,0.243476126745312,0.532929481336395,0.247345765591455,0.258598603238886,0.138651902031488,0.704672559570184,0.221142045713701,0.111468461835102,0.73162781515031,0.433435268118313,0.261390264178032,0.00474149288269182,0.701085442390134,0.342387215065159,0.58589235356559,0.458998957551774,0.670093221627181,0.0771696354310914,0.283585211598102,0.377465136625688,0.603660834386182,0.65523563586302,-0.0517573591323405,0.645165387569254,0.626643572536793,0.247873584412765,0.246812292670525,0.261683865266406,0.282937328749243,0.616939413815328,0.450682056671349,0.38927307883783,0.403878556294807,0.34212983460933
1900,3,0.039466917650389,0.605346003440926,0.398445501908258,0.400305600525907,0.298932915058885,0.427294483761781,0.446856108721395,0.633801787665108,0.516923711823815,0.515149778460325,-0.0149412308248164,0.0886258828740629,0.416765396850821,-0.156175246943555,0.50468348106926,0.336165432300996,0.442374381856958,0.477990527917554,0.286430786717295,0.223917095205225,0.166214869073594,0.634396206000469,0.329599675083931,0.147348640982445,0.700756047730819,0.616732803022166,0.0935567529891928,0.0626347706073236,0.814209124957441,0.372139680635777,0.485626166480824,0.244685529711932,0.679025889197018,-0.339131534181796,0.421908262195588,0.453631051042845,0.339128218268003,0.66483199516293,0.138217342403485,0.698670458863626,0.592150327970284,0.293584147834345,0.168473929212764,0.0743334431794987,0.525040100155571,0.337950006548077,0.303380511429435,0.647523645916232,0.121039718271582,0.312628654919064
2000,3,0.113571935512675,0.559730703583894,0.499029563093953,0.503388821996214,0.382645098866905,0.511214448831366,0.374014915124555,0.411030042809981,0.381736344585035,0.381976166057481,0.026743899604789,-0.125905071095847,0.493498905656589,0.192988423683648,0.604676659407902,0.0877000641415064,0.310768235908528,0.641346654582353,0.246844341989231,0.217842757293609,-0.143541107648331,0.830158584411402,0.330489154359929,0.299672121017777,0.602736009747918,0.540309275569392,0.270083093628858,0.29095725239994,0.721305301165304,0.536956534825975,0.268961724050859,0.175142649190096,0.682003383578605,-0.234402317835569,0.428075143554006,0.355348419826256,0.264284072887022,0.47656520782696,0.358575227955055,0.629804579016674,0.39779954400778,0.213309653840372,0.486498336038251,-0.0297314223735882,0.316534103131419,0.450305787187817,0.129167800632599,0.611149963887941,0.096610715636596,0.456254248817543
2100,3,0.28725130395962,0.607730452375707,0.596046487361951,0.610875879714157,0.666541261844804,0.404871189008863,0.230460144488942,0.438019405404531,0.669428044468959,0.518731335239651,0.0518563701129108,0.106360121272538,0.373584036539436,0.303215895218459,0.719892191486295,0.466681111295134,0.333388227768201,0.891705087270035,0.471070820739316,0.222263584068437,0.159285462742837,0.868292904921808,0.420335305938536,0.370572319585066,0.733705711168129,0.581769676852932,0.706414164520865,0.152795679322034,0.68339938744637,0.68547008545984,0.509232363515093,0.322329897014859,0.904862753909428,0.170761326521072,0.334372012427305,0.383908806103586,0.338541048416181,0.465686063764545,0.630651718111045,0.374976944981494,0.37136111492856,0.259559578337203,0.504244704885978,0.00893591465493226,0.266915559487319,0.51423534888856,0.185138053649031,0.440642890876688,0.560313236399025,0.484524133802458
2200,3,0.39339044473144,0.701563843777213,0.571271517863227,0.541093855056309,1.0735280752505,0.363326937328745,0.0684086160285954,0.551296931691971,0.433369377571576,0.365721543672738,0.0724574636930884,-0.0183210183286124,0.644668615965507,0.198064262656285,0.717499419618505,0.511792507612956,0.546143946411478,0.918292760257183,0.319997270181699,0.55844229205767,0.492725214628001,0.655559228501264,0.382367822709161,0.408638873640807,0.633400425676786,0.813324208623911,0.357988727854616,0.23540924940773,0.684707775753393,0.684928204175951,0.461146672569307,0.394895152682769,0.854438362978585,0.30802558483207,0.400767317618137,0.208734334395242,0.33934847827316,0.415479231960402,0.447991600521416,0.312639389070485,0.35010422770538,0.514035538549489,0.436789506112355,0.226596804942758,0.326812792492753,0.507150762882516,0.21468620106767,0.584531590131987,0.521199399075071,0.50461670712107
2300,3,0.442417480728044,0.641693813505563,0.679985897637608,0.490196228916715,1.01243162815699,0.72323776375034,0.132964097793799,0.579618127826449,0.270688301902125,0.204842324087922,-0.100057372106741,0.201985560649695,0.520053508192617,0.310592589845473,0.860595750612495,0.572254359580912,0.791353265627253,0.781920916472861,0.820496299737339,0.598845908838097,0.587714951306851,0.443108678452938,0.421344131925917,0.544485442623015,0.597048321182224,0.730806603206358,0.536689405482351,0.524871179994616,1.03739158613788,0.56809498847873,0.696906856339567,0.327254964023119,0.982264748105286,0.390421079129242,0.515062465853227,0.238769193886751,0.267043230455493,0.319781821060318,0.421116433943415,0.605871494945228,0.298326031950578,0.403785339533372,0.50981053242748,0.0504977717490126,0.525782634087247,0.231652226035595,0.07852862961702,0.579954986314283,0.450892157651664,0.593945121564046
2400,3,0.322859019189504,0.634755232920872,0.643589345398958,0.381321675294736,0.8850680178499,0.575441573451674,0.288080808086942,0.459144381393233,0.339143742795351,0.441549358168104,0.215717971730467,0.180155176981732,0.547567006415895,0.320215386162046,0.745396473819395,0.563015105342445,0.58543197233213,0.865519742175841,0.870602556644107,0.345642746740129,0.674977863450523,0.243781803237219,0.355584989383916,0.524639188926572,0.463316943847393,0.70841106785204,0.518682576390467,0.306159345522352,0.925883118805226,0.678011426272853,0.775035764109726,0.290615350052355,0.874065098808932,0.323977153222114,0.566913523004552,0.329137920911518,0.436120331615838,0.715732589155721,0.342506850083807,0.38896370646777,0.303326427077881,0.136281262829014,0.34781871703327,0.263439517694944,0.559807963779316,0.171619470100922,0.229650373942607,0.539392288085431,0.791245509806821,0.577868197245688
2500,3,0.551955708621943,0.685302725180162,0.474855647200337,0.415544083220596,0.909559884208278,0.590644285540833,0.253924971936691,0.750084563750142,0.275225552021004,0.420506982514225,0.274153367590991,0.261811716099153,0.735977824966066,0.408195060120491,0.571170670710601,0.148150727583264,0.48995810165516,0.947255046373107,0.817882777650033,0.267081066400151,0.79680172125168,0.520652144532057,0.393536442561293,0.39125002255954,0.45598411804956,0.551387018387878,0.382532382218802,0.17964807014212,0.91810616914321,0.834098253046805,0.554254981034836,0.390718697351939,0.871499604126227,0.264459071218152,0.809946249172852,0.392670624830392,0.56358698129408,0.652175669430297,0.489804175046373,0.332094405148468,0.517783116091574,-0.0955250023137102,0.202199664720398,0.400859739568453,0.736106843119879,0.611624283600321,0.284728266094999,0.416361488524296,0.619773981996906,0.858369743409242
2600,3,0.594632693607155,0.631086471353631,0.456565821746647,0.348718117476986,0.884848196059424,0.635225075847135,0.334104521021466,0.597220579414073,0.401073602890663,0.619127302111054,0.188026604857681,0.291428154827126,0.607472090981297,0.545937214978731,0.419229122165672,0.200703701298575,0.446085610572768,0.827829424306428,0.5415278891966,0.234707676969124,0.454224800588499,0.738473780939439,0.496142406700345,0.497242078499146,0.335724772791831,0.518280266148225,0.519733781599741,0.371574291816167,0.887414425828404,0.879164229341495,0.518464908754369,0.264639092894148,0.682854996794873,0.320165855063454,0.644887391292231,0.581856621445704,0.360747270643476,0.591079036404137,0.507979637915049,0.203849815544708,0.613500384113017,0.200208763726333,0.388677724605306,0.279909429045737,0.680354366888929,0.694427867286211,0.455042324102733,0.299952620544699,0.693212662329707,0.732415107884804
2700,3,0.729172095462877,0.471672606640836,0.233559796600618,0.46688918217775,0.666851041144681,0.526220133977204,0.493418222753121,0.551803918738613,0.0602509837120917,0.537060000289453,0.442299362412889,0.459325564780255,0.5753127542718,0.343397881085312,0.559421050753582,0.110726555139804,0.42037205503936,0.367980049372381,0.500610658311854,0.362794262174817,0.595516954889349,0.603076845619937,0.883124361941383,0.366936057804845,0.36354924624295,0.522740210527967,0.599259640899922,0.525221042000331,0.674830437784429,0.796397669389062,0.52480326876704,0.0290942927223192,0.587090645360529,0.041397398971633,0.739265577856647,0.565100740777286,0.251961484294916,0.531457603503357,0.385174491482306,0.0485928247754162,0.440731150044261,0.314580749626422,0.550225001782584,0.0694797155277005,0.659702381352495,0.745940330109189,0.701420642312054,-0.0488091564208619,0.420925088386341,0.563574343517891
2800,3,0.604425095833683,0.471169848013455,0.162194844992042,0.366606315440224,0.74829300448054,0.580130797999693,0.576559230466186,0.633673963959867,0.198461169645362,0.76715066741145,0.512521770135275,0.658253131145504,0.644731405011564,0.504783970444185,0.638056766404866,0.0315054481173691,0.658004266370663,0.39916842518097,0.418987363754793,0.455296296414098,0.688504495533569,0.366353794820131,0.903402521979312,0.232563092638338,0.538476844319787,0.818351959461368,0.557127543283756,0.689059911942324,0.557854130057784,0.920732171851251,0.591788301629697,0.252843855012543,0.869010540839052,0.0871074659634608,0.686354710735636,0.784772414545396,0.434316334303998,0.554041073287262,0.320789880946087,0.1872427600536,0.601812381638891,0.366937266291619,0.506901424533312,0.282038101658913,0.434812670049591,0.5723422713165,0.438731404946636,-0.178593857392813,0.551411187230646,0.346049905159875
2900,3,0.405120614653017,0.554070056879205,0.0168332359230693,0.510349747235041,0.790155340213218,0.724075808468299,0.588724363894152,0.594212040019206,-0.00939236092568091,0.809932180646149,0.408366271469102,0.437517694981086,0.938634846240093,0.669379685473445,0.396388371740821,0.0339469569092906,0.507965522115113,0.467954228824587,0.608848866160269,0.583439661611802,0.787631361650595,0.437387560479614,0.982857990302159,0.3264197386873,0.532863971029285,0.754221001128099,0.633175063436091,0.490812981202065,0.589927596789457,0.776338044109415,0.755832926784678,0.241390977111068,0.770006951693169,0.263063676070443,0.870759382647493,0.694260273785806,0.57283660191923,0.552783588594036,0.115660690070602,0.227737578617092,0.724300202232933,0.249652444858843,0.472315557221296,0.27270828080751,0.455739448111771,0.668566260346706,0.347863990287915,0.00829693745345678,0.412706912883006,0.495048478223697
3000,3,0.368176150645181,0.571220664439374,0.179580865402854,0.444125661749528,0.79153673278124,0.938905748607571,0.638554824480543,0.65267193463936,0.379532527321008,0.662709951634318,0.428773832114576,0.28292064909886,0.926097660681067,0.94370766394883,0.435971245877937,0.19127871459451,0.470337908767101,0.4032080831036,0.680416926785803,0.499067211257662,0.940126401868114,0.277502181449475,0.721199058146161,0.34072147668101,0.569334037767731,0.843018850702896,0.616354869403076,0.330059216287217,0.418922427914196,0.75591125962591,0.476658746207689,0.323449676130934,0.52524718144078,0.18728629051294,0.804093720172776,0.559056594060683,0.371577085825012,0.510530353874296,0.266285394516408,0.25494238174555,0.522476489515633,0.369065077324967,0.273676887047662,0.4146916026323,0.495448042390224,0.71075077622248,0.35312970930884,0.11407105749389,0.440286871926558,0.663834428561877
3100,3,0.372624369107781,0.441495015307381,0.151795951237847,0.327318724933103,0.368415726814266,0.786016579729536,0.419377903802426,0.337347936786391,0.37455027335185,0.542170180803395,0.299953932483675,0.621278035679684,0.611852915038458,0.86859997851927,0.23175469562638,0.276614952487033,0.762071264830127,0.416935963451085,0.640308509360396,0.767953440693659,0.782298437861859,0.157197234691318,0.42092357482473,0.292506644646468,0.485105393617359,0.621565511131695,0.401523377111416,0.138413367134818,0.207983405180342,0.290645166611241,0.377062633830982,0.258847224843063,0.330255169745372,0.113777808756157,0.605192485561845,0.415601800506545,0.0142494369059132,0.301716554244656,0.366694586303914,0.288631742254045,0.50217850905629,0.332350732007103,0.211769887132016,0.137340129579438,0.595840445596116,0.300977095820232,0.0964849115337309,0.0142811229070693,0.040760472945066,0.50290500975343
3200,3,0.19033826607047,0.473518834080453,0.074733232245263,0.482252574986608,0.246582188482223,0.682839776380967,0.347255502059687,0.461128009659837,0.440475601602894,0.593543918918466,0.355344075514174,0.713795682229391,0.630173699251844,0.791182071929879,0.259131205225852,0.292402547309891,0.882061172086296,0.461110825870301,0.673664796943743,0.552785666338162,0.560684090224057,0.177947186429149,0.584788264216228,0.0881341892577064,0.492401549532231,0.772293888390424,0.498508410096107,0.558002235174099,0.429711317166954,0.490797980673027,0.473077868656817,0.259977688835491,0.295233907160158,-0.0753138679202032,0.313722654427105,0.724113048363296,-0.216613644999898,0.446699377038204,0.469925519557531,0.232748239038315,0.704605320625421,0.372045115471696,0.370438309498643,0.423284385130642,0.634907003478882,0.544181255084218,0.219040026996731,-0.0448684951588432,0.243485698441337,0.383250074887267
3300,3,0.424135987959798,0.586767475611844,0.0971791329760046,0.669534913161853,0.0970189790082544,0.775365611960237,0.399215562905453,0.652261075146256,0.516237197201894,0.654969253662955,0.333891231619753,0.66789169060235,0.5762066917222,0.82575380459094,0.204123046039127,0.289952600452034,0.590795865542785,0.245960751381465,0.465744904550692,0.631182239153661,0.767064491737113,0.136751724357688,0.791861597907283,0.211120642097611,0.551854342104816,0.864540015948216,0.433309415002786,0.540446069580826,0.0582541999914902,0.51344784760055,0.578476316605304,0.331860620591329,0.668633750302011,0.154139068137251,0.344438499564773,0.691004212864842,-0.0536596182313947,0.379922617100629,0.18800096264215,0.0391993096433967,0.734094705998237,0.20380542418787,0.272991474215611,0.399447732700481,0.550205622319856,0.604393798071431,0.0662786257832342,-0.0968544024043235,0.82502479791313,0.319438191754722
3400,3,0.580507274354445,0.674317450295043,0.312125016009488,0.765760167654829,0.414530989371538,1.00556761992284,0.443065042393141,0.718498845446999,0.489250391569701,0.720409025691934,0.525624281392504,0.573359492539289,0.445593984216422,0.600143391290398,0.303599184671486,0.327081578050729,0.611523068854215,0.388580574540547,0.603311543096054,0.643508887620532,0.647304135191089,0.107487254200519,0.840026502290286,0.072274949569873,0.706236075831038,0.725235130462688,0.526525303015287,0.704041069177003,0.153785393685162,0.399723925572073,0.492906536996598,0.366379263852511,0.707690578083524,0.402215122695508,0.103516193579169,0.736053763378325,0.0781044249967043,0.238714167932332,0.113969257467734,0.180978962501931,0.83614988706178,0.329173173721713,0.530267946379207,0.325614198199803,0.508532581182709,0.642779090577264,0.248655119319902,0.157104590345876,0.782615151942919,0.555741256101596
3500,3,0.602345022487165,0.793963479920522,0.085629134200436,0.606775914440678,0.50855377151631,0.858039189813052,0.552325929050063,0.685552485659433,0.508549406395573,0.732077167951105,0.804597970774873,0.505487095313652,0.270383012920475,0.572350595584333,0.461875066119417,0.0628323640845686,0.554515830063318,0.412675100248973,0.871924949121157,0.669023644146771,0.684540805769584,-0.137460650918272,0.754100264010811,0.179186440278768,0.803715003415528,0.946755389285263,0.348905151275254,0.739014876446636,0.271476146984344,0.406036374809143,0.405286075986692,0.315514643229993,0.594189523683264,0.501654591836217,0.461273603014397,0.647963418594526,0.141156914308377,0.223863477769926,0.190054461057805,0.118698400779598,0.621822393309621,0.52843649575004,0.565895069293911,0.614026975819463,0.368634249227328,0.303113017032551,0.296638226095692,0.0526998464946168,0.753566151108745,0.594923343441663
3600,3,0.825140775506815,0.71062504396653,0.212395595612304,0.330712946336613,0.831959630480787,0.808039494680516,0.718346457845293,0.682437890176655,0.793658614654207,0.775381139552914,0.623198464217524,0.564016988050355,0.0183479265443362,0.770822105487023,0.644086158538863,0.220576723105016,0.508470702931951,0.576098803323846,0.826108729058052,0.671217313623619,0.674604831253685,0.157898476891618,0.601726797485995,0.0670067790713261,0.665392940897811,1.10580998380781,0.371664971815122,0.790612317371156,0.537212114345481,0.581856268124437,0.227909766974058,0.184113398039606,0.482114395202905,0.876827092442892,0.295685159166919,0.384758433545147,0.259210751730699,0.48923593746456,0.219838359087757,0.355643174632939,0.473858323878584,0.65425286575326,0.627538129656278,0.609621027249792,0.656648250214234,0.405959440956271,0.448415199097092,0.168607423564605,0.70842981563884,0.686980263645909
3700,3,0.842681037486233,0.595975544002451,0.345915373880098,0.214012123900769,0.759199498472543,0.829417774595678,0.805152372829097,0.989818534787591,0.772784874117006,0.602642269079727,0.549300844162074,0.329707899709732,0.148153929221544,0.766889268008134,0.573245224177506,0.318156529865287,0.602645557037861,0.774848257413054,0.426357564395948,0.671845600951404,0.764375346621174,0.0291090569717019,0.736495479058887,0.244656702686537,0.60774184947806,0.957633308273339,0.342813556252237,0.988489766188521,0.630519439648342,0.543321075877547,0.0196633906782718,0.239761579835271,0.301350150556307,0.614610045638895,0.13928893159282,0.349315771095485,0.275336657493428,0.435596738949134,0.427436980491307,0.471340107834385,0.489850798880566,0.784196198491558,0.577053911314026,0.563457046781781,0.372119229795227,0.439067591784755,0.477895962316594,0.164349204075059,0.683687066131248,0.559964192065467
3800,3,0.732685269387446,0.635058887471874,0.15182824150096,0.242925167275516,0.715585039918424,0.67421965317091,0.73679767913218,1.02498340209339,0.711105436927844,0.514126752463966,0.531228453524446,0.523102956056613,-0.027035479489901,0.846213975498132,0.525794160763712,0.586229693600134,0.664029541135692,0.687665945114295,0.635792807756525,0.731218328393888,0.782714831000389,-0.141214434670712,0.78453109856646,0.573029280679909,0.511683125280892,0.603301835063402,0.187085901939001,1.17060619531236,0.53148100394715,0.564855253070532,0.224683671575976,0.110063310693311,0.235302372034951,0.514130219464439,0.217262730566267,0.705982283924791,0.330694618493725,0.395190741446358,0.331494903714111,0.554133344709657,0.514424591319199,0.721824771261877,0.645398538857893,0.47842916231999,0.290212556069103,0.591736825249659,0.637337974341085,0.291615142295483,0.480607879572825,0.679051614852672
3900,3,0.762678200390623,0.533920546420823,0.162034668363523,0.133055998138547,0.667099810560912,0.542169485880468,0.542193834081709,0.952102397160467,0.63658791332516,0.440210512984172,0.733719194336438,0.422347215502226,-0.00133246120912961,0.628830681956806,0.545545070399268,0.682790111091403,0.634745829605876,0.672913845993979,0.825037337673391,0.741759243486513,0.850244287706277,0.0581958453704211,0.745504608961004,0.802819947070846,0.608978675397459,0.493234945287481,0.559484294140503,1.077250331538,0.695985723248127,0.403269352611732,0.47595806712833,0.0962285707600993,0.215386181780903,0.264744007192273,-0.0968995068909177,0.928318299522711,0.3556711801687,0.523414703696287,0.517185597349536,0.788758792115117,0.43922021106387,0.770630160937102,0.403672133402338,0.394883626217999,0.245658485403078,0.845354855726379,0.541860042899555,0.176418034244579,0.352900080321155,1.10009490027532
4000,3,0.672744937192187,0.647651677676575,0.350113599166981,0.229651312134419,0.56155141421773,0.693424089023446,0.492536295252487,0.788959990157442,0.689160382399689,0.641798736495588,0.713751032044851,0.442045213162189,0.308788406692464,0.648534758384377,0.499967786074961,0.781747614115504,0.693421338711321,0.546546355511817,0.636172263482479,0.668336803742915,0.83773878872472,0.222881758224532,0.799795283323668,0.798246386777055,0.701466551895221,0.519824832398384,0.676601771939097,1.15624464017369,0.62944089991212,0.327381073166982,0.521033170727643,0.616855817802689,0.104016553877183,0.378432078449066,-0.0789017626506784,0.773276803208649,0.369521707174413,0.779234264597098,0.506786688161902,0.70592611339845,0.138443897573585,0.765506948478544,0.203370644211971,0.459769637260868,0.129609952035934,1.0742853094789,0.0807069787715302,0.35636614193724,0.491412418984612,1.03618525396285
4100,3,0.601820247042966,0.628152872093245,-0.0145790992620725,0.335270528235485,0.925094575490403,0.826876635178315,0.447104830169948,0.604735671198141,0.706537255435048,0.598523725730131,0.830482691275064,0.420339892185758,0.236597487877344,0.58340330265725,0.489255450747208,0.769868429841754,0.718785769856487,0.421735335592535,0.925167812444136,0.849223206014787,0.723462209575328,0.337239957339315,0.875545134101809,0.690197527912409,0.53645448808645,0.307202647360892,0.636450825599054,1.08975419550712,0.212237484247831,0.306219533931617,0.797750196661994,0.412998646709867,0.235959751331887,0.413622621085699,0.138345921475511,0.70713898411723,0.627754508288779,0.867840280792118,0.347098861250878,0.300694813479179,0.360493759308597,0.833562425249903,0.120468388863611,0.444951524170072,0.410716695991914,1.04627219208285,0.286357038633205,0.370550508432048,0.550767905701822,0.691577686802085
4200,3,0.836824011684596,0.70138754796536,0.0979854387921411,0.376195393902868,0.870937643905556,0.918194031788251,0.49482239184415,0.640369918780438,0.639288908541192,0.673612881452949,0.915279116670774,0.167367666373294,0.0507564129160295,0.536907499920114,0.504545278498012,0.582132228134239,0.567056780246713,0.425483432943202,0.813681799466939,0.673718327532114,0.650174079668039,0.314237248953524,0.898683143369169,0.670937365560718,0.515801936774793,0.474852607750929,0.665079649220943,0.522072125398662,0.294832892355055,0.668010643989631,0.809332776173159,0.596702287938117,0.151093217170151,0.272821818782295,0.350014844364887,0.787903179714051,0.161151951275902,0.983846895887152,0.330714617108393,0.318445284016437,0.307150394977888,0.603545633699533,0.0993387403791749,0.408092083211451,0.20658591599027,0.791643357950676,0.282656809579986,0.377260266010378,0.838983522737476,0.688992996193906
4300,3,0.72787398575069,0.334724635554845,-0.158588523629568,0.560793442698007,0.87621005146503,0.821154962517123,0.332623635889891,0.225518819297011,0.719118177438645,0.67560764104264,0.776259205156168,0.181483218358591,0.186160142131485,0.789690510629479,0.648491674282092,0.485066324521951,0.544096224138484,0.507656020698002,0.627370048273393,0.551454718779203,0.400744245476032,0.553720781429447,0.811148427490721,0.382662287755781,0.848921447494806,0.62149718390557,0.4834309232674,0.603718570773832,0.289204342994487,0.564179540486691,0.569672502192022,0.540587270041145,0.119509463798764,0.282968823093199,0.366671355481341,0.701316689886285,0.299152692926463,0.886665564916408,0.24004359745262,0.215801992915996,0.238534538203855,0.585906323945685,0.247480988452858,0.31974988438446,0.186538184236018,0.526863251698467,0.572875343885992,0.398145192425639,0.721915096434363,0.71854795059136
4400,3,0.464768236312959,0.314711913847278,0.0784815256360233,0.535880944334706,0.790363943012598,0.708468104271075,0.447289326010681,0.438050821703799,0.726033782653636,0.6210904156145,0.837259678522459,0.372338727620231,0.217085818536486,0.42584070555756,0.668699956596887,0.48104472686922,0.569997225318711,0.305166323409093,0.611366749310673,0.553014573023324,0.286055843659814,0.452269985027468,0.96744486106491,0.182678059096976,0.826044855053419,0.664942981274313,0.580519553551596,0.733173101722763,0.157299890040765,0.791878931600972,0.57010387797145,0.439900297195747,0.155833945984897,0.208289707924795,0.434544157652628,0.706322507770612,0.30467800118428,0.587174668386865,0.246658427020234,0.180150393154632,-0.018889897619004,0.733705813392682,0.399121401342868,0.349493884961818,-0.0759769174555107,0.302505972323744,0.524399114964482,0.61657702739233,0.732782398687108,0.80343530096216
4500,3,0.515671524589874,0.35789774450143,-0.0331992479326119,0.482403294490404,0.462368117269796,0.496385170048433,0.466762306442664,0.0664597852708377,0.722501934084967,0.555230398576195,0.596420911739934,0.354253812775831,0.151498597316196,0.348195501451916,0.70982153057405,0.68803339706798,0.30834294441635,0.191700875466965,0.510214267099761,0.369253502605425,0.325404680565316,0.30343802269564,0.781258094970606,0.125360938447568,0.586155697855954,0.629541812690767,0.502884694353499,0.832272459732943,0.189887776521866,0.708309695887375,0.542975267416896,0.374373851106635,0.205496459601787,0.149229659963099,0.414671473917292,0.610998350770234,0.289363527323431,0.362061488566093,0.42765345032948,0.000272490453752994,-0.0755681989122819,0.70638145619419,0.325974447691546,0.504718158480603,0.087421817247449,0.29062546324025,0.600988715370934,0.301832055455663,0.649058626878216,1.08602949692224
4600,3,0.758421899343798,0.463908188863495,0.00684390707067301,0.29543970164545,0.535625713889244,0.272070188395709,0.526663069897603,0.0690007706032871,0.519942807450604,0.0117170077779554,0.831369702788444,0.375845837039025,-0.0242311057538251,0.108394262612329,0.614785855428025,0.701151811245803,0.0770461865993077,0.0942396948366401,0.456493434559028,0.235840434467919,0.0439032200635215,0.306222086850158,0.672680859199165,0.144388343303098,0.333538550447105,0.761601402581373,0.453012756004109,0.817521643105552,0.410345767359085,0.867586656764078,0.571775444127851,0.33375426845525,0.466596366831129,0.292204316273269,0.522969632774389,0.638311767714519,-0.170756184869566,0.217512347483315,0.381397254901188,0.0237643181073955,-0.00597222604721792,0.627227620795043,0.322848966618664,0.704174107241597,0.0919481236698484,0.630005238930607,0.63416087610698,0.353960738436113,0.386128715742664,1.0612829743906
4700,3,0.855381918637094,0.790149659608604,-0.107747644211839,0.324953551057981,0.63933346154319,0.116253885989916,0.502162619617148,0.412248976370181,0.197379243832208,0.259390812959531,0.638413958513165,0.337241061932124,0.146551811328245,0.230923599856609,0.470744285486926,0.537609844001222,0.231647036666846,0.239945842408554,0.567635560303701,-0.161443219440968,-0.00804512674785135,0.140440486351654,0.6569848778134,0.0896707620685326,0.289176952603367,0.657131117819707,0.44003679071413,0.650442522057384,0.436636745360301,0.948173521145106,0.56574273883844,0.353792177306045,0.382397270149212,0.472913889910998,0.472155628695672,0.43109384043727,-0.236776284859262,0.455059162944093,0.339688103734162,0.121086831291863,0.025038375755892,0.438623721541145,0.403640470729349,0.509368490389876,0.0781481982347637,0.409285780259871,0.655372708423183,0.499058833811447,0.531389047052499,0.828827566711944
4800,3,0.73843383810445,0.67849136929993,-0.157040787219232,0.257788511481842,0.473789725817767,-0.0541205293763036,0.432784062149689,0.687462619899726,0.303125740867952,0.0457147673575498,0.946502831399384,0.370808646311359,0.560112779442508,0.518814797347152,0.405813615304741,0.253500511551798,0.540224548477034,0.258617345379716,0.57962496819004,0.25654059739417,-0.112885627062853,-0.0958338898054995,0.608728598090905,0.323811870028111,0.439544753411178,0.486303649091751,0.0418488318614734,0.561294677316897,0.332624189081274,0.64789563607775,0.601408710106514,0.473957547263039,0.545499900132222,0.317073964098615,0.154948026335931,0.499943951515594,-0.139755842781969,0.335754420039834,0.640774881981254,-0.172187168367602,-0.111354122304813,0.578401763146052,0.371753000923096,0.484919370844207,-0.0376010690036591,0.430229017509466,0.633697412743863,0.585632291679285,0.315955251485991,0.745703481467592
4900,3,0.523893494872626,0.586703077278023,0.0803407069624783,0.523532884358902,0.489131187336335,0.271868128704157,0.443585482794148,0.387847624772033,0.277245890244959,-0.160307617206207,1.05910085794443,0.201019217908347,0.736100435486418,0.361282778101305,0.41317939998921,0.30820805714587,0.416556079215272,0.248327554354827,0.482681647462835,0.304598098466849,0.030430049936886,0.372481213520307,0.819720889782497,0.501885553018233,0.485288030729991,0.462565550608123,-0.17959036130185,0.634600931970557,0.512810022816874,0.618195385831058,0.625750643644004,0.306387509683234,0.849160290745764,0.190374033803511,0.113838688639922,0.70445057397172,-0.0907873903051304,0.516405024755232,0.600448582943881,0.11120817502036,0.0542249334447211,0.387048093674698,0.363813928079915,0.610618673629219,0.158585877965908,0.501686849868761,0.329099040440522,0.558261722126869,0.181353383572583,0.728514325756383
5000,3,0.295286305190539,0.188263408358288,0.221001371747426,0.68505092973224,0.341665947781062,0.363563460971642,0.108752377280632,0.666434555431402,0.385454369570452,0.223466463430792,0.694673720027096,0.0617238500634581,0.709750242168205,0.395285570779033,0.34010688638511,0.434588343569322,0.28649295570616,0.379970160225676,0.370311452313608,0.36181957394685,0.310916779766142,0.603662190965223,0.965683587635763,0.399691953382957,0.450906398930848,0.522812244569999,0.266115330257485,0.743759950725286,0.610185248697551,0.449145597797991,0.507875294024957,0.474977241942208,0.499721802190421,0.471268476212048,0.0798527485336555,0.633740756726244,0.229348857427054,0.711056848188121,0.528489505794216,-0.0928053799217568,-0.0697855906303586,0.46854746306565,0.261466393026798,0.446136142661008,0.0381030455455827,0.45214783109989,0.52707600080501,0.313103481272155,0.414334948570777,0.740343433468666
5100,3,0.249500954371366,0.140621846051958,0.730234539806007,0.920153144450195,0.0727151362438456,0.358077044949902,0.424428520472985,0.414690766512275,0.463186094918778,0.199752590825711,0.638650171691,0.385015713800131,0.511552247591644,0.403557983889597,0.565331292160021,0.305153075605622,0.545408584966626,0.709697536729045,0.424773093788392,0.386381514509986,0.270796363519924,0.740275186629884,1.08789581391585,0.16450342347981,0.207325877132879,0.685082140042715,0.244491580977598,0.749638273074037,0.330877059372727,0.457168796692569,0.515885576261817,0.421568253496801,0.199397339750776,0.632445867288835,0.0468608642346046,0.520751866570009,0.285132059226287,0.768053079823994,0.364586841463528,-0.0816527320782275,0.0600711268785272,0.666921042271154,0.611436091667499,0.436564401355275,0.0590648126676004,0.252439015493466,0.367346507740371,0.482337500576128,0.635442009880899,0.611675477807517
5200,3,0.236794518991323,-0.115181159503705,0.942842993047877,0.806815797825936,0.0753821592879833,0.36049680975135,0.737632428210974,0.394025574260879,0.573004923945113,0.20412691056541,0.728963118934118,0.525220424405797,0.41190355299325,0.433316839040168,0.503085953927837,0.249937760965154,0.502050134906077,0.496387470500659,0.236289623161975,0.251171125182195,0.182349232753589,0.306762379954832,0.881859884995582,0.410132092456703,0.370722852972818,0.617181670867973,0.0481995955425198,0.756055101202571,0.424085640257584,0.586121839186676,0.53073314009642,0.317475036039118,0.0873925989106717,0.579624374583883,0.182898114001316,0.443120461018278,0.291886028090094,0.62796457947916,0.319393474213428,0.206255607791226,0.0945279753576534,0.377013053140862,0.509566279771116,0.258076522054767,0.117745963620336,0.178640964343673,0.0132170664518529,0.610610985638067,0.520818075032067,0.532157270021962
5300,3,0.542457566863333,-0.10899755472762,0.724952170953809,0.784027601921869,0.133346091682888,0.175359445879284,0.891332977451991,0.630700670225959,0.352045964748523,0.212954535670938,0.725810766562723,0.474018908111799,0.588651418761264,0.346386789086584,0.489552109149518,0.257190156526552,0.462148082965971,0.178911802151545,0.66893331957269,0.272274725165849,0.266246714715804,0.401866917562253,0.583413842822971,0.357103601930974,0.569783271782729,0.756087322081367,0.0931243478192089,0.434938087324072,0.578007269824588,0.550955511242252,0.206199931166445,0.0546637341675408,0.242005698858699,0.767817173163069,0.163814069137809,0.548518239215967,0.451386406579415,0.721745829633154,0.48324396537514,-0.048232976830319,0.0243677314132864,0.575447247862324,0.424956041407237,0.680852174583824,0.347194395124477,0.56771343393453,0.05926452477667,0.261794323421873,0.0708147763265581,0.763486242999954
5400,3,0.20974838588867,0.0216418231257939,0.817748410602275,0.874152223854581,0.247686555712544,0.113888536621309,0.932100874371914,0.728437421227306,0.353894488019188,0.286645129910893,0.756895631326875,0.21012124379006,0.687707685472208,0.418994053815058,0.329426075796285,0.0679605684715547,0.662558583264272,0.487284993253623,0.671260926494007,0.260712776482385,0.149143636685804,0.224644200475342,0.555552136587129,0.47834781588475,0.473318442140356,0.363461134558463,0.047453809236529,0.23712638830533,0.291890158121793,0.570060571284062,0.371580868711356,0.0408081469300778,-0.0902952082186954,0.731240885334612,0.28328988670472,0.297782786754219,0.505424223178002,0.737901035299883,0.392620431598741,-0.0999545350352555,0.0634652750102186,0.501094951131814,0.424178965877273,0.537574836277699,0.0620671891215556,0.356225522423504,0.00349043772691582,0.233966648893719,0.24770808193824,0.557864764303358
5500,3,0.094643172293115,0.0413234782998629,0.635414964702798,0.663451171962578,0.0599810900945416,0.305358644062599,1.11747359078526,0.583345512604666,0.275528483140302,0.300801089880176,0.546531699794167,0.489123800020175,0.229332620338968,0.554264317035255,0.480078797367859,0.579268805815399,0.670854326120321,0.100022883976226,0.185376129714411,0.290917181677742,0.112443582159533,0.113565801341582,0.585795626595756,0.440081391924696,0.665572402608757,0.594327808873557,0.378396038799523,0.210917294607163,0.472957216963947,0.616663242948404,0.66357266715932,0.0134448751687002,-0.0248535098877029,0.89691422030638,0.399830179475068,0.359670295078196,0.575786067838894,0.553305494973662,0.401145236233231,0.16162768996546,0.238583446025369,0.558596098763626,0.581450129504022,0.378904641524472,0.337852104423232,0.460914688764611,0.0943464768054025,0.360457552170517,0.125804510026453,0.340624084720956
5600,3,0.413640956526536,0.127387502119451,0.801437812814473,0.600297405802333,0.0463357599456603,0.11743878011049,1.00039198918818,0.839786821549149,0.362038803886428,0.205503483775943,0.440990342087259,0.490335639206581,0.543398074387289,0.267970385218087,0.287024095106891,0.888782495259149,0.578180419402441,0.123032661939001,0.0285419699836736,0.121024590205331,0.0709931818119097,0.394470765884213,0.473986459700027,0.356240987730976,0.697167113228886,0.611294940275285,0.633706373717116,0.51319613822098,0.270119427201901,0.896498173776368,0.507442252332598,0.212023606907948,-0.216580413720127,1.24112801666308,0.0864538511514141,0.379505165330646,0.492366332109158,0.417400742481116,0.437856936297516,0.0707366348881145,0.521983696142183,0.798630373917124,0.526086073258394,0.433283510424238,0.39575703373429,0.177434722541278,0.276150680866929,0.264963798724811,0.107719314227135,0.484823925445338
5700,3,0.435341567695721,0.320292475905778,0.586608393910798,0.546179652178251,0.175553045049811,0.372861775137639,0.967910395841686,0.790783646607128,0.337107319768202,-0.219995283320193,0.650001377972893,0.650119555267792,0.666876312066443,0.302896601582575,0.470899982071547,0.917094605805052,0.446115923147523,-0.0185824719946668,0.139650237593796,0.120083655844061,0.0959407700736618,0.538288082845254,0.208532932860117,0.496169009688002,0.645022388833935,0.770535469036356,0.712543531023441,0.427791458791076,0.0481670563675898,0.702584366087356,0.673417037864659,0.505938499223215,-0.108682700268275,1.09376875379694,0.226122388084125,0.15022270004482,0.373575696056589,0.669211892986513,0.266868319558898,0.06745507682087,0.453591315492819,0.743908119110121,0.391769226388275,0.384450952698098,0.468935130433525,0.259817104642176,0.102648195122759,0.496459441986516,0.446097515258401,0.141177567415598
5800,3,0.461660456974677,-0.0203639042783959,0.526165848116602,0.481660064859825,0.304199646220346,0.342193219242855,0.578122456552402,0.62975932216176,0.500816824856755,0.0690508631395707,0.496491958201534,0.718997293977198,0.676484151907992,-0.0817300970382851,0.502147428033017,1.1096720921899,0.73848022583835,-0.206451975577099,0.189644064042169,0.16999968297932,0.567128753658319,0.544267662570891,0.300622946180813,0.539784701933226,0.610687736728556,0.635533371111134,0.765153719509745,0.190375068172391,0.113765326246146,0.732515688508731,0.567758721709355,0.409422736950292,-0.00386239148263073,0.801444474790029,0.286571889435822,0.271600970870304,0.357460467689382,0.565437920580221,0.246907281615076,0.0962493825539792,0.41555781186709,0.572545492506505,0.476385260611959,0.413051777684882,0.764004794812104,0.624169785439207,0.218465944220707,0.55658610383974,0.649005922172029,0.158896885922098
5900,3,0.266333057146971,-0.284674239263885,0.971997910509282,0.693385777614039,0.339847748580687,0.396157903702499,0.383282314527309,0.645855958091644,0.457022605404113,0.308869624565519,0.571469116709855,0.403020237769208,0.607141060602141,-0.117117011763076,0.474499175076432,0.983121876370247,0.845193133883706,0.0146132452770718,0.47307857862386,0.0569385096412882,0.339803265490951,0.41756916777072,0.294955574669113,0.711822279899045,0.62780007004928,0.414610717547598,0.876121045831247,0.458132658563278,0.442250170658688,0.973549886835011,0.686541389064683,0.175448073561116,0.0488199177267169,0.598424807244626,0.217198850337448,0.296681528051701,0.67340760626669,0.362004831681775,0.268245334872083,0.125865426612473,0.241699482108712,0.659058726195463,0.256509381192377,0.718422093362977,0.664352787579038,0.418317620688198,0.0621428997659237,0.341681969877542,0.361937902447106,0.323001733108848
6000,3,0.466415588030174,0.0696129900008656,1.10972305444399,0.86381108254797,0.438498222819333,0.467318343865217,0.61761549345792,0.883262010999037,0.11988828326355,0.492122020079163,0.499639596444333,0.400386944746629,0.415981146491556,0.0916372588814394,0.556303796696639,0.705565408657662,0.424512441630681,-0.0207843522063919,0.407748019184772,0.091672925578658,0.293914846085336,0.177534959001563,0.151613874618397,0.534591579415547,0.704329034091344,0.234287740147129,0.775887466871933,0.230603997874185,0.439827209208701,0.674942654247159,0.579161903160637,0.0973891177717992,0.155907668523033,0.872144201999267,0.326421220311381,0.391969441634841,0.743013087557938,0.410696254785526,0.340125376514934,0.349766428992757,0.299602007927785,0.756911718673817,0.108903797216164,0.948108118514255,0.418702793579861,0.258819198823669,0.157599539722114,0.213350042451078,0.601384663259777,0.438523920616839
6100,3,0.327223690771972,0.155427071076286,1.23154296563514,0.842207547997393,0.577535577396816,0.35027929293294,0.839940249998443,0.493754623549023,-0.0296299991384941,0.462439941770109,0.399269666209191,0.654402572346086,0.414409743537414,0.416450199253442,0.348195019873207,0.604072639066816,0.394557307589606,0.0440517269380181,0.275257732069754,-0.0193091270286455,0.386660361238989,0.200397657296832,-0.058587683262627,0.656091632677825,0.313050359516769,0.307268994359388,0.540290716460795,0.384763712857986,0.427120156906393,0.591912827423815,0.54287073571935,-0.08213431740552,0.0566385723311728,0.611971521535738,0.266635134746955,-0.0526093645801029,0.530545131451994,0.38230666458786,0.473461874466181,0.565345906759183,0.421478000798126,0.87205829828891,0.40240015490288,0.864329882378691,0.602969739411811,-0.156666471580308,0.325270553844024,0.367916558711991,0.557361433009582,0.49123587201839
6200,3,0.36079789236232,0.298892811178558,1.08558299317197,0.771736242633619,0.34010076530684,0.600944034234891,0.472053915808744,0.307823495171938,-0.0202470320603385,0.508122283608784,0.403719230392754,0.381889378524351,0.475461830959047,0.337348075480541,0.493995934278497,0.804803697160459,0.463444684406013,-0.0593208242827851,0.390599355817595,-0.0140466198706959,0.419294665038175,0.354443876923304,0.120585654165455,0.683143153449757,0.398174800580825,0.219030206455445,0.436280404231525,0.729333890292651,0.536831439666985,0.652908356175998,0.292543045505928,0.354007499229777,0.122194421839303,0.356859733789013,0.380000580350491,0.101592117663444,0.682492747602176,0.287569472037142,0.450225811322922,0.448062137486069,0.515411835571105,0.835645042842217,0.39597965938963,0.863409079835266,0.375519805002929,-0.0100717473944357,0.705373222176304,0.440508420035422,0.453663879315222,0.373473341713577
6300,3,0.393980611737587,0.375656574123029,1.05879422622467,0.652696642282617,0.562370702891223,0.542042834024288,0.419151870380583,0.501577224934521,0.251863197045137,0.35595747663702,0.527306196306939,0.585981184857868,0.368932304049977,0.567384317988693,0.546829454994074,0.930754959388308,0.279332549536755,0.373557182604488,0.287148788881265,-0.0692152185758994,0.45855262702098,0.416476869718933,0.129990234872202,0.726569697914933,0.451994768331583,0.366200634948888,0.501711033422214,1.12469339942086,0.441490360486767,0.588959836081305,0.500802083671848,0.549465773261208,0.494057950053745,0.254977897376936,0.205308939046171,0.273056466291462,0.886995796435394,0.443431332965981,0.48929317315385,0.250593876953113,0.69263781266355,0.669512536542729,0.389816855354576,0.809214405591318,0.585954000314569,0.13651885284772,0.760143069451464,0.465818210698002,0.395387650799597,0.492365902561837
6400,3,0.517695674847253,0.226860648833428,0.902567028946601,0.444486444965725,0.621021861789807,0.400898943363668,0.473542117521713,0.385341168484913,0.326904729594659,0.518004701204253,0.506630067458415,0.772205516751809,0.326062199945558,0.773035180006408,0.647515382963428,0.93117412997348,0.169322493204131,0.743229894666969,0.214796749041531,0.242438602724703,0.485016024439553,0.129282765331038,0.48699380044199,0.634884899627735,0.329817904074299,0.631323546468084,0.406445058914266,0.939452597241511,0.719731502166955,0.410622689623048,0.619235673319898,0.702236533041422,0.234057688113473,0.40305086478402,0.29251284294176,0.470749555810908,0.743173956018253,0.324839576849881,0.417890368129751,0.386249584966619,0.947350245419308,0.531913058124768,0.143231761076041,0.638105500598835,0.641836126909419,0.264699944108835,0.836728364293284,0.734784310920319,0.25222732389315,0.428761805960251
6500,3,0.556051309390826,0.313809140064881,0.648323457165376,0.530831049009207,0.695054773296978,0.277329080366068,0.377885707239451,0.496993708837184,0.480774169560759,0.399150976791539,0.473456519620051,0.637038963427504,0.392962993309859,0.888934183666357,0.459114474565963,0.697463092526043,0.547385062502431,0.638693909890417,0.161477975407823,0.209507854859362,0.657075109469471,0.0779510617928408,0.456476655003816,0.700152912953994,0.678486610538292,0.440307350582668,0.32929642074068,0.63167367300974,0.757507524540479,0.531879353250063,0.742858813853275,0.483701571026412,0.572744287135746,0.607510728277878,0.35560164828393,0.20346884180678,0.550687138385752,0.382433183391486,0.66722133916241,0.502108335553089,1.12335874324418,0.64506316096146,0.303265884463269,0.855442849889451,0.656504509808426,0.369229541178017,0.597266390093577,1.00415384856596,0.48541863793839,0.388607253029319
6600,3,0.500769757280464,0.368936577716731,0.749622605552606,0.48197110188402,0.919077694187781,0.423759557122698,-0.0111590117128214,0.57929659736488,0.410177636149422,0.531725090252045,0.110952064018861,0.409979902791903,0.47531676249356,0.64557115574226,0.427621953873145,0.544554765496679,0.635400432133806,0.443613861905044,0.163626004718807,0.228134152648587,0.446662427067854,-0.214491405627467,0.517278995575559,0.881163728642392,0.837449091837274,0.587236602913558,0.504932156905391,0.611760813753605,0.584372577711396,0.776924712626253,0.760717517935488,0.253868675845128,0.668077667895657,0.760321979632331,0.612493272363748,0.184557364483058,0.577297146891919,0.600148512203593,0.525605752267285,0.685226162554107,0.930820233677652,0.662746328447866,0.437212037158397,0.631799824280426,0.560809980629393,0.193985595792532,0.795091168379706,0.75310316709581,0.734120888609851,0.577299104423193
6700,3,0.690370557059886,0.444725572242722,0.673756919166591,0.458407365782155,0.692468257552282,0.713575713352837,-0.259621346770472,0.212704213049079,0.399728832422895,0.419929707649047,0.209089299664571,0.582431821496945,0.127552442098095,0.714733285587697,0.299464545795311,0.607942750265431,0.638037024723247,0.581055016805273,0.0814211181832564,0.550959747568522,0.215674227505185,0.105507511310567,0.52928467061115,0.816066680977888,0.717291590489395,0.497629936603338,0.487169539149495,0.691316852177958,0.509982350705111,0.647090776731605,0.744209284505814,0.372352803676359,0.22961539508543,0.5574403847976,0.632518198177045,0.375050406121944,0.604599520539762,0.439768928133359,0.521347893531186,0.790254256138713,1.17235343012628,0.714422802812194,0.391132938280869,0.305822327972575,0.405118409834015,0.356889106562536,0.832134781875635,0.793787023708268,0.591547882324386,0.536856356882192
6800,3,0.388483922453469,0.581884943720962,0.526484268253047,0.470839407717788,0.719197714555797,1.03281666163921,-0.287039437294983,0.275076131810117,0.0598595040533589,0.435645156227156,0.574930731736881,0.555022400363962,0.348141591008184,0.57583694782003,0.347543580559894,0.552833214379835,0.426886452000904,0.38075972144026,-0.0021736581210719,0.538501483994646,0.366135305411652,0.306709049593688,0.668956268508017,0.615491676205752,0.349812957545312,0.631086092996033,0.716614201042897,0.585057266061371,0.387387467589782,0.435131449137057,0.491629093799386,0.475002517798027,0.472862164571272,0.812616761786621,0.879236277522342,0.243914332187012,0.503581465619428,0.370266970375972,0.690814581096364,0.698346362048209,0.841567565454933,0.782708210680731,0.424670497576213,0.166795285103847,0.487318088388212,0.366593220192079,0.535058096777421,0.649114917498792,0.603375692018211,0.406934682314411
6900,3,0.423825562199093,0.519533802283776,0.384568381153894,0.538172410419897,0.482373008873848,0.936500176844048,-0.156996285824625,0.487727330305113,0.235229196450778,0.382625833040402,0.532357389654523,0.643431026398387,0.246992624833622,0.185748718086933,0.358629906660715,0.446597903712347,0.25431053871645,0.557932471324309,0.284944647140355,0.198572780672323,0.363452868476695,0.395656981326178,0.597794501246121,0.472931210900758,0.227079776529704,0.734248667790163,0.627124792435739,0.298099241672864,0.654913378780928,0.225189669234958,0.507049635525468,0.496029570998094,0.482917000746996,0.970530266807254,0.865640956087767,0.08397275737777,0.662980670467006,0.171823677729374,0.511108946335102,0.727548540665133,1.01160807933857,0.333581266838392,0.350053042667968,0.350546307694464,0.602276990942501,0.312816569418061,0.475246212648362,0.442943998904856,0.487335463451033,0.278473832748345
7000,3,0.279680929671523,0.47067600234938,0.422044649251477,0.633407392691726,0.451604430934358,0.661532248736441,0.0967561551005006,0.293482232941678,0.422578195964823,0.495545898044642,0.225769088738046,0.467308879042105,0.432255799182705,0.234741273053035,0.152174029502655,1.04620505720451,0.131139072990534,0.455382619897927,0.53606150622932,0.102091620493056,0.386729165593345,0.21515621542428,0.413240339187119,0.469673064316145,0.161181178832912,0.272791984062463,0.627237188387938,0.511942352596042,0.657561813483146,0.280378561740835,0.67368975920251,0.396774058585956,0.55950302505571,0.82909407887619,1.04929294761186,0.0504849701983611,0.692729805282534,0.328386087492048,0.481365634916558,0.624397448522995,1.05884783481693,0.208927858338831,0.478125287243293,0.517894409953098,0.446295966862056,0.0510666199196854,0.674611946106825,0.424200285532264,0.459631883619985,0.119146300515848
7100,3,0.297487849428246,0.331223839793601,0.0697627939656493,0.551514854782422,0.434670127286247,0.633255973814326,0.0534831753130142,0.00695550497564873,0.34320385902061,0.188625799746928,0.0418041125456513,0.576623635776498,0.450940108961188,0.460486002841757,-0.110582749447312,1.01091378359068,0.304974503176624,0.396661472444588,0.505456955943953,0.28221409032832,0.310916838161424,0.21499421450409,0.248231337594059,0.603359834566063,0.209944809054299,0.439832865587751,0.456753995064214,0.355216364061632,0.700973893660176,0.394091368876023,0.408802699410016,0.539250884171246,0.684992170948751,0.846075277942418,0.536252789573224,0.238633376884231,0.547611000667112,0.357915285609886,0.643913706664707,0.154685141341911,0.709920110235267,0.368255008905248,0.349200244233108,0.463499671311514,0.315368952964228,0.337619343400763,0.585312850270282,0.39656703113391,0.445745309642692,0.202935587946281
7200,3,0.421867451671651,0.340066474020147,-0.219187600357114,0.661353252670845,0.197645731970041,0.764696280980211,0.0840128898665498,0.0690132416227463,0.171130774146709,0.109380980026932,0.117632775918294,0.517461239994125,0.212124989214131,0.557873068299931,-0.0189688929535069,1.02529903051164,0.181948618643245,0.436482448984783,0.50440389479902,0.27885282821384,0.287333851938271,0.567556683661479,0.217584120465689,0.404742638095596,0.419442568124771,0.346622331409815,0.420553466183467,0.346822425519648,0.700036391964934,0.409497558337306,0.535304894676305,0.353550026117644,0.685478124003446,0.753088248374888,0.240297010802636,0.373151149464628,0.158593828635916,0.274480804897926,0.594591567407579,0.32796947012605,0.320552535011375,0.279179576224374,0.292850989891242,0.572900929348951,0.315349238369456,0.49001649285101,0.601820332583665,0.485785635073965,0.293605033585962,0.447900733506975
7300,3,0.541990931644919,0.137420448177929,0.339693155737366,0.697688900211733,0.372648562948757,0.718426928006055,0.0481345302382254,0.0646185928187709,0.511321402031347,0.478681901402714,0.336918120337239,0.386065521145016,-0.231060026445643,0.536185573478925,0.139266765826416,0.843808901019782,0.117639057375143,0.423990227707319,0.600473652615718,0.294829450676182,0.56437931734171,0.455468520218034,0.344739258703701,0.508800182189924,0.181757464076125,0.263492100961014,0.670269930766634,0.20961930717414,0.502103605674879,0.552165870628252,0.354647169107754,0.562289246061607,0.500264802697789,0.689926406208214,0.0443198618038654,0.416734412655292,0.0159830765888454,0.13541758911514,0.613157644672898,0.526772698529621,0.368358480901791,0.248574061414583,0.275333972137938,0.560742889240001,0.586279815671096,0.477522096863901,0.545951947975301,0.316634266795552,0.110962576275238,0.402083371762432
7400,3,0.460590054653931,0.364353765804569,0.225267047630896,0.727380606935857,0.302755535340521,0.494766976437791,0.114621952858215,0.41619130498472,0.695560733495439,0.401504557134521,0.321584726559283,0.29477125427976,-0.1135870967739,0.255397510545683,0.104179401366202,0.574605946993017,0.212252681928194,0.586102176443645,0.854606165814277,0.211986455366144,0.727171410803373,0.378774088906706,0.660656427928654,0.629415382014185,0.514631929492128,0.127452206903536,0.784766647437019,0.189784238695774,0.478584381043643,0.196833376212213,0.0965742090592818,0.734688243793392,0.398255846228274,0.633373936291569,-0.0852389894889984,0.0641998599397034,0.00477559863416296,0.481180053818908,0.618275048755123,0.530689510165993,0.292732984710457,0.442258597158478,0.276442544523366,0.650966330981573,0.632536896568864,0.436531070813543,0.764841665946182,0.403561844418299,0.506434569954239,0.20025946329057
7500,3,0.71858298304819,0.310062451106206,0.321878690504519,0.571338870418871,0.404600189042919,0.45544102625239,0.109849067054304,0.650782081593865,0.754839837286175,0.108884543123592,0.376739621760646,0.564481462475567,-0.0705738039708959,0.135321514053588,0.246009328240586,0.185021175537418,0.124983715893435,0.456294140474184,0.822498996277163,0.118982637312997,0.501163405324562,0.522840296282391,0.259453613970522,0.458626031158599,0.443868043400756,-0.030203518203668,0.74310041460367,0.339986192408958,0.502311811559313,0.298861583198106,-0.110546869246663,0.172712156800003,0.139299678786341,0.40102287140754,0.132240207478255,-0.00349666715788205,0.151640946120992,0.565441590459508,0.723752557525569,0.244024650740187,0.4177510516882,0.553679900573856,0.249980108298064,0.702480210146519,0.673548659819889,0.526548737596268,0.616978948730971,0.0802588483123575,0.375705895913775,0.423844137775022
7600,3,0.465981655399286,0.339035298667859,0.43001298578595,0.488100034479573,0.403537955243073,0.57320838420365,-0.0130827857987108,0.389240539920603,0.656145259829879,0.257871420025842,0.539623461759334,0.461004063879192,-0.5066143544494,0.403416098617003,0.692592120576063,0.189684265931655,-0.0245699318521496,0.708024160491661,0.616423732170428,-0.0247303239531718,0.456998449042077,0.479413365638356,-0.0751719306369731,0.520209611757145,0.531399295904976,-0.229562284935938,0.354770969946428,-0.0376282224697201,0.412196937155394,0.00166404393616354,0.201330577025062,0.458593921290075,0.000365980032106694,0.162117922531297,0.344332785616875,-0.124295351835596,0.075235392622952,0.408233576724305,0.889888636401484,0.21082107688231,0.290277719857804,0.561132991530586,0.366111692616957,0.5705030971309,0.42089228672214,0.376626321468151,0.636136438003991,0.277401767837163,0.551883964814097,0.314294342377397
7700,3,0.437929348060267,0.0150764344154282,0.482344435865678,0.564315075564204,0.512381704174792,0.496583612734033,0.176494330850928,0.174757079914366,0.61996464040375,0.352540339403074,0.490162106354407,0.524434890151523,-0.555680476176867,0.362986282605229,0.505065813213686,0.236539417735101,-0.191475720954963,0.794564888264511,0.42940108171776,-0.0718094364818769,0.112092879720446,0.290528205130535,-0.0530971531467472,0.509392240944238,0.393495087147273,0.0761747237495265,0.376908506576409,-0.00801326304252808,0.453857962116161,0.11890632904014,0.324776265407091,0.619090969867181,0.138204267514806,0.279093753949221,0.273050371694115,0.124484283167629,0.2781744330175,0.507056708564941,0.684483267719494,0.229105962460256,0.521161191245163,0.416552331427815,0.318534539293341,0.563596523822212,0.468474676575658,0.429111354514974,0.414881297563659,0.340111321826299,0.719456951047739,0.453498261311049
7800,3,0.557492828088803,-0.0665960650239831,0.368481810102609,0.30058859785576,0.618878712923804,0.0452071057187218,0.0513606310435149,0.00681910837392624,0.52059631673841,0.241668325033329,0.0152703034581364,0.486805081358089,-0.219414208600095,0.453459360623,0.511125681636009,0.38608870690547,0.175374140832907,0.801265835613132,0.463661507532629,0.138904829223401,0.0270241196417752,0.544974330511881,-0.0443823185339067,0.406806619460245,0.169600150528721,0.281447717853038,0.524212547942418,0.173763566873255,0.0771132519864674,0.171342260591961,0.20287804251107,0.424930927141185,0.0717456125481087,0.168145489843806,0.367953748150372,0.102699376783372,0.542271025662212,0.160870428172278,0.507629138795036,0.511169351748187,0.384355633599423,0.485402910310346,0.346848336601824,0.577646273754782,0.530662385962762,0.503429271837099,0.521655915713663,0.574083733523701,0.726466447815643,0.217920740561306
7900,3,0.412759063637775,0.147157243800275,0.413973951656199,-0.0238810270222416,0.319474666456564,0.219799886132814,-0.110385913704305,0.0833986957886573,0.386482637403572,0.322471198914945,0.0179360174765406,0.335120526793456,-0.186247061148781,0.338448898094969,0.286921439310239,0.257048101267985,-0.0833644279072406,0.366528949109438,0.33633319302128,-0.115199398609655,0.196773333547565,0.666586229126547,0.280060509706905,0.0175792801403235,0.241475156359292,0.322559077073723,0.407456036040209,-0.000102538926293916,0.463895941030011,0.125342096736066,0.219953534491815,0.390434670353368,0.281043474388411,0.254805887959293,0.438347335860042,0.201155721373795,0.704032705448121,0.175858366085061,0.475684836381897,0.58568331507136,0.347444280031502,0.363830426704585,-0.0300877968926596,0.419909910336411,0.198740332718417,0.112770389772268,0.163300878667102,1.0178604147104,0.437558341626068,0.0820085385513544
8000,3,0.280057526665829,0.255434234028407,0.405292796805722,-0.105672037058156,0.298550170507402,0.267699958031902,0.169576847067631,0.284796785934728,0.341787634032201,0.138803569224994,0.238947183703483,0.332693436973125,-0.267832907485261,0.11755576737112,0.369997099137809,0.156979253936966,0.00206238621037819,0.0679027277313173,0.55161427632674,-0.0952839902476125,0.42346421596631,0.706993094521299,0.324093121510782,0.279565130812458,0.12252967125816,0.160961701384874,0.102769295465026,0.289898994959504,0.414887708677269,-0.224265218866189,0.221149590354258,0.592977522974243,0.413004729919851,0.26862645820081,0.586675810488653,0.0698057098212878,0.757252836129902,0.0348732236477718,0.463229138584484,0.402583229217175,0.387289698444058,0.30097607140967,0.103070336259609,0.336362781385368,0.121656809029882,0.302149865330696,0.237180974377641,0.706302203418823,0.168066881207219,-0.151860584188382
8100,3,0.249060157527359,0.389082531077082,0.344861389575897,0.00149721815699289,0.580740625759962,0.0634789803902552,0.462751687832953,0.024144256285724,0.533109996593676,-0.0837707416186411,0.041841712022322,0.264881381236871,-0.0737041360088556,0.278853470013166,0.539036447495057,0.159559706350469,0.466629978015936,0.053949189254754,0.671260401242582,0.151179209613751,0.270202517722637,0.404757046471964,0.289590968195155,0.0500632800057226,0.0129272903636882,0.119358282660638,-0.00546906033638334,0.285538986695646,0.505535577665336,-0.153229031086523,0.00694431868285994,0.597640368109657,0.263335523902907,0.387732888573914,0.841573139576111,0.0139831600030872,0.445207990660139,0.44827501291565,0.26367241221477,0.521451093487812,0.433587432119076,0.367112320388838,0.295114265776358,0.178161890310503,0.258494844213761,0.207333411305539,-0.0377135453926633,0.579040693026418,0.227858991977227,0.179181640078353
8200,3,0.0232595984504242,0.171670352212012,0.504552047644386,-0.239387378191172,0.32072132777443,-0.115018249245881,0.648231926502049,-0.095002097711866,0.457536199991404,-0.258412617196448,0.0050249234777531,0.150102354925357,0.0329514427212648,0.438417455622246,0.475533205995393,0.212312737247581,0.12342729217221,0.288958933183143,0.477117734070532,0.595624606689817,0.024737669733386,0.331742864766583,0.0105271272291478,0.230259783733151,0.00739095489450775,-0.0970096394300287,0.0037739934827799,0.131365415042286,0.450158533270414,-0.10773915067079,-0.025343061242308,0.528799407265312,0.613846609951972,0.23122831034497,0.775795957605746,-0.0585855884676376,0.787048511062801,0.329404749459708,0.283257415849629,0.590663622554613,0.416174755921626,0.323886718709446,0.500893906468438,0.353627974007739,0.289417613307151,0.347949966466427,-0.215051692191615,0.617832643241387,0.133677223964709,0.0339915069141727
8300,3,0.189976166932406,0.18705917079486,0.478610512825374,-0.122269122565114,0.206597429100698,-0.346600358386473,0.522750052354483,-0.199879151379529,0.509353384204235,0.134279575565729,0.134121008199191,-0.209625707770772,0.0705063520969871,0.515060868219747,0.44588663383072,0.167246759740769,-0.0574758225717338,0.0758259477958419,0.290567500020651,0.475550998312626,-0.0272875110400568,0.423431749093349,0.0332088387535082,0.151115136923463,-0.0193155272054105,-0.388008849829357,0.170854068852209,0.133349517572635,0.247701268352502,-0.30611328127895,-0.0133116818672796,0.763298578658036,0.539196250881427,0.266616588570914,0.626777557447131,0.0237644286975319,0.857607857286035,-0.475019743519506,0.317489056279162,0.426690522888405,0.118454553396696,0.364138702954387,0.288605127609681,0.363169583073926,0.247827952775956,0.416121272768386,0.153705126853717,0.529354915891901,-0.0662631446416989,-0.214801205238174
8400,3,-0.039538463118883,0.133177312693495,0.51025996420182,-0.221445755660015,0.167309967023217,-0.29835654138553,0.417892968678642,0.439002920465321,0.677938590600778,0.133026481335633,0.213310722586386,-0.206176885697543,0.463335902439933,0.298115886135321,0.050832705816084,0.213438907448789,-0.125434109141192,0.209261377833733,0.180908970881875,0.258083040866944,-0.280525792421046,0.58628842244112,0.57553046814084,-0.0445759792756927,0.257284988857251,-0.333462648488546,0.0461956749278481,-0.0210564555952699,0.339176176332257,-0.192058438180456,0.0629915070383334,0.531768023607002,0.101333920834431,0.158925165137914,0.185471224101118,0.132499364887343,0.605174107544159,-0.255863945224813,0.20219549175165,-0.00678542785250125,-0.065548286927946,0.625205928310914,0.511398903010952,0.323924685545777,0.384590248698817,0.378798223509913,0.444000394814838,0.377278157955883,-0.0457828156141972,-0.498635455042702
8500,3,0.225550569803005,0.1414563609279,0.175737205894125,-0.237697952665233,0.32705190410951,-0.328782934796578,0.409760339227479,0.321708442722286,0.478433506771918,0.245236437719059,0.138780029500886,-0.432901458622669,0.375397111631458,0.240036230981422,0.207161589532135,0.541791994677047,-0.298393213447013,0.349747377847781,0.17418134484837,0.287134111410915,0.00903922862504764,0.666543552711333,0.45937122599567,-0.0220874754622676,-0.207663022220874,-0.306289355533672,-0.115856796196857,0.0361835076040911,0.131706293413808,-0.0486387943602303,0.0229050650836874,0.426175778188575,-0.198163736723268,-0.0604985101476419,0.222882942531789,0.0827937752766126,0.589033960299853,-0.226120988309899,0.255928992862451,-0.0443028026643593,0.29098692534466,0.491202998754158,0.362279999221999,0.418030399682075,0.384358688033958,0.418550154756752,0.441228578064524,0.557542354859962,0.0335345148033442,-0.383202661475157
8600,3,0.13337115721034,0.0304580670178358,0.240916052784358,-0.339196191085067,0.257110554847417,-0.107842812185744,0.320527863009612,0.323029450270029,0.169893199811336,0.296048714431612,-0.399381137005157,-0.405966618499328,0.2536519530382,0.199992995448291,0.0142611148125444,0.24013868143572,0.0373268360919046,0.203951268054568,0.140879515436011,0.107940284227884,-0.0996535483544778,0.400337568869328,0.297208740346096,-0.0285680411613445,-0.160264608908154,-0.178969928966195,-0.0386675501377751,-0.0759002733170864,0.0417708257144214,0.0144784142362397,0.249457366363752,0.221386767883143,-0.268859384558786,0.0449512413274947,-0.0123441119822372,-0.0908940435045016,0.279381762194841,-0.314769772920583,0.252184264826121,0.425011057470035,0.251227881919363,0.728272020389443,0.458320020297661,0.422386321595178,0.45233690247679,0.304327750903623,0.555711679422305,0.445922175966496,0.159879643997707,-0.392470524612369
8700,3,0.0826904666558329,0.12665264391643,0.360934239069046,-0.0188472639406803,0.336461316998512,0.0209100854730241,0.369784513665433,0.224370549484289,-0.035481466257015,0.243263973747098,-0.033303466874115,-0.68582379705379,0.0772437105234367,0.203208629418493,0.263670295053997,0.116650285652164,-0.101303472593344,0.327816939643537,0.23159198041578,0.0649957759530979,0.148669516638744,0.530976218348936,0.158140049292654,0.0851445045173956,-0.0751122102260477,-0.273014514930821,-0.00901166066667186,-0.215758572218235,-0.134120925953397,0.128017890753049,0.223281986730149,0.187347288167354,-0.388075076852966,-0.157692086561263,0.0594174048606123,-0.0693682087573645,0.420248343725232,-0.204242855011942,0.45958566893649,0.270263595878404,0.336078153258857,0.559684221965275,0.244864203668255,0.540566346204886,0.297214801308039,0.454580609010834,0.35184890706802,0.274056963742149,0.399056514109363,-0.0460054461638552
8800,3,-0.144793786711449,0.222050066568341,0.230213883809743,-0.0333947921841665,0.489192942197237,-0.0215121281157297,0.268701694384684,0.0441488689099276,0.0812290998892934,0.282739000457517,0.35736756571982,-0.34801137344525,0.323363404856955,0.241658095565094,0.123558705428612,-0.0584259415007319,0.0186201269291476,-0.0510273598214624,0.188279284347539,0.281089613974011,0.16125714983312,0.364699004055497,0.293667208479931,0.00969237248221422,0.228435543897482,0.0010465904885219,0.0666936051328611,-0.14199135204952,-0.295320478213094,0.0833900865613347,0.208582431382952,0.415839002849167,-0.303416372733107,0.107334012801,-0.338128524057731,-0.031537266625021,0.478229554124647,-0.0160441381049793,0.340438480366906,-0.136505244366619,0.383014751774645,0.272833315125264,0.136458667740411,0.361759584899447,0.185108215314339,0.293504370859802,0.335618445910997,0.115225713785562,0.334914497809678,0.0626894144348864
8900,3,0.160486736989634,0.287937586113702,0.270189552911541,0.211976691913953,0.283367926567915,0.0435303552739429,0.0597356417280674,-0.0432333126267154,0.482328899995853,0.367498537528276,0.561625834350585,0.047122831538908,0.304802425640817,0.367731642465198,0.0310332451575199,-0.173095050527247,0.245217142409582,-0.175738126116023,0.0332853634753034,0.204589866499518,0.308258773234005,0.332768797859999,0.146287097598107,0.0944485957049425,0.276987629437362,0.380972812443993,0.0704687533732816,-0.171742135536163,-0.0386320473785979,0.179643671368562,0.3948144310251,0.50909311070299,0.172963696902373,0.324951289148509,-0.299130699306128,-0.145521792312929,0.539188725822331,-0.0991284251827694,0.362068079254766,0.0319465124738888,0.433424657036559,0.104725285312853,0.35628236155446,0.224717238337114,0.156968884562243,0.0173274172388116,0.247145309544232,0.140205930048659,0.376472432361481,0.0142769651943348
9000,3,0.284510151979217,0.0428312340662885,0.230739409962571,0.41891879057839,0.00767253982567806,-0.0168464452739843,0.206440227551925,0.278220247324249,0.377345972485717,0.148848361471183,0.399440585794548,0.360938788995749,0.213702226708818,0.386165305589215,0.270254417031099,-0.0449559594995475,0.257290732389521,0.0720413935240462,-0.0114523314965113,0.239995561644385,0.152250495777547,0.32590395762428,-0.0157293567411049,-0.132112669903717,-0.165579038726939,0.0845132488009684,-0.170089157160883,-0.331768838542108,-0.0614356869165728,-0.0159660423507449,0.134935856973111,0.542594766138832,0.283098139475821,0.324453456425244,-0.14371646736545,0.129271578270892,0.315106787354373,-0.199232176561636,0.237991230343933,0.0784421179587801,0.426248650712107,-0.206768978402466,0.128007976696403,0.478066614415954,0.217841583858742,0.0163501084542056,0.116643943409904,0.166248624475153,0.261771379777815,-0.0871178920052711
9100,3,0.0826266599024281,-0.202369532236371,0.296964416592067,0.184622173568482,0.0247496644685836,0.0387994667232142,0.41934202957217,0.123948067714318,0.107721798659523,0.213982895506663,-0.0232837301428485,0.359883453381505,0.31882094375785,0.21312385708146,0.208308048893976,0.104499072031228,0.335015687495145,0.393642615964503,-0.0389908050010772,0.491838303134012,0.228274869204724,0.124403283290382,-0.136975855590578,-0.26609064382966,-0.291869435431758,-0.032403112771938,-0.349947243295192,-0.126009361830263,-3.29441148624876e-05,0.0202152552047157,0.062394893517479,0.523645355693842,0.493483320133963,0.0890326477822076,-0.0791565638081168,0.184474788014369,-0.0411571312230676,-0.0213189300965574,0.275449205825067,0.401095679766816,0.602517134846678,-0.272723798423402,0.057948435932649,0.47461259336465,0.237203595276291,-0.101345291453994,0.285430664911714,0.0371356134190006,0.26893918762857,-0.142613335502261
9200,3,-0.0228463512094341,-0.0283255804418851,0.0805118191792163,0.218721810131336,0.204730858957018,-0.0800965461053902,0.218467290522923,0.103562676123579,0.00229937639612415,0.0353032946936436,-0.208806380233055,0.302121686910341,0.494631868532687,0.0534457011859583,0.0524266179380201,0.00944323901361782,0.133297144084687,0.36063494635998,0.112860667401199,0.57948102569285,0.286136459872032,0.148774637536722,-0.164136473457063,-0.135301058163361,-0.398693086921806,-0.0371379248697039,-0.454114449268776,0.0288626451764224,0.128903214363008,-0.0309422551877654,-0.470144146516387,0.468227435497279,0.451231598152502,0.0655004617254791,0.0991782713314824,0.156250086181412,0.0448912688879967,-0.111698569509126,0.593992366972284,0.561882008608539,0.293801624424432,-0.331316282604474,-0.0988185907080784,0.353925456642379,0.237137985973946,-0.355477712511461,0.0722169225906484,0.222661141875076,-0.105508023948073,-0.179401556332619
9300,3,-0.0468304041871628,-0.127879571109286,-0.101955562100814,0.253150671392697,0.0973990608996876,-0.111643737432089,0.062740358272623,0.105408239742237,0.0630323803484387,0.00700242170713111,-0.151481586938367,0.328315101849046,0.117946044801879,-0.0785038878525495,0.0293296563422714,0.167741505019459,-0.134633441309089,0.222540911640495,0.0800348533018006,0.424258814344734,0.242550823250924,-0.0686059348017164,-0.16331735034579,0.0211337015174895,-0.336228115513651,-0.0884399351040485,-0.456927385697254,0.330637686793462,0.181626055003098,0.15051836829642,-0.451686279420247,0.219414256581349,0.0932500326747479,-0.200088803951305,0.0530758114356544,0.130681843533029,0.184371045905955,-0.0745421102483101,0.361866893110901,0.305200928618576,0.209038871981888,-0.31356734974437,-0.377039500841165,0.137924034214345,0.427007365588114,-0.256222882882296,0.101150019765606,0.333408298388791,-0.079558035693975,0.0645679583591364
9400,3,0.0518606841626463,-0.176178887118216,-0.167728776651416,0.0630904960808168,0.00790606776038416,-0.166737645153974,-0.112365455153889,0.167860305270589,0.0627968213089004,-0.0793578382538466,-0.292702988768239,0.173557632842876,0.0669235849939424,-0.205364931425429,0.219210379722203,-0.0598893027823273,-0.110438662876329,0.0902986421647045,0.474190892113401,0.596190562437986,-0.0929849480304847,0.047393624166242,-0.0870657402669311,-0.262237045783383,-0.378431029135771,0.0352576877754648,-0.0303722154349922,-0.0590638553554062,0.0356738702804747,0.0913100638878064,-0.202424345066062,-0.175404552172209,-0.0638593659227112,-0.0645436090682492,0.0712879294099465,0.110316004567645,-0.0760931388331224,0.0325403745222939,0.117983783888577,0.522914311943913,0.0828741022166127,0.000953886163709228,-0.192970451488006,0.0573341536508929,0.209384340883513,-0.410317930045501,0.21290750070349,-0.0485298547085908,0.0497018610537331,0.285790797475405
9500,3,0.0520232231980353,-0.0257820034863204,0.0208982053607609,-0.137409332257168,-0.0971025510242116,-0.312935381525056,-0.194278893098754,0.121496427470699,-0.113984373757224,0.116614004828846,-0.21002198343565,0.434116528029658,-0.0673172511568303,-0.0941696452713209,0.114381576901013,0.0946416824268607,-0.107670001351484,0.139059599311627,0.0439618053691279,0.494099084639284,-0.0564140584862796,0.2671973427833,-0.115269164176999,-0.0193024385101355,-0.0456167147194881,-0.0377831968394987,-0.150694844316905,0.0956746591176339,-0.245515192464452,-0.0773198244766936,-0.0654636869821729,0.201158591743494,-0.0585096972355926,-0.446705638946064,0.0237187942846514,0.100728340023906,0.0530881289045128,-0.127534456889653,0.140806883893872,0.817057565266964,0.0347079761855274,-0.0525761147992437,-0.103034669479693,-0.283686711104252,0.206747797233203,-0.531717462356049,0.0280098725152464,-0.0165930206745912,0.270791024082674,0.185308460163562
9600,3,-0.0349822388691801,-0.0328617068711448,-0.0179996159275624,0.125238272753331,-0.00147346946929272,-0.233699509588786,-0.0755676946655516,0.0427559429426689,-0.0336622889510722,0.0237316056524506,-0.0483275384447209,0.370298761303518,-0.16998110608857,0.00174342602849165,-0.160831203958602,0.038445672413034,-0.177021479741683,0.0388588020926366,-0.0111512174969491,0.497593975827549,-0.163366960292377,0.0274831001289241,0.022865886347214,-0.0131539472599262,-0.0840098979040902,0.0701238691174517,0.000626673257451082,0.0691371752064778,-0.069299726157827,-0.0278424968556586,0.420803965424695,0.188878036841115,-0.25184683987597,-0.164575395550597,0.0366733205423412,0.172965301958926,0.122605092756164,-0.276679402768416,0.140155348314562,0.752703477028536,-0.18733867163187,-0.00774743772124725,-0.044929292062738,-0.131618018475186,0.12123118081767,-0.423664262217117,-0.0584638730411873,-0.0922608073604808,0.20224745970308,0.141064413402938
9700,3,0.110236647691635,-0.00435157031686045,0.0970620277519433,0.190222286900711,0.152812160306574,0.0265347620507496,0.063274295209086,0.13598158956529,-0.0928584275971484,0.214202901820535,-0.211917320939322,0.223672792574163,0.216579273897988,0.0664615106104718,-0.071577473104826,-0.181372739027038,-0.0543670968907332,-0.3131122739801,-0.124814136358463,0.554217396070546,0.0107192645359104,-0.109033374202928,-0.0948774366562105,0.1900025683602,-0.22434666822639,0.279956874970136,-0.0400695083458183,-0.145689463076463,-0.0439396710529984,-0.0641878746115154,0.34966303021384,0.442180644863473,0.111884682301113,-0.0544991390507456,-0.190649832489411,-0.0437406810020051,0.16042049399788,-0.427380568069196,0.226259696253848,0.373750625818526,-0.152392900747699,-0.221670182524788,0.0362168541757787,0.0339809421574341,0.162043279739766,-0.429162557177113,0.166920363209972,-0.288664997769935,0.0907938006309303,0.162167627491836
9800,3,0.272689782840869,0.00838192293228907,0.113204657748506,-0.0852249621853612,-0.0256456753754747,0.0562102086017075,-0.241317813096833,0.26587454568915,-0.306765486168301,0.0138600175766565,-0.067242160125938,-0.0814335203345878,0.0534486913645274,0.137130686647918,0.0126316870294212,-0.172163264072932,0.10621704492081,-0.321341565835274,-0.263769930922054,0.433388496553406,-0.0325519519469074,-0.0747875418503868,0.122316957867634,0.0546562298648473,-0.374591168325459,-0.181839780288228,-0.159494533173574,0.0511457903731967,0.00771109628753669,-0.103012859024079,0.448818414141174,0.39268553549959,0.0708304040812572,-0.220336240435608,-0.0529002926277158,0.115817127822307,0.607948820041048,-0.378262900001408,0.00070440698546187,0.284147816425673,-0.441143675922172,-0.127739687513099,0.310935137036729,0.011340943405375,0.146579265585537,-0.416792382910718,0.0522759860798928,-0.206053505647345,-0.0364874931002349,0.122067523360686
9900,3,0.13170143318719,0.0868638881669475,0.134803135497669,0.125236964479458,-0.101721859246036,-0.0891779909563352,-0.0553826936349631,0.279263941941416,-0.323637309812196,0.285975788045103,-0.0469853704258954,0.0987818701291567,0.00922026721370492,-0.039198943684189,-0.00595680084723837,0.103858879153886,-0.146907008744709,-0.16740620845514,-0.131427984585899,0.464951585953794,0.0687617872721792,-0.0704602194643607,0.00540044509504445,-0.0496647686262599,-0.357092419324422,0.0477300865236066,-0.0316962934439024,0.469382895255885,-0.0814666260845318,-0.0336895038181778,0.41242515443253,0.433020250730503,0.0692231925450139,-0.122465560086827,0.247819499089515,0.0502767747646451,0.561655530267507,-0.292667359480409,-0.0184328382851295,0.477404065886391,-0.0119752513478417,-0.187911431816862,0.132237834696928,0.222232437848409,-0.0275094677516739,-0.311005835896345,0.13337169056557,0.104857169070988,-0.0370798604548064,0.138751182695287
10000,3,0.0670167286857331,-0.134239566845985,-0.163095815648412,0.0344189368834495,-0.22034865128315,0.0677711964878314,-0.0335842886394673,0.161499661542635,-0.20463242080771,0.329974417210988,-0.187897061676346,-0.113678444399375,0.065014222927313,-0.0778635146519449,-0.0269587829620869,0.123844884402393,-0.14790591571943,-0.284434067931133,-0.357522392855574,0.170812274225259,0.239720502705767,-0.293820786084441,0.0077400523699338,-0.00490049959356825,-0.162017636189672,0.064248506318411,-0.135729005251717,0.317082859920404,-0.101031052724688,-0.316490091913398,0.546557854998169,0.457328699448641,0.0649362927976407,0.152771072553795,0.388865747690493,-0.106226370410745,0.271732436915861,0.0276318441129793,-0.148183642483518,0.109258976168424,-0.176827778510042,-0.116615297118098,-0.0626099650483347,0.389944268781539,-0.0783092693730843,-0.168864430028449,0.383463780876952,0.159533088218178,-0.205722073615645,0.285596492972228
10100,3,-0.0762234508479977,0.00905345080598424,-0.219500905000408,0.236211245002613,-0.26767678669586,0.0472120893681974,0.00273538257465472,0.124690192763567,-0.184908088868736,0.183259314837118,-0.0704857169790188,-0.342807993852961,0.0988498179318848,-0.0565794129463042,0.0115206874323252,0.136881979520074,-0.1411511545838,-0.672047389886332,-0.280874166286566,-0.0926717236862382,0.231693830524737,-0.140829701210718,0.0805572593338781,-0.00369126903090289,-0.00937340812343895,0.0932357472860791,0.093824966560174,0.203114260236549,0.238834060569269,-0.120420518370258,0.333516129417086,0.288051212106826,0.434405608230555,0.215526130792227,0.141115961305658,-0.188593894355827,0.0542381622160902,-0.215593005125981,-0.339106072434385,0.180502337800052,0.0880651235025643,-0.279598355667455,-0.103999613967539,0.580813021539808,0.0845064473418338,-0.0691942655187461,0.414104628622507,-0.0519270500127697,-0.330108142470157,0.278557972473937
10200,3,0.0249740395346184,-0.0227891091762362,-0.0348593998492855,0.157470286625701,-0.157663985167912,-0.0769054275925565,0.417313261351008,0.00307436868904026,-0.180502188535295,0.223111365896598,0.125143612889052,0.0497980588310565,0.272768563975816,-0.149731890679632,-0.0959344879828195,0.312268565768547,-0.0522171703248851,-0.569199369902766,-0.134597804063157,0.14158192865637,0.0574338425082829,-0.0792203860755027,-0.106110845644658,-0.021980048311537,0.0663715445090345,-0.0190695375153091,-0.305904560664537,0.100736443127562,-0.0452831398874677,0.216977782952898,0.034612509253892,0.224101197039033,0.538041703393277,0.227814385502314,0.208088523261296,0.0144953986855293,-0.147376756851561,-0.383345695716418,-0.196981103105174,0.208050703414075,0.012077182515193,-0.128332188291471,-0.103089088471826,0.367954346975395,0.275708553914048,0.228453125170276,0.399368381435909,-0.00708754534304157,-0.27167416011738,0.0927682877582143
10300,3,0.197967056706203,-0.0466407083366563,0.161215798856727,0.000534387039514139,-0.24548144557816,-0.12790969082986,0.289496201686959,-0.222083078458664,-0.161617910470789,0.0621472053840774,0.253804555240745,-0.066731131546164,0.237041686691274,-0.0712153836049626,-0.170020833327647,0.32052761005941,-0.164895248131294,-0.196663869390905,0.269677325697211,-0.0430174455560799,0.192855124948506,-0.0105593602651882,-0.12243655369751,0.0958718868430573,0.146667422694806,-0.36027346667638,-0.471405208923789,-0.139289815142672,-0.347033496712641,0.0959629253923588,0.277171139703873,0.405430412926955,0.326874085919678,0.105069730377731,0.39534216633309,-0.0983079963667108,-0.275827956841124,-0.574828997819976,-0.0087628923794062,0.303937670069003,0.16421139229684,-0.262823273877845,0.0384392690040565,0.146036701554574,0.150132371770003,0.175617017864326,0.177763516340234,0.180673662107555,-0.532302462954337,-0.0935075500021915
10400,3,-0.0845846870063017,-0.14512255380702,-0.0891763871581692,-0.327680011732154,-0.0975659448949915,-0.14956254802564,-0.279668601745547,-0.161352012430964,-0.34512156268752,0.00744390048246757,0.0247817018330442,-0.499464368162624,0.55176193658352,-0.231357302020884,0.082312618837378,0.143910125571986,-0.126862281080258,-0.425625727465017,0.117496887418586,0.0624319583869975,-0.125118481768365,-0.00377774115768448,-0.301152232539345,-0.00553027978292897,-0.316241324527931,-0.189827719681029,-0.207481032336541,-0.122384143058401,-0.337573030555866,-0.0343071815100367,-0.145463371264934,-0.253732219280809,0.44025321282921,0.121091498617423,0.662673358915108,-0.0830106098810385,-0.452870536134426,-0.455501315026727,0.00804705035202091,0.204378191957337,0.159712669237162,-0.152971468842295,-0.123457821623291,0.118002244089602,-0.0141794718718809,-0.0864451854184337,0.0549059197840728,-0.0307541480665841,-0.375948227044624,0.0332785647685379
10500,3,0.345985371888289,-0.0486165445603744,-0.224729803377701,-0.345649264314918,0.0796273768684137,-0.270023818248771,-0.239380431743092,0.258867817878781,-0.472646721681459,0.102548950962554,0.126557642885498,-0.372381300439262,0.538446248719154,-0.204332611932844,0.0720966311722218,0.24653408317984,-0.0940122561304649,-0.346792994968904,-0.15646809642054,-0.247374080398621,-0.0900962357126496,-0.210857645213978,-0.0114387246746865,-0.178493073573394,-0.41030996797267,0.151298518199192,-0.220953817792557,0.00739623140976703,-0.081925736269178,0.0671656125283027,-0.340848396777727,-0.295628761202848,0.231945814497543,-0.059403612103175,0.396554116597851,-0.0962570838008245,-0.237316779167594,-0.147827191111803,0.0375681774821549,0.221361935902625,0.0542868868734001,-0.0961503891318694,-0.0920181929568077,0.120350019200319,0.285315995873114,0.0812062621649528,-0.216339078097739,0.136102234755773,-0.397231994710345,0.0616320671929881
10600,3,0.39502383175126,0.218197307195544,-0.405029844841862,-0.403201101156061,0.010703845913194,-0.0305088333780989,-0.329528464572375,0.422886915874044,-0.373089461063473,-0.161435272861813,0.0664240665172227,-0.461663121746869,0.500924337253588,-0.295604245832825,-0.117712251534408,0.153574314810741,-0.250409606348868,0.199396307507037,-0.200507784330116,-0.375327003452973,-0.356274597279089,0.10688987234152,-0.201257510655264,0.146752643886631,-0.350606897417113,-0.00664582278814901,-0.318522852820372,0.0727727006092033,0.0546206683398657,-0.175830575137137,-0.422314756529707,-0.0287179084059169,0.0514393930821329,-0.090658651073809,0.414335705454261,-0.128662096783477,-0.357051466560936,0.0400370006439076,0.0940601844722802,0.172245371965009,0.284437628807661,-0.128723797177238,-0.160250445854823,0.0308240765925007,0.115330016795759,-0.0520178352390399,-0.191033226060241,0.03236387139777,-0.370682179929563,-0.111464287127453
10700,3,0.0559363724325234,0.0631677524588934,-0.0976640353383318,-0.533005451141952,-0.158004625983029,0.167126704508689,-0.346224034401146,0.507513470226766,-0.460394458524489,-0.252847757074477,-0.440716191087936,-0.335398871292918,0.564185487499639,-0.12561067866295,-0.125241124827827,0.179141750752594,-0.247159267309049,0.296660578514365,0.227441057282879,-0.221880648304526,-0.274857790809642,0.025909344133647,-0.0332508968687877,0.15407984636132,-0.455193224524101,-0.113076184837707,-0.127692466223831,0.260704667539926,-0.0784651657236748,-0.099057641894566,-0.531787506610096,0.00626509093581973,-0.231810064824576,-0.120886851493305,0.433082195547289,-0.222038731152843,-0.206536180005338,-0.0263351301752806,0.205036103671185,-0.0653188618222436,0.0258975755366035,0.0495300913779302,-0.136253636117749,-0.0418131935444222,-0.181204393958631,-0.0988484994152579,-0.350767467990943,0.293895379543424,0.115679544333883,-0.0426245470579874
10800,3,0.0295036117859579,0.105639028462326,-0.38524093820629,-0.229930639532654,-0.504410760885375,-0.0389460153902715,-0.307093058800981,0.417139648590508,-0.622025542384356,-0.250129642274676,-0.301904381314044,-0.208936050886733,0.300856262882348,0.143152291444985,-0.266974667179156,-0.0129257984003647,-0.476073836979487,0.0687216842608105,0.0171954906468147,-0.130361986277514,-0.0297241306491055,0.152099722478774,-0.13262012097741,-0.035386105444108,-0.548488146785496,-0.207648429709681,-0.143669592682464,0.0828700216497838,-0.141981327789399,0.30319871098198,-0.263438025195488,-0.0175509091571236,-0.33833918970021,-0.0433651188438227,0.427789412454046,-0.136662793192523,0.0517288716477378,0.0485225172204156,0.0418200585358833,-0.132731581431887,-0.269778007029117,0.0546285781181636,0.16821359530978,0.282799944748508,-0.225135383980376,0.143641354143205,-0.0182101795456173,0.375506275942912,0.0098136059727813,-0.114695950540088
10900,3,-0.254256371169695,-0.0709285284371543,-0.443650408912215,-0.0512327618148563,-0.666834190248348,-0.159450747055856,-0.208129543124038,0.0630570561722335,-0.0292534094258763,-0.39984971013819,0.00134425128110799,-0.236681692170565,0.0630975071643032,-0.197175796370595,-0.307105093003804,-0.190560141214999,-0.386017116793527,0.263597391412269,-0.027104550679824,-0.136626005830145,0.101475126535174,-0.167281568250778,-0.212126871896327,0.0989350917193197,-0.338701080357833,0.00154682796130229,-0.118387241275772,0.225187789741991,0.13820714930211,0.152537583309134,-0.398741184138542,-0.268846145747599,-0.196009928672838,0.0741157711865655,0.375808054420937,-0.198683897904983,-0.178439706245601,0.261464995000314,0.182537508403361,-0.071474548903564,-0.0652909305136239,0.0886817472809402,-0.246395387762546,0.241168925519762,-0.0610670500071638,0.15671250538377,0.029306610217939,0.189458484538435,-0.0528103917295014,-0.0285395185476098
11000,3,-0.013547929371006,-0.102999426361341,-0.122094396474458,0.096517427045817,-0.673752147011603,0.160506663393908,-0.0989332439255456,-0.350457606298102,-0.0605289325274022,-0.223248478597259,0.256063971683636,-0.181793846328701,-0.222914583342642,-0.450600317514852,-0.545812902924652,-0.371481514574876,-0.266182066467661,0.268124825764257,-0.239729881211471,-0.11066495445498,0.199696552985784,-0.381378382278253,0.145332635602698,0.213824014275954,-0.170716199187733,-0.0964448669886772,-0.319803110968292,0.0391201317346567,-0.458687355619695,0.152023254438931,-0.464691756503427,-0.519089486700937,-0.202781337197996,0.121599931198549,0.293139315002603,-0.134947246584928,-0.183476412254114,0.156917590059182,0.26685035337612,-0.185978917604156,-0.201016996840744,-0.289065381757708,-0.121658540681657,0.0147547273337139,-0.0722588623744354,0.245122513325641,-0.196712507077538,0.214105731639654,0.0897723106831178,0.0446616525153795
11100,3,0.169646314753202,-0.180648579097642,-0.29218144290311,-0.209975616167538,-0.603293469467594,-0.0674094677645521,-0.246772653619441,-0.522257378505386,-0.161732709807514,-0.116115187332412,0.105416562333976,-0.0419867209490583,-0.246225676260787,-0.38849949051027,-0.604912276095663,-0.398943264714975,-0.119874345951484,0.168145359171672,-0.0702596102506807,-0.0171622407477141,0.226482206427994,-0.264206348613168,0.170034095371132,0.230823488273712,-0.426017188427389,-0.451057923903777,-0.439405224626236,-0.0877178513324354,-0.3452840216116,0.0265365267328938,-0.515903538608213,-0.224684758800464,-0.459303912491048,-0.281991185396905,0.331020198688663,-0.0490573996131308,-0.319746669664466,0.261473101604685,-0.0110428759213583,-0.544407790628378,-0.45678705201767,-0.481628892792761,-0.298835210162489,-0.161617935715076,0.0454689895606427,0.521280055357403,-0.555194398934577,0.209619244425827,0.400721542415895,-0.0331105575747463
11200,3,0.0912453872271769,-0.178019604087722,-0.449352970393642,-0.416891710245718,-0.513198369536091,0.305743119980358,-0.18343840548983,-0.842810393525187,-0.159665654289982,-0.0227884101065822,0.262501005063941,-0.130481454714596,-0.372154663558101,-0.353197350767546,-0.317141439842734,-0.470488884718642,-0.316427489933947,-0.161376251196574,0.12281149132318,-0.182702619906545,0.25994598500022,-0.169612330122848,0.0811445951482679,0.021582650455416,-0.239616632298786,-0.347526240291548,-0.21413269875584,-0.332648189065011,-0.369934577910718,-0.145762999902404,-0.364415532739627,-0.323456334854305,-0.550886303195355,0.014784289275402,0.316500743552818,-0.278518992007949,-0.294841722924898,0.167070310266787,-0.00936261462100335,-0.274490972616564,-0.469796169975363,-0.533382016330154,-0.333313631637015,-0.196088578484172,0.125469564583358,0.4575543538451,-0.319793921221178,0.348242526214046,0.0292836960579509,0.138949347765132
11300,3,0.0515834150520311,-0.524559570661914,-0.286719004846083,-0.715074556255592,-0.540041263902061,0.181047451753116,-0.147565953196474,-0.624562420204332,-0.284531642152039,0.0793038430700608,0.304962510896393,-0.101612846350619,-0.426391429496195,0.0930356938686885,-0.158481108725672,-0.244566954037486,-0.16312965400426,-0.457279045011672,-0.0345372257736211,-0.0185540813206409,0.0939479172536377,-0.273409333674978,-0.355241148606231,0.241704677444456,-0.542858118000548,-0.516709604067865,-0.21044124772724,-0.13866211738096,-0.692485742836116,-0.442360617382195,-0.601777850570947,-0.301737403861117,-0.640392000634831,0.28638649420065,-0.0960316301698756,-0.332091130961337,-0.287186981718372,0.263665860820251,-0.112092144030864,-0.489439487428689,-0.536866677224564,-0.539189821538095,-0.452055591943796,-0.317429311643884,0.154986176359657,0.174379587077654,-0.320566086278484,0.363746293248983,-0.387036576070448,-0.222455831199888
11400,3,-0.225350090340493,-0.444842934444342,-0.609539019013891,-0.627939118310652,-0.757870227555831,0.139101756974227,-0.295241198577423,-0.191439963079682,-0.345474549069462,-0.252563817496847,-0.233764224196157,-0.196378560280942,-0.52984529275173,-0.255994365465108,-0.150129524001437,-0.270856618729968,-0.0669934252837719,-0.557669306422359,-0.150158816380791,-0.273687509961197,-0.0493989664004924,-0.0957253649623653,-0.379984832803978,-0.187409125054625,-0.370938266531892,-0.544007232312892,-0.19802827843954,-0.355542936633481,-0.605660852388105,-0.499851813015955,-0.65116609880357,-0.355511862977387,-0.260566809110037,0.177006242746308,-0.0567294435569879,-0.458044133058139,-0.385907730558784,0.144604186776896,-0.0983626050164024,-0.404791373307363,-0.548992828099528,-0.598283697854422,-0.354900397419244,-0.446347776318688,-0.0833813400028675,0.0783888164355441,-0.5870134079272,0.11599732025326,-0.746826837619311,-0.498842364677868
11500,3,-0.201404661475164,-0.573875730070595,-0.680792017358512,-0.685709197043874,-0.636680693351279,-0.209789934629394,-0.291941134788037,-0.493661246810067,-0.356178714799248,-0.17971743587537,-0.543324587178012,-0.292892328159655,-0.661815693577364,-0.401075047273812,-0.145952477006763,-0.628674037675995,-0.428762870770918,-0.743963259225505,-0.120717193451406,-0.140553042161745,-0.278120388950163,-0.440594309547384,-0.303682218865975,-0.435480626890018,-0.107220622165417,-0.406341173756892,-0.134713374174523,-0.357939198477255,-0.184799366517446,-0.375708604595039,-0.92026089910825,-0.458376590188048,-0.295049972572501,-0.347790077046012,-0.111503797315409,-0.387788699029539,-0.354337605011004,-0.239459813627191,-0.2643510892464,-0.331022123079489,-0.469083315305085,-0.440614251452793,-0.490767316249763,-0.601447942884883,-0.811848707046597,0.142900235201094,-0.456867704519055,0.149989566455494,-0.607978975668717,-0.493652900926301
11600,3,-0.226992601837557,-0.431042079738561,-0.623554772643291,-0.601636397995717,-0.804040735095302,-0.38561450493578,-0.165903504787809,-0.818660604103542,-0.447837978882808,-0.0531024683340814,-0.172291103925487,-0.384928647342827,-0.491351347557605,-0.567963734898207,-0.115248432697508,-0.565846022369038,-0.32134876675159,-0.772874882057079,-0.351155823511823,-0.278147782785477,-0.267281401866644,-0.465773656047087,-0.0787415941702204,-0.694378632992724,-0.453264402528357,-0.531023098504582,-0.0302925037813278,-0.37438691328619,-0.124228892783562,-0.26293580494851,-1.25071058770161,-0.447578580221652,-0.0516151527571337,-0.413082641867089,-0.402079138251758,-0.366201602521265,-0.625503607661834,-0.309436189754767,-0.45130433700542,-0.304645093736188,-0.604455479259696,-0.594498072619879,-0.316428081056785,-0.685857919179475,-0.704544882867941,-0.353432863526474,-0.670212362056246,0.0901886572874743,-0.636801444921759,-0.437439237174922
11700,3,-0.413737497614643,-0.355376936556555,-0.519861484343394,-0.301083305042452,-0.918586840623524,-0.138816588463727,0.0485213582258862,-0.735257979281525,-0.523138574606206,-0.251436350829034,-0.0580639558427414,-0.435209758478794,-1.0006231485977,-0.522258097970845,-0.589411029906147,-0.218941467403141,-0.460717925425964,-0.441231133590743,-0.114776587984384,-0.11883795852737,-0.291007221409019,-0.296216033339552,-0.422370662860686,-0.906186281527063,-0.523876244205269,-0.213477847108237,-0.372698314263673,-0.274219494721116,-0.270409424779061,-0.657123250232451,-0.889532257089167,-0.509757246422764,-0.405700482989822,-0.4147149300477,-0.292914278346097,-0.586574187159604,-0.576291303457166,-0.387531278699739,-0.638580379933601,-0.54844436408967,-0.398601021403584,-0.588833857335496,-0.329948870157665,-0.354310215232371,-0.70784231262116,-0.549282960861351,-0.781188410767536,-0.220556151125152,-0.644828783272995,-0.166448960464203
11800,3,-0.693924509226169,-0.452435342124745,-0.798924838593531,-0.36663087670688,-0.998008925692256,-0.336317272467224,0.0962566585703242,-0.677606530862375,-0.746032571456224,-0.388252249363762,-0.325486470631795,-0.393650293492904,-0.782807831003474,-0.639649083838556,-0.529646167736998,-0.584544937787521,-0.516472308189484,-0.540224923114035,0.0393110790760078,-0.0882080141674343,-0.382178574117881,-0.278632511186631,-0.580452264477655,-0.953327830012742,-0.417508959651425,-0.559015561605217,-0.747586275569698,-0.363754649984468,-0.532844329128289,-0.593872778434472,-0.695041662127234,-0.817326197376613,-0.329168970239546,-0.480228353636463,-0.475445889007721,-0.697957016016513,-0.495960836275731,-0.55172183953456,-0.577055479129523,-0.415337219502501,-0.508542931279184,-0.560239939354633,-0.343697376448781,-0.332239682621316,-0.929497529591811,-0.825373792423397,-0.92523379855403,-0.306340256471043,-0.615042748420578,-0.222114382265483
11900,3,-0.848043953547494,-0.79124103032604,-1.16766563295519,-0.234180649892194,-1.20864953717539,-0.58307094933134,0.140430153842046,-0.800343347674313,-1.08090023489233,-0.582250958343679,-0.316369497002821,-0.28182129365226,-0.711494167435379,-1.03108047693132,-0.901587847480038,-0.776355891517044,-0.203151184898648,-0.52587169127502,-0.174416460965799,-0.0117203695396048,-0.172671079046348,-0.320782824041557,-0.559942880159486,-0.494786023096532,-0.467365796098886,-0.633652398863223,-0.630577875952649,-0.559741593800844,-0.702252380689223,-0.812750054386099,-1.01174774664768,-0.774711038503546,-0.212861249786137,-0.318463155028755,-0.600500392576248,-0.729768560611046,-0.475903479964485,-0.657529760120721,-0.267337636320378,-0.547444530136383,-0.664165391943938,-0.533830031914802,-0.592063739129551,-0.271847409260737,-0.628307887272162,-0.745114946040172,-1.046332974033,-0.451631411527654,-0.788557151201483,-0.420403944451244
12000,3,-0.758027427473097,-0.943638802942927,-0.829736470624628,-0.225276200779432,-1.02776440708058,-0.788684905475165,0.0529541004036446,-0.814720228891986,-1.07750893734044,-0.283056136071362,-0.221365320801825,-0.308120295436294,-0.651715395313069,-1.15053079295063,-0.677876331840533,-0.642563444382532,-0.338943136505374,-0.74184835816617,-0.0687423049611469,-0.121880588683589,0.0746711565580066,-0.704349958486983,-0.668072729871698,-0.170144919080167,-0.279703700431723,-0.405728351037919,-0.918878019667369,-0.685750669830465,-0.979225393916725,-0.575406800594339,-0.87312972217365,-0.938129957338506,-0.495113534116862,-0.41001477821567,-0.634460868361842,-0.877121874201774,-0.455393186561073,-0.644181335856149,-0.155203705469808,-0.797616758618519,-0.917425599033417,-0.853773412035954,-0.522192763129986,-0.608963831183907,-0.882966492872074,-0.661170939656107,-1.03235426883152,-0.489897686325548,-0.652993675584223,-0.598448937415663
0,4,-0.769407802386956,0.0396354008437662,0.42686823518029,1.03660076171159,0.43913480175185,0.760117494899763,0.3378086682195,0.990158901860375,-0.0119301870949578,0.299270487399096,0.556506600696587,0.155341072956058,0.515424550608303,0.528244388687637,0.744839684615686,0.531474548728921,0.910610707695911,0.441686030980545,-0.344912854302349,0.166577254594463,0.153192672875974,0.300430544113028,0.609572934470036,0.302359342341683,0.108097925388411,-0.151256198308371,0.444467528561106,0.43976997283169,0.453240924043269,0.925392085753269,0.515981056857519,0.535862886747436,0.645254837972997,-0.24564978799833,0.923591565550255,0.277561995528711,0.186501469692933,0.388383001848452,0.909550250574614,-0.105221282282292,0.427193513966246,0.519182798259901,-0.130427019277239,-0.00460561328444142,0.988868110196382,0.112881630961981,0.236907817677967,0.291846336913276,0.454447102473939,-0.18487392620316
100,4,-0.366331405694512,-0.0598877872624194,-0.00502369223640006,0.779661288096519,0.68046842754172,0.0395745977393198,-0.171816195600044,0.823445559906953,0.104318849817982,0.142501528135727,-0.347354693955057,0.122880144147004,-0.0561981194535236,-0.120840781140775,-0.320401227428671,0.523771927427193,-0.336227796560095,0.0584160572132499,-0.00355130950081356,0.319867880926284,-0.139159688083637,0.114547504080035,-0.1639297696272,0.177849568453873,-0.261904059732758,-0.230182897688644,-0.09157740143865,0.319684827009708,0.246892030836948,0.247310698643823,0.244243269295329,0.59717006431387,0.460886776974172,0.104531811450682,0.164667991957901,0.24735927918003,0.00355130950081353,-0.081866933401057,-0.0281914076905196,-0.459922762112257,0.0765404073657596,-0.281145988260037,-0.171174038390378,-0.136412084817766,0.571742379218377,-0.258916947313817,-0.0176788263446893,0.0685525159591003,-0.116974455715502,-0.12859832058796
200,4,0.134278795266415,0.376654778890595,0.774697706060497,0.864201741506427,0.557301449615897,0.284469687491029,0.130445481889121,0.831721923279274,0.86478692678922,-0.0361622013857417,0.173188732785559,0.493767952444239,-0.0754261989959768,0.428015157439035,0.406773239749039,0.712187487072805,-0.00950575724699543,0.404607455249595,0.112757138637514,0.388662942257044,0.708470507552505,0.516491268736452,0.184003483509827,0.324114337034055,0.408963645666244,0.0445265467746281,0.115939564463436,0.0266295998502832,0.11445393687598,0.490584360584305,0.486742889648018,0.377216980896646,0.27366960632434,0.376191839784389,0.315820128326839,0.380411828023452,0.3802501233973,0.0838155087544748,0.0792930020035821,0.350022077887862,0.0779558197006104,-0.404544967984008,-0.106856068504467,0.363237298736481,0.245588802557338,0.362821875656267,0.37610987913878,0.465525433647894,0.101981713165017,0.23669203507922
300,4,-0.0514541428216335,0.474259867815094,0.776639646936961,0.752551802102817,0.578980078342531,0.150940389475722,-0.108504962936264,0.695200931303992,0.482721307180744,0.057269833881166,0.20794442213402,0.242889278333651,-0.296524212358145,0.803218448412876,0.463448677327583,0.59942317609499,0.114798887499849,0.780302867714053,-0.094050378279373,0.307702033718809,0.237154950070134,0.593563163807733,0.349295599787868,0.149138907200603,0.560190206284116,0.103495083769869,0.661959778715011,0.102410660269919,-0.456875297095803,0.302665525526878,0.794658826658399,0.739350073750404,0.435867871089563,0.186504359376207,0.213257032717538,0.722534517752391,0.481095679444619,0.384548570231931,0.506996278864618,0.27024662780387,0.61480134823648,0.0282217481727268,-0.0154056205710592,0.113667666248581,0.260036007089872,0.100594601494098,0.221021673817142,0.194029375302603,0.23751783984512,0.378947837004022
400,4,-0.196928739012494,0.676696965552431,0.524881069010127,0.358769351145925,0.320755780958431,-0.361951440980409,-0.735052124038454,0.626827895430076,0.0805672989031055,0.0820346552209199,0.207930580091963,-0.0123343112838556,-0.0899404382565167,0.304229323084779,0.143695604937181,0.707074429552072,-0.0583656657833555,0.568644169901409,-0.266663835003732,0.0391348674047594,-0.0269318572434694,0.532843736129667,0.444063571443199,-0.0204543860448086,0.11703636332368,0.00516203373731577,0.35949908533746,-0.0840701578730827,-0.341502121069136,0.196346668799545,0.330984228873998,0.170558119451126,0.222660802783135,0.0958946586469584,0.0086784648909656,0.395890032655928,-0.0485214294656694,-0.0522555877401614,0.309393121464455,0.403140576556689,0.257444326709538,-0.132955306818475,-0.130250448489681,-0.253426306526966,-0.0189420337047627,-0.0809499175143811,-0.0125302421713281,-0.0610856596807108,0.190885957264871,0.0817920160721411
500,4,0.0667103600269331,0.563677699470294,0.106040676237689,0.205056052731402,0.290378573610375,-0.0505593819840251,-0.0268560067069876,0.438464103053658,0.097440827089887,0.174031405290979,0.0348854818519902,-0.220920012088456,0.26482383528423,0.127637328192632,-0.16478889399112,0.624129667188286,-0.317696798384963,0.481993329849265,-0.182765320788593,0.198280301501009,-0.139451816668442,0.43371437836746,0.186655076447137,0.170038623746991,0.132873019506554,0.0512469403883085,0.370407916805412,-0.0859266271107496,-0.181350719533519,-0.210716512021771,0.321704128033537,0.256773213577498,0.394040216280652,0.0692180907264245,0.444399265690051,0.565276518133212,0.395947408391328,0.238009827184509,0.603583834444191,0.267125540876165,0.176643609583072,-0.302698637221529,-0.365420352107916,-0.273967687468558,0.232544282189731,0.107672330120999,0.0672224584135087,-0.0805114767365598,-0.178260379493061,-0.165553015060753
600,4,0.00768849266965685,0.236891643395435,0.273132838545093,-0.0726376816945927,0.36505519278349,0.0336650732000566,-0.23892796579099,0.474473514676139,-0.245093067047536,0.30273309269081,-0.0979550043502894,-0.466871204766258,0.366245597455889,-0.00909652097450497,0.0224098916103474,0.921087516434173,-0.206926063678754,0.29090845064009,-0.340188570936916,0.52282807065113,-0.217159280632688,0.165125361054488,0.238501704470476,0.157555102407628,-0.0360334762843523,-0.103938912026644,0.238872342418284,-0.261548437417537,0.00909550968085587,-0.0801346960340501,0.0919790658420876,0.150924773154318,0.239523372583744,0.514526083143877,0.171789944755918,0.255210725407681,0.111423200001309,0.07482606656367,0.715869250396129,0.151161393607521,0.10654689507299,-0.543825205937206,-0.227755906171184,0.00516327269384775,0.306115348580697,0.291270115337368,0.14770935597499,0.0683749348176483,-0.428068903115066,-0.142004415896323
700,4,-0.117432605483729,0.179747517501196,0.00349937095035177,-0.160265152518603,0.202004211264958,0.0184700949074393,-0.420027368368672,0.559917536313179,-0.300714443427959,0.083826508857362,-0.227041837778364,-0.235915816071502,0.469959096148562,-0.144001320966105,-0.12328059666118,0.542414813499129,-0.151512715902351,-0.0188521156615767,-0.216086787208144,0.194625723119886,0.0539016630563352,-0.0323970551466643,0.13469685618733,-0.0389164001513263,0.146444105692946,-0.292765778807463,0.200031678458151,-0.188722612251988,-0.144088984552505,0.391936815490105,0.105283576080365,0.0605193560638586,-0.221803458746059,0.0635236248036266,0.0618313645583239,0.423212583563262,-0.0701970630512182,-0.334321538842408,0.741001334205706,-0.0365432089430604,0.0258385672805921,-0.539178756911893,-0.0303657257398129,-0.0438013969786741,0.207265278864659,0.427851277560775,-0.103555707535823,-0.108167104063566,-0.113067475097113,-0.048856641302659
800,4,0.119942920326605,0.431672731198407,-0.049890939650573,-0.0259419860338035,0.245800219817978,-0.100441530283133,0.00933485178074117,0.489470273923685,-0.089487759965608,0.23398446047303,-0.206438553996132,-0.062906839252425,0.119994131830651,0.0293649650170159,-0.0902498346352814,0.402293369983433,-0.0918021089487003,-0.196816395199685,-0.00627113410434299,0.317341903159426,0.138589671388777,0.163789155818363,0.343520763356062,0.143194061102159,0.343053828897821,0.154973822806159,0.135774427424425,-0.0277853697821586,-0.156282644802929,0.380367772356809,0.112110046072945,-0.0994143065511313,-0.128181943822471,0.123814939953877,0.303769106665891,0.392135354652943,-0.514516986607727,-0.116868832169212,0.253951819046248,-0.145687927371597,0.0274003312659815,-0.339863855221186,0.0347495931804985,-0.364207763082017,0.0817594992686286,0.16573489884791,-0.25974242508602,-0.0288398081365493,-0.333649978052551,0.118908997431197
900,4,0.137231477119822,0.359515527661837,-0.310647303180236,0.336508493478265,0.383477548174076,-0.518788668586379,-0.0415011113288932,0.543115825625567,-0.13828500158067,-0.0284502706970932,-0.168011624471307,-0.0803165583449495,-0.213044527310492,0.0226449522442014,-0.135275663251445,0.174151807256034,-0.107586666018513,-0.561019409137159,-0.20608487855072,-0.100340522817879,0.193559023865123,0.238976869594075,0.0910857200353622,0.0983102576565975,0.159209483800911,0.201885876274066,0.0478065518267816,0.220421337413689,-0.363395751919832,0.201922035577445,0.0427671778515639,-0.502684987085712,0.09288693433435,0.141569354746999,-0.178954551596298,0.498296575991553,-0.627698207358942,-0.304311246895631,0.170267743299527,0.114656156337642,0.0934288563754676,-0.32738975677771,0.163350996163562,-0.323850836972551,-0.311559691445937,0.119900052255537,-0.171713151056623,-0.0279537391212674,-0.1486411664381,0.105265243255462
1000,4,0.0999866256532418,0.374139524309462,-0.0807183415569391,0.132109942142257,0.151757398485148,-0.107515474424785,-0.315655007997325,0.423146797207215,-0.182125539250207,-0.234028143090578,-0.276294492801253,-0.183583094503188,-0.0666809198458438,0.337079395813854,-0.322398645479671,0.105452360270986,-0.0938927594966274,-0.260891976237537,-0.374447098096692,0.0107805281373581,0.375033869655318,0.309774918383162,0.355452854946206,-0.214220793540862,0.421299042568083,0.265529678479018,-0.0288824374588131,0.136028621143862,-0.475628565541228,0.186637046930156,0.188316924414462,-0.166568620688777,-0.180479328988361,-0.0918571631640807,0.0165250165433833,0.269815083329399,-0.281639635050393,-0.0293190966232774,0.0111936442180337,0.0549428308366104,0.360626658576692,-0.415337274002386,-0.066561099493422,-0.307708383647547,-0.101671964699323,0.0581457399814166,-0.235693497905403,0.0820745225997257,-0.00952681439113034,0.014552096814528
1100,4,0.0169252892382347,0.66285564476329,-0.0828631221923849,-0.0437848410091036,0.249510208532972,-0.139637799852993,-0.111776358200409,0.495403661157364,0.016096272786509,-0.093386964837714,-0.128486190604896,-0.0856219224028916,0.0575354430633502,0.449800766069845,-0.152129846917086,0.273243009548481,0.0716921911063572,-0.0665868351463455,-0.323415999367467,0.4003794975033,0.507979181579677,0.119263537707446,0.294585419385605,-0.676243674217445,0.231829523713493,0.309472470079069,-0.0417791176708236,0.0965689092588563,-0.242823017847547,0.15907754745647,0.391639569223632,-0.161405831026905,-0.323352625333782,0.187409295257489,0.19872163538948,0.248102302175142,-0.154610178868911,0.00314811327996289,0.0154477294495694,-0.0150828267750041,-0.145484015777933,-0.144472071788725,-0.0641168496024761,-0.259301233683781,-0.0023448825110513,-0.192113547197263,-0.156619912521178,0.27657144602673,0.139254788149855,0.144116146190073
1200,4,0.354053931093081,0.510153524509651,0.118087631216127,0.0682022891830901,0.336860520088185,-0.12922821566735,0.16302110080692,0.296976016879536,-0.126697715054558,-0.00178613233531799,-0.13086889144384,0.0632047400880865,0.165820914992982,0.113165557745959,0.0764701110284325,0.158654653484295,0.206264103774985,0.0596954959816978,-0.0358453343320228,-0.117658799555415,0.420577926025408,0.370458195559545,0.208703981338766,-0.146966052525375,0.225002716605731,0.475746181984355,0.111992052465131,0.0589963767341323,-0.336013927204337,0.241690644032478,0.265931805682127,-0.115866688677392,-0.354020971699717,0.115494353470117,0.0312313518801419,0.452899136574667,-0.0511074663837345,0.170792840470984,0.0888069240085379,0.213863228095374,-0.174052225936566,0.26264003678917,-0.124545440085873,-0.352464239426869,-0.0214109627434439,-0.138594232392486,-0.172395521735862,0.143931410779833,0.109049512052218,0.163724349229391
1300,4,0.464507941985802,0.566327634866078,0.0665555129538604,0.0692277567626355,0.50597977824177,-0.0748353719376232,0.182741370871838,0.0289073344195895,-0.00246570226954362,-0.121131057715024,0.0673376899428178,-0.0866507117683981,0.387046335854524,0.13102307119737,-0.00775241097813989,-0.047672287679281,0.0940437126897263,-0.126884451998015,0.174250796305794,-0.230868364095742,0.495231325553444,0.248540879292113,0.196434809408606,-0.174238280634354,0.118978412026616,0.440933822443056,0.0738788939876465,0.0196863986431756,-0.129049970236622,0.371256724404928,0.335251997609299,-0.194000033232955,-0.133870335670075,0.13757300313098,0.0727061110814051,0.35232041518116,-0.226789759848649,0.162638599742003,0.140258753926632,-0.137144990406106,0.167832704601175,-0.0609561753915948,0.00663557851773175,-0.202156177683941,-0.101673923543432,-0.288645383104168,-0.134550185329758,0.347169308668699,-0.0417189613702101,0.383544566834279
1400,4,0.360612968126146,0.31956892483683,0.255642149689626,0.19075103622992,0.543604160802687,-0.0141596684677419,0.241944443153936,0.427767949171175,0.190502084632162,-0.156363277152444,0.0399064649880968,-0.0527473485911488,0.38385208947295,-0.0471488064981781,0.111543683680627,-0.0934414717186384,0.227909370510641,-0.132192587105876,0.416191846001161,-0.0547691721988234,0.436534420685381,0.0449754865417798,0.03981189234648,-0.11035323851798,0.326822979195973,0.456024717458623,0.0861521141475508,-0.0402412463441832,-0.164258763229442,0.218266769560781,0.543202935362945,0.0370506330782451,-0.0278419917196901,0.118325742756788,-0.0804774238607161,0.339192731223219,-0.0590627391709102,-0.00922257353063072,0.275925370839018,0.0171241563617709,0.177055218391124,-0.0184740589387523,0.126330296657375,-0.105156345179722,-0.0860873406380827,-0.0437136454831112,-0.239075492004705,0.115834243347908,-0.0665851254180479,0.186130338862577
1500,4,0.267418291066829,0.205414702675122,0.116832044742411,0.330057353171955,0.585835113693364,-0.102054465546431,0.0629523297047657,0.378833533198078,0.22372257791062,-0.0332171485515887,0.0193144156290702,0.0772602969375517,0.120879853247075,0.234117058587916,0.131076108980067,0.00967085904950635,0.0692325813030391,0.0079253444484898,0.21194219151345,0.0271956263167288,0.276222135984114,0.174099810944815,-0.310963517127844,0.150955520307788,0.113666270807053,0.13076030828055,-0.254289288728347,-0.36638455308243,-0.0960872790164441,0.194235322570671,0.546969422614363,-0.0549607980995833,-0.155993786739578,0.197769460525085,-0.126291563893235,0.467114078401209,-0.149185631718098,-0.262357618022056,0.0784377354877077,-0.0253259672020879,0.0447132387881817,0.250629476729514,0.2255957159675,-0.320587324021873,-0.284750327851304,0.16297061579573,0.233956935895755,0.115851173701475,-0.20526915994212,0.258427437639932
1600,4,0.399927164648069,0.272266004274151,0.16932817006224,0.498084721225353,0.36331477091883,0.394682083043178,0.242743535456598,0.36785468620685,0.367367011061058,0.153138454694064,0.28459396516003,0.140576503867333,0.277131257230537,0.352584423446819,0.176666749776634,0.190732027194736,0.141095488265155,0.186376452355515,0.0713008083019967,0.196785022525913,0.442054203658658,0.212763692158474,-0.10313017298858,0.212465790057239,0.102331201239871,0.152372304622423,-0.0918932767103492,-0.168064746972225,0.285815123449436,0.337453939452277,0.719943238855814,-0.14960335485809,-0.0615242108009466,0.364016007191054,0.205932073757385,0.558948892035209,-0.183670375214003,-0.423718875718791,0.0806585353913542,0.120457687853839,0.192888842521993,0.264624529328513,0.213806717921221,-0.163931869269033,-0.391300051112813,0.0769032899649108,0.454345419116569,0.256167622917982,0.00622650990960827,0.432931899875605
1700,4,0.436141090916687,0.349282769835226,0.254392032151966,0.568984920854163,0.331494373067979,0.563185342422798,-0.00929560673597979,0.308220893192783,0.355784411008281,0.463443208528962,0.277037494647998,0.311884385940759,0.462809868115089,0.350119871242585,0.293792561848664,0.270766759189358,0.0184962813840768,0.359811736991964,-0.0454054202634499,0.574880147029852,0.380348679009346,0.487607310774288,0.0284844708083677,0.158234385802079,0.0294720784291417,0.443845990246889,-0.208633253797048,0.0442544341846864,0.455151790982491,0.249451397862167,0.624627535094082,-0.103978875766363,0.058597726604277,0.3691796250381,0.395447459008229,0.357811789501898,-0.0711132634915642,-0.288035290718271,0.0605510676945957,0.400607414522301,0.346530475342803,0.401573839977343,0.331512609301129,0.00157666499410974,-0.376244080130639,0.338404254514351,0.142660797711291,0.311685536388117,0.0369745770485789,0.532065375347989
1800,4,0.407640288628592,0.408653487207314,0.323933308972663,0.244109688051773,0.567269843664991,0.595062239965451,0.39730328588538,0.157106024339997,0.491327709313547,0.458167287655227,0.257197765565411,0.430614537708671,0.494115324812235,0.465973011864595,0.652965124267825,0.137124840318308,-0.0209832377765837,0.393751271597282,0.166328621650752,0.390736277262423,0.220037657284078,0.471208093783209,0.250516978517101,0.104884938478375,-0.004354996113273,0.460639795953362,0.22655238356132,0.332356413273198,0.340608986579747,0.581435839858283,0.56744237860552,0.0527530969363137,0.00452555146187367,0.366362820074531,0.624923769756923,0.223691316060524,0.180353754077138,-0.114648351344354,0.0393437644145302,0.327873042439992,0.559139491920293,0.355452957391721,0.337576637073136,-0.0490817606049163,-0.0492214496681963,0.478233558129232,0.293811260745381,0.39963235046099,0.172218952728934,0.371587661071016
1900,4,0.356315259098472,0.34892680074721,0.372107027582023,0.42360891544245,0.699887501197642,0.522086785893658,0.426069414034319,0.3540770398252,0.599443720981894,0.252602848597243,0.168776567041255,0.335587988160573,0.583527907619552,0.316656281819286,0.594034388374775,-0.0840468335709891,0.54330655448864,0.242153922543672,0.0463626960794661,0.440505438099827,0.368468371673471,0.535820030699547,0.345538598829252,0.329387718985005,0.0864789605987557,0.553487384233569,0.199493077904147,0.675881308832361,0.0848922704875449,0.573567220782465,0.511115851690209,0.293408991669017,-0.152971415845284,0.313246715202868,0.706845831389284,0.36545040250991,0.329723122999827,0.20021790256516,-0.071476259446273,0.458575824744205,0.426210867634338,0.622245593086634,0.503531953919543,-0.0742557749473344,-0.0817536161307515,0.51121126087068,0.273699180765765,0.573077558394007,0.307261048944362,0.464812369290726
2000,4,0.4349361460586,0.362978282187425,0.471428091276813,0.346491060898891,0.772211473631569,0.598015502863022,0.183424089341642,0.694341074648472,0.475465351633435,0.458403731628414,0.196392039896589,0.590926396645433,0.602780273899416,0.145677746327505,0.398381663000198,0.0129536795804324,0.398177336747603,0.219493999294131,0.112671439013781,0.723832644607336,0.474451656416906,0.824897840742569,0.593497748159206,0.419299662578642,0.394897769626053,0.567087707870527,0.160793080145573,0.929643643671495,0.368677259309417,0.702494138703257,0.602349362783563,0.406996946536719,0.132864758832498,0.305159159679848,0.871424413733848,0.430902438835545,0.212639184677652,0.35576849409614,-0.0304533026879962,0.451082647044322,0.169770939793847,0.669378046695041,0.624092900623474,-0.0669603535857841,0.208906150013252,0.493723128859784,0.308278001232493,0.684711654399353,0.373773525094572,0.412785703202246
2100,4,0.627404433596478,0.383868229421686,0.458934812015925,0.216700849175316,0.494683341426921,0.512584698098105,0.443593269017331,0.660125679526673,0.277706746351168,0.313452798944666,0.383120298673835,0.267663513216619,0.309932202068135,0.117904650272353,0.0498235711660499,-0.0889516501469326,0.252007058189779,0.364994661788498,0.206069001820407,0.760633820969025,0.233564758975368,0.435768686068203,0.364626714840648,0.313742221799115,0.481326196411317,0.386327362550915,0.0453752057735786,1.02865279748908,0.214941853142675,0.548464810695783,0.438059668572309,0.125383039943046,0.042804180691302,0.41374742539867,0.583356141448223,0.246551929636847,0.134999424868041,0.522381942602385,0.0390538119552661,0.582184347879909,0.24675087334871,0.600372789136926,0.400279661815803,-0.0689080825654449,0.236169786240463,0.255919245513405,0.467143354679209,1.02383226742892,0.495586095255953,0.405846312035991
2200,4,0.885744176306841,0.31456228199785,0.474572981685171,0.2751508529924,0.719278536806064,0.677733352318238,0.25654440737331,0.640721263741865,0.472754802219342,0.540100819916756,0.433515502949667,0.260030133317278,0.535054633293798,0.358415793052828,0.172139378939638,-0.0345980397628441,0.360397366357564,0.613448598349995,0.331736684519786,0.751213359119391,0.305015011794895,0.578649165548623,0.168349613555422,0.379915953813483,0.458783409759309,0.420651735564037,0.522463798959458,0.933537222855559,0.499477003929299,0.627203484585569,0.137597767628274,0.251590971797162,0.389932068832431,0.348817040023816,0.184648670829311,0.307283556463551,0.435787367243249,0.621294190175969,0.0620875169753606,0.720563205479512,0.509402105028335,0.284570753774,0.201912693377754,-0.0559056660703461,0.242359097166363,0.309084875082281,0.730175454401312,0.712400105220092,0.472160009112175,0.34660518747272
2300,4,0.847561240153881,0.296928336196569,0.52094485331951,0.1151943868652,0.460622215144227,0.750005406453926,0.420943345789409,0.692032834311693,0.622540794527835,0.487069280617317,0.512926644768656,0.086833672258629,0.417650039105395,0.342075485129704,0.306057087696095,0.0743618596281747,0.547159042958461,0.770761994027965,0.653810966481146,0.71158789423244,0.0737923516258394,0.494446174026369,0.291685663614643,0.270325369931329,0.268591489300075,0.397797078998658,0.672099992969612,1.00338641229716,0.512867395652515,0.446957387860618,0.242321153035258,0.317164143488002,0.394340751625739,0.176599685291723,0.195940518333974,0.589632190186581,0.495723653756777,0.458466958472239,0.231828890846093,0.659083882870553,0.643055856995056,0.201990605709586,-0.0882642426916762,-0.12857826609554,0.345466108247169,0.17457533912779,0.493849305965627,0.748265519689636,0.32135636323821,0.149463804986855
2400,4,0.754115189120461,0.643820910361232,0.441521876380157,0.131318573048896,0.411173775796427,0.546898128762302,0.552733345628399,0.491439054659992,0.516422678286462,0.512207655284097,0.844360396703577,0.450537901613306,0.559539486041437,0.290345042571044,0.352948750221819,0.224610949263251,0.423497089023335,0.550972816224372,0.716695729995142,0.864152869712806,0.130369330680375,0.750563949310804,0.373521844378546,0.346176774508917,0.360297107722602,0.566519392994878,0.373127213742337,0.901704919016904,0.664461621389656,0.879872081213376,0.210488450546551,0.332730720910379,0.338892836084328,0.162380152005362,0.266215108441655,0.781389750500483,0.592666422042272,0.438660500187381,0.20311906134747,0.825991748728744,0.607707115559941,0.234362532683035,0.027393739110263,-0.123769991331434,0.232116950997001,0.0206757500290322,0.462625274360692,0.622677078692196,0.487837680155839,0.300502569574596
2500,4,0.59645683887391,0.682024433841941,0.218937047880826,0.111459427304606,0.437704774362952,0.689466834208669,0.469876123849213,0.314557060604515,0.361216810153627,0.73430095390994,1.04092319825618,0.225397129472727,0.537710677234222,0.503482149683959,0.341282852076472,0.240800919868716,0.507434459033847,0.604400441379214,0.843263330557195,0.512233192646616,0.170895514248049,0.676606226531005,0.656787225777745,0.468425339243227,0.810593487517566,0.617399807867642,0.159333978782275,0.827837047778574,0.560029257366264,0.829422529756648,0.45266780521396,0.289935778942583,0.204749120939929,0.174919958898657,-0.315113374448014,0.415301596290409,0.380889886048611,0.319053037632665,0.460122307427873,0.426225181456917,0.465389353707944,0.25323030492909,0.218339966446552,-0.118101100468378,0.086269676801398,0.0778870333820293,0.606732558003355,0.618307656208002,0.663419490651317,0.400861887078629
2600,4,0.5705835246759,0.778955696336131,0.065244870413982,0.152090320151807,0.483077936459938,0.366139177755808,0.609880613617934,0.535920071008833,0.256675869018348,0.682000191679885,0.735932521368399,0.435244928729514,0.848828565922808,0.663644837800553,0.375025551592595,0.528027537448709,0.60262959740033,0.72021371254813,0.56803933513197,0.395308618632653,0.161154235748009,0.766254133166449,0.522775011579014,0.635829566419069,0.707726225246767,0.728861827321592,0.349768566704831,0.962816406390358,0.51023762050555,0.508689290910059,0.693637942499449,0.40651217902601,0.177220949200239,0.485390957147644,-0.149983810533685,0.434314455652016,0.366082572880376,0.412564427358878,0.660949363722032,0.0750591989695792,0.290992775889609,0.328585027290594,0.362086819107965,0.257753646170744,0.329984156308848,0.286424035060499,0.840984977634049,0.750307792967642,0.326704250715335,0.297515800427367
2700,4,0.821690859738442,0.91995608227248,0.338731150815862,0.165289086602211,0.415454306870392,0.579641321409258,0.782761614648406,0.587916436425792,0.456529102490631,0.711002884485369,0.672777351621445,0.538520226699469,0.73416402053158,0.677503726073404,0.590609151258926,0.378224740342143,0.723195599734074,0.679042239683167,0.693084609479274,0.598001860971396,0.419202458988057,0.636749961536039,0.407499556027458,0.486861336329758,0.699094743079735,0.899553114123754,0.51530436345093,0.79927468745732,0.486596560708083,0.334565535549957,0.834537308006254,0.501012489184065,0.211211218157808,0.56419058210237,-0.0536534095409575,0.423930881958138,0.481231571558593,0.431772088417174,0.751704074052522,0.466956737400086,0.329207587854073,0.32971203899857,0.506880269740554,0.45758806656204,0.497833618469212,0.218840406246988,0.57527875001618,0.594089295553779,0.199013778165312,0.215342133722138
2800,4,0.711050559800871,1.08104391071063,0.298460969964825,0.288634261568052,0.336127611136313,0.417724450744301,0.604516041088319,0.618260238067754,0.641625109996149,0.4485048372817,0.373710847709669,0.530513654992951,0.671803485437353,0.788431871871098,0.587830386953406,0.431003912139551,0.771996915762587,0.607439746409337,0.855883537657538,0.467114412891478,0.423956495506706,0.79268044866535,0.631160062315203,0.676989349575506,0.830247140966635,0.941495132725562,0.312477822265985,0.768453585011587,0.688187765357983,0.421132419336165,0.563170690980765,0.571618343914899,0.285024660319523,0.614178603593096,0.104544444561578,0.586559415624185,0.166333170736976,0.373466717373477,0.699599455903735,0.554080258454952,0.11233950891665,0.643991817659586,0.434040860496656,0.698834516088099,0.578144264739258,0.213026378283111,0.64703272120943,0.540336953106674,0.331657816868707,0.0396705556959021
2900,4,0.138871592596092,0.945011122348508,0.287165656579112,0.306898826241197,0.463250590078741,0.391679756207879,0.80483902710672,0.611288260560925,0.776439318126098,0.270271565559039,0.121719669582652,0.699399478877961,0.881538788226144,0.692524836558172,0.805794484372077,0.318207536816479,0.47870540186402,0.414146033401211,0.973282678423069,0.499773480802985,0.46229806794616,0.544212097158217,0.567568790488157,0.558252807639889,0.74469945765884,1.00867612034402,0.511288695711869,0.7191676666553,0.739136993428418,0.503104317052675,0.33988430653737,0.678682401819991,0.477898480969054,0.554909161604389,0.097756660426687,0.393572009200146,-0.0369169734138455,0.202683757828594,0.662991222109448,0.678363580794882,0.300718006483893,0.498169153039441,0.476113879644501,0.621983283404187,0.643538221349626,0.300470243798564,0.588113608218226,0.227016237477556,0.503139764606791,0.0831840203592508
3000,4,0.219164112018926,0.850384899822348,0.273253291843272,0.470676313678324,0.486962460251381,0.460020614879456,0.702821626531124,0.827364633385138,0.719338440501363,0.250843554305585,0.358323039778914,0.671651194373434,0.724934445866754,0.680472094390261,0.748151913970886,0.482115505528405,0.489076698144014,0.375507482544501,0.755866229329819,0.433692761381685,0.393397981785034,0.348626366043515,0.56950064795199,0.646341869324603,0.426940582470489,0.731357401288271,0.430323853116999,0.747555492327716,0.904810190885518,0.410178531757176,0.107779566534224,0.827505808431682,0.343111916942556,0.760245707531602,0.213289449995629,0.47849767712078,0.166648390520878,0.217359509041246,0.606484526038459,0.571252543101441,0.457175974117138,0.41206427997324,0.500124433930974,0.592173857033991,0.787866510535851,-0.0443668760050378,0.651901524649119,0.383273920126732,0.655989062159501,0.2195758288376
3100,4,0.383492837426367,0.637198816755612,0.224016332571923,0.635630722822278,0.469143707398721,0.341672875849138,0.438919573774952,0.625992553702087,0.6922747100749,0.439433319542322,0.290148691987482,0.596819656455611,0.682435350410979,0.661052202439499,0.603369687710756,0.663785930087857,0.472504585334212,0.317800915921343,0.898250581980342,0.41571522550224,0.215876522815843,0.165466156079869,0.470887053786091,0.830986621126148,0.314624238508542,0.748437795491917,0.184899597659511,0.642519768891879,0.789951784554994,0.476738831106981,0.153397530087006,0.662476341589406,0.424823340581007,0.693720577900795,0.503787804583134,0.792629165749735,0.421371821107951,0.190134512697069,0.622322777355741,0.567613542247664,0.624965626253716,0.480836683105999,0.342176008721721,0.93951734104483,0.649638597316933,-0.0759092740977534,0.817300141487652,0.65787320430316,0.743408662335847,0.486686070506036
3200,4,0.577040733750981,0.566026245179334,0.367782134559416,0.544846559793005,0.336485957516273,0.409445048566145,0.65341959081711,0.424203224797861,0.813589151151526,0.665289397396297,0.243860307291038,0.405620849195872,0.689411002043776,0.563557010422209,0.669184129715619,0.113550678716522,0.665501864776743,0.562913451291821,0.937295450567429,0.247509302017037,0.202576454039942,0.525093193866787,0.641983388398429,0.944792866238407,0.580759943719973,0.71295780143484,0.0758980673159749,0.653985081996165,0.730065084695358,0.502595567299081,0.0747332262853894,0.813526322256289,0.244000296299338,0.288441428151633,0.482904524475238,0.69639630106758,0.411145451873946,0.299398059033618,0.533392465711116,0.450536221849103,0.570566496874344,0.703716829980865,0.248560240621294,0.714828903660683,0.611146537035595,0.168590680323316,0.641689419850623,0.532267387278808,0.746530348548807,0.536726152433268
3300,4,0.448948666886084,0.689670592228619,0.418135686100903,0.697818440405321,0.427042785250383,0.438361318934355,0.912942988075189,0.292211264560166,0.411123772854741,0.589876522097689,0.0865816240884347,0.327744627614024,0.866230467225545,0.558702205895148,0.407007988737209,0.0906059214030698,0.615657233798229,0.682002307622999,0.872764199456375,0.486828368346539,0.324714123922151,0.605282811546663,0.731230138731478,1.09065735814435,0.61789200293831,0.664289059748265,-0.0328713061605783,0.673974083217356,0.660366335362048,0.49441017962904,0.244214284654288,0.624445888815914,0.285921451467487,0.273944051717541,0.40021357698657,0.577348806066107,0.31012057422833,0.401629745024709,0.407960820300082,0.411633764127166,0.476556735208109,0.543337885692599,0.245948109051362,0.437075775879405,0.582714195536423,0.181627099779299,0.557474636263429,0.355671620335901,0.491625281634224,0.286936879490954
3400,4,0.252605071821452,0.890244503930707,0.144213594017859,0.624526401830573,0.699662747178741,0.460636265252118,0.563674709959027,0.311064585364038,0.528555032188812,0.673557889590428,0.256068575669535,0.333256466343475,0.702386429192169,0.429276208477279,0.389968145073355,0.0167297325821407,0.537645522568711,0.54914140553493,0.789192441840122,0.609660884498088,0.448956657187837,0.68027903176854,0.713652437599895,0.944719991668667,0.42821145608214,0.803167110376322,0.210321133123639,0.197616212378865,0.751328969861785,0.694856682321721,0.371281707256584,0.704091276423561,0.238630633418427,0.403315593373079,0.500412361007533,0.220490984870597,0.222690491122662,0.4615899208621,0.586084233604569,0.380147912349199,0.345867900331902,0.48401593228854,0.250009348557289,0.413138106229687,0.671966501244115,0.078028156196507,0.559336380628604,0.549739331612706,0.465177024031008,0.376509436967551
3500,4,0.226116138427547,0.666606667509993,0.232382653178446,0.485481746625306,0.484153090827164,0.591966330268831,0.576351646000918,0.20579827440238,0.396443158691904,0.845813363509317,0.475871912896545,0.646817428893742,0.749569339363063,0.586237649054714,0.518705320274826,0.233984093969187,0.478635277163831,0.340991919507779,0.734269510661581,0.59777743463505,0.191940452906835,0.552791338719426,0.596325684348898,0.851338772300518,0.579443209195097,0.754319726972174,0.215502442001926,0.425785745857755,0.775216174410192,0.627751919638971,0.404434864310158,0.815832801527813,0.210967970272763,0.374416745468622,0.466923449380902,0.340614286983717,0.229176615625316,0.388339872479857,0.739776107081824,0.337148875734948,0.734657363064628,0.28412481005769,0.438106127486747,0.61586975029781,0.874102650242216,0.0560007412187973,0.438978987798091,0.393774744405893,0.539187474283716,0.405040818197385
3600,4,0.121944366995692,0.42559418868857,0.466980524963157,0.604984746132091,0.391817965701357,0.574562260783185,0.779583303322206,0.204464526852702,0.764594944083617,0.919874854185195,0.461104078148741,0.568909834943051,0.846678157357075,0.440585437666377,0.520728423712522,0.279091023898375,0.365790584154915,0.315102076767277,0.782256660189989,0.287896781324706,0.129490035505253,0.454715295136122,0.340668360288985,0.73287692901685,0.68713750791758,0.589138998770421,0.32430779976861,0.310541531103258,0.795459927644109,0.436458643572928,0.371712768173329,0.868823314888871,0.426285041419472,0.585062935533784,0.315668952921436,0.334129693477236,0.707670158792005,0.2020890715655,0.499077401738189,0.267766017593579,0.582960722923458,0.367224304242827,0.383871046106378,0.466032773162277,0.654129774571608,0.147413297351009,0.480619282321579,0.260586765970275,0.515152812765897,0.488224804191268
3700,4,0.110072103920744,0.506495086470213,0.529963905464462,0.290751402509461,0.447608643700065,0.644656016466846,0.927393431327882,0.233319908185709,1.03037167232652,0.914929524918414,0.375718930231466,0.470935927156124,0.382909476011865,0.179525937457518,0.586289886432249,0.500275373380902,0.226841520986144,0.297239617877563,0.723800687011549,0.308672939712583,0.538037063726365,0.412408197269193,0.50133208333165,0.499985972447957,0.513720015145575,0.579892936798335,0.423733483732809,0.30597857785882,0.821188611903056,0.499385536186219,0.465573262991894,0.767308053560211,0.556472540609068,0.396938239976161,0.294870963497615,0.231370893658637,0.493144005045353,0.274044738723116,0.303174595207408,0.0396938915950567,0.644671445823844,0.29836211959861,0.272240831119606,0.507929212018042,0.699401709903128,0.416931463889335,0.704763388252154,0.376335572221987,0.460673847874309,0.856806717930657
3800,4,0.198946283185443,0.443090151654365,0.485569820697666,-0.0587276372428709,0.549133576622925,0.391739994723725,0.848601936254152,0.202379315102377,0.708391363378205,0.9293389703964,0.584545258987701,0.49260423565227,0.596517147457845,0.482369443920645,0.993487929186311,0.515781171432561,0.33069808981158,0.428660670697775,0.671409924612901,0.610840646326061,0.548695833773102,0.563859862063938,0.432456064021108,0.51589176364378,0.571058740917278,0.512737736125036,0.309504771268119,0.53518280225503,0.751825651518489,0.395504461768536,0.481075125023258,0.71374849731866,0.436260023166425,0.592516830113031,0.28183937721299,0.0942264669125434,0.326129147662714,0.315105105090158,0.223688645796398,0.236301402976599,0.523477070142086,0.238355511404894,0.506167154774513,0.491571773130819,0.877981250990441,0.509114756569903,0.724448506582058,0.414614249933401,0.483541087269078,0.880447511495314
3900,4,0.20757937892501,0.409186367206868,0.266796816482809,-0.0171486913477993,0.513166111416572,0.298023405964287,0.574485629008594,0.247761043857027,0.438483765546406,0.87379972446783,0.607930557476142,0.506533382979367,0.428399796981898,0.408519538057344,0.772136457468628,0.515813163450497,0.416832635710183,0.724531434924063,0.457096805022326,0.622734949904521,0.463992377390532,0.524658627584313,0.109681610704575,0.394718053434686,0.585843662924916,0.410987777614189,0.427302231015093,0.603347637890091,0.652152307484744,0.446126424255363,0.399459650214278,0.4759575142404,0.470434652449708,0.715764758230307,0.251687624284457,0.0571951706210822,0.150367105596566,0.275121194362681,0.223686210509362,0.591043624156636,0.596752019800947,0.409072706170113,0.476401239335873,0.583732754437323,0.770408973010832,0.418887093675354,0.596493411779958,0.474582128256653,0.741568494522869,0.925976265839529
4000,4,0.254912043237834,0.385411777097498,0.317153388628315,0.268592951043949,0.483041407875189,0.325202475841006,0.614827376756521,0.41631913440528,0.509847264510561,0.866130886988837,0.633883722252913,0.564026349634003,0.339575259933715,0.275546976739536,0.630988630650718,0.310785318445334,0.516498610647608,0.652354882137565,0.170242989299121,0.443760398334842,0.653376929928331,0.568613237388385,0.120128943111544,0.416940171021718,0.370336252240917,0.315950694441561,0.486786559379009,0.432401546896249,0.570783013302293,0.429161537487046,0.537435378390704,0.320401833075737,0.404271846632361,0.696819679969722,0.230490000986404,0.0555118724996294,0.330830343130797,0.296356655158414,0.289180892318627,0.446739954631011,0.866238773510754,0.321690667999806,0.499649987993887,0.56710991880732,0.764516498287928,0.382670736884122,0.474707118138985,0.407916533394284,0.710625452049768,0.591152564375606
4100,4,0.124665325841124,0.273351345246313,0.593652469419027,0.358857180617721,0.466539878948584,0.376463563602002,0.747643850250513,0.394392028784128,0.562742826168812,0.857143226361351,0.452932986667808,0.387249498864905,0.232844966858685,0.0188931921861022,0.44452234254923,0.00237973187470511,0.620685487848698,0.486376940777524,0.154773634012385,0.646405313596706,0.432346947972575,0.650220938965394,0.217214787105142,0.29931529681271,0.143599068703013,0.33168095962687,0.476499009285019,0.00508015281030127,0.474392516210202,0.448030639092551,0.479673972923939,0.486318587687556,0.318392470475098,0.578073633294932,0.191424020531213,-0.00421961646018887,0.326694686733625,0.274826343074183,0.255560948552862,0.255707915773019,0.940150225964373,0.517077641484778,0.397493991281191,0.362903192043446,0.710224435057554,0.593115504275072,0.41887194790485,0.562631606494443,0.276541221658526,0.487434580601142
4200,4,0.151944898885832,0.287003079199969,0.730959379225519,0.310977035478609,0.542503711938442,0.213893145402243,0.72007991652077,0.270852853005136,0.685557230298122,0.677928506807716,0.323249416954747,0.294162372394714,0.046317337378526,0.226119113709032,0.448700984791666,0.166465633495748,0.663380569126313,0.304588225350171,0.123571835564665,0.437839835141593,0.501687395621165,0.65098361349093,0.483192414542541,0.507607157097894,0.230750939882394,0.474589717735513,0.531797057232377,0.13114516378262,0.481252225388746,0.560552883854242,0.201560119457776,0.660260887434639,0.384602066272922,0.24787180016677,0.137757793917394,-0.0183161021590493,0.499801884997548,0.338982802589498,0.165354029814158,0.218267451656599,0.861605456776753,0.367446491872575,0.31346546642727,0.518393871959791,0.600967178272906,0.523782320155257,0.398516178747206,0.775732206432011,0.439955839941593,0.370525274883451
4300,4,-0.0323678939858599,0.231249471686321,0.670407942960631,0.180867529838541,0.393447804013593,0.067608793520585,0.694515877338451,0.300131769223234,0.695464134006756,0.703171888958454,0.233647861529746,0.337764085672677,0.0684836452539217,0.394000661944002,0.403877332920735,0.0228486341687172,0.756068174062505,0.209085801787026,0.166293859863301,0.392616389365895,0.483785797208978,0.798196778415185,0.520064078171074,0.501510680142409,0.195190188326783,0.651135764500481,0.381347454304587,0.101344813951663,0.467916865000061,0.550069977051957,0.251255756498304,0.631521281349122,0.459654302038724,0.391098366536699,-0.0684679259141893,0.127941865725365,0.634330620590244,0.460557726826392,0.0619027287937284,0.486311032180763,0.67402268428058,0.255828385993723,0.244765956795932,0.485858706227426,0.401706136857947,0.344293250499723,0.118008180485806,0.866670542931839,0.439683561294065,0.390704862802352
4400,4,-0.0490292049307768,0.158116038416748,0.744571599731821,0.17518694827179,0.342185180262303,0.301348068631565,0.699614440690623,0.581904761175174,0.495624329304836,0.60210606373125,0.46000233632529,0.383462097869408,0.0109895439619652,0.557968808963778,0.488987041374676,0.311243465165132,0.795505084519661,0.440662161174306,0.266691933773542,0.361672044265018,0.558094115958129,0.652680961103745,0.435571417022845,0.382845444515502,0.253603462046281,0.526862413259204,0.33381014076668,0.2902416600871,0.47769472570673,0.297961598689381,-0.0186061691831264,0.654186810133187,0.347585060180778,0.645659536837733,-0.20392679246594,0.142999684572268,0.412684503426099,0.499462604721074,0.132209553359591,0.635387833730626,0.352266066325681,0.367717700247015,0.319091623641326,0.269672470541267,0.330088060087382,0.274535147533371,0.111497810521853,0.596261862234437,0.592689174606013,0.639503977352568
4500,4,0.191760085092216,0.12662666023548,0.5960243452069,0.165877261405245,0.0749479819415681,0.313187932618629,0.619620130524784,0.349631308543183,0.407372927962545,0.523003258362154,0.418011255355116,0.310597760985948,-0.0415018105255135,0.486351977453039,0.602180568898565,0.30676575026981,0.7624223495672,0.525101384781886,0.241319344642155,0.35187663782814,0.838166502815397,0.52906927553598,0.364107687587164,0.213994898904362,0.269338909878607,0.548288610906092,0.376768315465747,0.438495946984652,0.392844728790765,0.172034608326529,0.0279070205306499,0.609574592691869,0.491091410819748,0.642428387520974,-0.426298322097375,0.102283997369597,0.568803030536933,0.695787558643632,0.387995569199204,0.589761743688936,0.268031159618407,0.212849683897297,0.435146348463554,0.412139284046432,0.42463401753846,0.540650716810319,-0.0961653957829672,0.585193878059338,0.433188887091028,0.393319055606327
4600,4,0.0122512751611685,0.0566041264729853,0.276037308681094,0.0222464867646867,0.0820046087889875,0.345062860305598,0.514063190253718,0.354141514325071,0.500540038979282,0.43159539245237,-0.119648318673078,0.532632104495933,0.171190256212976,0.459803665423061,0.300676715763938,0.382160383490593,0.819138815140721,0.439009199478654,0.537530598709754,0.384083499317968,0.962084402364989,0.529228367219914,0.229859935567882,0.289580547413003,0.276993461465885,0.662016726499526,0.247904823382157,0.679335826430058,0.6111828682656,0.0596064282268577,0.204304141428668,0.705436301930299,0.412001028697232,0.421180443849789,-0.242983954535007,0.183764716510886,0.259388345917348,0.633178403232961,0.264934651828577,0.430913104806289,0.223662760080363,0.0780755328392223,0.417613086929677,0.661613722966443,0.690763219962873,0.453995809659726,-0.0310964552179951,0.551607419497888,0.357222337509496,0.346641302649384
4700,4,-0.0317996141247409,-0.0340530994447557,0.178265522907415,0.0224000351706139,0.269709387444362,0.490383374586054,0.846222266765704,0.283964052102096,0.456683862035241,0.433953984576845,-0.116876262973083,0.944772773138128,0.0738428643091633,0.435084376512392,0.385501062167208,0.330179989572993,0.72971948545376,0.214172607540457,0.698031993454691,0.439404429623467,0.892403376401479,0.653425211232539,0.376369664941986,0.378004377179255,0.250223059938773,0.800288558063432,0.438905182700401,0.563388776540137,0.572285448150903,0.0620471342958659,0.182418633236465,0.506806026981373,0.333332707385239,0.12524759883309,-0.0073936967092659,0.351760701668949,0.492901077177163,0.71382273221821,0.336227400923265,0.387295812639187,0.134354970500335,0.130641167804997,0.43448037699992,0.737245315245262,0.616296021516507,0.284070889300121,0.0344734222433918,0.314483038746329,0.40847798845229,0.489338742215704
4800,4,-0.139746215331584,-0.0512731360526287,0.468196613937596,0.152696517224085,0.490377943182438,0.350585368409046,0.864085673396606,0.550328613105027,0.541571173071461,0.296931073294944,0.072062220484807,0.901696806724993,0.0669478267434042,0.375519136087689,0.552309756866664,0.451125430569821,0.521651750129684,0.382802360115158,0.919102404101152,0.412670623053142,1.03497844209735,0.532729316824798,0.2584492391827,0.336547544849841,0.32875211830756,0.653692567172137,0.484232341212397,0.43908098974792,0.905014493480173,0.33453816896823,0.193911440309096,0.465992229681703,0.292414379476945,-0.0179074591521954,0.320615706966911,0.34069200892202,0.391924585539854,0.838466402514186,0.340808117508847,0.33126291126382,0.0362440151433877,0.258947166861392,0.492418528514367,0.662702344387813,0.225740215577245,0.395639874025647,0.295240489213629,0.436748127477108,0.644234768106308,0.330914159843201
4900,4,0.115964618980796,0.211114302924652,0.599916703619822,-0.0021767767125343,0.580110125889697,0.338525038438502,0.658906779128986,0.48415982618417,0.557616205072421,0.362715374203268,0.02334052931297,0.887261220104185,0.124979656621829,0.27129640200555,0.604081154489144,0.11548316652878,0.553047829823908,0.0339274003902073,0.668303335041623,0.251720758184651,0.803958663489782,0.440287428013689,0.380863822183137,0.396645051182477,0.179180684193171,0.755469021865522,0.368708025971891,0.388912457861211,0.674949948505863,0.479480466164719,0.291147222820258,0.46631947811192,0.465040330009398,0.220010197136692,0.315791790693612,0.198735256285424,0.487153622219924,0.815957214760702,0.586948560238818,0.243826720666507,0.321276586957671,-0.00882323848348859,0.719333196338107,0.65791597427621,0.148258809652023,0.337345310417308,0.220083612536244,0.429504484873978,0.636100753042465,0.282777457974334
5000,4,0.285886243361706,0.294905976708658,0.544324821057889,0.162434248325083,0.567990003005525,0.460362807646714,0.629158787718534,0.532843922985009,0.399787271752559,0.542539173932764,-0.0125384395123953,0.839708814982141,0.118592247820719,0.201823199456268,0.787769153142043,0.0915663597087156,0.61856006755634,-0.128417426628868,0.621783594427166,0.113378232989056,0.78754955778982,0.358862010585744,0.465430966154848,0.321241218012303,0.157502185752429,0.608437273696566,0.237253782400852,0.258150530513988,0.625597552742568,0.430697825007353,0.352250957468361,0.468564274019756,0.682355253834744,0.337524537856234,0.10194239599323,0.373667698303742,0.758632079227443,0.725446618352666,0.524676492510266,0.303130322572374,0.249122902692268,0.16811952348751,0.717710843323289,0.472905196829415,-0.00631523948300616,0.313100638265316,0.500109750733752,0.441753355964087,0.441584836676622,0.44168524366509
5100,4,0.444167876618216,0.276729173084225,0.447485380705158,0.289390018695979,0.379545208839683,0.585943779854464,0.521132300002193,0.427536513253969,0.238179079270272,0.26350526479797,0.0500838515407984,1.06143546677402,0.258941358978597,0.0987406684475352,0.749410623883502,0.0245171093505799,0.507372605203289,0.31157606186872,0.67558990250781,0.295910117265476,0.59330576052336,0.336086576505644,0.465657163145202,0.311407355529692,0.241879429133471,0.777869699791872,0.215062640289235,0.428810025493808,0.693230964701613,0.450732588979091,0.242926034189752,0.270259108620108,0.604815452252769,0.437612270417938,-0.00306217455641572,0.402638363069772,0.953367041522105,0.994611497055026,0.528350187966615,0.242225014536523,0.307599812884726,0.251387713217607,0.583182096796747,0.531638260134882,0.336855632514111,0.391977927777621,0.401051725933397,0.230441404708955,0.286045748476793,0.587604577623903
5200,4,0.48017761593271,0.550748088782248,0.517472191594858,0.178030175072083,0.699082239242337,0.45799396156501,0.716510265289685,0.30869334235689,0.495446354179917,0.33311754966431,0.152698442500146,0.954009444081725,0.432165024943017,0.384343125555092,0.575574782699228,0.0683764452849579,0.660651978411808,0.320875158673735,0.72733201647049,0.452671073655736,0.529127787486115,0.363886598751712,0.307050207833416,0.426965523430273,0.511733866103608,0.604260323979073,0.244435095245626,0.472174671008471,0.440419618989395,0.351373138110198,0.408584055611379,0.0949695540230054,0.666434497224006,0.327684775384588,0.0692271649905998,0.432338385413934,0.910174785062033,0.846504005302986,0.524786840385903,0.289120988075726,0.386094967510979,0.354549721892175,0.668338387351731,0.647258804371475,0.490277834115199,0.313715353974328,0.422029098509246,0.110916108535375,0.195132961108185,0.533100579085819
5300,4,0.536079182122394,0.676026840707005,0.675722263434329,0.246166675499859,0.555733733883716,0.730090176206538,0.647562765791553,0.328830381184556,0.555905385728965,0.357614279269741,0.262781506284319,0.951321598107472,0.57233228670344,0.436815731431822,0.561047465667315,0.369449319948796,0.70143128367117,0.643535617201977,0.75221501749802,0.252995582301764,0.624868784872129,0.497367170075577,0.294142386936454,0.513026529460439,0.330505184881203,0.767609309179923,0.165659250475007,0.57924270050318,0.432097591283909,0.460608842857748,0.271081930975277,0.36574841862831,0.828931585601897,0.511310554483097,0.327326743088269,0.555017093629306,0.691988738997892,0.805565962564093,0.351337455654454,0.173230571531139,0.431246354914883,0.735437965436456,0.693359231489502,0.432769708772368,0.444773752670635,0.124849207286407,0.31553889828002,0.237819698137165,0.436336460251175,0.686336567357693
5400,4,0.493037888087518,0.44351514222583,0.512521609899897,0.33892461545328,0.673592418029849,0.551977129075176,0.420638647958521,0.507006925115182,0.479991233546044,0.352580703533939,0.242036118405991,1.04606093449467,0.649842619807107,0.201172081541089,0.227023552348172,0.38897454804887,0.758540694580199,0.712293451541316,0.655606211448966,0.580334558549092,0.702072759700516,0.43167756925727,0.340353266355817,0.459718135008943,0.287369259804736,0.799629334179481,0.296725904062265,0.318032285281659,0.442845495054665,0.508632044872964,0.343610327315661,0.489071174675164,0.639896107086707,0.472962285939071,0.200749161428392,0.603417191351966,0.69956422159023,0.803299698416459,0.330266140789737,0.335165750326091,0.337450731907742,0.664074330573825,0.421664168904601,0.685270151668816,0.509810868728911,0.0102350474275029,0.267560261398547,0.297879356853128,0.546943163616028,0.816860411234105
5500,4,0.565630968001778,0.510344052133391,0.393993331922015,0.452604041634351,0.422947453064918,0.273605085842638,0.713559206010423,0.613984626828692,0.52706063939446,0.71457769672655,0.314616490423149,0.810316867346206,0.76817377817611,0.215719641322838,0.325053382661503,0.508942558221589,0.653879822854668,0.61460724523463,0.704318864020378,0.727441150710713,0.525620399329274,0.454388979113189,0.31045082261973,0.376620424235705,0.391283565463451,0.870158399338554,0.119041905287167,0.444627387240483,0.304276651476395,0.501485386150842,0.543528792125526,0.510880264079359,0.777907182019398,0.680554320878431,0.329067083430415,0.574510531014673,0.807229742934564,0.570858313546065,0.253766005010301,0.259114151404838,0.518890646067567,0.758639715421566,0.553560409224258,0.927056087170757,0.718279731284027,-0.107408002094165,0.424360780144741,0.523663542360268,0.540744740250766,0.79740073953313
5600,4,0.404837792584187,0.590880581048247,0.307867931553676,0.607070935066497,0.473073569112247,0.430246148426541,0.677685174863238,0.387239651128809,0.537695364901375,0.681248662685209,0.45030017988948,0.607072925056847,0.746038378830963,0.0298233931301432,0.380295505288901,0.600294368235522,0.648568353219182,0.573180121811393,0.773290528084986,0.803579784637342,0.645912927713943,0.361944857796886,0.39092336080702,0.550399677635164,0.20011635140902,0.804977783337466,0.15425152512703,0.525116847527648,0.337769642733494,0.539166854890194,0.396440273623925,0.539855527732247,0.69727105509688,1.02127158121928,0.516441301463767,0.65527918695188,0.438843402831231,0.635773185214271,0.132932754054638,0.528480389610061,0.686385025335041,0.964792897216777,0.309405791222285,0.842757377269903,0.80955184122816,-0.0746381401601118,0.236305406255212,0.369769631182269,0.430108755861499,0.478472325852306
5700,4,0.150889069156048,0.727554147722964,0.243886391372647,0.691629046187924,0.669549982755072,0.531652562246104,0.739532817612544,0.452966289464688,0.509772740620891,0.541398725236536,0.563389068114184,0.459822396723279,0.609399973478929,0.223835290173377,0.305431356174905,0.642665270853051,0.836005259158956,0.449861901661294,0.823832306400277,0.899412123059828,0.754204263082609,0.264676587568886,0.398197593769532,0.530641034367845,0.199497491753116,0.553882429067896,0.23062977885589,0.237775381578107,0.352522006386548,0.535026617341663,0.549689021812571,0.499446437617366,0.824599520028273,0.857544804864437,0.534271764779431,0.499318821695358,0.486630710786934,0.956150791583108,0.241833771431598,0.470652427255466,0.496237843533701,0.845611944687878,0.607094544181489,0.650066358814734,0.761027561074462,0.252550415516866,0.189376034714554,0.622319625884776,0.320204714750521,0.352648899453894
5800,4,0.223925265301984,0.558218537943623,0.129578169627563,0.548417817141125,0.717959905499708,0.451087267191457,0.813760013614923,0.367880752127689,0.357664888012471,0.41901311948476,0.633237336134311,0.483940509194633,0.55522617133585,0.392597238812464,0.469376223898518,0.475003950942954,0.587334615876541,0.496440502125519,0.737667738558079,0.860724770400011,0.910202842829014,0.468569331392039,0.397541160924985,0.367272045929582,0.223608832586419,0.540355595043507,0.167129300313528,0.256418970379383,0.275757617167016,0.587818832033671,0.566357722540667,0.106479827839359,1.04831233697501,0.65422995509946,0.362339730795298,0.454787435619189,0.471452903765885,0.689500788465884,0.283156356561405,0.500328664456965,0.427730009735629,0.542089915133961,0.663275361778753,0.664955457522754,0.772545824854929,0.549895102095054,0.255170151329859,0.946282948884359,0.463469726719034,0.366480365404539
5900,4,0.243112398071652,0.181829180927799,0.205807744403519,0.59432987292755,0.511070901051992,0.300099745325933,1.09828176559376,0.351340267608774,0.56447400393475,0.526726562990968,0.629157516410306,0.360278167996796,0.553116498290814,0.337784387506795,0.525221093178295,0.349547348592716,0.671082637730896,0.589235522138714,0.424511493660702,0.75631711490638,0.862538618633792,0.578567212219553,0.736816060249973,0.64598375783122,0.287477546758071,0.623257641835028,0.399624825149275,0.242217481999279,0.348669859692889,0.736965246660156,0.555418327568432,0.365184699960157,0.5678777130607,0.573946870896929,0.369585141748931,0.371010372217657,0.595036521660189,0.652466193691261,0.279536782437319,0.738972954594121,0.640597580247473,0.310410328710004,0.924586631251487,0.848449586253416,0.752396498478432,0.557202167655045,0.459608577668339,0.906538078669961,0.526533828533955,0.522562054911613
6000,4,0.0211216136046748,0.0289457406028633,0.399906854903144,0.510827502430808,0.260291482743965,0.350540127013583,0.871645612391249,0.598301111121372,0.55448968196747,0.658700311922258,0.430841629154746,0.391233350265883,0.485857522530182,0.411819972868768,0.0697183968265364,0.773799984201405,0.83732562740257,0.74130820106203,0.195223560095802,0.663216384936886,0.592788506793212,0.632901644801112,0.684623247938425,0.543465143145921,0.360629534662218,0.480137359650403,0.596960493034632,0.291701362596101,0.485628772211804,0.632969129522848,0.650184859112506,0.382788044844775,0.628425714571248,0.577317113546757,0.746948340789178,0.175258031082824,0.384352918351875,0.47109027812243,0.401019729027282,0.66872111590839,0.72523929253091,-0.0765643380451114,0.848387722831521,0.741697241369991,0.712365624828068,0.304002550927634,0.393238849317632,0.855434180259556,0.542519903690055,0.514480325207259
6100,4,0.253972782081476,-0.00574515578512835,0.376847762796866,0.275267449822568,0.232230815715064,0.347246847265225,0.538892407689382,0.676593485517625,0.445505981451055,0.586106053597244,0.503332340480016,0.71474772722195,0.449571226348416,0.156898048534696,0.521679898681405,0.978639521732888,0.423981786849313,1.06360859035814,0.125016789067912,0.401037717172879,0.594803979756904,0.439760005989084,0.338893752197897,0.333302050918501,0.264154310866433,0.237884841575222,0.393317878596314,0.194150252076799,0.579844888955393,0.478439786618064,0.6996409388695,0.435085451109979,0.642266026847969,0.661643324611315,0.921732306261095,0.142137267679144,0.0897818655564765,0.715324302426626,0.498800181533655,0.331639558701587,0.559512094133829,-0.154460394755491,0.78270147417804,0.640927242950222,0.954080771013941,0.402899509732376,0.782993894324015,0.944450989828638,0.452157193409953,0.296926760871906
6200,4,0.216745984123741,0.17604086541317,0.684954775788345,0.137438076124154,0.153512580989933,0.426442386345364,0.48244348383048,0.476384129046613,0.60287155439435,0.508356207446909,0.749121340047895,1.14765617817491,0.713491953018713,0.263002370027065,0.572625709561414,0.856132562593527,0.871604516085594,0.992445321256598,0.0931461029277952,0.296409492552338,0.652554427655965,0.534277490077537,0.419103530746222,0.410820860708541,0.289935939509818,0.23173377072992,0.218860377402693,0.452959672618465,0.379312540631593,0.383998440659106,0.561899340208445,0.44203433342986,0.592798654066592,0.523950715875124,1.14837512621647,0.416419577616646,0.291811100718354,0.855219612797426,0.314254773487109,0.399073634770137,0.396996796009885,0.358835521281232,0.764180170276621,0.760125106547472,1.01195672245929,0.462160517047005,0.748379765467911,0.523930434304642,0.251937006791626,0.426096557991006
6300,4,0.330352362803851,0.241443989125691,0.517385114707768,0.163898953964918,0.178036748566624,0.462041794974211,0.581062062537095,0.32394697676005,0.709312634910252,0.51061478122104,0.768075437723002,0.85207771076069,0.955490696383737,0.358823693886983,0.881404895755811,0.693003777395941,0.77191238327184,0.866577251973256,0.263863949044742,0.28196800340569,0.653360133712266,0.604174656247539,0.341916439055156,0.334197891521068,0.54045711786921,0.438283621172998,0.216128874893001,0.447916150967203,0.594965029344718,0.262169639722612,0.487523507386231,0.562605757550594,0.713350429797965,0.349515511322603,1.06346490498721,0.584560004568617,0.58682933340999,0.917263964456113,0.47293221104751,0.590969104438198,0.381468917437969,0.637411238919936,0.697716333736574,0.932705608871248,0.768494641770928,0.387243342430736,0.557008660472165,0.319226978378486,0.426453228198396,0.54621340840235
6400,4,0.178745948924969,0.251364510631769,0.647242878996113,0.426527774381702,0.473899401208307,0.505790710579562,0.193281250250342,0.329714623859264,0.727931844883981,0.600032950118802,0.798456825574919,0.977030865929025,0.896020405348864,0.574015632690937,0.895224071585385,0.468210594492312,0.868972658740638,0.795703276836327,0.55545007739517,0.431943583868924,0.6394232987895,0.407124819176995,0.34797100131283,0.221674510937621,0.677901455805001,0.448182024989253,0.40504984234516,0.380655234905938,0.621404833687995,0.330118184253929,0.623504465766617,0.472977345226311,0.777393406830405,0.481271661555147,1.05723392997006,0.708253932202527,0.608006402115918,0.822778138665504,0.649585204413386,0.389018189457516,0.337546997911753,0.670187457499857,0.654383285671452,0.8100315075012,0.501700238434628,0.385891390966631,0.495045608541698,0.338102796215326,0.263863884576715,0.615473688034032
6500,4,0.453899944044188,0.420586327596772,0.708255999403402,0.545356481792311,0.370421114292373,0.102487847328649,0.360091879693975,0.445066701637406,0.65267474796173,0.412459809522247,0.937637880669744,0.910349410403248,0.908703861534605,0.500387517058629,0.946386982464658,0.404073952098201,0.681777352321942,0.835537574775277,0.420540738324821,0.727883268006227,0.629822957119938,0.726312135752338,0.230019458922554,0.240690427302682,0.296520449638457,0.337447293770763,0.803270579923899,0.561580611601124,0.489626802527984,0.466343424571684,0.405438285187509,0.376286524752306,0.72311281408144,0.821788406277593,1.14055244649941,0.541063482540249,0.637579700163013,0.865881481405899,0.580055011808615,0.441867950336331,0.48518710969824,0.843146448473319,0.680694501402451,0.792087052760245,0.35042437995597,0.655899024369785,0.629903412207328,0.709279650952306,0.475857727299151,0.794720772248704
6600,4,0.511402950532075,0.664950667239099,0.488479400322366,0.420087149845971,0.472212435762813,0.0114330714127947,0.518160283475577,0.348532722961034,0.655043950554439,0.348942487522099,0.877684512424203,0.888303346399653,0.725912795094207,0.530427304176105,0.601298730268829,0.383171352232375,0.409099886943536,0.892347310722657,0.23916724664175,0.775056772220143,0.554140371014052,0.571066760165973,0.370300747691071,0.184898064893843,0.280922354293389,0.250994760006014,0.69090913029945,0.534367690882597,0.633942148299776,0.446885836545801,0.311148817006486,0.698733795814721,0.674566881917091,0.818810660628211,1.12220069537117,0.522739770793297,0.508792201883268,0.949325846870378,0.988413405640821,0.281525776701326,0.420369417020786,0.587186148055095,0.878061659724978,0.735447402456016,0.115013302704881,0.726361953933337,0.674677024398332,0.575022594279925,0.472045857082293,0.909433796081774
6700,4,0.557835902924938,0.691254435108834,0.589868955702949,0.155298089298643,0.43958177401754,0.230459886127309,0.393094328784941,0.505393801720927,0.335664803301164,0.650948995859789,0.843534613577779,0.589584087222244,0.716452790839183,0.481310068305732,0.662304459610086,0.358879921000699,0.770900707345856,0.802356552436402,0.477963217253129,0.520095565249675,0.679379633734323,0.509115241889384,0.383759081240987,0.0140550500886497,0.234483959277006,0.193457905082527,0.758047821414845,0.699241779226188,0.864703463626947,0.615564284443917,0.660258865901814,0.768400250791522,0.559459204551984,0.838914665173746,1.16545081674037,0.514643800367636,0.580044882815979,0.733975713635073,1.08474631434153,0.317579221422555,0.690659284911668,0.451939109630185,0.852275826455347,0.774083897178954,0.612569218091715,0.954273083395612,0.616636250739983,0.285483472142689,0.522027731410481,0.800620046355593
6800,4,0.64339360678157,0.595345701348189,0.874237059616293,0.0987103797745356,0.491457411058785,0.210888578187728,0.37477140441232,0.405450865478115,0.315231572434341,0.516678511012823,0.855473610405299,0.580862249718915,0.766952052061419,0.446697460075861,0.599635928408577,0.25616983912607,0.873063891603892,0.610691975728553,0.397385574211872,0.499522819706041,0.571965583949236,0.083003522170381,0.356866329668048,0.225203522711793,0.27047728016989,0.139529539283287,0.815581137142899,0.643439261349859,1.12950116256989,0.4954983143481,0.560934837324423,0.598255318243007,0.778353674743315,0.711794920351294,1.06459612442264,0.392861320385696,0.976215774486902,0.439734824592238,1.19015143591008,0.508006807361067,0.552909447844298,0.461355636843107,0.655134610731331,0.544734063711274,0.549082487470843,0.973086977526368,0.726773606951638,0.565781681624332,0.595855266307673,0.588993876971193
6900,4,0.840827199178547,0.655134180518083,0.586232878997192,0.0341024667227395,0.386630177262897,0.183032068343963,0.554546379844248,0.284589652448859,0.6263659940556,0.258881520536816,0.74299842593387,0.447423845091778,0.692321012826974,0.501901823558403,0.694755033623956,0.14273618461881,0.676833098009335,0.655881748912032,0.657815553851543,0.275518012218512,0.450550811909476,0.198570788744479,0.4390834555863,0.395034121111205,0.388539115012812,0.155916603936071,0.968462610117542,0.709022443809335,0.95670397822801,0.440445577754883,0.421456389578519,0.420355585203929,0.783032723347171,0.91423683923509,1.01537147613012,0.34610729385349,0.880780989236117,0.413162463124396,1.05260583300976,0.446091715454424,0.593563055130615,0.452807192939375,0.783896765588142,0.828322487716091,0.790855411225241,1.01941371785433,0.86532988480269,0.369755231377519,0.587280825873913,0.581031463780026
7000,4,0.862787280414724,0.315800789080014,0.610696552920589,0.0594629066042122,0.332356928052841,-0.00355819239382235,0.57603949362763,0.215014837851666,0.556188053901582,0.614192869002611,0.319240054552356,0.427529486761402,0.478899303886679,0.77569411745966,0.524214335727327,0.164958714120058,0.566680150411988,0.663048979054436,0.688577174885357,0.29880843002121,0.361664456801742,0.468894318826371,0.48037256479166,0.342838889075751,0.363297640506117,0.20962177915975,0.870952698753383,0.704705109112199,0.784485033624164,0.296600692971211,0.499225571415751,0.229044726990267,0.693917942130673,0.685862497953907,0.989113925467631,0.527770056624257,0.693051559752833,0.50871692590512,0.658594067843724,0.367800947872232,0.369458141922859,0.556998206713111,0.656016232402902,0.9198085669283,0.786620002059315,0.865730357842396,0.800354843976852,0.190253085498736,0.705139383181161,0.628998663427363
7100,4,0.687719647624814,0.233590598621312,0.376462998974446,0.116057695362445,0.338731930409187,0.202355048695406,0.48388303763081,0.176998742152567,0.289885907637151,0.175783218352678,0.747373863595204,0.421080835119134,0.694410335434377,0.853358833298726,0.554376689757791,0.378175205728221,0.302844746957679,0.869745766813491,0.858107171857703,0.388650247513771,0.500712243205495,0.195258134733925,0.53686796072733,0.442646810452803,0.653266265910168,0.382373821080991,0.861824087714633,0.820824679187311,0.613482809184165,0.244652898779895,0.399884662090186,0.279857665221399,0.560810265701437,0.485832963524389,0.738928976488993,0.360989994519756,0.570913138283654,0.721625506231081,0.558381331646871,0.269371299660993,0.358413448733166,0.486108051562756,0.802793118537859,0.683791079228086,0.54671995473266,0.941779910676908,0.945092237442784,0.357727744679045,0.815442515546231,0.608416553082018
7200,4,0.901327003065654,0.373235914918052,0.481619694534558,0.316403262414304,0.368523746642538,0.547571282923785,0.448036344490211,0.387284862148739,0.54308563500011,0.199040793229509,0.540285507205224,0.299392191836019,0.73671022186926,1.04378522296057,0.737351097106713,0.394967281413246,0.279365097212791,0.800630190020656,0.727680225790569,0.496773382843858,0.646205341734857,0.133036299002406,0.410779062838448,0.577484977055352,0.525263911861501,0.419793308846709,0.748607328241783,0.771789989627637,0.635678697985336,0.331046771529757,0.470979645855219,0.274919706762949,0.655434445709423,0.673735858527604,0.497557196880197,0.253501231876685,0.576954984052935,0.634743974391463,0.772565929341736,0.216914285377264,0.464917720346807,0.592881579732501,0.811882670004024,0.795806184354172,0.525472437790641,0.842819102222183,0.773771012461149,0.544238042199849,0.745127158539802,0.580597215997347
7300,4,0.558429180806437,0.321746489478746,0.200226033886321,0.234862189326228,0.161251628440138,0.643599575340499,0.49440485270442,0.525349897774095,0.492009539973081,0.196282327287887,0.752627280667192,0.328012434060296,0.649221948011007,0.911314351486559,0.752791952423004,0.525893501400192,0.388815294037483,0.801872974822608,0.879902810068487,0.585230388505599,0.605119252072255,0.296622090646937,0.288725807355462,0.520444163172726,0.52107601143548,0.227327757325012,0.603800881202939,0.766829339371531,0.740893809281334,0.398864786876931,0.759399406755255,0.38537684636802,0.47731385070949,0.764621979636588,0.587723821187312,0.172228771529288,0.686335468511753,0.31574207183806,0.741242679454818,0.350273782558504,0.602647097449495,0.6846802476771,0.534549276883919,0.595508419354281,0.797646358309522,0.728601780186354,0.57821239701971,0.390772082599185,0.654588570334738,0.604039054619186
7400,4,0.351882630033948,0.260711987808604,0.00652975481656634,0.410564248540429,0.196867343317977,0.692070323620994,0.376798075933715,0.421645588589117,0.551196984282636,0.23213392774418,0.726153499833747,0.186835464140829,0.669172311604793,0.791725830886465,0.602235088777427,0.494676801274985,0.590738628723267,0.908172069589273,0.820821234476911,0.78631382376553,0.485586825622355,0.422019304024845,0.01571028566551,0.390078079360977,0.59329962406068,0.25414677728938,0.60469136837773,0.733929024696505,0.502034054257043,0.444038330055095,0.600635346630512,0.314850939349329,0.394771742484303,0.549763701782737,0.55834045841118,0.355440359721022,0.667383470777827,0.282063207917672,0.609756856226839,0.497205202040804,0.537913941358501,0.207892838445307,0.773261846204792,0.374936849382146,0.837857205558073,0.519232713158357,0.582718338987848,0.713222925285086,0.648819564666991,0.48341772323658
7500,4,0.525378674233423,0.292419429244582,0.234959419446251,0.225560759654011,0.295061725272433,0.618067169570906,0.378956180821285,0.356336074618481,0.359806659850259,-0.0647670552010794,0.583897849264596,0.208356013762653,0.68775007282527,0.79620624638018,0.814351269721426,0.612497204982677,0.445349782524407,0.692276502137325,0.904257896450509,0.646474855194056,0.367945953524601,0.343874920538466,0.226786982260907,0.417590034935116,0.370100585961048,0.11805415026614,0.479093362878194,0.841203771176782,0.49868784092435,0.538031630759622,0.423553996301249,0.163528518813223,0.319971318059892,0.477790968979588,0.368453770629147,0.406608047064222,0.641133931232963,0.256537828201577,0.801279986938349,0.236676371625266,0.485420795545836,0.516375417606256,0.583419849593592,0.260625603447071,0.660506688400169,0.721403652034912,0.545782183202246,0.444183822585309,0.564266465595524,0.415614115857117
7600,4,0.556333320265265,0.231672371041835,0.232508623542519,0.254898711729123,0.289542067096874,0.497200487333464,0.435254900196808,0.341622547360016,0.198933498876055,-0.179335945679806,0.458739298416512,0.172473675784711,0.45274740054721,0.769803950118056,0.219062545716731,0.617849159730327,0.612219394129266,0.665887436206344,0.973904823681156,0.403712496701703,0.459753796469841,0.269940969685181,0.346407024899183,0.574210949351331,0.291940347048089,0.0375900934096127,0.450963229297444,0.702303456146486,0.668699590256569,0.536510884606109,0.427517348391817,0.296933669452827,0.329162547987931,0.496349453207618,0.460276143637625,0.346521975424794,0.712939213989332,0.23707406198899,0.544798886840458,0.243991239807406,0.423915763158383,0.309305299781223,0.619546181923585,0.275836153256392,0.548252911107043,0.418093919470908,0.603287621434425,0.563271480933157,0.541340313511378,0.664450224038889
7700,4,0.370285778649256,0.176382152993625,0.291653355982712,0.0282275656723985,0.226800492748411,0.373252740054135,0.261402531385491,0.298041068666287,0.177983037588611,-0.0320934633404267,0.222607609983369,0.107180503331651,0.495464380452916,0.541032378644918,0.397758123964497,0.351496466436231,0.307821731679186,0.466330750848422,0.844441829938589,0.490509063652543,0.428916755913012,0.395212713305284,0.373529362321144,0.494506382998799,0.477974326212801,0.19573266055346,0.468042408626021,0.351845235525142,0.657116100643467,0.553495248859733,0.437720654590962,0.491602990019164,0.434542973021575,0.37753006124427,0.521651358318844,0.114720430773531,0.799365820284633,0.375742209668455,0.689509453893917,0.341749845358922,0.343513014738085,0.204583429825912,0.72338085131676,0.27972682231221,0.511643469294607,0.568249563019799,0.627307492943063,0.529780420632549,0.693750733185516,0.644276376104991
7800,4,0.132884833940021,0.133828437245645,0.562444416237756,0.0976056340276661,0.181024210956036,0.476502200626728,0.229644081044584,0.367786057088378,0.147382551383552,0.12481863444324,0.363993378711309,0.0849330837796217,0.530451386283904,0.538136978310953,0.537757443066443,0.312017223819847,0.427898273428826,0.611613734724081,0.97698152923101,0.745295433583391,0.365860980907875,0.461299315127005,0.332895765940955,0.710529328545296,0.593778894706906,0.261411644162997,0.575592027687913,0.20849071092485,0.594747058795054,0.429734437493229,0.60916674548532,0.638387812780854,0.447216142308952,0.309483953717726,0.618248444702705,0.357603892889068,0.804493521898128,0.419463645297829,0.794465583111026,0.300326447600989,0.310283951164153,0.280155706553965,0.73378544494509,0.483001327099978,0.517886724326955,0.715633722193381,0.915121917344734,0.300042338178673,0.625517711117136,0.720635983545465
7900,4,0.224148376114602,-0.0905078363087901,0.598134053954645,0.17277866919165,0.154284101203138,0.439202231450686,0.21730421572187,0.489055425098797,0.35126863801131,0.251255592023309,0.224113883099324,0.169334465922085,0.371321698249,0.33535086255411,0.734910505504361,0.398709831635642,0.287322704380784,0.53302538636791,0.648830028781895,0.860433775820976,0.0102810773360401,0.380755503674497,0.254440312744134,0.522639976848568,0.58225059894479,0.221077837487622,0.728873623584246,0.444301210218072,0.657809149472268,0.394084681158002,0.71406314504088,0.620139105244106,0.492819548612645,0.305171570590708,0.591860380141998,0.310320929744084,0.894643796271026,0.749032326363517,0.439596679679776,0.518964246533564,0.145451845581309,0.423655307083281,0.752171857690756,0.517005854169918,0.659268210114332,0.819429317928255,0.84094868084257,0.356746017080702,0.682941915839033,0.504171162359412
8000,4,0.330175869514383,-0.00744054439312153,0.835908329773591,0.491711305984084,0.274768807981325,0.39384666043203,0.306384665440762,0.483234746986241,0.302239637170465,0.134387139145426,0.301879831895136,0.0773808688496244,0.440445076448964,0.654254516355295,0.366395903316642,0.457804040273735,0.322844087730359,0.256821196324136,0.601462773750176,0.451948731096089,0.377480398102283,0.389744040788306,0.45586780391272,0.558939374380809,0.465988622906095,0.206607186809594,0.479148353888678,0.615264135660948,0.81354251982877,0.513491965335645,0.47339324004251,0.633629957409514,0.247149195326909,0.439667419030223,0.575570913393849,0.278392293058993,0.790770761100619,0.698279747827022,0.466425828960206,0.472936965820568,0.277374804744091,0.59735261625333,0.644228614660018,0.529974638510514,0.415340325807714,0.654127593291131,0.769064661595178,0.400663231523062,0.522920806636319,0.469420694743676
8100,4,0.469962819816981,0.100140831314491,0.665222970411403,0.752775517750828,0.27532588044808,0.25170018974659,0.231426281996755,0.574962493136515,0.332608107195501,0.0735398604857867,0.214095218858827,0.111379569096453,0.729763022414621,0.325888054279405,0.299634590338376,0.505410313323504,0.442054947466775,0.216290518195085,0.552120531447993,0.503220873714098,0.292404567042865,0.568442610600106,0.675427282121137,0.362405011607919,0.356309429317164,0.243308621148692,0.633175144468261,0.262612784063446,0.841952911897467,0.499878881397561,0.205586598258647,0.511702684777256,0.450565655433049,0.569656379939036,0.570698889920151,0.371655862801384,0.74391399871097,0.274890775399518,0.420369323081244,0.671488206729792,0.390980133204794,0.744172171571152,0.692114601313404,0.439967852813797,0.351851592169608,0.598260157386627,0.527795254015438,0.194740333598438,0.369220672680755,0.535613431197955
8200,4,0.382510492192431,0.144611620842572,0.572954512631101,0.731954220011781,0.192592578448267,0.173514569148003,0.10304912743774,0.52469972273326,0.215359329044221,0.242664493062862,0.434357017209459,0.132103603328724,0.618447487174851,0.641508678685403,0.381740910963888,0.659799894258932,0.433117721452157,0.166679127648311,0.608870519591692,0.243579346881568,0.21209271320775,0.401245544386,0.532769866655141,0.318760480641415,0.462098271244149,0.376707672318499,0.88883265097586,0.358378141059342,0.521677230549135,0.210008154407394,0.114455351330987,0.479234322552429,0.298736557640727,0.616264115865472,0.650501634508923,0.254143147749153,0.652932905311228,0.0686309275022569,0.511176178224958,0.924426606792516,0.624869462299197,0.628643298453226,0.211874115220607,0.365780671002861,0.129017726057707,0.573379063986352,0.410820472639673,0.207099863243749,0.361934438084522,0.439739317211704
8300,4,0.455821173312918,0.0477980696589084,0.294381093470391,0.688384050541885,0.0923342605927003,0.336891126259254,0.236711726814081,0.556587992397248,0.354168989474081,0.168291186209582,0.590945199094241,0.104267347531104,0.340632800969353,0.428006682798957,0.3926721128538,0.486245119379109,0.171419065503638,0.0635725109583585,0.687836816721162,0.375543243356991,0.136921429761949,0.395614300919749,0.579271468216103,0.151620546923568,0.553592353885595,0.539808555322021,0.799880415069106,0.260698568652042,0.341517805671803,0.205306046732308,0.292725683812403,0.425797784387898,0.364687911121769,0.71930608143266,0.460716798697926,0.430117749879685,0.637053850891372,0.301786335589688,0.461332843362733,0.509580315033161,0.374944971519519,0.710252655607165,-0.0426332373999615,0.166134010548864,0.163429623965872,0.589405196679622,0.306490853261304,0.269551319736853,0.293936663052085,0.352599049904737
8400,4,0.5237492016901,0.0456170627103133,0.381042160896793,0.549871996322183,0.268939282360868,-0.00338218151982814,0.0712725554044808,0.405044093048504,0.612733396134753,0.142374805292728,0.527914902156493,-0.141677749680209,0.3913067927323,0.241725032583623,0.240858819334885,0.459353645917743,0.505234166531835,-0.24221981867542,0.504425568397413,0.486226146793685,-0.124705845147839,0.392018462961241,0.583491887948599,0.0993676772487752,0.777588231550187,0.410003964240326,0.978870082327658,0.160206099758752,0.0721186288996007,0.0506235816210223,-0.0269991107761934,0.0363594458532471,0.276986592890328,0.700118006695724,0.489288292919828,0.397539610578038,0.785037255555425,0.227869146959276,0.186840356663525,0.503269409454417,0.366953522463218,0.70093947747497,0.0448402683775269,0.191154069793256,0.173857766630419,0.69339408671407,0.335284339140083,0.35807149601427,0.38431727487146,0.248131292255356
8500,4,0.323182212290042,-0.00506802795559397,0.447821741982706,0.486766879278837,0.334008276603539,-0.0476748807068512,0.0886506557690955,0.318770244336655,0.672581395189832,0.0498775071701164,0.494938654959819,0.261429707523987,0.222333892663758,0.368964459885244,0.129131690836848,0.473895056200807,0.381806463641087,-0.242051062734037,0.513318263536252,0.35086548023578,-0.035332554023859,0.200289448500573,0.309305948372519,0.340739316611337,0.553616527011586,0.0127500730495199,1.01226073628521,0.087914877094373,-0.131719547294243,-0.029884960894124,-0.0218840628434139,-0.0769236972459482,0.424703006271869,0.840696921630656,0.444474577491493,0.234349979566512,0.584148304226168,0.305771284476258,0.125961613499055,0.477982630708525,0.596860602329437,0.494901035205277,-0.0236779680555666,0.500260487287853,0.16618270009059,0.711239634680841,0.118721093909287,0.152769133846491,0.197189237003466,0.188679128027698
8600,4,0.404948208698447,-0.127761838912709,0.213504263602268,0.331204049513785,0.295436183190572,0.00542346672946245,0.0253153218689454,0.580372858352897,0.480616882229601,-0.00752098447003868,0.4990920290028,0.376644937756863,0.250801243161235,0.517828734273875,0.0557849301700211,0.526690188829012,0.339086213040358,-0.0773563672066549,0.340518267134414,0.329425106293499,0.158931483212355,0.255852199207729,0.355531411042201,0.466055071467246,0.24692999931826,-0.128750988842146,0.962710104790717,0.0310701999922356,-0.0989953074548295,-0.136057403576563,0.104147807846873,0.0942465848495567,0.490295532329396,0.631698671438592,0.356760781808205,0.268189157839037,0.509122363005023,0.287120077189185,0.248314611584634,0.532065283228111,0.649381571527786,0.317151100243727,-0.170772297308952,0.738303127269221,0.125351315170316,0.678169154371748,0.175225527371278,0.205114427921183,0.377861530938201,0.0945351544068598
8700,4,0.282596044809131,-0.0732305272650447,0.0536251588633312,0.245865585425407,0.218662522624709,0.201236035809355,-0.154278942206119,0.476930109228847,0.0630985372868216,0.0492706363435154,0.452102207445281,0.112208361874776,0.176685267556371,0.503156056111256,0.148581452956798,0.332861455713864,0.0550407446157349,-0.288325140604737,0.168096872545579,-0.00628070283476784,0.350064821332821,0.415680638529425,0.173897722228218,0.442245556104149,0.217162564701635,-0.219191490135634,0.860217705838001,0.305023527980183,-0.337091574403432,0.182489654803135,0.142983567862171,0.0467808689788457,0.047960638386001,0.245286770767585,0.220902791133617,0.197631968132121,0.562357882731914,-0.0985566963768219,0.138923554616655,0.362796754640522,0.621873434595884,0.337311294773815,0.0901363137782482,0.40529021990727,-0.0645908345449208,0.507558095879039,0.0461576973440556,-0.0344474575071014,0.0823283455600358,0.0642189198039329
8800,4,0.318418674079571,0.0932697133629896,0.104648701484418,0.206256821168313,0.373535019813813,0.00972001817087567,0.0718158593119664,0.354927645270514,0.133240065965869,0.160803826201704,0.252141290569651,-0.131313797207346,0.113727259337365,0.45607601941724,0.140805718857599,0.513816941242331,0.121183434312029,-0.304718127120289,0.0358450033886206,-0.0580392497614966,0.315257516520049,0.175319144611692,0.408870904497795,0.179096899762955,0.0676894894733753,-0.190700811939368,0.412100815416153,0.179935006389577,-0.298970366080063,0.184806576375107,0.153498757744054,0.178972411793279,-0.0543881807591822,0.239383372885585,0.515000010234468,0.128458001321449,0.119717990041912,0.131947395805157,0.0305702356403807,0.223997778041939,0.505742039567095,-0.0385614051020725,0.211710825874388,0.298480103480134,-0.164035185494843,0.46571327606415,-0.0319251568867119,-0.193936469903327,0.0901547688509184,0.142970981589358
8900,4,0.168132144438278,0.160266012985707,0.0924145046825553,0.368658863348903,0.0210461778092231,-0.0651211602626732,0.0502386850314709,0.304340741332936,0.105672634375015,0.186317931606996,0.264169281264403,-0.205247361327833,-0.188048211141059,0.235965907284882,0.129187466282079,0.475992576607476,0.212082541257087,-0.00492646235015332,-0.163806489222939,-0.0403168599178581,0.0496931700327463,-0.151096448539321,0.602648923763602,-0.022874695950275,0.0352189370693375,0.0606093513131155,0.528861195557251,0.342506739915121,-0.358615779004713,0.141771685225112,0.481565699475714,0.224021264571392,0.0383119844558498,0.283758837074871,0.347349678676782,0.293477417364363,0.304275977531722,0.000925389882134364,0.0172672536869664,-0.0155486726030452,0.439220432657021,0.0260699267244518,0.105866591396397,-0.0272763223624767,0.317226531560855,0.304159895315161,-0.10888544232015,-0.184058700477374,0.138102996757616,0.200007910676933
9000,4,0.174590806171007,0.0734638775029205,0.256050570905604,0.440038563796087,0.230798182838442,0.0402650706512445,0.00438582167759732,0.512626133827786,0.196008942169084,0.147601821799892,0.332727266719353,-0.145606267462472,-0.147730347580472,0.0516321739738694,0.480540499675944,0.269196492380346,0.0532533237818441,-0.0167966633060736,-0.225235292698719,0.041061870408334,-0.0799646651996033,-0.233298671881235,0.711156269297487,-0.113713133047248,-0.0841144467199441,-0.181866342617467,0.381976718692389,0.314669475718481,-0.269305562861299,0.0362952854202859,0.27321885151795,0.19909385215896,0.269669413424908,0.2403847198168,0.322647319289371,0.00699823961800777,0.140834788469692,-0.110392781007473,-0.190367232917402,0.00902454231304217,0.449875924006924,0.0537625415306202,0.222058268354912,-0.170339066952466,0.195572963623834,0.315904339347564,-0.00178213518425108,-0.156256321872313,0.393327242224401,0.0967079853639057
9100,4,0.191530973620301,0.309245921447284,0.254802873275042,0.188583687972542,0.168105745915816,0.0363279040986408,-0.133753481960923,0.513488362246605,0.194053929414872,0.117920841516777,0.269295384328459,-0.17461625448092,-0.0837720421396234,-0.0655105251777165,0.389561349030673,0.203589670159742,0.016785675060048,0.0291844578669124,-0.031059722996133,0.112061382648216,-0.258731140898719,0.141164889562321,0.7855217756409,-0.116661691985601,-0.0273165537312979,-0.132337177082168,0.188122818366722,0.0253910213577546,0.0676027922554952,-0.0365644063685044,0.315700558271195,0.166933861121162,0.0182181048570699,-0.0310514125470441,0.190890601044469,-0.055101703852619,0.482399638412341,0.00680875866080882,-0.0262724009237008,0.113524003031442,0.251118777657213,0.027157793341047,0.117658274986433,0.0209727616092398,0.16068966817109,0.451279045861613,-0.0456510540706591,-0.283571343694145,0.257709839518112,0.200477065262937
9200,4,0.59277772554642,0.41943932629559,0.0852617768832198,0.456656889019338,0.354509671746273,0.0122815886833113,-0.218989678042971,0.297072078269378,0.391658507638294,0.321478060516078,0.407151471928727,0.099102986449567,0.196431728380834,0.0269909203139416,0.358090989984449,0.362797833064932,-0.0733860589254887,-0.232524410345994,0.225405522899412,0.309589258347174,-0.089479877836416,0.371982504548916,0.563429349373932,-0.177475986105131,0.0588244774592207,-0.292923707154535,0.238631002589779,0.035666579068319,-0.0205284118331752,0.153283649107527,0.17312282383366,0.280802567309699,0.107637299081373,-0.153136080795821,0.0930130541330455,0.185799300579308,0.464345476879438,0.226688210437562,-0.141928388871368,0.0978318027882251,-0.00604156767217823,0.0784287846481121,0.208373049919126,-0.0645018486874885,0.0864232284237829,0.450333342893811,0.145680481069231,-0.100206395366335,0.360880688652112,0.0740798249819133
9300,4,0.552482881693124,0.485938880507238,0.180155508337956,0.214984826822297,0.122945730179733,0.115631498286312,-0.130837384667068,0.394022313993836,0.612447180796535,0.316153076244461,0.452647766446467,-0.0215951993216391,0.164087724824853,-0.00682612257207277,0.388154095904192,0.475892386098375,-0.0468809804377847,-0.0942344537765618,0.312251688185176,0.165344285420398,0.0517056741931281,0.259362316299894,0.423461481596131,-0.159812097948443,-0.0987433962606839,-0.132909815989868,0.00690122650321617,0.167849474670766,0.0737701189731172,0.257232460637869,0.214935097481316,0.192583249990119,0.188026245565163,-0.290392548837822,0.250055656123927,0.188664937261349,0.302675956258492,0.229559316324807,-0.14808686215588,0.0673563414943218,-0.157099276001564,0.00473417284555355,0.197467157020497,-0.0335703507481156,0.106132139876156,0.522602595368745,0.188964049418256,-0.302904122149048,0.201254745514922,0.0232434722917203
9400,4,0.31991034804939,0.337860037106075,0.264049061799082,0.31758729721271,0.116997691732015,0.135944312707329,0.162608979326203,0.210571099635553,0.382397109151721,0.0895447638304234,0.529863691621285,0.000451843921445982,0.0665862007555579,-0.13240609916102,0.0712611102883536,0.553166999053734,-0.0715458347153357,-0.177323705146196,0.29050066292406,-0.0132750047141445,-0.0612416510242104,0.0548280114595254,0.505386545154654,-0.0887048659584403,-0.140039731368111,0.101236471127963,-0.142269393598966,0.302757378868506,-0.00629483277795656,-2.45681386215058e-05,0.0578238618371842,0.0877099211346137,0.292133889601553,-0.103639608175957,0.135987401596892,0.185797063872066,0.282544683139918,0.0870331484493255,-0.169377174076422,-0.0726884576342971,-0.182282189308863,0.0496368278567506,0.0173216303669922,0.279336366060836,-0.0506209711250942,0.264147163838597,-0.0305590694365066,-0.467969943055636,0.0263159162359941,0.0550675317302808
9500,4,0.121097491477792,0.361955449666189,0.278763299415,0.209673454788984,0.0967681502536478,-0.188313819476768,0.0474410904358948,-0.128771642881249,0.220172682410694,0.309468798575363,0.463105951268038,-0.0167160777894105,-0.0822929887927802,-0.230807521375829,0.0578509748222119,0.486613907021019,0.0717989078318111,-0.0779517600743133,0.0105009066327713,0.233957791886081,-0.338482871566499,0.0565163814656189,0.150990730279406,-0.0770674698672079,0.010499002255867,0.289205029796177,-0.0163255367473906,0.460896627087719,0.132205913377186,0.0606563722781789,0.361369034852225,-0.0384466412445819,0.480752905518647,-0.163656411148136,0.0864389998728828,0.21740332706057,0.0593720699623561,0.225376499658017,-0.274757581500037,0.052526021474073,-0.206727958333254,0.0562815364549902,-0.19330593221329,0.366348034975694,0.186031978906097,0.362735410705251,-0.151977972559182,-0.436841018505756,0.0352836037410251,0.159274523964452
9600,4,0.175340307367453,0.452191496009727,0.319606478619429,-0.0450214901957144,-0.0450158112868961,-0.123387947601605,-0.0487198248201264,-0.338226727995746,0.319511404779626,0.216803915667841,0.0974303073071734,-0.1742882264522,-0.161661985680983,-0.14200681250528,0.139522818386534,0.292101545983037,-0.023291989014767,-0.317632546090425,-0.130111563115356,0.248736865598866,-0.308680039154927,0.00126378607885475,-0.00431424856678567,0.200592450783307,-0.120561634601007,0.16369031295839,-0.180748432529728,0.579035725143403,-0.170528759026343,-0.166545139068054,0.253479204673911,-0.0728297412169602,0.436605833849556,0.0205169936103043,0.0474368836634481,0.546398286403258,0.0787228664552763,0.3202249094649,-0.169206986033861,0.0404303481612867,-0.395400839150357,-0.00057872024628941,-0.23215672342732,0.0762834799327657,0.124845494357276,0.590501532099744,-0.123783007202147,-0.384477267070978,0.163538653625839,0.0503067726430308
9700,4,0.15249973897138,0.331655125320168,0.261621247530291,0.0632524207667507,0.00409875941246141,-0.20019814971597,0.137619500376918,-0.191351542450145,0.120490885475577,0.0658390091259051,0.259206167587041,0.0361433105639217,-0.525877859613195,-0.155024234909887,0.116867287914714,0.307299651015503,-0.0350338886979205,-0.130107539316221,-0.104220605888444,0.130645782188954,-0.117870793418076,-0.0503052525092758,0.00245725448990256,-0.0436944851353094,-0.0867116870778746,-0.129646592094148,0.0267510351027085,0.392443858596884,-0.506710117126153,-0.365082802587281,0.129827651180924,0.0723603586415177,0.100013721604926,0.191840963798756,-0.0358924275570477,0.472873666357658,0.0739838656585049,0.0551768885840399,-0.0927954839278642,0.0570884531700683,-0.341644916920582,-0.250896839274434,0.0109381908844267,0.0200525746265725,0.00985923547379836,0.552335272501036,-0.221118031261686,-0.363060483044402,0.427401673250688,-0.0687136388287867
9800,4,0.405183240545869,0.280982543620635,0.221853677791287,0.0431669944771567,0.052973290602034,-0.151731413404457,0.0154007957617524,-0.103509254631444,-0.172950863677287,-0.0240963554316435,0.161114490740128,0.0747558681149473,-0.626211759125498,-0.314257528694509,-0.158002603248584,0.278440118906439,0.0290281538259446,-0.2580297663842,-0.00210001093929096,0.0223853991796069,-0.0635855297612384,-0.0547432847789946,-0.206769251645964,-0.0589556524228774,-0.00725224436121114,-0.0987629016382919,0.00468521742527009,0.141589815699716,-0.320240715254296,-0.298296022583035,0.0438722673746223,-0.057712367703584,0.214790293065751,0.0867004468769383,-0.130623423140339,0.408226773326156,0.0584724441549882,-0.0322706942262552,-0.266321434525682,0.134119017588456,-0.42107809611677,-0.111610270928714,-0.00733119619870889,0.0248006509750838,0.0502065935374631,0.447073800171304,-0.0734808726775772,-0.194450564244285,0.305922187293973,0.178227884456703
9900,4,0.314822771445013,0.354777784363635,-0.0457451329705766,0.0480024266217455,0.140906132110911,-0.0718160618755223,-0.235820375580052,-0.0167740027732143,-0.0497422035088277,0.0238846879016859,0.107903418699189,0.158454563311719,-0.391209636447481,-0.411388747586215,-0.107845141717681,-0.003683938025518,-0.097821451746187,-0.0159593068064156,-0.087881460462611,-0.212610041855646,-0.0900420011470831,0.148153090651259,-0.261733268199018,0.0146005657560762,-0.0285863210374077,-0.0820649056506629,0.210501251229114,0.0313180125048397,-0.374255500656525,-0.44761055854734,-0.212448886761741,-0.0911808012658147,0.0352825845980865,0.067105981274611,0.0824358780670793,0.529986842094949,-0.076543714046364,0.134529740504966,-0.345299560259562,0.0942649901414649,-0.299709656766859,-0.199504721491199,0.136032783918633,0.0138084311164399,-0.00396423795963768,0.180178242915064,-0.408993571582309,-0.00365874224391732,0.121400059472373,0.0560332322753379
10000,4,0.232331724512834,0.316923162840874,-0.157445660452163,-0.0458312771481528,-0.0670714617862067,-0.131102836138391,-0.469981847402271,0.00613545351402767,-0.133336209313644,-0.172560819758068,-0.128820929017227,0.196061270308618,-0.200575152658655,-0.27695892336607,-0.360882724934318,-0.0572524042714071,-0.212815255294047,0.035998744162819,-0.316295314889773,-0.18059513706447,-0.322113037740094,0.0876422355359124,-0.343477592386511,0.00342050555339396,-0.235589479897358,-0.100697670552507,0.108421056156318,0.14486051650539,-0.439117200855897,-0.417931230735043,-0.178478046457895,0.0713289929389345,-0.0856931292499617,0.21261048936794,0.0218658938269272,0.359822077872561,-0.150632386705527,0.289116122863326,-0.388889235153037,-0.0104525424438962,-0.19554029539691,0.064767089843606,-0.183213605727004,-0.263394549267231,-0.228025757423207,0.0261789419307751,-0.674845460510127,-0.0120789801484748,0.199427020338437,-0.049830025247851
10100,4,0.175429735265148,0.27583106946234,-0.224306850899109,-0.0830874972957058,-0.136483734294293,0.138576311713905,-0.308091832583254,-0.305249336907663,0.0694964461222728,-0.0444730793314047,-0.253496688260463,0.0257615334114557,-0.412975039323069,-0.448610134095958,-0.417181562385699,-0.0157758841298876,-0.6100367658246,-0.068087975591508,-0.48421052123866,-0.197956996471309,-0.221730490634082,-0.227328112273409,-0.263274368152561,-0.0254437407427823,-0.314066570270844,-0.0540364423794685,0.0299539515769341,-0.0587500419730064,-0.0956154235343529,-0.52485302140797,-0.384475056965921,0.0703144009880894,-0.0428383974703695,-0.0336293454558807,-0.0766430018286016,0.0796575641758246,0.0681188882747051,0.275275010498187,-0.310476813391731,-0.00459492748986473,-0.374093552604513,0.048995524419255,-0.0406914148999594,-0.24207808001989,-0.0783159545998464,-0.0754280031464113,-0.878961780406906,0.124698490680078,0.0361584212990316,0.138189640335681
10200,4,0.288694240076707,0.262248301474337,0.0762083401002142,-0.145319202724782,-0.0690948019615867,0.181989224590328,-0.206336744206415,-0.510545271738813,-0.184357413292477,0.0446280759182656,-0.332420137255828,0.141433958942878,-0.476091402999452,-0.370230213831255,-0.32251092906916,-0.266576348545489,-0.269873627615005,-0.101320581518113,-0.387511677431299,0.0306550671568233,-0.0141458382961921,-0.299244847610899,-0.215981215889415,0.044989812111857,-0.277230868282906,-0.169423351982467,0.22098580693037,-0.174247553539158,-0.216268012501425,-0.40657482803183,-0.505158783200247,0.0291956923386463,-0.112392902638455,-0.248293155508361,0.123962463803202,-0.198728924808834,0.0125659391381776,0.227075574352535,-0.237517502311954,-0.00956134913704582,-0.492053010292223,0.0730870785140079,-0.138404133597425,-0.220241087925103,-0.126396173484578,-0.207638386979609,-0.432654076115115,0.203222635088621,-0.0931650225369143,0.0487363646993688
10300,4,0.251582998710217,0.0141995275065095,0.0440546062831912,-0.304957992981148,-0.0963826501169025,0.0715760950497032,-0.166640788487766,-0.417357528335017,-0.235563171389864,-0.0304076762211644,-0.158784348051177,-0.0432490228555938,-0.357504086916642,-0.325929092380543,-0.107479579517674,-0.276857967711185,-0.524884568923852,-0.264661952072253,-0.651642564875015,-0.105508296638935,-0.0851298225300591,-0.438287532495069,-0.112368978310649,-0.013881024604086,-0.26685008731223,-0.221369450879741,-0.0773693594518829,-0.350419546610267,-0.405435132268764,-0.465367801413524,-0.357638487985647,-0.138765486762648,-0.330472140334173,-0.337819608544264,-0.0831632313528625,-0.521159759832929,-0.0442622421248476,-0.160813911077719,-0.205033502692538,-0.00278509624595302,-0.392480702334733,0.08880696997495,-0.0843390516012579,-0.288296584542482,0.0404959662788137,-0.397819235334043,-0.484705516801913,0.228823756117746,-0.0749765506948337,0.015236770717912
10400,4,0.320908683056274,0.0912089302351949,-0.174176038205884,-0.484148696350796,-0.0341590895348834,0.118107943314844,-0.294387465756555,-0.476070928439551,-0.302164733134086,-0.140525183229779,-0.273128229282895,-0.285274307613236,-0.446499707594779,-0.329842908196192,-0.308362922981399,-0.512147136551512,-0.534290363107099,-0.244835448158735,-0.568232049618191,-0.373955775456202,-0.101416940618987,-0.499015214177347,-0.402818723550831,-0.00907516632629646,-0.279043832823771,-0.367798517389001,-0.313746177875518,-0.373954957317467,-0.309367625772864,-0.574610771667875,-0.582106394516421,-0.354714498793995,-0.295556805560957,-0.390634304405014,-0.420956062822646,-0.434979197378561,-0.255513212445166,-0.606583515140065,-0.251126767498575,0.0285616234202413,-0.342528751574591,0.214887507840038,-0.0538550875858005,-0.445230032062483,-0.127107858104207,-0.544228198306282,-0.503429000227777,0.222310031500433,-0.270990553438026,0.0995938514645614
10500,4,0.127486204295512,-0.262820610822757,-0.290866260184535,-0.438856820356723,-0.0426672234170011,-0.0178157401974638,-0.204590852414371,-0.368784675107333,-0.564099402548116,0.0938288835272122,-0.196845485742953,-0.341800105258125,-0.318922731508497,-0.349447049113895,-0.24134098675749,-0.693402647688033,-0.280748779400523,-0.447358706584349,-0.45695818065397,-0.243694401740904,-0.136281861816287,-0.76975740410189,-0.659968912492975,0.320899492397662,-0.224048022085542,-0.280531012370403,-0.145504182825026,-0.322774698795151,-0.261312785790601,-0.394905497633458,-0.559031986018785,-0.240078745301442,-0.436614624485105,-0.360809169005132,-0.504767882525246,-0.636135962102957,-0.537809387493599,-0.58052616717873,-0.396908456327862,-0.239681310704007,-0.195917539578415,0.291467892904455,-0.288683321777783,-0.69358005039392,-0.332465358576382,-0.473955999582459,-0.394783107748632,0.0321439335516377,-0.297740878363421,0.229694994024854
10600,4,0.133352114598542,-0.274749358667132,-0.486427216387671,-0.527973833025921,-0.129000028846799,0.0271856324377734,-0.14369578767273,-0.622275895657515,-0.590819751720702,-0.166852703029944,-0.140901339563968,-0.276002177726705,-0.337336334134756,-0.436574175395074,-0.573790227977987,-0.621654223748865,-0.527776077503996,-0.273481879647306,-0.360693173360897,-0.430724137582016,-0.182779458236134,-0.563900912349553,-0.530523933330074,0.44213087682967,-0.190691898191918,-0.456356279352804,-0.210581727979893,-0.291804638786187,-0.640116517323565,-0.337125769748824,-0.314631992248578,-0.395924780579237,-0.21759395560174,-0.133176762581315,-0.266522299986296,-0.650001099384469,-0.3695273906702,-0.613493523630918,-0.270569353013562,-0.430160078812016,-0.245763689128329,0.092568359881288,-0.244169509394546,-0.586208039973661,-0.5627425179621,-0.502228852315932,-0.313746033196109,-0.249311437969033,-0.308365460434288,-0.00657199896467883
10700,4,0.0554468344500883,-0.17835150511407,-0.378236799869214,-0.275198957723628,-0.306485360156142,0.122038766693626,-0.396580184282118,-0.829410956812636,-0.671668152037293,-0.285973396420459,-0.280166181207464,-0.277539968958284,-0.386033602027769,-0.445034966279534,-0.733765873691371,-0.476637783809028,-0.724742925325681,-0.235584930630708,-0.0680177310758692,-0.243986199830964,-0.0707594210596262,-0.515436511421699,-0.507561211061388,0.200030522661811,0.0802313219928086,-0.485217020671981,-0.225302137610136,-0.406253972594854,-0.84582491920248,-0.480350994137451,-0.406026651380164,-0.50222041916138,-0.235377527496758,-0.249949179423528,-0.288046475140782,-0.535147834980383,-0.571086310628009,-0.367293906224197,-0.273810502219858,-0.474062955640149,0.0925098016569084,-0.140486476663279,-0.239312016637946,-0.525092649254997,-0.289786200767121,-0.359689765732622,-0.500058842627813,-0.472576907024133,-0.349032058831286,-0.203808930476509
10800,4,-0.37363833527342,-0.418496572424283,-0.31992148585072,-0.258803629554541,-0.409491810659633,0.208110332220299,-0.595788185006673,-0.64997929753172,-0.615769048635429,-0.318983108288615,-0.298754904208574,-0.372699234016965,-0.516687955586444,-0.661066947834777,-0.681115706873245,-0.116345600740033,-0.687471760991099,-0.14706187773208,-0.288274609132526,-0.457289897823403,-0.0893835170897578,-0.444374579722553,-0.534580573572331,-0.051734356144686,-0.0719172018577798,-0.288488775580143,-0.383332028441961,-0.573874603420498,-0.568871159270264,-0.356754403510877,-0.371441306471388,-0.401867960254845,-0.549705826638888,-0.280529464142706,-0.17638336342724,-0.582955998095554,-0.575281398236623,-0.328780590652918,-0.489288291507365,-0.302885530488214,-0.0590349352438083,-0.125852996181498,-0.332079205007306,-0.168878782407161,-0.363509733955777,-0.398558610049029,-0.336504656179184,-0.604597253063854,-0.313420282447903,-0.322754506438426
10900,4,-0.39343956307423,-0.54929370975421,-0.674174674690108,-0.165089829200115,-0.476695355661737,0.187388179722279,-0.667279329005384,-0.853929350051227,-0.886595609993373,-0.377521733292135,-0.61881349261823,-0.40785382168526,-0.615869487126654,-0.551367511703177,-0.685540086586964,-0.0127872170043956,-0.613974569994258,-0.483153755145819,-0.738271590702501,-0.614760158394338,-0.145744631278331,-0.555493389936369,-0.237637744781034,0.0435240473236269,-0.0167701638899734,-0.406114736436586,-0.224395547311631,-0.777228115400057,-0.367224459039655,-0.139421750431147,-0.406406644365947,-0.414547179519714,-0.660912874841863,-0.717106443606821,0.0400165244082836,-0.313276082578947,-0.514101454753791,-0.442930447717339,-0.538705077090465,-0.419715498404305,-0.269617471621058,-0.03602106040585,-0.53793030286168,-0.295711645057082,-0.629470856620481,-0.353599717781017,-0.38951966936507,-0.504321735288071,-0.364042056686853,-0.458668472274136
11000,4,-0.353805266206802,-0.733145847435168,-0.580581760678983,-0.0480655950951959,-0.432118724714999,-0.111704364640305,-0.532838152279802,-0.937681420495965,-1.03951105753876,-0.464685444784828,-0.705263127498139,-0.297577159651963,-0.667728993220944,-0.604562075892405,-0.799529004985067,-0.242579973474532,-0.617926396414305,-0.714960524176273,-0.808733145816559,-0.903497914883575,-0.289492216507077,-0.646324615974252,-0.631400533429774,0.0666087521505385,-0.105060264491729,-0.641277041694251,-0.358692985230318,-0.71250844575668,-0.521514917491455,-0.269350973554873,-0.12657347212595,0.000987419528640399,-0.681732946597324,-0.906615075547473,-0.173401225428481,-0.39283974070181,-0.496202184353792,-0.428094735925121,-0.479316374752218,-0.234409769915188,-0.103485442778621,0.0301113080567735,-0.622493107565856,-0.341095085152801,-0.575082511487833,-0.269104447178861,-0.507707337392521,-0.484055477627989,-0.205747630081837,-0.770020026291584
11100,4,-0.398446989048089,-0.656932315657625,-0.570445691907111,-0.198768374954398,-0.618755416361201,-0.216993270206947,-0.650375342156908,-0.894592328267365,-1.03220091742296,-0.450747508214976,-0.557226682590059,-0.595558174550129,-0.753244921229218,-0.357162422231367,-0.68057701856471,-0.620375291993883,-0.637663814464913,-0.742300279245979,-1.05180157600638,-0.906939824750779,-0.470410627324765,-0.767352337953311,-0.549040184112141,-0.302209668949927,-0.113024763518501,-0.569365152494888,-0.645614609680184,-0.753856437139009,-0.426830691496981,-0.677178548656046,-0.282155226756479,-0.281819057011108,-0.569912739781057,-0.93955297261619,-0.570064980752944,-0.419253703794715,-0.59959701174482,-0.694862520312147,-0.682180453231055,-0.382788061146405,-0.245976203296208,-0.298695433762044,-0.411890236638199,-0.286367658592048,-0.63468018403578,-0.533836231006126,-0.455742342628171,-0.455363268720418,-0.244986027750771,-0.594379005318854
11200,4,-0.575149793798041,-0.676142844996883,-0.853385997474163,-0.261249759973367,-0.484717082954842,-0.317460786981429,-0.485148048234013,-0.706081217526043,-0.871757721027741,-0.51369475697137,-0.368719010362868,-0.945654291190358,-0.638593469980849,-0.438433653324502,-0.809137742998841,-0.744835270729444,-0.770942243236033,-0.722052332195332,-0.878198644513256,-0.753371759420814,-0.443233354530758,-0.707718986595107,-0.325944577687814,-0.344684659502479,-0.22405164630509,-0.297496481139628,-0.681427064381209,-0.940853532181547,-0.456025280734142,-0.715522674986316,-0.576657390703574,-0.412878953842702,-0.532703445586325,-1.24649423034393,-0.89872574730718,-0.532172698972729,-0.939269775023792,-0.643715221364796,-0.374297952230893,-0.307427368125154,-0.399682188668267,-0.406086023383428,-0.506448990786227,-0.277687976287005,-0.794412161175419,-0.62119825516154,-0.18505913319339,-0.309795585082496,-0.433753919443928,-0.604774681310445
11300,4,-0.672733676413764,-1.0403468365784,-0.682639370151163,-0.368321586392074,-0.67224347933011,-0.322965599726613,-0.543749150290448,-0.848938772153304,-0.994412132550266,-0.592305474024746,-0.652538285174097,-0.627541726937755,-0.659282752969756,-0.660450206572728,-1.0221100928851,-0.629649687038924,-0.539451260296737,-0.541628173359961,-0.875742766469558,-1.03827288700343,-0.627580220239168,-1.02909102251098,-0.555469390162926,-0.705502543990246,-0.246454170501528,-0.500314510282012,-0.796131267286071,-1.02163159211523,-0.541157370565306,-0.630095999153365,-0.708925408791793,-0.64411847097105,-0.692721071854976,-1.06173794397066,-0.802449928293019,-0.639301039196905,-0.878880661942164,-0.787143061457702,-0.407312510040099,-0.678802751085289,-0.748215343720758,-0.558928780513044,-0.445414745604278,-0.194388023209714,-0.671872656595542,-0.610046820159618,0.0218375421709642,-0.783186960506189,-0.795401670066454,-0.837017747822124
11400,4,-0.669482115389741,-0.826900986091921,-0.461058127189689,-0.383552475668426,-0.844605632849342,-0.61481207013635,-0.569938150598275,-0.954462103100364,-1.10539837465269,-0.720757933908221,-0.628382682943433,-0.852272665297423,-0.914157609962903,-0.24166578603841,-1.0978327757127,-0.839477114284487,-0.758294322323666,-0.595525177437667,-0.705311285088232,-0.943250426012302,-0.785008455696259,-1.16342726282415,-0.512125622072033,-0.816291669132904,-0.236136610963481,-0.567200147637067,-0.804350520959737,-1.03590727899369,-0.504298952250157,-0.601438590185267,-0.741930664479028,-1.01719375044515,-0.67441742317469,-0.906189070395617,-0.705186320124467,-0.646558131425554,-0.756913794745712,-0.711614292045181,-0.648169575186645,-0.73506190249982,-0.624979170666171,-0.635174489198192,-0.801637510600595,-0.138062725988477,-0.756969157304591,-1.18853360087269,-0.0956386707275838,-0.845009827924796,-0.740078015289539,-1.01792389085742
11500,4,-0.768200436621796,-0.834168179323917,-0.515845857937388,-0.365413906341922,-1.03807674399224,-0.30798723710018,-0.576366781965041,-1.05285311573081,-0.831988117472793,-0.709847075508215,-0.55814871017304,-0.754363292916917,-0.875786125649751,-0.288784352558764,-0.987555888259659,-0.748914179277272,-0.795772745375563,-0.721180373370922,-0.548655974009047,-1.26087696837641,-0.765445697425264,-0.921873217693487,-0.707763280725709,-0.706673297643727,-0.373228203784123,-0.703206159269561,-1.14468267075014,-0.904023454250483,-0.814291509449071,-0.591255425804463,-0.656906487316862,-0.871901041003444,-0.861878713384987,-0.86091110558904,-0.794467868068108,-0.542576396619416,-1.01627767618352,-0.732711584859526,-0.516727678760313,-0.800767372315525,-0.536065769753104,-0.452100726892786,-0.955975003112039,-0.501239024867982,-0.586851847539452,-1.19039526298263,-0.369594900441173,-0.748737563524821,-0.906447460381675,-1.06830887592151
11600,4,-0.798504910322664,-1.26591960646033,-0.901381498177027,-0.212176657396233,-1.40574763633248,-0.198845841135824,-0.684230549718561,-1.3852456192271,-0.997696634189871,-0.844203804504377,-0.432865841440533,-0.786407683420764,-0.730607996019014,-0.374442434664465,-1.03594360155672,-0.705452904691836,-0.927504658640499,-0.508670905715868,-0.7544183453551,-1.1557826013855,-1.11661429435974,-0.860621051006612,-0.490992971078687,-0.975557303269834,-0.979262127423084,-1.06542565495704,-0.881970499926793,-1.04506117610477,-0.625111666009339,-0.420707366929597,-0.811009138675908,-0.983514809602666,-0.968048261925048,-0.853746081444182,-1.12352781636716,-0.922437754536936,-1.14356532918173,-0.871343433435248,-0.516971077941866,-0.480793384322339,-1.05056526626873,-0.34940712654216,-0.958855039345136,-0.548545715526172,-1.05082866477201,-0.984078660384653,-0.412470595374108,-0.830313074082061,-1.02042231407064,-1.34423801159255
11700,4,-0.677801050196504,-1.23552732328858,-0.980524178557542,-0.092524500090616,-1.31128646992524,-0.500787938956327,-0.673212639564962,-1.31876787300302,-0.594386070334797,-0.902466657787159,-0.675861265240489,-0.660834457854963,-0.769151532317541,-0.733747739993152,-1.11897390156303,-0.887790809980481,-0.991216173084182,-0.64795969092514,-1.03622775746923,-1.22460407507411,-1.38367024617173,-1.16987509075576,-0.750747806849722,-1.07547218267207,-0.605735092732261,-0.94930923823913,-1.06036057517294,-1.21383807672319,-0.515880859663343,-0.716228273240794,-0.879099522676582,-0.941183668671011,-0.874095229495922,-1.27940586416044,-1.25999129898523,-0.97142847324403,-1.12326091932699,-0.852893352880934,-0.612017342519594,-0.570833294350056,-1.00458075182721,-0.53186858328999,-1.08747976134512,-0.723504253317055,-1.18908525509422,-0.975249927820345,-0.653708725883156,-0.719152280740038,-1.15075703613835,-1.54584069759758
11800,4,-1.05312718564982,-1.21678673614623,-0.979514733653623,-0.342184381495184,-1.57866084797768,-0.578839449204701,-0.962950891987607,-1.28151778690412,-0.93661546473323,-0.932747636525529,-0.946032992829914,-0.685688874429381,-0.881209883703137,-0.982596969460158,-0.814548360562101,-1.12686971832432,-0.894730462376256,-0.968124674754432,-1.33206437337501,-1.21128026674157,-1.56544176562055,-1.25260418593822,-0.999963396540726,-1.09598285886292,-0.606500058726917,-1.08943409801931,-1.29845517836089,-1.18696604693716,-0.496494514207523,-0.636291586510478,-1.2500997210427,-0.933899795171851,-0.728858328149377,-1.43193514701975,-0.897422059869834,-0.9240462545385,-1.1021500622275,-0.801656752946778,-0.786357474910645,-0.640146486577163,-0.97578933426928,-0.606748975326636,-0.966133260224001,-0.592227509323365,-1.2158020338664,-0.858323243916169,-0.856570240567872,-0.567992790634263,-1.18030876382072,-1.48810882145036
11900,4,-1.0972767864816,-1.29120450483873,-0.963098446155707,-0.407400842759461,-1.61201861342911,-0.651919230845644,-0.951826397983311,-1.28114842853909,-1.08166273566348,-1.05073475320851,-1.1682199731489,-0.769819454069423,-1.13145905721861,-0.945708444165714,-0.881289376101839,-1.06460594164716,-1.06273660731031,-1.25098476094207,-1.20536950657362,-1.24573224529673,-1.55139870032314,-1.25402657790126,-1.00427157372996,-1.14402587645977,-0.970516665003373,-0.971960664460007,-1.39819957204234,-1.24186281071311,-0.685856797537087,-0.742222385949591,-1.09233940720883,-0.890697221391903,-0.574350188268723,-1.45226663219793,-1.00045736773123,-1.00391255726445,-1.10695864233174,-0.869716851125555,-0.857523939551858,-0.667146878967665,-1.19871698429104,-0.536201715399597,-0.857904042366759,-0.767108220172607,-1.59932649705204,-0.813282207346734,-0.736245669439579,-1.01604138145967,-1.45873583361153,-1.33879319203981
12000,4,-1.12270330233699,-1.33995957646934,-1.14661654161523,-0.615249885682231,-1.26115614689594,-0.902313605146183,-1.23670305412012,-1.25118907875397,-1.23693133490345,-1.35957622845001,-1.45836689762063,-0.771889877262658,-1.33039131436292,-0.860594464136521,-0.960978624528627,-0.938415010676735,-1.10874789725627,-1.04303913775808,-1.35879823836054,-1.39155951723701,-1.3942265300047,-1.11163085358492,-0.931704030982586,-1.19975360357833,-1.09422134323063,-0.895893925292107,-1.18727656824897,-1.36984727724656,-0.826477807410804,-0.719152996428538,-0.815005019030918,-0.828944443832391,-0.748908440860375,-1.55655260883895,-1.06286652102363,-1.13345147497952,-1.40442930459599,-1.26256208849547,-0.963020943081584,-0.835634698315354,-1.43489034815937,-0.344429696009358,-0.665820968604551,-1.15316751896461,-1.45591067015185,-0.815289860098271,-0.462299336625166,-1.1475228447868,-1.50395023666703,-1.43484395078993
0,5,0.222859648385636,0.257416034006055,0.356045352363252,0.14877923948538,0.369517229633123,0.257167150228775,0.321773546634351,0.201906533019015,0.483298239380967,0.340631050786812,0.0864516481366129,0.0514636775273094,0.203223998736478,0.405356838257968,0.181620207481938,0.216195059514654,0.349900783810014,0.123226891712446,-0.106446599483491,0.0818430692272928,-0.00124882336680629,0.167023062447645,0.255842654982188,0.115742033059458,0.131753291761467,0.257668567736967,0.219366561960451,0.410151739138984,0.0324809091623616,0.345240389498603,0.375485050307886,0.382590059137399,0.322142079201639,0.0406572098917055,0.0116732416078404,-0.0509047078510354,0.430527753232466,0.216512105693576,0.465858262400959,0.120605831958891,0.0404456602866245,0.254063738924098,0.259320734873161,0.168614975877306,0.214348931384544,0.30637098860867,0.167642236159718,0.267097738547059,0.193751628256264,0.0619071224171573
100,5,0.0747912367883953,0.00345561571185618,0.21271059328254,-0.0492325501901126,0.22978930506228,-0.0212067818362609,-0.00345561571185618,0.0719977304907743,0.181632352358287,0.169213918908512,0.0117500055985951,-0.213728309441899,0.0914520848667092,0.0131648140379162,-0.00920010516902536,-0.0592415178656873,0.209505517139146,-0.172321549761609,-0.252878903272911,0.00660296669229818,-0.0679610989728992,0.0491403975136925,0.100021307106316,-0.197300944162801,-0.0840261759329729,0.0201592888522591,0.0204039623362072,0.214150086441265,-0.197741715197688,-0.101021784401465,0.10049394666913,0.0199117976101996,0.163699841267124,-0.303079529707929,-0.0525451789304555,-0.0511958440799505,0.0908011906584867,-0.00560442874947817,0.378479574785899,-0.153156355756445,-0.215127091270383,-0.0278963448472307,-0.117950282174555,0.145402383070464,-0.0445362763897753,0.0719733911965475,-0.177658682983084,0.0971979730138851,-0.0596121940301569,-0.100367632274927
200,5,0.0490927362592039,0.0651852522619992,0.252982229073664,0.177228493044172,0.199260635165275,0.0228473016306977,-0.194343337554587,0.15958466186551,0.159298522863733,0.181309520916127,0.106599568310711,-0.138244163787159,0.0913875824403376,0.110910706207216,0.0288864104471021,-0.00980562275732985,0.224862193437857,-0.151144857041654,0.016170991900243,0.0668316704864717,0.127340313685101,0.154015895522097,0.238665522955207,-0.117211731543892,-0.0755367253080521,0.00166270904844151,0.117821771549853,0.274606689368851,-0.0608480481935243,0.128862195969898,0.306591871305798,-0.0433934374506211,0.228800172955517,-0.0389663388764363,0.05328667604027,0.105109875123294,0.176312088483818,-0.00626586983986741,0.273468813297001,-0.0464405820480563,-0.0119153727298921,0.0902803266950815,-0.0284993041285979,0.0957264203996063,0.0985371087886537,0.266339802643818,-0.0452197470194943,-0.00954574015622303,-0.272182733679629,-0.102387104771451
300,5,0.127154441104288,0.0341844892609224,0.134893582982172,0.317172904443661,0.171787242075394,-0.0289013188247435,-0.0946019809591902,0.213917332034479,0.127467726602574,0.327980876092114,-0.0012028416753494,0.0284066488050056,0.0913516151526873,0.0935885986253319,0.0274144665214908,0.164533265668438,0.31931760718558,-0.163110630307237,0.0523676499341323,0.0607959624607457,0.157811213752432,0.209459429585779,0.2165445421786,-0.0161745080985971,0.113141406745308,0.105563862301826,0.114164929028057,0.353104558817616,0.00367653433348594,0.163636405285989,0.339509126924089,0.1301550984819,0.0994080955395144,0.0837546977181046,0.0422346025465792,0.230794530097204,0.333447448101973,0.0511606554472774,0.373416690689875,-0.0151604782858712,-0.0134694047111528,0.131808676114512,0.109931076249092,0.160427778943424,0.190818625583288,0.36302372732341,0.0248786721965186,0.121928787285466,-0.229649412803584,-0.0599978218481891
400,5,0.126997539393488,0.200231057081333,0.185010018772813,0.311049416237777,0.189784549771688,0.241828227543906,-0.0269630723387459,0.241090491943591,0.164833765187146,0.485788406685678,0.138661210949803,0.152579994438688,0.292737651601235,0.29545521984971,-0.0297695729500831,0.101326597289155,0.27480356871734,-0.133225710436935,0.159509100283985,0.218502382165056,0.264502452871711,0.257758899040408,0.285109147876876,-0.101493273839696,0.18687248144567,0.169658957320433,0.166956664809793,0.219309074291157,0.1871617152685,0.26596729720822,0.419020218318263,0.148529527987405,-0.00960285672668551,0.152584664117769,0.113004482242663,0.334682269639566,0.325192947196473,0.112137756766084,0.442304367208011,0.122857997822196,0.0107430314844027,0.190767051888432,0.0261783594974414,0.0962975268161928,0.197221385759076,0.365751394379918,0.149674981233006,0.187463122285316,0.0653257767810156,0.14001649766836
500,5,0.152624163939479,0.15880936186035,-0.0374474927632979,0.256035150053075,0.0885938691665359,-0.0141290342462247,-0.0586404983881004,0.221577747624903,-0.0722561569406723,0.293607796903662,-0.0921337567034793,-0.046952556202358,0.234832327487377,0.040747244266785,0.0696102730138881,0.0263146349777941,0.117696928131033,-0.0858064783196716,0.172370110116427,0.181152491057929,0.257072636979691,0.0680972258825373,0.320538611470252,0.000541199571768319,0.0516904334178822,0.0588077132563137,0.0658486710606668,0.07550503846384,0.0961964826068915,0.10636081609309,0.260391853339853,0.0225600137685426,-0.0679402642463162,0.0314761811519124,0.175442667252091,0.189801661679172,0.138352979643586,-0.18342974351653,0.127095274347585,0.108801464636117,-0.0769984255040318,0.0702480266708791,-0.0793604359206292,-0.154006383960895,0.15370838565828,0.19424378776169,0.157898484326677,0.266802492372375,-0.0925408082969232,-0.157652193015649
600,5,0.203303666540833,0.14674175860579,0.0808880962919939,0.22469362303018,0.284163423627553,0.253657346980146,0.0254025138335147,0.349517010404782,0.00942640402409536,0.371334535455599,0.198240907500698,0.163065620002428,0.287929938915558,0.148561601991947,0.140580834461115,0.127950884335182,0.103876587047218,0.206801736410862,0.239127181799883,0.180773610923257,0.294073486665986,0.198518390269021,0.409010194897202,0.126642503808584,0.288233965141953,0.0960114806461453,0.130364955622733,0.147454267220536,0.286194597626387,0.148771207688132,0.288021635294801,0.191801455389709,0.136104165169121,0.0765674018074985,0.177177808480815,0.263291671685759,0.274192206977694,-0.0951088014004043,0.192413123146814,0.229411699423647,0.209282181989704,0.159288429826449,0.0471288713423778,-0.108013060737129,0.356061154919579,0.25780767754244,0.243454567337617,0.311757261823749,0.186860949507442,-0.00325332010705434
700,5,0.0325175574291831,0.0836131750612123,0.0462175930212725,0.0334869296675703,0.101207104461554,0.0773365886298187,-0.0449529894009094,0.12044817686414,-0.100237541319592,0.211962062812677,0.0566759243748929,-0.0230652815069293,0.223544580414612,0.030067394176444,0.0472176790718537,0.219024285465176,-0.0157556792261327,-0.013060660786031,0.0927708415973292,0.0965437625410048,0.125114302940758,0.0649683641487953,0.159374463694529,-0.00489585059244826,0.152363427083746,0.122514107734002,-0.0124267264409689,-0.0172607263675337,0.254113408198292,0.0533906671544996,0.325294490410596,0.13030698191284,0.0237994134848158,-0.0836558000835659,0.181878565932331,0.189241241912657,0.133995877845007,-0.310351840747648,0.199705350713406,-0.0306894334958934,0.150729329669377,0.0647109333050274,-0.0117546463941391,-0.0047017153720845,0.164153729526238,0.316332585855572,0.174929456470879,0.0818388624187783,0.0448583040222271,0.0822178571179448
800,5,0.0453747084733024,0.0097126930819024,0.0358377680747268,0.0513548196015366,0.14083392016632,0.0677295230181662,0.0827471736606281,0.00507702694365741,-0.0739627950457223,0.255899110269315,0.0176092074200256,-0.0982707780941298,0.131436025749478,-0.0172264744710341,0.00915148589847525,0.393108901885522,-0.0277939034279132,0.140962116211814,0.156267238782255,0.0751292316047276,0.117756846830975,0.0893983402418868,0.179310266198244,-0.025037262815132,0.0705670940316105,-0.0929484451304917,0.165771101161049,-0.0494694248144153,0.22883640453509,0.199540308296501,0.349305746723095,0.137831068090646,0.0351810124371565,0.0489984399043232,0.158132575495779,0.195910306187555,0.149118383050938,-0.349680895851222,0.18533623646875,-0.0732599576165432,0.13924268338235,0.0562694079192303,0.0920277217619336,0.134902079159949,0.0480969703230965,0.149722876856199,0.0665715578328143,0.172356361182304,0.134996097290924,0.130581176395243
900,5,0.118061558528983,0.0897356527255598,0.276361251526081,0.263979361408453,0.239640177161766,0.0649494103076228,0.109669384555119,0.00734805407165112,0.0890643322241847,0.309852904478,0.278176373125426,-0.00818044055489203,0.174988910014552,0.129204755408204,0.00317333216984883,0.283378715931129,0.165923558662767,0.382810965803604,0.214985662876129,0.156852610968443,0.168223730727625,0.234866075138158,0.234626281277113,0.031373154165112,0.110215159546663,-0.0422178274059904,0.270054318154679,0.106527163438405,0.306055261560111,0.368638404199021,0.247442968742793,0.182784148983162,0.193907034277309,0.0647773040396477,0.176658778583444,0.217587973011476,0.34284922447368,-0.0485561943797449,0.181425549124142,0.144062706764058,0.227578556832974,0.178580411704562,0.187918864163788,0.179539384466401,0.20200032971872,0.206949240351867,0.160994477552444,0.334510531537855,0.295654137333284,0.0469184073782649
1000,5,0.246302225591096,0.124325532333229,0.404921565683236,0.234650018660637,0.346450043900522,0.107719038439617,0.259243617753658,0.0085256712435629,0.297252403024809,0.237073242746812,0.346368304544802,0.125939376283017,0.178189350691109,0.0551024825503311,0.128778083865755,0.368207548550597,0.149112143663385,0.443440347300258,0.228861372014389,0.248473514911863,0.204897172658067,0.254742954579419,0.402199462918786,0.0337888103031999,0.123099632356358,0.00631002141198089,0.324944243425231,0.0760093789140694,0.379560116998179,0.324888759746701,0.35350036089856,0.133895245445627,0.378110134036559,0.011836869553349,0.225727021861857,0.348816441958735,0.45510908868616,0.146574690631598,0.206558243808297,0.204149995272057,0.133790103029414,0.256028224968404,0.23817157114819,0.101640250702796,0.181346394161795,0.200827346953877,0.221266422922544,0.336058474323478,0.374534368412579,0.232746660260221
1100,5,0.125270544186998,0.250825451526699,0.433987289262796,0.342397915041637,0.292336901472702,0.324436626631708,0.231720859202922,0.0789508733853768,0.260001078504254,0.298010971792707,0.264151177651323,0.25216726280656,0.281656029743844,0.1876286842098,0.303836669118912,0.402132729077371,0.262477147579709,0.390982514741114,0.241238621438802,0.153710758289129,0.251729252885125,0.312870306058075,0.455928028673154,0.0981929667051114,0.234058884304457,0.0524097003997042,0.390201341884057,0.20459962275152,0.279548549305572,0.513555161058945,0.463548569964218,0.184980456525073,0.356417980021641,0.00954437316706888,0.353271565264916,0.45506350664981,0.512330298113162,0.284772985959138,0.330120790640312,0.142441962221208,0.0931039925725834,0.311172060448157,0.355861574577623,0.159059724683317,0.282550003927755,0.196506434800031,0.260149318854257,0.410623798060266,0.361386334993632,0.228839432889931
1200,5,0.128102220381331,0.241288360919598,0.419077707096753,0.439006199056126,0.26082862048154,0.403727454697802,0.238699647749764,0.0954712399260674,0.380846757169199,0.374771339590185,0.280266860840094,0.376022458013862,0.315345983914376,0.130258454484481,0.350947515070762,0.444139730648285,0.348716397234193,0.352687773716938,0.36435607538108,0.240498397514301,0.333217063452428,0.326578749813738,0.600675936595264,0.238732773268843,0.190943899003333,0.0169869339276894,0.438886852825507,0.231435896192022,0.306264638620283,0.4569583499969,0.40017582521375,0.321553378497218,0.320740541828555,0.00549879786438531,0.214440588125176,0.487197707699657,0.483226969586669,0.303081863209632,0.363846799077337,0.279842260020472,0.0521784901267294,0.327651977968782,0.374563902621305,0.248206238842217,0.314355047365369,0.180678617132255,0.251668804431298,0.468879155693506,0.433157191185656,0.299607469107031
1300,5,0.018841936100575,0.0683521181931484,0.418498991968492,0.409702493800945,0.0579383624885796,0.351286916296082,0.378028199280395,0.15066105530495,0.325961255315877,0.367460750508078,0.145800382231931,0.28204573587414,0.252557132660346,0.186862533658689,0.241231268884568,0.420459127431782,0.340785034228016,0.355827744172457,0.340170246133616,0.229892312862239,0.286269018632816,0.221923770301632,0.560263964177066,0.222750442200347,0.135461045721855,-0.0381885652360092,0.422985178102746,0.128920020069599,0.257677371849252,0.427340957628747,0.247092908717384,0.150869615567102,0.200568274574213,0.0742146350726631,0.136586097119283,0.331692811312524,0.366342023143618,0.298957390004869,0.312425114045313,0.243712755746936,0.116329349850595,0.228122057319692,0.291825500438792,0.23869990120306,0.333598372448904,0.155118582621457,0.0752913438128619,0.352166359669602,0.335587607992355,0.192961070040508
1400,5,0.015509430591619,-0.00922015361567577,0.335368403568307,0.285860924667288,0.0854275180951398,0.161943760426043,0.18467332862821,0.248675746810595,0.304401492185193,0.365685901272273,0.0799514474048909,0.379933872202071,0.0886193446378964,0.294981812086298,0.203679906432159,0.267801859585111,0.306725476012882,0.147364584184791,0.151253082175258,0.169965977348246,0.144278179334496,0.205556364973009,0.29963723842849,0.130848848764195,0.352802497924765,-0.0251451746430081,0.322774827560436,0.0902240251292446,0.45687305626588,0.338044430418863,0.311928027452421,0.0946639701926851,0.0893978330269059,0.0758796361841087,0.0669533980037047,0.321023567155329,0.196938178312111,0.0470382056849316,0.126966986226229,0.161722182979151,0.218221713354091,0.1791328355047,0.194062836312367,0.125038268827869,0.383604399297401,0.19406904218726,-0.00383408278478681,0.279649812966666,0.388441022568876,0.0592678711325083
1500,5,0.116302338604934,0.041650784803409,0.431262393375435,0.410071002108521,0.065453218365286,0.170194054082147,0.323946997313105,0.103374920012352,0.221102078791919,0.236891056246203,0.118329134277345,0.509585593485869,0.0590996926831502,0.103176669322463,0.105138221584977,0.242414455661709,0.263249263115193,0.208808032348049,0.145511891151985,0.270413954194928,0.242078681836972,0.196192758178426,0.272285812104938,0.0191156511445347,0.341040819637986,-0.14810399746258,0.391085582369238,0.0885227974832184,0.441632273374456,0.357009203594601,0.303778369106635,0.115147697974787,0.122779976419771,0.132846646255651,0.0976368235705805,0.257699620923085,0.210420087033241,0.0257935830255818,0.071610928153724,0.176461099602169,0.145626684414989,0.227392974771779,0.107994754229886,0.0519779534383317,0.215333295022665,0.119132688204227,0.0590735869745092,0.0741895710673421,0.381063886657424,0.137157254690573
1600,5,0.0792213193512118,0.10403149140161,0.488799385054959,0.443928304700719,0.0206681776817078,0.22506547059194,0.498893236406398,0.12222353846384,0.414720687358457,0.336823511380627,0.207148563406825,0.385920440982118,0.0176700837654973,0.197552652794277,0.048770880922114,0.290748925405098,0.29065012470621,0.175761549961177,0.270483458219259,0.382965251729553,0.294435215759703,0.332540305127975,0.217469868402623,0.199601950397379,0.242801884348137,-0.0923399387470553,0.446636892183874,0.153889022938695,0.426912333277308,0.453245485899925,0.397491561315564,0.132809716768319,0.116209757878218,0.220304542333746,0.158227316471454,0.257328365737368,0.340691600118465,-0.0282414466324329,0.111575589180295,0.0584584859374723,0.133330080628528,0.16227716563572,0.0841012634326999,0.161870797887371,0.258684639191731,0.162029134666916,0.108488169576444,0.0778793702433282,0.363827409225351,0.325325561543135
1700,5,0.0290429863530328,0.0635952826375377,0.421907222577941,0.307234654593828,0.109086061094681,0.107388073903455,0.301970481568101,0.168638907504023,0.340089542997845,0.28894196293523,0.0719845592730679,0.373446101429364,-0.121247506491407,0.277642016526066,0.0315247150092122,0.221525442885163,0.239864410250233,0.206813645367603,0.207302261773242,0.410070155140065,0.276784886360411,0.201634543701362,0.273502937278598,0.310088590443222,0.292001687039258,-0.165163399397717,0.424632566025991,0.111104567794294,0.288816448557217,0.464108823776847,0.403096499016531,0.0477307277801748,0.0836286598934376,0.169274404365895,0.216627151479285,0.378519208488262,0.186377806209361,-0.0600884979647129,0.0688103509923707,-0.0154986345593567,-0.0883069583520779,0.148184968472318,0.135835644122885,0.199442827514816,0.153232274291631,0.12655773637036,0.0604108801355446,0.221764635176972,0.396922022415746,0.248743619669846
1800,5,0.0898166866086441,0.211535260237228,0.381603825797385,0.261996393318576,0.173532003750091,0.174158727213523,0.280409644197871,0.147019063831146,0.389538478601269,0.3179002422515,0.202151981072465,0.398876046804407,-0.0565627119869605,0.249081839698103,0.115313725487109,0.12143400431366,0.152392899223218,0.214058148947974,0.233838486307224,0.511048861632268,0.358444660701502,0.362426094288987,0.229042538300242,0.321349221770426,0.226901948250843,-0.147191662278155,0.354198950551021,0.157218024707638,0.332507695148205,0.52925496959896,0.427615487031593,0.0670807430388458,0.219054139699463,0.162283247778277,0.269499368692079,0.3995920780509,0.324062187644455,0.123133286329475,0.122451039110547,0.0860100656408236,-0.00799252002730461,0.239457996135576,0.206451190257056,0.245023660227011,0.240722917309058,0.206016230810466,0.301423737577066,0.136519818291081,0.400525855318278,0.260285546465307
1900,5,0.0464390977014353,0.305528536708005,0.292826292058041,0.322060973492932,0.218386998997691,0.171771194223764,0.225332971837801,0.210444377417875,0.426169288842717,0.293997401159591,0.376189673702236,0.467219560809557,-0.125017146006318,0.185409707330129,0.185975844927778,0.19667515549949,0.0687222038310083,0.213340200562907,0.296806015949571,0.425835803850631,0.327748965454432,0.419122859123834,0.254362524141795,0.166245474581202,0.302115279377191,-0.0976071567226486,0.374593966514326,0.114121646261187,0.408502229933164,0.342623877154325,0.432971662353148,0.102453439456385,0.165359726391104,0.256510703224254,0.31657007802315,0.339255082826261,0.12227145032279,0.200795036920906,0.0443842674937554,0.0880863256328773,-0.078135917437475,0.267839353903861,0.346448698185273,0.232003923027823,0.249811114225424,0.212193138032107,0.321665040485961,0.245510086426889,0.335456278189017,0.292473835326029
2000,5,0.164657005409855,0.225959738822168,0.320198542491668,0.288564617555902,0.0342840996291954,0.293178372639718,0.159889228916739,0.106493743187584,0.235600424910289,0.3890415710738,0.366005166273116,0.330539284007665,-0.132596976366557,0.228840535122185,0.342852564373953,0.10783083063288,0.202369001428454,0.220046586353007,0.373768454793506,0.38269680563224,0.388603428967437,0.471664838401115,0.181904495450302,0.210245841341013,0.171463135420826,0.0727839559969083,0.398063815978171,0.17594187181099,0.251527947152718,0.356345606455307,0.390361319496632,0.217033748968045,0.18028354157996,0.169112935885762,0.267899561684153,0.230653383208773,0.242514376496133,0.237163052086317,0.189648457631623,0.172252973314228,0.145143452719179,0.296750431075951,0.382733676277549,0.354431612221549,0.20401116044587,0.261442470902945,0.259974828998976,0.102022633204174,0.345377469765715,0.268292140658791
2100,5,0.275952647004434,0.167638673943707,0.277770685409679,0.328706149305058,0.160441183231239,0.345696076390426,0.303489488995713,0.204629493439527,0.208326008709941,0.423519826184143,0.383734854383495,0.43807959954818,-0.0468305413685032,0.170805272707135,0.354499468986541,0.0964380901003889,0.227330466543137,0.306109942346245,0.274923445805138,0.523817313008916,0.443889185439406,0.387407931591267,0.239111964524555,0.182763934237918,0.17599136335618,0.208578275904354,0.493054511931212,0.19253406936484,0.147429707078639,0.477977771231893,0.411620473568766,0.335208589866199,0.378072810328052,0.217999778451335,0.423832262252122,0.323080671101364,0.343468448314278,0.36985504646256,0.14895949784919,0.183028870866149,0.115457842885683,0.253984844651891,0.448204642725081,0.416899338874014,0.100466124148947,0.353198968778709,0.372376179025653,0.119071671445964,0.452308195755119,0.283620586555969
2200,5,0.207496518415844,0.205905506028663,0.236780475042052,0.166782164627182,0.22037991488503,0.30273755334002,0.340041164964706,0.11656486331164,0.26320916714342,0.432602517233429,0.407809755790648,0.356458647015753,-0.0434192194873071,0.213283212894742,0.350178263244298,0.180609692658499,0.28800195949058,0.243425464868861,0.298268704522005,0.529818655372313,0.432690498810562,0.352279136540241,0.341955621839615,0.292754104825303,0.17876614985331,0.223318772919619,0.524911906213029,0.403651973148903,0.280005762199688,0.512215232322294,0.444611291526333,0.448840960333295,0.251913329869623,0.25205077260728,0.37591125652998,0.404269516281998,0.486861987974405,0.323142119455144,0.295803261929422,0.237258769998813,0.20175917622232,0.194331604407473,0.354872000990168,0.41196961142118,0.168401471706207,0.449211265384821,0.455309677806527,0.156244689094084,0.458703174625191,0.345491111051595
2300,5,0.310672669680071,0.296464939066846,0.265386419697693,0.227692431105385,0.362688120720446,0.333985418974624,0.381285121837712,0.348651239816463,0.176977752365743,0.358063104845812,0.358242848108985,0.33061603594586,0.0855020129441297,0.316115367953634,0.303338697118957,0.241200342175043,0.370899794896448,0.29586399603223,0.328514757726413,0.524445386948232,0.436396420938946,0.330022478975822,0.416892613810345,0.447140003926059,0.228357732030156,0.184331648507236,0.504719481032942,0.414119022823635,0.236641007617999,0.60573124119283,0.44298374104636,0.419494135522844,0.320180678127365,0.396658914871857,0.391349196322718,0.461492616807169,0.490727841248264,0.355781341136353,0.404681253249138,0.379229520727547,0.316724434650167,0.331464761718914,0.41021681810449,0.449459822110117,0.235455613342755,0.516346396174522,0.439698567215879,0.280540918070061,0.543686009658331,0.390876622722389
2400,5,0.403312105196113,0.414350559216591,0.277421151431169,0.266054474045538,0.251463528292838,0.271444609529618,0.396427244913726,0.282289144381425,0.21423666550697,0.313594708809787,0.398453286386775,0.18156562619125,0.192728665602434,0.397727129116405,0.371719328386681,0.252821400877812,0.477798650651628,0.151407120631094,0.327302297440483,0.552424293817873,0.385402339837857,0.329694714590112,0.499378262275249,0.372456599560998,0.260615545255876,0.243446887160807,0.569018012111911,0.431800520573975,0.282250284928504,0.538839398229775,0.38390241675235,0.257212708200963,0.329300375143458,0.349114663844029,0.386596018011264,0.337550571328558,0.565733686427771,0.361653785611704,0.409926934004686,0.402595185706196,0.345851652774833,0.326060565020563,0.404831295341787,0.449414735222163,0.19113131545622,0.536856619806064,0.445133998068968,0.22591526479535,0.512410920987631,0.349677538502206
2500,5,0.342072910537661,0.423791388530509,0.316400373395139,0.314129874480756,0.311824064544737,0.321206625204725,0.458902135477656,0.420258372766773,0.311238007812081,0.320134531779274,0.328938486543418,0.142698789644218,0.150736750011931,0.302792931296851,0.441920157384337,0.328650672915232,0.517688380458399,0.146069892548905,0.331874342708224,0.494333908389962,0.238426556222866,0.225987152128595,0.346307647039864,0.478552303721641,0.349860870141629,0.272473513398466,0.55230999631639,0.507368949880617,0.198653847455954,0.424485811907587,0.391306997194027,0.239541474409657,0.328991111133305,0.419510218089203,0.355743469433537,0.485475142704174,0.326588652079078,0.279441305543121,0.399945004703355,0.389268068060003,0.397366751011448,0.321685982626377,0.471968869107202,0.512225965351436,0.179045556642989,0.636343724912094,0.37281392095828,0.215784076222627,0.456982917403541,0.360443120486435
2600,5,0.400231563315579,0.516673151847402,0.303263946197874,0.234781072720322,0.340329708288814,0.365704359839127,0.437430320352779,0.497412792332312,0.279624014239252,0.301913375497548,0.169177094682226,0.256390859057802,0.229456477444423,0.31036603034296,0.407830337090782,0.254248010796657,0.463156238310444,0.248751257137001,0.173628409801629,0.463934971538976,0.331195226826588,0.168895398384768,0.34778540201491,0.536479458430527,0.221591208775983,0.325213774663064,0.543010393625934,0.39042530143568,0.234689031856025,0.418455375524707,0.488422505922132,0.272329845866254,0.314357589335254,0.349652284384701,0.40978034745559,0.667824497611114,0.26775756159255,0.360027047368824,0.474485163109897,0.424467722574791,0.262910707773455,0.286588325086145,0.355016175819106,0.469173465784343,0.184401618541316,0.540866726230424,0.226207599084677,0.219736534597252,0.335192979301883,0.167091582520942
2700,5,0.460588897870263,0.466710830224907,0.302068548810258,0.258086343210314,0.391597377430425,0.42903001327417,0.610533823053698,0.534387454856439,0.237046621646822,0.267920458534996,0.239051830779036,0.432035984401943,0.394143305289272,0.423214067265159,0.417259572526871,0.205798955515477,0.335512105392817,0.194261476942114,0.384654889166404,0.434665813941731,0.325559849923469,0.255363108201798,0.345415255368008,0.523219659424693,0.23202759354584,0.341232602227857,0.550550442596274,0.247706345896081,0.324042712450237,0.583476450116644,0.391903713604893,0.155119798613369,0.36229193867398,0.354291157989548,0.397042632808737,0.604904197667055,0.427291704475389,0.405870296865119,0.395301737782742,0.487255352638291,0.356938192517059,0.496964187582897,0.33329844009236,0.397880110066119,0.243245519768485,0.515233419284292,0.240792134040652,0.287896240169442,0.379806245843252,0.238765858581308
2800,5,0.43639740777253,0.451937595629286,0.333415888322801,0.296861370240967,0.324607960972195,0.369870897917405,0.550246863792355,0.324338861378826,0.289618656068715,0.226541596230734,0.328837226182403,0.393025349056472,0.380084212563374,0.437245272818682,0.517838910760034,0.301998335773336,0.339199670028928,0.155011759392607,0.418111299842886,0.410283171958807,0.45432498985417,0.175909771958036,0.388260332165609,0.414272180254473,0.332197503833283,0.238645379764632,0.485953143635337,0.13003054707298,0.350111929798307,0.514480066127294,0.32245427709377,0.232233506757795,0.402235157519376,0.302588376164557,0.361040606632806,0.678754620543799,0.442110319160677,0.388172443151405,0.320261503814236,0.46383625524525,0.423314069344103,0.464573282792105,0.105085456764143,0.531863685428043,0.217084219539442,0.287653276454641,0.213516523280711,0.223841802492589,0.329017982982224,0.249275684065013
2900,5,0.37624009004295,0.545356394834391,0.469101980707207,0.334885745795752,0.42710790885876,0.389758549864069,0.610344798619127,0.418237497255523,0.517609309561835,0.230372533793493,0.292894979774834,0.318442457004188,0.50839477860267,0.383371480017707,0.550313029011336,0.362488924694074,0.399961502616603,0.274803970961473,0.225463547146105,0.429640679338998,0.538974622770091,0.264681328789605,0.463620594569657,0.583787723718661,0.472896932811912,0.2983524022664,0.449732943443977,0.0647434141816594,0.532315534688318,0.513382074439107,0.396342859954993,0.339655373297047,0.484013046844627,0.486798261507539,0.459960133732216,0.66170340958765,0.490407485312124,0.4119695771555,0.397128784500761,0.511417365842767,0.409678330459912,0.492203229831698,0.152209990241029,0.551277590137736,0.275932083716246,0.355605633712727,0.231661765496351,0.252756009818644,0.278514671011062,0.344392432105465
3000,5,0.344152169350541,0.416977416259737,0.404640970682411,0.381628755794879,0.492951447648703,0.508300712494421,0.483564186312599,0.355502374622326,0.525092489096264,0.334772901508504,0.251815405127962,0.305098882991256,0.543102960473929,0.404665239533552,0.588171347008149,0.469942458676841,0.506015360407965,0.349020950730575,0.294863406478074,0.368647986118946,0.579461362699779,0.321376397968946,0.472989990906699,0.60000069127153,0.512727895740218,0.354273846202294,0.607027324791199,0.162213368382171,0.58187729883726,0.682926907734169,0.343896753501959,0.307261887393299,0.48160344290763,0.466940487334246,0.403455131740056,0.650764766059884,0.435203736431373,0.461906859010973,0.480862423489036,0.333684046683171,0.446805522237618,0.432785799591226,0.287745724520089,0.506298939379057,0.343477901384744,0.406115000794933,0.287068502863933,0.294800654747082,0.26902364608587,0.495391294693959
3100,5,0.359748489674074,0.513911988230908,0.22921069884095,0.397277034454519,0.508413081744625,0.511290031762244,0.594777235702565,0.389264112521726,0.608687881938315,0.384036918813287,0.367559106785564,0.439999596727436,0.440759019227569,0.538389793077573,0.667812730375413,0.407886719318637,0.566837073183592,0.370668099094542,0.463241531638419,0.528589284847368,0.615226705355297,0.359660464667267,0.580094623342658,0.574551760188856,0.591362248186925,0.455385549142903,0.639437143433106,0.35648296396002,0.631951893819203,0.564263576648064,0.40994641755222,0.393952237328155,0.655548760152185,0.385742170626924,0.381136119018387,0.528836467172009,0.420650513428327,0.505968031519682,0.426553077746909,0.276635055404455,0.500197820212983,0.522341689415723,0.421403669932263,0.546144938785731,0.472418410359518,0.465941058172129,0.414626254509358,0.282195359242904,0.398994243177245,0.516301388482597
3200,5,0.33478593260766,0.513596345472051,0.213179735748139,0.39973307728298,0.574511176519769,0.430370145344334,0.703254733323471,0.452433850435,0.515215095511675,0.363654370350184,0.422949765842772,0.47196636664304,0.395288269971837,0.623997134879952,0.551234581684718,0.345733124557054,0.56414102023548,0.416571220384472,0.516069443034973,0.511671516745392,0.60802066870248,0.487695299915139,0.493152435253189,0.545440843201382,0.52732809208915,0.456320211032592,0.577426380421637,0.2794407606706,0.519663435061018,0.343328162189689,0.406093289103644,0.343220360198649,0.723772804686872,0.33219063158572,0.476968221559086,0.489911392056867,0.461994315292832,0.426996202448843,0.421129757028349,0.39231869766618,0.514270416470345,0.653466676490964,0.449884880805717,0.541647779978533,0.352842120968553,0.591253318835881,0.435286321359285,0.406006484574301,0.23037864490331,0.515628750199274
3300,5,0.311774415377067,0.450184789580463,0.32815595636457,0.291149256528306,0.599254468420314,0.569074984612358,0.696337041876668,0.449334094363936,0.439469352218668,0.399671907426493,0.373000725633229,0.30492598278847,0.354189710947606,0.597134900459823,0.608474450302832,0.43523074090904,0.524247600974467,0.482219081469813,0.621979634788318,0.419291000509442,0.619223442447966,0.49535536785191,0.446928916445486,0.415669616672206,0.507531794353195,0.447937584679692,0.474395295783817,0.320242783907153,0.4108104371688,0.326449091852654,0.461047280107956,0.497450165292178,0.509646094938603,0.270683689566911,0.43574827168818,0.57535048411263,0.359764766535566,0.409292668938017,0.432704658203782,0.430810850807734,0.404302828974911,0.57953767936811,0.336415898946916,0.541615394262839,0.361007188329684,0.668596257708707,0.390104204860985,0.521480642102591,0.225668664653302,0.492858635536631
3400,5,0.473103022832682,0.300838447560719,0.458644621995879,0.335493624838643,0.539223900414396,0.629046031071224,0.718495184727742,0.305602537001859,0.435758846133598,0.336704405842006,0.311603309986212,0.347268473431287,0.337793771902791,0.562958663225899,0.419819612364128,0.408939938802288,0.467982272909753,0.567479025155022,0.713771457232493,0.459383293785854,0.529718505261671,0.312544185874915,0.495784301120613,0.282603589937249,0.600545410846636,0.498076665645167,0.466724267761943,0.322617041160078,0.443546980117074,0.395184662905445,0.480463385587197,0.406199606499109,0.46272492451793,0.320409939338066,0.249024483928909,0.633853752303456,0.480860983088978,0.419324359872111,0.359827342696395,0.456023080166327,0.334450544088178,0.378939539490776,0.623658454713067,0.544225767185682,0.287059901363394,0.619361619763021,0.4113246367147,0.412732711152143,0.244459009307832,0.595665190351222
3500,5,0.660415973266149,0.400181582205031,0.481728891178656,0.242899026109753,0.491700419751528,0.558584791785821,0.663667487061426,0.29636284545114,0.62055595625613,0.497169828823274,0.328647414912629,0.326316176393369,0.407199443084157,0.460196714606228,0.433557825512538,0.426951391509118,0.571973069004444,0.531773071127375,0.706305226071175,0.440007351420473,0.546238181438812,0.347133633196037,0.41447340039663,0.440617433706449,0.580412826800837,0.664815536095475,0.464021920446498,0.363077180606569,0.432710395466655,0.434454338342883,0.458152179803424,0.381703790856843,0.302821952533183,0.393508837389555,0.360273093487794,0.482447395401786,0.576158873321658,0.415898888040177,0.408069301125712,0.536389875908072,0.367312889744092,0.314690811243871,0.698301731187044,0.608510493647467,0.380194568420265,0.564149579154235,0.411022587440615,0.466879190723173,0.328679208229541,0.646143800552848
3600,5,0.521667807986378,0.327133203157985,0.39040629108517,0.293050311539372,0.534993157929634,0.439440359170209,0.580341562716733,0.260357929268273,0.539534047776987,0.605360499228728,0.305172851866579,0.381697086180986,0.397436489378201,0.482957348692445,0.27094028292319,0.455494143852766,0.532500535670312,0.494321825442936,0.713314793483873,0.372236660263624,0.534378832918265,0.349439959779067,0.368782807193002,0.427450427808292,0.59358948637196,0.569170183503732,0.430970708686289,0.357591256523033,0.487723310636813,0.574864787824528,0.493451627809887,0.397891365985678,0.389812298314197,0.363164634141717,0.330816187310197,0.427729473158711,0.607300225877525,0.364422634006015,0.32786958246301,0.574596614988654,0.239714106497954,0.433231627028548,0.658717926820887,0.60474691898736,0.490981800849404,0.615788645377134,0.408021620585617,0.546771534915199,0.372105300173235,0.511642350972016
3700,5,0.423359883445725,0.464004821038226,0.351039977728289,0.418881101761018,0.54563642783312,0.717205306472029,0.572082428100846,0.25587183485257,0.463232858105799,0.557090025576238,0.33594445718332,0.325599700793354,0.391758650644245,0.435946091012479,0.444469510103408,0.48555365921398,0.61166235235006,0.497416200459574,0.818039385637105,0.478143653521814,0.556866105974425,0.341485688095322,0.421404165117002,0.420657079382548,0.538706952307758,0.637105981741619,0.399174240660769,0.432256542983589,0.479123110249313,0.639511565211725,0.46616841119365,0.479294072886582,0.349123773911768,0.390845244789673,0.466826762906228,0.427365039342772,0.582241423656169,0.397894690763693,0.352859755457889,0.553571516492873,0.266603966785398,0.47695273480942,0.607857260935269,0.574709373634655,0.411634991702284,0.588457579398586,0.401175802850675,0.502528035121892,0.454090277439757,0.585243297098635
3800,5,0.523105740826865,0.455414854876446,0.28970314069468,0.460070973330798,0.618124453012529,0.509472206685366,0.705118269302046,0.347874902060579,0.587382365962522,0.577155146425356,0.385508607517354,0.326723621267959,0.565579465980276,0.514168110671554,0.483055852295655,0.474144681872575,0.504500611551153,0.483178904149359,0.844316489753939,0.400494918218859,0.5093047730226,0.318586804715563,0.479961966325612,0.423319903001751,0.485045705824865,0.677923458732258,0.418311536682763,0.525050027095398,0.546734823053767,0.615894566224214,0.460718656367052,0.581983982310397,0.466350980493337,0.379032714872846,0.522714785088439,0.499135536907339,0.595756248181797,0.483537194839535,0.395109564267826,0.645265590741497,0.388710425844049,0.485230886698569,0.570650623225137,0.71874734216558,0.434549615088666,0.654336854324563,0.45149503480877,0.442909046991659,0.428459599791662,0.595158223994642
3900,5,0.520970539165354,0.439933223746344,0.278944815596063,0.50441825594212,0.619618504906751,0.537894898645431,0.731677674492665,0.442553512354363,0.503590556314085,0.668762881887896,0.263158149536523,0.524235665817563,0.576927049855273,0.487692426293643,0.519510162464126,0.573031379885744,0.577301986652914,0.500025979294461,0.76809804285109,0.405020304539581,0.563758439643415,0.411305694074418,0.470398172265686,0.435268393189595,0.517834471313908,0.715390660630877,0.447972429698991,0.576188347822466,0.592949590235475,0.667080166055256,0.396172039773928,0.535706266165963,0.456295466976108,0.348127539840297,0.537310230677054,0.401640097478777,0.53752156364846,0.575016354900752,0.635645599235231,0.553465239128131,0.544569015376387,0.579999301347338,0.575626428665033,0.633218560468988,0.474139309435218,0.767276817083325,0.545762620065396,0.551623200895869,0.436223607158296,0.567492538922704
4000,5,0.519248805643058,0.426874109213054,0.262855362469005,0.436869320684651,0.710920659358067,0.523487126360126,0.66594212239826,0.468801970675813,0.522295032968183,0.60551319574795,0.332441280334321,0.387687358929112,0.606049637566603,0.55391048682765,0.621117944110962,0.543500110812256,0.57696490753878,0.609989775936135,0.819750717931214,0.418906153291199,0.610185579619012,0.43480810809492,0.467621491120058,0.537802184445995,0.522163587004555,0.53141465924946,0.47084206717666,0.54750187565617,0.523565413338008,0.494210195475244,0.511375199520964,0.536302667386155,0.540235814002821,0.491273446724323,0.648686042393862,0.55770068827747,0.526923786066904,0.532754389509257,0.512012945623231,0.494714771670246,0.553069199404054,0.505787151978026,0.58051645381375,0.572840119187411,0.526097912827936,0.68319328636966,0.527376411327604,0.499154362408746,0.490108662503789,0.426810199399974
4100,5,0.420926910921326,0.55192486307494,0.310945038018621,0.327508398366796,0.803083035657003,0.576152688398835,0.611665486254324,0.450121013166427,0.491778079898543,0.452577286593625,0.428485003460375,0.487735209522295,0.528020383485353,0.457129287361602,0.577867048236276,0.50604816429795,0.550063049138357,0.519740314378471,0.729636729025449,0.338900683884416,0.57304406152572,0.296895898096564,0.52804215430648,0.552568740353485,0.567801410233675,0.44517474910865,0.480455627682188,0.571046586113768,0.581168506220877,0.521209616708121,0.563771976362651,0.693902346907273,0.436366640860034,0.376970573100284,0.708847052810469,0.518922312856543,0.540238200962092,0.737481954496204,0.529931902919309,0.559298072408434,0.622129570991822,0.457268072573491,0.431778568272067,0.709539353165616,0.50290574063755,0.683012160394648,0.480985885879442,0.465658995932967,0.268056321883365,0.671904716396123
4200,5,0.520213651824552,0.601370385197081,0.27557006883986,0.429493690258636,0.733725471517608,0.498155749478397,0.653840814564901,0.399517767154963,0.416073066523539,0.663556334028992,0.446074971630843,0.489548622281767,0.403899733725691,0.400598111421045,0.667074426177402,0.458182851138427,0.576786841026473,0.734424588250747,0.732088578238223,0.436804550145936,0.481625446793363,0.36954415374974,0.55754976356405,0.579374584326086,0.442364931988234,0.35004870407018,0.472427755482583,0.615110644779942,0.633788008951675,0.511694769679176,0.541733481935981,0.653732126118853,0.57109998380182,0.537973402643133,0.650986460822627,0.516755527123033,0.558063592194574,0.630286715031069,0.439629352292361,0.554279542008034,0.426401164750018,0.539026019488555,0.378887516097514,0.573888272659007,0.393847356295429,0.611321456689076,0.558181593284833,0.416353912159751,0.165436042641175,0.645232873458605
4300,5,0.492315321426819,0.679105745644958,0.325473578416479,0.433352210404921,0.743947339761748,0.504787273348814,0.771196404360106,0.387987594781569,0.332011334007573,0.657179272994009,0.461407008374195,0.535708681556824,0.382167791268153,0.513262466701081,0.640412276186386,0.617170909323958,0.49514907833758,0.823930586660673,0.642089275774079,0.514772889588328,0.485924899390417,0.319895385653071,0.50679548839893,0.697461252693617,0.511015735873231,0.392015930430695,0.638549598687006,0.594672249691875,0.713950380936861,0.609525370547348,0.702127143839594,0.609405705091665,0.767232396357358,0.610427801067813,0.582414326609073,0.564470344983842,0.576203013520067,0.583742581758351,0.613132193203372,0.563960049625299,0.535630004844092,0.675516562907647,0.409381001586883,0.539441414924633,0.511204519411113,0.642644370787897,0.52415527071536,0.51250076852126,0.327405346656949,0.578527613066401
4400,5,0.489852003904766,0.688381870676295,0.462214671860758,0.544825455398499,0.700305748962608,0.648970661316461,0.746995992838497,0.340367062199261,0.301691432741959,0.593441916703778,0.284729951987637,0.479987487370768,0.488578586460437,0.442080417828551,0.610008924283598,0.67260811599131,0.554991458454746,0.73212846355218,0.574358314420119,0.545577330992177,0.563954528825995,0.41645508852074,0.412935540123395,0.621552216756188,0.612303563904257,0.530273514353543,0.680895438124296,0.537648252626892,0.77864207283092,0.655843595469547,0.615817030174626,0.628713073379056,0.688887404505877,0.547432641989395,0.704779384807047,0.699976327644289,0.719775903641627,0.54733343224549,0.593149279399459,0.463215875779239,0.639441317395044,0.505415488575383,0.468722869926882,0.598002457275186,0.504568841704037,0.728463426533166,0.59236350331485,0.438553702645808,0.407375628043633,0.558714442198205
4500,5,0.586654407166078,0.591770119408788,0.445977593964682,0.633397705774756,0.580001718485084,0.771422701898202,0.712437145914122,0.420478146744586,0.363360997122611,0.498621931754891,0.438171581609635,0.730140315101842,0.555605623781914,0.554985368472309,0.526325052250143,0.682286340538145,0.436102822993573,0.656745800593088,0.638162885713712,0.511490952328279,0.590806675187011,0.572440273777331,0.491011356125881,0.667792575689689,0.439290780884895,0.529570341520607,0.545785852440726,0.594256804934663,0.6874574757549,0.70866365712888,0.587985932340812,0.683795477107628,0.645540601463653,0.496930015091312,0.714851015160346,0.706171524859785,0.616948976217872,0.525515895588083,0.734884460080233,0.425755571195834,0.551008275254391,0.556520222390967,0.581196562321989,0.582455070050412,0.55611101182974,0.687976091869696,0.562167285195223,0.510078692242348,0.55168224778133,0.597585851328866
4600,5,0.634832911706569,0.579826056006069,0.421304018775716,0.620773128251327,0.726157917807529,0.568349547584141,0.587831474537602,0.506515682462299,0.532917843177149,0.592596887933114,0.4747477547586,0.766026484131007,0.488719913434555,0.52633712816935,0.513821606084279,0.534296400616676,0.462880627552733,0.642221569134811,0.635646957179908,0.608001235569052,0.604121320682505,0.579212204971521,0.511164932938716,0.675997569266029,0.488951907604524,0.658533070929837,0.505017388849511,0.622687799258595,0.572830004896704,0.66558198950771,0.751700470162209,0.612253329090186,0.652797037317256,0.509782144217251,0.616824267333806,0.606937021473269,0.656046900209321,0.661079362156002,0.644230663722319,0.520256127664672,0.420347661475746,0.53386496735987,0.390217314756101,0.640890178141524,0.504467828839727,0.725982598387379,0.52686884663179,0.521918687242943,0.500138125165525,0.578859196834959
4700,5,0.58663785934191,0.58075420876133,0.52297663514023,0.519927227258837,0.747912102387817,0.55560577914429,0.654460713709398,0.625578624227066,0.49867982778613,0.561942198477836,0.601164896751367,0.759304805479828,0.596650858626046,0.519756303617804,0.577659953729361,0.452153549071401,0.396692432013042,0.652941922002823,0.661336728630323,0.751689007697566,0.607362151800333,0.633687733944977,0.581925527978862,0.687982075530516,0.381055715694497,0.59662258080864,0.523754771478546,0.719477130925035,0.540537518032497,0.701339237069207,0.806615448859882,0.581870920582447,0.746729840830442,0.655977914701464,0.508401159781643,0.427744579490055,0.692772598002244,0.769737993312744,0.62682080551388,0.58032992930023,0.610745137227655,0.639274790154904,0.405316357652293,0.634286186553085,0.414150492825144,0.731909855647531,0.611625412288244,0.566617283440971,0.45340133815127,0.547004452733908
4800,5,0.554450213994727,0.525484284002812,0.636978678032129,0.562856598762567,0.788915990213278,0.552509765426395,0.883954514273257,0.535240679226153,0.49995848632553,0.586486355288941,0.509628431140836,0.730549981779267,0.651460446417661,0.608668791449468,0.55815361504198,0.516784955544618,0.426360730203771,0.785194946627146,0.825744934413528,0.684906091643293,0.721194072849476,0.764009886466172,0.513620022527118,0.630505433339007,0.507492835373123,0.431995345725449,0.541784294675306,0.614761241696629,0.520227779516517,0.745137188853214,0.720430706796322,0.655387004036941,0.7271489069218,0.523532861625134,0.504130942575413,0.515857050944279,0.785256128935943,0.712196726735211,0.63485776552846,0.612821143975977,0.554704820432144,0.680170002486285,0.432163382960922,0.650165203450081,0.416816184369479,0.55429643070378,0.659644168439885,0.579792955144628,0.550091991085264,0.498696721847055
4900,5,0.470417452182247,0.415211283130042,0.632637774989994,0.550705242792967,0.753276570779857,0.682371009977832,0.774537616802912,0.899325975062725,0.491283032448232,0.638405675783307,0.514673495012792,0.75528284075998,0.730407441011071,0.614434068629152,0.708202246112053,0.53461448789607,0.387849895447977,0.700667591693959,0.730368448262865,0.559767302332975,0.639993404123549,0.780138266356219,0.448167965354987,0.636721230327505,0.348838362438082,0.611046079848654,0.736668583897134,0.803951276929819,0.352318530774269,0.521357820699459,0.787582265309964,0.746436667195924,0.669353977119373,0.599914388807568,0.651865783726652,0.575105107621,0.920827529684375,0.647211284677965,0.551049865231815,0.618954175316393,0.458594740765488,0.633702656177027,0.585024189912259,0.737828581863102,0.443879733302984,0.564471870218588,0.740250885019683,0.538312072370058,0.50964961296372,0.449700442480397
5000,5,0.481005115824236,0.554196316940421,0.552588563555935,0.409755653224459,0.616490036985472,0.595697027660023,0.542589134577157,0.990829515105765,0.598091161025758,0.554642108151634,0.417144526869679,0.763013508743099,0.731199874459343,0.518513929467803,0.646731210806156,0.444744104993672,0.472286591347188,0.646572478453004,0.728419101732838,0.498835501273013,0.621250305366607,0.753264151299548,0.460336489464166,0.594057644987062,0.251724673258513,0.674952228065755,0.634001813699752,0.78247888388829,0.292159962980128,0.520326823715872,0.67765926248052,0.69680419219514,0.628323348446359,0.782317471414366,0.543884604483212,0.57630925588243,0.793744342743231,0.707216803353594,0.590608584458264,0.609998665221775,0.537054527343409,0.79839105861357,0.664829308033903,0.776119330344231,0.477141017415612,0.577316808071824,0.757193317070872,0.549636493788417,0.542040339537005,0.441722571599061
5100,5,0.607084926324664,0.578142533220938,0.476444727929255,0.642640513844796,0.635973886006723,0.637476335689288,0.465511236929568,0.86888108477604,0.672803800744,0.456424033233815,0.376382665178888,0.703703032055862,0.725715560986347,0.618497513357176,0.739787215541609,0.529021637670004,0.74344084387996,0.584891045179937,0.655093593004362,0.59916383718796,0.787119260296192,0.732925533152599,0.536236579198205,0.694061730492101,0.306785539485433,0.542262465970692,0.636967008926342,0.662950891970716,0.480915416141775,0.600591707789958,0.658464896392248,0.579430542296201,0.651750679039086,0.859906248737193,0.527507833193433,0.601266503818033,0.717998018338554,0.747419265526264,0.667388928683907,0.716118566023754,0.66911636258363,0.712191290543729,0.676691008440778,0.723148210403777,0.447725751817679,0.560136713413489,0.709441831183359,0.816171570133913,0.525491030524578,0.493497051620278
5200,5,0.681230940580296,0.592437729571566,0.626675142635813,0.638444202563369,0.719992538265409,0.560992954431982,0.445618251103708,0.820839069228366,0.6501931939805,0.560869481693727,0.449703069386079,0.766578417662842,0.650349538086086,0.726433491708714,0.771750749811519,0.426541429722507,0.672041786229084,0.705192939080557,0.805860008133033,0.654222951503987,0.802538672112435,0.690557868484022,0.660102649003083,0.654638825016268,0.510160651590998,0.6013152679075,0.633716229314556,0.742230758878273,0.600238100470278,0.520048915803296,0.621096388583642,0.573342969890747,0.729778714169764,0.746287817734696,0.490457388174133,0.593795339011061,0.746297344607845,0.815388075863352,0.587678657765588,0.687920996058987,0.658382847658279,0.761759918144397,0.814078324141088,0.618711205859854,0.440136018495255,0.478303065415916,0.70821461870765,0.753768984229171,0.521660870872779,0.60237826273897
5300,5,0.728127228980772,0.701679854712023,0.591386422472877,0.66704335113633,0.743277947032793,0.721362854916693,0.497210088726931,0.779639344295122,0.500156633505421,0.590376007976682,0.49116108525889,0.779351996657288,0.758234145934953,0.808957198227513,0.830544599388991,0.436940034422759,0.751295121454948,0.686666343719798,0.869623599100743,0.679558808580411,0.759908590016685,0.748873932259056,0.696272862829444,0.705936442413138,0.574342601477327,0.451933013705927,0.69133998492825,0.687160400150964,0.45264205522115,0.433907042503762,0.60607889589413,0.572955111911807,0.550147637686251,0.765771961377309,0.649082670452356,0.557741313959736,0.616000090212267,0.903558726246433,0.61669403667127,0.71412495195912,0.530407902718678,0.824792568186614,0.862484088355061,0.676016671538046,0.426872588701472,0.482442505534609,0.626567858495715,0.809590583937601,0.419125296644386,0.621497054998784
5400,5,0.682295642199234,0.652458309799177,0.646532503232464,0.768145107762924,0.776458083034979,0.752718566679538,0.492022235344023,0.867611777093823,0.549702139942445,0.613156093718498,0.411292332891646,0.676562693180787,0.782941858128392,0.687477944421609,0.767631833935723,0.539166056375755,0.921140686172404,0.663131806839449,0.774434781999663,0.582964236483166,0.663397756468659,0.868671098305395,0.687666464191891,0.685111330430833,0.490686333013727,0.589917307674167,0.716623515587684,0.722552892882554,0.55775891770949,0.549047983223048,0.797104191787229,0.417626198312474,0.553610950457965,0.952471198526251,0.674288286723121,0.58035975443052,0.429017024132997,0.935604830809544,0.697010797323069,0.61394915608952,0.594552983064632,0.643218998081308,0.903162931601703,0.726262529453523,0.373582760827151,0.626941964513732,0.586390903076122,0.783980102107638,0.475514891286553,0.556336726656557
5500,5,0.56103827850786,0.638216434276349,0.778155785085489,0.747477474451856,0.63388471108349,0.855290492780259,0.512701266148622,0.823515542405943,0.533622781137354,0.672608434790027,0.444834094311485,0.707967505616189,0.755925213744141,0.538590083757918,0.714354339833793,0.584968938407397,0.68228575947423,0.675706373329224,0.924559093598602,0.720267687136825,0.796435697836483,1.02421968896209,0.871170372335502,0.720687026237628,0.664610354251518,0.570580327028493,0.647425724143001,0.639913193636248,0.58219407770459,0.518825911570279,0.578278748531346,0.509076501150467,0.60591117379549,0.993870419647594,0.739394945751333,0.470588837636489,0.470967156059499,0.716608458112321,0.523091124815323,0.523083196669783,0.578064504736779,0.741060954013572,0.785877703643016,0.975864059474828,0.44055124829096,0.53594794385833,0.746963828607963,0.719987937748062,0.670864604566966,0.435400306617781
5600,5,0.638302067902708,0.63841323133144,0.80350738230973,0.709906549169618,0.498370685345419,0.634808997632995,0.735857566074398,0.832086925293937,0.606476373745124,0.661024938111198,0.462608218889875,0.737275494154739,0.916174528343448,0.647392449217316,0.694728511252028,0.661017395225731,0.672250800158853,0.682584259322703,0.909697109210041,0.646699095560942,0.721445658642178,0.94510932487184,0.698300488236885,0.586769233505461,0.751063557852954,0.7853918264285,0.700018257283659,0.682976042744348,0.632847046922996,0.434350271504314,0.617308883738895,0.536284463218737,0.570480146338808,0.747311571383504,0.878014127801132,0.599048385188604,0.419059179012325,0.729260235032065,0.747273023564989,0.833194078508664,0.568993456076357,0.670291812572201,0.756891149063738,0.908863441225755,0.599697824605112,0.806265675981758,0.672263834588167,0.858614979859092,0.751985099037829,0.582862165510987
5700,5,0.655496207056402,0.533313938670625,0.804121073015427,0.656146948995771,0.566154891574764,0.711748517270547,0.807644369445392,0.741431938483242,0.731511279090814,0.739715599764527,0.577754741551135,0.709946529079105,0.873368744923747,0.634083865459698,0.589503796333503,0.810418571374273,0.773365595660658,0.657463045395553,0.95003207856328,0.709119284837275,0.7725652196096,0.842268828725833,0.695422911618286,0.683044718335001,0.750106529863434,0.648395772740878,0.780051842694182,0.650725657041945,0.776641836684684,0.608145787673428,0.743669498612304,0.568042955019754,0.727154892532589,0.589969166583909,0.869799984837507,0.615449081192726,0.607799587895863,0.835159455736472,0.779822137991124,0.738555507517206,0.498782080384238,0.50095123677891,0.631545874273729,0.819318720678012,0.608100067533629,0.844858601765854,0.500821735646884,0.697358426359416,0.718256759005379,0.701692827262186
5800,5,0.640919534058071,0.620562374181015,0.809061727498187,0.771223144369705,0.665999572817752,0.743065126435931,0.817958442626265,0.865920903653822,0.662399750900439,0.776223762738849,0.556195842027677,0.653993016494405,0.877318725587761,0.60089588691507,0.497289258327384,0.823424372758782,0.835270221336993,0.752431426004309,0.996233683452591,0.647872335131021,0.626155228966799,0.840900750930086,0.603559400218115,0.94840113334126,0.851848201758716,0.579318785197087,0.794305189653465,0.714035389335494,0.82194936211292,0.590001047620738,0.853698547257292,0.578753416027084,0.648609566303467,0.711911819569584,0.809174496856342,0.532288437848107,0.650278684315931,0.909144026025835,0.824344734891132,0.612473641009242,0.552616443760256,0.715040587623769,0.634966067709959,0.787080523687804,0.606661526811916,0.919959676373666,0.53811523401818,0.715893948035939,0.760360885205529,0.890560550748967
5900,5,0.561487351848279,0.614066804685882,0.658833693494982,0.835364497518369,0.865949588578529,0.688697241838189,0.874157717312355,0.831756025952068,0.702026417558737,0.845542490639471,0.632191196363237,0.588130997629216,0.745588148131553,0.608979458298677,0.654878787233759,0.828926171086651,0.817461492417294,0.681515511357369,0.718342898709959,0.750510988733697,0.72680178136069,0.878946583382681,0.683162416071339,1.11329755923324,0.872724831869552,0.709989370405353,0.865107270404303,0.745403995072502,0.778771261163216,0.478567028040886,0.828806027535868,0.576913075149942,0.669923083269419,0.709641913988188,0.684977425106208,0.650530767791481,0.66254119789582,0.758234767589103,0.831058956957856,0.668416859185755,0.776663977908498,0.816843321546192,0.716431745974982,0.753709706584264,0.664630569711608,0.902500135617426,0.552807506285422,0.788833689524566,0.679628053768172,1.01173026131879
6000,5,0.690615772078367,0.654962789105556,0.732261541317359,0.851836449117339,0.957362629480711,0.725717329925223,0.990522272102364,0.764574134804707,0.791455694698654,0.930782611531982,0.743321244675127,0.71931531255368,0.592112784159985,0.673291044160374,0.562506509435946,0.900743227609916,0.683971144921206,0.689740979614351,0.804367777873821,0.769505296771611,0.742539308440547,0.82245867720676,0.824015548600036,1.12649876694594,0.885949068789283,0.627296884951032,0.763107762452854,0.806687765188268,0.638613006511811,0.478717607776911,0.550363773167884,0.591242852559547,0.687066449050064,0.708627386722961,0.740348956327938,0.702946957144307,0.656894181893525,0.747039721298724,0.848202812980067,0.737983466505004,0.873895521263012,0.729751530607969,0.736953209023406,0.752034625098654,0.656299521128172,0.74174687668297,0.576333380247444,0.953876385562321,0.73301498396244,0.984011918386978
6100,5,0.837529537497177,0.625617348659829,0.852955793974489,0.75172632245735,1.03560975882022,0.815873799437478,0.830628204611253,0.781174993292176,0.993929044109682,0.91309109249914,0.899521231143714,0.863954902209157,0.664384732663941,0.687951889592612,0.686030900109092,0.891472282409903,0.654660219409168,0.658291127658978,0.892328227955352,1.05336036030757,0.625229402741092,0.856662379787397,0.86581184684216,1.06019377265774,0.951568729210931,0.545210044324259,0.897623588073881,0.995437749995928,0.642832848872507,0.660164757798082,0.671144900783047,0.573676245345439,0.684886781578925,0.860233887706403,0.771909373978018,0.754549366514039,0.772929642949892,0.744347657986403,0.87357759625122,0.71286762428399,0.86191790625495,0.955343555793084,0.997337139783126,0.74494371518009,0.723277691946721,0.666285178469035,0.720734446178787,1.0099853080776,0.700964666041221,0.959237796437805
6200,5,0.813526955528062,0.821617091689984,0.808928653248293,0.946875717973411,1.10540038047313,0.859750775110317,0.80689655563966,0.767171473731618,1.04140597729702,0.959861900357836,1.14549047401382,0.932469533628232,0.740035232532847,0.569886074844931,0.635541818040037,0.960147554396381,0.716519140756258,0.771594802744452,1.05068158575418,1.14142638117066,0.64789473282419,0.960043926033902,0.796504495700236,0.973029531480166,0.778545382915666,0.707839011911016,0.842438235825347,0.990354380601644,0.568258924125916,0.750053020423427,0.766932594890751,0.839626844066939,0.735212070499779,0.840324983834707,0.787010019199208,0.871896222644107,0.889196544512226,0.763735369442008,0.952858702860202,0.72090408469049,0.939758956738817,1.03929068797873,0.908451570953901,0.890570044171333,0.869364161974949,0.716661069460799,0.820381909878823,1.01325501349965,0.763761317232044,0.957356882528937
6300,5,0.883198534617098,0.935753014633052,0.898364972807456,0.836379873611081,1.08701492923933,0.88853949881652,0.828556221610908,0.811950976098945,0.962843084483364,1.09383110584159,1.03316324692461,0.984476991782031,0.939927073482773,0.722097246910595,0.760532438220689,0.893900412767323,0.860905349902881,0.735319968253241,1.03840122568472,1.09076894751831,0.736812141148611,0.858871757094316,0.706532348805636,0.971490433551837,0.829448521647564,0.818315630639828,0.83363937458884,0.998259163667387,0.613266254845325,0.927342192316591,0.86818781816194,0.796812620919327,0.872577961226214,0.837548475258123,0.921681023938183,0.933286329827547,0.775357818495964,0.858237257044927,0.886380422993105,0.896057698060062,0.890799402688935,1.02006277898035,0.895293322092448,0.901777875726394,0.779566869713295,0.722980762782576,0.819526505234672,0.959890853595312,0.786533314365912,0.959312659755984
6400,5,0.841385810577999,0.963084485581316,0.903595928877173,0.903164348427388,0.891155593103342,0.847347799434231,0.906917557649,0.894932891243474,0.827949944826193,0.931793596338644,1.05445279913705,0.94215156827566,0.995008380200533,0.758588048890204,0.786998224481187,0.814915738617364,0.816801461032356,0.799501798182353,0.832821272328953,0.915846731261457,0.681425888922599,0.824538980405151,0.715895308153523,0.919871295357233,0.801782110519363,0.818550395805976,0.865757312928389,0.994427970284922,0.648708695416741,1.01931288488397,1.02581947871526,0.825636187271447,0.79893850988108,0.934148513422864,0.844916275340865,0.834585764278357,0.753061443135482,0.819530273415382,0.914719193263363,0.946149041792919,0.83547819423549,0.973157928390404,0.855040118992621,0.805559745505192,0.842497719926776,0.784764052574408,0.874217559380537,0.949686405208822,0.784576177969932,1.10726646839874
6500,5,0.840776811761515,0.90251189223254,0.902735319170884,0.746422825930571,0.83960161856429,0.956578334234043,0.881431385438802,0.959190200770412,0.765237314686942,0.923523223645308,1.15403607589941,0.936160592678097,0.892944233769838,0.925332548227059,0.686385621226008,0.841751338103091,0.891690448702839,0.937009740203849,0.884505721580735,0.809839010849671,0.670111875163937,0.844828504939732,0.813208436975425,0.817258006810519,0.735562345041365,0.771078208935227,0.935011856575349,1.26123548030391,0.679813428421034,1.22178678479404,0.94589023299608,0.715167741862029,0.777696276553538,1.08131285791034,0.640222645641546,0.781572133369215,0.745698040853334,0.879623310609231,1.06562477244971,0.86997009214622,0.787734672562774,1.0262634879223,0.871123862079688,0.76965636803897,0.755418710760399,0.722662406026779,0.845117979964286,0.97622334818329,0.912113708081214,1.09914940399798
6600,5,0.838492824551697,0.847063690017604,0.726738401813965,0.942522730043387,0.869107947762858,0.737152759099733,0.966890287900774,0.941546389022902,0.899323583109181,0.783023196164954,0.993915218913812,0.948130698035821,0.981686678705598,0.874306392913888,0.565874112411222,0.768664853965929,0.874906952889786,0.786734663679309,0.936760738063387,0.5769619727284,0.776368906292382,0.800073426562806,1.08854194939277,0.786294852706943,0.72378013060537,0.890568788566896,0.997112491702103,1.1732547465705,0.834387877722259,1.2150213401035,0.917212342688773,0.663341225950119,0.794929583214129,1.07933582201976,0.717488700269254,0.768720068336821,0.745057845993125,0.916733429113101,0.960542563217087,0.955678106417858,0.751371475534951,0.915510984287693,0.78255808247555,0.590949155318915,0.750178492795024,0.812108270834774,0.889151956601145,0.816711777273719,0.903795760092714,1.13743835657618
6700,5,0.829028077146009,0.96641103405362,0.751307290373308,1.05942682044097,0.803089033280769,0.806745328720657,1.04847444307966,0.7642201911813,0.930576984770788,0.649164375517564,0.889610707777151,0.809807497720666,0.875553786897528,0.818906685180612,0.744451337988966,0.762324865205429,0.857734332569939,0.696006664513573,1.00882820835253,0.89355210859061,0.911366780236709,0.847274644356338,0.922100389937525,0.675384243533279,0.701544831144376,1.0114872193429,0.877339307229897,1.01433062935016,0.728346985442955,1.07346258967802,0.937954787326556,0.810428183301137,0.766431078806258,1.02186904616822,0.678798667892,0.782536968722734,0.657243174590698,0.772342072998994,0.897953147199275,1.03981421539196,0.802125416012097,0.974760836444845,0.670392019000798,0.738353529126399,0.794651584504796,0.786512326740908,0.830391387786128,0.843553451323732,0.859627820937432,0.87824073750188
6800,5,0.843481426664041,0.857121798321926,0.73758853302089,0.913028555079643,0.928966173923001,0.784268977065294,0.854649312304721,0.782979777555335,0.945717349385779,0.685153017605746,0.807097995611952,0.796527766194466,0.858870295716031,0.77896202047547,0.910140153330156,0.821336673015701,0.945523637989229,0.905416329208956,0.932003193477112,0.92571316157035,0.91657461536144,0.744966682306036,0.973652628210549,0.694640813810913,0.74494222856028,0.992686315007896,0.892393342351994,0.931612253639525,0.931751857416573,0.97936785676722,0.949839932020683,0.706567648432705,0.80634022777875,0.996268685264276,0.777480380874626,0.746352114906637,0.695215559873843,0.839372273141915,1.10150102637681,1.08203897080118,0.650398135669489,0.905779891276398,0.708720675231374,0.681833736896242,0.746410744808373,0.853396027434337,0.742070913254176,0.754033517407303,0.930052852854889,0.953346426577139
6900,5,0.822614394402073,0.796021178787489,0.716357605869088,0.815984949526577,0.837261697130295,0.785052633371311,0.834487062749579,0.777050586285816,0.85546664534159,0.852252364999158,0.814646112832377,0.945305068016146,0.9043910733827,0.836257328035953,0.911048096005529,0.944849609142917,0.871781879375222,0.888518742570878,0.827811744898806,0.855252811083818,0.876907999168927,0.710413310160065,1.02390576168478,0.599547840242344,0.804905871622536,0.984148933883484,0.958766808664687,0.876080066777408,0.928037030989204,0.901040827971247,0.897146359314206,0.636500321167297,0.677253089340526,0.982313760321114,0.922259497210764,0.68258803448659,0.774088173367657,0.811344168283828,1.02991131226357,1.08072562604368,0.596665008035994,0.804630177124271,0.807813222094961,0.74258940478588,0.811392559941281,0.842217706433891,0.756863153594824,0.748019220035666,1.21815968388066,1.19271431832765
7000,5,0.630174163179454,0.889067456113492,0.657856267330338,0.833713815069846,0.802236358131136,0.708817250155107,0.706744628736104,0.770751930131837,0.974440176140304,0.906181635414813,0.702768984352263,0.985843401831569,1.02757251755202,0.858414016779621,0.925358751723594,0.967747428899929,0.874122937350764,0.866155487830023,0.644356021616512,0.976892709386817,0.864306996560459,0.856410330022397,0.939656754770371,0.602583184901232,0.727653103625787,0.920687844712544,0.921152237009223,1.0632054208658,0.706476986090436,0.951849896748212,0.947058469580118,0.696269840497454,0.782980903223929,1.0259582541087,0.834011729377903,0.768552266114438,0.840445185396518,0.782044718986423,0.9468341474793,1.008532810745,0.644993660711515,0.934197440683491,0.831979969746708,0.555062342460821,0.739033339508805,0.799867490744384,0.849888577450499,0.900111731191472,0.990295004859349,1.18756055765003
7100,5,0.8326552516764,0.855635712999772,0.801418797109993,0.796732476369061,0.772070347835392,0.517497215144357,0.779532824590423,0.979489675443351,0.880408552233853,0.811905873233209,0.829764694602008,1.01156686132204,0.964972921706941,0.910561404746133,0.82650273589278,0.879842129490211,0.726176585704064,0.948552844824306,0.657018275577043,0.870526202750044,0.825597276355056,0.708914983027879,0.978994778439793,0.693828582734249,0.700103562956262,0.88427589902273,0.892298055316832,1.1040900542247,0.667520592565998,0.7686527493878,0.95410761611314,0.711040212490685,0.723044426100227,1.06944795663611,0.774764508679144,0.80824951122235,0.726587699454467,0.584237797032372,0.871705102027416,1.06385975444516,0.668948168379208,0.79717359379928,0.944909135216814,0.645073392227737,0.936656508599901,0.695883576818568,0.778723815720954,0.75983111403842,0.831305258749198,1.17544591822208
7200,5,0.91959686598961,0.611446964455503,0.839059660836476,0.915800969566816,0.743072655840952,0.53811771495459,0.645720509916866,0.830854511706534,0.82118862702311,0.874245257664352,0.981398633775736,0.868350699556077,0.816421512658285,1.05564357240188,0.735331365822674,0.949000862597455,0.747104800310105,0.965888818931631,0.718755850021067,0.767552662204294,0.676008731120285,0.843122296100434,0.85857011318336,0.719513153247717,0.743561474913391,0.800385131517059,0.804027685138757,1.02166796618226,0.696968259033063,0.792302056073598,1.00556701417006,0.768552201634867,0.754162203445438,0.916183162907575,0.855158686779553,0.7448874496506,0.807826383790797,0.639354352635255,0.628710255102175,0.959290878314366,0.60693750182393,0.799104233180876,0.88004323271083,0.762199293188217,0.960628886471293,0.785251963437994,0.71481855775161,0.87009453524357,0.899023557838016,1.20062395706819
7300,5,0.886622738119397,0.813283039935582,0.748501915018988,0.878349589521224,0.73335994512932,0.595919786749552,0.773229640917863,0.912181596605206,0.794852209106538,0.721994052663746,0.952888106432231,0.940454021529247,0.797686305461042,0.904241788227759,0.752947610065782,0.787309696355625,0.684202063002739,0.917558610811929,0.774611549040791,0.766561502179631,0.611858756412427,0.838798690083762,0.722169071476063,0.659086824797774,0.806003072427829,0.822027153578989,0.798282107133159,0.976247116975563,0.744116687241484,0.683672897238858,1.02097731216997,0.875843934074378,0.872541501762332,0.855841227837219,0.934730085937183,0.674190445725205,0.749260776930868,0.817631926511589,0.582021107862784,0.786735628230723,0.789620950766644,0.822504483194308,0.88687795540802,0.785086052069932,0.744716840592193,0.877327463113548,0.589235738838699,0.839905981932336,0.971765814317116,1.13438950550842
7400,5,0.698862058812151,0.754731264286653,0.721260065443594,0.803910680072969,0.737999843762249,0.744714894937239,0.608386883021294,0.976049252380061,0.781078999386171,0.752153932211701,0.942267581160212,0.970358254064534,0.720957253909871,0.781529448626952,0.895362659027354,0.689994064854028,0.710156568273794,0.711295084418503,0.721766451928449,0.724365349664702,0.567091427030638,0.906163997702285,0.766521132948074,0.620142007056919,0.67000487225581,0.926372832385687,0.726582201699341,0.91289339642531,0.805135846632632,0.775616612708343,0.958665628757787,0.928038388357963,0.777440761604374,1.01330578223232,0.909948179667826,0.635717416674734,0.762901056142388,0.731491187129426,0.722429742191228,0.753312970843328,0.838871122522629,0.856831661042156,0.768029246066953,0.74216560427474,0.669514334512413,0.790614613515817,0.55557240210336,0.755360271144378,1.08269484610185,0.766397465210279
7500,5,0.568978811044238,0.663508293249565,0.616884238881217,0.673699835643434,0.931110315464309,0.667808201005826,0.63031615816275,0.845159878913644,0.653678629965442,0.790588077027481,0.894781545707348,0.793218141787816,0.634710363426575,0.635789372177054,0.882759489177486,0.503632878898902,1.03456832467177,0.715518252313446,0.708948212518412,0.520917833941244,0.573927007296903,0.97685206289114,0.557633776575822,0.474102756728793,0.714113927275349,0.797897521360982,0.597687375101655,0.925265369598422,0.887505171977351,0.764087024052775,0.715461738564893,0.741220672372817,0.643085559104803,0.806361567754104,0.855788804895781,0.637832908462189,0.819731178809126,0.609857057327558,0.645278868059327,0.717080890833676,0.665780819304753,0.827772211962576,0.628095450174454,0.615365067002789,0.724401615013295,0.627098207437701,0.56540244748869,0.488810671931954,0.823760112887116,0.745877763092554
7600,5,0.566516311416972,0.691421716815037,0.606302956639951,0.76546363135775,0.721222231160047,0.690069079278772,0.633875957612787,0.969701509572887,0.512022412411564,0.553497376647127,0.730620054822062,0.862633941023244,0.713873450978726,0.769266565034309,0.848883586109033,0.500147987258615,0.940076314284219,0.739611013418359,0.672871396698749,0.586574827051551,0.562179660130525,0.839812086437559,0.528626152537542,0.603072026447533,0.7506393741501,0.688090383546932,0.29350508635828,0.986400920310063,0.998566163421467,0.650407636233624,0.596664389858633,0.737481026780364,0.522400757457158,0.881060456296264,0.894904858996218,0.573177489363257,0.723484181128283,0.700886241691299,0.652875724080457,0.784043190157651,0.721647702176074,0.691804135719216,0.516587172331638,0.637306041930721,0.531887669671539,0.463683602632645,0.62136527448027,0.520081242975229,0.786158200164935,0.590356153289794
7700,5,0.636900808243283,0.580767840476863,0.848012365799573,0.799273926516897,0.713881397045738,0.817218500643692,0.706139792602068,0.924893743221671,0.760003013234949,0.641165017498936,0.793072084021938,0.728060506930653,0.730313394333471,0.857897167950252,0.893915168763221,0.487004720286427,0.968209758884011,0.75307066264232,0.64243591403808,0.529527531614924,0.571325711841338,0.911225322785745,0.668546200454509,0.803074353833669,0.679226779143398,0.703221622992867,0.343914471274228,0.832423897919087,0.838553983588626,0.340541968161317,0.494972116914207,0.612992644109484,0.480969560543987,0.955591727650531,0.860465632629937,0.612534287316424,0.730650303790237,0.717915523482607,0.791391202358553,0.878181880246365,0.93085638618042,0.764169350151434,0.585575317261213,0.512018546791418,0.655244306060974,0.554416418065763,0.517626679032723,0.503944252945985,0.738562023058821,0.518410619492479
7800,5,0.676026932113647,0.409980428815567,0.843420242300377,0.814939673612111,0.727021566883884,0.693850562397768,0.683018671816014,0.855025262080899,0.885851242340385,0.672140100673042,0.808277795967252,0.654428895047993,0.671816905890819,0.566895290215149,0.605678166297684,0.305294652678473,0.741200748122655,0.817364487306315,0.456142695096943,0.465550989212464,0.609058898525425,0.899681446874173,0.624915656891736,0.728726044520962,0.64320827636807,0.765445997465991,0.317393774157405,0.764415690874948,0.736118381859576,0.504473548383472,0.54875641762514,0.773292188420581,0.445227858967095,0.76188693519723,0.888903953957626,0.596736127818002,0.99676973386681,0.635597857355153,0.714794934139831,0.669463394238296,0.796601179434223,0.814835865579924,0.62578212545704,0.497277495360506,0.713861579490411,0.457421371352784,0.515816716492176,0.327971317476586,0.67894060130508,0.756000375649367
7900,5,0.647436511485829,0.465681164475732,0.606895116942151,0.836782230607146,0.605691574445246,0.74317036844965,0.575787633972909,0.661519514842131,0.635072540924985,0.600172795881207,0.766376354315943,0.672730910528665,0.681564455551981,0.652092430125715,0.571829997447792,0.562305130808495,0.720298981692135,0.993295609661347,0.669282026247304,0.654279415370264,0.671500739336119,0.754406741440891,0.610256120463182,0.713238664007332,0.797097179800082,0.739793711898135,0.346995258682367,0.641259046160808,0.77674343869193,0.591252675069153,0.621385137990176,0.581649363622357,0.587855330785348,0.743581806145417,0.644023983674911,0.613906418071916,0.889998523136389,0.528294094359531,0.454827127522432,0.539879691964034,0.598109693178788,0.662292672534912,0.408796051479124,0.603725959207251,0.692055912504688,0.508174909312498,0.471699954932195,0.354226245519616,0.748831108070778,0.706379669088351
8000,5,0.548277921144614,0.47226395783278,0.470846528753838,0.777727315772111,0.558563508726797,0.61803532751072,0.454831665242587,0.573260542433336,0.697478845914674,0.457192375095727,0.473696344051045,0.549219186878266,0.554233775407666,0.461725544829356,0.452128927142127,0.603901305271279,0.613828595414753,0.764364217545826,0.668631866337108,0.437476647424614,0.652200580741191,0.79257980334947,0.417025654894142,0.676778512449002,0.630912673413196,0.935996311639632,0.229487846609655,0.605078763265515,0.70503622365509,0.550352914121252,0.389434624133575,0.454387496928434,0.718542481771164,0.779474447231505,0.669675868787686,0.636560213114809,0.8084777364042,0.487389668783089,0.441600507378814,0.383070858081918,0.582861222586509,0.433835595151311,0.538827174074601,0.500291223800088,0.494423057652647,0.468807871690576,0.622974420755513,0.268517625449408,0.661221148986508,0.640638757376587
8100,5,0.507454915172379,0.619250299682825,0.667550998851716,0.648005469231797,0.559260862327314,0.513859951039018,0.406158765091652,0.399324561702412,0.538605063251767,0.378471412545444,0.4460511943031,0.609247665716135,0.720142129964072,0.408806388353358,0.486285486194414,0.786730360817529,0.765812757703658,0.793876700339008,0.378441100393834,0.345469452686174,0.512283132280709,0.727930679974201,0.488925315365195,0.804369940622743,0.467069698049966,0.866730782433575,0.249041195166908,0.547049651583346,0.599456148475732,0.285334227879335,0.600099234020917,0.657999167169714,0.605264326576326,0.774756986305747,0.46449289375748,0.467952868810542,0.773602780129983,0.437506629956208,0.464338551614251,0.360123541246715,0.47981455389414,0.456458036657876,0.44498822890884,0.702879652956098,0.529099266780189,0.401396341758164,0.84502389880648,0.285025253953621,0.68065213537793,0.537705993770511
8200,5,0.671678939722112,0.808934258239217,0.7126290676202,0.377167749355009,0.6560635537991,0.466483752355476,0.354678627469798,0.356745327075352,0.576752659168891,0.429181728526749,0.324600711235039,0.597087127866873,0.562082460145737,0.519595640726689,0.512592711501545,0.808008385938969,0.779838785737303,0.6931145374106,0.493234041876635,0.413932741345887,0.477383394088084,0.722961130428337,0.33742127748018,0.551285866659957,0.663307025121766,0.784411874675045,0.24766027117216,0.453290186747023,0.55590766381314,0.562801031703374,0.356836848146684,0.668027676896333,0.555702213093946,0.570174348580196,0.456073653338069,0.390759902437689,0.537239393132522,0.52300263058147,0.442662214813805,0.479814245575426,0.616914039015552,0.439849217678742,0.456205517021412,0.752292672988508,0.434610543134472,0.224890456153619,0.669587882066027,0.29677422088126,0.547483713761941,0.516404976018697
8300,5,0.787430706790779,0.647185470893358,0.662566471085603,0.479137392775037,0.540854263774431,0.427832868825655,0.261086349657946,0.384709858462939,0.644129853127927,0.377083438781329,0.341283234727015,0.394857250539923,0.358551126429489,0.472731977360162,0.415025278629981,0.699448920226528,0.624463515202245,0.673769173033885,0.425082845832765,0.436852005782936,0.306015004560241,0.586566046810164,0.339386806848014,0.506839982098268,0.676798449238668,0.636883769243094,0.185338210987099,0.414262942782781,0.514149955001575,0.543578835895757,0.371912290129593,0.595168915256494,0.343927370464961,0.537698366478274,0.639145341744398,0.473619393398043,0.591091573129489,0.55212052103136,0.530049078007244,0.417631964088184,0.540788152105637,0.49042450095143,0.496052997065644,0.617181887073361,0.49196013362562,0.155380742388953,0.732739340930003,0.293426153798753,0.569271332225335,0.538546831421754
8400,5,0.539152075247961,0.735178928789801,0.597234246135385,0.515793884223821,0.297378250787393,0.315459225240337,0.306930262248044,0.454959401935514,0.523819346560785,0.341117503448947,0.495001721415805,0.491955521984891,0.667235766009983,0.473358080847236,0.443537312761638,0.431026934784413,0.650354192523062,0.77665701001398,0.456984372952031,0.2487264511608,0.291200900233047,0.55641046858498,0.327402434600628,0.4126286535875,0.69739112461647,0.729432662594276,0.332967734229243,0.398939519236334,0.598725214598294,0.464532567297862,0.362224714815094,0.600426391997644,0.342876471284383,0.399419099361129,0.652545211709244,0.538448931515713,0.719419405325668,0.752952439714983,0.475230689883334,0.334176571200587,0.510714211934853,0.531568306320954,0.301062620826228,0.64430485520319,0.392026621747619,0.314306461444418,0.874172890571826,0.437808348152319,0.566870962895176,0.519280265186221
8500,5,0.536438199804276,0.55551477215302,0.430531395598706,0.556715013291987,0.252326219176004,0.513778817569617,0.306346856971506,0.58193392371932,0.448125998645138,0.360643825937189,0.238255847196661,0.297448249395732,0.666287085071077,0.561525087172982,0.417598178292618,0.368748633523516,0.542790065010943,0.612493964428331,0.425725316812546,0.313825851420819,0.56544628811628,0.405329012769899,0.186141801854178,0.573807495243436,0.367466656957086,0.602841686436332,0.356430841900661,0.373098525898108,0.408691818413098,0.531838824006479,0.261808460257543,0.504166131506059,0.545442062050896,0.293034011772214,0.439372559090811,0.456148635661642,0.635567701188565,0.59265721956506,0.573584236454642,0.138049698995463,0.602779092059441,0.513286517700712,0.269089556276853,0.503248721215559,0.441029611838327,0.143376574150284,0.685382659407207,0.44316930854092,0.486435894283969,0.321104276681485
8600,5,0.513603230645227,0.441259291841818,0.219869366559606,0.553136368238159,0.1434279987982,0.49540821545806,0.21952571699285,0.521790103572585,0.428394573240031,0.174368499056008,0.450288744738281,0.452709825627833,0.505452740175281,0.441507582710785,0.144430650080657,0.382665432156235,0.563606651161835,0.617951563695674,0.276188060688882,0.22620978062063,0.661839278652233,0.30296249656858,0.152943190160711,0.575622122334998,0.435374264509568,0.628359953033553,0.302358302072742,0.353591479717433,0.452649657685167,0.402503219041475,0.255117883587102,0.47258288024104,0.543648239755806,0.210563648468889,0.284759118646658,0.44239326404022,0.496136928168792,0.502655669662002,0.307101383822627,0.227547637074393,0.567275139696816,0.446231039640163,0.34856239547102,0.488288251633666,0.435007886429495,0.321939181316493,0.568281415765856,0.244057201603245,0.358916576430472,0.261981600744761
8700,5,0.664851512105798,0.447740456548235,0.0360382782123348,0.572845532116868,0.0527671457332688,0.334818775733475,0.103385719287362,0.365807752651457,0.587962230240245,0.117415075201432,0.490559712619413,0.345883520878827,0.447435251929469,0.274560246664953,0.357474433292483,0.18805479175863,0.526070497934914,0.538293139178334,0.307692122484506,0.225424849311778,0.396469604297436,0.489321694930415,0.19613327703722,0.407043419686469,0.466402139849999,0.701126109136506,0.190241935383336,0.25671476301099,0.223259501558221,0.459287902828575,0.109672454065613,0.434204118313569,0.307411871570242,0.100531408369916,0.427201320298131,0.403064254412193,0.429930319948466,0.382844798022919,0.224360073800746,0.299445596312851,0.627727992251416,0.572341563884791,0.247831213393968,0.295279778028186,0.263182944628158,0.386645744929494,0.501499499579143,0.345064287483349,0.209204380566143,0.0706126808192689
8800,5,0.390217100694107,0.345518158382224,0.000654885074305361,0.561135289315087,0.0978811020939392,0.267660529240083,0.0900183982275088,0.449709008650154,0.607170136688128,0.241328124847394,0.344085942034646,0.32636178689452,0.502383839667477,0.33220331586519,0.408149432628035,0.443775849396811,0.441754938016421,0.381675343942198,0.22637528873549,0.388086357910074,0.271768927289096,0.678161925751557,0.169108860666484,0.3843967092703,0.409300952683851,0.579856714650722,0.298629072502174,0.184324045634344,0.188140326598775,0.337000208880963,0.164088871655622,0.404225285076958,0.520780394276672,0.0375656863531355,0.43887658781409,0.263957903124524,0.115386187690066,0.328411556998704,0.401186584932408,0.226274787374472,0.576019228550608,0.359896556077144,0.244375035256138,0.30235485305145,0.386839148642535,0.358311309860167,0.41588713904899,0.506802926527655,0.218220098325683,0.0297862787329778
8900,5,0.330789739695203,0.311805164013989,0.158722587538578,0.557243447805611,0.107536465864948,0.222154845620048,0.167331654024846,0.378964976319385,0.52441044594613,0.100457501865727,0.196533725905262,0.36360248432046,0.500602504086573,0.293775750807895,0.283537369936442,0.254255544802222,0.618569005942506,0.313149230214892,0.191321883963378,0.319592865945166,0.259981653154885,0.54086362555009,0.213336035412944,0.357362078198626,0.306823451804579,0.520181979861922,0.400679282801703,0.370127569452031,0.0361904340429716,0.297841942504517,0.0774939158214144,0.444760113515296,0.333615470335652,0.116184011350642,0.277010577909293,0.219079807910167,0.101973417468695,0.365284265232925,0.418873244369716,0.107530234258833,0.289987727782032,0.288264649849793,0.448009302548786,0.190620832630304,0.368622593829169,0.437616139465213,0.634585443488239,0.361504042587928,0.174428026931677,0.213861069787664
9000,5,0.302919802586918,0.28693715456949,0.28743249016479,0.249573569676183,0.0853917988192462,0.213136119672722,0.21461899597857,0.157091318258192,0.320735713237073,0.136128476349443,0.183534622682671,0.416774421066737,0.472975229653229,0.196023891815091,0.225857838805694,0.29128387655138,0.480779365898263,0.311154063574043,0.182710242845144,0.285474547735316,0.0859810533357992,0.348526331850026,0.148158754525347,0.116403713236741,0.205528227574063,0.38592628072678,0.424796379243104,0.240416935778216,0.0641851055611053,0.289008402926504,0.254558073633889,0.298073890141241,0.226361286697477,0.320474885297292,0.388800706836258,0.311393726313951,-0.0132043218711047,0.496504312524803,0.410382169945976,0.295171590913952,0.186998438824455,0.468647819462126,0.378436648681843,0.0284651968738535,0.387631710876091,0.390712614385465,0.603838635368312,0.357413223122796,0.22589825605237,0.0106924502787521
9100,5,0.160492738260399,0.0329965101018092,0.11055208961385,0.0902910306950357,0.158663014345194,0.212156841239799,0.201215165580932,0.178876676413759,0.173964021077397,-0.110294911454117,0.25255422436572,0.453984759558334,0.444324754042291,0.185035400677828,0.282112789684111,0.374956446518793,0.298020427512083,0.358739222141176,-0.0358363584086227,0.209161295024181,0.164204474776631,0.352732990028892,0.184866534249682,0.112087535581859,0.185284102142198,0.383307183504201,0.333811541979265,0.142438914974548,0.0811800025132183,0.357017491659486,0.229799921427025,0.227818937518177,0.26610400462081,0.438716328403647,0.129374833260786,0.321167428958578,0.00797121993416308,0.47247901900164,0.252316624042391,0.449891638169863,0.173712624794859,0.550363410864472,0.354306143488376,0.0478400561941854,0.295845425666626,0.25094838477054,0.422946768741792,0.280497929516212,0.334950205715553,-0.0986955322198264
9200,5,0.195373755499443,0.036569703528581,0.0189572057778221,0.195297924407906,0.229743981927407,0.344057606423125,0.299493935501414,0.358298842337898,0.0908353215958011,-0.0819183841149515,0.295648629715405,0.389141766011411,0.448802342331715,0.0584987596737808,0.141242479188809,0.375287805987529,0.00409017740170378,0.26433854599355,-0.00912906659689697,0.252709748128694,0.187534078388628,0.43021447069594,0.187907780542437,-0.0169092978938715,0.337347042279398,0.340449471201145,0.398008061770884,0.139137973869185,0.203618820850177,0.373598524982412,0.208069585648045,0.0778335650833389,0.148526464216296,0.399118044957348,0.0479594612511682,0.159287830203602,0.0464681586261122,0.316523231151355,0.147063797928614,0.417805132752464,0.353787027691882,0.327847719880602,0.277281907056942,0.162735914273776,0.188148310576402,0.113689885221252,0.554830218790125,0.178584287827535,0.203620883679883,-0.150353014257499
9300,5,0.172331087835699,0.163796034637431,0.0981134660424448,0.00976033865617806,0.386332391559345,0.307927785616709,0.297524566323593,0.38978420280562,0.189758911693711,0.0219114759132445,0.307200330691108,0.32022959944329,0.441645278012695,0.0832082101760254,0.0831446648416287,0.363109183864642,-0.0206735125135351,0.106747295012289,-0.081787582898223,0.247710436607801,0.301103856367773,0.290863202419781,0.0616024883964747,0.0123980078731611,0.300869772041941,0.353926636539168,0.263829108144916,0.146092300985365,0.285133674603943,0.241382570378091,0.226285575635472,0.14931080608499,-0.0091647901804798,0.111266093237447,0.034531703274796,0.0681847627830865,-0.0501694799727462,0.17271328000323,0.129749745159437,0.385697860672372,0.325478500035945,0.424094866170594,0.179823769951385,0.114064576127125,0.295978908201653,-0.0322601720637201,0.453180289280896,0.199703255550426,0.166157223191821,-0.0705234956538626
9400,5,0.294908765299916,0.320093361549777,0.256573504046372,-0.0133455020513774,0.200622881025566,0.125110524311736,0.265795430076693,0.326098666819839,0.0165002403100796,0.0854793113843111,0.351048898794629,0.11922873978993,0.383959333592432,0.205274055667574,0.099771801914267,0.384407155669488,0.0427628002054359,-0.0657536071831919,0.073729653958027,0.153868999024726,0.211218798875303,0.273617247458441,0.0500399776616504,0.106339130065339,0.323706272191961,0.284183099345261,0.0666570944307458,0.152799549746789,0.433029664839466,0.18143972013302,0.37563255950273,0.160719032343551,0.0189603631094247,0.131271149610035,-0.0236078272986219,0.207287607448018,-0.0763979387160818,0.00385466430005446,0.0883214104647741,0.251532465696892,0.293161905679519,0.164930085172554,0.148057350743525,0.171645896984142,0.177258057136372,-0.0640812722286095,0.307570774257125,0.305542150492338,0.08786219052727,-0.0695558436478709
9500,5,0.382634190195462,0.154926620315241,0.171808960182462,0.0527667516445914,0.121716724448037,0.192011230283147,0.269013263482816,0.0408231758777752,0.0299532384369711,0.0795555162520039,0.356981436742976,0.0690493922336203,0.128649700999568,0.325472590698199,0.117949938206896,0.134060293020299,0.00443279262481813,-0.0558454519050456,0.00761710267631008,0.152164914709051,0.198308231504323,0.274688592603117,-0.0911349171778066,0.192245191819602,0.22986176177065,0.246558129995725,0.0682088016726775,0.144826676796011,0.155524471660568,0.182414960522701,0.397482110079684,0.127354898314567,0.099987698054725,0.11915665761726,0.021859454659327,0.0376153603830021,-0.116283917774866,0.052699575913306,0.306081607032132,0.285001001147005,0.359805523054983,0.244834129441534,0.119222181110795,0.109999079700148,0.135383121208465,0.0134722210575288,0.320359028258368,0.0448901326777076,0.120167426055339,0.0815153390075216
9600,5,0.426699307298767,0.172376610031375,0.343992146593643,0.0329460241020818,-0.0385381932401733,-0.0612784880475426,0.2544729167727,0.0191359392951508,-0.0219619784755403,0.156021933662362,0.434827442414529,-0.0682020411137372,0.0303971183411389,0.133044307711689,0.0827475217891149,0.141935994974726,0.0419642936996417,-0.064408915612785,0.152173450759023,0.354287091160706,-0.133970577375458,0.20742807680982,0.0367004863052997,-0.0180795623810677,0.172625626619657,0.0317296764052283,-0.0241885872149431,0.0942676342537015,0.0843341388156,0.0661814867169313,0.266464204712615,0.065826128310115,0.13784443629156,0.0883738838554853,0.14485768533987,-0.0327221419531673,-0.0538118819043955,0.136289537011431,0.145263140857768,0.237535000483498,0.203181577200133,0.15729105254636,0.0683774157664827,-0.085604117708577,0.0549573275890509,-0.0467883815148821,0.326940701375994,0.0469074765025418,0.10924662066686,0.132421854569763
9700,5,0.360564011483684,0.2111166805943,0.331686579990275,0.12873367488334,0.0397289820162851,-0.239906073205613,0.255742526726397,-0.0208023119761561,-0.0775906223407562,0.110391657197948,0.414281192665012,-0.145325751910551,-0.0498037404412987,0.287915100574386,0.0498201790689846,0.0630307360189178,0.0199730277789344,-0.111009993291958,-0.0913300956844625,0.255957666437003,-0.172912811655876,0.395498828436901,-0.0377909223627224,-0.082070954741838,-0.00379650014536678,-0.131359205795156,0.067801653619209,-0.182450969529087,-0.0353685692484166,-0.042225856095005,0.202167010885431,0.126347799778748,-0.0239128622288839,-0.201810944662073,0.171414202224152,-0.139182235181215,-0.0681776216174506,0.0124846358639875,0.14530538906155,0.277754723967413,0.0642572627798379,0.0408557825701184,0.0570107238708904,-0.0722652185275912,0.0161039241131887,0.0204639571529891,0.42151939049623,0.0623610788075372,-0.0360205198733225,0.11643043325088
9800,5,0.0755299524101717,0.104853790924394,0.189976891956456,0.0785008558233942,-0.205219950887383,-0.189966168448053,0.190793339872753,-0.151292914339804,-0.0770892273857048,0.0553379721676652,0.266575166700842,-0.0293034409209662,-0.0752094217945788,0.126474445985014,-0.0186762512962478,0.143963288783663,-0.216194884723351,-0.326723467722086,-0.12040654925391,0.170134951439903,0.000641440273822874,0.17626513766681,0.0060546610587642,-0.0975520898669951,-0.0825787118905667,-0.171771225403219,-0.0423610882372628,-0.00347982990069826,-0.259430029848316,-0.373025371489071,0.286366098263764,0.112026946346063,0.018748918352587,-0.1396071319762,-0.0245960716852698,-0.175182616288309,-0.0281577193543574,0.0333101293988527,-0.18139930015788,0.0279568694979271,0.109583065625727,-0.214278626268835,0.00176254025306014,-0.15124601947055,0.0476290895603565,-0.00192045572567603,0.115021551635926,-0.0022123856061855,0.025308212408594,0.115391705785624
9900,5,0.0223928837564895,-0.15538574775828,0.0639615506414232,0.15009053835458,0.0686161778276503,-0.341224383389089,0.186596530713112,-0.17807406121515,-0.0624510697761818,0.0447267587154964,0.316170968968692,-0.141685150201561,-0.117791610609444,0.0652545730517199,-0.0478795717709059,-0.0196522889472815,-0.386927426234763,-0.45849593673381,-0.172006949486274,-0.014090599314662,-0.0335985089506982,0.0990867142665988,-0.0479666912667865,-0.217184388237059,0.0102972899806788,-0.191879356688978,-0.00623918302942808,-0.174972174533417,-0.509105888276591,-0.321853486433574,0.198371214621285,-0.0394697992362802,-0.122526339281454,-0.201855448938636,-0.179451480965748,-0.164158734759834,-0.194719921557972,-0.147085039992003,-0.328212242696654,-0.322847725084106,0.0109703307488719,-0.405037711275509,-0.19431728918981,-0.234262607609151,-0.105479891832331,-0.0464472782816192,0.0133667577820308,0.074909295248555,-0.0852738957063671,-0.00201623179155266
10000,5,-0.264708923594742,-0.236388703749807,0.0921231923214917,-0.0531616148395415,-0.060001638124995,-0.326955214692501,0.0260703769864555,-0.165151476205841,-0.162333900401338,0.00613302902697491,0.161569301497643,-0.167799676087157,-0.0547560918397123,-0.138677714722206,-0.246958141879815,-0.0511918455947279,-0.322330442783432,-0.196424153721855,-0.378249461518357,-0.212799331437146,-0.184823249927802,-0.134750156253929,-0.0551448835262973,-0.335697913712031,-0.24726501270975,-0.20909112174016,-0.131177237592375,-0.135468011811984,-0.310211340629595,-0.22966692658334,-0.207832014962232,-0.0328950853489735,-0.197295762321766,-0.202531994302931,-0.114955076315718,-0.137332280203909,-0.199156169053665,0.0132304749330195,-0.144837374944013,-0.304706257232767,-0.0545291647504093,-0.31438581014802,-0.191106493196633,-0.257461891956603,-0.201968395273509,-0.0934721680846115,0.168916856594016,0.0942172585120268,-0.0373614079860163,-0.179649273510574
10100,5,-0.0320811604565159,-0.342787498336959,-0.101493458447148,-0.244492838302872,0.0864511022361129,-0.573199979826871,-0.188021872950746,-0.171119338865677,-0.364789339223629,-0.000453907532260683,0.158521061850109,-0.138956106331882,-0.0219939693124667,-0.144527795671283,-0.315863129208408,-0.114046753567397,-0.365718822859656,-0.540492684564678,-0.395560537295641,-0.231507531208581,-0.211254774256399,-0.27886713019673,-0.122848451181692,-0.170947340329312,-0.282691839726766,-0.423790388423002,-0.088551310988384,-0.287395290861601,-0.19238955452916,-0.263930512172678,-0.255810961819052,-0.147477575848186,-0.207433855826303,-0.118384419318129,0.0548949415300324,-0.067622329413712,-0.367192751127141,0.0358719160250916,-0.165200189628664,-0.38832155111617,-0.142522857672354,-0.181275913070585,-0.512242252193959,-0.356482425802223,-0.261389390242216,-0.142753457355001,0.0818505567598485,-0.0337771083071275,-0.200815370954086,-0.0963724369287941
10200,5,-0.0478100407319521,-0.358884373851054,-0.17949268011109,-0.139950732929744,-0.0353856467558428,-0.810854906677328,-0.155367674764204,-0.215684537603917,-0.519964185515596,-0.207806920328833,-0.0265232161650315,-0.264114722434088,-0.174425306529215,-0.169999433129806,-0.247043292788357,-0.0984254643663605,-0.504471808812042,-0.505213627439051,-0.439954165752556,-0.284395874536134,-0.38591985276685,-0.413283414095901,-0.17341113427234,-0.360248045800866,-0.277454563280021,-0.223278145941385,-0.411477197979996,-0.338348695461961,-0.264736407060279,-0.230558629643145,-0.339196682110626,-0.42767865865138,-0.344973030176465,-0.177928764802815,0.0473645387395923,0.0853379865270712,-0.616890208201564,-0.332326634571136,-0.486347884294188,-0.504168898030312,-0.429958598413782,-0.203741240954423,-0.430252644753557,-0.615095240846431,-0.328838008808876,-0.232604280516819,0.131724973135863,-0.0133060042050964,-0.307717303147905,-0.252599476186434
10300,5,-0.0841564176598708,-0.454567040810458,-0.350598986096433,-0.0898232825114069,-0.153877616707996,-0.828095549041641,-0.485632276109071,-0.214745726978641,-0.561114282737049,-0.41322026523911,-0.209776180167361,-0.328106617107593,-0.467272260176627,-0.36528376577238,-0.219375224466936,-0.325617120811059,-0.398212998244388,-0.365800017034264,-0.381150033102772,-0.345368071980594,-0.436516265911416,-0.454857064845547,-0.49342780107759,-0.307206950474336,-0.442177306935641,-0.336529499842999,-0.493613710286756,-0.652617713370314,-0.325961035581681,-0.463520678649836,-0.450098985273479,-0.583843181776974,-0.473247603361734,-0.282488270558353,-0.225672163923371,-0.267046992640392,-0.625083705253196,-0.495762405316516,-0.558026390787391,-0.662421908757719,-0.564357514001403,-0.49998711865359,-0.57905318406306,-0.439747265177004,-0.293365117227427,-0.508154038537376,-0.04373151720825,-0.17249439873461,-0.104573618209315,-0.106896769900992
10400,5,-0.370683223834761,-0.47332058957014,-0.536303742895582,-0.155751020765478,-0.291050371012627,-0.712621314155569,-0.561984306822286,-0.208270616637204,-0.635485866942352,-0.478523515929652,-0.494665189676406,-0.301643495199592,-0.541957624991396,-0.597810137657716,-0.321482058023717,-0.157016934061867,-0.495598723597979,-0.382650289070454,-0.434255225213117,-0.371982296503625,-0.425374834445053,-0.559488725177935,-0.388200006110352,-0.278647573055389,-0.48066897036962,-0.298267103034526,-0.502000478762318,-0.594479100405094,-0.311769721133491,-0.576005707730718,-0.526107261213764,-0.554200631495393,-0.34794621207854,-0.408660528725552,-0.336705788642024,-0.325798959750759,-0.416706786832456,-0.534389701502124,-0.443300851329963,-0.712433433592545,-0.61283935001404,-0.463285884172309,-0.551617010157192,-0.400275522408535,-0.331453270588277,-0.804739845891776,-0.186051060371524,-0.2878956798613,-0.407717729759628,-0.44853306927999
10500,5,-0.351759416724559,-0.416949681109607,-0.79633776616198,-0.477816890021784,-0.451698382176864,-0.647421724979802,-0.709963691553518,-0.321496720030114,-0.530817493045776,-0.504593451672319,-0.510225916371472,-0.175690100033406,-0.440587900475928,-0.534797871385553,-0.511945088088295,-0.188894787344678,-0.567126920690825,-0.393173200487871,-0.419131304474191,-0.282970917517759,-0.431580803570462,-0.394876136978877,-0.467647340875672,-0.539242811049486,-0.685755347704364,-0.511806809248182,-0.532461185182124,-0.495445116829697,-0.271522022856561,-0.491872662428768,-0.672201639889456,-0.588534576330233,-0.31430541782026,-0.571164658737082,-0.371379033442642,-0.174710159465621,-0.16187316811439,-0.562807221568723,-0.59613866464614,-0.919286854249941,-0.577793795068574,-0.453943962929013,-0.685323516004701,-0.430941034685299,-0.290693213309096,-0.391187157458295,-0.339986684994796,-0.54949855383729,-0.549001368260066,-0.700454543680604
10600,5,-0.69924844669434,-0.553811804579302,-0.905119742900801,-0.558912628702375,-0.814141951477663,-0.310619265029861,-0.733882621906132,-0.421704176980126,-0.59236413041856,-0.503354032497117,-0.55601798727967,-0.23591562460428,-0.510017174703017,-0.555357587837784,-0.648960057075515,-0.476466947598039,-0.708724586169386,-0.574814043031582,-0.403948272282877,-0.148508554941962,-0.628713099961843,-0.455518583309653,-0.398077852684192,-0.389053134541506,-0.709284389559678,-0.612982342012949,-0.541439657642621,-0.467333642429884,-0.540465282194979,-0.572713626984713,-0.845976301599185,-0.824716256691744,-0.217826702333567,-0.487474856188524,-0.419083235168075,-0.60072465999277,-0.293573497979077,-0.484901144088663,-0.877838123393518,-0.731852470559828,-0.506066067764472,-0.579379066995069,-0.684559026089248,-0.317189786366063,-0.26432958131822,-0.496096063667802,-0.773083998875009,-0.550495986658037,-0.459684963926351,-1.03025378507361
10700,5,-0.774714397699327,-0.636204410322984,-0.82554798935064,-0.429255755685715,-0.859582243107009,-0.258300789836999,-0.871618995252294,-0.461613248533435,-0.952432441717087,-0.443172667498044,-0.37657394793134,-0.422357593353593,-0.487915246301047,-0.558205765777355,-0.697867842752945,-0.753683772037794,-0.60717529451352,-0.446152893418807,-0.652020764687425,-0.257495358274229,-0.694729122272976,-0.627820932479672,-0.456680029633955,-0.219742311334331,-0.40479462517052,-0.723329488069653,-0.56569392379701,-0.473277061331596,-0.694114921975385,-0.639300492642644,-1.04816133789777,-0.858638914055644,-0.139583805347349,-0.478327184180654,-0.533933089963536,-0.756711304712978,-0.396070896059582,-0.670677023014066,-0.964063743345311,-0.816721567711421,-0.654086071153436,-0.881568009043032,-0.45393181521075,-0.604068696359463,-0.571007355297326,-0.295348286385782,-0.782501851376709,-0.712011860134701,-0.623933740782524,-1.11645344854088
10800,5,-0.733518275395334,-0.783556963656017,-1.12993171705906,-0.686054918097315,-1.06676965995098,-0.441697319304916,-1.12758156774349,-0.573959065083091,-0.763839664359057,-0.486554319667251,-0.566751083699006,-0.585325314150686,-0.871764102687657,-0.623080513910427,-0.82634605731407,-0.780966086230734,-0.78084605692506,-0.570910481814621,-0.528307534594627,-0.562284454826406,-0.738707131254212,-0.855833211430216,-0.424694593203804,-0.205331068237946,-0.409197522805795,-0.893067289345347,-0.605676888164614,-0.809428407365319,-0.975827933797912,-0.733820008475402,-1.15690746329224,-0.494715075113972,-0.138678423810658,-0.756929695233808,-0.584110805197224,-0.516610808406791,-0.552662696191867,-0.75784674244667,-0.947409304097481,-0.664920228231415,-0.769273739215733,-0.96060190356143,-0.395809272877817,-0.393501835645827,-0.536552695383378,-0.578367923642769,-0.805080586870278,-0.474860659270366,-0.599272557236969,-0.834212956752226
10900,5,-0.500182269284004,-0.6996027001458,-1.01167200737165,-0.651450194413932,-1.25269234483679,-0.254006148197353,-0.705400938694465,-0.73015315916733,-0.70119523944778,-0.93554826023691,-0.876802494944296,-1.02014943058448,-1.1232399972078,-0.771931747504489,-0.899826466149956,-0.804929518999237,-1.00806457317509,-0.753406940064496,-0.849824014899487,-0.634820551695814,-0.805436942516348,-1.16381433681593,-0.722736429772761,-0.533459653141117,-0.696085327747589,-0.579692063177391,-0.704106264798291,-0.909427421261387,-0.769448845358634,-0.76179945474283,-1.28331173409734,-0.419025900067972,-0.0841951677373089,-0.447726399085341,-0.465354148274307,-0.738866307949465,-0.498604502634742,-0.830040687232249,-0.927022686436056,-0.671659005852213,-0.597654643269253,-0.962762922124539,-0.527417021135051,-0.514658696154537,-0.698295421804624,-0.449500058435319,-0.839759714667983,-0.561191001448537,-0.588423389098138,-0.720169537952025
11000,5,-0.57571241942693,-0.569651813327854,-0.858331062014427,-1.14973557661431,-1.163994024068,-0.318725444124069,-0.769295603841234,-0.798633758454821,-0.619089292587265,-0.80407258184716,-0.826966105430673,-0.869335772179524,-1.02773839044785,-0.81842082525947,-0.911339699430524,-0.553367477207651,-1.10447451627292,-0.537508863684142,-0.76199095645986,-0.820950647557972,-0.953162145611852,-1.24218031159024,-1.02851693043716,-0.655397464411219,-0.664505690847147,-0.683397090504166,-0.573185497641886,-0.758072009278378,-0.577249187893331,-0.586020045201269,-1.04812851614769,-0.759056579304799,-0.377129423975183,-0.423829345261762,-0.671285218682584,-1.13923022169626,-0.805052472485746,-0.865031245826356,-0.976647534360839,-0.796302264240199,-0.736822253592294,-0.86125312117431,-0.578928607537291,-0.799626308473655,-0.580402409508104,-0.587874485017303,-1.17528167770045,-0.568945661099426,-0.923364639343489,-1.09324042492478
11100,5,-0.686200595656145,-0.416596244656214,-0.722220035409268,-0.935349404180735,-0.832544129784261,-0.333905761536202,-0.547878646011332,-0.988013791779,-0.789164595031795,-1.01889394074592,-0.724221059684392,-0.904553386108578,-0.762018900516225,-0.684479386024306,-0.860766685107326,-0.727245527031233,-0.940886545030266,-0.866206758809888,-0.806195177968694,-0.925942376217419,-0.868405640374703,-1.34263378119962,-1.07935374891476,-0.687285011122241,-0.58391657867196,-0.421388170808768,-0.625091713734654,-0.829276828438603,-0.696436758462437,-0.569538007940252,-1.02893182447881,-0.830420753731296,-0.557583893725277,-0.807018143257924,-0.784362348369568,-1.12226946598297,-0.931791006901753,-0.91419805432704,-0.959712132967924,-0.579288478069278,-0.50755333033794,-0.991797288986042,-0.544679106812036,-0.929258378494166,-0.33112901799327,-0.616672126356482,-0.97704186554263,-0.591912623624889,-0.686854677937346,-0.790232842894986
11200,5,-0.704900985549181,-0.544767367140709,-0.514442466974878,-1.22742173151881,-1.18704851182019,-0.667778541768651,-0.702327007042201,-0.962310121971245,-1.09729257772672,-0.94574537468433,-0.861552869175571,-0.90709532212352,-1.14007500728878,-0.939528668192427,-0.780933599409173,-0.847677875207858,-0.599214599655782,-0.687495069139356,-0.573017360933048,-0.806835124690716,-0.780952302911992,-1.42590930715867,-1.19187503189987,-1.29886114485216,-0.766520991424506,-0.910709666345537,-1.0209734402912,-0.839575152378157,-0.718802937003234,-0.98118810123054,-1.18372784045827,-0.632959210474524,-0.770768528928614,-1.07576244899811,-1.07221185080769,-0.82864905103015,-1.15532365927199,-1.18178083645193,-1.02818289782853,-0.715451258254966,-0.50649271152269,-1.22711143162104,-0.655334589932554,-0.834077084218063,-0.158186828688153,-0.742628492168025,-0.980831808665103,-0.902038267930876,-0.884981739002325,-0.951735724917287
11300,5,-0.860970764539199,-1.03762981545662,-0.907152582915703,-1.19344439761066,-1.42361059799208,-1.05206366942202,-1.17021580370399,-1.43153771554139,-1.06676316697673,-1.10079237196699,-1.16617186758024,-1.29156833979406,-1.32922744658067,-0.979520743119777,-0.799238407144267,-0.753680182554197,-0.922434804195057,-0.686996187301299,-0.899766253078565,-1.03062783778339,-0.885017073413593,-1.55015426234526,-1.01952374619954,-1.29762880866677,-0.973555915758403,-1.16333669738451,-1.14489403131096,-1.09546644424375,-1.07189827054997,-1.28597808195486,-1.21292304599586,-0.593843369574813,-0.95809668713134,-1.08669066992145,-1.28089414842714,-1.07042636615933,-1.00441849388128,-1.08280076434055,-0.99484175833679,-0.712248562967594,-0.62850760105575,-1.43396386377145,-0.664635986040316,-1.04575905114637,-0.313374427572978,-0.921306313290401,-1.13170314834129,-1.33670532829258,-0.975899756394488,-0.845475634956494
11400,5,-0.565825869946745,-1.12626827339634,-0.901431606983438,-1.33542715872444,-1.39318156962674,-1.14669114435312,-1.42871311899081,-1.58205433576182,-1.24102159571931,-1.13426339032352,-0.884232980086398,-1.52814435694067,-1.02697409646596,-1.47238340617521,-0.930602103247501,-0.989695798584021,-0.880129816023759,-0.869767305066375,-1.08154032731113,-1.21167040975133,-1.11842395857752,-1.53064803564645,-1.24992018204171,-1.42680089420532,-1.03261451636225,-0.973523025376842,-1.48373553608657,-1.51265032580301,-1.21879394097711,-1.26788239086081,-1.39078172788473,-0.922639706461651,-1.12389741774526,-1.11422662621562,-1.35917054769238,-1.06205685444757,-1.49101059626423,-1.19580745018325,-1.13027945191086,-0.613423189786517,-0.720385316131323,-1.30446683554454,-0.547764581737809,-1.21673623920409,-0.640405649295634,-1.15014399771415,-1.02494267284175,-1.45533617397423,-0.907793108026352,-0.873270428017496
11500,5,-1.12549710775226,-1.09960864337049,-1.03466892116808,-1.59328269181061,-1.30290160875605,-1.23808064806216,-1.58388366900366,-1.64238358795168,-1.21632259634986,-1.02598106198076,-1.29400821416284,-1.58263310262279,-0.945240274832198,-1.31515183918577,-1.07461376336488,-1.4525129314674,-1.30813869156641,-0.941289560993156,-1.62886369075887,-1.28241283297632,-1.31781531845238,-1.76709845505697,-1.10354703976447,-1.66866855821766,-0.983281947942916,-0.89435908553945,-1.68071826874577,-1.64992728084364,-1.58300051936515,-1.62924058657512,-1.70423980633598,-1.16254202309661,-1.26955622162487,-1.48250432923515,-1.45875225993826,-1.38166343086099,-1.49506179657603,-1.33657049446634,-1.13786238237812,-1.09464219783953,-0.896889353744731,-1.15269914511433,-0.850160501907013,-1.44485336601762,-0.805098750440506,-1.5346477912225,-1.25522237680786,-1.26506326617956,-0.992288934828503,-1.0050188702221
11600,5,-1.4454902380285,-1.37557003255275,-1.0964528995966,-1.52505212796035,-1.41624395849013,-1.42042050073583,-1.97603069173076,-1.74020497082146,-1.43901675818661,-1.57413697422194,-1.83791963738562,-1.76952826174157,-1.37868490087597,-1.44807883123742,-1.41605480792422,-1.81486264124039,-1.34629478293645,-1.46316674956397,-1.85192474279723,-1.89686411640829,-1.60146147112354,-1.87963177723642,-1.28954448892551,-1.24777744172867,-1.472184127473,-0.88355594721876,-1.52865672444927,-1.8156726273588,-1.53568737447182,-1.82057123141755,-1.81119573085791,-1.32923381754879,-1.73190546978869,-1.78258920463798,-1.61680440526797,-1.54102892910888,-2.03570285295404,-1.15171029100674,-1.42421605574467,-1.20613567670719,-1.00915206798664,-1.68236717102358,-1.27504158034968,-1.53976822830409,-1.04551295719074,-1.75883495959475,-1.51100715620416,-1.36944202370563,-1.35223923590233,-1.26247323036727
11700,5,-1.53968626686521,-1.4712210513893,-1.16755726491458,-2.00902250044223,-1.37782946597177,-1.52034689093211,-2.14463763302173,-1.70223999231097,-1.47716105813096,-1.59258849208769,-1.82288185429052,-1.80615162051537,-1.60687102091144,-1.64684524983917,-1.31380345047968,-1.87564627858426,-1.87168424240732,-1.81263234062884,-2.42705121584317,-2.20725292327028,-1.66905893320018,-1.90918697963801,-1.57328822768663,-1.18833091517828,-1.82808941709585,-1.22630735348392,-1.58309001679386,-1.68439564451808,-1.25778322820223,-1.95004594766931,-2.01424639020265,-1.27772901848885,-1.87743661571707,-1.43821310639906,-1.95337413680134,-1.88731600645946,-2.1006804371161,-1.18850651883693,-1.62924344938633,-1.18515485943679,-1.16003955850022,-1.87176311850763,-1.71240386056983,-1.75851702404242,-1.52920639364455,-2.05412269049615,-1.65848980503679,-1.29928040768012,-1.82314684398645,-1.51882860757655
11800,5,-1.96037094563121,-1.55148331045544,-1.5621127067109,-2.03568564295784,-1.72327179487512,-1.38289447531942,-2.08941186052105,-1.69885854715864,-1.62916851128838,-2.12836100543797,-1.81422938868325,-2.03347309640565,-1.69890909234594,-1.49019119732927,-1.65083834070573,-2.08573875588561,-2.21702682751109,-1.95773860935894,-2.34867780403907,-2.28292107540599,-1.94326594770641,-1.89614192439198,-1.77445335278613,-1.84378004079667,-1.71634274671284,-1.93160813281966,-2.18505593066607,-1.66760702719903,-1.35849351832848,-2.45163361129589,-2.02209179260903,-1.45119535813156,-2.06164879879222,-1.62581958841326,-2.28025228393096,-2.17657448258312,-2.0919426638976,-1.46745786413713,-1.51816709601758,-1.61897553242025,-1.46434354520448,-1.67033566956871,-1.93023856350231,-1.90839623918765,-1.65661213359437,-2.25129078428496,-2.1068079427078,-1.89290519150243,-2.12943790517906,-1.77006864205975
11900,5,-2.60220054228155,-1.71916053113966,-1.72414823042991,-2.56809526690011,-2.25398310219179,-2.01545103596936,-1.92019328046266,-1.88115607406194,-2.00367489210582,-2.28829372323375,-1.38563093608496,-2.22742167536334,-2.05517077126342,-1.64782296562655,-1.81048328660462,-2.2347051486759,-2.44380869939068,-2.5799547736656,-2.17632853655324,-2.26154576831127,-2.07035709985064,-1.98825245459202,-2.08017117953873,-1.95347472186462,-2.01806824120026,-2.00125160727921,-2.24749064895785,-1.74423172933922,-1.64468077202074,-2.68663010199823,-2.39657621066998,-1.45496283663901,-2.51723985172973,-1.8923436349757,-2.325846281811,-2.27411218323997,-2.33250157150122,-1.80913282300314,-2.03810311657355,-1.85591085638534,-1.76485073877331,-2.16678874215816,-2.3359519072552,-1.9247497262817,-2.02522983540791,-2.16475095063042,-2.52592949883898,-1.74929322263077,-2.10774917071626,-1.94606679666773
12000,5,-2.83181042574956,-2.32124112760095,-2.21920596171267,-2.09732869961714,-2.34512906167984,-2.29602851870072,-2.10188714175235,-1.99608941205715,-1.6251794302185,-2.47351898333532,-1.98255690859318,-2.33715552552665,-2.38062409749973,-1.79068400329874,-1.93560896960882,-2.37964382439951,-2.88085525575952,-2.81401938828767,-2.49290395673293,-2.57477508137757,-2.28476693093865,-2.27122928183501,-2.16783661191096,-1.98422115937384,-1.78436267992429,-2.16387508224837,-2.59938650212458,-2.3186543783724,-2.25603885271461,-2.86885761428162,-2.31212589470152,-1.84598515743025,-2.32511930958079,-2.10299871405419,-2.36600365986633,-2.2258488339424,-2.20217192768,-1.80096688024333,-2.14675244428391,-2.23341821664272,-2.08015514203185,-2.65021435127577,-2.12649170464196,-2.3350436931202,-2.18304291617884,-2.39716168121445,-2.74272765462393,-2.33174425502075,-2.07151849897636,-2.06679723262981
0,6,-0.241641554500982,0.0254767800263719,-0.336154550416664,-0.36920418482352,0.0211683768105609,-0.0684522896389794,0.0984020642195879,-0.139155877414724,-0.262282988646739,0.20185092565815,0.204725078058382,-0.0774002959412688,0.174377318929642,0.0570363674497027,-0.0064380996140932,-0.407954195897882,-0.245245900276258,-0.108681915823363,-0.0984152090745483,-0.166061617858906,-0.0185160622613479,-0.34956653389709,-0.0899454105706613,0.151941734381008,0.0955593961340579,0.302449356647087,0.0684295677097232,-0.13542305095335,-0.173928639619567,-0.124202631888277,0.0493658692451783,-0.0271654092979857,-0.190682094286099,-0.190857659498521,-0.288959285970903,0.0257020568788021,0.0075139009353371,-0.302874986097592,0.178798701859807,-0.162775377369232,0.058254498351222,-0.00218282404959286,-0.276549153862197,0.222105915147905,0.087663957378496,-0.0306455960257572,0.173283348485179,-0.533034827453705,0.102372736583342,0.185947814155144
100,6,-0.0717786114703861,-0.0608338359028591,-0.212102219867277,-0.389803445860014,-0.16976076140689,0.0313330210433992,0.089386736925508,-0.0523798684841574,-0.161425717028117,0.367914621430401,0.0979707255770709,0.0627829956937612,0.02419661197332,-0.181585620483217,0.0160996316949594,-0.301665698855358,-0.08568643081556,0.141655302567433,-0.287465271023454,-0.133944285185454,0.0442223245361517,-0.157684001316379,0.0603942386110391,0.178209602618587,-0.00721074922145781,0.339965280460539,0.0290301821773765,-0.0990720276594206,0.00721074922145781,-0.12176301143452,0.0542975754987067,0.0505522291861778,-0.321664375901712,0.0624053340228905,-0.246243321413095,0.158542973691038,0.155029156318084,-0.154997788912492,-0.0418933636227265,-0.236100583005169,0.0399698309386149,0.195578394134946,-0.272963870758613,0.136358050948215,-0.0632065287115791,-0.100692804225977,0.0261187384538438,-0.357509099669192,0.151027435279553,0.0688848782949916
200,6,-0.0154832825246285,0.0787399746514328,-0.0309871706491692,-0.23687358147024,0.0397377355058706,0.0226921995353421,0.201411122306218,-0.0622239270330208,-0.0714032071245941,0.347037546864819,0.0656830983907903,0.197976399570117,-0.011670381397132,0.00120580810671711,-0.241257953895232,-0.112398786455738,-0.0258401885753989,0.138163163236519,-0.240019911853646,-0.212670892526739,0.125228548252835,0.0154246425668502,0.115827866304736,0.102616482353917,-0.0180171642359479,0.342112362416655,0.305135707521152,0.0144147946692863,-0.00857866876584046,0.188308923165084,0.0450242815226212,0.0543936372454299,-0.121734490633673,0.108369705693829,-0.271822011640607,0.21984048141422,0.230601739831198,-0.166444497968736,0.0637819434324811,-0.244016899240935,0.0306664626055335,0.322975177411582,-0.192441725420426,0.113390566330638,-0.0070928534680802,0.0610862103732471,0.0986229932949901,-0.179284157087919,0.302576304929455,-0.0289197381865801
300,6,0.00669454123918684,0.192907174584173,0.11058197352759,-0.342929136535695,-0.141355596233417,-0.159354952902453,0.270077695567517,-0.118842142369679,-0.113214187902334,0.25625089828914,0.0796704188881162,0.254824184401268,0.0259250144215079,-0.149599098909557,-0.0845444811228914,-0.236324029101941,-0.180939071436815,0.28585520468406,-0.341834905478159,-0.0293023181114604,0.0751922052751284,-0.125136582416021,0.0118923428785873,0.173285170208012,-0.1704699582717,0.259586797576717,-0.0156716183985822,0.100528500418007,0.20390561949446,0.220914054234281,0.114991243711254,-0.0336032724454043,-0.0668752400394488,0.0156794245062236,-0.0739485918234201,-0.214131808080171,0.214290770291804,-0.106804429163593,-0.00762331043204739,-0.0666241386627652,0.0505099224690566,0.249922174723359,-0.0908197137918955,-0.0138397346737251,0.0212501198097929,0.099573637957531,0.290831843935084,-0.0657485100942813,0.169177258970001,0.0700036684072707
400,6,0.0274891902136769,-0.00787302586199301,-0.0156408496720751,-0.250099585729995,-0.02067720849095,-0.163135852459976,0.224329165115345,-0.0890519013250765,-0.0871591262707654,0.181441600393159,0.0737146278375327,0.273571325864191,0.297798872190444,0.0632025165037966,-0.0397337032405341,-0.201629307673822,0.198474272674061,0.310940923129401,-0.4629271872975,-0.266509760536212,0.0853215499237922,0.0254533955267647,-0.106199784505401,0.110719888520986,0.111952579655201,0.188402537546813,0.168967941301183,0.213418873625727,0.252637721856972,-0.0231339104959981,0.205943852076693,-0.0214878329813212,-0.0651760954845448,0.161980515155824,-0.200293139252246,-0.180206947867186,0.245167673177057,-0.084222913762638,0.00667829872914566,-0.0126643415648534,0.187865925584942,0.173453419554497,-0.181333667569756,0.242901491989629,-0.0426852973770223,0.0475024370097601,0.124029325870252,-0.191849121455313,-0.0132809082465218,0.286404419804478
500,6,0.111849716219631,0.0528928005446263,0.217250101475619,-0.0173247458622058,0.0920962763152238,0.0909238453711108,0.442186294717378,0.167357305395051,-0.0459616523096167,0.268128266385448,0.256047438730485,0.262438583774553,0.411385021261765,-0.0232988316055621,-0.0726512490184873,0.0175479937611257,0.317978765267114,0.238313286390096,-0.101761897446879,0.0812659384476105,0.173069869313286,0.0469141285909883,0.0033437747199504,0.13644347001351,0.209305994564321,0.240596068855126,0.261975423474744,0.410422693555772,0.284948411138129,0.138700048634001,0.289442302928068,0.0114335311570063,0.0698880337888879,0.00744288727815767,0.00972967555567894,-0.00476405629951232,0.194230834157796,0.0789322260714244,0.0756254593494854,-0.0116429497035437,0.243376503058463,0.167132880593273,0.101422549423128,0.198837091048763,0.0811580391513402,0.10760253722185,0.19621730874415,-0.100914725826771,0.133296751775135,0.165360555754907
600,6,0.223369751334338,0.0334643012709217,0.200796264784823,-0.0954305002165453,0.151538808195791,0.108101316962975,0.547382703563267,0.0325925252105743,0.0895140953316491,0.37050088610252,0.397798416408971,0.225947028770191,0.162669977876676,-0.0501842362149247,-0.177765740668454,0.0297839524681844,0.191909673536584,0.120286237936616,-0.187898492613126,0.0337813545544586,0.128617856711592,0.227677948853494,0.15988265978345,0.28050455809546,0.0110558092752656,0.212016334123055,0.0767923391543754,0.278127398909023,0.191837789272337,0.130602262054904,0.207242491379848,-0.0100645463532107,0.0738059203057516,0.0639549383661835,0.230911303412562,0.0455479432521341,0.248223716010813,-0.153822670131856,0.100534166219593,-0.0560726076493296,0.0385933938398192,0.0713331070532421,0.0533809268928369,0.178876933674853,0.169292920771078,0.0880000111223533,-0.0272290913662216,0.00186410921083885,0.21402421005274,0.295675942586977
700,6,0.361712983355571,0.068664505028398,0.212850432333562,-0.00688605358525718,0.181191670351463,0.239835520698696,0.355320853486225,0.0882440338216547,0.280696440655343,0.280615695181323,0.226696507598189,0.0948714188275052,0.159247450734471,-0.017406452146054,-0.00413242566770738,-0.102088798725327,0.324512404679015,0.154999201554277,-0.01437855403496,0.0346005131064269,0.294650182783403,0.444379682529689,-0.139633311459478,0.211934669299961,-0.0187239155849021,0.318000927623316,0.0654934717698042,0.397618634353372,0.182947190064668,0.204497095166946,0.0943963087640488,0.13016443103405,0.174757833408835,0.187369511134115,0.227908123978094,0.294060213446114,0.334914071317519,-0.0178912360052831,0.161302538033789,-0.0172638787741455,0.17156230355999,0.126148258733834,0.139663245048133,0.0581684276643465,0.135926659353965,0.0987380175429635,-0.108541115021572,0.235332506279906,0.297211456559299,0.144494769525186
800,6,0.219154595915399,0.165981528925224,0.302205450809269,0.124280168642255,0.283305232122675,0.284783801496486,0.428241942577697,0.0024572383830907,0.151634848036195,0.1838630931272,0.283100673120984,0.180923174678656,0.20339007012061,0.0717320682248059,-0.00682870962986676,0.0106500139391674,0.215299043910422,0.201246891667598,0.0115808783942376,0.0207493703518179,0.325737616667027,0.402539763183013,0.119939288238263,0.233650251475168,0.0542842274663962,0.263874807661587,0.0937533454205079,0.336413327845693,0.335624903670337,0.4016142119655,0.387829268421983,0.421492086431115,0.165245431073829,0.331123593925942,0.331456841626753,0.330350023543078,0.286584094790418,0.0609699115869867,0.164925072114116,0.14243526123213,0.0816230605979694,0.225088053680905,0.148426430635806,0.164618248195324,0.234737665502945,0.136414697622011,0.0444228325181569,0.322824469962268,0.389691319727511,0.194614004801809
900,6,0.364408443602665,0.287153944975566,0.186536074549243,0.0989212643122555,0.294562998829483,0.231962631197919,0.333605489048365,0.0344304091189349,0.170184229800512,0.100956055622193,0.328182480775719,0.0817539345659392,0.26307196902658,0.301000001705598,-0.103941963925978,0.00952433582003642,0.289281071713674,0.417065322987153,0.0991570527027915,-0.0352935276591362,0.136357066790828,0.371420128696397,0.270924031734436,0.35763112307693,0.168555294036809,0.332860046460712,0.338654642684429,0.403066929224549,0.263504739099335,0.42448218865963,0.333258255181731,0.265689902613722,0.240499635509884,0.476208893431981,0.187728162184078,0.300926384465636,0.250593072253624,0.259014503390264,0.138557983362468,0.185883165758857,0.181574844963744,0.398734165616919,0.332803555053176,0.235217467765736,0.420309178250824,0.233331936113363,0.163710835570664,0.230679826551243,0.561443912176885,0.224827811667826
1000,6,0.370993859142479,0.298755794940571,0.416399565019605,0.039954568125505,0.279845462904245,0.265147233509013,0.412528523281236,-0.028327331121239,0.248644749325546,0.235997108250318,0.337093683688064,0.0852259593597046,0.236485891786375,0.316884741379234,-0.026404412805051,0.197182616060259,0.241681547259715,0.132483420031939,0.191082535113513,0.00800671676421366,-0.0938251935881566,0.271954265632575,0.280887050151386,0.390868304136532,0.182701580883551,0.223143531610062,0.339221983092153,0.303525732310999,0.552647947657503,0.633164047928868,0.354609580349371,0.296452004252491,0.210374311520972,0.437952289854293,0.238866067849566,0.195222314551658,0.410767103235216,0.365601973560353,0.228217423529131,0.236843670178121,0.239370044497511,0.272789647968049,0.283965239135027,0.110308501460522,0.433502832819972,0.0645463254631126,0.0919751701206527,0.149734797908351,0.364272574439777,0.159322195363708
1100,6,0.323730220227561,0.391291131154266,0.225468314123392,0.0821501244039207,0.36391349737139,0.286432367866069,0.303802987927816,-0.0109396241391258,0.229677753102862,0.285421677988176,0.343809575303692,-0.0443963631049362,0.262793317251958,0.349089008107034,-0.0872281324898582,0.226725812435114,0.289501523330731,-0.0450073163409673,0.0976917862986459,-0.102209700908146,-0.162882616049952,0.238456876627055,0.324971319539615,0.338702993031544,0.225296942942609,0.269299416492249,0.15748863337838,0.222906697414944,0.295987410187701,0.520119821623807,0.0626278576764873,0.309203617600914,0.170273537180833,0.224607246952942,0.144361222014294,0.096232261773914,0.498187642650373,0.170484878427192,0.210605010655416,0.308963136284534,0.35256882871931,0.329530659184831,0.1362887654841,0.0990839216743902,0.437893771078928,0.118725376223751,0.210728849283351,-0.044764426681083,0.238874734293698,0.24087253990845
1200,6,0.372942426430802,0.381069852160838,0.271061857306586,0.109441917385894,0.345364899508909,0.434315720391476,0.261892146835302,-0.0371604991832523,0.235224917144377,0.419391421697981,0.401425705505165,0.113632891132697,0.20690908556306,0.185002208437023,-0.0775698109228932,0.167212059374694,0.117025827381837,0.198410821937906,0.105805024220055,0.166062936546412,-0.129309489748963,0.151882341746706,0.249608673965915,0.439885092223021,0.276567556883959,0.169152865729106,0.117232568733309,0.17283449967346,0.017846717182391,0.392549990625589,0.0385965496148354,0.276285758455955,0.472819608232076,0.240131250449931,0.342406137906513,0.315070845405991,0.565992213199864,0.192590525985741,0.243917405455116,0.20335523953253,-0.0809253776155139,0.339802413026136,0.168388455137519,0.0039752671535277,0.432357810922507,0.237070790432851,0.0652876360792678,-0.0277234412221107,0.356219937241271,0.278016319769616
1300,6,0.283326412598207,0.358367700368189,0.324902602972368,0.155699023955437,0.418708109157405,0.282345680711046,0.398480494536758,-0.00502518001170382,0.201391534678451,0.261003040374148,0.490202807279771,0.245583240374805,0.0734874551766454,0.188913439399955,0.0642174122191218,0.0811891569017038,0.186421959674561,0.319185906161376,0.115420525546278,0.26044997706507,0.0575695305545157,0.274646049832466,0.328372942158303,0.366702939857441,0.384680292901665,0.0833517073815154,-0.034345456263895,0.180881052428594,0.15303829108039,0.347797974219923,0.086827860110835,0.407617483766229,0.397323717046643,0.193054851863316,0.49869433373412,0.274738048665465,0.500293655722437,0.348698953979905,0.189035663524175,0.261538914808373,-0.0481494284122939,0.321650788685735,0.187558979937889,0.00400898025780594,0.486657717419102,0.300596408426999,0.00582438757990955,0.188540127660615,0.303744086265978,0.26625573986989
1400,6,0.191202944828682,0.0699270765550686,0.360017724868964,0.218557987271213,0.521312368938838,0.405744526803079,0.337247397369452,0.138655538705044,0.137750860200219,0.164476244110839,0.440447053334706,0.164088915383246,0.175397536569246,0.15412435845906,0.0140679889192831,0.255797596027112,0.0507318308934265,0.250782715713527,0.0743634888313712,0.186676108556018,0.038909415442486,0.135434589998441,0.261876017900555,0.261877929601783,0.297235900037555,0.0372514440848509,0.0408459458259216,0.103698459884796,0.246780973670356,0.233896686251716,0.106725795565408,0.208675787184489,0.287647029734198,0.0844746752714075,0.472701356828965,0.277482936632975,0.462972494066764,0.200786876980213,0.185116285234993,0.215798371091749,-0.0622804551714538,0.37903312117479,0.1365822640161,-0.0659560534021518,0.497165858531877,0.251501044021222,0.0383173291444203,0.227694527228584,0.270328240279983,-0.0248529762412993
1500,6,0.267148320848742,0.294599886364618,0.392339964032158,0.181823199171435,0.479666870491087,0.446100741794634,0.341789813277039,0.111111214492369,0.389138202373476,0.126031313046739,0.34894537449592,0.22275008761227,0.140807439609803,0.476105148083469,-0.0647016978255929,0.464244983662512,0.0454953337717728,0.183114212858631,0.327987474871522,0.102283256060575,0.153515120012323,0.206957186143385,0.152822668960775,0.333620205153555,0.274401293525854,0.263139585817111,0.0996787723009802,0.121247576195323,0.293726940329169,0.231900953815018,0.111112322909598,0.344761506715475,0.159240790528425,0.00681851921309262,0.3612779756355,0.30983757331829,0.479149191393047,0.179650903431918,0.512552183124583,0.26489204167796,-0.0809515734519828,0.42828958021893,0.0613657550854355,-0.15138775090004,0.319184949168109,0.235409332786622,0.071462685093084,0.253084657374536,0.20811983133848,0.00178934650486717
1600,6,0.481978373053511,0.475925323651108,0.514638417246884,0.236917641957077,0.524585172617006,0.468366017399641,0.364871848226555,0.274102991974607,0.403839311620103,0.266193618891791,0.396072259168437,-0.00340818237021173,0.241292253331013,0.352776499592203,0.0470404790018867,0.508600318124712,0.0816891533336027,0.434445685101785,0.250443551094184,0.24169651348557,0.0789514727197372,0.204186410012835,0.0425799357871899,0.475361889109258,0.323389582808881,0.340576078881791,0.137827081633045,0.0736926816674358,0.405313523573469,0.0796689611680137,0.146692669248738,0.290112964130217,0.311504645932017,0.382128400387104,0.435118283465787,0.421324127543809,0.368627523158345,0.144703790285202,0.687847080713362,0.364425882774084,0.0454716585652409,0.465130355215674,0.016380634429201,-0.140276461456429,0.143787884731404,0.226950845192337,0.144206125575344,0.29474941286332,0.206596935294577,0.162390002058552
1700,6,0.401390534086899,0.466058388931188,0.376399937772384,0.144833490986043,0.34993862465432,0.569713005214609,0.360561257984105,0.269355152021573,0.434134334436452,0.244753391246831,0.344006540846326,0.101735890992164,0.172449927137962,0.311542658286868,0.0693161035452859,0.533448746446794,0.0545675019182704,0.595478040960993,0.2838671991968,0.191892563654565,0.190628477557608,0.284983408548738,0.138884952867739,0.259938671335381,0.21566936559152,0.413951620067142,0.121185016048597,0.101345665415796,0.306083301851327,0.247069817236306,0.390475151847693,0.330565035485589,0.463589309410034,0.429423737840313,0.427392287750891,0.419012345447021,0.3962868266475,0.164616355457271,0.495991439961677,0.3676586500321,0.172435839980158,0.388930487148565,0.10988744192044,0.0350390975791136,0.237534495645455,0.152002311451526,0.0952077766624056,0.299431207980475,0.366039170268233,0.350318158864076
1800,6,0.492192454560636,0.318406463838218,0.403434942396539,0.183675416433809,0.230548887341436,0.57130469767783,0.330963313783979,0.28948337459572,0.487758439451937,0.214734096158299,0.546496550436798,0.15383977697178,-0.0137910046524772,0.457121823239843,0.195380050385877,0.482646186213351,0.102591639678099,0.495564324041736,0.340746706758693,0.192142844223801,0.477234900161633,0.420153034842446,0.123066808409138,0.329110500685852,0.4300075466859,0.376910734851046,0.345684376087527,0.288358086683238,0.440470895204123,0.371971681779827,0.278983569324929,0.501843432974346,0.409206002558867,0.524479164561224,0.274715480496063,0.368046567771167,0.423639044880684,0.420324681095849,0.454835259492645,0.234075733397781,0.281646120754997,0.500094779408552,0.222750601131317,-0.0528114469186471,0.200609003870494,0.0265877447157093,0.137434286531253,0.105593705876857,0.30587168661133,0.252378673070424
1900,6,0.487392929452047,0.304240788060526,0.538385666225223,0.33399030375202,0.14711312935384,0.597172101932968,0.519480665803487,0.366926056774732,0.478071842294335,0.29043092095156,0.540897569409204,0.250257772151977,0.150578692886248,0.444493775682499,0.289902069537593,0.481885044581551,0.174182171035216,0.558012355178166,0.54750588236899,0.0665027689315434,0.301720565347427,0.45433864470426,0.197733082217764,0.390159593676668,0.541105293095662,0.407863853979604,0.522665999036975,0.546937650689227,0.504586130061582,0.480357575890746,0.283840115649879,0.428556814860775,0.566230130823281,0.430254736961382,0.201131740201354,0.304282091482078,0.505418048711931,0.433925914860041,0.404418451090935,0.353795328918912,0.335526934621574,0.568513813646064,0.185466894411439,0.0355261148932329,0.442592675736936,0.0767516939866456,0.17553744157499,0.143694318882856,0.2626910660311,0.50672967184906
2000,6,0.453614849533527,0.260331877812636,0.506794709958406,0.326269924955812,0.070845985517028,0.570548614797598,0.403159588939638,0.246575179954155,0.46605084270631,0.290186259743099,0.215699314822764,0.0728331907119144,0.213608560398359,0.246038802619692,0.261579921888289,0.339737018205981,0.372623163172926,0.487871290098153,0.62500072924698,0.0532800551964257,0.264867818298976,0.422767849803219,0.173795345333375,0.581045887430785,0.433659464201695,0.437080877091092,0.54819243033517,0.520550045011199,0.520265483583375,0.285485279720678,0.25350340776167,0.448174000609361,0.548302515647651,0.368441739197355,0.266095017817666,0.456118462805855,0.389845842626696,0.385330737107974,0.355234681205498,0.364173101519588,0.283165038636356,0.518687656621154,0.303457400172276,0.076361813464305,0.327262582305497,0.187669122457958,0.272447629378262,0.20379839061794,0.32498014947873,0.596095092263135
2100,6,0.406634618503553,0.234598406856715,0.512288516049704,0.250300711117798,0.145496088468381,0.499202173686271,0.42588877776924,0.374843879122519,0.488660364632027,0.473839494109203,0.236040563049762,0.296419302016562,0.167863379917257,0.260547645914079,0.272954825406261,0.450066389145605,0.535577883234938,0.456438873067985,0.601973524608594,0.355170484776039,0.18091426916815,0.262378045662296,0.0627941430030858,0.628348764906165,0.35558937665472,0.524412957090314,0.675646529147832,0.438356676762374,0.344778368871243,0.357980601276531,0.246927440356619,0.372999760692253,0.342538770779051,0.475089466294993,0.429886084214711,0.330069178567612,0.531303998838578,0.505348586117594,0.425644213930486,0.41744833896599,0.0712638923994558,0.373407977084323,0.314773970991573,0.0672429580463689,0.438061352607619,0.204962706585415,0.37975291702957,0.18581048417742,0.476127906893018,0.674071150300665
2200,6,0.298010751733612,0.450656307353043,0.494611285562029,0.375402527917474,0.179752101797328,0.595975418386543,0.524010258098065,0.339993447904604,0.573631740557007,0.51906316748238,0.640958683079734,0.35539888998694,0.201286376578839,0.475005938095251,0.214845767630546,0.235935016499969,0.41254212349294,0.531011719920175,0.539695805683882,0.151799665501404,0.0480131484013741,0.382767938221679,0.20831357214457,0.525460360067659,0.479332221096105,0.536154233146727,0.684801767383499,0.349625149856737,0.430570698816844,0.404489621869305,0.197759305441907,0.353244024935363,0.45706025741895,0.438353355624349,0.348389153294568,0.361043389138283,0.552684117938439,0.404097849435047,0.436418149169837,0.435781266170977,0.198544043373251,0.332941090630886,0.288476775499093,0.0752940246176918,0.176342660659861,0.329771430722953,0.409559913375719,0.15469511613257,0.368919742073177,0.717927667870268
2300,6,0.294652933503386,0.56076605094419,0.538546259563822,0.556237620310336,0.228720124108766,0.707022158863056,0.408193591520583,0.329030065647159,0.394497210951447,0.523702158629859,0.522696356847221,0.270293841075202,0.20053323770743,0.339453369224354,0.271576204048378,0.239253494291076,0.167497740633156,0.508822840877593,0.352540265570984,-0.0224468641747123,0.0872082099120033,0.233840125223815,0.185202218832204,0.494768718610672,0.455067260597199,0.421489447809919,0.526655209679177,0.326622829428285,0.261571322710589,0.345663224116166,0.28800463511845,0.272526460283687,0.478723630550719,0.38248601175766,0.420702652758349,0.371126887947039,0.354844268554758,0.637550459314353,0.503094096224453,0.474169527421506,0.330208030354917,0.146467034244119,0.35977188223847,0.216757683153721,0.345478635173912,0.348795379981754,0.36154977055799,0.264464610014551,0.23757238672591,0.742801283945843
2400,6,0.148093013258388,0.565357681343417,0.629509726671562,0.30915339809335,0.337346069821759,0.565622102785648,0.346350347400508,0.375283941740679,0.438686525921146,0.573867849425376,0.368268421464404,0.531552279665083,0.38724252026623,0.347926330163696,0.252262370295292,0.332513507718554,0.153417110050314,0.367487240296423,0.413407761094394,0.223617404913781,0.0707719732856344,0.221641381277615,0.196868397239731,0.561621759213472,0.306134785179616,0.563495267384513,0.367110916401833,0.366137940833617,0.275254872296467,0.450390488454455,0.324893129181869,0.403062065356708,0.570835337822001,0.350028776431639,0.511455033063445,0.419875974452844,0.433217547639599,0.627941622148793,0.277860118355282,0.366131191916394,0.550991753419534,0.215890299414406,0.372054098007948,0.208239245886635,0.454100424239175,0.296514005241902,0.22554298389348,0.231810925699051,0.264778647977532,0.812725690562619
2500,6,0.191021096809126,0.359344681660267,0.667595534442584,0.139164299745274,0.286321633035288,0.390862460821614,0.448400249806692,0.398062364043847,0.354791393950684,0.602960160795294,0.451467916244825,0.683801635318986,0.493555443651693,0.689969987987781,0.163996736192186,0.34426330818388,0.238317491739804,0.330451140777146,0.519534910404732,0.179523416249233,0.0650593975277444,-0.00323809305575817,0.333223506775989,0.371194291661084,0.388582898243312,0.638914322061611,0.42444317838217,0.559741659815641,0.346090408879173,0.353191318897957,0.518966179472796,0.619025772654624,0.365117762844246,0.305147517165861,0.281262118060846,0.513444815740929,0.494728886303256,0.453550665612594,0.33279973827994,0.341619569564369,0.183965001118768,0.146146342930599,0.427207779504946,0.265622729887099,0.321924489725553,0.307679417403174,0.35284857317456,0.230390772080886,0.190925961630379,0.511009832221775
2600,6,0.19379504606666,0.404498234823174,0.34204352298152,0.315661667397087,0.28630419389848,0.363999355916945,0.300607586377104,0.197583631943219,0.203901873536666,0.367278830946733,0.144289698886578,0.593016591529921,0.586345541747472,0.513492599197869,0.0309129050214778,0.310303177709488,0.0720735062796971,0.352787286455969,0.269396264352877,0.251941068463122,0.205485485478318,0.0840350458724595,0.175316662035795,0.47558172667659,0.263465464907712,0.43620504176075,0.236624663609099,0.430288643335203,0.444398999176048,0.366557141279343,0.233790693589634,0.370966158898445,0.0629295853869219,0.352554656067765,0.268922086705915,0.431024656240219,0.291156458410055,0.318818621668586,0.0742200818590555,0.199024077843352,0.394725474677554,0.235310300923452,0.283205590387507,0.20167662137004,0.329589744243776,0.0145621057897868,0.150618953797982,0.12909924483949,0.130869504216727,0.230520535166606
2700,6,0.213717099349161,0.488058735410236,0.400692563063097,0.251681627158881,0.249424862154779,0.336154868792207,0.379736469291334,0.286698161114092,0.335010202149439,0.376773567746145,0.218377073465777,0.533408595932415,0.526993231423631,0.428922697820339,0.0596911225102775,0.508319172793394,0.256840801073474,0.419445463645492,0.387122834949274,-0.0256554748417639,0.278425962402558,0.066965892829226,0.267136056027911,0.550634831874861,0.207734178881381,0.418512185264709,0.101915743692983,0.398283160562542,0.49917297376452,0.427977947800263,0.103560512296838,0.427742689504463,0.17038864330773,0.62065066627264,0.520057255105447,0.320834678708283,0.308251360628626,0.535495773844656,0.111849993139213,0.186911376822792,0.497831542352862,0.298004823586032,0.163551330090831,0.274009787632431,0.370326719844914,0.224066140942807,0.263602657933189,0.153652767496242,0.0434093746440143,0.226618317218214
2800,6,0.411238415608634,0.505483110865973,0.551543777708838,0.501391127280707,0.0306542165078564,0.370546199171998,0.384624642193851,0.211874149038376,0.520966273189237,0.484642658650749,0.171691881794887,0.37963083996503,0.493040610781126,0.402400871524562,0.0339434850027148,0.494058574531194,0.43926752951435,0.380453821665213,0.401433746526103,0.13970240665683,0.256174044929313,0.210438671385159,0.27214652497762,0.445406362963066,0.350707263076244,0.490688159683168,0.309311741530901,0.443223987295979,0.439367196332744,0.434693220471554,0.0730296407441563,0.589343043574753,0.22891813480089,0.516809157536431,0.465895348436457,0.308352288437816,0.539771193578609,0.315177831950057,0.131251563212362,0.288140003800464,0.441743105833822,0.367547562663062,0.251474443995198,0.222358021144801,0.35394032291982,0.259889672738597,0.28292269090167,0.384813347970566,0.0659144204129394,0.115899115890126
2900,6,0.289866870237852,0.43993734151201,0.458444464693231,0.489598078200735,0.161308313849634,0.260199321987363,0.39870361676682,0.208955638287577,0.282539946199327,0.516023532264503,0.312866391728003,0.521643012596303,0.543056109143312,0.385716712156118,0.0345084652515654,0.452129843240224,0.386721322345048,0.465414849777445,0.371480186757644,0.221392123659477,0.0785394874908953,0.346806375731749,0.365326090361791,0.512914543656974,0.426211069735758,0.55381509637147,0.579516804127447,0.483454168952667,0.380551427526469,0.282203729826835,0.0998378913198904,0.517710256372526,0.14950056792512,0.686711698400994,0.334021189424,0.313592002703583,0.564226885921952,0.255840158891671,0.380180972436899,0.421305906431524,0.395471933547618,0.382639656593574,0.406601906506148,0.598366440258661,0.343151034736757,0.256606850716421,0.259958672129916,0.400457071706854,0.379328586053252,0.0704238755417276
3000,6,0.345308149171204,0.357250279725594,0.375927440164658,0.374125347267837,0.317274379543211,0.291405881441906,0.575891080190455,0.228147572713267,0.226228424382399,0.461820070055243,0.176293952075869,0.363340066323534,0.380577703747346,0.422878847023768,0.0443920449579693,0.341913348953071,0.373789948011727,0.462197730013802,0.199873044677585,0.338321462839232,0.245587492059394,0.159721586937364,0.434947391026247,0.508907542623246,0.605334659470357,0.415185983541543,0.684380042610354,0.172495459029143,0.358066517126932,0.577062265545621,0.191419602680036,0.680544670212342,0.432503694425822,0.649246947585192,0.298751982566913,0.258112849552728,0.424972478788143,0.194102604217622,0.419793185450156,0.34938081804287,0.515069313905745,0.210917227568209,0.337598149843916,0.698038830807234,0.453006793832383,0.38726212949779,0.228843702021675,0.459004235421762,0.597441807765338,0.233707734311526
3100,6,0.504467426933604,0.385222037724712,0.43185098047539,0.326283011240838,0.37333548090431,0.364101661839171,0.670058277861399,0.355297803385342,0.618396770867421,0.487893569955555,0.26205345878525,0.400088606024059,0.3305121989648,0.509286143767352,0.0980491734270149,0.275980973226403,0.465310276550807,0.371667735974427,0.194540118518141,0.26335696955406,0.109526381283527,0.228128337421882,0.361063557662916,0.644889065587698,0.462860871313401,0.34738937378713,0.558376104777625,0.0524981690518156,0.335414168204359,0.417236506556392,0.260995092407598,0.668876227282642,0.446112500390152,0.549589312662401,0.335982606124976,0.428810212035821,0.366410689984732,0.32593938560685,0.471948676777252,0.567712391175162,0.522004021748551,0.11588311906484,0.348120483316466,0.399914685628672,0.347425400744822,0.304597227509906,0.50529397095965,0.341814772980597,0.422167361176053,0.238187632386214
3200,6,0.626488259368008,0.389070537167273,0.550559856322106,0.39705527576889,0.375626147020982,0.410833366827388,0.643178748536781,0.433573201607197,0.68436106786618,0.49971982328425,0.182508715091058,0.477247096747767,0.277185056373887,0.397974802908224,0.227988864908133,0.33009316399597,0.430320091027418,0.216391362762467,0.347668862996453,0.204271382038143,0.290172319256451,0.275548148044022,0.334905649192766,0.384657243621776,0.548424141689977,0.446207890456044,0.589405009092272,0.40315354588632,0.233834537293943,0.427551157555414,0.320487788905502,0.709907207469644,0.359945946390473,0.524310465241209,0.419820405532255,0.395771123956081,0.35517995896379,0.226959667953048,0.530003656905638,0.462875797421197,0.572903746179369,0.0951551937064114,0.459034435083363,0.438626787928052,0.249132601163287,0.315692154472539,0.460249331084024,0.368802230092432,0.597684247047104,0.171445647569013
3300,6,0.437056595897439,0.487419860301857,0.446859753765182,0.207044457160481,0.491474447817505,0.477090727009397,0.432922325432179,0.382707654902076,0.478445410639018,0.572235001154998,0.216074615478384,0.734070629840066,0.341903908852753,0.638808164332023,0.315035698559183,0.463021808860599,0.329940105330742,0.239602721460711,0.400716456417636,0.359028848347429,0.137865547889831,0.320613706304348,0.349055556781094,0.442854279895119,0.555634332876963,0.505246155456173,0.431132104598053,0.301930675679814,0.324623857333,0.370536712292962,0.271896704098143,0.683162743155761,0.480385548413498,0.440598899972773,0.425585988864167,0.398415215866014,0.339683551614027,0.255035185248437,0.660023179354216,0.261442492110596,0.383409780438778,0.262530682105116,0.450547051817847,0.569509446955281,0.418285574121702,0.273330975667608,0.483864647529734,0.344463987084494,0.410881407742315,0.300029348661797
3400,6,0.273382901562678,0.569325125550002,0.306808953537262,0.27615556374884,0.372273659975041,0.410157150330425,0.418769600118009,0.342776325519291,0.405964385941081,0.364403310265819,0.148722106968509,0.573711885124832,0.293221693722246,0.525042515805431,0.144794514073596,0.620991735804738,0.393657791737436,0.365974017447993,0.304437592719611,0.286594133510959,0.204674427143889,0.116219140586979,0.313986685564542,0.538185802870438,0.435026711820401,0.395576255852757,0.343648847183485,0.097497385205836,0.241840131897455,0.36766413914531,0.260632637792335,0.451553294503054,0.323554494484387,0.455702045762803,0.500346489384792,0.312748989586713,0.367370973952747,0.451534765124917,0.530718034327883,0.234027958455466,0.348280900813338,0.195854436504649,0.320840053602912,0.573454737556046,0.4104112717469,0.303186502172381,0.461947969169601,0.438072014543158,0.331932871288408,0.472599839168882
3500,6,0.397983334891178,0.618343253300244,0.222723329111553,0.207471914366987,0.367195428903393,0.370673949514958,0.414818970724146,0.240057155196382,0.465700446462251,0.218959273273474,0.0760007258109764,0.500200868488725,0.349476236251768,0.386453670032439,0.228646761542661,0.690800602938078,0.497342649747517,0.50538556905526,0.384789758834112,0.392569037545959,0.187010908777294,0.441491511522775,0.302348918350092,0.59606386074442,0.252971931980335,0.366719264513514,0.425713359112577,0.318922894583691,0.300303208099595,0.239994587896014,0.250225531129273,0.432414516887018,0.327397339124407,0.397731109625327,0.497696482374423,0.513694214198577,0.467177848461882,0.547808458030202,0.523383045749486,0.15871077290202,0.265561575176616,0.334836557240992,0.309580133157897,0.379890560910769,0.436995081807143,0.309429412214968,0.314200879657118,0.346388517626611,0.382327314814761,0.65904214660496
3600,6,0.279240552602687,0.68043149272048,0.289163565095571,0.22443234766495,0.36862086964822,0.324315408634207,0.319674785218041,0.29536085663921,0.423592216615656,0.415593535219527,0.278223549995206,0.374524909573547,0.1477755630915,0.477928612708012,0.250437167166484,0.672764740276361,0.509648158648638,0.640449519790278,0.319520338078476,0.376645097950316,0.239288844777338,0.488423920262404,0.314691660541049,0.511286814026398,0.349790949026745,0.344398040505687,0.475231385975288,0.235850735772179,0.337655976617025,0.430827666570259,0.212181220440757,0.451686594420473,0.276464769790066,0.554873250675928,0.473465125687885,0.515366843961552,0.598443227076524,0.183647575370221,0.507728021900977,0.281251609836288,0.309212384113335,0.575655595476842,0.32589783344497,0.24319093039176,0.452198524093365,0.0880665788577492,0.365806673676645,0.292853941757835,0.324016759772542,0.621608373669194
3700,6,0.253212061585492,0.552034784429163,0.260822896241207,0.433863643246578,0.437021741799963,0.389171467848827,0.344178622139598,0.534313680161507,0.344522535769935,0.266004539386247,0.494162617552819,0.300517762535719,0.0702693968221687,0.514631113472143,0.267512876811038,0.721531286104952,0.587237839900389,0.544483387140174,0.419819685226475,0.48139946691048,0.45667775743524,0.351435879270996,0.423865847818847,0.645022810928574,0.192767666997241,0.469100119677577,0.446258467731552,0.128813004819228,0.502236987677615,0.499687515833528,0.575621073509784,0.392456661749202,0.484232476660115,0.554899341983265,0.646018695493515,0.611338830349501,0.432414026756756,0.363228296506182,0.503923879566247,0.334708540325648,0.495796960649709,0.517337439294963,0.464238248025383,0.282324381992804,0.241630037519883,0.141825330750255,0.450039738660624,0.311381775031847,0.235469506356182,0.484085247226153
3800,6,0.523397036401434,0.607171662495281,0.206562712895754,0.452493412310181,0.587254396317369,0.594697611123423,0.517411826395985,0.549780861628186,0.414163037662755,0.363509770589332,0.433694090560114,0.383585612498084,0.202673537241813,0.511895666642617,0.436221874241653,0.828005587270488,0.479781464528662,0.471761144101835,0.572681689454111,0.411391637818118,0.48893160757627,0.171844971405742,0.470500640539349,0.532170046738236,0.445963990601996,0.327623959414606,0.591134426318964,0.244927300493053,0.577731991103635,0.603754870508083,0.484355127042981,0.401619177103288,0.560307706549312,0.605281944980954,0.733682528834162,0.742755680924455,0.339447396934115,0.438804333011284,0.597843604963745,0.370638092402015,0.564527514201521,0.6926800988135,0.494288476810529,0.373949719690405,0.367368555396539,0.419594003858585,0.405064846308611,0.235523767175806,0.270147451605632,0.626364080634218
3900,6,0.584903662207555,0.500092954158699,0.301277959727763,0.394467743335112,0.608199730439673,0.534829147710832,0.608575201043128,0.515717117828846,0.357909278878383,0.484112959297791,0.339138534830671,0.286594361076544,0.195336709252125,0.597866239436809,0.512134307467671,0.729774512638109,0.501216342782627,0.490565804001857,0.400471184466005,0.445775223845732,0.550049755291787,0.23635166640495,0.51533185649432,0.527763304965814,0.443332875525544,0.407644872825632,0.556686962833059,0.368386154774186,0.607047361599283,0.582460041174925,0.344603681433847,0.391486908068948,0.566257401836985,0.49752988255815,0.804185547135087,0.689306182036083,0.490648284312791,0.444924623460236,0.704491088769826,0.353562999868215,0.445092952108872,0.564466228594255,0.38482597149083,0.621899279223847,0.324482640298601,0.481259115436171,0.489510050883796,0.317706847343121,0.228729408941201,0.559672578667099
4000,6,0.490262649149399,0.544785858319001,0.108805558137088,0.430573332434546,0.496843794412276,0.515915635803756,0.877108333200287,0.520955709855428,0.418414859082783,0.331757318339668,0.277108974832095,0.514555922228435,0.139713567184832,0.436455276761757,0.557137558261901,0.830898947561792,0.430839571743744,0.590881423758615,0.281102768968702,0.683070056773896,0.689247655565829,0.402405572341331,0.648657383620025,0.378021056435425,0.555269273248206,0.35622857815857,0.274259894588965,0.42291262145122,0.309357154795973,0.312899514192743,0.429774948055924,0.634913878393411,0.628825916540253,0.568608972985553,0.904922513571522,0.721729645329027,0.438885421201944,0.522730290413068,0.615160161176133,0.238630103422522,0.55870446724926,0.445540874642667,0.419580848193047,0.482135356387654,0.350719988859086,0.559230872537047,0.619316134886125,0.487030554714614,0.363023240370229,0.654855610855028
4100,6,0.402731709398085,0.587023758077607,0.237228677282306,0.402476165249602,0.377651925845686,0.474205876763037,0.679765428027101,0.498266593780451,0.596922581075003,0.376141990038109,0.472032174924611,0.643551730288289,0.505569456889923,0.384508317790527,0.530758144712047,0.853361721692241,0.510941949866584,0.744812792923229,0.346117838517134,0.910517120125098,0.758690979565742,0.446731671365499,0.651357677881153,0.409172220639723,0.646492505185916,0.417365026035355,0.284984416369861,0.590787262729286,0.474754860644015,0.395437938183735,0.387973788843353,0.595475807429998,0.503650944125245,0.611176055850096,0.922101150848866,0.816771173876753,0.48546009051868,0.534579146906354,0.754945494638232,0.468395782845953,0.601718816277552,0.554131445051748,0.509073357523769,0.404494989948739,0.387906281504116,0.415960843404595,0.702726007191291,0.563885008141692,0.524045795038617,0.695496403061267
4200,6,0.406459186751958,0.600663901318892,0.386196371814698,0.52424392110237,0.604325867721621,0.588456185546949,0.573429959675059,0.519449415417899,0.546117595252785,0.587362610228259,0.451608171985166,0.564644259889457,0.657821869644026,0.391868199714727,0.590322223268756,0.775672506462808,0.654642752971867,0.612619680092055,0.633505332729873,0.970246679084471,0.774972937970103,0.416764241464665,0.575093498491276,0.314705991650728,0.671784776727772,0.489959094851325,0.215139397352157,0.566371329692872,0.477619600940258,0.487444151248779,0.218632591702233,0.437238360765374,0.606957552559821,0.594724817563554,0.873428868457668,0.731840047220597,0.55938081034648,0.434008192250708,0.690121355830995,0.600380039970063,0.528017321991104,0.641453116134417,0.571435391024405,0.525017686880619,0.354763585542985,0.5464069568951,1.03828906634444,0.603787508506236,0.525116706899486,0.570636198440498
4300,6,0.366059141078097,0.685863835840827,0.237416212886806,0.495930494926702,0.727372780894289,0.675481373777395,0.783127846909742,0.423055994567328,0.518210028343552,0.491314817788022,0.472005835781976,0.72709102673509,0.610408020093531,0.493691495882024,0.455014898815104,0.649421825934228,0.610845943500223,0.766789148771384,0.560618516371792,1.0114762790551,0.919579527212439,0.562634288713028,0.682483390213491,0.512204146313561,0.626401673162041,0.46566102651328,0.356134287495973,0.796450194255358,0.638632504690532,0.538772291304065,0.653997236874477,0.652296072802484,0.76522883277206,0.78695076185182,0.656781479292387,0.732145206697711,0.80762407757157,0.523543831372448,0.868136176719521,0.778613306869646,0.518049926726383,0.734565953095419,0.550225177126968,0.620454576559276,0.562601568588541,0.580335364804192,1.11102810143018,0.81362830574018,0.719429474252495,0.605696795405957
4400,6,0.774936071275129,0.720133682935543,0.0200722747303475,0.578178939203504,0.62772470977221,0.554293400630529,0.864481403369513,0.573955712939917,0.648200792094236,0.504464152067748,0.518402087724355,0.781969316465753,0.522968699028101,0.552354006629443,0.658751054889433,0.657593722758827,0.653692536210348,0.753450270540105,0.481069176544427,0.939353945103218,0.833230299762619,0.83847845829182,0.590183170359351,0.608240470016564,0.942622768772398,0.623611932918914,0.478074328736052,0.944481598512651,0.638787898435994,0.788754968214356,0.52738573699007,0.745518158824395,0.737705145689133,0.735706274392597,0.532432061133412,0.763465875674335,0.682055919712446,0.449427389373835,0.830242083906709,0.758972104446868,0.519990119806704,0.566612557672123,0.466780509036912,0.574670934840496,0.429647791032216,0.383038501315346,1.07530563859269,0.932064682269858,0.682703803651911,0.56070224382529
4500,6,0.94330526096782,0.760088700640359,0.3131104468481,0.322165371393714,0.660816901797063,0.4227501391869,0.824407624902666,0.76316323522497,0.737485902287769,0.592789960032498,0.478048420581102,0.671350652787853,0.511542624332725,0.697140111916389,0.755063596257689,0.643244214959051,0.763002020251185,0.8029962772682,0.694511545796844,1.00167413507758,0.769019431394338,0.844891555035055,0.687753920265865,0.598081589910343,0.705026991353054,0.519629718068016,0.460143215981041,0.93428709563464,0.611564200473325,0.728193069458492,0.749935059353013,0.885025646612373,0.83577032741635,0.841750514863362,0.752102981861667,0.731803268065897,0.669877400355184,0.580711118290096,0.874464727825284,0.734767695967097,0.440743057948143,0.608945127015929,0.646129890708635,0.537675575964568,0.434921308303029,0.503560609062428,0.921651811516004,1.01674092699846,0.726181042905343,0.562902606850166
4600,6,0.923450009674368,0.813392098737493,0.441282003513383,0.438706153267828,0.581935249333002,0.586968243000122,0.724938980923389,0.660067005053593,0.825130581341833,0.713763951564405,0.569207750360792,0.639394370492651,0.633483003256111,0.632641758567352,0.897688961182965,0.702207504608631,0.650311990031568,0.556746345002646,0.928977597707616,1.04177877625225,0.711888385516029,0.910697911518493,0.65545661036912,0.771435138751713,0.619237246654029,0.586138028936794,0.440286388349416,0.816732549346821,0.592154370035601,0.792574717745034,0.866272291339735,0.784698690650587,0.963188006658638,0.712843137805259,0.755121330639602,0.614511196810658,0.672734564396849,0.526431281019981,0.635133450833408,0.86402440646286,0.641820199795219,0.73563195640795,0.682119756109151,0.619364055372362,0.618044412625611,0.543880639759828,0.820922082040489,0.66909566305059,0.745495898030126,0.793714575058322
4700,6,0.706714172064821,0.825358871314135,0.464302334757525,0.464503692922056,0.72236670369079,0.752304841085065,0.760242675156017,0.518490465922689,0.811950702469151,0.710888086965929,0.609303398420601,0.606269472806415,0.468358647386898,0.461987628667127,0.879200996122434,0.638117371044319,0.814473828837067,0.589956221094695,0.690640971319006,1.12285216355971,0.688163387827416,0.888626338947833,0.69787110694323,0.675521383060332,0.614974582962019,0.69799638905446,0.489788274856012,0.873817032354794,0.702619670220311,0.585289466974027,0.458369443056508,0.780709178060021,0.762774122156225,0.703143720534417,0.875793625400749,0.762657446779447,0.546852193412864,0.526420108185606,0.965756413304537,0.739632930841126,0.583460316828069,0.814387739551223,0.711119554442039,0.709214340301518,0.669663122210027,0.624468148074874,0.87483775823563,0.791157656287417,0.628818914710816,0.772688486215054
4800,6,0.755455009257567,0.788023175290056,0.580439097326461,0.561923541873649,0.722194748030769,0.878311037998041,0.435190753622009,0.679588774612983,0.847629812234594,0.823041625105859,0.43341577053766,0.647396710867746,0.623658428996136,0.765433357644777,0.825618440574762,0.674494975607109,0.767233354635309,0.68373979293643,0.602090569486609,1.09485219718857,0.731223203294566,0.947691552490619,0.724951659384117,0.587147634052502,0.702045183914053,0.422760536433514,0.584366414391532,0.901997103541821,0.749902198489539,0.510672924280572,0.541131176711409,0.996283308518,0.761892614802273,0.664280460337058,0.897868913916616,0.882306251719557,0.534452308016538,0.553438870915669,0.986032322396758,0.846778169415272,0.735195413517281,0.841659089382918,0.736508257263619,1.03310255530963,0.698913183530887,0.772429541155811,0.956471006220708,0.662751284006788,0.584341604705733,0.665211045371271
4900,6,0.662294004395587,0.909148654517899,0.664344545458763,0.588808906160634,0.791573927082096,0.80179383654489,0.338812739150879,0.785418449478698,0.927599961841472,1.05514846576356,0.603010530226401,0.828702587918338,0.791447364114603,0.772665832271849,0.658760051276001,0.625107476490905,0.745280408541259,0.814284192728529,0.632137826505469,1.08706484969589,0.857534176082797,0.756118613732974,0.87295349024129,0.423673017819811,0.667609484586189,0.480214335901362,0.543141017759865,0.860552382620508,0.723324941952054,0.622093562603842,0.603802520681818,0.951311377835193,0.711181462887486,0.638238470189396,0.847659694443346,0.79002007229232,0.6100349079263,0.778829309536345,0.91489073616216,0.844050893395671,0.653703708839279,0.807341300423098,0.809191193174791,0.897754257583713,0.743492565106624,0.408639440947861,0.894135507320033,0.823616484134648,0.597803496427848,0.590531516625749
5000,6,0.770394144761413,0.805326245625105,0.879153686380866,0.674753485389346,0.833960142091159,0.807376707427654,0.536318646399988,0.832537063403006,0.808639331189745,1.03467633853811,0.662386614287065,0.989763207270562,0.686184241196544,0.783885042731609,0.709633623261148,0.670665020755251,0.839077589655338,0.803205949256193,0.567818529764228,1.02054832581718,0.842248140626632,0.637921394939118,0.827764661490727,0.54222715223473,0.840269301397398,0.532277706656892,0.665210417006759,0.927629572524557,0.668940743317222,0.661110707295436,0.714012572908949,0.854721241664578,0.693875478039431,0.68187626644123,0.807170067776235,0.824713144193575,0.801146887795548,0.698998113132583,0.94029824379733,0.635865584354149,0.629260313662459,0.613293420387934,0.994425947219049,1.00828945464689,0.650832527303983,0.51568104539336,0.860826524024715,0.825306690665242,0.684380276198601,0.528464152341728
5100,6,0.749071294542636,0.831047064318396,0.780981107878589,0.695352711564007,0.820865887397457,0.636876076203678,0.418882803198575,0.797990834728374,0.882719967201766,0.916008792795777,0.721438466124348,0.935937921454028,0.642819206154935,0.951523624858578,0.870623240921195,0.75306745900496,1.10965690141625,0.708664611442028,0.64218060259172,0.935922821416251,0.841647004813655,0.477608601926481,0.73378110257577,0.574073240388522,0.72542097960144,0.769530722224166,0.497038627592697,1.01467065970046,0.699400723202058,0.892843652305642,0.621745052508064,0.703193483650332,0.680227623260379,0.819024853040159,0.738825189360355,0.767914652990132,0.542263935332565,0.711260499029173,0.999490243342979,0.888191665239285,0.717368937966507,0.681087797249401,0.949484465333808,0.833497336571817,0.504806316003652,0.527233907258408,0.782736820776888,0.844841381277557,0.488054973806269,0.580338225561541
5200,6,0.72594905707469,0.748736202581348,0.618695893712174,0.709781281798995,0.827661266991437,0.555837382827312,0.678062598628977,0.665353373055747,0.728432237188843,0.864583022919998,0.625796539590962,0.871380225292375,0.741146731305174,0.911924579161971,0.779488152925697,0.67912651892731,1.05438557532329,0.724196270220142,0.644086754384098,0.928036250102803,0.939196063004669,0.642355680413505,0.7796185714305,0.651506669221722,0.608396955664238,0.690152119019831,0.213278226018603,0.826931199892499,0.779708780557688,0.855730069770416,0.602035734148255,0.440062865041856,0.508804087086216,0.621657386765368,0.856031627479043,0.765944371196726,0.490487984191066,0.632882291130403,1.05504228520988,0.922786073931874,0.532156962876308,0.645023904403401,0.847401343111206,0.658491164776176,0.669771334409891,0.506414297987284,0.639300652336767,0.716484327307429,0.510962398415107,0.60510493068366
5300,6,0.63305618915531,0.504107836209518,0.535408903531339,0.823517897940149,0.881050706970007,0.714391051645526,0.576796373801841,0.506204457186614,0.760868585123209,0.897366042277621,0.728288063679704,0.765222350657129,0.612572341710684,0.888643893236371,0.774468224540683,0.731651235893668,0.905189176428959,0.726318361324777,0.737965914952411,0.886172520062639,0.88319221035961,0.742150727294276,0.838537935577549,0.546281800671732,0.691001969658642,0.69348001451035,0.352151226282944,0.922943158113658,0.84962480955118,0.740019707928313,0.695479601916747,0.505861997748888,0.567553323031719,0.481681882492365,0.737512701438436,0.892150616181434,0.631964476132073,0.51691214551569,0.948295589498452,0.844482400436621,0.778172513897739,0.489898278373772,0.970215258217225,0.749242781176323,0.747233631411617,0.362787681554628,0.512115347904544,0.71307148161878,0.404098828719834,0.595007297412425
5400,6,0.473864494964629,0.601785763241248,0.616996931040388,0.701681157100692,0.932587818088981,0.716019525960861,0.601132197810895,0.366225759930063,0.859187733321239,0.638240924300722,0.602360962334628,0.774308960359768,0.575737256879129,0.763781805577114,0.679189263222667,0.846865047474028,0.758136792642096,0.745982725674875,0.696345560597635,0.790467781364117,0.718850169120152,0.914499935983957,0.84466990818987,0.575463790904291,0.530940823306884,0.755749398795186,0.365127045843711,0.737742444080789,0.699161932440725,0.691466829257985,0.650117826307104,0.575197326212573,0.649609463808752,0.609362451049046,0.966707611582016,0.902469242509094,0.81842660162269,0.382095562219007,0.914555967240927,0.826215510545704,0.847239863489538,0.445961941734024,0.911122670651549,0.835130092412004,0.64234883209795,0.581552739549517,0.516377391830564,0.774408675541092,0.557441739087804,0.51024403623531
5500,6,0.524082216640161,0.562708690735109,0.722388547692383,0.748631530859055,0.852153528778114,0.941772700567094,0.391005467868386,0.537859222931052,0.905255266267559,0.510147297207415,0.468852663129113,0.964113213048729,0.654402277768269,0.617766282232736,0.577143358029444,0.921948528530627,0.719228566367321,0.738072456054996,0.634754173111332,0.846764655648504,0.709989857717133,0.908087162573668,0.722275606927996,0.865957085942279,0.627522596348202,0.514490820146389,0.230715206816507,0.85830800694207,0.598288589363898,0.526799192506237,0.592553406893514,0.678222452427114,0.624707781034321,0.55597022945079,0.743613322278589,0.940953447702315,0.840377400122252,0.437317025228588,0.822609983651856,0.911738053315824,0.763408082417054,0.476087569730662,1.03206601357245,0.985459981327568,0.510333286390814,0.647581728799126,0.640345180785412,0.808568633870761,0.674189445040483,0.515899901791613
5600,6,0.77659936637184,0.790497278845344,0.650877839994897,0.660120089426217,0.920065780310182,0.948694705878102,0.465494004803387,0.840564942080629,0.921027562025184,0.475068745518314,0.502446675763412,0.987748546463748,0.77774338147074,0.598588881141591,0.500065421722056,0.63713482420694,0.629856859463727,0.7763262908174,0.578293245120863,0.883696885500793,0.497330757223406,1.01058010139497,0.696776990096646,0.96857605157244,0.526155450940225,0.822608281160058,0.141594627475343,0.884458401801809,0.667610101683963,0.544628769245602,0.696651078474777,0.47512846624442,0.645779705490591,0.488705755564092,0.74264249114262,0.91767410992598,0.792413998199787,0.738308399538836,0.96485550383581,0.82346892848534,0.865243877701545,0.608195149479125,1.20872354634662,1.01265385442783,0.491411055863437,0.57994037740028,0.725445350644285,0.736206591520358,0.787504639163401,0.702984039924412
5700,6,0.719337837334145,0.671187812302606,0.694167021499909,0.759461897283098,0.817176190584625,0.902329950925464,0.548360384829853,0.824914154517555,0.646575728347559,0.586777003755979,0.56089169307743,0.901253110494066,0.849118785126048,0.627306433563042,0.544185998332341,0.579730403805615,0.678157839933846,0.890854196698831,0.593365820283987,0.869838519350395,0.611533599431146,0.888885158496084,0.855493630983821,1.07003237530312,0.488464394099163,1.06907708383505,0.360902718032987,0.835256993872116,0.710819584518127,0.504515899117774,0.9899295012647,0.582250553235899,0.850349535842943,0.558204358361459,0.752277466939065,0.771077084360625,0.695570098885308,1.01885172807522,0.929282975721298,0.883189989978154,0.784297130732923,0.652287423361834,1.15784998814084,1.01031759049424,0.704604182470641,0.532500278981343,0.994767347532574,0.927944683486441,0.591124115229939,0.816160507335035
5800,6,0.803029467883893,0.868378114498508,0.814279279260751,0.893798827935518,0.885987473681875,0.97056006691551,0.629384183034205,0.488436626772524,0.837379832583868,0.739423409395936,0.43104860322025,0.90211125901083,0.733305898059036,0.638418415817152,0.6660756045667,0.746076095800281,0.821164628506659,1.06103116956057,0.642963125895546,0.927322355685851,0.588999847670948,0.935383930500549,0.813330205921973,1.01322363369519,0.573272079556747,1.20957719258626,0.564323062665754,0.699781368928301,0.585209206695321,0.704572884338262,1.04819727535028,0.636942358149808,0.74023304930938,0.577405114014172,0.841732789158039,0.924939583414026,0.811349685518606,0.84691679056024,0.788604590494508,0.777666045633581,0.782957838055779,0.892387942421423,1.12756147527675,1.00361783497458,0.841014351162035,0.599081223422131,0.830747489026693,1.01200198498693,0.624217400559,0.806082595927792
5900,6,0.645937114149116,0.635998614307768,0.892614955860642,1.01464643490171,0.801241615699118,0.973402353268713,0.831130963114582,0.543927911364653,0.787917279148576,0.883176798687568,0.640375680534835,0.79463115881339,0.572751066879678,0.516961883768783,0.670364663820403,0.794978046417879,0.668965834607701,1.07481464691022,0.532370483813647,0.868808111767171,0.616381957454031,0.780782745767475,0.959821937021374,1.00830563087443,0.668981568970948,1.15036340501592,0.494001507152974,0.662106879941215,0.787222297752612,0.912924455208416,1.04582204857012,0.730811706596245,0.941737283725742,0.581233198376284,0.829518873540631,0.76795762520233,1.03738783668227,0.858464404779161,0.825920460907366,0.924971121456545,0.878181626461529,0.89413133356586,0.883006611797397,1.0610806369677,0.740966436432709,0.574838067532328,0.820589762571839,0.90131895715811,0.797765155506739,0.767326624979388
6000,6,0.928643584674747,0.730646462284511,0.868010432382191,0.904413138623201,0.899137175733174,0.952928112672541,0.79151628573917,0.868509161384471,0.738062910297404,0.957385725400267,0.779111884392389,0.688723146019889,0.744639890582518,0.496261428445056,0.571293166977178,0.66064598083519,0.742516652859693,0.830541255560049,0.697845365365739,0.964611744416068,0.743594375026159,0.735034733270037,1.01616862680464,1.00343471516135,0.720862156783725,0.925577436924056,0.419636666815691,0.679277230509769,0.900806627247902,0.877929447603729,0.825779006365665,0.663310446900936,0.949880384406351,0.623108819528535,0.913756221121763,0.994384857128426,1.00215384005061,0.808346294237358,0.99501062710528,0.964635931753627,0.901109213286386,0.800579772015669,0.814747946480437,0.952913037276928,0.698923817125989,0.852046764186156,0.9813565491562,0.876551790976166,0.787001855554902,0.866439175215678
6100,6,0.852318916686178,0.810315054346365,0.819383975269676,1.08672702789563,0.808419115674739,0.836645572945619,0.689324353067966,0.879531295327538,0.500309495495854,0.979788703770904,0.957058284064455,0.638679239837212,1.03367207085201,0.561762711374744,0.608228386205784,0.725029418837445,0.718928510588,0.834371213145187,0.572281509685499,0.875632764455259,0.700963718660676,0.79945337982453,0.952468897075523,1.08712300526614,0.607634315563702,1.03396491400212,0.543019693524523,0.635744874121209,0.943063141593213,0.790686889930445,0.683129712689434,0.821998548974671,0.915474387972983,0.757989599599781,0.891600872393383,0.960845368262918,0.777675541589279,0.816831637722543,0.899469746522491,1.1399292479214,0.879282006339982,0.913435638360793,0.817350878060288,0.865189425617367,0.848875449850258,0.880883382227208,0.945615591314714,0.902098599400944,0.767204669223254,0.929844491770852
6200,6,0.812117698317579,0.88201465960117,0.729785714680807,1.05924875039561,0.920118113597627,0.650290188879958,0.580136928020184,0.931582670635229,0.491969426428711,0.630555152673633,0.938235439651276,0.757346875801663,1.02738570014547,0.59532263304908,0.752559058482913,0.69500337305069,0.888135019106908,0.988005965226371,0.588286789185634,0.779679836878377,0.682185197001997,0.935558030601261,0.803061072022059,0.920227825163393,0.845146168025454,1.12775854755686,0.619290672861994,0.720809757470796,0.849670940720299,0.567250768700514,0.813758122603227,0.793305346556942,0.851459364026571,0.680414008917171,0.884272070837919,0.936074107464802,0.823009908471134,0.844005417665507,0.833314180927313,1.03235395253167,0.709570510094062,0.976803864049192,0.764598747789566,0.920442385093988,0.816818454283717,0.764873859616233,1.06561569446652,1.13365456778117,0.79677160661152,0.728434044070322
6300,6,0.89973183987322,0.834631835748482,0.673961102037265,0.884277844125283,0.99792410449428,0.39297459722881,0.647598139969661,0.80161323784823,0.703573893331079,0.74672351368208,0.997786736061091,0.771268465110687,0.817824797842739,0.841909621751588,0.590776865697861,0.661862915605637,0.948922295726218,1.04665414118591,0.546351689655206,0.606163318577006,0.720146167856614,0.962086457641852,0.609706920922845,0.72897598082009,0.89452737861088,1.14706056555868,0.663806082610171,0.620722271936487,0.618855066660787,0.686457585220656,0.696737317564344,1.00692400369895,0.817400682193998,0.605049439794631,0.920657374006146,0.5765470150395,0.711436961067254,1.00673095148315,0.707892840397209,1.01029364017614,0.802103810326086,0.91234561822535,0.749057331051617,0.871060083994267,0.899397820058747,0.797051372383048,0.810474077697207,0.95779076716205,0.882673437669294,0.779787450203861
6400,6,0.846807935351496,0.660913132870652,0.495208619220155,0.856404319236014,0.959767608772379,0.705447364495598,0.565293550666045,0.823967668401751,0.74211088652709,0.800198133744462,0.819431995394826,0.829347141658187,0.733347361400582,0.961550110367325,0.633791625882263,0.4800254947749,0.665984555204495,0.866434371895619,0.5093130282212,0.723344702307857,0.870965370789539,0.968842042840996,0.586551210056027,0.88119138517545,0.903827915026557,1.19515767415176,0.625164583521953,0.51762793301396,0.688442239313997,0.56042102740654,0.679284340064191,0.977533444566109,1.0252373419783,0.729630746886959,0.904023483325926,0.668236703992956,0.631817868775771,0.787766353328104,0.83340669829348,0.996330473472902,0.835672554250419,0.868707862336138,0.99217085773862,0.934355681954404,0.898554856987523,0.781464210010534,0.566117422293225,0.905727475288592,0.808088993275991,0.754496401918754
6500,6,0.78024986956933,0.604487391774188,0.524822870532253,0.844811613756276,0.899709114044671,0.67292301828552,0.760004678963051,0.790810474184466,0.647467095062024,0.913020373942763,0.765847940321042,0.799594292169746,0.739471137677961,1.06586794451783,0.770411878491829,0.292163558468323,0.750766579646989,0.903652795367506,0.69757133825459,0.920200286023015,0.903078261756804,1.05116940476301,0.58253681516009,0.749739225160008,0.944476141675539,0.856776022107144,0.558589310271946,0.594936661369771,0.725706782338932,0.62623612286925,0.704324063800856,0.808417041204428,0.974706516907756,1.02348846412578,0.816562155453449,0.706136599125623,0.685862971465386,0.661456440430578,0.83555670826033,0.975947631240266,0.716781895475975,0.957657999840902,0.888981396046154,0.928225239804105,0.701496883221226,0.854964447766127,0.747649899108832,1.01138205607693,0.946384050260677,0.670656001914375
6600,6,0.850747652602591,0.650545629514187,0.777654183695472,0.861641473888475,0.753485197689913,0.762995334738454,0.703678437273174,0.694930413079873,0.760807877074184,1.07150071435616,0.780480402219769,0.70126972985564,0.83763546212261,1.14531778805979,0.747783232330141,0.527336331737031,0.714645126071002,0.99834778663583,0.896113400822613,0.829252412209236,0.842433899781001,1.06555434410249,0.699308340343648,0.738137616497367,0.989717219088696,0.913962748089281,0.556260085063008,0.581695418914877,0.827884759542364,0.686916809875702,0.800315583059725,0.866111012835397,0.823135336255099,0.8486911920966,0.622155804354468,0.620910882763273,0.742197872666461,0.632981978538492,0.716948476494057,0.890104672325801,0.620269072763015,0.663088166123971,0.557514713533585,1.22518331759764,0.677308564612664,1.00673759890681,0.722626862662629,0.942445063521598,0.783844423812207,0.913744432311465
6700,6,0.890232365320761,0.489909541344193,0.800067923057456,1.11490647450069,0.795546626095278,1.00235475394415,0.790088879403208,0.623671011499594,0.629318078623073,0.942118415689751,0.617346535549564,0.53045035084176,0.718539850930068,1.15561783978692,0.516818285014753,0.623814474381356,0.675914266439874,0.835643450110777,0.892920280591663,0.660483934294405,0.918644221359833,0.984859922908952,0.7394717322073,0.724959375582376,0.811391006622832,0.930787860288644,0.571290330267757,0.473659006633384,0.775083518116394,0.817371932605199,0.695628178696188,0.858677821414232,0.984533895732669,0.751893974260445,0.593992639940334,0.613591226264786,0.597274789704432,0.702217395010033,0.617234800879797,0.943771218071176,0.44452128743133,0.697401224050734,0.59214642409805,0.879691571805604,0.751809788145783,0.853370436005906,0.645667246670841,0.798253381187906,0.656232870199262,0.942485066062578
6800,6,0.796351904526946,0.423624871072625,0.759138749609239,0.93215547785949,0.801314829318193,1.18360480611193,0.810050276774781,0.749778285178833,0.655200288397614,0.972716969531158,0.747100357461506,0.621597409850946,0.690513143167413,0.795025097929285,0.377849182548561,0.850866773706833,0.723696410496157,0.926056426316338,0.652989640487583,0.502165654811132,0.844256955173302,0.841665400130528,0.834490712208245,0.670155689187726,0.672814540647606,0.844811582329375,0.457243140377274,0.511489311930716,0.466990175409736,0.729951608801007,0.770230206908643,0.648170155958924,0.992446714909206,0.764686996589993,0.699239827953517,0.682982950331888,0.426495022720068,0.710448213218449,0.596431707355893,0.818009063173702,0.425468050937044,0.650398293242582,0.379814450379312,0.956227828798871,0.574156728845589,0.571038648823023,0.683804347870932,0.7607231177506,0.831657683550178,0.893665401841098
6900,6,1.15529592369759,0.618389974303971,0.721055717873838,0.840372760066414,0.585097301069087,1.02805903645722,0.642038937300393,0.78832150922184,0.697853875881397,0.877236502134488,0.783811169132017,0.479150935424383,0.801866783680149,0.816584885829925,0.559205609750314,0.76347079993771,0.693288698871459,0.860576352205233,0.847751152925252,0.457201623901739,0.995387248353257,0.839594713085728,0.735941348603319,0.639488816605032,0.6858509591577,0.807043819986042,0.500343362531059,0.473647707709359,0.33211638690383,0.672149488086361,0.783009916165878,0.670025239024846,0.738872060700523,0.82405730626181,0.757397560013398,0.837959572410116,0.532604645429715,0.628114775073399,0.664266696663889,0.660554628203283,0.52995035839798,0.770463333819634,0.348870662393832,0.820366171457865,0.443230720198101,0.577080357123933,0.373922410485841,0.538870082700569,0.654808234986911,0.953356518229555
7000,6,1.19324242725834,0.730221087907647,0.941835938343251,0.772269801443085,0.523938469726077,0.818890534236938,0.774484356878858,0.970752230031898,0.870291129359711,0.779785777830807,0.726691543733043,0.545914492059932,1.01658898339434,0.95933653025511,0.782663609917062,0.774810527961413,0.594527343498397,0.795328887205278,1.02614073565545,0.531486069651849,0.817425901244779,1.09644724049219,0.606065035043574,0.567319222189355,0.61404683782995,0.749278006406016,0.63644159716443,0.471488146447251,0.383253757058253,0.546798376613218,0.690701967881245,0.684665092396448,0.760126622482962,0.765655527577396,0.757501398814695,0.717962157276002,0.603319597725821,0.570697539863632,0.413529494541164,0.666857706538285,0.745330511487342,0.799634514507083,0.390309489617164,0.761198740602948,0.428240597904819,0.660073852088506,0.490728693886003,0.653992280286121,0.627047423994218,0.84801568921446
7100,6,0.953374541083677,0.618891893789727,0.77304480979236,0.670616132273151,0.758739542495127,0.679164946286627,0.792322840416614,0.79386181829933,0.960607367257774,0.81836739776849,0.809284364922943,0.449440422845024,1.15948837912518,0.73098744724385,0.842598602817496,0.874368917401735,0.570653542227824,0.931001829547814,0.777734124456647,0.598263929693124,0.654448130674807,1.08686728635468,0.543934799906162,0.776157310037897,0.780469836621881,0.71191660299306,0.694711485421447,0.450404650404603,0.308258141469738,0.496654632057749,0.828657654669681,0.809330247192349,0.90640390396197,0.533346397332669,0.774496177043958,0.580622815917049,0.500096603968221,0.81962202512026,0.488789035809509,0.542366418661799,0.546099578681932,0.824888933225825,0.499724773301121,0.975288417506214,0.328443558493993,0.739551402878939,0.542052587017951,0.854867123272986,0.591873257517683,0.977566830399877
7200,6,0.730277858974352,0.638136257100282,0.726094037930354,0.753439333658506,0.975385993700709,0.851453995990431,0.91680066772709,0.775364183083509,1.02475934463036,0.916206505701022,0.893637093631342,0.365873827642455,0.970907239382601,0.563059629860284,0.84213032858435,0.837593551703984,0.713841413209487,0.967524420351863,0.708788816245656,0.738716434509315,0.750953253646376,1.1470052920783,0.677715459115398,0.751835059200279,0.840132723035021,0.823315650629329,0.631594842413069,0.628805789674804,0.421665765350773,0.491880579510114,0.882696557509411,0.824807618669291,0.723233000594079,0.679905222425027,0.66335902550005,0.530014658531894,0.59005929541843,0.842407236452701,0.514521611260278,0.533905567817787,0.565641250473497,0.730326021900005,0.647735194344909,0.919982531229078,0.648622608169546,0.913885681686692,0.5784848948932,0.980884617901219,0.664210849933146,1.04856413792595
7300,6,1.03574599199353,0.732492419932551,0.72200745791939,0.75806877304566,1.03011680736762,0.857178981572993,0.87485063014104,0.902816749320598,0.910318889681779,0.848804776247107,0.912968274527576,0.447691669355157,0.850219950490601,0.668728305400733,0.902292520667182,0.844926481079126,0.690531897376325,1.21662304678956,0.727262287813711,0.55961433405521,0.814414674642406,0.95584108404594,0.734466351870473,0.784773126900881,0.792719336950371,0.702571428753982,0.630894591294043,0.558406446492145,0.637996533408581,0.688427509485662,1.03304451545444,1.07090209582234,0.788594293432241,0.769110237330028,0.814288246120697,0.629180570022973,0.629858389479669,1.00098348029082,0.5085042743299,0.829414901617495,0.566111962601072,0.634285299027579,0.555273196925597,0.867451063695532,0.706029110696917,0.969556781620181,0.824610508458112,0.868847442969814,0.671158391232806,1.02563606642673
7400,6,0.809326738827913,0.709132680015081,0.733930849058362,0.880346865739375,0.816031610620059,0.909094649348893,0.801700561170824,0.91081965818587,0.776412802637397,0.861231782459894,0.933111130975649,0.480266092905429,0.854475473660528,1.00545934592444,0.990863114438146,0.835910084149645,0.633434922745567,1.1164863468954,0.726070004291826,0.623472089252659,0.98369781804283,0.87082024490602,0.773743157731469,0.887130636517756,0.683348790176553,0.682866453659295,0.630766481090196,0.663513405069622,0.563263011736099,0.794155811020273,1.17865873622231,1.01073972211612,0.656444580195722,0.907508275093924,0.746053738681861,0.816480791607454,0.522675757590213,0.727066401359026,0.562213586856307,0.820677121518714,0.450869960655959,0.735039931336915,0.700706779905329,0.981606521580681,0.807591344513675,1.1048526559725,0.771377351666177,1.05011036960527,0.551727374580471,0.956755719417502
7500,6,0.965921595349451,0.67104181490548,0.935864868524551,0.942323554219128,0.879779339079767,0.711567754139838,0.93535655300992,0.983448926722951,0.63289920480171,0.862466922825962,0.865340949390309,0.471621595749011,0.672611868371286,1.09111270973627,1.12989411899458,0.645149611909319,0.517710425705225,1.1384102820616,0.924767622824027,0.945753066421964,0.856291362602175,0.92019011754668,0.835767787757836,0.567919125498378,0.716389673253661,0.728974140294967,0.744918620594166,0.460755794330161,0.56798264765785,0.573468696555977,0.999943519662948,0.92929613418005,0.784735811744474,0.667012027651015,0.702247390180973,0.855624653712545,0.573592416649411,0.795867203990632,0.530208249553248,0.868369865283021,0.440373250957393,0.697634257393972,0.784757402154202,1.15907410527592,0.638615457149716,1.0271192833028,0.844346928556985,1.0679208668536,0.737683199037262,0.927182195297414
7600,6,0.789247099377622,0.857495998146192,1.03302437832182,0.734295921848368,1.07007386870481,0.893628398349908,0.62861495128459,0.846598525832116,0.797566406900985,0.854800773609986,0.733470163181851,0.581295268559702,0.74806131404133,0.90677460917602,1.08980694342436,0.615849203437042,0.51691695978294,1.06094883873447,1.04505811230196,0.936290361823854,0.902920586096542,0.870835560002646,0.656882074218725,0.283337607587981,0.705358342606314,0.71981799851714,0.517448043916353,0.393788903549513,0.630666662923681,0.692702161794818,1.00005736393886,0.713402150024993,0.773807109531389,0.514071184237468,0.700037583608024,0.838423317643808,0.53412146285786,0.951264759911777,0.478285098992262,0.946360640133517,0.73246603525514,0.687261474073704,0.497574415989153,1.08408522829528,0.79242469993769,0.810478434221202,0.771444306325133,0.878608194087119,0.589694555545693,0.838533059906468
7700,6,0.651241188913867,0.749928005527406,0.837625451127855,0.941680174489549,0.839858953111615,0.884190769049792,0.645549253043772,0.667800924270694,0.74406137718016,0.77582080015225,1.00720093782764,0.649038413402193,0.80927057987368,0.877265170866852,0.94376984128999,0.408273008662877,0.383007948057427,0.939105185790504,0.99565018683422,0.918195525959799,0.913634183110728,0.865256426349128,0.554647491570586,0.476519705094793,0.685872451332524,0.582606672423416,0.813303426240412,0.186049079514262,0.719757266094119,0.670273098684797,0.841172601422407,0.622000522638574,0.638881416584623,0.488850343596051,0.726321087872361,1.09828619780835,0.475728078191809,1.10416892643726,0.639039940277449,0.91280035723201,0.862953413380451,0.607880750274294,0.497941652237324,0.885160166151965,0.871397320020946,0.73045271870804,0.588709341037855,0.595642835519131,0.689992003444942,0.681141587925598
7800,6,0.663650869795631,1.02092816319724,0.505482308297078,0.811553631664321,0.677040934483852,0.8253039876483,0.657385687642412,1.00136297228613,0.79442999151501,0.884004036995109,0.773622618179389,0.682318159884443,0.781013120823368,1.05743702175073,0.862139154282405,0.501304739346397,0.447523194650362,1.02601858937819,0.92967496807063,0.884207991359562,0.856958292274228,0.94453883442704,0.609905644064892,0.628333894624584,0.629786815640707,0.699314463228048,0.781722956028632,0.355357259490228,0.653260795645749,0.846134969367165,0.96391273330428,0.571438523989463,0.793414510840425,0.494452046612981,0.738688878621956,0.917116377417209,0.49545377450555,0.844957234576656,0.621403204497571,0.928177161255048,1.05504186609746,0.515277235422415,0.607622619886219,0.788966036585111,0.960675798539076,0.76219991914689,0.535269108080248,0.659821151885361,0.76450989519054,0.703044650212697
7900,6,0.597550818250697,0.874726298617174,0.520717983600148,0.765972222782366,0.871418939519468,0.696807086897999,0.685026058739288,0.896574768251964,0.703735884339272,0.86271890515141,0.903118395725411,0.711376681367853,0.912730262572399,0.811115515039909,0.807703799723618,0.422492887935809,0.548284909857226,0.967038100331183,0.735261211522383,0.755289918370373,0.875533647540697,0.698560414904135,0.415718757656048,0.621773026827582,0.618744494710397,0.75747345755061,0.800691768417653,0.608022685848401,0.484460982816916,0.779243358705373,0.932914522046392,0.6725307825696,0.648411166232633,0.512496198499707,0.903503058793815,0.791843365135971,0.685288151159031,0.976822068019495,0.539186209238067,0.841898184314639,0.872143519071058,0.527103898111174,0.713486032699519,0.80816696212612,0.859675940400042,0.784919064514139,0.586578027832183,0.732817067427139,0.899800701900573,0.644696952118549
8000,6,0.642414832863841,0.837320383867298,0.386645765689325,0.865691236553148,0.800804436518099,0.36144871975341,0.600830094793622,0.76729045258962,0.775719668388843,0.49928670650053,0.725695542799665,0.736968155307282,0.829721683459764,0.647259535125301,0.830701977270489,0.454154559138212,0.716129240168671,1.00610156201704,0.763149657481214,0.695003500841376,0.697637909519878,0.546571952766123,0.261269592974586,0.547054609672868,0.450172582174508,0.750817764881446,0.796391917414942,0.393567571659747,0.398620722085964,0.649038081075627,1.02662264568094,0.856081056185218,0.421386948442558,0.519818918011233,0.919402774679302,0.594510053671884,0.538344465381401,0.974244715992026,0.484240665908353,0.873588653132028,0.607137734323721,0.4744938842406,0.960963867040794,0.915089479092888,0.859605148277696,0.729028275263438,0.490116226079049,0.952208184629641,0.673118973736958,0.716722245239385
8100,6,0.562568257992586,0.649860349690433,0.513098310814553,0.86341261005438,0.616470170945958,0.514896700802619,0.40831493348538,0.94426259750916,0.869035824825844,0.601364132053076,0.729723061202726,0.707542086746983,0.835946066812004,0.660404724337131,0.576224514860106,0.378251567032339,0.46010854800934,0.822208424244946,0.746019031486782,0.605737730758196,0.569956145318296,0.563330534172942,0.287024716375856,0.499879687802785,0.53972200850807,0.698024400661317,0.713127595285033,0.289892409933589,0.503417276486248,0.390153872741676,0.77712688885146,0.755005460462408,0.264622900519525,0.491873598046407,0.8791806793088,0.560946786085271,0.445115132900047,0.804697721930043,0.43705980952718,0.44776612711641,0.567123089845975,0.380537123875474,0.67482165927008,0.929648339284896,0.781949972226724,0.445642535227231,0.555322560037536,0.912601519878728,0.550005577135671,0.604851658498066
8200,6,0.267574162847562,0.493409511307123,0.532142072339762,0.808126390756416,0.714021556815817,0.691588233678881,0.646229523443552,0.671734528177311,0.696135024869261,0.464701061086288,0.854652875437114,0.733334172088276,0.586366182278676,0.703216321781996,0.499312324177717,0.646025557584117,0.505227138581752,0.569850666533509,0.867813257280499,0.454368003135282,0.632048755636537,0.692932423422461,0.351834605445814,0.624659702589059,0.716454548861059,0.348706361384803,0.821544152527992,0.320186298447041,0.562627089560232,0.323707151070429,0.781870526887627,0.58046999619226,0.425707360335191,0.519322023265842,0.862924892254871,0.505561621346749,0.584299381827406,0.823268196916515,0.584191696381675,0.404363242747688,0.623133816370529,0.513586050400298,0.58571503638881,0.913162672770151,0.639714465574326,0.393385746648293,0.625160438746429,0.537211539311001,0.491163435798268,0.619044642392353
8300,6,0.388291180774532,0.529952432997715,0.412753143738731,0.541602818283453,0.537179600634081,0.691039277743558,0.417608704751347,0.683295104365873,0.724199578041674,0.535497644057938,0.708868245502858,0.506055886566707,0.772392563412585,0.795177951017328,0.383211221534774,0.596360793842209,0.628741602041307,0.566200309443165,0.998210109626764,0.483698934523166,0.612824006369008,0.692911271842738,0.544937023783521,0.725876297936319,0.804765703608407,0.38926233195342,0.891086803705571,0.449911261154966,0.397061262037579,0.39106194078768,0.914187837321546,0.746171187174202,0.474362308683465,0.578029138443627,0.882413145518375,0.461428628001662,0.404651855829151,0.864818332301045,0.484405379076565,0.482821092077123,0.700087410699055,0.576919000788975,0.469670098136509,0.692000852610464,0.77364112931696,0.535387946373245,0.554664120566848,0.308806530733118,0.340664822365689,0.623231249539474
8400,6,0.206695114349482,0.627490390388745,0.503258304877731,0.42888255605347,0.495320546003993,0.746011247139642,0.511868026120227,0.511385750165395,0.539541536543666,0.487012690969698,0.632790416860555,0.649975826772795,0.614420170047735,0.796435682712719,0.29517017418777,0.332963089551587,0.627596481557122,0.650604438900858,0.912869641281753,0.61564834668006,0.531595086159374,0.647536038715734,0.5900204821295,0.565813455054941,0.581763849757166,0.320203242351956,0.784117670531559,0.63668888514641,0.419409378372856,0.634329346266194,0.939881542748695,0.499260470399486,0.413624155179588,0.66069714449023,0.870290892119591,0.53324470809635,0.424751129935741,0.607015454154327,0.320097622961913,0.650787876714659,0.625486103747581,0.53662025994789,0.620022637474493,0.743087170462005,0.728399707386488,0.466904171580434,0.5237038860267,0.389010577967167,0.264720228691832,0.454872058730746
8500,6,0.426688237788837,0.486448351961266,0.591709016397865,0.370366746095251,0.406371066159028,0.855881009052289,0.634155470962352,0.595047149899838,0.595824591679736,0.404370224118617,0.781130014335507,0.514581629819644,0.680573237750883,0.829552623432431,0.745846357090466,0.298220975680577,0.425071286002191,0.672654788843231,0.777229475437332,0.582023368682121,0.570313463687309,0.591950225047362,0.369784176746611,0.580669039107061,0.583349792627527,0.486768753553459,0.578242093565046,0.657538124539462,0.463060916546603,0.496467597584039,0.750076834909784,0.61124604031339,0.6920257492201,0.637289339967292,0.828415402313461,0.734866342952053,0.43439871781868,0.667317219831929,0.481059053288459,0.586329533312822,0.640521287660611,0.420896374935987,0.723946055570367,0.75680496531152,0.664631912604631,0.40248591862613,0.516389286694513,0.411867591712175,0.261543738256371,0.354496971016426
8600,6,0.258923729394293,0.720068689346634,0.283361677354953,0.31393285468962,0.467799621175012,0.878567721074857,0.654221840321058,0.748463157661487,0.710447531329607,0.41980778937629,0.612875284811121,0.407116532819461,0.545999787227913,0.770252239418461,0.866904648147044,0.0710985960038509,0.298458177321178,0.669241009944928,1.01570962362944,0.499371443755659,0.571990738211881,0.529218111620778,0.364697005437228,0.594657558210069,0.463051352045427,0.548162261539784,0.55898930326573,0.493260298255999,0.245571555043513,0.396391247534313,0.48806096184597,0.563764526219768,0.540306249496733,0.487903204210283,0.712914750905336,0.70326311054062,0.367991499052919,0.547776093604924,0.541478618067029,0.446277789651837,0.636063481827118,0.368304413245913,0.861885480304072,0.892702871235482,0.750803616443865,0.400416961664101,0.449648458969649,0.662430972713553,0.357183405919292,0.325953802978263
8700,6,0.232682535416928,0.80199723530502,0.526845439791413,0.27809862767369,0.575180496861821,0.691091104897331,0.570040500938415,0.859321921386857,0.864740126429643,0.278986790538741,0.59114257879745,0.512299143334596,0.614725581019241,0.581838204365445,0.759983145269479,0.282978210266195,0.354395349183948,0.61950001449794,0.900732509237608,0.585892145056866,0.345157189303869,0.469813665530771,0.661869470960003,0.523255498364233,0.667724397113357,0.413033915669445,0.474338991754935,0.449259893296564,0.407648106763828,0.39935379586479,0.559466480671656,0.590132940692605,0.45950709813698,0.571465296623129,0.731398380941087,0.679538004420911,0.624647398556621,0.434984242899953,0.25853259819802,0.492421991325031,0.485717640476376,0.55002150153437,0.84119060049721,0.832422805394682,0.581048425600576,0.68915747105507,0.721942499337593,0.686011356706913,0.5986264852601,0.517278627576568
8800,6,0.351307272979622,0.82721230795029,0.403568177504979,0.704501640384852,0.442247945149014,1.00724478949854,0.549789406311862,0.578697967638169,0.988784020953807,0.487885704245231,0.519342475755841,0.530207399908033,0.637983485868844,0.711206576373805,0.867411926866498,0.416338429465745,0.592802300241291,0.665812608557281,0.958755621200175,0.572927518390387,0.537472219856866,0.392629013634092,0.727696687172547,0.738034343754779,0.836447413976792,0.308937996216251,0.779408184074794,0.454207176289753,0.254563780976392,0.305040483378173,0.689028507945851,0.501636287717256,0.552487933791436,0.700306327948761,0.710959676870135,0.659008106740555,0.655485145977095,0.425996995244308,0.291150235623717,0.527353766059541,0.562969600495932,0.372224351166582,0.707774502627447,0.785127999372586,0.421407029687953,0.783939302255734,0.732232185499318,0.559242067569518,0.596495355085466,0.688287405510988
8900,6,0.570917621117697,0.87495964874729,0.444403209572205,0.588595058749729,0.269715682469911,0.777513921139416,0.546441169942559,0.719906836834924,0.830269472466453,0.286067978208775,0.750566634492511,0.53660838266711,0.89382889235507,0.600299938777966,0.96113184871013,0.494271049173976,0.584732126171293,0.501761596029811,1.10287697808893,0.51331317672319,0.577311948335952,0.518652011341733,0.96708336925009,0.504141163407513,0.746731538589829,0.526633160013552,0.840317465531795,0.669200108477597,0.437363736977093,0.190638433774278,0.785851933011432,0.448378941930377,0.602606795395044,0.53627298291074,0.594476034171069,0.75562559085752,0.79163117662981,0.486333347762531,0.536846093288431,0.567214978106002,0.666724542442166,0.34701108632644,0.655973184104078,0.526298341322284,0.501433670556137,0.716622754531258,0.860260457034332,0.501209325156421,0.722434266195815,0.648415701028221
9000,6,0.61658959505326,0.710666679927137,0.491394322664454,0.60359892444265,0.612410441988901,0.639448464395895,0.78299858295918,0.780497976441501,1.00068653408485,0.619532081737557,0.573215233083352,0.630675664923206,0.772491359766097,0.77149716196747,0.829208094186538,0.636674516976241,0.650277223945472,0.426918248574415,0.989939478035956,0.444095459609536,0.772062299989625,0.758904306865704,0.938264453110191,0.641600449374759,0.851083218872364,0.77987350515848,0.856200630975189,0.991643696664424,0.469885091059736,0.348432475941125,0.780704292130183,0.378166956579853,0.741612893543901,0.496292896939582,0.551538596936653,0.761884892266241,0.831764629219183,0.432550265308098,0.471952409288831,0.864603991700789,0.76630985326163,0.252164051324648,0.605268238680201,0.88855710279471,0.665627101488547,0.647901050467707,0.699552930573019,0.569180087181901,0.7141991911705,0.619078171170491
9100,6,0.605301461199646,0.532652211410652,0.483242138170125,0.424039001199193,0.496455097018382,0.643288379438118,0.825982398116266,0.633500124585823,0.761741106916655,0.456883903784601,0.450639876341297,0.654345416897581,0.510815842910154,0.520238578290103,0.593929018352989,0.655299234360428,0.50126751382681,0.516739872582119,0.818286254352602,0.600890794841387,0.86351556142983,0.712118583146327,0.967739868257458,0.681802914477825,0.912286152758905,0.839802865024813,0.856396018642889,0.806349155401394,0.421696200723076,0.2182855681032,0.505974019153532,0.400358450279547,0.875998644402842,0.487030879353709,0.404396309399731,1.00952592095925,0.620016366137241,0.556919604960094,0.855023584336096,0.652045345996335,0.877695587439895,0.0910119667512302,0.610229115086065,1.01918073817271,0.639012558792283,0.693527896067226,0.886000635973178,0.617228538611753,0.774341875442054,0.548678721149882
9200,6,0.713767537822347,0.567762812588017,0.515603649089605,0.584226423140474,0.686840435495096,0.624930735265919,0.814634163280285,0.681251012455306,0.756904505917593,0.827557825933441,0.572962922326152,0.733214641513091,0.508296992412818,0.374930606936007,0.696246332223528,0.752212550791343,0.504434070559458,0.470872870780822,0.650117797883953,0.512702746412347,0.868714286111225,0.472024027363518,0.844039804826889,0.513979075732431,0.821957187134677,0.678358840882533,0.817522287656453,0.583485158797572,0.471763763507302,0.476953664080467,0.593742449192339,0.453220158072038,0.527445281217188,0.771154274990994,0.408663921839723,0.96482968950586,0.34711384462165,0.554014482646534,0.964363083676957,0.780184316040153,0.602965269711172,0.280252051557303,0.614219564288855,0.723639865604115,0.590048857531348,0.652722943883435,0.81040825946597,0.685847654876726,0.692860368136033,0.310070248742185
9300,6,0.726823525970978,0.693875039170037,0.469935633336801,0.603279512652294,0.709701270001145,0.592113633212519,0.754073074233061,0.842040856781497,0.742355990984189,0.594467752422548,0.582284336973812,0.701695752805506,0.528764423451996,0.494356350073161,0.747070589755353,1.01569998206871,0.657595946215535,0.777504456229385,0.913752954462402,0.627170529619821,0.49982016321253,0.773916837328585,0.958994736977808,0.211979154383589,0.96743532273388,0.867077998199407,0.722522584439234,0.523275487193278,0.380656439634038,0.399460398619344,0.695075085396975,0.461040553056341,0.555678371979963,0.85905848512284,0.397506404337389,0.915760607079915,0.448796675978518,0.66791146444343,1.06286313040922,0.954096909825858,0.686189577831078,0.248843705023573,0.953807122652283,0.87697048777702,0.66811557873252,0.542562340029632,0.792198006750987,0.689215532294249,0.47886811245315,0.374265702901901
9400,6,0.817227740890363,0.67476820370214,0.507868075818731,0.670518290927141,0.512910518010554,0.604848621255235,1.01628100659997,0.871461489229591,0.755449017566944,0.386861203307006,0.604851056500449,0.94479155386151,0.400633663023942,0.430499278723035,0.73006675215646,0.992893876167486,0.561360714075118,0.85634394178645,0.800483828038987,0.62114555174982,0.634708855253163,1.01098450941766,0.772578872421651,0.100133289383541,0.900033125046863,0.84014146793736,0.817115687273342,0.590729677281031,0.729408312343994,0.623994153041279,0.881534384955899,0.489258667388148,0.62844339529175,0.548227036091219,0.781240990688287,1.2168937023893,0.764293434120535,0.619275765327619,1.28980629522884,0.586093409884401,0.589046563834274,0.25299801648802,1.04379736231295,0.890746281118959,0.917526952228684,0.260251827285961,0.820537711098515,0.799494590239781,1.12471648024654,0.49014775267688
9500,6,0.710421163131161,0.692893116781914,0.708555885381689,0.718746666385561,0.624037618251035,0.811231166794642,1.02399193951512,0.829769535735032,0.743477670714451,0.411071884881155,0.912699398193271,0.847772191316419,0.637691018628868,0.460189890900865,0.701354968005912,0.800697610129745,0.409934787026413,0.622684237019815,0.72546403041084,0.472982169012886,0.668783151201246,1.11373582271866,1.29317510056828,0.366925769408779,0.590109401616558,0.651689075822049,0.777098823436987,0.573938566510603,1.10560676632076,0.711787819198445,0.769567146515911,0.643702455364392,0.559892218641659,0.512924217560524,0.749104823582276,0.950494835777091,0.850659390232767,0.567329020314272,1.27146637131599,0.691571045599396,0.573079911614669,0.43867050697891,0.928259582556103,0.785534925393414,0.62460417852,0.583521108422342,0.74778720158211,0.935093839312803,1.04085859770549,0.422135665875394
9600,6,0.636543452412009,0.558813044839665,0.78891149683269,0.88328914285663,0.526793620325289,0.778445833956402,0.794523573322404,0.613537939402979,0.65992843452807,0.62868489081384,0.7730664100331,0.878339549139935,0.853994588486768,0.467089652090351,0.563464453558711,0.83633459913472,0.621404275115147,0.749806493606135,0.964469794463023,0.818918479365751,0.843738498962861,0.953769671895336,1.31620094175395,0.66888446038126,0.938408507986863,0.695643184012071,0.793886421593241,0.644468535718646,1.12351264990659,0.647166499785026,0.763002926481339,0.631188580859402,0.38169174180059,0.595102219921153,0.850746176555484,0.876398932899981,0.896137548970834,0.751468307935608,0.92384274042999,0.77978337921016,0.71070954978785,0.796518130491161,0.90542973211656,0.779341803461807,0.507220945934706,0.815994132008536,0.646018767694953,0.819494142521378,0.800286458691498,1.00710715096555
9700,6,0.99908119851965,0.462623949090293,0.713942993975672,0.785595682523487,0.351987540585933,0.724365558721499,0.66062767814436,0.56560886750115,0.726479446074044,0.592529783591724,0.795278654463639,0.684033899918407,0.478097842175181,0.348711965851541,0.59996278556038,0.65131201987773,0.610572848448274,0.729237712652899,1.03126399066633,1.01759191222441,1.2113622292892,0.909943436899052,1.10138616018114,0.604729756744941,0.846959442428421,0.49439930806322,0.83805408983142,0.692624458423213,1.13591911241816,0.672455741100589,1.07030575513841,0.567675710688227,0.330060531304748,0.556330561788667,0.760375881979273,1.05908891646131,0.410127342266547,0.785414669426214,0.986814984154561,0.672367092843853,0.947036566756746,0.887826560470636,1.01145385725468,0.628108967285896,0.579393842258048,0.817052668791598,0.777490216945139,1.00847472384486,0.463537249646364,0.992701726517477
9800,6,0.581246352732552,0.651251686225122,0.757987885568587,0.823705650761155,0.469769280294638,0.32704324831949,0.758979686212936,0.64397467617922,0.830183550778704,0.561799473812935,0.830676524204475,0.814690041855008,0.693418416043201,0.624204021301841,0.949055613307117,0.798222093087027,0.493849490885587,0.642380317500891,0.794456512751695,0.707970537103141,1.32261538240603,1.03414069144783,1.04798918530975,0.699419806491044,0.664900056472742,0.359649428314932,0.929514832206568,0.511350917354638,1.1487171610014,0.791683176400998,0.979677311025816,0.40275585936594,0.484540415433433,0.730361969488199,1.14429146734507,0.949774244974171,0.629073621232918,0.47376124849485,1.32584292928757,0.792607049348843,0.670393638152738,0.931237187214897,1.00744863980739,0.658550324839184,0.726814696086843,0.756437728646501,0.909839685094446,0.607606733765676,0.482660634528325,1.0510367809895
9900,6,0.72259217206506,0.771551857687156,0.599013279182305,0.95472555696777,0.551017455686057,0.165927686044431,0.763419471126348,0.824425697437955,0.832770304439259,0.536340151376363,0.771601350707305,0.602411680799029,0.774621823667991,0.835451222354963,0.995871913867746,0.881637932625052,0.471075453952862,0.745780318734678,0.593691700400526,0.432053125255934,1.47667759487084,0.895775649078937,1.02047365515179,0.860182724923552,0.460036053747716,0.899148871660622,1.02082830594068,0.660673204640611,1.01654031665817,0.962469373490153,0.815514944716144,0.612519299674856,0.194978020922732,0.556379584154311,1.01151051893183,0.607755279538244,0.52888214335603,0.289006495476646,1.01162188454906,0.839100079638865,0.864849820816108,0.872334911324803,1.09075075363575,0.304158846427777,0.845350999991859,0.742190980688159,1.16728629497547,0.495660530693569,1.12195464009451,0.742539107825317
10000,6,0.784177505772411,0.648245976744385,0.808871396597628,0.964139321216222,0.636560330273929,0.493999947363978,0.777225957546898,0.687108888517553,0.807909812048021,0.260881706854962,0.80193689833009,0.994657930430285,0.747513916829091,0.840373860262662,0.948180586617719,0.729850757120261,0.749130463628608,0.873734372813179,0.471698271329924,0.858088891369559,1.21170473184129,0.700942002524757,0.696664251844715,0.903200435734506,0.7042366092812,0.813699632531116,0.765555292029687,0.999610100426167,0.650499785946154,1.00673002870756,0.440066664347192,0.368425129605488,0.140705875182446,0.675576895407701,0.827105640017549,0.485331489501162,0.709758962411215,0.39644249051973,0.974387706477808,0.593401333175786,0.898209099105555,0.47296094635027,0.84736029365647,0.510751991536828,1.06974455621989,0.644658266524447,0.893500062949934,0.352051997448269,1.10711938192162,0.547698056717622
10100,6,0.77778412472996,0.676543061260032,0.509229048299302,1.00722811045674,0.913730046030469,0.657165274156446,0.923115814515291,0.73457592910486,0.587725972757585,0.245999527140813,1.01025391712667,1.0308585733613,0.761170689160152,0.720481427157674,0.886282229382993,0.632510486068155,1.10299929682737,0.85666879122495,0.427806017968349,1.22992740449838,1.04604384721238,0.847203273479552,0.430565684477076,1.14260047008945,0.547777968565614,0.752453888845456,0.600643608749367,1.23569284849244,0.913559149329246,1.04127284451143,0.60206417507229,0.674207584162067,0.290103834215223,0.662231454024619,0.671124482462076,0.451522500902401,0.671519585943341,0.390074387323449,0.668003944702696,0.827639926808437,1.03516331114509,0.369010666371869,0.675650232368857,0.482656617064007,1.12614802130362,0.756958547436573,1.13804601680041,0.684943888821253,0.978239454548593,0.674973060903362
10200,6,0.796594180444332,0.473865214225148,1.11688761246163,0.788488337956638,0.787838516107239,0.661767493478566,0.683061029008372,0.950248217618565,0.658360335991894,0.31929814800934,1.12305390104441,0.753132763489012,0.691774311054322,0.960333627436928,0.876127811241384,0.548992612110979,1.10385850580012,0.910768422443815,0.468067035330358,1.09045592463892,0.690236985322347,0.615184129048029,0.295858649748741,0.885427486208942,0.719451903436877,0.929640887734957,0.777419387817648,1.44470837956437,1.04651029845977,0.977042171178224,0.332259899140706,0.75718450693305,0.17025502883436,0.48338642583505,0.424315700193869,0.494572365578568,1.06355896035765,0.566146514657963,0.84474499406799,0.50052196513597,0.915150094510023,0.611175549562287,1.07862507258786,0.844391969992872,0.953474704600817,0.398675883042054,1.05801557559016,0.762820240491838,0.806165919611364,0.716839864994115
10300,6,0.63406479706513,0.345138567689447,1.11371259336731,1.13244386234798,0.639956804658244,0.898074865471468,0.685498883315309,0.847589092380197,0.612960021453033,0.341321992082109,1.14345228989697,0.631528298384985,0.829376219072835,0.778314983181681,0.715329199864977,0.690527557283405,1.22679006280442,0.750130124215283,0.808868708354297,0.756276752895693,0.67217854660284,0.413926073226675,0.467117199997877,0.877298888739578,0.714788306489147,0.825974968223158,0.786841598392825,1.436562146589,0.862217667331357,1.32629695536533,0.453705300479251,0.944379404797242,0.332905285892196,0.474991857347846,0.211641837529072,0.347116026953041,0.822157067528204,0.990897026803363,0.647168529733997,0.690493629402741,1.06739673142112,0.944496786119987,0.726371067460574,0.895889226009035,1.19125981144921,0.343067779766993,1.14771210696606,0.983275069529281,0.866564969720134,0.721787409346259
10400,6,0.43752513489655,0.41455667544888,1.06777486768784,1.09527049724935,0.472440227402571,0.714127103730498,1.0322216948666,0.700058691094054,0.422350616231792,0.27055961995956,0.530867049816096,0.512994672878379,0.69375018313015,0.756749996660426,0.657984620281956,1.08984352954626,0.641061018911683,0.955456272222006,0.859779979133228,0.654920478125468,0.637075250203793,0.807976943877437,0.514998973599589,0.679367201135582,1.27671633542952,0.314138135406423,0.850642623436997,1.42402177415524,1.44527412942313,1.16252993984569,0.952647466248589,1.24584994968329,0.528570767279624,0.568877097751681,-0.226252810944202,0.283871520723217,0.402488683950325,0.588999179641764,0.660735356529312,0.769241197150957,1.25682438705704,0.797271555592002,0.463612112948961,0.456715358576479,0.913936342046008,0.808935649384849,1.15595045570825,0.896013747415638,1.07822025501197,0.947600358070271
10500,6,0.37025539105425,0.0859010385381551,0.966481748542341,1.06077359019079,0.454943044989158,0.60601657642711,0.79628525540938,0.739795408980791,0.261955542561053,0.486616227124646,0.519140750924475,0.513319410434117,0.446009629046713,0.440963247848272,0.586584969960263,1.09770312594672,0.630077682914251,0.529620620648632,0.638293413684436,0.629758708645308,0.645096284685804,0.540597473179955,0.652685783951103,0.339293313601851,1.22181799323861,0.334280764269786,0.686193801146735,0.728753902971495,1.3383525434107,1.06389545604644,0.844605968872815,0.636490068013774,0.763119374641278,1.14513179714148,0.0597894243394044,0.341616857197203,0.0613335950215832,0.569396686921728,0.55562925549681,0.910242039156574,1.27047410144414,0.620530687889494,0.43848114669322,0.500986823486171,0.58706663698119,0.798661766637888,0.778808704600259,0.550689764224253,0.640941030336454,0.891863610409785
10600,6,0.0795257395615146,0.204228967839393,0.616138957102268,1.27528752223443,0.354624890128889,0.257844412822808,0.588514048634088,0.458721363237787,0.227622949295104,0.457152879131848,0.359238397112304,0.314621855465849,0.286931866548584,0.523788147488842,0.719058292617216,0.803796419288231,0.614769555212187,0.367314047673974,0.597305416449607,0.325671488492388,0.597181128957418,0.494626191429835,0.752874918847943,0.206021596243853,1.07864024192889,0.387050244462979,0.742629004109225,0.982507025062714,1.0494438067786,0.68748893043176,0.115161229136497,0.300205092385082,0.824123297336063,0.955614573035378,0.274770720538366,0.51254240260897,0.0178865322812596,0.440114850818541,0.581280990770502,0.790070423135643,1.53984762276089,0.0558796119127272,0.47467816497818,0.670333622475967,0.400251055789265,0.903199928131275,0.684831838543264,0.363629224476154,0.819835061405392,0.426781064529958
10700,6,-0.195789013122171,-0.0270317736120207,0.46536504337626,1.27508222985834,-0.181884547337103,0.205740599937456,0.5921191729056,0.62603730865939,0.0414124196103597,0.300705942731568,0.418901472088569,-0.248988108262725,0.63863471990146,0.163271849036245,0.769932412249471,0.542695364890947,0.363849125405474,-0.145477081974382,0.695735281809156,0.374042055473741,0.875863708153831,0.313101842908361,1.02465532370318,-0.245344730641107,0.60770560566473,0.20063815066989,0.182325844057536,0.567057351016209,1.05364052759732,1.01810238221042,0.250659694105209,0.11673876274317,0.675407603531805,0.647698250550749,0.567735652881866,0.0957376736118319,0.332354721135195,-0.296276052259727,0.00842091054678734,0.33827146595665,0.873859690240514,-0.13268153257511,0.461033086281909,0.499602273988501,0.198121654979522,0.651126292761224,0.403400412667811,0.0470640148509942,0.926780390422294,0.188611333445466
10800,6,-0.263739758207979,0.410914198106382,0.508703145965061,0.455425878096023,-0.159339290287786,0.122667135122168,0.215271816509081,0.879994452835265,0.155803125117798,0.456524603060759,0.250685261164137,-0.267791034242757,0.503502885074917,0.144449169354629,0.982190956174346,0.649548802495158,0.486954358986291,-0.431428593674511,0.642713135487984,0.342364199960009,0.894546100129851,0.382863975348017,0.150335018647826,-0.165503457758606,0.487047405399797,0.329798567762606,0.20267901565621,0.581038047612491,0.999853288477628,0.795286543969664,0.414820300414217,0.705286053225498,0.857020409779582,0.143924800247399,0.280991565327313,-0.25552904808624,0.223611014225547,-0.119907900647101,0.0758296294892363,0.278779489518391,0.906339134717078,0.170537667281244,0.298621822829034,0.509344131840725,0.00179160679792639,0.839663465754208,-0.253220706570712,-0.0420239686631241,0.614156856555768,-0.219254791731966
10900,6,-0.128720770606351,0.733699614891114,0.296337971119846,0.791300535966379,0.144555588630771,0.010431772692404,0.318094357561923,0.1103899142778,0.251997868049143,0.174547652357652,0.150822285367268,-0.203301030871089,0.479414651441593,0.0839260814972252,0.772990028525631,-0.0177990013708065,0.602054534479798,-0.328032942427998,0.122567475150497,0.218216148121525,0.411964091464379,0.208589584395764,0.62599361909536,-0.349234182647951,0.106427475338246,0.260879451848999,0.367366397849483,0.690509213720746,0.0554854839311438,0.806642143967304,0.446020181964228,0.680489705508161,0.613015964418031,-0.254504806477136,0.199597311935518,-0.0907297497005857,0.370855344688774,-0.176215866446919,-0.394482474214883,0.180941324412594,0.589549995697552,0.580677375765942,0.0902744054105195,0.199241662026465,-0.184760404594877,0.593384370245169,0.0927470015998116,-0.315087331239315,0.585032251168174,-0.0279402866559846
11000,6,-0.15051522851813,0.481021238723748,0.0284343175363189,0.654362492369029,0.34525777087867,0.34875221292625,-0.268032529898758,0.0705259226293364,0.336821013998275,0.19018127323484,-0.326745371572425,-0.17384948295418,0.373459719278706,-0.13536464306147,0.493320930291281,0.196197230905228,0.27058095884943,-0.643349744579168,0.618862630504335,-0.0387917859175247,0.870721506375155,0.666509050080381,-0.0801329227226557,0.108201846367524,0.15278211408583,-0.483829921686719,0.0222588155608839,0.424718984101798,0.1371480266599,0.479005894867581,0.229007220189538,0.732129182496741,0.478204547951794,-0.110063465994695,-0.323242612609777,-0.510987322160393,0.338444986775871,0.0934276805988099,-0.0687738444636411,0.250093681326949,0.417788137011978,0.229415561101397,-0.065040698860222,-0.14364910551399,-0.132916402701885,0.633994106627574,0.0254163552562501,0.0988323437836589,0.455403396574366,-0.506655725921722
11100,6,0.105812770312587,-0.0924179749872709,0.512680651504923,0.512522235621072,-0.171078964237324,-0.0170611257208337,-0.0809873507110545,0.148973145521785,0.303000165073468,-0.0265690815893694,-0.651790283260356,0.279079279035414,0.347400921992094,-0.325408242393887,0.0683786440951886,0.152187718944793,0.527691256060633,-0.827528069826757,0.0682916183480624,0.157902818090686,0.309175263238795,0.17552872298583,-0.291383942292005,0.0079861029081284,-0.0197720814503152,-0.394982373198702,-0.301233476970159,0.264220860935627,0.0422880914355999,0.0646300233214548,-0.172339319020975,0.401202759348062,-0.0296864694116657,-0.317151275957724,-0.271410574130915,-0.262819540017391,0.0467884091165869,-0.0225164316800607,-0.2184440956913,-0.208618772479851,0.471368722506819,0.226294934743917,0.214883242391844,-0.461234442073055,0.0640560058055262,0.803940475002537,-0.0423068678630715,0.140426391036776,0.403135451292459,0.105619338414327
11200,6,-0.191321403536614,-0.715846217215513,0.34162246073359,0.133859021228796,0.00614473360440493,-0.546920045927349,0.105781767416897,0.13229810167448,0.542878204128246,0.200198407388913,-0.687487489751313,-0.115324009897042,0.0807559519607726,-0.5228081123683,0.234948384929526,0.217737087780773,0.413607885501472,-0.634651857832827,-0.266696737121586,0.0155570815318407,0.159642705217757,-0.587091810623406,-0.240167057212933,-0.491106227829122,-0.299055488579361,-0.696138169046732,0.55533993572299,0.169915768755694,-0.202687207619392,-0.627945182957945,-0.222481151368345,-0.143567668941001,0.123717543997028,-0.349023860037406,-0.607093075247385,-0.381419898702383,-0.254675829617169,0.140508514303859,-0.487939500888035,-0.278547106311378,-0.164320019843106,0.295271190974991,0.284633361024531,-0.794320853673997,-0.073932600066687,0.555944166729667,-0.415790970870444,-0.0856737112714195,0.6910609011293,-0.186228651426623
11300,6,-0.250340235916952,-0.652330832093816,0.094946202744564,-0.139301932173355,0.317856640644819,-0.760593102195517,-1.0208522750358,-0.10506935182616,-0.0343447981577537,0.184834085353534,-0.346680290409646,-0.480625182499763,0.0174185811676552,-0.794862370749263,0.122135836262829,0.456049085154467,-0.0232145265369161,-0.379646160781751,-0.227943855749527,-0.568505309436749,0.083229032949022,-0.508101413679846,0.0275661726371747,-0.511705157494602,-0.479911180224524,-0.244997471424219,0.231547912748663,0.260370350791669,-0.223242855416098,-0.567790045942399,-0.356038098006743,-0.691165489961381,0.469479715246305,-0.313556946937157,-0.554614335052386,-0.537182759643495,-0.116385330070645,0.268942879492746,-0.632299980531905,-0.158202565300203,-0.977185417758006,0.168722412820451,0.142292526009204,-0.950427841805199,0.240937530204083,0.663292995240862,-0.463417696509576,-0.0573253529312763,0.809733603401235,-0.408833889479187
11400,6,0.407770254424712,-0.723026817410137,-0.318840062173554,-0.51869350476872,-0.0314141332657472,-0.784144619360203,-1.42764260983167,0.0393962931199323,-0.563452314659426,-0.577269986467139,-0.637162057655371,-0.169275498069074,-0.20333735251458,-1.03345950187373,0.569585920147371,0.639263816991135,-0.712679670440486,-0.618064680719942,-0.667577536842194,-0.263734205264711,-0.35760979141627,-0.739678934851225,-0.422029930673856,-0.0745538075931516,-0.458475839574994,-0.746219735562255,0.391525798815355,0.0734246021524586,-0.167515442578811,-0.612873988862831,-0.337998663406197,-1.83354269136942,0.0873907712999559,-0.386481709128701,-0.701134416436021,-0.846302405298297,0.474074131376238,-0.140234717376381,-0.424698997116314,-0.523051189402333,-0.455695786032536,-0.548261537631092,-0.477755936382519,-1.02209995449598,0.143641594261358,0.209001277974689,-0.22689353606441,-0.23050789229691,-0.529531427997904,-0.400080995810792
11500,6,0.351331388363198,-0.969269130970131,-0.601143651926491,-0.481274768044953,-0.529313150788804,-1.31389740306785,-2.19376332649052,-0.326551849041953,-0.684780701605848,-0.399423154705395,-0.756430942009933,-0.229634252029599,-0.138518097444903,-0.859375214235301,0.263134481956512,0.0251369486004842,-0.427525241433603,-1.06379963030016,-1.1709134932059,-0.0346655654957741,-0.889932728153283,-1.34270720691291,-0.261227046596349,-0.193053792292869,-1.04225806305192,-0.679708260359403,0.0218294036352087,0.091632391578173,-0.426424499176714,-0.816659714227285,-0.0846848591584467,-1.57861100386788,-0.00244871892260101,-0.298509481830125,-1.23039254209014,-1.48310050414204,0.123687544457734,-0.372240319517104,-0.600229515135003,-1.39824584465295,-0.631722926579016,-0.623698524199769,-0.516435086660446,-0.990336704148774,0.0680587453722496,-0.894985125473622,-0.158729349462747,-0.146470835689704,-0.989915999758726,-0.267417720676281
11600,6,-0.57143215511407,-0.20029888414457,-0.338042404427087,-0.722273255386151,-1.29124057483226,-1.10399060342164,-1.57020303073039,-0.630820664552444,-0.958400576618643,-0.366399658294023,-0.56568153791344,-0.355382149885275,-0.412798139899648,-0.563600697592307,0.137155383290095,0.115498933386424,-0.0392831911613501,-1.37572644557813,-0.530923349747648,-0.496255255090997,-0.939627532803777,-0.965911921384411,0.132523175746774,-0.0872896218585754,-1.316969082804,-0.587868540872671,0.502255266561278,-0.269821399991841,-0.37067085786478,-1.20812971617992,-0.366522585655428,-1.59789073856969,-0.298875447407489,-0.76125299234393,-0.496367575223829,-2.13604744634638,-1.37071536626024,0.313073342050759,-0.940148188952903,-0.847000102995072,-1.04517122201661,-0.622831006181992,-0.322759164694306,-1.04151835303801,-0.735427811086601,-0.421163705970765,-1.12096740405774,-0.48933009575523,-0.988463890117167,-1.37738450027489
11700,6,-0.635352972813452,-0.179388791887613,-1.13466575026528,-1.50971334704195,-1.27422328854115,-0.940208282950028,-1.52840014828634,-0.253102955611096,-1.70335914198301,-0.938985416316855,-0.816116137808092,-0.581007841684355,-0.888514666596724,-0.0312118086108084,-0.432933784687829,-0.77143485409228,-0.0264529557406264,-1.71434886525088,-0.726361844859659,-0.722592090258985,-1.6280283500109,-0.649673978392936,-0.544960503700415,-1.01978454021525,-1.72437006961124,-0.848039120860646,-0.459308277318931,-0.716564175740206,-1.06542865352879,-0.851593173235027,-0.940208568711648,-1.67299096353173,-0.81869036179075,-1.02501235993732,-1.22522168173098,-1.22914598995018,-1.22733285967856,0.664112294144365,-1.28487751696596,-0.488699838204658,-1.2467259382307,-0.370061859121309,-1.0108551057443,-0.731538891502191,-0.973087259002881,-0.436923165341107,-2.24288582561736,-0.261318746517792,-0.659246321853401,-1.07080055169402
11800,6,-0.943645512851107,-1.10021320695519,-1.00575332423936,-1.7724375291733,-0.901873515373897,-1.34268671048495,-1.1621014576531,-1.41196010128997,-1.47882510679514,-1.44981181144381,-0.245407532394136,-0.211982903586731,-1.67480791900659,-0.123617291115921,-0.721748062263518,-2.06305071708053,-0.630806716443312,-1.46547218398005,-0.731645851337046,-1.18148014719612,-2.15164148431082,-0.759076913582669,-1.41345465520248,-1.77750230334166,-1.46080688530092,-0.789618712239407,-0.582996329468422,-1.80992818927373,-1.15305124576909,-0.898855264710791,-1.89807364283251,-1.29845445422093,-1.77961940165548,-0.855494449813337,-1.39806794464069,-0.0726029237978291,-1.25798404155798,-0.12515294285914,-1.57946098411464,-1.40040216419766,-1.79102006132972,-0.123097173881402,-1.05652650236999,-1.20444403343525,-1.13096294084265,-0.741480116363245,-1.32432458103825,-0.551762155940536,-1.07338125149618,-1.39390804057777
11900,6,-1.19466188581489,-1.3922806418887,-0.560633361825156,-1.59411400197655,-0.811279299817859,-1.53522132989694,-0.519842820556481,-1.60155692635211,-1.5715190434336,-1.49708470012674,-1.21870111190774,-0.927761097304667,-1.3387693084695,-1.32335221319916,-1.2665463750399,-1.9902051307093,-0.719188995256519,-1.74895671498424,-1.15784487644729,-0.740573736764989,-1.91437628658267,-1.4736330427207,-1.26090145385464,-1.40642735537719,-1.24605891604577,-1.43904839098704,-1.44242449893618,-2.56723632358734,-1.99084577410548,-1.07393620418273,-0.787509577796502,-0.414110086079294,-1.26939557882805,-0.506454725004346,-1.20019166461936,-1.29423075000391,-1.26727068066426,-1.15028574259204,-1.52518772761991,-1.64980779715714,-1.22330889691218,-0.156312516087561,-1.50697444913408,-1.50053831846702,-1.0263904995458,-1.42904453502658,-1.27751372839991,-1.38694677822258,-2.24243931300976,-0.857053446620608
12000,6,-0.827397257556561,-1.0921221082988,-0.964032928971149,-1.46923300315851,-0.336204940531283,-1.59596920755713,-0.828581592047238,-1.62010250755255,-2.42364111342245,-1.0623567402452,-0.826306528793297,-0.915662351614095,-1.7326217768101,-1.8280385299239,-1.63185798902653,-2.00598748150694,-2.03157186444613,-2.52609659886307,-1.95237136222533,-1.15956968442041,-1.72143315117365,-2.90930050051573,-1.37126891053311,-0.997090058591698,-0.965246321733902,-2.10390466798687,-1.1030182625916,-2.07476211932628,-1.39990732899099,-0.726984888364822,-1.86637745726422,-0.39891259926066,-1.37847875844339,-0.403961751659951,-1.515782232432,-0.78899319897463,-0.52326126986461,-1.09386614369876,-2.02419692621115,-1.43679202871709,-1.51118433465782,-0.512111335446414,-1.76416614076483,-1.94930652786519,-1.43459534591922,-0.181212060991738,-1.02559342525526,-1.33470998522717,-2.57383221909009,-0.797767162216873
