"binAges","ens1","ens2","ens3","ens4","ens5","ens6","ens7","ens8","ens9","ens10","ens11","ens12","ens13","ens14","ens15","ens16","ens17","ens18","ens19","ens20","ens21","ens22","ens23","ens24","ens25","ens26","ens27","ens28","ens29","ens30","ens31","ens32","ens33","ens34","ens35","ens36","ens37","ens38","ens39","ens40","ens41","ens42","ens43","ens44","ens45","ens46","ens47","ens48","ens49","ens50","ens51","ens52","ens53","ens54","ens55","ens56","ens57","ens58","ens59","ens60","ens61","ens62","ens63","ens64","ens65","ens66","ens67","ens68","ens69","ens70","ens71","ens72","ens73","ens74","ens75","ens76","ens77","ens78","ens79","ens80","ens81","ens82","ens83","ens84","ens85","ens86","ens87","ens88","ens89","ens90","ens91","ens92","ens93","ens94","ens95","ens96","ens97","ens98","ens99","ens100"
0,-0.311767139376527,-0.0709590697168683,0.226719620656357,0.248722909096239,0.379778120866134,0.218157291010249,0.229212670336853,0.229932690736544,0.0567817217611127,-0.0869864597799538,0.12259572176923,0.224715847254309,0.532072515658553,0.302975438562902,0.313315563093204,-0.128989864444606,0.0877053635478228,0.124178546046558,0.14494644985689,0.0554953866757753,0.159723462795793,0.269490143341234,0.1589329066942,0.602645299290263,0.0410242094742058,0.217891669514816,0.0393874486680387,0.157813575334436,0.27022562126128,0.39267658816647,0.057197883899936,0.035808887964323,0.124540724358344,0.162097068360492,0.100977365530496,0.24550633098597,0.0943897367754591,0.847596832545643,0.251415677297531,0.118564333812885,0.226677876697429,-0.112272535537578,-0.152976076666706,0.286788825435853,-0.0469123335416078,0.0167847223639148,0.250890312968649,-0.0332160172861444,-0.094001384663037,0.479053904201228,-0.353341970080713,0.0184061646616089,0.230257489586392,0.243070895695431,-0.117462384303924,0.148509801573726,0.142915619158412,0.0886212000850218,0.264416822819973,-0.0200938886262303,0.0479362890981767,-0.089257295665333,-0.307111905438823,0.205887142610066,0.198909466685642,0.301589967867062,0.251556038103976,-0.0877584387140544,0.448499623416375,0.510282724958376,-0.111735677966454,0.146804391656224,0.272262960101787,0.21272016641695,0.436469837094838,0.177925401713595,-0.106582665122614,0.182812305995702,0.275825368248657,0.273701789799063,0.194314630834273,0.2815964889059,0.213637188297262,0.303773146068049,0.327537388509773,0.275969689975409,-0.290166662072892,-0.239807256421952,0.189354198582864,0.061370438421453,0.400472230588729,0.24522381995333,0.19515964607881,0.00658282674078248,0.0916521779135551,-0.00967672672525025,0.0771097643045436,0.0882289370983344,0.128129970410494,0.219389956788833
100,-0.232978734455117,-0.0632641205764706,-0.028478901524809,0.174502725361027,0.182100527222468,0.104855814030887,-0.0225203139688707,0.171866934670094,-0.0922129747047858,-0.227211792279859,0.0422249714273043,0.188072059247591,0.0813652232360737,0.121463750797791,0.176286891754743,-0.373565480851324,-0.0865275171471836,-0.0930262358811551,-0.20064643813667,-0.119441375851981,-0.0701093320695571,0.22997882426306,0.0058055531911459,0.298648541270239,-0.0521390268852527,0.0623949424069561,0.0598676234371208,0.255977967358692,0.0828567807162659,0.250294056731426,0.0515834606808259,0.243679936544622,0.0229794114455081,-0.144001678356153,-0.268458529719565,0.141800051087194,-0.110313103154294,0.387851548044356,-0.0322606171322446,0.0413895258427514,0.0916952763245342,-0.205745846390194,-0.0837784803057018,0.16388608539812,-0.0226374974649002,0.0634556687029556,0.0203033457951609,-0.16005793017181,-0.174881643022008,0.276334727514841,-0.357732713683117,-0.326287882564831,0.120086844066897,-0.0957376291303329,-0.155324838810556,0.143121982650875,-0.0948229614283297,0.0347117628468349,0.143056115161815,0.0761699720562316,0.103234979291026,-0.320373306264371,-0.379871496870604,0.0526219085770337,-0.146984994253411,-0.00649164382627154,-0.111695719039546,-0.0717740040075687,0.12492225712696,0.336898423577506,-0.0298567183005487,0.00775585578957583,0.107754914871671,-0.190787562898039,0.108052944073672,-0.0253016384846897,-0.0616919380889185,-0.0472225984166144,-0.0358205883921506,0.11845883769284,0.0860429982993938,0.158319883580279,0.118620831730247,-0.00830546482286224,0.160350380784785,0.0731615851553864,-0.265726741106053,-0.120380709383878,0.144456726989127,0.0563422784365145,0.0291371598279306,0.199938960385437,-0.164870174810792,-0.100362967706996,-0.26262690858955,-0.0897831822063245,-0.0058055531911459,-0.0183335853184605,-0.0308535117848585,-0.053035451687085
200,0.00970151189049034,0.0890670032841223,0.325068546374301,0.179246368583976,0.241700467598759,0.256412539446262,0.269330401689393,0.331025481885069,0.0739523030154963,0.118241834157975,0.146018105288023,0.321853133667827,0.168106396224375,0.153970897193705,0.179400885782547,-0.0673585065933482,-0.189955742443537,0.0507461171196909,-0.0275354450312769,-0.206996065380402,0.142195495205977,0.320917239792604,-0.0643291514020737,0.317695425936101,0.101770697017941,0.0260114838761589,-0.0154566453730088,0.393490765900583,0.191803560561019,0.000724678312871013,0.072505814070002,0.057307064432752,0.151775161999335,-0.00254641922089552,-0.205785146186351,0.1782852384266,-0.0183352806327159,0.112601374252199,0.314896672785603,0.120164708974899,0.263556800673698,-0.0710956918694003,-0.0715290868305628,0.164790763379873,0.145388052986531,0.159628678069397,0.0628268386659545,0.28511838637994,-0.0379021201585057,0.368835099784312,-0.115554394048189,0.00348160539968229,0.212374665351078,0.264066132907172,-0.0625419514248219,0.136982118495807,0.0362562606030466,-0.245554279113824,0.228947318061965,0.0342888340211324,0.191970974032543,-0.0136417137120822,-0.100016713710372,0.356786433679161,0.181013106849608,0.0697918116677254,0.0568994548239013,0.0510047573602964,0.190404310221152,0.20345452713965,0.0239646227754224,0.0337544960638911,0.0918605121833455,0.0965624924687559,0.325674049011854,0.202083864896186,0.121163455596197,0.0146944904091082,0.109688294102962,0.183218229981155,0.235806382271851,0.0384014316410871,0.344613726554748,0.17331539513403,0.173288381952217,0.113598153284153,0.0538498593616012,0.175543913117232,0.189995208192747,0.0335792126235034,-0.0558310226468315,0.100308319118765,-0.0748990693452167,0.0286856399128397,-0.0458500950568423,0.109884726177916,-0.00741523167953034,-0.0422166559340766,-0.0118887006199844,0.0308355333554428
300,-0.0740914860746129,-0.1157178835046,0.113384524421345,0.0741316997370687,0.229090817048322,0.0139491872480365,0.175093345042798,0.129205037686373,-0.00633031450455648,0.166931960453573,-0.0894193425633916,0.0304470162420501,-0.0151845359385072,0.279907063322331,0.0778079690030724,-0.0417737560457306,-0.1760339287319,-0.0631814242219534,0.115975048014449,-0.265311136905946,0.200877753740364,0.290666580611172,-0.0338010628225549,0.0528386169887228,0.0620022979721444,0.120746065915972,0.0336599571970791,0.228407787316798,0.00482545367162823,-0.0967120032436487,-0.0951234365126279,0.150977886995896,-0.148995920223929,-0.0304097116979998,-0.0257508304468061,0.17725064824092,-0.160470668622757,-0.0162166334229151,0.15793674906503,-0.0488838666866835,0.0847925701840646,-0.0977212906026475,-0.157036473471057,0.0732559032200384,0.198642851265928,0.241669106108859,0.102763974030844,0.136218764259141,-0.00743337615272063,0.11927717892054,-0.0310483642749735,0.0610357495088062,0.0955644419595421,0.101994611573265,-0.0398015120936268,-0.064604818313922,0.10300316229201,-0.195278607037541,0.117432707510803,-0.101102485823608,0.0518932053834089,0.0175315536075208,-0.203312194517604,0.185404910480754,0.0010499764203834,0.0110145828611308,-0.130828509941899,0.125803246719374,0.12461499311963,0.0983253599633841,0.0881922234990537,-0.00644043343372747,-0.091857625082658,-0.0791273817595323,0.287725956400233,0.0293641109401362,0.0592581521902673,-0.091536821125693,0.0962775335071713,0.218982171911996,0.125851446939129,-0.0340286063896682,0.22932401580659,0.0556409299898909,0.276424752631031,0.0871467957304774,0.0344272494731056,0.0992367804082054,0.119104226993941,-0.014461602592558,-0.216717808280268,0.00541040840704735,-0.095475136321411,-0.15810743096904,-0.146554615847281,-0.115861597443587,0.00607599167940137,0.113165682354016,0.0677684333774176,0.0292767181801546
400,-0.202181234522671,-0.0338139465266075,0.265660197443671,0.107476140584865,0.0310578377196611,-0.0980010255872116,0.0804956710554914,0.0679361250072729,0.0603853843540536,0.089125109194794,-0.0312558052935886,0.0827571983678991,0.0743714951961989,0.281847263195023,-0.0683262481283893,0.0102169334157639,-0.0642654589173686,-0.263343745744468,-0.0991822935317728,0.0912566666395264,0.385140293721813,0.318066099642781,0.0393139324856036,-0.10971889955306,0.30627390587075,0.243772853767599,-0.00853765313285657,0.118687427302642,0.137275667077281,-0.0117597147397518,-0.123423472148497,0.112251929092198,-0.117139645890261,-0.00810038316058245,0.0210380947600103,0.285171262835476,-0.145513713109774,0.00704867044880386,0.120884350087575,-0.111963460209653,0.0701597537927732,-0.140913335005319,-0.0210387518657721,0.0934487575646065,-0.0119800842639633,0.0662329649029947,-0.0561906581423432,0.151218276452859,0.181817022587861,0.204629936764422,0.222180675929797,0.0596540051372457,0.038668275417598,0.0902512099420485,-0.0189191300348626,0.0230002893774957,0.105657837195355,-0.197686424266391,0.109468511928819,-0.0745430511000275,-0.0142655801560978,0.118766576015807,-0.117474302802922,0.132632322556126,-0.267894280945179,0.0747403972867005,-0.0742831314175025,0.249843225575786,0.161309469915072,0.217883366289445,0.140592058301987,0.015211639932609,0.0690541872962717,-0.0365214045463338,0.188560848410261,0.0173954978060836,0.0969808493306585,-0.020059921851122,-0.0135022354078519,0.0538432090559514,0.195372186342068,-0.0491724804486797,0.108391360053486,0.169762165006154,0.0464596927641863,0.214124095078082,0.0325787861896172,0.137486375006423,0.106735216744252,-0.100844842704426,-0.170722300479594,0.0273479831095376,-0.117691075418606,-0.114191526887905,0.0754908726711213,-0.0716894450793312,0.119205604415909,0.13583503868211,-0.0407470137326109,-0.096482404550455
500,-0.139113513006896,-0.0657535876467568,0.312458263661902,0.229058283264831,0.0062491498928722,0.0531690097859416,0.185202360797685,0.0432976042475413,-0.0207667155075736,-0.0363163182626987,0.139292672259226,0.0597943067811823,-0.0635152608827125,0.22100073916961,-0.0835636535500988,-0.0352770289873973,-0.0789492011183041,-0.28270799090048,-0.0118007791286837,0.0464550998342237,0.425271025289377,0.426194875028283,-0.0454584326787846,-0.0223999244573323,0.218196075474222,0.148016866139264,0.192789088116058,0.127905115660123,0.237284704794927,0.0194209768181104,-0.0501915328467832,0.0929507825032459,-0.162865840874067,-0.0624969173336596,-0.12906365105921,0.297678836732878,-0.138241218681092,-0.016558454706074,0.099133695763936,0.054814295929044,0.0589442757966678,-0.0391437110402975,-0.023635869948482,0.166992875410221,0.07932798283338,-0.0292883682028256,0.0515094013091326,0.129140702315455,-0.019747099567464,0.263182691472249,0.105628424853343,0.239174206215189,0.23669720530956,-0.0235557788040347,0.159383921142456,-0.0150859355222235,0.231798321059573,0.0185336581536223,0.162598091128534,-0.0216088390539374,-0.00967468000597368,0.067318101515475,-0.0115011696197073,-0.0126142754489535,-0.154333119095353,-0.00934298174718734,-0.0732753809781699,0.0554223464045589,0.0652715506207122,0.172228278117116,0.254005466965106,0.139195075091358,-0.067592495562554,-0.0306671254315534,0.178981389185568,-0.0189320002617458,0.14823111261864,-0.0524071042187241,-0.0592491428437354,0.230807391036533,0.27010626374077,-0.0406186736094845,0.152338475157471,0.273761762177013,0.059494993282551,0.0224661766440301,0.164436751800189,0.206713933065003,0.191727735936768,-0.0713980002789109,-0.0373020805201875,-0.061748707864589,-0.0171075938066157,-0.0838023124080224,0.158610085939285,0.0351416964935702,0.286951889802791,-0.041840670441406,0.148470484362011,-0.0356260036663284
600,0.115151657853214,0.107249851979907,0.2834402339363,0.305077163752587,0.128325732199329,0.09871969898094,0.374393766630511,0.0771411722696192,0.16412792522743,0.18635676434676,0.19535556117126,0.0413965043607045,0.135390100961731,0.230969500653649,-0.0603027856804432,0.230839721121448,0.143333902545318,-0.0309774550498326,0.146861247462291,0.153101649661327,0.298485228397119,0.369388525288155,0.144451069049353,0.0252168828868122,0.132789393766968,0.114065960121599,0.315630019414492,0.0697047633676037,0.185809576299623,-0.00332445287111618,0.0436543499111789,0.102269775192824,0.0278999620985664,0.0233542085771881,-0.117663967877613,0.283709756302806,0.0813764651656247,-0.0410965810532555,0.0549117295269222,0.152330204296983,0.242715293529701,0.0519641977021943,0.149669795576151,0.436541209267815,0.131286348394086,-0.0184163259782507,0.131136343821064,0.153462307798708,-0.0319530247248247,0.280449679681247,0.179890858194808,0.360724038606126,0.357323031422109,0.208129088255639,0.247971097584995,0.0805379326406467,0.192523500703581,0.0878553942714484,0.153079997921132,0.0634263320225628,0.157515061275312,0.131975388227353,0.19720867764799,0.0808619277293364,0.0735299601413791,0.0302251708722542,0.0108724992810626,0.180081872522487,0.00983524820499709,0.190761193974435,0.310927456328789,0.185090793764727,0.0896439365493395,0.0223651355187563,0.0801697723955957,0.0812846367691327,0.152611092920359,0.0550840906684714,-0.0201499537666966,0.160763177913909,0.164699333445302,0.0711067962797246,0.270045143032195,0.0847354213797034,0.135533748497088,0.26051775721939,0.0855302665883212,0.276869739979666,0.0188246182141377,0.0824599505586838,0.0271220748116889,-0.0040271451091142,0.128319216609103,-0.0918965998673504,0.246730093014685,0.136074890800498,0.353231398548102,0.0440166246072553,0.238044863459786,0.240393633770006
700,-0.0712547731593847,0.227167703851498,0.321949139370826,0.0924952462370532,0.168544996606361,-0.0743693870458071,0.302487363792262,0.0998126634429089,0.154610015038239,0.245925404579759,0.0215139049941014,0.170527810872843,0.074738903967645,0.108573656717379,0.0340465004274854,0.09321395056245,0.0335044261775042,-0.118830523731765,-0.0402219340979443,0.186406240173067,0.138970478049291,0.230550412922961,0.16076662742853,0.186797643320702,0.00857305511743137,0.176829409983362,0.303732066254415,0.157405683674836,0.0131270166201435,-0.00474106845449754,0.0849423027736335,0.13224800915602,0.067841320956241,-0.0591833120538808,-0.0484433667714078,0.284525023252369,0.0642861495892803,0.0835206676288189,-0.0239790772037461,0.0525227997894628,0.307551073715991,-0.0746554852966403,0.108064920937555,0.239266587680077,-0.0771773994923335,0.180667434777393,0.114618428996553,0.180779167396657,-0.022149041383849,0.357625952782025,0.198108196175649,0.269746330605027,0.156053162485678,0.156542510837864,0.303193229905547,-0.00518274006532787,0.242929407633371,0.0473350650764656,0.0112714869188144,0.0474948417065258,0.146916870229405,0.153114170323905,0.280468598722767,0.171689885899965,0.189996362276402,-0.0193139022688446,0.248635096378668,0.0920233900716075,0.122852153296468,0.158632703820023,0.20706796258558,0.212490330518536,-0.0104261010768227,0.0800425742753735,0.0148274800919831,0.0596236524714586,0.126519026451455,-0.0128240428749079,0.0460692861191048,0.156340334502901,0.186760553484317,0.142282643007964,0.157902104916951,0.0804558260435294,0.0862469018847737,0.231611574421934,0.0364022430246982,0.276729369645941,-0.0291764965281072,0.086633949956351,-0.038786714003569,-0.0774818835529594,0.120543933453051,-0.184481391609558,0.128754030342244,0.00508448662325409,0.15226386463081,0.0759945435577343,0.218885940981407,0.0941700106083194
800,-0.0455605337604543,0.308006212678911,0.121269344342305,0.182369841212757,0.183987388866187,0.153759071558537,0.170857410863043,0.0978443373590741,0.214775563495193,0.420029698194446,0.235301455326513,0.250480310337837,0.23904752004698,0.09087441057973,-0.106457026195189,0.14630465973754,0.0313896233182921,0.0110853073431538,0.00242885204496329,0.179097533034149,0.027345604392548,0.247504558157321,0.143141659534457,0.153819361271676,0.0017690515984389,0.101530516977577,0.303752445734961,0.132974972895115,0.0822984710846392,-0.0654338610535826,-0.0340440680330321,0.0855043176546376,0.0544395253187412,0.0547340393320714,-0.094087770291888,0.381034554766871,0.151342293804458,0.0624679209008921,-0.0744836434378305,0.0303760276868199,0.285123847853016,-0.113963616208927,0.128332943405592,0.141348282102508,0.0198997338402287,0.385222592884873,0.205391406784432,0.220689337485971,0.111069455734359,0.358656331865817,0.0551875971733864,0.315919411018199,0.122153302295276,0.342807716717806,0.411499354948276,0.183796718555661,0.390012017202875,0.122792034141592,-0.0707610966575635,0.0848636206507358,0.0765438303785389,0.324870393674081,0.193538156925121,0.0871787555662304,0.154117407741923,0.0821383576482431,0.284365060890117,0.11296188559477,0.214126432890995,0.0194138441085325,0.218653426199864,0.190381618740504,0.0229196429796424,0.170757017247738,0.103466538446777,-0.123347466340072,0.254484524070479,0.081104797259923,0.0806522631328024,0.131106409382087,0.283218151996123,0.0882017998065835,0.179249595840569,0.0316485072435496,0.194546346654705,0.221249910961366,0.0222608993375157,0.34125718646172,0.132653838012445,0.249535365490441,-0.0743734735411533,0.0397926790928006,0.0409042157772129,-0.0548855340664465,0.159638637405331,0.150523371971352,0.223903425262243,0.0622263688099669,0.396035027605453,0.106403446007879
900,0.131613791626814,0.35220426559577,0.165997114381834,0.203906536520813,0.211919293945955,0.18829767474128,-0.0392409717596001,0.177639602157417,0.0919120045277143,0.272821697277471,0.288618097337806,0.144075453695143,0.301155178909646,0.0966007162392157,-0.0170835719889566,0.122256711026941,-0.0365100935897414,0.147198050192729,0.0301132383013669,0.0445338223362097,0.110575357970291,0.0445611078759305,0.0935334709839342,0.14802592998348,0.112246826134372,0.0366930796494355,0.250197921620301,0.0709418948354849,0.0826274091624409,-0.0566177554826303,-0.0205089743786538,0.116434155986941,0.0139653725115614,-0.140539135550919,0.0234403617919586,0.366132034115288,0.181088779587253,-0.000927835661245158,-0.0293146100997817,0.0951651228250442,0.215676281443689,-0.0107421211020697,0.143334564448453,-0.0050372801031808,0.147250589267614,0.367021584721246,0.284413168287424,0.257663333610005,0.042349293743471,0.292653895532791,0.0692176356247937,0.374168651332436,0.0814196508394543,0.358139498786753,0.336910121992485,0.223449288268039,0.263215556467349,0.136224800290216,-0.0123555953599574,0.199524419531998,0.0358159360837959,0.394893207221087,0.332406156057796,0.0702774291876712,0.253211440051654,0.0586129624415476,0.0479545216905862,0.130054908122287,0.0284515791146583,0.0655348380662451,0.226616633616071,0.0434155697368395,0.0103614579853823,0.100017818892637,0.0322652366692694,-0.170507696856382,0.161159367463157,0.0723994435985824,0.186501268730328,0.0906200375346871,0.373094945608153,-0.00530116676076056,0.270392191951605,0.0442525501553679,0.342322970181498,0.266852457144414,0.0817460979604426,0.229275099340974,0.0590842347624647,0.15539860967124,-0.116502470168783,0.0847431078901852,0.189941410530794,-0.118747549629931,0.110267735827115,0.168852032374223,0.145447809172512,-0.0653682331382612,0.388588721798255,0.189046375902627
1000,0.155072414415479,0.194719544031314,0.171700689342973,0.134721950351019,0.182714689622043,0.200838349610147,-0.0272653098686111,0.101630061900516,0.139680726615664,0.209373313688736,0.0959328516816117,0.0431800338065544,0.193179713053254,0.0987458700420998,0.0601052555332034,0.0431581550106192,-0.107537076655362,0.135465848446009,0.0497505319894292,-0.0161502963702,0.0232086547650182,0.0560586765193593,0.129990398652978,0.038251529792016,0.139317614710687,0.0311921137698524,0.0848456790865334,0.0725995174306409,0.283337037767814,0.0869029772948981,0.0633473164140989,0.0840981142472785,-0.111949295717302,-0.0767540312058683,0.140339621286951,0.271461760507955,0.0550672435554959,-0.0264795811208421,-0.0632512587129275,0.20720085510381,0.30620674076103,0.00951358943091085,0.0232808260627379,-0.0513894710052433,0.104424015723609,0.277833421009566,0.110236225935033,0.365078620475837,0.0222904121902374,0.141586734870328,0.0404570355133388,0.299853063445268,0.0172422641851783,0.367025383735016,0.30045179131737,0.19422496840239,0.178013180777611,0.225005652237476,-0.0999627249260204,0.0732252678496871,-0.110747322538793,0.235637302796696,0.306918468769409,0.0105001133196579,0.345871183054127,0.12135249358288,-0.0163304169926943,-0.0193328914990947,0.0195221821591203,0.0192045501855514,0.13870219423777,0.078950856095995,0.105063152353799,0.0850338565882751,0.124994740393836,-0.045796810914101,0.0516623384402225,0.155368666256054,0.165476820633212,0.154990402053127,0.347296678642952,-0.160362491256538,0.105598505465173,0.0234465233498939,0.31840852684264,0.266154205553371,0.183770531332869,0.114469068719719,-0.0311944874524571,0.0634394523577913,-0.0570480157299451,0.156651312608448,0.012857915980793,-0.144130805408076,-0.0224663668840817,0.150831225117485,-0.0148456201568067,-0.21993763556986,0.384034076700322,0.199803494740756
1100,0.0920488339439323,0.198655776689981,0.225385808777292,0.263592174703956,0.215900867973812,0.200576963748832,-0.00688182450863625,0.179568078258568,0.219973629344486,0.398609542280015,0.209100785420667,0.245833557913036,0.139679683766847,0.196107258711001,0.129390311640604,0.00479215013054549,0.214884353551958,0.162225562416867,0.227848327067314,-0.0721048191364151,-0.0159962747608083,0.134096291933139,0.28646002766517,0.0152292342094394,0.170284576144603,0.0739909868187249,0.161050550966341,0.036182715718621,0.32898854395856,0.0858067619898412,0.220480798818113,0.0379930484210556,-0.0952437418978128,0.0783281317758869,0.152098427864461,0.128178312313034,0.291500757398783,-0.0482720793928861,0.0967953970794005,0.240061559557064,0.232230368314177,0.0691609387562706,0.0165496911646469,0.000245958868718449,0.137510354322091,0.326475307287318,0.126347389330683,0.204749393086175,0.17973708617646,0.335973934720284,0.230094611841106,0.220603116563989,-0.125012618503715,0.283069672414535,0.51113850593326,0.0759438598983905,0.248808196708558,0.305848375749546,0.077305270068817,0.0119852518511978,0.0485428821075295,0.390494970739008,0.319679396946923,0.176524258881709,0.270553839956814,0.195365137626785,0.00655202745616074,0.0312093581498734,0.0905210532297951,-0.0270275465130559,0.274248584552038,0.0577293038416098,0.0103839398413908,0.174173401501244,0.176979188378288,0.0685565830032025,0.117754301944205,0.0656190949059356,0.236924756916263,0.150505291235134,0.490820152958033,0.0393150099678127,-0.00887899660415745,-0.0294862381533167,0.296373619727642,0.297222330804013,0.131284336193965,0.023476520532816,0.0738304092198457,0.187139160158335,0.0437598152313746,0.127559549340592,0.0241354082341799,-0.0184915472652487,0.00386225230004178,0.171882372207942,0.106513249123197,-0.09423775338635,0.307389410949343,0.158210600043428
1200,0.18642677301803,0.140586315419864,0.309072056373755,0.452446626271459,0.322555214544696,0.215060293645972,-0.0727948916237591,0.291145927453633,0.340164670064457,0.342184566800834,0.277727711599431,0.436967241169089,0.187424682944153,0.260805078762665,0.190829747400559,0.0628156429426654,0.410077282375662,0.19372280154746,0.242041058380491,0.00913125549842578,0.0906914265551402,0.2075974458625,0.350364430870457,0.287032652572879,0.171429097998592,0.211485998597357,0.268610843925094,0.294929839872622,0.319697533178869,0.173677952039173,0.298368022326924,0.0388246236863471,-0.0392508011792817,0.285237120992865,0.195740876702504,0.152760899771109,0.293143150840528,0.0184203565614049,0.192615095080163,0.157603033472314,0.277696964679999,0.00584593353761714,0.100158531829986,0.149329192381387,0.1964206319622,0.327964513128777,0.164104598076246,0.224283942174927,0.19927315204422,0.467653317924423,0.140220722578925,0.161896618066701,0.100720256200298,0.240171250621183,0.500461778399832,-0.0705286259665576,0.342399206608471,0.372599051840396,0.112926647047075,0.170529167207564,0.0928478069245581,0.3366282358193,0.418185498971186,0.254794227084376,0.344460757406754,0.244423616549936,0.0992941231559738,0.174313555873836,0.240726906718692,0.0840444936222812,0.273086270198628,0.123031365686834,0.172797111185286,0.247005636277243,0.368317961772998,0.15062817588205,0.052496267277292,0.215981716444426,0.243548904766806,0.181906917677451,0.618459920060646,0.236746002984059,0.0851850156229441,0.0473085289444838,0.393964310734693,0.179265668937297,0.193056664077976,0.151961306412436,0.109478428671028,0.303194695377581,0.121228430081162,0.00684609778939146,0.193787872820327,0.109828843592691,0.195152811728392,0.282152559067121,0.201238738184524,-0.0453227904046732,0.238275848622069,0.240408701799818
1300,0.212297494728797,0.25515921159725,0.389540207899039,0.29812273975034,0.265298997324248,0.328344810429182,0.00022595317193333,0.284175763713866,0.388791845567383,0.289565661121135,0.256756711583201,0.349014844406176,0.295259030282249,0.431580693659271,0.147885045224612,0.323660025945963,0.342637538973037,0.226996269634897,0.26048255966104,0.163899027606097,0.24573540087753,0.215170075460786,0.273321698380898,0.369990757786513,0.0654980789153819,0.150963188338032,0.260695983018017,0.30092751493561,0.36339892261807,0.172156031014791,0.343323035732269,0.16030679123139,0.24891050805948,0.243427303425529,0.279705311185638,0.25301636157802,0.31106069511609,0.149948052594837,0.192101177083408,0.14582820524873,0.289463538481653,0.280818360246847,-0.0845938047246385,0.141901318009795,0.103727188994237,0.220543914000396,0.22335842314019,0.461551783516535,0.207005090495316,0.314895211388208,0.110856201116318,0.0712881957710305,0.238667121889775,0.271610402284812,0.363916068299894,0.0800082942596539,0.360499215541197,0.278448063042138,0.178278776503536,0.142407778102517,-0.0213128046686933,0.247923161465144,0.402892181220826,0.305950375667024,0.346250272468623,0.260457846785194,0.043552713760279,0.155673310843382,0.353434800657484,0.221608350163406,0.194682716079949,0.225260723301226,0.142352426832498,0.269252769656009,0.380792342674352,0.221391662316043,0.157552102241165,0.296785274600506,0.213412875472035,0.214137984870517,0.485154316884949,0.207270507292241,0.0733572013170699,0.0662531421932492,0.419814743841047,0.288261875593843,0.160376320810045,0.212226049737499,0.231100975307976,0.328854538620524,0.167494223779587,0.181657468774346,0.194282462666576,0.104488413850988,0.336937143127521,0.284632471355504,0.14448580452931,0.0639304355516075,0.261146502684504,0.210078072954862
1400,0.113347852058367,0.212946196371123,0.271613648470745,0.171916819542223,0.297343119819546,0.266491127784659,0.0402222089593569,0.254859853261932,0.354532904978046,0.31756609425993,0.249969074138912,0.328320814089623,0.254416334535703,0.288105339425271,0.00225276037697147,0.389325222750446,0.275744034755919,0.140867073094709,0.346201852443639,0.243960843828601,0.313070073738628,0.0384240186100181,0.218833681350015,0.324161849752663,0.091319665964127,0.183788317079451,0.302321030812967,0.101744409822783,0.245373240560903,0.194321354919397,0.111363627480675,0.0952979562417497,0.177927205891547,0.118121494568715,0.335601468827463,0.14630264884742,0.252281636458414,0.168267607165323,0.279121664935408,0.107617188969574,0.307719962271716,0.213545980772798,-0.039161182417599,0.171295365970939,0.165398241475071,0.24751347420038,0.339883328919016,0.285427144639931,0.0905312071958478,0.208196474482568,0.21578128451766,0.0419556908460189,0.25597002270558,0.173282705116573,0.232028879979465,0.0828386600148875,0.450318954385352,0.161298690249281,0.168807859028141,0.0596179798131729,-0.0646413321382507,0.155157706000719,0.32771705973855,0.364597208446097,0.226734844425161,0.151431675205765,0.0368756797496637,0.19490685499312,0.23910049942639,0.0517026461639527,0.18141853473619,0.270625373346246,0.116929317334868,0.235524428919629,0.253294136733868,0.211288856101521,0.181399590203225,0.258343473503234,0.060100897760644,0.081314636354551,0.299125160273103,0.133725044396394,0.117803206714828,0.00255481329997401,0.249673841142236,0.295012043115909,0.151954758412717,0.123776955399249,0.0190904677245719,0.330593793052244,0.0965432877148609,0.0667887963633101,0.303552868975284,0.1083325899206,0.289402132827645,0.279439686289993,0.0805769182636181,0.0735129334906223,0.274507509221251,0.214597522094805
1500,0.0618257169896832,0.144372754521038,0.220094893168431,0.180576324433995,0.131180190681064,0.224532406580522,-0.0759898653929374,0.19211377195017,0.233351821812968,0.203617819830738,0.164374782883294,0.204549283507018,0.155005698927303,0.116659881720951,0.0232717670380259,0.363226196558738,0.283439756255324,0.145464336579715,0.380873399986093,0.162362740568681,0.228451626668473,-0.0166264374867646,0.15540649064226,0.237794776231161,-0.00121969998569402,0.0217049314205917,0.198416865625551,0.0201355826379822,0.0877723844653211,0.217981201551793,0.161621061563282,0.0923335735760537,0.122274789126874,0.127155010826836,0.338043990358698,0.0137989606225545,0.301345868223556,0.0607440204082065,0.162636210288668,0.154415226047403,0.374268911865829,0.088113046195654,-0.00337562139189637,0.171011136730551,0.181218456015721,0.215107101293911,0.363921595852854,0.123711820292512,0.0830676426657449,0.193395199488152,0.242953237168297,0.115049670961207,0.253694113557032,0.171361355474173,0.238350803199229,0.0452594397288467,0.380879549305166,0.251632827996076,0.187716727191808,0.233173045837444,-0.0727577220858058,0.166589611284726,0.190951722284573,0.352303520046836,0.184645432730201,0.0695667561258881,-0.0977541432366203,0.278497649472175,0.172848747494804,0.117218897295249,0.00927437166679276,0.104541679031075,0.154564406819785,0.291570703499462,0.0817867723422124,0.139013907568676,0.141689801820358,0.246325583658351,0.0325877626065525,0.188008384887664,0.324949347432298,0.138916104356539,0.136009229726126,0.128831311320987,0.198762758101631,0.32399979662565,0.187119545101368,0.0521043904378444,-0.0206039782861537,0.305935040662552,0.0665265877275725,0.162661594293399,0.27911263684752,0.162148277852875,0.320677483720812,0.184933403777566,0.0360135127990582,0.179842702469867,0.232814815216433,0.550518714439883
1600,0.0610707410397371,0.172610692596407,0.164187194094223,0.113019369678512,0.0610587667787239,0.226488377143358,-0.0355536627525096,0.211828255175208,0.318380628841277,0.18506246637562,0.238002226371281,0.158205143435435,0.0605537669876852,0.117409863726297,0.0415760917316259,0.401764079797902,0.313846565831902,0.101319052965598,0.41025036774377,0.124747580133401,0.178515432719713,-0.0543567634668193,0.259876337771085,0.265176981285105,0.110462256774343,-0.019920882353887,0.222598216753755,0.0772447096753408,0.0387811306740462,0.242647677646127,0.228790120943826,0.164139647992675,0.214488542953382,0.164373374080686,0.270915590230182,0.0710021093568153,0.33954024817485,0.272872958197278,0.257675309759556,0.128610820682127,0.118372310612,0.0979704181873704,0.205253526745496,0.131697508182441,0.0299032451821016,0.218046057573239,0.265927050542844,0.151587046357303,0.120021101813448,0.318545204253044,0.182566764239028,-0.0135547809293491,0.205541537038883,0.230743706185174,0.191757291055281,0.0421493827972766,0.189034801294465,0.171801255064789,0.27054515065494,0.226171918018211,-0.0857354989550055,0.261198735348072,0.166023733145507,0.312864552094049,0.222550087153033,0.143795513290546,0.0347012592552295,0.26657270368782,0.0953744249390968,0.0275674938718339,0.0661535382907471,0.137061671310189,0.0153421468226779,0.29255778539977,0.230411572936436,0.167722087517641,0.304818460951073,0.331056164497493,0.138572223126293,0.216136436636454,0.197562022971653,0.196607237186147,0.170076747213375,0.140814710123639,0.200287586529265,0.155428573189566,0.290183611754936,0.0894735349232721,0.138683903870297,0.223080391845616,0.164224157821718,0.0442326329403484,0.129975201185129,0.197141747678258,0.421238324736316,0.208557029834305,0.0814643284539176,0.0814947887515212,0.201329193022421,0.421112517009638
1700,0.0909794775522071,0.0649881559589452,0.0777575663147253,0.146893719962729,0.129063421626785,0.121702929076965,0.0679547814467295,0.228912641687551,0.365891313502822,0.223176772755569,0.214008705567884,0.0540698790348785,0.0817811288684126,0.0440172915622394,0.149784653559811,0.462566404699921,0.186024999000927,0.314953671504549,0.368059932534205,0.220418609369931,0.147812353183383,0.0084854793916837,0.21104737807381,0.24992816633015,0.0936853156030752,-0.00695215813860012,0.14989185884528,0.0823061317822554,0.00924301684639928,0.218589247198597,0.141261021719597,0.213502173220419,0.275792967339679,-0.00050843945430093,0.241157838564682,0.108293925837082,0.322451909331665,0.268126352831255,0.439817514973887,-0.0322475657581549,0.0706095260912152,0.0663685675828757,0.0668257014942427,0.198714923007793,0.15147276384485,0.200958181329052,0.25381580483689,0.07417892490627,0.157907242880088,0.275691376180573,0.214608790847542,0.0200698803426171,0.136071199432359,0.318738308486351,0.177657631090126,0.0970166138668885,0.163569133504897,0.112906226153657,0.206880695758036,0.144631309966196,0.0378940713059188,0.3296931864255,0.174451717828791,0.32229552341338,0.240793279564773,0.1598656236673,0.0679147017070432,0.200704212534106,0.146591608211925,0.0474230949533612,0.201519225653126,0.158126602199168,0.0223335613160944,0.298461651266701,0.227927840469451,0.133246057545989,0.405627414241293,0.360749796518576,0.0825839163507432,0.00396349560684095,0.173460663080937,0.187036751733779,0.144619460959003,0.19312028081112,0.322837753383619,0.0238519758959046,0.064928315116334,0.116112302873739,0.0901082086010858,0.189660232049686,0.200809746579684,0.13633805248045,0.219740466620038,0.287834486196193,0.408398151317597,0.188190694646721,0.171726503507247,0.156364199427928,0.293648606455374,0.320220876277194
1800,0.171046453205565,0.0819984892081436,0.238518598251957,0.14778670242205,0.240712637683548,0.090819671799948,0.0611169039013906,0.296001931479726,0.270991027689273,0.133280713486807,0.219620501560984,0.25310370353085,0.247034917517555,0.00997148296730391,0.149467587792889,0.341121683102154,0.197128252174192,0.250558792502381,0.234325491055527,0.107623491212685,0.13683627113866,0.171747649478187,0.25206587994271,0.142535230585688,0.231197172857446,0.122770228077184,0.256911603914626,0.0963855971012234,-0.00461172318988223,0.155150211850092,0.175961247843201,0.362736295370185,0.179129229628094,0.0619932891834525,0.308455730766003,0.102812681446405,0.260945082140557,0.173182087326258,0.363380719510563,0.157085704667294,0.185956151408227,0.204544692076564,0.0933856591399389,0.112774309815069,0.219124411962395,0.174803803520943,0.179064467841771,0.244258934473284,0.207906873058093,0.318321226466242,0.296042889850888,0.126692500079856,0.117268534421564,0.225678739046996,0.161951350057564,0.196601298867022,0.10971029128874,0.198053090411828,0.348979342559901,0.174000720843742,0.276143456180703,0.210431184917636,0.161405412123767,0.315577337567772,0.21092277450379,0.257742470177095,0.0936381824382574,0.344524852829608,0.0622647147203318,0.173299452998367,0.17068635746608,0.291682388081502,0.0373917418971413,0.2591812489086,0.325276369768269,0.0613065165385837,0.469917154125525,0.336140946903925,0.362779653033517,0.125628739621,0.156648108587432,0.210106144354444,0.0983340573636705,0.358064426452229,0.230382901852681,0.0895189161114233,0.132405831528446,0.236814898013468,0.0631553264730659,0.262996162050721,0.227812030666384,0.312211016321568,0.239364318308893,0.32614493702789,0.221526504865896,0.174643115800163,0.230696922676212,0.297352773672641,0.300418492892585,0.348573563485284
1900,-0.0187040754770223,0.0764973107763833,0.243497567005559,0.168204812663797,0.223756262959774,0.153139289299532,0.0638521103620252,0.201005962820021,0.29527795413231,0.0895529294195511,0.2150971414514,0.168581379905592,0.199002433323249,0.073693757366538,0.0810630888436317,0.106886268618076,0.168862417730259,0.238936505660719,0.128695440425302,0.106735901125963,0.0713269378287231,0.0992278433696429,0.232632666470609,0.236333557807208,0.230924836845324,0.107902111216384,0.302550420057857,-0.0753217301434436,0.0186606400942944,0.181421117741508,0.0776207914417734,0.269613853206168,0.14171075978033,0.0910051908455647,0.314632221869524,0.0528834035777304,0.179353161300713,0.215081659033373,0.309716609173546,0.372857303303412,0.253325910437172,0.223070667986032,0.179216586497895,0.192069015265417,0.0314765075987896,0.135416475759476,0.259198485216443,0.292859496550826,0.0978136790627208,0.22049757845052,0.210534578111498,0.10152762258918,0.180980312897749,0.231129772171013,0.143930340393182,0.0985138776792071,0.0941760159449691,0.127426384573288,0.205073614916554,0.112805187305256,0.276055323303782,0.152306136787782,0.203042785635055,0.0972445290709426,0.107923257691684,0.160018235317393,0.0843895465567932,0.267961038912333,-0.00849936973169202,0.191216550222255,0.31100061714517,0.176080065789106,0.121892867736996,0.245432582487991,0.320815587186399,0.0740354674617681,0.381730981534484,0.0693690511366231,0.291096654672572,0.0025463399671819,0.0924585489056899,0.0629958058140591,0.219478840511738,0.228221112003447,0.210811517695061,0.0469318585824202,0.291519033770316,0.315644658076999,0.0698753732944384,0.174980408258287,0.0439688202738312,0.229962369005492,0.151550403832765,0.272661406900917,0.114240868544655,0.143127169894915,0.227575647266666,0.336228098256033,0.297614647062614,0.362444868126737
2000,-0.114390359422909,0.17234223872879,0.0646059236816431,0.0912721994697393,0.0962629316696317,0.0961076215798021,0.105610051580188,0.225352529375135,0.251898311809533,0.0824949706543881,0.181759133341847,0.209675112481072,0.23254825961003,0.0708744249936877,0.0345240138719715,0.0989774938972824,0.21430727581411,0.215579763721851,0.221290706687031,-0.0135004835308815,0.141722071473144,0.0298818988418149,0.266457207966399,0.130787313960028,0.21829344768627,0.143400729378633,0.332311983036592,0.0144106351020246,0.11786226062197,0.229491263079828,0.132720623098404,0.242619895613323,0.156079413779404,0.0942191697879524,0.222309420979653,-0.0205632303807225,0.19347825340777,0.205371270360878,0.297130177427657,0.460949048856008,0.21057308404964,0.286009844312523,0.306793132800222,0.208879306950286,-0.198912497762812,0.0094319276160916,0.200058459157058,0.276412614810339,0.0887088802465803,0.417182999302292,0.157759029336617,0.173874260935183,0.212384417124878,0.248568999659967,0.181022324909832,0.0554619397484095,0.230179962164402,0.0869712429876908,0.132265049553497,0.0585128948278808,0.180863934492631,0.262324597914845,0.265803583873659,0.137008977454046,0.0435607703696767,0.184938594529848,0.260675622906432,0.219889737122115,0.0735833128623269,-0.00839303332158509,0.26819480668702,0.142468748804103,0.145336395778399,0.267006221254778,0.236630745194382,0.194166495074102,0.245894631431233,0.00763513342428956,0.2049959730291,0.1035648547333,0.0510997476767622,0.109899514865767,0.179484553532457,0.191049503347383,0.10486093859128,0.00737682339561688,0.234897686558462,0.146699892772136,0.0802867081183089,0.117051885186606,0.143267464529897,0.0855211804848385,0.0917637762218376,0.287765582804215,0.154517512256468,0.248006635584127,0.1524651653513,0.275393457221862,0.17580060709135,0.360592712621679
2100,0.0668403192728289,0.258184381869452,0.146600973205738,0.108225675674114,-0.0348410444731803,0.324204321929428,0.080985088076339,0.337631499696911,0.121935791786753,0.153674855070226,0.354770492014436,0.139461524073582,0.323591044989936,0.0547837865292522,0.0847740748580703,0.157713844600625,0.263135369489854,0.128411991297198,0.256895095132699,0.0767561334925629,0.220675348395629,0.244679008211875,0.405859918581959,0.254509254478873,0.170706792533544,0.208434612953622,0.289768308385137,0.160944341294587,0.10807585602198,0.0717023449383451,0.201592188782319,0.182287796562428,0.39000249883681,0.0309816071647679,0.263913411731112,0.0430561565538538,0.274859012865701,0.190551856304341,0.184451918169414,0.392323070436096,0.120222154681006,0.281341747600361,0.351543936148025,0.144070464900046,-0.134799599490693,0.0767062654056025,0.066185985112956,0.22011312953761,0.181245367092164,0.38901997192692,0.153445114821377,0.226577127516967,0.199503163807554,0.231387186611578,0.259392704476222,0.067441184796726,0.28252736378377,0.238678723716961,0.0842713542332759,0.154923684495629,0.181032637322911,0.375208068512657,0.338291435872361,0.261540053087767,0.19933009133481,0.294254449512924,0.315913951610206,0.176181566993425,0.15459537092889,0.0519012662199647,0.229501082772575,0.221606159220753,0.0643083390935514,0.38729403983017,0.306713014768275,0.123848010111858,0.430443559198675,0.0345027371467778,0.132708067903066,0.136015860617208,0.140571598613801,0.117339769037827,0.149027233020886,0.188569463791245,0.0480717307051629,0.0956374688406742,0.352173824447358,0.269053099129757,0.197792367268009,0.123465173506596,0.270940886504589,0.0979240418644499,0.228880467581209,0.357984100486082,0.159555620876723,0.27930401144364,0.266797231700212,0.346795512073107,0.215952336395691,0.325704110628595
2200,0.149451998337681,0.280680064203694,0.184103187547429,-0.0619623856429291,0.119397550000068,0.385608199686982,0.0484094896143243,0.353866657146,0.225281901029364,0.191482090631939,0.364366875790001,0.151256427641383,0.361353559108509,0.118007241993728,0.145908404347897,0.290825052591058,0.196430781676059,0.0679343877185468,0.162826093196686,0.111159758665497,0.233394993314896,0.15543288327894,0.400257010150493,0.33770239391263,0.297769189407537,0.317020116877616,0.260383783063751,0.237130411833511,0.107046131981826,0.0954644918509318,0.187254874821582,0.224950769116901,0.402161598879589,0.186874559884819,0.301420465946318,-0.00190059296511211,0.272083022048744,0.16626446664955,0.127387108374796,0.411768133985184,0.0840284687402864,0.315303391924281,0.353490958707896,0.250028073170679,-0.0865793094132054,0.19166544573213,0.127358042197342,0.0953610933200984,0.182665036444456,0.268721971133524,0.316094715271978,0.207003891665258,0.304567682738649,0.265311174598507,0.426432041882768,0.0747973876598025,0.401528922679723,0.174150573938168,0.0937842872900825,0.349908485910848,0.169848632020089,0.427429501828358,0.353465659974472,0.406740115173994,0.155156429667344,0.226882231093946,0.277100235688707,0.274030658667326,0.234131784490555,0.178119608398688,0.254972430194892,0.155551541775309,0.011144806010465,0.368556600550817,0.30580372585718,0.13566739310341,0.487189015303038,0.00315035878394432,0.270446307415882,0.107290227469571,0.0118558526058792,0.29290624004981,0.212162830093318,0.214457982271614,0.21664152410494,0.261116460131356,0.278492728342734,0.231891467524323,0.206357572664165,0.130614505622449,0.321675322085415,0.294441643448969,0.124267412109804,0.416488962102988,0.174260185130467,0.23595841259809,0.217017755487715,0.355969645104649,0.201268372039529,0.365744297928711
2300,0.279740543643094,0.326748989141532,0.275901958224693,0.0209782831211773,0.176738057526351,0.399820146167179,-9.75898719341173e-05,0.350117626819062,0.406890789565059,0.282468533391905,0.191288331584522,0.125765948813506,0.481485122716952,0.150505018819813,0.231960235364634,0.420480701818236,0.251211207759258,0.344766846405644,0.212165913913772,0.165841713384616,0.444740435839146,0.2417277778312,0.474486970491909,0.294549151846794,0.26344751631535,0.324795618201439,0.298587473608761,0.136535219492959,0.238956671705128,0.258286013628816,0.300790783897429,0.287461304816881,0.23694611197669,0.196155966992931,0.373756042206745,0.158620724094278,0.485175893187616,0.348120006750913,0.125592805526856,0.353927949840483,0.12713766625871,0.325440721705111,0.369303738084591,0.430866536253719,0.0887128835204597,0.19466512952266,0.232757266280379,0.315913396314438,0.23078689191076,0.344164437365694,0.478446436987889,0.402725360104823,0.310862684443946,0.307127717950085,0.369094276069435,0.130108259192016,0.409727271844592,0.289293541480924,0.0605883403685092,0.357825736260723,0.221450605749082,0.409181845952968,0.285256695047069,0.279812336279151,0.200998056750096,0.208860250898839,0.267689779998994,0.237537093838364,0.204560819699623,0.356149640541099,0.194811773789068,0.169958738762244,-0.0490664756852816,0.348190243051068,0.436688869020373,0.0727530835154886,0.29832284696043,0.0971754327764832,0.298140109352288,0.17032967272546,0.0583917851732359,0.48520996796864,0.287299233204084,0.246761517544693,0.327374516688678,0.250680529128295,0.18955919233766,0.38680918594249,0.120827133966489,0.154636784886516,0.315539888093413,0.284112562181949,0.229039686051009,0.348999112630605,0.239895282961178,0.317113756203966,0.242527896720552,0.441426669903456,0.198220362510447,0.288652747227731
2400,0.34074899700646,0.237837094265526,0.358341405744714,-0.0305814168205496,0.129755710500206,0.464511198658935,0.105364586147451,0.297611073969785,0.306088994712504,0.133225747811702,0.177368891053583,0.209367797586551,0.57638311374415,0.102473699814259,0.290617467883261,0.210712822570426,0.198334307963226,0.483574030039974,0.3722536369675,0.205861399864101,0.412688893266997,0.281787229836572,0.440080973475108,0.284315528696416,0.336518460960092,0.23077347968388,0.311952762297073,0.219707955861119,0.174458580950032,0.307825282247892,0.36963574631085,0.350577478204235,0.300964187847693,0.14673082079425,0.423650781820099,0.234327792256372,0.490385353554601,0.306222270613997,0.213818331523991,0.454453692445061,0.236278832033059,0.245697466870053,0.304550623503254,0.379221834612693,0.240827364939833,0.145896575361208,0.215465265300288,0.211161260274622,0.254268297095719,0.249459974214924,0.537378190055947,0.310861013593633,0.195069460504425,0.233068190871956,0.291347501465459,0.215990124962097,0.388513557198792,0.284539002639976,0.171424166345273,0.222317906603066,0.246564296067721,0.496818235305209,0.310896642475704,0.276102360675796,0.25457491570609,0.290126996001483,0.276743611470363,0.123882959569269,0.274868191020913,0.367566119716587,0.28538173117004,0.169071256571761,-0.0110348628609287,0.200538380100511,0.299288302806259,0.104089305552976,0.416481748291832,0.223170452097638,0.318989367820316,0.252987366827115,0.0889268873443995,0.476427858449147,0.234223393303546,0.263916979328192,0.333296108649938,0.220469017753225,0.160426550047139,0.271804770978404,0.168450068793213,0.136614349382757,0.320924298350125,0.298627645270558,0.312964787730835,0.329685366468336,0.285282433339132,0.293748970644905,0.146788167020637,0.270001166009803,0.251834933280232,0.170091875007627
2500,0.2848423274823,0.278702007176393,0.419614841696228,0.23725796491318,0.281773220516275,0.45738816084029,0.252122455819092,0.315210547991852,0.31277672531342,0.23261250580682,0.19427343637408,0.252841397973715,0.561332029195375,0.165292727591442,0.32125849882643,0.183854467249844,0.19159235855462,0.502512237393059,0.31318194759799,0.405627838733136,0.19805885147347,0.357617830795026,0.419754892017008,0.173695009463502,0.3243848647996,0.304269486702974,0.266688732499457,0.344781460023234,0.188971835255073,0.452717464616257,0.504021771475593,0.275295816201917,0.228195183629063,0.177217522657081,0.342842259389735,0.288573571732998,0.378224607731916,0.407207061462783,0.302243037268788,0.475291088429599,0.339882261161357,0.399174371706352,0.358881495627835,0.202515355798084,0.228828196237816,0.17863605056746,0.233935575414785,0.205676956146473,0.129401914818762,0.257150227426085,0.447222002748698,0.311228740634518,0.145060866907637,0.275191951461522,0.292561985772295,0.328976123705767,0.404499571407798,0.467134385524524,0.268692038896863,0.243189166068563,0.429908652648257,0.397675133919224,0.286540950524906,0.203739962744938,0.306584522644352,0.309282263018315,0.244815551082449,0.0540702844608458,0.359734760659893,0.302098629912069,0.366359176656935,0.166032503279919,0.04656200626088,0.225305257459979,0.196234137800345,0.11973860339167,0.347509554110111,0.161891646772579,0.352049251604176,0.215161619499182,0.240735802750279,0.411327153451427,0.306845969608653,0.276386957073534,0.390133452921949,0.114124859094675,0.17608587344748,0.282121360284631,0.24420135559604,0.124215411104652,0.404352240566733,0.368881354653823,0.274754004821901,0.443842805669706,0.302004635977663,0.281883504242773,0.202808953155919,0.282285253917131,0.285042521754495,0.231953522816076
2600,0.364382854314056,0.157247014853064,0.408314574754729,0.205057821287082,0.16211430117015,0.36398638585624,0.16141647363281,0.350669989853435,0.339892004041912,0.162230444216536,0.348074821149112,0.299907330331912,0.435854205854646,0.247985909736721,0.451231738403347,0.183548918811491,0.284490282117686,0.474439078712269,0.330052638451717,0.248817220942433,0.190970388420182,0.499566070174653,0.240367109782306,0.099497582130984,0.43260579195328,0.254380269316286,0.22397364044158,0.287568414278759,0.274573760545275,0.354186112323406,0.471666670993153,0.484740289810962,0.168404233910153,0.119940504241772,0.2929375666103,0.270499855715431,0.317604658587753,0.376915131606496,0.208552754483989,0.419841132086767,0.342512056896531,0.452890284010939,0.157412340902408,0.122614982358059,0.227867994065181,0.216625042666321,0.303926064214854,0.23959663655727,0.0543596240520076,0.152383435014071,0.322933413960095,0.350973765620712,0.261209048366676,0.407703180602817,0.251514384384285,0.280179769895398,0.30217038269319,0.548494781688177,0.132303660683437,0.220060546538861,0.471030710614824,0.321836313508719,0.277745844382431,0.0805083054963171,0.302193629108115,0.193117893332826,0.344513995719527,0.0884094241177684,0.0922771271400343,0.29400889411211,0.42880691586562,0.134912229790129,0.20456711661836,0.1463923361483,0.280750531912414,0.199308145674926,0.480418052962632,0.178119185677999,0.454862932301846,0.279445304849552,0.287350532804864,0.386697208147729,0.25307368486557,0.23355167530885,0.30659031893549,0.332973340126685,0.173391122409608,0.241960952463434,0.197987243157895,0.117462628917506,0.233660102523549,0.412788086378923,0.395618550481936,0.446890634090383,0.201740311569132,0.355145366473625,0.186690892966188,0.404251414730234,0.331541077979029,0.204590221845313
2700,0.383737749531269,0.180707413033613,0.420686651737253,0.0833262011792809,0.188762131955917,0.297102891971762,0.139312306643997,0.358794701238994,0.234837882081668,0.110221150707787,0.308697692292123,0.491658658925736,0.403109671306201,0.328161727152445,0.4202589845145,0.175039050010877,0.270102550343656,0.399413159024291,0.288247177618805,0.259601306375169,0.162930482127883,0.465242941253047,0.336110468501992,0.133913193992542,0.410640417585978,0.284192391922173,0.277129841321511,0.405364499145593,0.337666058851973,0.34504327742337,0.561027615269305,0.382377095212623,0.129213253152024,0.0483252796666339,0.285257325707029,0.422609449419791,0.363163912229835,0.342314179973407,0.268223522886035,0.503097911483726,0.213688408002917,0.405866852595198,0.179878763764802,0.231651366131631,0.26094266656052,0.219804305505025,0.352135931889276,0.27424672310951,0.208291178733282,0.213262343984985,0.269132438711497,0.37914187954739,0.355880385678204,0.297887973636566,0.340775390689684,0.175611239148439,0.271756740970601,0.48708023492344,0.193989240626602,0.361212346377154,0.281386452341857,0.293640833395604,0.237965390877998,0.142404254321179,0.337282034139756,0.233403501425929,0.326774933293573,0.254779510301395,0.146912438930151,0.311062573852192,0.403414316095089,0.0594739352287972,0.32149612333872,0.179637991871085,0.389791164628401,0.20954470141707,0.465625858156936,0.199171076157962,0.412616474612417,0.242847904686367,0.346833895999251,0.454130546506459,0.377265403088848,0.282996326988523,0.315659555116753,0.205679725735735,0.245791295650765,0.298976278118712,0.325528174258031,0.283726916129368,0.214866349709202,0.408650570045583,0.254112251885131,0.372302756806658,0.171675442587783,0.180602840821592,0.323739343153595,0.3165206447629,0.328714624822067,0.310258274735207
2800,0.384140345481135,0.280464986647048,0.306531731245673,0.150266202803104,0.0694073834905182,0.334087946432935,0.212895765508546,0.278926070462717,0.368280301429741,0.188070162970011,0.308278445301669,0.347888065917812,0.402226716832108,0.351979139411253,0.412998180157658,0.212737327891948,0.338157590433976,0.334365588652215,0.333268147591272,0.283124788574705,0.170511593983854,0.422050911587406,0.477481642416825,0.192043748116394,0.352487609055933,0.442463992887106,0.41244524885696,0.336311660365228,0.254466188228318,0.330458111706601,0.452536196970753,0.363119285736021,0.15827148129224,0.0657770399093375,0.32947274155368,0.34405209448597,0.21034173396703,0.39166388918412,0.349663391389811,0.452077737303709,0.100446244516058,0.453784256452811,0.328668477723089,0.227029825377491,0.29214466492302,0.208481031893612,0.468617823289129,0.308411416092137,0.244831550086906,0.24522245123604,0.313250330530084,0.377218554215863,0.290143434549445,0.231934591575158,0.147875765562438,0.305362901590253,0.427497894228831,0.658447033242162,0.253617296986369,0.341919792687927,0.348113809610766,0.327402204841513,0.32115158372258,0.131993345018605,0.228136535962987,0.220054427922008,0.24001668682337,0.256506633964351,0.0946112580605076,0.294810612294305,0.337510969542788,0.30763664633943,0.348657702295414,0.319384246827061,0.319106039161064,0.336240466986446,0.483552924440978,0.355361646506794,0.307278116234287,0.303019304828313,0.265013551325774,0.500715099642669,0.417506133045468,0.28411770666372,0.368545105470501,0.206031995946196,0.160290749406142,0.405255740655502,0.215169452687342,0.411137575338426,0.341604981770172,0.364104643704805,0.24609952832292,0.264629866043159,0.273936799678152,0.0929913317815666,0.322207682187384,0.355056332589126,0.234237039376553,0.329094061178755
2900,0.352077472474875,0.4141130358449,0.450941775590592,0.180534724635812,0.146887875917461,0.383656698950604,0.219485224055005,0.160718088976547,0.371399280663408,0.15057493025623,0.292951806619181,0.445636652926347,0.384673214105045,0.185428560545317,0.518462838894376,0.123440578984285,0.323659880014705,0.187445172476875,0.360859862612618,0.331436546740619,0.255340043996737,0.382128003414265,0.399195991716876,0.199046605111952,0.311427141098243,0.532542502729311,0.394068415129237,0.269236653259913,0.208902773290571,0.277099967943846,0.347783510405613,0.394321554367296,0.122204544604302,0.134335803515146,0.159826303117879,0.186920108983713,0.309267405912641,0.378096047476571,0.436817595190066,0.436746227809777,0.220348131289322,0.324281161794599,0.425927701157619,0.248135990798972,0.32761526331639,0.252268537472045,0.469841592216726,0.47673062422557,0.132171115765712,0.238021943588131,0.273347313585114,0.357758352863775,0.2581171396435,0.161071800465262,0.167846413232446,0.303548433414772,0.425469779964564,0.620089543275136,0.269813501117394,0.289241269952915,0.479612279486293,0.2708979059675,0.405808868003322,0.152090205453098,0.241400662690564,0.156449850485428,0.380068108965861,0.260165443789462,0.184142967762958,0.301915234583809,0.22301526949613,0.295274035444203,0.26867536685312,0.425834640842322,0.313579690573325,0.295340500836078,0.566693928142601,0.355054612143802,0.370275738792022,0.347618691406888,0.142225182997886,0.44919494959341,0.350568272850374,0.31489627194662,0.320096016799822,0.223921717058007,0.324235067772434,0.257064422863698,0.175446585669168,0.435325037969093,0.185604579482143,0.354140383047975,0.318483646128803,0.367012951512979,0.275077183807467,-0.0204382131091032,0.414628128309274,0.398477724623703,0.394359136522126,0.32141830643287
3000,0.345545032178103,0.386882418839418,0.48427807656211,0.256411687730904,0.232007237047164,0.258290885099249,0.235804108517914,0.247725572639822,0.27693089506416,0.309366605856675,0.240989192158953,0.392830120800831,0.407239022547989,0.323203903413486,0.500726302558678,0.150806899682288,0.376301778780556,0.169353918072078,0.462831455621856,0.292590082801894,0.307301147895658,0.502902588273591,0.27830215151857,0.220612535527986,0.456766652762954,0.532604597109182,0.427726737511282,0.335080743006083,0.258609677839003,0.551696629218702,0.342673635275637,0.4924654430856,0.205558098674046,0.132549298514813,0.0980106296516448,0.176928130833624,0.438516702858,0.435782383637361,0.476264792381532,0.470878769094334,0.248793547943596,0.406744899872519,0.462647628485722,0.204848287842748,0.31859271101945,0.14221025433928,0.353669978004541,0.466847003048278,0.0969420531852338,0.276288638226736,0.225951435625375,0.342981616715742,0.237831538689976,0.166655611615469,0.124527763063998,0.506671066200064,0.417778924102082,0.59807222414077,0.339945031943314,0.378835295963853,0.427037348320852,0.367039317675314,0.46772091231438,0.252901084942877,0.179456804925122,0.154192183249311,0.377580346086605,0.258208213745151,0.137338086822947,0.254729891859017,0.219306352946843,0.329185248309032,0.310952716308746,0.358723777081622,0.383660276234779,0.373624122064121,0.443278206085929,0.266511401563787,0.325765921904803,0.392133658002514,0.262555293555617,0.377423613635402,0.375226815594847,0.243734543554426,0.393135018803488,0.275802772807564,0.23255749671331,0.183172247540482,0.170261725489511,0.422683617419733,0.161300295297194,0.343151303815931,0.371603775996912,0.212986522662613,0.296062027191096,0.0176135114051654,0.549318000913562,0.312860226916923,0.304404941710867,0.292501138699058
3100,0.356343921836783,0.447425809780987,0.495622604812075,0.249196435273951,0.375330468534714,0.231386446242632,0.209371129982028,0.27008089492886,0.226355492835105,0.370874637873992,0.295500786380654,0.186367836301616,0.413099285511962,0.195540122027989,0.339996233591696,0.229452481544849,0.303263851018497,0.232630212448201,0.405592346737349,0.430716510926326,0.273637256372858,0.47820314065517,0.282257240530181,0.183465169243088,0.671679301194888,0.593268987663975,0.491357629342402,0.435777861066596,0.366035985867956,0.393222668259625,0.329387995167084,0.448154091952714,0.302933938398646,0.389363885267441,0.106897542291732,0.369093600939251,0.405833073445893,0.455376173068856,0.365975022550124,0.421706441037624,0.187249927895941,0.46878988102537,0.32120303515891,0.273602697562928,0.263775863649814,0.297694444579042,0.282817861169928,0.298914477818723,0.273262003020372,0.307630392685391,0.341143953565942,0.457233930789546,0.328082370891961,0.274329410855156,0.135476257362659,0.488207790371455,0.512426804127796,0.469307837532713,0.408582912592808,0.199873905649933,0.459582384316113,0.429656808625848,0.456096723989234,0.39804472988575,0.219875720404385,0.406331817565716,0.281374804863374,0.18372985190348,0.150204599780813,0.282922631071425,0.123755630819788,0.301216267091286,0.250310208721736,0.286895975275131,0.415603943738081,0.393715990567954,0.353086365787398,0.345050743419818,0.314253828781495,0.421542180275182,0.15143533511174,0.293762269415111,0.410379723442001,0.342136648293021,0.454802305432987,0.299964926723827,0.203506512297813,0.380102400959635,0.16542776340382,0.475881737817383,0.283522785776634,0.184908086040007,0.378482162309369,0.238681764450131,0.304622535057629,0.0781658808947186,0.434440381692145,0.448254579907881,0.341208256251858,0.332799877534382
3200,0.48709712282115,0.288866372857781,0.529783990619487,0.140087192079263,0.377085556119922,0.292653465628728,0.278457010973211,0.180746949519505,0.231559494419595,0.396892165716965,0.200225188210128,0.25221613075847,0.302722677266789,0.169920129434404,0.344699519609232,0.250327380241582,0.15193461726291,0.278547161237119,0.233304988589302,0.395480819641426,0.234019257398844,0.39446247884453,0.35048710785561,0.197918786146272,0.625885531245519,0.54342348811753,0.438373320687296,0.449268054097656,0.387092409218855,0.343822296214844,0.424823322588937,0.473108295857139,0.394321479820187,0.428300166747299,0.0593268779050669,0.338894096749678,0.385229520486651,0.462448682179104,0.476306909659837,0.483618395696395,0.164295893323357,0.378595256042834,0.407763556722984,0.183833219574263,0.331565526959582,0.296739054777053,0.340681699552697,0.29909096100199,0.354743397287441,0.329058671459548,0.20304859630861,0.404159928326274,0.434121793458314,0.385829750595342,0.223904148037184,0.39015191567017,0.496840944486616,0.541024917498183,0.434223023040869,0.206426987962777,0.424199262905337,0.349764529512499,0.374635163664571,0.357650413419764,0.286530413339113,0.391138012759449,0.382685720759921,0.065514933975014,0.248087622655781,0.290186652580483,0.156391165394934,0.227769559280584,0.319397398369415,0.305915993109232,0.32701959992816,0.404770979082725,0.38519743035622,0.206870382349667,0.305285959077335,0.406377793496282,0.119177552015512,0.317817767160369,0.358708861400129,0.363675425625873,0.357731675359281,0.264775957001776,0.314727212633283,0.372920090541691,0.25569792342076,0.513732336470928,0.220875963112265,0.0635071170612505,0.471098106396039,0.301294018958339,0.276701714726807,0.0864246832437076,0.334801915156126,0.330185961526689,0.285811081123371,0.254112082490258
3300,0.492085230915321,0.225647802780934,0.55987216265694,0.113815547813112,0.469016748650601,0.339230956381696,0.245591224878766,0.15201377816774,0.239759366538484,0.461364170898417,0.310693050723843,0.253028432014951,0.271574969302739,0.0346138039418176,0.320219077310712,0.261417881451961,0.242496098492666,0.340188483703382,0.271195911942492,0.32425178446371,0.224437038937136,0.397177319235723,0.305417382031801,0.248287578077077,0.637150582768783,0.491369636168468,0.473298646826283,0.329977661051518,0.379481352826466,0.298089323715551,0.299923220969953,0.557347671897367,0.460049826212896,0.45334754249474,0.316527953450637,0.347341578567312,0.428500555325527,0.466868317400784,0.388785942360267,0.498763679396723,0.177621792053064,0.522284284397705,0.504708735636521,0.135653887520655,0.463106242379609,0.286071833103639,0.286769876688378,0.410293457252854,0.410385541968882,0.324901180305594,0.113800239722148,0.470557292617102,0.348892797026045,0.270219849676873,0.264339591953712,0.352955947585321,0.491355970552689,0.565081082677975,0.383519943697743,0.274349389798963,0.457970156350037,0.297687105672512,0.425936665712735,0.434639931829165,0.369587987954218,0.331046677540668,0.522718017434478,0.209236399711032,0.214874365669469,0.391319953646185,0.140215391542931,0.277513478645211,0.36659652079935,0.23986999075506,0.301311297245486,0.473366420018054,0.42416029072398,0.285215151255248,0.419691337963501,0.333936583727271,0.21522104266503,0.42311617180225,0.312576819659692,0.481021579455586,0.330833505351013,0.291636416005007,0.337360599101079,0.335830373991318,0.324021195831585,0.335138892465465,0.222136123813052,0.178597984466535,0.58718795658645,0.295589327829071,0.357948636938827,0.277658070495601,0.369424400119664,0.339945959087395,0.277944392244504,0.26749962816668
3400,0.569743070881062,0.301811620397429,0.527853456974219,0.312412733312809,0.402981615198835,0.424172368338423,0.299824663178164,0.30461642517144,0.18642353766999,0.39723898121638,0.325883378995632,0.2380328118499,0.343455797616313,0.0876420817883541,0.488908902301286,0.336388625153657,0.226284064535586,0.310225905329065,0.317932550585826,0.223518752165947,0.236247014452444,0.385040289257577,0.420262047726761,0.286923631493958,0.60071187272818,0.4276321366495,0.410887973192659,0.371798125393348,0.443255156639683,0.194510110707194,0.257178054877605,0.525330811819038,0.541266270121804,0.389140223824585,0.261085406529501,0.417416909771246,0.369456576055528,0.441305174272875,0.4337559702033,0.643089321850473,0.187081840903576,0.441189660937762,0.465577938837573,0.264966120512985,0.524298715069012,0.472195586597497,0.432624330155742,0.339208515028844,0.424474531278157,0.323121403914168,0.244005945897264,0.556992090957722,0.250808518714544,0.319553524615863,0.310126402135694,0.423986437646162,0.368390697138047,0.631332822923391,0.34226757132315,0.469106687542136,0.536295558563491,0.383363955279656,0.449203019425293,0.352007899508724,0.451419874840123,0.452116726868874,0.47456006927292,0.192781723859989,0.134003896758603,0.277342813165715,0.301440819179294,0.330877550503272,0.40553646924954,0.260261941248315,0.303581096518747,0.426218823623273,0.488053146240851,0.398421126838257,0.307451021545287,0.212878545322864,0.34901299590228,0.325037414355407,0.308512146200286,0.502521481944867,0.295819449943918,0.406039215244172,0.354969589965292,0.561556367538988,0.42934084265492,0.374255694644006,0.158405637869133,0.245958446043539,0.497891644217079,0.188400721235415,0.348828245458936,0.346476339552752,0.254914126117115,0.482652485953114,0.274475084504516,0.236185776992193
3500,0.558971292825905,0.36043583381385,0.585106856100311,0.319291601044168,0.51354453023785,0.322943433762255,0.376099252042137,0.372941644048373,0.16859130838552,0.503739060287601,0.337260020108916,0.390001166912363,0.531606703039721,0.321567144993054,0.424194251189848,0.458199497868901,0.314411343453927,0.411590349668797,0.352616136825258,0.226566385096315,0.175558501973307,0.391614392276367,0.457343140328793,0.381221909235948,0.586782410890825,0.541036689186737,0.411755207563716,0.292038944012087,0.476863712831858,0.187701392351051,0.314881614851382,0.456942299282804,0.52959808147892,0.336421454385146,0.276734563210537,0.430990563684477,0.414726420624861,0.503276004597144,0.412138096051977,0.624067381411894,0.347778590263744,0.351138350289028,0.402291854111847,0.393064471565255,0.408092423078812,0.508869060725264,0.481551620212107,0.287389747372084,0.511724441268177,0.471805446941434,0.336855972097712,0.496716480362858,0.241995975780354,0.336850632807451,0.378806001669235,0.469009715362195,0.281184965671363,0.569020758768562,0.537904919228641,0.44943866947743,0.540226693862992,0.35551061761021,0.343919874459795,0.35666208282874,0.437314884507482,0.408306671800865,0.387749411170287,0.283475716204991,0.216001894257472,0.193921285905019,0.339039750078074,0.376405405148052,0.408937720753561,0.330410953608982,0.325899917085686,0.41426757585536,0.416601726655356,0.453048927484445,0.28033624842162,0.387133454395676,0.298908338243144,0.436257591169766,0.324398776756996,0.467879623536832,0.251312651831395,0.379283602078506,0.339823343205943,0.557501015797595,0.426400443723243,0.380893357060758,0.144289756979067,0.387659342888017,0.458939065025103,0.186185495164996,0.260900986013338,0.3907507884373,0.201633623496888,0.477988162824465,0.292002165367109,0.240493994270021
3600,0.619088411278125,0.431879023070738,0.420056994362909,0.233583853055399,0.587540136848706,0.380186989334154,0.28575451514687,0.31534497867015,0.303158328511642,0.58299985298318,0.39811244791,0.449439451391366,0.406819234760998,0.372079055881638,0.448633468574067,0.54888160638087,0.338066399837781,0.353764533147314,0.408200148679806,0.254971999052664,0.176268469635511,0.346565095641053,0.509920959905219,0.369427480343928,0.53678678336545,0.50930389714456,0.51493219889052,0.380597673921324,0.48484379210209,0.210898729515407,0.344592918924474,0.440679129572677,0.51636893762946,0.361293920459549,0.502688865677991,0.474155715522826,0.424493088599188,0.460197823752327,0.384622660753714,0.461712143726517,0.296579802108759,0.350997654657663,0.674724084100113,0.365395720642385,0.506395857314716,0.450597713429242,0.567543348819437,0.279408909641421,0.488850408576393,0.382955448125485,0.459639578123002,0.499184207502612,0.215197919700282,0.309857164659379,0.259200547062552,0.385582464410233,0.373274361061088,0.558869409716701,0.486827809848515,0.474988451849739,0.583085641421811,0.516112594898221,0.456458413828236,0.337407890967346,0.52090744794926,0.480381816097445,0.347879543769599,0.36755539485344,0.389413537265434,0.214218988754304,0.449688187241141,0.41512930652899,0.328296579783558,0.286620458740424,0.283804635715555,0.441713145423399,0.488635143577182,0.451812798877087,0.292581352782011,0.502034563271015,0.372750686002197,0.516345560678746,0.533649902965257,0.370265442144203,0.260058753588523,0.562517284429216,0.278724229137788,0.540336189058238,0.312851895362852,0.516480214444492,0.236916407099653,0.349063939753364,0.463720222189965,0.173550878158015,0.42694768714899,0.405260701403326,0.229501886404543,0.464111878312219,0.458521760995242,0.205090087146634
3700,0.589500483114984,0.32114705166195,0.512363503401154,0.279365445247944,0.551265502410114,0.548886157895485,0.279961931659311,0.516802120674636,0.287125373136826,0.536969677061868,0.397970084325471,0.387191353267069,0.343123203393544,0.396829643095252,0.348964317867038,0.43615549263398,0.242728273958568,0.453577142152198,0.291500080809787,0.318119517855826,0.35219204712795,0.286256335056255,0.443648733166754,0.464844164812822,0.585460723501612,0.530963336888301,0.633102777258564,0.418258854208041,0.500646801381832,0.229236229353614,0.253471565813524,0.362881751125162,0.379776480325011,0.319260142977885,0.493932583595934,0.319304536403125,0.36698350959027,0.464359589605837,0.387242005765878,0.355196685739578,0.335318705799512,0.350179557168972,0.616822596268841,0.412149609957381,0.504589652043826,0.509652344692043,0.585368374514009,0.23812992230341,0.51882114363417,0.291755601690937,0.520436522105037,0.573164897859106,0.287684537426368,0.376356468889508,0.164229258808293,0.401604369227882,0.382536957711462,0.394624568676851,0.587842207247764,0.471685218630787,0.459321069031766,0.511159157797238,0.404180279249747,0.396309921810945,0.3437685755545,0.443355425851376,0.46002818940133,0.482074701107049,0.432709833534825,0.349302187888287,0.476595986778376,0.357387563946431,0.292660024187447,0.399009163058531,0.437342365357711,0.479758194366112,0.358470612333303,0.491359383687996,0.371083554675158,0.414099715683698,0.404104955777732,0.441310513514252,0.517586205573846,0.32999405655654,0.418385985122635,0.501413861420482,0.283905159754821,0.550441364498477,0.381376277228705,0.523195417569132,0.240077155128855,0.443536744876168,0.339467523751836,0.284623920620398,0.376022518124769,0.460330451696708,0.319134454572904,0.55864497979247,0.363875150576067,0.304359381298571
3800,0.588916943222938,0.449252756351433,0.490862541696373,0.33539764785366,0.607691555167213,0.559639630445766,0.322064272286179,0.56119741442003,0.330774083846627,0.529184515158643,0.405119950978282,0.387480271520623,0.258438636030614,0.360971210690674,0.447923515665474,0.457654141437033,0.319419606512661,0.429432693895747,0.208593317678454,0.294383438250717,0.425114126232517,0.318210013091569,0.434652715971608,0.47620194257892,0.561523624927568,0.471256088425198,0.62393393115798,0.562671260191498,0.377633297550931,0.440654369697542,0.267262505988746,0.271346724092634,0.477184044050147,0.334889809834189,0.455791122495541,0.226420147027685,0.295777765772598,0.403671136397326,0.275769091252116,0.344932964430491,0.36864938463781,0.398339104791278,0.59700500117503,0.355028840926366,0.518875291711644,0.479482602010714,0.475026249147978,0.292808742594442,0.448539745346273,0.319798600509969,0.551607940122948,0.619724360268143,0.402153765830176,0.41326902457081,0.242447742552056,0.497859782930622,0.418103065603208,0.452858222448826,0.608513020929001,0.588770646745544,0.329254935543268,0.39791779218174,0.34131868233737,0.309854300588009,0.303201524534007,0.274368228031507,0.478965610624932,0.476233589181185,0.484587761602769,0.391497734452891,0.445661191323745,0.382308130974828,0.258418747554808,0.460639308510797,0.514257062670883,0.448460524218207,0.269754627222745,0.357028096352994,0.370908321485243,0.430527407629585,0.392370141438642,0.411037304749561,0.510163997897269,0.361150845570055,0.199796404510321,0.541489989693018,0.333897879283827,0.452982874314475,0.409636451227392,0.459437515408043,0.329351207028119,0.538974400526413,0.391613521902083,0.306545755501606,0.387648519356151,0.449884712370022,0.327920906983816,0.463424602236277,0.492141465988583,0.332318024099612
3900,0.609905746146736,0.444554398400674,0.496242791929598,0.332275969943497,0.523588028645668,0.481974169865131,0.335127974921981,0.504260148510341,0.205015602758786,0.508737031841993,0.327893821016987,0.405946509118176,0.283163328420329,0.350058108769702,0.492536408131683,0.343397060728013,0.238209533255984,0.393759128413757,0.135636646061363,0.427031182576431,0.471261237748547,0.270328689114824,0.504126744978982,0.4767817872556,0.487270178803647,0.313461413086605,0.512741288723768,0.436201215974226,0.213863504789756,0.38052855015188,0.185961495031805,0.305918577936207,0.636055583590415,0.114507939152168,0.447930839591514,0.230808309588157,0.332204780729127,0.318260473591659,0.316722722157799,0.450430114658017,0.299260430495911,0.394639419613432,0.622925934689876,0.343011626024959,0.521143401192124,0.595308489647205,0.538638418795362,0.268964223232161,0.527203755721369,0.426782233030892,0.514631763184636,0.529596197775699,0.330802161960533,0.336613901617947,0.290137125383282,0.493065222049124,0.324716950260665,0.478373331936653,0.533181437208504,0.531605214401056,0.370374316874895,0.393782458697521,0.357477210767299,0.206531217748308,0.240017296659369,0.305882381739463,0.498891807768907,0.497739281662999,0.31399062346457,0.309071331635899,0.418775942291996,0.333695945046991,0.219748047858586,0.586361291088959,0.370635122080537,0.466059674589424,0.328827278334942,0.277896985760135,0.467525546295159,0.338440819530673,0.311922106980231,0.481175218325658,0.428246031519596,0.443682148077978,0.224610247296546,0.482402013833276,0.346555517324077,0.487356711610519,0.33742057674272,0.453664265148914,0.368599163858062,0.565285694584648,0.498057963276708,0.256809357249699,0.450161701917871,0.523259944401679,0.432457668584233,0.503367900894072,0.412830287440705,0.181994585906329
4000,0.578799699805844,0.590587919580529,0.53447503724842,0.443275257333038,0.646492398806629,0.515999790092016,0.40673539636675,0.424312091457264,0.148967556409745,0.523500389678742,0.309993808217505,0.469836007495633,0.323274715114929,0.295738757850846,0.576979320212341,0.420190678427385,0.267264805333958,0.367468194299176,0.250426381184714,0.525072639727287,0.328421715994059,0.284359393324294,0.432560434219324,0.473417893455164,0.519401318228047,0.359016913099529,0.600088058208794,0.494478839869509,0.44413912848945,0.350733980281128,0.341343729033605,0.400516207956911,0.55872329764524,0.258018612171515,0.389563404437436,0.131542659040452,0.430648404011322,0.340912742182134,0.433737819532911,0.397759435602735,0.374788932920288,0.336063046215065,0.668042238439075,0.385766490028262,0.545492659018833,0.481162797883276,0.502705676208428,0.311661303944755,0.485652381537701,0.402131406908522,0.512291293345908,0.364613351586343,0.427817331274735,0.48479536024173,0.334355355928781,0.456414918112579,0.360603184796964,0.389747252702939,0.575896670286991,0.465018715638035,0.474299265979463,0.354416183604141,0.441420025780328,0.275198611910258,0.351000536542482,0.246280160341544,0.449587899210501,0.535184697604885,0.194428162175727,0.355281657071474,0.375819223295192,0.43269737099667,0.368068150261006,0.571486336458527,0.45816324562012,0.462894661783291,0.341243731571385,0.211306392235951,0.445160444389863,0.274902367459065,0.368922692789343,0.576864730364786,0.466605309434268,0.468265725770753,0.230025898456537,0.426505349617392,0.477892404652103,0.546227620069869,0.394566373320727,0.398064434780988,0.373195109733116,0.562135657426553,0.517627855675883,0.2581836314614,0.397003744887183,0.637525231952979,0.396547211958439,0.518283134760587,0.466894349872856,0.159150250065034
4100,0.495726011308835,0.625001648494613,0.572437640295537,0.457601369912853,0.49161154584424,0.360632478504528,0.471873614807289,0.493987727657892,0.276465458024358,0.47437773841695,0.338295147438652,0.375695730365076,0.309236129681645,0.349102475666162,0.585570314097697,0.529095883437351,0.418337522174733,0.551232881595995,0.305602414509121,0.486411415281864,0.358883579302782,0.437198868066766,0.332849969534704,0.510104220166145,0.543952285493268,0.417761351426597,0.551379842445841,0.489876256355066,0.444846092211359,0.423010649846974,0.274061139214909,0.378497478438331,0.567392566025192,0.450252950258529,0.335554372631286,0.308449503737358,0.471359877833767,0.272276446027396,0.42782406039569,0.362255916210844,0.426844234977785,0.279981890601856,0.654399129655688,0.517687257242011,0.557080170476108,0.47834711678159,0.46527328587411,0.296568420646225,0.446478516640502,0.366953212037532,0.537407205218251,0.405397591170387,0.593030179224782,0.43866337099046,0.439130733335978,0.317510169768184,0.41847472398673,0.589505897572966,0.502543296585177,0.491753086482145,0.546601650844854,0.380626516941531,0.410738880095892,0.421723448711331,0.271620932914624,0.353739658966685,0.545620194317431,0.620986330778063,0.281547913602201,0.416794133762249,0.428651140529042,0.543647636419728,0.428986260062939,0.605814626484719,0.559150516816442,0.359189444038784,0.314906351572578,0.33545359327172,0.362541923807187,0.364745296730337,0.338770426578838,0.59885954597312,0.538040146574981,0.537496304858098,0.260083298985911,0.483001751039078,0.427341377461142,0.575842388929516,0.487208525120041,0.496374876106869,0.361957170881801,0.608541537067717,0.514587093817697,0.138988204238414,0.371835218097563,0.52589812375754,0.343883442717805,0.484034717395532,0.448954854025012,0.23022168892217
4200,0.381833486762135,0.582194519350741,0.624280426143236,0.512145689517901,0.437545704093774,0.43420041162077,0.495858797996259,0.41715868018578,0.245148807929495,0.574581400972799,0.134932361631411,0.339627114423839,0.275308475765078,0.426225065846522,0.435288176973865,0.442045600426936,0.232034620458341,0.458101698744639,0.249811767107279,0.48958474610885,0.196186512848081,0.55765191766369,0.43591454442389,0.503717096276025,0.545275289640674,0.422311953458561,0.623812709929296,0.467829070247736,0.603037030120908,0.600385649990876,0.38103606425413,0.323438381676509,0.521626075906361,0.466129940439835,0.408727174710309,0.344987983798447,0.364699166123528,0.30259975678781,0.478408552537063,0.405205298773536,0.445925133264286,0.342919859922827,0.647133704111529,0.504221241724975,0.620093269908659,0.425666142027852,0.439215583012373,0.231630730734891,0.436856139254998,0.365419069767448,0.439002340930358,0.416259666936439,0.636302731152306,0.493685072811411,0.448883182624041,0.282936110294912,0.419328687081542,0.509394351733029,0.519195953803167,0.385518798389144,0.534957799312534,0.446632557282761,0.287058369975527,0.42017830495802,0.233657766382455,0.35146475761643,0.51374797014219,0.67876530846446,0.486048792305671,0.306156556697846,0.361447187019943,0.543135447904725,0.43040083313887,0.547968066098353,0.560494542304723,0.428419476813477,0.218795199511065,0.36093714653604,0.402646264617367,0.409538232924268,0.369333136743723,0.58043051885109,0.475243972883228,0.468345037436071,0.278717000012296,0.496935588886199,0.506873861815836,0.588003534557524,0.518194001180668,0.458651269971612,0.295630698678238,0.444402718556064,0.478641429780599,0.136504128341113,0.379685002717105,0.400740966439166,0.473796401231488,0.446854486090686,0.348751290156692,0.333675383524202
4300,0.324811614547582,0.371794722044246,0.578426318217148,0.489504729002907,0.304159691228472,0.400371459738151,0.460018181520765,0.493790997552486,0.206236480124799,0.496018006020867,0.241549892129441,0.29974095279868,0.295504553346012,0.342386162097046,0.444480892497588,0.458862761217423,0.236193758908802,0.394517271914188,0.30562002240186,0.389132034024518,0.375031589778536,0.642979901165025,0.42852330620443,0.363207926295162,0.4302726921552,0.427404445280771,0.575056400959596,0.511589694074138,0.52414479897251,0.647887369786016,0.34148296160744,0.53602697060281,0.432241059429309,0.465927731361164,0.476061140320422,0.301308297473675,0.406128905206459,0.463256709554029,0.536267004045682,0.39393760687421,0.377002653810901,0.327100970696155,0.635369983094349,0.472807639945284,0.45987446129033,0.415649725951235,0.284836320210642,0.278208799103263,0.448446104467107,0.230553879022031,0.557430188208993,0.345073940837544,0.598605224261791,0.555038752562403,0.403925769541599,0.328166616441876,0.31386712400862,0.504371583265574,0.467875887934639,0.345494573261353,0.510696802596825,0.307808407601715,0.162415331189264,0.301878720742299,0.199402916071862,0.259012101349015,0.647085894470914,0.607770761567648,0.409159777586901,0.307037216829325,0.382721543704644,0.507359973127497,0.451356814840461,0.430857092583715,0.617746495904549,0.383801315627184,0.266554922381807,0.481706870712358,0.48097568836596,0.272084991263127,0.43770507412011,0.460019492654075,0.481595185988371,0.418487536168083,0.348932474232363,0.497883005130967,0.544234983693676,0.509288872011396,0.528811382791545,0.501270345227592,0.286036982532978,0.393668584790945,0.426314544337268,0.176187453136919,0.354950958930377,0.500189356215171,0.49489499012381,0.522953959301499,0.459064764490356,0.3831374973511
4400,0.260715313371883,0.344286499071617,0.574767731598706,0.377041317429261,0.438049506292452,0.394202968839809,0.391444544558398,0.497287914664874,0.203806699633272,0.37965394598509,0.284632027781152,0.324279573704838,0.235408565456111,0.358871093899936,0.431721445129334,0.442310840816264,0.264614679567279,0.436294777910429,0.209545005178918,0.443291177453173,0.318347899273569,0.487833707197353,0.510981298080206,0.330860178042966,0.487961510370834,0.313659689151946,0.468667333826677,0.498828376737168,0.579982124269418,0.516290424411337,0.309313589550948,0.581006916234836,0.479843810386856,0.45858062499809,0.467588494528867,0.182671317894803,0.427248433382421,0.418541037292043,0.460133092518534,0.402599873032128,0.253576887201246,0.244584950579562,0.566025567354564,0.319149053962178,0.407394652208016,0.352799962263502,0.409324502198499,0.309373215163021,0.349016760588297,0.25099618365784,0.434771832188052,0.347185561025516,0.344371569953916,0.52241734564036,0.321060996991644,0.428216898946603,0.217022362299916,0.429814280142566,0.476148058996457,0.314383447152642,0.460477680653433,0.376806571939952,0.259262010093676,0.344997692839757,0.242693104962172,0.370870933702861,0.632900008877827,0.505298587239066,0.270108452831337,0.357064343481361,0.467308882307669,0.334278931120853,0.318066910470394,0.480145077668459,0.551810568180695,0.441966917493618,0.474832065668912,0.510527139887851,0.424299030788636,0.32845578981896,0.50344131624496,0.466488052717649,0.621303968936142,0.447203584868251,0.461722795095505,0.359569237834911,0.400604482474262,0.385357030642719,0.434918820841975,0.352438623563482,0.321768217874599,0.358683461246976,0.447121189560837,0.150003626140473,0.338633965858516,0.613479237275858,0.462839503215646,0.607030663315083,0.498790711734256,0.371750701033095
4500,0.348488129419448,0.405121693263977,0.591212152390578,0.327782538185677,0.473513444850636,0.53054772740264,0.423137818312472,0.475284744767896,0.293026651171595,0.465166202093762,0.446876364428565,0.234458876623436,0.226365691438242,0.337207161603555,0.468861771084225,0.416504633007007,0.258935670323989,0.643899587963867,0.321251308822585,0.394202937537927,0.280998050038957,0.336603784039025,0.45348670091004,0.375705470292913,0.518360605688952,0.227688325590806,0.411642945018099,0.489855995655733,0.5076248590228,0.375773938307476,0.286349619052002,0.556208139125405,0.451425593106467,0.412928873899977,0.53283060996346,0.0989655625781486,0.468582068045683,0.488784441812181,0.481953011641126,0.334477122149284,0.250906241749176,0.39100306999741,0.456167282980637,0.378337427426766,0.31095579259295,0.437008212408278,0.328751984143894,0.4100484442421,0.353615003910762,0.196441319047732,0.359515175199745,0.246985164247053,0.528496163591502,0.592456626755058,0.361087356088869,0.368403632180993,0.243033055996132,0.326184811606276,0.421542794221091,0.346970912371073,0.499479732541798,0.321371331662927,0.193683527409585,0.254325742837803,0.292907828748426,0.206318424581294,0.649116805833323,0.520673416973538,0.30954173840933,0.392891294114651,0.451883843043531,0.401348993087062,0.299181032650432,0.361996582346626,0.522018047526126,0.432632404170332,0.330688581689671,0.507198967752603,0.36689118212904,0.337297934207739,0.526557325638348,0.490566605267538,0.480632242134536,0.45463550201892,0.507151348458438,0.230752418584688,0.42712862157486,0.37773281962632,0.443645352499723,0.327732323410149,0.378553366575625,0.425556772936234,0.374973343342812,0.318337425445469,0.346622555809238,0.507055396111947,0.409536526966847,0.53639917958367,0.447637169182059,0.445449075750488
4600,0.225602172974415,0.392188237379799,0.436475019907936,0.412349975418579,0.337600267516442,0.547913386811167,0.338705906937202,0.40217099126419,0.331899268742374,0.474095581657314,0.449318374016636,0.296439917778993,0.271028752518417,0.446173759239861,0.444772467305025,0.494451979363811,0.212238751685639,0.54689293650286,0.331819670876769,0.537853165561341,0.324018190260497,0.391996872906617,0.273756607980387,0.297799819584976,0.385140186320293,0.212946262419869,0.515513315594448,0.417936706407179,0.502117038582531,0.448925112569589,0.305269126418042,0.450827460081968,0.435969751807095,0.290009301216535,0.713147485042256,0.193913559172057,0.564339950145157,0.537544833269238,0.355581781783595,0.281198577399018,0.249132207899186,0.391752207336791,0.454870731219942,0.375998805894337,0.325176914241424,0.471103452161704,0.365172510330332,0.486531075307779,0.28363075577058,0.255847344942972,0.345285136954352,0.333531378972231,0.445073294857834,0.535208528066401,0.372697968377092,0.362058323510599,0.289873796493316,0.291945285971533,0.482750950706243,0.391636823234073,0.386578362923294,0.249861672688031,0.145079940263184,0.224582283628175,0.355380822337086,0.286766570360434,0.587870438985456,0.477971917877253,0.314438099559042,0.424609975351071,0.474015409094232,0.513702995993941,0.335606065551948,0.245548926528688,0.640713302788282,0.549227219615241,0.258577095163421,0.438219007887577,0.297181133138417,0.391624083365083,0.429891107116652,0.487547161710996,0.430661502115553,0.434666201905455,0.491201973359933,0.280960333884565,0.565337898342737,0.410542628460923,0.408264066876399,0.482018898329309,0.292389716882989,0.32070046101721,0.349361952271597,0.377302292298912,0.397280021868598,0.32314226232603,0.440390982803125,0.434240250220032,0.446670902313711,0.409786144799016
4700,0.280828897605922,0.429909811218043,0.356892330970435,0.389185337999102,0.29344491650924,0.58155236060496,0.37642646352865,0.457183611440346,0.34851932545977,0.393848160329913,0.303962620088459,0.466741848806269,0.365695451115339,0.35829548550272,0.426206458552304,0.627681801118979,0.20667092653525,0.672637021876912,0.28581361582071,0.503397632991216,0.397684688830842,0.376438989038851,0.329166138674072,0.346173088120263,0.437706085516674,0.310974359415315,0.450794670769844,0.381676648434708,0.531325644036496,0.409226169816113,0.298911335133077,0.484375391929832,0.469679198719058,0.368278021167228,0.658439534919912,0.22241945949357,0.481461862060823,0.43935561959056,0.375785822273802,0.289691783170758,0.30580765681545,0.38545747280005,0.449625801936092,0.292402821720571,0.279744651810249,0.339408010144393,0.339434634422956,0.544483560742314,0.272656688702782,0.282665984005824,0.43762339833591,0.273736342991659,0.477103676268962,0.503408305920712,0.366423370733357,0.372227820342235,0.392351608545656,0.333009142038358,0.535103288100667,0.44155382227962,0.413221545391494,0.221852212541589,0.181259889122801,0.231041624710507,0.320705340290714,0.450125050325543,0.502505704319819,0.35131482603853,0.32743040765618,0.425885039771603,0.450998807944382,0.4721743035965,0.346564301054286,0.299622242651886,0.562508530753941,0.428179211229888,0.431431281002493,0.331713403241895,0.35227224314512,0.355048187932765,0.534478775323766,0.441245906928644,0.298088783515392,0.563645235998834,0.493694040019727,0.301893232115205,0.583735988067274,0.42580122946929,0.339780823879308,0.473782052339348,0.394321041673604,0.341012894628102,0.357686383865939,0.27314669649834,0.402037807834215,0.335989679575062,0.559224237401875,0.463099567794557,0.473955588262725,0.372934453007141
4800,0.197939038807263,0.459034043204556,0.448446731670657,0.472566167900179,0.25728667803675,0.512046614936869,0.360323995794229,0.399930623230006,0.224554869009089,0.394733238057174,0.378569810364383,0.438850794499699,0.366453581757817,0.349634142263041,0.376305874236243,0.457534036098476,0.227235732131071,0.61637277088044,0.306206095243295,0.526835555772748,0.513689315423802,0.426987565810638,0.500834601243833,0.29159686446104,0.467663274329039,0.363375754969345,0.421521778789723,0.460510887018189,0.384349810101362,0.231653813594736,0.354616105854113,0.598267649830133,0.499294628583287,0.43395845302255,0.597080646048115,0.379233597310187,0.625298006656931,0.266555538743609,0.355142959768729,0.37886164202184,0.411503086508016,0.436288248730608,0.445738709302647,0.425086445395073,0.299343426323594,0.42555778125774,0.391373636409268,0.524856137511174,0.299897357365857,0.323125062552458,0.415407490740225,0.210879862910496,0.44358471346058,0.353771437907038,0.494559592595911,0.438754392165917,0.480020984812976,0.245970864045256,0.548780808565424,0.383349122278954,0.549905239119832,0.220142472729046,0.266750216361127,0.411713784009537,0.36297810928014,0.346362951416854,0.356903001784227,0.289266118599603,0.28517012053526,0.467792336348678,0.532207022126912,0.491302149445411,0.508931313916709,0.39139666808953,0.521637108261176,0.531661148885487,0.296643694195472,0.370364120891368,0.464714842882036,0.41033725675963,0.669465577456208,0.365385354696061,0.254385189351985,0.47394736354383,0.323705669896833,0.338065570648881,0.513603683918762,0.487986575720992,0.281373107945079,0.437909659738149,0.308928230508364,0.454162118702267,0.508689713044525,0.347175517678898,0.557261027018089,0.359076536626666,0.538109017141005,0.575372317657815,0.493921522216207,0.477344161431241
4900,0.174077008056553,0.541869505884009,0.352353398595061,0.448922166124309,0.25368918593,0.602047252426474,0.375484665080261,0.424837893702528,0.284770630978346,0.247932073849219,0.495219390160577,0.29637394507325,0.558395127772458,0.323462199618557,0.363120269579969,0.428678229782149,0.339626122594178,0.524530118517739,0.384004161775227,0.389502356506686,0.531009845081348,0.465772109221102,0.377247508324114,0.206869654609158,0.453779226285539,0.414632056063817,0.373291859773579,0.528043700795592,0.300015672942111,0.181972982661819,0.42672273344518,0.51493712595089,0.420410696696494,0.371886899981194,0.63231680438607,0.373343664866117,0.551822627774889,0.29460714691463,0.412246222637916,0.385088884293219,0.412566244337971,0.446965121960752,0.436032900354907,0.507615364017985,0.427415138950677,0.505373375780997,0.377271399323222,0.570397305619767,0.345362336134594,0.209160130605285,0.45663208002953,0.315010322223465,0.551238169801281,0.434842190251315,0.522628766719675,0.398565957335734,0.451237471130954,0.442515366239518,0.456893339125315,0.405719009929129,0.571751634788802,0.30835046041711,0.148562022742742,0.427687010683753,0.370047644894952,0.344578372256515,0.488812131496803,0.445418307896141,0.411347343708234,0.478221651072262,0.44300190389692,0.392979500890072,0.523880161704375,0.573645127148403,0.507027508944089,0.544173806831295,0.214970516701436,0.3170644428824,0.470533471065567,0.398362352128308,0.511163442465384,0.375645631319825,0.435505200125553,0.479212084291179,0.369258582913754,0.414879100883298,0.62525679562252,0.478802060749453,0.225603288896752,0.29883265046516,0.154956264640681,0.495573987551931,0.439206886865522,0.292335310528489,0.608017064032319,0.244262376692744,0.431549832298236,0.678507728370787,0.551915870009014,0.403535599077817
5000,0.277507014151484,0.594129891657211,0.527584993227007,0.312499119006498,0.297405951732994,0.664577601744426,0.423616024820913,0.485443328788731,0.263338825945811,0.31343050730651,0.492124975116047,0.287588201601235,0.593070930432244,0.513080161493235,0.2824162485111,0.474449313377399,0.373097221078127,0.491896041267176,0.435647489140964,0.425124706249821,0.362240724497306,0.424426778660019,0.318668460730744,0.204897142432491,0.368062428005915,0.533099697021701,0.410026494563877,0.599224366726492,0.420585133353367,0.358607689855508,0.369309988936816,0.687434663805021,0.3979491580596,0.503133557061314,0.524658660682587,0.359010794683566,0.518698778881769,0.466438594636566,0.492329094369544,0.389788198408416,0.464052765101078,0.386559825515086,0.567865046384069,0.391676574283345,0.371759773083786,0.520944975831981,0.366413267218394,0.592602703187183,0.481058764124401,0.176332769668952,0.456420446703021,0.373199249863553,0.440417006969713,0.379450691032469,0.564515128317743,0.374345002287699,0.50569462923014,0.429745599205917,0.50657440524172,0.493070719770609,0.4943643334124,0.391751751252649,0.262389570672268,0.469203427613744,0.472785371295166,0.35466092918002,0.508437673489953,0.444093487991732,0.405583043252573,0.599294436467682,0.40961517582986,0.261618731321306,0.552778551567824,0.449261144248642,0.434993579197271,0.55066761815698,0.287646654969505,0.307255249968033,0.536906817718234,0.476976758847566,0.554358574674247,0.425352163993059,0.550199022766309,0.478099176367357,0.330466749342796,0.538610641993038,0.651517807384037,0.539518003230823,0.349980257406154,0.352131913631821,0.206042701068617,0.539368744813061,0.591547014102936,0.341587085991088,0.657660915879236,0.375862143809288,0.433602071612117,0.662314593222526,0.61197727510414,0.341779117379983
5100,0.385485214224913,0.600795927405078,0.507724518137884,0.312761602617413,0.371060939030808,0.567295376409099,0.406142656977765,0.551727588499521,0.36337622209349,0.370184972982622,0.452569273678075,0.315283235480668,0.399083386840374,0.73093433278293,0.31923693424411,0.424702281779756,0.314178667804331,0.440951823414786,0.370099648429156,0.441843289689997,0.467715035594643,0.505791864083174,0.352140781868894,0.190137308433057,0.300567480650026,0.448922928768686,0.327259598493846,0.640650456178809,0.421692684188086,0.259337964637029,0.356250788973384,0.616225311848821,0.299819158448065,0.629029133434177,0.426587601788795,0.406765979945952,0.399384121706094,0.396382495334693,0.529363332565797,0.377648164990427,0.518499420358078,0.325642821332481,0.544900359913456,0.388509535051133,0.307672731779735,0.342745336844275,0.383174740382399,0.570655813640945,0.480850511887818,0.211137577615466,0.413502702748047,0.450109170216084,0.349086714023306,0.192995637682798,0.451383936694274,0.441200984366302,0.532266753726552,0.411397417810131,0.413092698116826,0.323075700600034,0.614102958309069,0.29646867425597,0.306317812991811,0.438793518953456,0.428362576801503,0.332141941717875,0.358095474739148,0.421235396714577,0.501387642919164,0.664876663676535,0.407043036393498,0.300549741123828,0.548164625043006,0.409744436428721,0.499817103438754,0.42642532734857,0.381918955501517,0.350342907887951,0.312501056561901,0.545585600517691,0.673907650670015,0.684268718054947,0.439672103872031,0.409891110342625,0.360377491564635,0.473967708932269,0.590856700460873,0.498802881991157,0.192489254240527,0.364059847480798,0.218730639046185,0.354431470987194,0.657279336298932,0.408680884799754,0.621722041035694,0.522337285151835,0.565838692394397,0.567926351374603,0.519001540855607,0.261753877895821
5200,0.342530427948643,0.457260013635919,0.432603910103618,0.266137167510106,0.381782884812735,0.598076342477625,0.520777441361023,0.613433495362348,0.437385067525063,0.411442022347325,0.402340559885121,0.369450066550535,0.450053241905873,0.675806002617454,0.31259213535003,0.430186533734574,0.413895753664231,0.49235740807889,0.495546403189118,0.441738544959078,0.43737361037878,0.599783941872034,0.429402180586186,0.271783968612525,0.283863599833016,0.421172719038911,0.355147344860931,0.503684533907882,0.525987750029865,0.458065455949994,0.379848288985793,0.554618499026278,0.378964120253868,0.524567631693806,0.41830371922266,0.328919845897329,0.371584565231751,0.51370631801355,0.496462768882436,0.451805448023775,0.505764121770051,0.515538485699727,0.316707174344004,0.494277820239108,0.414868655208689,0.332520690893621,0.389427547886514,0.636321881645677,0.435341143868229,0.41108231846559,0.350881150504132,0.443229810366173,0.429054222303021,0.247144194973202,0.492160407790528,0.345489547403235,0.547160208370849,0.353461558167856,0.488957399378834,0.430132219398617,0.565739039536912,0.3408825882847,0.286391227486049,0.317878995047244,0.422265206832442,0.341152426301894,0.357871921901493,0.582238263075709,0.506049588468704,0.619671345671531,0.494148105963902,0.290696684399919,0.621468949900115,0.41239808147981,0.373827926408997,0.406240088517425,0.427900165383729,0.339777210487088,0.492965804593487,0.550805650755867,0.691213595128374,0.674528141200566,0.285764519577621,0.467569643248277,0.419308511802551,0.476774304486015,0.436909021660691,0.498923433349368,0.15732126912487,0.408533512533501,0.25621397299288,0.392061128502239,0.636465188060361,0.392398360923477,0.596683413352167,0.565796597493168,0.533261599859773,0.5874057525713,0.704130468873519,0.300347441875834
5300,0.349530443422424,0.438212316867213,0.385451177027845,0.34309864918031,0.47681509597937,0.538319909971376,0.53342388969208,0.661106344124744,0.478969924496586,0.460128154270705,0.484027533446725,0.38786855464317,0.537612168513881,0.549157730814854,0.372532398383571,0.446428883001818,0.566789768754923,0.401826091132522,0.546944189731935,0.332006242588163,0.335464204875439,0.569328496631065,0.437641658993733,0.291215955822934,0.225495199957372,0.354802530501339,0.314918966531703,0.429323686497436,0.515584175028742,0.517180002964982,0.266275591479788,0.693286162776846,0.483321563863078,0.407733352746902,0.500956198411795,0.558681122799907,0.387018462571389,0.60206414395185,0.554441993416749,0.538261302543227,0.418946315746701,0.558166919627697,0.342243710919061,0.365398642065103,0.341014388719236,0.457968228749118,0.359615645533212,0.64179787928592,0.495300093289796,0.277761021404947,0.407179278047821,0.355242765351519,0.383179637408344,0.341313390617919,0.505055755502332,0.428876001502279,0.452768750804415,0.435108035622011,0.368772389596703,0.467159972682867,0.625907748751622,0.416774926783364,0.439831581176763,0.362935305781986,0.389655635430061,0.483635329435311,0.435136890067283,0.569025153754885,0.554596109975424,0.539617271061533,0.438718910972359,0.471187277347651,0.56798496497443,0.256003528581042,0.452275945873545,0.433200880614942,0.419117862412502,0.356293271430184,0.485983375089498,0.602755383669736,0.544692845646716,0.668315022769831,0.451088571636484,0.524306559629068,0.369282945889234,0.520870217587539,0.494918788822012,0.563218807995273,0.291089773673234,0.443619744172437,0.344569429847747,0.419622272913788,0.524792204761397,0.377393735626754,0.589967040933392,0.442785151437579,0.568796954146758,0.475972266489977,0.677789109082574,0.336817765277931
5400,0.401320341416672,0.437882487319833,0.368914878137281,0.281919081324272,0.328560038119984,0.602147842607894,0.484188492705574,0.464677572249202,0.456779806923102,0.677610742769976,0.4750855204669,0.327514296390019,0.471287691655906,0.542868089183269,0.474427942179169,0.494249402347454,0.426249145229028,0.46377165076265,0.451745904446297,0.435472371745758,0.39418635447369,0.526446322145445,0.438640151843258,0.212658963835341,0.298693575774134,0.42901716353882,0.364429270283588,0.447331855468593,0.445030526972446,0.45810758114431,0.279033136396258,0.640581327567292,0.638743671838632,0.479660449541731,0.45222560746532,0.559684301900588,0.430996051279607,0.542051779831482,0.530753361239747,0.606970862818506,0.366660241995074,0.380902492396445,0.320467443893676,0.477487856189734,0.207324390015668,0.366174736420491,0.338660168086087,0.725115507185366,0.427917644277186,0.400579405507461,0.450369808496239,0.351224583156067,0.212767748505957,0.347782959713243,0.405378926137355,0.430296191529854,0.414055848522038,0.554684092906652,0.25194856854297,0.479913062431811,0.516657388465488,0.327020718910898,0.41388038844781,0.335985324326149,0.494102065600582,0.531922561091766,0.385492555070942,0.425955040084894,0.631567960185323,0.407573358208008,0.465891458432687,0.47354386830554,0.590223807438626,0.315460543389522,0.455392044408872,0.315689253816698,0.471678603164223,0.434481415347906,0.454533532508155,0.544900223292953,0.505927919786696,0.669247303349791,0.492063844335829,0.428105534029995,0.308501810074686,0.523031993837314,0.386652714063407,0.426911998468221,0.381986080612268,0.453131199648337,0.443638094935099,0.275751735939305,0.420823874933503,0.320740750228917,0.625414459206959,0.378600644873051,0.395000228489447,0.421733304776247,0.547792624820218,0.30874753319227
5500,0.34150360536082,0.431390059095083,0.251443093264449,0.257956006677326,0.31134747663628,0.720612762245273,0.337108356241462,0.549818462090766,0.526120735883883,0.626910683795739,0.510325696405733,0.421252103627049,0.587660249626171,0.605692597288248,0.438254968116207,0.584407848003547,0.39544394476412,0.516015029204044,0.410396530170888,0.429761977842056,0.504398110872625,0.515581470840595,0.414655224191147,0.297914854116066,0.326695306512447,0.409222265569046,0.429984420520777,0.577902514432226,0.398152712528013,0.379584079016358,0.267367799852492,0.574955975495305,0.578402134450684,0.495590558354981,0.423422757038899,0.431078638070001,0.473649046161628,0.408396568335485,0.532506776273447,0.675134404523107,0.381201098785041,0.452661754749985,0.391523228361582,0.404060794364022,0.238031954427936,0.343788680224178,0.339761667765407,0.584493033212278,0.449320056454565,0.431724827120164,0.455454892545348,0.34989976622521,0.222237747473095,0.387028361304969,0.460404306801338,0.434819768763352,0.410643088187812,0.467499902824734,0.172448607552803,0.38669148894473,0.572008038101328,0.294684892451054,0.441119602400936,0.423351392558079,0.611034442960136,0.54187576925973,0.377793287496733,0.444052877360441,0.685367880669814,0.505404172154879,0.510739823741582,0.481746695877525,0.583896972307875,0.34349841942209,0.36058661475939,0.438267389255525,0.444976574549438,0.53362937302788,0.397191598046064,0.55067512936552,0.5985503601012,0.572610871042258,0.354366454458641,0.522035841122418,0.438066998990382,0.483800168371723,0.574813830900613,0.569925790584596,0.326106770167899,0.565344653594866,0.432511728706435,0.190840582753817,0.551384130692424,0.266585654205869,0.572355255924281,0.325125350431234,0.35256005996865,0.468600441614615,0.511036406483665,0.209145485873743
5600,0.430938071841772,0.514712101830411,0.386941643189022,0.403804680739271,0.383505514374927,0.746400909989951,0.39755489532543,0.474131084805872,0.538770380057315,0.630186170960311,0.546271245940515,0.459491045238872,0.396776887345589,0.554947450476046,0.544865312726323,0.652190908067058,0.430107999650107,0.469057928235624,0.513149743868822,0.45929582701235,0.468956460370443,0.548455926137736,0.545642526884284,0.343670292272075,0.434020580809912,0.404733620014577,0.441463702684436,0.501637517561648,0.4562070981555,0.261929030193072,0.239614341527144,0.600786463367961,0.559813612213216,0.408142576900383,0.405665493983678,0.561526705361992,0.396014702905292,0.398508909843168,0.581633691179822,0.690700577546158,0.290677316166365,0.527978373027132,0.419841263467751,0.297426392031396,0.313598803752769,0.439949465518018,0.324419534493508,0.591691792988194,0.351415445551736,0.463117410782584,0.50454169972355,0.381167731679515,0.301247061808116,0.405869046869667,0.499622968347586,0.419181458669994,0.517743255819195,0.508605915979397,0.324739324236889,0.358548312583823,0.454074028414209,0.445814595929391,0.488510471238062,0.415546720887892,0.555894851139043,0.539208825244461,0.454799889604996,0.522239342024354,0.521692716181968,0.369640249014842,0.457273813417283,0.384677598335171,0.531307229303037,0.451494143451376,0.365928116014342,0.491757184132599,0.505559107474787,0.58367515002792,0.379259782881757,0.483125469032977,0.689298479440042,0.487263919177856,0.31326245226998,0.325766593385756,0.539562531686354,0.538717063476463,0.63928664259096,0.522412879253232,0.428459771565735,0.576821662795642,0.487897949506642,0.207409393525784,0.556840877978131,0.569893262581051,0.623402678473789,0.482999521644497,0.249068084222021,0.639089431755219,0.503949459737587,0.219703699012057
5700,0.510970991252548,0.491090601447021,0.298605115670255,0.562715046019834,0.423725150590231,0.755281111396264,0.613675606016584,0.567495599645118,0.575735702094166,0.510107895935404,0.479302865968723,0.431681089661193,0.489175566625111,0.387011260902813,0.495521687436806,0.597032085080962,0.392917507437482,0.624125448853176,0.455227759336122,0.511873070898011,0.606658612042394,0.588376416065165,0.553590910552514,0.333471616826546,0.575478166430179,0.486019482952995,0.547998842885165,0.54782119079149,0.408206536748864,0.325314541693039,0.286586792717942,0.534112243662235,0.470744676380419,0.413801501319917,0.480154037972242,0.483493807788612,0.371218034788074,0.485974164597446,0.666962627961463,0.655425600976087,0.432415910744604,0.554045172153545,0.42718819535843,0.363795462177891,0.50316685224099,0.572771964585968,0.320781790390469,0.582154306135927,0.334609984621164,0.459606384276861,0.357169532145168,0.439202361344398,0.222655574195474,0.495587961522741,0.551065897400608,0.345853208965015,0.633195535335728,0.545092747563067,0.393182419533892,0.44813197077872,0.462012165889908,0.45331935767158,0.355407214048115,0.47445373493704,0.637500292304172,0.379563077250534,0.415143091145537,0.47082071760711,0.521068033036053,0.457525683948696,0.503897375422783,0.386210619808894,0.564922927207834,0.406099426799796,0.56076696921714,0.396020267320553,0.588827161403205,0.392221376620739,0.455049471082532,0.442398055291666,0.60477978169757,0.424288267157194,0.306660939784087,0.214493156379745,0.57725291631514,0.445765911947329,0.676938440457483,0.523132011237958,0.365952544574288,0.54927343050612,0.535263741380891,0.321268783933234,0.586283990003345,0.650760150489278,0.682196589122858,0.46604937476533,0.212370131942148,0.731947331980669,0.532492657217947,0.306087681808276
5800,0.585656001845479,0.559258792063444,0.379603224437676,0.53936376685543,0.415223006272348,0.467394403279676,0.522136534214928,0.576085728743143,0.519614142799959,0.283724354321568,0.487791224869942,0.375564956858881,0.550042764296546,0.420633029534658,0.390253737994494,0.641800662900705,0.431047179409229,0.627543326637566,0.461069695367981,0.497337939549804,0.631935116320236,0.650171883157534,0.532822516430567,0.48716785329683,0.613857529048024,0.452100436240826,0.627784559565021,0.393447399782415,0.670649428922335,0.352812285202131,0.365912332507098,0.46250810351977,0.432483349602361,0.520555504059172,0.542441666557936,0.412893113774517,0.315204595188322,0.515986531811142,0.68976975359263,0.672191701093809,0.446625732452977,0.537093924544507,0.339192182219065,0.503016513533693,0.364458076291758,0.707405357799545,0.417153805499225,0.505496130765433,0.513899546126576,0.446745915268733,0.324470365771565,0.528323143698362,0.22253378160688,0.502575951646209,0.461951535898581,0.498977106339239,0.651656552751101,0.447977357277329,0.377148119025065,0.452791225638665,0.456355293427911,0.468381528972423,0.304421857992036,0.428412325576017,0.464168812922988,0.441990552665819,0.372866211158744,0.566306153786522,0.482997792060876,0.557021292823196,0.362298654371605,0.379593461689955,0.627222918829982,0.322864951350486,0.585119520705078,0.405418518405475,0.519876969429491,0.507524205965735,0.398967212193823,0.489750213423271,0.51318017060815,0.420658396113704,0.270806246545032,0.375718092611938,0.617817818196675,0.431846183812071,0.588248509994004,0.482154360411306,0.370514097672654,0.551623755251553,0.537059724039528,0.405279256476824,0.507541932335272,0.720140982786712,0.570259397887113,0.525310689259806,0.18746315552425,0.700999827806967,0.601824317436228,0.4052428935811
5900,0.537570992340388,0.559439491047857,0.407370381800365,0.578081270059043,0.427265375086383,0.564950801407089,0.500754775003221,0.493045659529918,0.41379429476878,0.424787470552991,0.588430765086759,0.392565287226966,0.469009784917524,0.350233849972692,0.385219250721971,0.598502076514244,0.400034481037481,0.677265759008316,0.545713732019144,0.468074692538095,0.728071707979618,0.613915383068961,0.573588463629692,0.465289863441,0.396458706964043,0.406705399668979,0.405716913230635,0.457088588877766,0.575051375328853,0.50813870265155,0.460892496321733,0.378449414368704,0.477367545109042,0.643636600400366,0.588321223960352,0.391250990228462,0.329076715243516,0.463044935224629,0.606705609880937,0.663270999841805,0.509481603269264,0.688209278820716,0.315364633169088,0.528877087299171,0.380432974155907,0.572704024847172,0.385238325239342,0.405835619964903,0.47519383503071,0.391927987928554,0.307272414793291,0.522952263112552,0.229563359809385,0.605012194701431,0.396950372331686,0.608646324188263,0.618243923755899,0.474467096063613,0.492810703473903,0.472534736496098,0.375523045309597,0.570910295702984,0.38200280253766,0.47808224675837,0.378773255428864,0.388383778054888,0.481956575402485,0.409694426127881,0.570488089580639,0.560531392995149,0.227111480141559,0.450624705829402,0.642327005784243,0.566782901120858,0.48155098460466,0.469411407523983,0.426067882057001,0.607114524643934,0.409732807626779,0.437708852233347,0.561411092595429,0.273905992596274,0.181077619563985,0.498659775944563,0.674346480112422,0.37963583479684,0.659579990926176,0.448674976470307,0.337448020747339,0.543570053896124,0.618939591106891,0.490066751519761,0.387633734394838,0.579847263073429,0.425334641518254,0.394170631863488,0.239654244926063,0.695837873084981,0.620242556413311,0.456511347795535
6000,0.438810632711427,0.637231049786027,0.356672048631051,0.573663874919773,0.41029045150648,0.383699836826672,0.508321881031782,0.362306674847234,0.570248417596865,0.425274859842527,0.560534914101272,0.409344702254093,0.458122758247978,0.338947058639017,0.369725220177058,0.368555768004053,0.439424925708437,0.687156537233604,0.471938852267972,0.441329790137214,0.619049370294252,0.629372781631421,0.580928851196579,0.516816037641181,0.350465011393128,0.260187480032311,0.324411716267109,0.422325876239566,0.447584290223368,0.461137338992921,0.444209673233341,0.422949266779327,0.521796610730789,0.674089861561715,0.480668372071568,0.59900016798894,0.36583482957709,0.434770852741907,0.569414346268032,0.648574726222429,0.545468122251319,0.712865983993772,0.357791877081016,0.432125442197921,0.564195271287991,0.639447628142492,0.383803071966652,0.327926000294358,0.377946270225005,0.407122594921786,0.351410915226929,0.524070354116533,0.280549645093025,0.490969433719223,0.445173337548696,0.543987328509687,0.72645817440565,0.395493733730184,0.455039223219408,0.489496665815827,0.381690434991744,0.552493010098515,0.466985305642993,0.454056539981729,0.458565935253232,0.458512221059329,0.418679984883043,0.31617069556895,0.463201013342355,0.542831457593295,0.477662209685835,0.434716093871202,0.487727702503777,0.60157992853612,0.520012944751969,0.480536793393539,0.467143788863577,0.477162944993668,0.484348484858545,0.408969131710935,0.615059309378755,0.252641234682601,0.256089800540585,0.441874524824534,0.620440912127804,0.392103739490901,0.623476960775024,0.596387410047141,0.433477455793926,0.474428783580309,0.41857725113634,0.489695772598411,0.476476016306221,0.505619308154738,0.48450116639615,0.457998568035852,0.483765935737563,0.676013285887613,0.525978609934744,0.463821913720157
6100,0.536380244215671,0.570897327152946,0.363571972065419,0.606784466420661,0.342388108345668,0.317801947738363,0.546222219128235,0.482203631542733,0.702153091446182,0.415753936562047,0.446652342927647,0.408300184132387,0.419532812801335,0.433719179071209,0.488173755926006,0.357232343115136,0.413921698734995,0.535747694016198,0.424439329012424,0.326799113706674,0.611107590447686,0.639617549109556,0.536146729379707,0.433512782082019,0.345225169564782,0.363365945476686,0.338373458717018,0.180157898975416,0.461675509486712,0.548647000127342,0.523478138843249,0.389548816718785,0.587887831881476,0.679985611093205,0.525054112168959,0.571852047914344,0.319322070780933,0.452564003183388,0.448798337111291,0.619566476094802,0.569002320357029,0.825853542817615,0.293700864971009,0.393364904783053,0.478768828279238,0.618503727264763,0.362760469189686,0.354783034400993,0.464642240873858,0.458409892640778,0.404786070992351,0.492541900049008,0.230231925296185,0.501774567251174,0.398501319240038,0.600189712661025,0.680636903412985,0.385091294848612,0.365422199034047,0.579644485974209,0.464251986758048,0.480263021601638,0.466693783268842,0.467749784567366,0.421802651228488,0.448601611145424,0.370642546435324,0.395358362894634,0.432492286737285,0.579810230995611,0.398685369874334,0.424166715097526,0.644911566602698,0.580229164027584,0.559056397807752,0.446852032078392,0.53499928642264,0.364390146527858,0.505639231140193,0.481603929727068,0.617470034687961,0.397376074943797,0.321261082966541,0.519010300909193,0.585659732980942,0.4907622320569,0.541329055674906,0.556736301206105,0.365672751603813,0.43640146833514,0.369644171431146,0.543468515872561,0.450020593297808,0.485699190986397,0.47287830829104,0.289652447582652,0.434974938452526,0.642172679858933,0.461173904170194,0.347016258083618
6200,0.512922736201733,0.620505808197851,0.489004391084279,0.54249925320726,0.440232668843943,0.300453659843014,0.49020951434121,0.395660149929325,0.657678094672404,0.261805155549322,0.585251846380864,0.436857039373105,0.515464328973938,0.32651283190839,0.355502906302627,0.378783566787955,0.431758064142139,0.455668141212902,0.429912216449086,0.423050972167644,0.648854330134853,0.823103614521975,0.551669131632327,0.3464617588072,0.377528661283669,0.356154278961946,0.387912936209487,0.14420858745424,0.46310153307108,0.522130510489057,0.507058296177844,0.45363596022122,0.496374270254705,0.616986732897374,0.519180094736635,0.51151827896896,0.421120469283519,0.511888395346821,0.298710592835675,0.563767028320472,0.622282864436824,0.684983720649246,0.254601211831126,0.533559128984028,0.511983450349017,0.555809232300962,0.468772630151593,0.348655977659842,0.488849142007332,0.51308616127864,0.505312402665265,0.432912234046225,0.35784736710062,0.483164655370265,0.350865212703589,0.624301586767348,0.537288468466468,0.383689430377239,0.446959670322091,0.492746389873015,0.573650855406515,0.522182059974429,0.54779499337982,0.412887481155785,0.472229136484855,0.430577941948712,0.410838060165697,0.563468321361755,0.215668664167614,0.552484786365961,0.481266946298106,0.511166321299985,0.709428377082561,0.570817648450768,0.463052900854796,0.422599396524802,0.452785680155865,0.390700664945914,0.571517084759571,0.564658694529655,0.50236208739871,0.457977491874421,0.253603445614613,0.629847573499087,0.615605736831742,0.542904017208847,0.471726181464377,0.562950971278282,0.305885210676228,0.452394406053468,0.500904084250664,0.454364768900588,0.566801928078118,0.5249624794405,0.569790119500669,0.420690604733085,0.33277724805184,0.67179618385039,0.556621240526308,0.426573650910733
6300,0.509496779284001,0.677001687044094,0.496395741836702,0.493310648802159,0.50542126798839,0.417772561828686,0.410328661240426,0.388782202561863,0.554013567349902,0.324602183894226,0.612851802748963,0.562090719095761,0.541339572063429,0.249871690210645,0.474868372053516,0.341540768615756,0.429154519915324,0.382013954302221,0.521097968018191,0.56854311208037,0.601574159257025,0.657957123062692,0.609442913060393,0.37365089352065,0.380656277017237,0.312665967451176,0.394945769162426,0.287181273448259,0.404505178628696,0.48656491977994,0.45621605407615,0.566324034021545,0.360725212474353,0.512245357481043,0.610599144589134,0.478343793539,0.415233238857458,0.506534470636778,0.35409781512255,0.607733942617798,0.534335541812129,0.629280726961478,0.282232545904759,0.476257404072415,0.507104503323381,0.510611200183127,0.634130236126947,0.390930366236438,0.399963764193633,0.384792002318762,0.545587201972813,0.47484386718094,0.468625518065323,0.494526993717556,0.446634847444265,0.576865752921827,0.471915051508803,0.521017274545337,0.497773746678674,0.507011382390458,0.443581601219378,0.39827763611177,0.410383716122794,0.564354477537676,0.433963582995198,0.494325717250044,0.327066573254642,0.619163398414512,0.341303710396076,0.554517993299854,0.539826834855131,0.340068440808485,0.765336289439522,0.611779381762822,0.415944251588486,0.489911876215887,0.49150826109897,0.301161299898393,0.628885256327897,0.437216317989016,0.477859448137107,0.515810668071962,0.204485233965864,0.52233887337278,0.584279228197702,0.651874386340245,0.54546334058659,0.574455014615586,0.493505959605142,0.479550313982603,0.613450724651933,0.4834232443702,0.535348132908491,0.583326814190368,0.605705578000385,0.536767337898766,0.390473969285313,0.731188093203256,0.645036779510695,0.376322816565088
6400,0.583624216411162,0.765047270949004,0.533869176440568,0.526594365139751,0.605431462533946,0.478880019960073,0.434307324831004,0.480272051224264,0.51338348886659,0.494046364093518,0.51526484399217,0.532436261232521,0.403511583658197,0.522721354624303,0.641684723829355,0.340678022723199,0.462968562991961,0.574645947414349,0.627775930321379,0.565123935821633,0.794399030422013,0.626845368431344,0.668325588291151,0.31027106462082,0.403341597163777,0.376665002119028,0.495928560943632,0.368540511374907,0.422024351946444,0.452047883791877,0.433759758047839,0.457552831900001,0.347244762037,0.531409181137206,0.534377746138882,0.572028971761391,0.453525608735787,0.453916086689064,0.407461755862247,0.512368446378174,0.529765174053237,0.721200669577113,0.438279976184938,0.559469066738505,0.576989934101087,0.500385274797986,0.680668257052784,0.413705680485477,0.484775517262817,0.474171871786507,0.767891846004873,0.55215082082638,0.613263260023594,0.451471068874422,0.515691037361035,0.549528211143873,0.391134673271517,0.573003115424404,0.519891219722377,0.62234585449609,0.354162310389224,0.275382851409533,0.356213696675128,0.539062318229399,0.419855346874946,0.550902267678264,0.299635992563367,0.603851255531651,0.387933386244124,0.596527239035135,0.542713332797247,0.301003503379003,0.753372791340691,0.580397371927141,0.475839124974984,0.585332128442146,0.419131913984053,0.358625085373502,0.46266757659578,0.551961808918061,0.625536303937821,0.586125592869068,0.314852585814164,0.514442771967182,0.514570643028163,0.518480693347175,0.583739351286019,0.486696676271487,0.529904813713054,0.531121749172927,0.587317991665209,0.512315314504661,0.48756709289555,0.696127410979782,0.492468823041474,0.48360467701183,0.319442843183508,0.775869911164548,0.581849747656564,0.425252301873997
6500,0.57287462160823,0.705340308656557,0.49536494048035,0.515106511167041,0.610783111712313,0.388656680408504,0.396449387338122,0.436875981087576,0.554280951230753,0.517144121385295,0.606279868240342,0.40406819573951,0.330514339039783,0.679043435164948,0.487125237272111,0.495756141893536,0.459863078241133,0.47479278436331,0.512422333171164,0.426774519341866,0.648812910132086,0.613494658738015,0.564710485580528,0.315075255294863,0.489310310654573,0.31021676255762,0.499285267294315,0.439671925369308,0.452997633072221,0.4247915876836,0.503294342280135,0.359208778709648,0.356622771425191,0.573822513739258,0.41542709974053,0.528556550678317,0.556305766966953,0.301480421363395,0.384882659539324,0.462476037809413,0.493760030351469,0.491710172207334,0.474653522358861,0.587479520738082,0.611583693979373,0.538684384711421,0.515262635875728,0.397179412342034,0.534718578677717,0.604827603271411,0.710374843226976,0.624713031440835,0.634685608819632,0.420836854101621,0.442407069560522,0.553933373090592,0.377229192711013,0.535369733584614,0.425255027820824,0.593117225243774,0.403533429515631,0.302244038035997,0.344446361459457,0.493522803003422,0.359534489733795,0.618172056272529,0.267307555386484,0.6633736190682,0.405791981492529,0.562394977495413,0.455805434485407,0.579549459467051,0.764715901906246,0.411928042208311,0.515331643877155,0.505903934941334,0.445332797722793,0.482448054136487,0.563102062768549,0.45203404303504,0.585520371996042,0.625066458752082,0.315595974750924,0.470936109950844,0.45102027640756,0.446048588407892,0.608390954357804,0.457634480708783,0.685773799824427,0.460067979995688,0.546423991628813,0.443808698036147,0.514845899451759,0.628530968845293,0.393868712359837,0.552240051681732,0.414688139034503,0.705139302662114,0.515077050546185,0.513614384914403
6600,0.513786141824132,0.771135236151811,0.601289993938799,0.52775746197147,0.463095375867746,0.397268942650166,0.367104156274845,0.472315367919902,0.540627894813158,0.45312789500504,0.47835399895436,0.555981789923816,0.369476869601585,0.520816381557299,0.456350360164909,0.605600513540189,0.465077844312867,0.405207312796545,0.37156625236505,0.63954788459567,0.711225948069264,0.629115759469609,0.398221130176824,0.530672194571667,0.403591897480927,0.419437333714512,0.68310720223685,0.427487166869378,0.454967394938881,0.490265841633183,0.634046663395515,0.413379141628944,0.390797414980626,0.549748476123944,0.479597543499904,0.48940641620647,0.575770036603805,0.319688781960223,0.552110034421925,0.49757509187346,0.480268616300267,0.585712403936402,0.581692017175801,0.578694702920134,0.597364729106931,0.500370356509343,0.577754348801891,0.493610261896167,0.437360098801547,0.565089761813716,0.654711596806884,0.572402110972937,0.52996452168433,0.446740733592577,0.336058412434015,0.430206769574335,0.489343844841885,0.638473990169177,0.550961420888333,0.619345965494572,0.426145124982222,0.488890072682763,0.405442053070019,0.612481448788972,0.423314510344574,0.483973067811405,0.409119235775082,0.622002523543901,0.375271086045498,0.396899499380354,0.663912062442259,0.597788545667533,0.61169924340595,0.459790667081486,0.491564151240217,0.598245663510407,0.533780026059496,0.450600381565833,0.64312781646387,0.515294723742213,0.402414569914805,0.607511352573074,0.350458632098466,0.412756839926592,0.459583872243625,0.397339516500478,0.567314508813737,0.429944382809982,0.719357792617782,0.302891380371826,0.533284266294959,0.547118530412652,0.534997578497004,0.622573835772366,0.569324807328395,0.544164904412214,0.565972160069707,0.74030238839475,0.486283448856953,0.582794048303679
6700,0.526227922789743,0.602606105941692,0.677826717580201,0.532799569813997,0.512704727121312,0.471683061941677,0.411509158499727,0.420255138921753,0.416344386951968,0.513311404898192,0.610962891179139,0.668298275981955,0.595799342745689,0.404933301049627,0.469487685309642,0.612754366675162,0.481606615423539,0.309317305582925,0.316958654522395,0.730031744059,0.727177677834521,0.705315941842769,0.493817037031125,0.630903524707485,0.35346944588944,0.558994258806788,0.751545694307752,0.438809720334201,0.504201311971311,0.513219548742705,0.668395850067969,0.520829785656848,0.369364845169692,0.567151716102537,0.424283078355061,0.536359973510555,0.707359721984514,0.359376590625614,0.616080603745708,0.449035278460527,0.57294948620451,0.632584723749527,0.58615300092621,0.500472677458693,0.60090901232915,0.558441193511176,0.511975375725761,0.714188108892089,0.481343819654877,0.642709418876649,0.65968614691008,0.611066459064495,0.451289092862448,0.433517747219156,0.411104395700972,0.396817370765736,0.464442581964792,0.544315421932845,0.571036784323314,0.484190768904565,0.44808122501399,0.43074610948355,0.363824186156368,0.756374532085711,0.472970328479833,0.477874090662274,0.485438642943878,0.621680383542412,0.399559346509018,0.515097559476396,0.645543529660177,0.53949098047485,0.611110707104535,0.434131832582829,0.567280404219381,0.792715448206473,0.451400392605878,0.547850283316032,0.712987700743733,0.395956037222348,0.504375134798482,0.499043768079538,0.465766480817915,0.661223108644821,0.463428376099209,0.446771528461631,0.561606711926736,0.470545449427394,0.627358364238261,0.219041040338006,0.681820529670745,0.531327387538251,0.574685548197728,0.617591563821721,0.611295636655836,0.437262097927461,0.652493927190483,0.675895005482533,0.548865970582298,0.538420489858944
6800,0.511068445401217,0.445087758386126,0.774908017770827,0.503041475988502,0.382588572865462,0.449396533301934,0.580431013368439,0.468078617534614,0.389186909190282,0.41201852872858,0.555670421066544,0.622909646803878,0.647250240934655,0.521809560524045,0.419415711180491,0.732628346260407,0.375820344063398,0.350612717497316,0.36355093405638,0.684679723208267,0.6450653762262,0.532153956361614,0.638782551124034,0.603585940153254,0.503970313471009,0.56533893318108,0.663611306721921,0.419130349337126,0.518546253477474,0.377516066339798,0.6460419688064,0.587962811784576,0.366181644769271,0.533989787516925,0.458429126383319,0.48169595554124,0.648016457545549,0.362916757159169,0.599777825664751,0.411901894436406,0.586429464303658,0.73030625438513,0.528317570277253,0.488368661221224,0.638751018829248,0.540527241614326,0.415091146315332,0.817898125189677,0.486873173940246,0.595923190773045,0.742673600981412,0.50842100102384,0.510860599505211,0.454500270484069,0.587606446897982,0.627805831082427,0.556328389454543,0.663342086150845,0.465362910465596,0.553486970333065,0.402190797510134,0.431368775118205,0.351328885143101,0.734529475968246,0.559302313806561,0.481077859498546,0.57018392559734,0.593785942729405,0.311284085304728,0.548925049358766,0.497613639678007,0.533685353441806,0.582206988762275,0.369973555240459,0.493101748329272,0.812236542730833,0.357454490178697,0.501062741268388,0.774209859705325,0.351268117560904,0.471910659924299,0.489597409238693,0.458770875882962,0.748977344350876,0.44445013193778,0.491322758361522,0.457932047211514,0.634149190842018,0.722938211714531,0.292043145208036,0.594459124258501,0.538306819693575,0.572313282720786,0.635790972438264,0.563589574328454,0.497270670747619,0.683852605599163,0.659906954285031,0.550315378253337,0.506959217452469
6900,0.637979761639955,0.422922921046572,0.659757511086394,0.593791645963054,0.356126216921991,0.403789956066706,0.491858033204174,0.494575850260466,0.362801320615143,0.369491710651244,0.597540428253062,0.639972288196342,0.593723082847009,0.446654145529478,0.377566272023566,0.535263935292228,0.405200234243716,0.374820327928746,0.43537393176425,0.639572159789638,0.745630633215669,0.425273562404955,0.542221968489338,0.513178856407025,0.418110294475705,0.685960487621108,0.467088706383492,0.487385367747889,0.495511813347545,0.395618450942816,0.515009877267682,0.647548537434969,0.451021608660577,0.561329444591948,0.391396066850211,0.657020437024754,0.72848037242363,0.376724311560037,0.531398800615136,0.477550488084769,0.489281067086495,0.5641814715557,0.535095088957704,0.529946546932019,0.645465655391243,0.689705319175207,0.386131811140362,0.732812429818551,0.405419683369276,0.490385872242227,0.749695294743557,0.451590938840356,0.521213829683858,0.423980644961606,0.554214403723327,0.588303209685943,0.553567115731018,0.586126036886609,0.439586558730411,0.536131125820177,0.399946851756163,0.396707958192811,0.310608945493471,0.606948137977379,0.364075296899503,0.440969031321975,0.612243975213273,0.613401432129566,0.337033762782546,0.528187663136079,0.531969058262899,0.534480766150949,0.655959100867392,0.263436012565533,0.633017485024551,0.614018927800864,0.333463849342948,0.452322163577818,0.704648564111037,0.402007948889859,0.543089983974253,0.463889586026735,0.348789663262103,0.651204790271642,0.472682758651572,0.587489432782269,0.379813689137024,0.616823351565537,0.656480926992357,0.299119884652189,0.65335136257064,0.453240067229883,0.572688180982154,0.437415166397762,0.473574280748942,0.404002827386448,0.734652270446639,0.53241690297479,0.530483721235421,0.565991979306104
7000,0.516657434526532,0.539333372492933,0.700045628796745,0.536671740037015,0.459128922852555,0.456585831913412,0.679642564761252,0.380448733568628,0.388638192231487,0.412790892511489,0.527895967314508,0.702016272867248,0.597913543268115,0.370005328301888,0.414361693078792,0.484485599509263,0.333162620771493,0.443168661577921,0.478145985537817,0.659598594263986,0.579135017816976,0.262030091211417,0.383018458865101,0.481329476015529,0.450239495637637,0.612753796036215,0.478648982379112,0.533495034496463,0.545066875677932,0.345933708108541,0.465857868142579,0.568875085371756,0.465089396643749,0.454852945819874,0.396667630134387,0.480421348509325,0.700282140936333,0.472465175770229,0.517353022037568,0.604849755428492,0.645367870552542,0.528989839313974,0.616979976882428,0.518603100170868,0.726254995640033,0.658913842457796,0.478605411907548,0.571997318435078,0.56066935716075,0.413616091667532,0.645533549928575,0.434466971306232,0.440194654729777,0.441380937494752,0.585792157339476,0.612569093711539,0.540892518944413,0.628750051795692,0.439577918649134,0.652666232644314,0.456455553364337,0.451538608173557,0.393413345188409,0.555016413372413,0.435459033611378,0.446568765761882,0.407882739918662,0.580603656059094,0.469411754409128,0.562621359845548,0.491813561017732,0.610349501637216,0.541810881964548,0.452937490405766,0.565810808275194,0.612132629604544,0.37333571322929,0.465235476779232,0.582320499662996,0.423535139582058,0.529125892536669,0.359824566901525,0.416208260710976,0.557654840559896,0.402707022118038,0.62757145057605,0.379966598358548,0.586278193381383,0.655094671257226,0.353493952350194,0.627381511453998,0.492368043135592,0.540810340844367,0.633918782082117,0.518215401705752,0.350821478464734,0.71050189509294,0.595711866973876,0.475709274049303,0.522346558805502
7100,0.463791456964522,0.449520067248128,0.791894404369261,0.357385011551205,0.599430213226609,0.437279065724742,0.528279965101126,0.422774659738245,0.38808720022818,0.370155475130712,0.538132323771234,0.512583830416267,0.640759300188506,0.389660867791405,0.475874763266483,0.61525166006392,0.485405161967971,0.414072546458601,0.58765071795762,0.603866610526837,0.580539306112041,0.341110659436204,0.423753608378502,0.499299429693628,0.344816934078653,0.505425356246232,0.336436090771586,0.519539615100585,0.47901592423682,0.430259140989982,0.484047793465226,0.590962435964677,0.407272815833083,0.512214972334935,0.53414292168133,0.549264689473784,0.663107208475205,0.64763264996826,0.484166348488742,0.499203745773648,0.637266056731974,0.520626928226859,0.56307988622312,0.471159535304849,0.525138727502899,0.570235557337973,0.496367673408381,0.530109299521689,0.589795803384346,0.481735561717162,0.521245731885945,0.437481191181626,0.552877430054923,0.391350732888657,0.381360436640989,0.526075635490818,0.465576129090762,0.447821717117962,0.421461740421807,0.635386224214416,0.575586595292729,0.430920901534295,0.395398794955877,0.550869351342208,0.50192116119781,0.576160147703726,0.489059982206641,0.464143110229686,0.452202099744407,0.518083029067267,0.442976223816605,0.513232798184888,0.576010164001981,0.591928241728636,0.517076259882157,0.556733802119305,0.381986097172136,0.509545322898366,0.558617075780774,0.543422324501478,0.570051817401306,0.400696549395111,0.430147818192827,0.56928806839743,0.420852847612441,0.684471025836976,0.440067701592677,0.440996404900253,0.677961704466317,0.447189800029658,0.546536901754001,0.476810957086328,0.60447723729578,0.583528622122641,0.436353564345177,0.274917934948044,0.733919436228758,0.447342909230607,0.454493579977304,0.537922112061606
7200,0.437624076526675,0.466216157721378,0.590948373939942,0.389365536827833,0.580922698042519,0.577647344181479,0.529810939297774,0.417988531225581,0.36014153189977,0.446677417071038,0.554434701026709,0.482454672362616,0.605709058620139,0.342687142149868,0.486192670208187,0.426053890619016,0.60852622784255,0.351640790351713,0.55756218274355,0.5205818245788,0.519009865338637,0.291556760598188,0.326580139036376,0.380904957125305,0.391216574253611,0.331739530920662,0.41451061303417,0.438468214189235,0.417594993508925,0.498353362574069,0.540983380196524,0.537169679789499,0.39191615592845,0.433979591891611,0.550892792201513,0.637968470913895,0.508656043074146,0.384719848533043,0.481184946133802,0.485044704113208,0.574937646930558,0.38246061535276,0.455992420992529,0.390889420268897,0.521356718280927,0.471878094358139,0.468241252569044,0.614418016674946,0.750495137409737,0.415226860579564,0.462110048619286,0.436196737248646,0.608887610215227,0.326938650468148,0.351283690493241,0.437996334440758,0.364579664141328,0.468883666780251,0.515982513810405,0.557830508505802,0.493927720840633,0.504728186904016,0.351793396820528,0.41927292300835,0.553268061823368,0.547804896710307,0.598572960698778,0.37696019309365,0.473483514453222,0.41071556184244,0.390166787453389,0.495384625122538,0.552464041815102,0.642263194231752,0.502091170370731,0.386068852026136,0.374928138884571,0.487544701965564,0.561686572028291,0.44023893891718,0.557624935690654,0.389728037773763,0.478715567904042,0.530036847857496,0.328777517608843,0.465436378380984,0.448033813610957,0.246059642897885,0.589748079549141,0.419073908045589,0.486150582589632,0.497046406681768,0.61295873568732,0.49321823754209,0.442418617058487,0.25159301066638,0.650637058075919,0.33593008761496,0.426333885719226,0.413959547497187
7300,0.452836947570113,0.493788904688079,0.531897719139004,0.484037358868854,0.532430624515873,0.446811982664102,0.448369646823787,0.494266901059973,0.346430034423792,0.381674625721241,0.468378066418348,0.653990934202926,0.510593123849184,0.490797788673674,0.508985803222342,0.392300236325624,0.487918117542245,0.445649286148339,0.556338071404838,0.432129392403788,0.568170585122435,0.299974366828935,0.380139699579258,0.442220130082527,0.326580414432791,0.269876579721064,0.304231653706318,0.375209454678717,0.419801899766892,0.485778546745929,0.476344445925211,0.495813875984473,0.266378788115428,0.454117570486938,0.369711969322516,0.597605735823547,0.531125988041805,0.387939579455128,0.366987350082823,0.473216001288606,0.567471366200356,0.427056625725416,0.471366570041197,0.296265577515784,0.527205510636474,0.558920571270409,0.574133950694478,0.424885239743581,0.64655917979571,0.401514990117934,0.442046647663972,0.448551111246099,0.40361977506523,0.245893816221086,0.220874999314714,0.41443295933282,0.582620631328114,0.433850093353084,0.509132861773158,0.526832438458641,0.368247181544004,0.530862998664192,0.377821435646635,0.342160653144171,0.505044482692329,0.499844309089188,0.539157261592986,0.324959499886757,0.574934374484247,0.351377401489482,0.468349699803766,0.381445821432347,0.494551648392773,0.474473902607068,0.388839871568352,0.517495378961827,0.301317797956922,0.691124493594823,0.529509969281098,0.423139897213278,0.535247987713027,0.515438396811084,0.41168923176818,0.46826682078273,0.23565365001676,0.317461469658462,0.626910615302544,0.234506183703613,0.500614551397677,0.321574087672226,0.719437323822118,0.551730806097411,0.633928432018032,0.519384774745462,0.375062679143542,0.317319865752705,0.6286175319014,0.195598110328107,0.40846737882565,0.437478083759716
7400,0.651709496308226,0.477935538314767,0.587156065371394,0.551324325187868,0.474466136824526,0.470122193248053,0.395948215516056,0.480262662092318,0.40536487960878,0.495697330880052,0.498793989007117,0.486114459699668,0.406982410064309,0.551351849824942,0.648182837885358,0.417457842468882,0.486716486806255,0.386186088180851,0.497346553758878,0.489015725613166,0.464211506471784,0.436313934263857,0.454882937917448,0.480986794636534,0.286568531339495,0.441897164626362,0.52208569350667,0.230492365118042,0.418526226608614,0.334085860060852,0.395751371763265,0.486043628104975,0.406381281722679,0.455856077242258,0.417425097279137,0.558414652230083,0.501109552813513,0.351253571952578,0.379178118234013,0.532935740932497,0.447921095019409,0.267929313252794,0.464092323837323,0.366052244197164,0.408128170659046,0.540939616677052,0.555408286761839,0.412225189573486,0.422908969244045,0.555312976967845,0.426384142549335,0.493447692702715,0.445435634055904,0.177161797121076,0.411124578641202,0.427557830804411,0.398933074362865,0.412625018072343,0.492835807687579,0.507362922902372,0.459806631478282,0.401657266384622,0.376545613426223,0.405752914209079,0.547878446055905,0.540277598306617,0.579170737191452,0.407856128183715,0.51058567670341,0.317942955318537,0.565632593090231,0.326516396634413,0.45675112500372,0.493708181637333,0.401539378531766,0.535748370985978,0.44163539902866,0.705044268864733,0.385028768050407,0.433625475244549,0.607704797795787,0.422081504847199,0.467994920239278,0.623564570960519,0.257022520997787,0.286793606508183,0.664084888739104,0.373269021459238,0.482982057985825,0.274307327317345,0.677105294017288,0.417195231926281,0.663941420192858,0.461507592549617,0.370261756478754,0.488734468482861,0.603845048308432,0.255557135967245,0.443008362519145,0.448225814087001
7500,0.525894786305264,0.420375666649577,0.514764543042871,0.475229358282472,0.408960589901303,0.46395031300698,0.375242410010109,0.350816419423791,0.324614624894327,0.483452743589438,0.520846692145086,0.510115598031586,0.501630879415774,0.439846080791184,0.660344462651233,0.310149283881458,0.533047943427936,0.428192038415627,0.664687810062766,0.448941256029777,0.352363491889648,0.469037539170151,0.390056682927445,0.424559989964041,0.325716653056041,0.53047347013214,0.419286650630153,0.263341898148607,0.32038650621702,0.317597645738054,0.431480242637136,0.555372407266655,0.304721399850961,0.473200676586526,0.544367390187561,0.469374044339618,0.573343315725265,0.326660174158528,0.506715476429009,0.38592760498074,0.317020358452901,0.332084431731874,0.462078898935871,0.274369881244481,0.402288075018546,0.553710920955607,0.462912767876698,0.369351328168052,0.405982201184791,0.37512438864227,0.466812059914948,0.413617131713992,0.433478976710997,0.171242485207122,0.526553034053812,0.360448447243016,0.424007898946033,0.344455260615751,0.445739149191042,0.538106909792899,0.357554529999028,0.407476866176833,0.310665488680683,0.37870486073023,0.456126876412486,0.417315709591174,0.713776815387754,0.215566393217689,0.573422165737737,0.323697354164824,0.463944690994722,0.287999874299319,0.390777632330757,0.457387272574302,0.597302826038927,0.536665918319769,0.561254628082717,0.724953410467858,0.28648515016332,0.547155941966735,0.412487783910537,0.400678101798501,0.426395414901587,0.729552792424437,0.323167452392211,0.240090683198495,0.548145435433388,0.307339749812221,0.439264320491531,0.145423167638575,0.577997729872129,0.458639946062033,0.513921480625275,0.379014341060039,0.579543977650704,0.368779890360417,0.495036272423223,0.277608860680059,0.453935697571639,0.359473587293574
7600,0.449761330895829,0.575580879381693,0.520208357453394,0.570461536359219,0.43350561593969,0.312826860552925,0.391210028914786,0.325939683309881,0.377497790672784,0.555114631595398,0.47971729790883,0.499311383102045,0.365511552872281,0.467274901426845,0.542240065093948,0.272158578198071,0.50301705840842,0.390802196345714,0.672121392890167,0.39066837687013,0.284730719784252,0.414513819996142,0.347955539346032,0.432794057933301,0.286723139446022,0.590919944681155,0.355707080195865,0.304808255214542,0.381073235500728,0.362058577194948,0.515759343934222,0.378340498248228,0.347172193822367,0.389772776607437,0.387489373521909,0.445370830939313,0.538153473758109,0.286100218022379,0.454914956327776,0.413683684197021,0.417885845425807,0.39815310271388,0.567316865215524,0.291228841264542,0.444804865733439,0.61386609574585,0.573519515110173,0.339519725673562,0.427584407804823,0.251179446821929,0.364614576837771,0.406621230901669,0.478844251798518,0.290766924245766,0.532709352653567,0.404346929231791,0.468842268453043,0.279552731234106,0.435500051991343,0.523001778489793,0.243962311038352,0.379588192822607,0.225226006321114,0.459080838882047,0.485649930949503,0.490294318904295,0.571676731774734,0.264801270429092,0.609229744207317,0.225091951753194,0.246283052099931,0.327429974658505,0.390328593840227,0.381573766912947,0.513082789237106,0.36665595726147,0.437821453564149,0.576312826174914,0.180232635711314,0.490163893680929,0.388139341430726,0.424352614738416,0.373122039279236,0.622045822753413,0.365573755244079,0.259174039170748,0.45034471399692,0.339398593452757,0.384584512514037,0.115329497925822,0.553511431286401,0.486694707634816,0.410149386006561,0.404430646222117,0.552402848342552,0.445215940960899,0.434264556522481,0.209913547961927,0.404222994795575,0.536227186922332
7700,0.424835544432031,0.365716959703789,0.349222447272135,0.60342811701812,0.492314389002494,0.343000733828302,0.377897924161384,0.426148436806856,0.238450204336239,0.509856051581142,0.397060556423601,0.552938432706724,0.376654590087187,0.344283335577129,0.482323380226944,0.322640696319344,0.443341579048423,0.44259282891718,0.389089274548043,0.450202282597835,0.321434946033093,0.328866440969647,0.440260045675242,0.287470362520305,0.391443297508863,0.340393133678675,0.431222815838732,0.326553114265548,0.310133015042301,0.278410248308649,0.484193336932757,0.464564007480275,0.396144073115369,0.452632737543924,0.392750732649384,0.414384529336144,0.452900595664818,0.256449849660602,0.40177052912614,0.274823515175881,0.446522590885981,0.532656942913064,0.443967395219594,0.288771663700292,0.566261047769235,0.538098287417064,0.54614079409006,0.325370084815685,0.489498983286032,0.243770521588882,0.454743048397175,0.434619883200328,0.436747906312376,0.345478442170804,0.572348005611252,0.440239850965766,0.394301092329127,0.24286247652851,0.402581000696323,0.581706792598568,0.196559620660542,0.516754204951473,0.267501643975886,0.393723364297118,0.418817423967935,0.410183597360942,0.552642989184471,0.328930353027535,0.548660675287452,0.371210200355693,0.391287544541601,0.409947264144666,0.439554527547675,0.286172002780536,0.408594336278861,0.214143452749071,0.450084102156914,0.576765683074837,0.309155170718798,0.383915022337844,0.269811314791981,0.331353524175093,0.405632194512487,0.494342990144482,0.39539354446592,0.308708223747055,0.243357130309362,0.443850009885944,0.405861187400661,0.0982535776478208,0.37233119105307,0.481089891071457,0.372762081636353,0.439437343882692,0.423538919722953,0.342497601780567,0.376934691482029,0.157654257543527,0.408624153418915,0.420791922298681
7800,0.364624973554123,0.275934785678399,0.349551223672874,0.605466248123509,0.421716318498065,0.332592100312337,0.368414709471273,0.345043164613319,0.143261729620248,0.348807410922344,0.340235057660047,0.497613698040381,0.338905180414645,0.333792406887464,0.401675563327356,0.168231859490641,0.415742350920247,0.463320147800596,0.343228663370197,0.444154836589009,0.370746729885881,0.267045735415829,0.461878798314829,0.399267904452811,0.392480738411549,0.400987099051409,0.458947999737452,0.201323260939391,0.333697119007971,0.276529392426701,0.349398739715851,0.388571681901977,0.449721383602574,0.406767992244366,0.438081244931543,0.250845352529268,0.413830356017865,0.272906902606114,0.356206345375447,0.218369827098828,0.321688988995224,0.484562761366404,0.489268311437511,0.410242950300527,0.429984721562655,0.430508983967264,0.474357888618593,0.281601143854524,0.556480574291785,0.268378005594836,0.551535630955309,0.336326509960253,0.47522215836965,0.396801695000462,0.483726755781719,0.429634956171685,0.462081258303012,0.249332820638688,0.332072483168168,0.567900108023786,0.28556958615106,0.483320140931161,0.38205509489624,0.349383452283241,0.310928101955131,0.370117783692414,0.631916496885793,0.334652246088063,0.450604531481516,0.353075128988563,0.473434557798639,0.246589380383537,0.284025242209766,0.27062100841242,0.326466131406549,0.372119224360908,0.491772313246882,0.48836233307127,0.409391636555763,0.242883388306588,0.478888642434692,0.256678154515234,0.37514323543951,0.425108627572211,0.443453465402767,0.448379557931643,0.340022241549688,0.345410929634319,0.431985818565432,0.258886604431773,0.296295990561854,0.541844047575023,0.402176188397963,0.30683483279299,0.497518786300611,0.326992161537278,0.343063524857154,0.106137069052436,0.418436442310548,0.421576358031634
7900,0.368468929549348,0.261363001357044,0.320138206812495,0.608687418926228,0.358416592015304,0.291059768199221,0.281636942766845,0.415352029759036,0.159437986596383,0.528010549823293,0.390108244211046,0.525497741893448,0.326239655468955,0.22181450438895,0.387690861119633,0.201990123436425,0.44444811394782,0.39382123954583,0.262896785861507,0.385444159153545,0.29398602592215,0.223748116042897,0.479091363754689,0.437261936302465,0.468928879970128,0.439790351613378,0.479557225495526,0.255030295508669,0.457250772709035,0.257942257049094,0.37208539098333,0.313344398821916,0.391132017574028,0.378188298550972,0.389064392751872,0.219090324633836,0.273390355296929,0.331982922107868,0.381508767101467,0.202733038594916,0.406302087106789,0.42602069761044,0.486398692328575,0.348710403805284,0.382505703011077,0.420166734991323,0.392252239384172,0.284951204105573,0.477689248191674,0.28002218498366,0.501524179477535,0.290704574413753,0.521031409586346,0.398419180849863,0.457823316484175,0.403754441861982,0.367983957434362,0.22038211038054,0.384893983858926,0.445207918766151,0.359389905548301,0.433868399888029,0.428284872468087,0.354286294982735,0.234366197185641,0.409458296387275,0.374520936336003,0.381407062497855,0.435445608319929,0.197486307442246,0.426310713931322,0.149635683491591,0.199064394445407,0.240600442095423,0.340677647353646,0.185425748355771,0.607994671211883,0.350474332787696,0.289541576378566,0.22134000896713,0.485038371633704,0.243211828318681,0.304731891788674,0.362332675207037,0.324992980113795,0.4492318040779,0.375430666798377,0.441826553566653,0.334089931277935,0.155959173697128,0.227036191497688,0.657295318999424,0.358593802940065,0.387368629211044,0.457186462469473,0.366865639879782,0.336150341125891,0.143623263242451,0.480600080227486,0.378404128065763
8000,0.429364890213319,0.209420069612802,0.229667087216985,0.367848983685236,0.368202001527035,0.328272132627463,0.276920418951981,0.377198221530338,0.215261249870517,0.433791374602074,0.290054792475395,0.466679361520624,0.279364338551367,0.250415784010954,0.281465228530464,0.179813125627435,0.479521923872098,0.504123465704963,0.16190520628016,0.311466929212224,0.401642835902524,0.252557360662512,0.516024491016924,0.556886840613184,0.439703241904492,0.512600900114282,0.274071757806539,0.288407913934379,0.441680736116397,0.28275920502614,0.430468532892887,0.310212026087895,0.416853937557257,0.343321123037962,0.397307732160213,0.196000365531945,0.180381467328098,0.42353953393684,0.31967937306383,0.230255016996313,0.414935849137428,0.410322784764917,0.405236051010944,0.378801185125953,0.311471723364725,0.265040729268859,0.349848954031832,0.215236438119649,0.493591722422692,0.274881338184321,0.303458087010519,0.278174663391314,0.494534371730714,0.315196852787651,0.36725897681609,0.460777896412111,0.240753660650062,0.302743754825303,0.354218125934093,0.308491171588626,0.404634858258008,0.36370978216798,0.351291529439388,0.424763503809918,0.277823521435296,0.341563526884474,0.501818093239855,0.401372886356976,0.451346999606008,0.230128110613886,0.378309551975309,0.146586624328628,0.348355263083157,0.244902723415996,0.350237280686918,0.161501906706972,0.472382813734284,0.411000668837639,0.330929543662999,0.165477564787526,0.423145543607634,0.195203829184617,0.285324061862205,0.311447504732304,0.358025336335907,0.515528132390169,0.267265627493403,0.371458257947544,0.367349884698113,0.135022133420505,0.265852578745581,0.580237740454985,0.423741469981509,0.454711927183626,0.46949795004384,0.32903749055559,0.270796585583501,0.118959060289169,0.422495506997325,0.509861650581867
8100,0.526780664350641,0.220713592069237,0.232634741130311,0.310579237098883,0.336742881249888,0.262202307783794,0.315923517259852,0.378216089918032,0.244398381313264,0.461152877555933,0.287659105432521,0.466256184242975,0.301548754065101,0.291307211332226,0.414047090205033,0.293158600163597,0.520729687535921,0.523234312916281,0.202270326190699,0.32268200307917,0.37916265155261,0.39079174300067,0.36705923801694,0.52672704468315,0.457677251598684,0.366218809366476,0.26531091555898,0.251250268704862,0.365072793801458,0.286396433102457,0.418497345765418,0.454952142955916,0.473547426163369,0.287485634344981,0.429301440720802,0.287284289937261,-0.000577605434029071,0.415812221872707,0.21798036210501,0.158813580099498,0.395697417788929,0.392336919182869,0.439431493286655,0.443292368026253,0.373694370820156,0.298433273521794,0.329426135349432,0.347916112868341,0.435692836005861,0.154809072169766,0.205320385343625,0.337415524522551,0.42841582755771,0.302380055510421,0.374011839401979,0.34245366282884,0.231472429797019,0.278879683629056,0.407360920537984,0.280390876374848,0.269619432871988,0.327601632164368,0.362266013658429,0.394222415604371,0.235174740875021,0.262025815029239,0.383742990248379,0.465493357988065,0.401144901444936,0.331174705976149,0.294149909685652,0.217072383865723,0.320024514413395,0.32074542358792,0.395065983183298,0.183025293498171,0.475687317631088,0.421003269703487,0.282195465139564,0.328114515008143,0.396494595659993,0.28890632787592,0.212649245697771,0.262806797130621,0.311959912953206,0.332029524222683,0.339029491104568,0.280812888789616,0.519272120566285,0.259574917179843,0.216379416460556,0.43751614091391,0.313389179453496,0.553188392429808,0.279489452590187,0.376853960143763,0.214634242082715,0.142457626354522,0.413556162815332,0.366091886322771
8200,0.488799556027151,0.141933146346975,0.147858282207512,0.365325075649115,0.377396356461442,0.236794614835317,0.233051498403723,0.477215864439243,0.340358712515606,0.507952410318241,0.403025867328157,0.352390378587168,0.261420423958825,0.33305606049088,0.400520467258839,0.443204695349473,0.578965737646509,0.484801973942014,0.29622979689675,0.357144097908081,0.401420225479032,0.47205271067415,0.400453955996175,0.448247080476314,0.337050360224184,0.217794056742681,0.375572984442409,0.278301060660199,0.300710305127728,0.288883846121784,0.338172215665426,0.341154232764785,0.28996915767975,0.270064054446924,0.553072345223867,0.144692373260051,0.0131082132567835,0.280206448520313,0.315903351848802,0.144063189109587,0.340201357323328,0.209768844377463,0.449511348688958,0.366285547824798,0.392118254512421,0.467516776902036,0.300335694538824,0.493012769489336,0.409184910567477,0.0223413745231508,0.428044317540244,0.504415173291128,0.295578684051546,0.401695807935473,0.34137260400725,0.357830650511937,0.293110466237864,0.222562151858619,0.339345980215101,0.285980753357365,0.30417966719211,0.228770080506548,0.327595672330205,0.333980984968427,0.225500112198388,0.211126481571966,0.482086593762019,0.326422500653602,0.330928658501045,0.39846575143055,0.311519431951666,0.216136575336339,0.224852993200521,0.331014116601628,0.360224684504279,0.180888955403035,0.344384340199966,0.335105561189041,0.215973892648557,0.406795047172665,0.313340630715643,0.296353013524791,0.191472302979057,0.251721262494675,0.282637846098129,0.277650081276356,0.43156537685231,0.277776156012698,0.408240133970004,0.35037146743267,0.221040792512283,0.389264731233014,0.201683256152753,0.57470442520051,0.269319688274463,0.346903809139724,0.288234720900295,0.151512978609861,0.339450807030989,0.357770601400675
8300,0.508710522802325,0.15513232212526,0.232527608807818,0.370801709046127,0.242901074628852,0.217803436062844,0.236629576888178,0.418081666816216,0.314661586490124,0.379121944362551,0.414736527991174,0.257150988165258,0.178045602133926,0.293104438605161,0.395216586571156,0.284130534666271,0.533280890435049,0.558157122041197,0.430661449007256,0.38773079338288,0.412724436167693,0.29968868522469,0.294379222171074,0.299986188774079,0.373892351838705,0.204803355554029,0.485419775587949,0.347673211994335,0.363421124565618,0.268865879028836,0.333749391098163,0.330029962369688,0.2797681192722,0.381017760049003,0.438351438051967,0.179898787180542,0.226309351408596,0.333774937656668,0.223237796852988,0.237429344016601,0.325282099785001,0.269155041895946,0.248525205328238,0.404000451224048,0.478804105890346,0.404320380528337,0.179718565792759,0.441592490021134,0.405107596053802,0.103930882498568,0.303289357391867,0.457246840266502,0.273461503615849,0.413305949702614,0.290058845835989,0.32513147818212,0.234948766570755,-0.0285909036454677,0.411196134797436,0.198342525580894,0.409410634604706,0.2071005090887,0.26027821352036,0.210300032739053,0.373880591068069,0.177658647268844,0.50013963654781,0.185894628953701,0.360019481815369,0.363365310343749,0.1703414364766,0.33346758569408,0.197230684499144,0.347455084530438,0.300160874353764,0.311766193168005,0.266989492236242,0.370370233584779,0.281466830030951,0.373455132955533,0.293281200810914,0.367350618724238,0.285913044663116,0.364367461875916,0.103507701740385,0.265949749158699,0.320291438130652,0.147421849734407,0.435078606072845,0.384755753338866,0.180239869090657,0.405875741642556,0.183467232908319,0.64087845997265,0.321231208474371,0.373731187066023,0.289257114288358,0.137087599633805,0.291981662065944,0.365686460495113
8400,0.562133392438359,0.178296215424234,0.243440785295982,0.303466443284953,0.0833233177234149,0.159061019859964,0.251693402441013,0.413225780948502,0.216766510818634,0.255883887168071,0.370823517923494,0.258331299887743,0.199179866472838,0.368671376653829,0.457068907297441,0.217790335332004,0.438828926316538,0.523638972683554,0.290363349185069,0.424329705749815,0.498335545798793,0.31416421816963,0.279946690993018,0.320706565594344,0.327116627816145,0.0549824758683301,0.386082265644697,0.185064603363742,0.286576605560745,0.212875438199003,0.519292280755568,0.275187688756732,0.33339431993513,0.334043318575948,0.379218302121406,0.204205258041559,0.114614484134309,0.177784205808583,0.218202722955355,0.203444536414753,0.249507793603796,0.197567207290929,0.24730529961779,0.330164395848149,0.469145212225102,0.294071423055014,0.102470823808829,0.45613933885423,0.345399301344499,0.177199272610585,0.25097422880585,0.366268699180576,0.171670685616742,0.294774696401955,0.276741701625637,0.300320248240302,0.280944022835615,0.141214105283035,0.376982285366112,0.161234829683386,0.334955853642718,0.352927886196663,0.284913461669456,0.383734667908757,0.426501122920769,0.24149622247359,0.626450063030868,0.104664771567163,0.470668252774415,0.293622472388126,0.200893574221069,0.239404899889089,0.175765286495018,0.449020302048681,0.334388228439924,0.336570992673561,0.229764899339833,0.421837288211445,0.344567248514029,0.396852648306834,0.168879697842654,0.385170138169925,0.355011097545546,0.323718956827469,0.22159510774554,0.17225948435665,0.335315488438936,0.0441391013089329,0.59005496615871,0.148166455345618,0.300244976683246,0.562472024142398,0.179195409369878,0.484649929742893,0.366435918870968,0.458383146811844,0.232301933592798,0.156877093940595,0.153991087728676,0.4426774020607
8500,0.49539153547947,0.39591247330317,0.244522274412797,0.244846447666093,0.126821711913687,0.298397290138442,0.371004658389686,0.326970038107749,0.178062387671715,0.175625078016568,0.162172777572066,0.243576145605844,0.190315886562888,0.288330338341924,0.505151259761338,0.320682620593097,0.425951536926416,0.511890946582024,0.279518752223249,0.400118473507511,0.322665152951269,0.313254297728802,0.274295673182877,0.33301970443429,0.386462900554681,0.116074288987565,0.342667445054844,0.359301130287089,0.396246768540169,0.280180848233682,0.579713190521856,0.30236762845353,0.431014500039814,0.372201332042912,0.202290813188754,0.0115550772228315,0.221750490236244,0.31069720238009,0.230788246318654,0.192955207355116,0.160260003861992,0.143691726579217,0.295620128276389,0.217519692603191,0.422887325030072,0.343471966256583,0.23576834791998,0.454623677802133,0.258326404204522,0.167281449624163,0.148768543410414,0.386856787893748,0.343798160564936,0.309161543312929,0.347888029258203,0.469768639959991,0.2227689382361,0.0818977564006909,0.37401081299239,0.166839633499569,0.303371440577244,0.277033884620249,0.257598498552151,0.432700438451962,0.344768606130117,0.23503702063244,0.534871821548972,0.21490694422954,0.532250082803861,0.243716387288919,0.228564590323491,0.304028690022582,0.215769789682251,0.268648392445415,0.363240473394263,0.288176397681544,0.214004761798567,0.489428329391374,0.217366723898087,0.250742113801454,0.137414438068524,0.346429733658318,0.451671051592229,0.192979241976698,0.297098472331734,0.0664565206844027,0.364663954522353,0.0681567693521601,0.503332747069045,0.0312842231369879,0.213870575839557,0.3827797452558,0.304603056931886,0.428172889013727,0.29355173897832,0.309015164047018,0.186717309638294,0.238022733537258,0.0889775768291899,0.448504934472348
8600,0.508051055730153,0.4121699346391,0.167159874315711,0.26405810660479,0.203370248555333,0.288462721914225,0.392356610131592,0.118576873355686,0.264252968329725,0.103689828684257,0.269865811511895,0.181554719747648,0.139017902497581,0.311312472081384,0.44307990250505,0.383793934475667,0.35252811363405,0.391706097096946,0.304185545390238,0.431243875162866,0.19954721458114,0.330352975958127,0.187104404196205,0.374612341713569,0.340266388595932,0.233481934221294,0.443865272786497,0.296113379440669,0.382829816932127,0.344969712160189,0.43275638661186,0.252162654034589,0.373140799656028,0.372900480047514,0.11886468879479,0.134361366074148,0.221444442408332,0.159392911784749,0.39693031610636,0.17449852237495,0.251054182328789,0.206209771140262,0.261533097374692,0.371062942929913,0.361868063082884,0.245151835414544,0.332326091287714,0.468018728465868,0.322575180073481,0.246206459072475,0.182782697310891,0.403197070292745,0.386446370396372,0.347967404977505,0.325790810837904,0.333302959997923,0.104578659981354,0.0330903928117351,0.257430043038969,0.220540760031809,0.267818345816337,0.245110127186003,0.31241577276751,0.370296571326237,0.308884605214986,0.210048568850223,0.484919621512712,0.361914168111376,0.447127360985777,0.388219104831127,0.201052401689883,0.398109877979668,0.090870707672021,0.241448884375031,0.307564432831488,0.339291788349984,0.301168998149982,0.341806346047666,0.319842037676001,0.109465267680775,0.303124302258216,0.297605583425682,0.403096150034901,0.0751247491000265,0.301815140471891,0.0563350145329408,0.320088227652451,0.0102974726369158,0.449563771324979,0.126596744771019,0.276951527088452,0.349539879091349,0.163722259343686,0.307751219138707,0.30901530518726,0.282912109240028,0.299394746242788,0.131008469499157,0.223789150877889,0.560550587380748
8700,0.398722056455936,0.410316088406853,0.118881334632385,0.272274877874549,0.313660689579471,0.267852140322911,0.375470275227305,0.211504129537685,0.302268423264451,0.128123617978814,0.356617910834408,0.159724896027208,0.301788156224023,0.283326949925943,0.339210040876694,0.381825653850999,0.332528667064969,0.410836487153032,0.397976816567575,0.346309326669937,0.19200379277864,0.260019844403126,0.218211522630237,0.407428193482999,0.490116046432746,0.279253162753732,0.384525154728031,0.304144548890771,0.468861096883737,0.0708333776834112,0.302619462688103,0.279345485857713,0.322170361635383,0.414248554929322,0.228348772192857,0.0800358514050079,0.265872562488481,0.161480458182009,0.479943434110219,0.132153204919443,0.370180999525142,0.239028606663277,0.173372393124144,0.536433502825181,0.324212497096095,0.14074648758752,0.330871990974134,0.392500697061705,0.343270465651231,0.230423364186893,0.134167663114103,0.240023673805313,0.337551386860334,0.294484563096368,0.365662891311478,0.422457506793189,0.1900095131039,0.106214750557894,0.252076996519707,0.212313086890708,0.299055612361508,0.200396719230728,0.501472932371653,0.257611380269871,0.282568323709259,0.29945348763982,0.333794191020153,0.359500819832645,0.359719740804832,0.488121938842275,0.280101099886989,0.344191033788097,0.201476966270147,0.152566137350465,0.199983789468052,0.308859766254174,0.260426223047603,0.334968422211071,0.3434322927166,0.24737958264554,0.392423192569509,0.364496220934981,0.422089217051444,0.20155702880462,0.252863070001059,0.0631980002844475,0.383919294144669,0.0213324193426666,0.398659387669021,0.230258395573957,0.252414052823194,0.355039384214137,0.103277433341972,0.252550737283387,0.228915764875865,0.425938424917793,0.274346310618126,0.0855496088852956,0.215743563634996,0.380216001472818
8800,0.406879134016736,0.293520804841967,-0.0449174501084588,0.18500092690172,0.293478415918711,0.301607866318856,0.271191022572917,0.333480043028312,0.276408502555426,0.25666883978131,0.340668783070507,0.259614609455237,0.253109158743313,0.383850244442844,0.387805112374953,0.247828642435342,0.503265287458745,0.396490178473868,0.368333672306122,0.477180708784403,0.173870742026018,0.313978541484287,0.147643975050991,0.441881512607574,0.328400376860924,0.194718809135454,0.402377408544241,0.232508186323741,0.482251199108375,-0.0234383082295082,0.33945296568574,0.184382302362785,0.522964382593888,0.441044728994189,0.227900123089952,0.210473921745878,0.296534726873117,0.0690236941450224,0.381211469175171,0.172124572188424,0.376155793433021,0.140648101097299,0.214816648842069,0.556180204205614,0.253953464058024,0.204114800422239,0.225236111307312,0.340842035029823,0.297894775064305,0.125253885663716,0.220160322063978,0.321016356346969,0.33501391461183,0.316869862343883,0.380662790725127,0.466740037783288,0.165812660163606,0.0744710457087639,0.252360820826793,0.293415814031058,0.234680880543332,0.118600750339245,0.474564324685087,0.326914271465173,0.216731031028453,0.275851349708824,0.302735482179312,0.344843176508842,0.279429992537404,0.417893523149325,0.235193032583014,0.351385135691868,0.338053619890353,0.228853459549179,0.102464719319409,0.262128969052709,0.295153115650592,0.345401727833142,0.386621768744303,0.400458499646164,0.245327831016684,0.296707130023637,0.441912716441658,0.182582854487879,0.388029552836511,0.162891665035201,0.241277835051943,0.0915499426849723,0.274445163450206,0.416156647945199,0.219488415960493,0.192105092409732,0.0541730797578554,0.178943384577948,0.169871125415753,0.471513462533421,0.419281665484042,0.059078757798878,0.293962035795672,0.395675272746114
8900,0.294938193260164,0.30063840775281,0.105614098646952,0.221699919556865,0.268136560105809,0.267141460099798,0.326517412885784,0.360623475911231,0.213819696546033,0.121510729805057,0.280869623696098,0.302393779742985,0.144179072748537,0.467706793562874,0.340666793281416,0.163259423821121,0.605733774025657,0.336209272679125,0.430536210070693,0.454892882472011,0.363698420200641,0.151051281998167,0.135506066711359,0.367044494148506,0.231504004833053,0.180801774025452,0.338233891674611,0.333534297242485,0.398284287640473,0.0352362711186896,0.369453373621476,0.255683843707749,0.37957942794514,0.574916302650132,0.236732326134476,0.285880897359837,0.217764295677635,0.0718429979615614,0.272403973877757,0.310368250903282,0.379112807464591,0.152002373145132,0.237767197760986,0.469456323471968,0.389633113748073,0.0758397634297969,0.112384255566548,0.370985236937343,0.307951151482923,0.119260039463077,0.253956675270103,0.329107124368007,0.254923244121901,0.385754192009189,0.321519554114452,0.361225718143919,0.0396628437731366,0.0434562785675176,0.309859987058587,0.260181634924808,0.220219089637611,0.106910357724479,0.386739234137196,0.306765037169903,0.213875683901511,0.397964773417443,0.342584071522874,0.295166785348486,0.310097235020797,0.358928639722807,0.330926995154625,0.268050622785498,0.313031878737232,0.250745741162177,0.106515179435396,0.203474493988085,0.282644026266237,0.235150983805335,0.242526161520756,0.299955755415895,0.236241998068484,0.42484815672208,0.459952330095025,0.246770613053196,0.449320775121081,0.407076934905163,0.206258617968306,0.146380526395211,0.226084849468908,0.417250048341119,0.334745374033169,0.200811710867107,0.130717556724116,0.204258819011987,0.266616900329359,0.495642054661207,0.211562084539352,0.137020210195334,0.367323508003831,0.381293584647424
9000,0.401677607141333,0.317508693853597,0.110314847410101,0.194103531165373,0.276427166492991,0.261230544614924,0.325515581916623,0.284376555836431,0.206963711290351,0.0662525087879465,0.182180188265027,0.193404799667669,0.242651331887598,0.377382227336708,0.285178649263243,0.175475434697192,0.389234097962488,0.412365915897527,0.303409807761496,0.487930865915936,0.338903777918745,0.164329517088064,0.209258327322576,0.175644249797013,0.161409948528961,-0.0168710449172175,0.274485104582576,0.425643953554875,0.260720403605995,0.12743743664105,0.385725869734227,0.206647841703795,0.207212087220079,0.408905435395341,0.183992056555324,0.297660256465541,0.189811434091297,0.0848245465080255,0.25019073653117,0.274380767283984,0.412987903525886,0.142313408967372,0.233074841443106,0.410812686068959,0.373779024536337,0.118402330415103,0.153706711428406,0.110853333914527,0.305757133774645,0.206705773553952,0.264929790888207,0.298234635340079,0.287736731810236,0.24557737718559,0.138986999367443,0.442463017689105,0.216838821957745,0.125497037209684,0.437581385866566,0.284607658120763,0.333912341709936,0.258643537760175,0.287027605140816,0.281942022582745,0.222678587306173,0.3555797550945,0.344836410995615,0.321001011985357,0.260248055103768,0.304918572566204,0.260520671286727,0.229418328600287,0.235118198811861,0.29126054156651,0.196196787800704,0.277287110013706,0.255217313120179,0.185581506990705,0.303282079149642,0.231371817899907,0.218949030984044,0.394984622546311,0.323313354638889,0.224101857968001,0.481001852640205,0.391131937006337,0.29407556801529,0.135751301776651,0.331728799880664,0.254599011157442,0.308677432358547,0.195095010400872,0.287035855038291,0.310260715645185,0.148995893197074,0.337572465778918,0.302145400406489,0.145850630549617,0.314870566017402,0.257823749260789
9100,0.325782061965522,0.314744368580609,0.0318145500571251,0.168930750164289,0.344627555518349,0.177441182086699,0.350276686979878,0.147830866169238,0.256587612516588,0.205306785562996,0.182674725223726,0.25827511888301,0.283135964540069,0.231406707683979,0.315144062477217,0.216524933941013,0.38006764920764,0.437506131986668,0.406270906948514,0.283871383853433,0.119497815764034,0.208072965163353,0.153208845044172,0.190044941052323,0.0445349147832024,0.00425773890766473,0.195081438930564,0.47771936562056,0.152949873838093,0.163505643812261,0.270961729420439,0.301342077104892,0.0501828378847525,0.337243246522154,0.0615360128314743,0.18409193586119,0.214453530115328,0.194819514610303,0.226003615616237,0.0840091386221274,0.383854755214243,0.0736999516709921,0.208859652977838,0.350933667221174,0.345489181216732,0.025312834282613,0.182988420398916,0.0869038264710287,0.250100400472139,0.352564395543341,0.333866256671096,0.347155827241423,0.245834420613775,0.199817890806419,0.193038475505673,0.515310069004526,0.281863967138573,0.197457131009309,0.436750761331199,0.298213519135733,0.18196995435278,0.290061818019305,0.335422137750156,0.233248103020378,0.253254073135372,0.395241620728265,0.119292016473012,0.267983512827701,0.3410324952135,0.312078378639658,0.373013008337871,0.28638434689647,0.257960418436615,0.291516508477121,0.270205145545454,0.375861230631493,0.273953602274467,0.322157036656513,0.258110295017375,0.23347508814677,0.156342132923215,0.244433198658294,0.280598898857936,0.263500619546352,0.299829398617146,0.325926764749758,0.429126811138017,0.251131641678679,0.282759795652734,0.216523781294159,0.322166872997458,0.204854531882669,0.263702894017297,0.259383577950147,-0.060008201779239,0.226166623980193,0.258561683676444,0.182872282944991,0.236304485999572,0.326643036589257
9200,0.318486208596701,0.297881394365725,0.102971365752198,0.133904365458701,0.218948337898675,0.0647378769896265,0.327135938340945,0.199994336658137,0.262455509606665,0.134145430209044,0.146057610023268,0.302848842102182,0.367389493220287,0.302561789220251,0.196422774632346,0.235797020894456,0.418385534334838,0.324338459774066,0.413322811187381,0.18848609178481,0.068942509792068,0.325817991644138,0.109711322116887,0.120383812854813,-0.110729169607835,0.0715972610601597,0.0782252782021149,0.395465033177506,0.180574606741335,0.331897667518198,0.253134716860191,0.236232923060296,-0.00134906449560379,0.262058869170313,0.271666495162685,0.149367544343115,0.173384334373586,0.119094963643391,0.15375875179692,0.0537486349261455,0.344863239809233,0.0614291933215134,0.255722929639743,0.237387967527382,0.396945441702868,-0.0693337703147416,0.0571640217771033,0.259694237300345,0.300455995208404,0.33544469992182,0.190968475506296,0.214725144890983,0.1862517714276,0.130514579621163,0.238397376933164,0.288827423414329,0.161344678537147,0.251698839838256,0.40584641719298,0.322001482406467,0.0752157155030387,0.182407581888172,0.231133065149584,0.188376235506707,0.295320048723117,0.257653798090658,0.140731798862226,0.35255791786443,0.146973594419359,0.314622648460033,0.323712402176158,0.172613514445969,0.215812227948692,0.235621719961792,0.147444839534583,0.294847220915911,0.276871977443344,0.253072409121619,0.171944508123663,0.25747318595384,0.0368865792054575,0.134772151667151,0.14819851971092,0.162619425900584,0.101409489097535,0.205237713309582,0.339437878048011,0.252363010873354,0.219953691828063,0.222549875398544,0.324620402922951,0.162605179220136,0.153039645354543,0.277896508530978,0.0508803830308973,0.136836675243732,0.317460320643159,0.246967946145377,0.116209815198966,0.38865078988475
9300,0.408835081739439,0.32628420588156,0.39841939913048,0.218911070985498,0.30448438758451,0.109616290142062,0.378533520046601,0.0778537790905493,0.352489827451102,0.346348019097326,0.250454941445618,0.311522703458576,0.392434516577644,0.365304902339515,0.0719387311710522,0.153000244181979,0.336477414949049,0.293766883387031,0.439722606336339,0.21775587029346,0.07956511019563,0.219010328414515,0.0522558840209395,0.103160162291502,0.00624347050867155,0.167785129956477,-0.0460004123326611,0.206973347240171,0.188123554213771,0.365625167874609,0.319438284724272,0.258062108172084,0.0159083365051215,0.329949267772487,0.285698508859006,0.132876162387701,0.164074923966943,0.404814450516665,0.141439563431395,0.163372248186094,0.254334680714544,0.142882684257218,0.114958575116315,0.254152814894396,0.295222360771442,-0.0326360151755582,0.0564493347824769,0.17662793041033,0.27730401937371,0.469983336490811,0.19770760030628,0.214634977730552,0.0669227120296288,0.199327861121016,0.156298966157595,0.269397420128913,0.187080296413255,0.221614675555915,0.357508759324619,0.29905962627183,0.224746603280875,0.27747302391501,0.289213875864966,0.123876029632137,0.252530293788477,0.25349076632329,0.154536470279373,0.39015417375325,0.103850577141018,0.240537787223787,0.31246542116863,0.133705771564707,0.067076834699182,0.214076189606701,0.108753448175414,0.308626450410263,0.27618521662228,0.101261041787548,0.0917939277775014,0.243773624667194,-0.032471068457581,0.168170864541651,0.0997952940309388,0.14472500562293,0.117641155584248,0.172067829586373,0.365398656346975,0.129082210258269,0.173028143971685,0.329870086225279,0.185251517885739,0.175087480406721,-0.0234825647996227,0.341645083193604,0.125891728219011,0.238952652083568,0.279005276314998,0.117600477793472,-0.0414640705018023,0.348322438749034
9400,0.371805867253955,0.321791054165213,0.361810296312697,0.232524037170397,0.145271767737157,0.0181313672986897,0.347945535622335,0.0178519814754463,0.224229041811547,0.182444265245872,0.278714715956464,0.230557316770875,0.385974427425553,0.411653055849566,0.0920468568526894,0.158511161835214,0.290357134628659,0.343004652402949,0.4990375468008,0.255872834896129,0.15006789022399,0.251812941088156,0.0462050932223331,0.0654754359484671,0.0367841845782739,0.163734102830198,-0.0345679840151467,0.306751883331296,0.240046284782328,0.183018317100175,0.264971480881412,0.16719412643591,-0.0557568416015417,0.217971533453758,0.442234647180101,0.194919394123667,0.168338242958919,0.418851280224551,0.197886790294042,0.185061271486644,0.36830945853813,-0.0365890305706517,0.169052091757253,0.389857144964621,0.086032057017127,0.154736984790501,0.0521730091643398,0.184659930749476,0.15591942050993,0.264322594004075,0.153151224002915,0.122777541376374,0.0459439263176681,0.208565413980678,0.194429607033098,0.227713266624819,0.201769736633691,0.224908523532192,0.283928512718666,0.292016827378837,0.280224516188601,0.188788502062641,0.297143242153348,0.108302076990039,0.319928830735849,0.293386498060734,0.182699782361806,0.324290266674351,0.203657377555138,0.142922373442439,0.1912387908807,0.0616011798668273,-0.0414612892711657,0.0980837195172868,0.117830530056933,0.296714687652018,0.275179410869279,0.178028857451286,0.152662497747028,0.312558726798438,-0.0279176049757276,0.247329483241667,0.327224065119241,0.262303101531644,0.125392663601712,0.114080753318799,0.352770826266882,0.0368079971227644,0.214556820986709,0.147206987759422,0.189598768046971,0.270870055401159,-0.0414865301893845,0.361019235426919,0.0845131691873787,0.233545291387801,0.314368285666636,0.160002820744458,-0.066315895374257,0.132708854991455
9500,0.22679127467165,0.325336980452281,0.166652748995451,0.160395421281556,0.181100480067694,0.0681789006348145,0.256013752414873,0.04791117641088,0.343912058752416,0.16314046261411,0.318129578873954,0.135826726575503,0.291906626634679,0.42504445882821,0.183347620844297,0.192481484777153,0.331005861551927,0.265934303599093,0.468896835950568,0.389656896939717,0.155796001630226,0.151978988423368,0.207918436602632,0.0649117438910837,0.0485533889223695,0.125161695972731,0.00878976896205932,0.461653456848305,0.203081308211186,0.213447989794509,0.291510180409677,0.0401380768335257,0.016654922447907,0.0981927202866356,0.385149907541808,0.177761708605968,0.294329314953038,0.378673494567022,0.23296310711642,0.102047710687034,0.351906314185262,0.078968163682989,0.218535928823995,0.371590449773081,0.285170043179217,0.113775419412671,0.067459896584837,0.172085202424238,0.125357564750201,0.319809295562649,0.186165180245494,0.0826184537727956,0.257772196909031,0.140064092361646,0.236662009550054,0.111971034918982,0.147200456959934,0.19098921833256,0.270542480233865,0.320564994179358,0.198685415159454,0.243996152242641,0.31026390502534,0.102711912932472,0.193587588142686,0.339359130742475,0.297759516791062,0.108333596179648,0.234348816411257,0.0199857218621182,0.104320641269611,0.203895973324584,0.112961320790357,0.195635995999894,0.099165839990368,0.159331606694077,0.287217632548279,0.146174388611284,0.161353470588781,0.340042615412234,-0.0368849408118029,0.134160686979921,0.33309483713959,0.137810397328524,0.251442607948139,0.114948490619292,0.309090167024572,0.102126794653036,0.249635535757231,0.173069196041625,0.193132584355435,0.163671390399108,0.0265396127965383,0.333787413073916,0.0973379660742092,0.198516616311144,0.203771951851637,0.108820138237792,-0.0664047869905498,0.213669284406023
9600,0.093532701868872,0.233069846446009,0.165896091967843,0.136577695844539,0.0676357130123002,-0.107810130551336,0.254963447752988,0.148414386206875,0.344064527111506,0.227556665005781,0.327819191892546,0.111026417970365,0.247846246261204,0.380527803568338,0.239805244552123,0.223270372456417,0.361256462963722,0.227090171973084,0.407131621543155,0.318792299692446,0.216741245091305,0.0374863997648917,0.255355317540285,0.0981292238148836,0.0629231908314396,0.0961109230640537,-0.0476980692345339,0.47281487536439,0.129886306462185,0.240439097139821,0.224097945687473,-0.147198298477834,0.086852854510973,0.0539295498165223,0.384747488590057,0.254910699586042,0.205684812064242,0.338039747616751,0.0725720499027041,0.177105454503477,0.266487713120819,0.128294497010601,0.243138484197707,0.177145826540003,0.279826357681372,0.138903305899821,0.128842898619788,0.194203181634235,0.1100364300745,0.35713882268557,0.151815925688472,-0.0012051685048623,0.197020840218516,0.110970015800366,0.251374658349831,0.201626122296384,0.158925073160476,0.0992609037840175,0.23380532119046,0.279299527486645,0.162752135330518,0.217390865336004,0.242693813994689,0.194118981698961,0.120116033408724,0.298504404229389,0.172903988383132,0.0991687003655024,0.186399053744953,0.207281675968871,0.177342043147647,0.26200983052388,0.333854796520991,0.170731641393974,0.136640695583167,0.0371143307679278,0.171116600514819,0.148221731306536,0.158621092633141,0.272627406903243,-0.0403287967337479,0.00145933334863449,0.297895583968421,-0.0816390031502245,0.212281386007493,0.174089892514716,0.0928618116687852,0.0923923317039027,0.280489168725736,0.29331861019826,0.17913923115377,0.191304411039829,0.0545193909416172,0.264511889009125,0.205445319916545,0.318350023625674,0.152038759359085,0.0173978309557453,-0.152924963953559,0.106472663293539
9700,0.187382954740305,0.187437768096399,0.160552405082947,0.238256266810386,0.18461884241114,-0.0570540091268971,0.297030528016731,0.163866607972724,0.254631729172466,0.301672847283575,0.196291111422235,0.0688333802484659,0.220201330901179,0.250208904920461,0.0892835706496795,0.23911884818153,0.236061459548056,0.176768834443525,0.280642980900169,0.410307440168408,0.328440190202332,-0.0783529751905203,0.183377679351744,0.110482918221513,0.177085668688087,0.175435933156525,0.0272308364086571,0.2569714878028,0.145018267221087,0.112481218252045,0.227265685408609,-0.148888807381975,-0.0350340224848282,-0.0387561966582314,0.169398207732197,0.364034759392466,0.143896027194784,0.33079189224438,0.034238902347259,-0.00400214091400253,0.196477979128061,0.0892783974306499,0.101948676926153,0.15029214125009,0.220716782077373,0.0145163430253444,0.173738954301907,0.203243905699559,0.205281734845909,0.301769107432168,0.1484064530497,0.0812945272372761,0.258702400530611,0.109644538149789,0.345211600196492,0.144334448156531,0.0642530940142381,0.179068296423133,0.144770016576111,0.176632036673626,0.175999707302818,0.116536341510743,0.1954255248067,0.0813597514743371,0.133562314391932,0.354177333626676,0.210185903285309,0.0639068718326298,-0.00986477997598367,0.192412888519513,0.253256570341295,0.156545086931555,0.441404881650506,0.125359820039433,0.128524619067855,0.0246143880836052,0.179831995522002,0.163073386703602,0.058613389676084,0.221012976147721,-0.0363633712244363,0.135344122605794,0.213272991932542,-0.134159231041834,0.101106107284886,0.258523242695095,-0.0323969832662037,0.0703960680094131,0.149139093358963,0.123754240198998,0.156401271490004,0.0914296699425621,0.0895786784334232,0.197783584864728,0.112953964752438,0.359863946678942,0.152598208963272,-0.026633989059813,-0.173919629290785,0.0686461534594636
9800,0.112546487998561,0.186575296848541,0.160995599842197,0.126746780313776,0.165366786165165,0.0566911154719132,0.266001905995511,0.122656574968756,0.2008533499383,0.299105181838645,0.0474212723328916,0.124915163613529,0.0941208677596938,0.149352797529666,0.0561529275552326,0.242647142638368,0.233212048915524,0.114524605615826,0.147819832744984,0.542557378199889,0.162724522530561,0.0448068712040831,-0.191156837065266,0.0554007988755053,0.232405403237118,0.239549863102765,-0.0316298920992668,0.160558646629534,0.247192062138468,0.155635016424991,0.209709517576388,-0.0246028379323229,-0.0446380382649874,-0.0125776216785833,0.237261852080734,0.2268073527073,0.132727627334073,0.270394987452206,-0.227531812956305,0.12092402575204,0.0830155489119484,0.116294819027849,0.132802245568921,0.138428953459175,0.203575821217421,0.0992529098034372,0.12980981592373,0.147141398967571,0.189268813450963,0.120665381777958,0.112799008418443,0.191015743033106,0.312837477784777,0.033555815876034,0.146610150995039,0.0529192397866249,0.176646393932363,0.211469544646046,0.160857562612078,0.137076208039157,0.239599651389223,0.167178662545887,0.242380052755859,0.0151276513057704,0.0783671293392215,0.259892008980673,0.221751148982208,0.153455186089166,0.133360704510886,0.0788422181778576,0.13985661854161,0.134835389244977,0.293133486737716,-0.0126648013593159,0.115871404855542,0.222914433604478,0.179557529428514,0.285941236320932,-0.0135441353171081,0.363400237395304,0.0612324292439426,0.149093801426007,0.187927101155909,0.0130598177383145,0.111019629837969,0.201420271500239,-0.115709865214667,0.212901810511471,0.164051845063987,0.0428230744243533,0.1650255661871,0.0193626544987764,-0.0534757214922758,0.0498770613461312,0.0949996840009813,0.281146802057382,0.198974565917476,0.0104086510103405,-0.0455723759710914,0.126569778712648
9900,0.141029475670245,0.132005147957367,0.147187373839458,-0.00196455949211799,0.169521774328414,0.270050317158877,0.25836223466417,-0.00968645518291805,0.232870688500287,0.243141319184164,0.327786732351485,0.197564488823418,0.10738367153146,0.168938164792305,0.13057187204273,0.201459469421925,0.277254117788609,0.0670327494146696,0.0246905758886251,0.422068409196808,0.183728936807054,-0.0485431691533399,-0.106705354423291,0.120011304825939,0.226518817363143,0.213037331334941,-0.0476399773778076,0.147608016600973,0.0771152273145115,0.187976333906463,0.0242813473087776,0.0116654526916515,-0.0101628074654785,-0.00902759117574822,0.299499154634186,0.129798790459424,0.054803671125478,0.165979616202916,-0.260672795944817,0.150108692845287,-0.0426224397932732,0.125485475807113,0.181832907557774,0.0235361003718033,0.126825727627874,0.230879551545308,0.163161652795111,0.0418111389689639,-0.0340048011100248,0.226817560988581,0.0984038691896637,0.0365183676101042,0.343854329065155,0.0147672259629386,0.163412133419478,0.132594025014764,0.205928794909063,0.169846899324036,0.0888733714266087,0.185629945255674,0.338909647907466,0.161643631888233,0.202357598654349,0.0585434886287722,-0.0291714007593732,0.160974516678216,0.224606014862,0.0444032449997766,0.0680652486041811,-0.125879918555445,0.114864648653611,0.272569463010335,0.240122928581003,0.154760559781931,0.0533564724728264,0.231287242476759,0.236481809340174,0.259198366491339,-0.0993535633333655,0.30780759968623,-0.0453989544032082,0.0663564462809555,0.0794919016431705,0.140267166158536,0.123385611910304,0.225209391664615,-0.0737613403096132,0.0177148720898295,0.292787188307564,0.07509409298726,0.167641172789615,-0.0146547562680675,0.104978966737462,0.155376421504069,0.154406396798387,0.341041684819096,0.157941077096262,-0.187787405342087,-0.0897291197189637,0.117991590387694
10000,0.132256760439406,-0.0423765074022155,0.0141167596950904,0.000546240860870073,0.207005560087469,0.257608076862494,0.30490724310089,-0.0398258046778772,0.225912670261349,0.119728300914825,0.178364253990448,0.2189237526811,0.0955668537387793,0.138064124727426,0.0894475636418506,0.140907879232006,0.196340597303992,0.12958848424384,-0.0127453098563224,0.185075573333552,0.153047043996507,-0.0908612744765069,-0.0858328381086157,0.180689666637737,0.253153213485538,0.190527802302634,-0.125730042176694,0.0669115409919361,0.0736037463672855,0.018715367350305,0.0546725056885731,0.0533124984063013,0.141252486995117,-0.00672923143841217,0.267331079672711,0.267650760550458,0.0294851930441041,0.0787577646221668,-0.168191421860628,0.0503449720891163,0.0119408320093441,0.133783195826501,0.15792796973216,-0.00242385852148178,0.144024974111686,0.205043002972625,0.113692080254556,0.071378693575025,-0.0218879961742595,0.105538862160551,0.0393155409551729,-0.0868220369149345,0.299163427995452,0.0260113627071211,0.166663506484918,0.212990208872014,0.143768753731736,0.0696360098554712,0.0183935967998796,0.100497213006706,0.189702731696683,0.256552538854798,0.373123821149496,0.10636878990094,0.156933437112155,0.233082797509848,0.174692717899443,-0.00221216845592903,0.116069396506052,-0.181200056195077,0.0190823145141829,0.16360049012336,0.127990763330514,0.172637195740247,-0.0353880872783567,0.126474849190119,0.216414163875535,0.0128131597313276,0.0549221073556761,0.310131645607312,-0.0199697602119815,-0.0758838551568383,0.0831099474138583,0.011424815314887,0.0541289325932216,0.183663993990256,0.0529246482276149,0.0185297299274792,0.212302929535187,-0.0275316032145486,0.0308071680220567,-0.013752212892836,0.0340662768689957,0.247486092406649,0.164637413380688,0.41880653945763,0.250120570229546,0.0207541528894886,-0.146805810228715,0.080446324216779
10100,0.124972269343537,0.0557390757573919,0.0448680467117723,-0.0941070519134937,0.13826141479992,0.0716755896068252,0.350548850059546,-0.0576923751418688,0.117798648217206,0.0383760334776324,0.256954476545502,0.3461662789353,0.0642997293551798,0.0525912624810027,0.0340992535717109,0.0892500861521223,0.185058771608868,0.0394199225765104,0.120015598279991,0.00965205127484084,0.165886902314171,-0.0639080931271753,-0.10166200891286,0.129228690440853,0.245323349156947,0.167858383468663,-0.110406928605451,0.091742280965858,-0.00301678244580195,0.101896979617028,0.131623413097658,-0.074694605908595,0.276105652414082,0.0284715549529172,0.272731855812528,0.181861512749905,0.191415862750136,-0.000558475356465915,-0.126212247608567,0.19385559983104,0.0990885296031947,0.0271699910179027,0.138010523140829,-0.0112010213138941,0.149187893040477,0.197030160026092,0.10492999051096,-0.109457722183652,-0.111678538848694,0.114720235266165,0.0545157591778808,-0.0239273343589375,0.0811023243832119,0.122700003151291,0.216489332159413,0.0064521745473417,-0.110804478108043,0.0774571969441069,0.0267244694030599,0.181297440535961,0.392701168940853,0.267846830419194,0.214588114263325,0.250788265459032,0.1798298114943,0.310785267622208,0.026396181464806,-0.112709620427866,0.0421396524689247,-0.158415150254744,-0.102621272655327,0.130604541143637,0.188247883378445,0.029631032105598,-0.115228527358982,0.141835152910034,0.014045120709831,-0.0703887915145102,-0.0263164179658796,0.193128162036397,-0.112716003790714,-0.041222286234075,0.150473734156814,-0.0657244094754927,0.124306070153051,-0.0874891907826444,-0.0498044319429159,0.0707764236207347,0.0450827924595172,-0.0495998833259447,-0.0995801511162888,0.0257979685040153,-0.0441502224671221,0.132325609513005,0.0441187233765777,0.312322044972331,0.272964453102838,0.139769341070367,-0.154199114054179,0.0239459209889178
10200,0.0188004741741751,0.0457793810149078,-0.0492279478550228,0.00887648919046263,0.108892775851169,-0.0107036116710839,0.190122770077489,-0.17164663325611,0.300671662383027,-0.00711855519454274,0.132087217431951,0.255138519932721,0.0279431051349525,-0.0294635357408044,0.0438644809577935,0.196984143360298,0.0191061060492608,-0.0628522823207814,0.189402791012897,-0.0108477182581303,0.210729764235094,-0.0472578376010093,0.0107362088245665,0.101060064043881,0.113007734807075,0.132401192773418,-0.221086822787649,0.147181101278559,0.0109808798822782,0.167411209203933,0.181849355365359,0.0250681997220197,0.280723957230488,0.0655572704754207,0.207441801630862,0.322156454383783,0.0470279045976826,0.0966721353527352,-0.0784136684227076,0.145025251400679,0.135142949659246,-0.0855089704010165,0.125815075888451,-0.00882023862424855,0.0404948056503814,-0.0635966035241154,-0.0322677313271471,-0.317674849593156,-0.111138760004507,0.00702862716655681,0.0122680005582862,0.0534467466319547,0.106344166934916,-0.0663490800817049,0.0783240261297866,-0.0274949576017918,-0.188395615705335,0.0613189397737899,-0.0371100470784524,0.346887746288143,0.29845484456642,0.026238199926631,0.168370993125918,0.41697667345976,0.228338693989353,0.232982183894017,0.0246097042838974,-0.130797335291716,-0.0439837270553893,-0.125196131156343,0.0487967466248493,0.0970200431791474,0.293728204350864,-0.0236685687110661,-0.149363256807449,0.129179567765595,-0.0521204605116434,0.0256653051497415,-0.108147122976998,0.0249323942520482,-0.0248042596833766,-0.0884376344317779,0.118633867777224,-0.0492012925015326,0.0421920884155862,-0.00284382649871814,0.0998617340309201,-0.034198269254896,-0.00656329423814228,0.13617151689111,0.104462939049276,0.121625173578696,-0.109614636824962,0.115138353804271,0.0788298966065887,0.0836483463594945,0.159479475093659,0.2455978371246,-0.147952991490135,-0.045853490507111
10300,-0.0213009316691045,-0.109427942356161,-0.178183053365096,0.0666174327008272,0.00829775286075593,-0.0801659687252253,0.1216502571136,-0.0875843598293948,0.270223297871947,0.0477964255400928,0.0118406668615109,0.230018177724243,-0.102710771542827,0.0433796000750132,0.00194849889844179,-0.0375163607637245,0.0527735922820644,0.102213418844162,0.00786668081601061,-0.0654637099453856,0.106425405202085,-0.145598057535495,0.0836506408427612,0.0800597739483712,-0.0656843067775833,0.261466546683503,-0.276623311823082,0.0695443426031491,0.0297987914553287,0.216479938507685,0.139009414197406,-0.0607546694449859,0.307727577520627,0.100861968467046,0.0500015360906292,0.206450659047871,0.0271212244057413,0.0817641280617886,-0.117862170263346,0.104921359012693,0.133311329037332,-0.133252558087157,-0.00618458514811063,0.138644427613064,0.018767631375513,-0.0572481763325856,-0.0392352369706119,-0.369506041981647,-0.0274603492969582,-0.128297497828377,0.102357080470036,0.095459597513499,0.0347992834378814,-0.073073731794264,-0.0451515102603018,-0.0116897603105435,0.021585294620697,-0.0782471948255085,-0.0103716598605627,0.165850753110813,0.163872134698814,0.0926198786935105,0.131539327639624,0.296999938777047,0.209494629174693,0.126103578270664,0.000845876028175707,-0.0458026226069118,-0.183496899973359,-0.0434720241912345,0.0333526738590816,0.129127451449117,0.127389929956994,0.00355824437538427,-0.124760483692935,0.00807257153979551,0.0393157456040028,-0.0579562404010492,0.0512069388244112,0.0311900592415878,0.0293404817090374,-0.146143134115504,0.012598957817967,-0.152042897798548,-0.0938382138072846,0.0145849249961996,0.13262690935821,-0.150669608133354,0.000658103666596355,0.127050493303178,0.0658426500349423,0.0932994741308951,-0.0557982471149372,0.107694574340431,0.0176484941692664,0.0887919620597993,0.209701418145784,0.204589827590845,-0.169059410752459,-0.170146716923983
10400,0.0808399605318139,-0.176617583811693,-0.274089074879803,0.0378734277021692,0.00739438772091408,-0.0458195378862815,0.224946116311156,-0.118150103977825,0.116035837330563,-0.0500326431007767,0.114999981933378,0.117981393974278,-0.213748879301883,0.169053426232497,-0.0765691812383766,-0.0897770410481509,0.0153384338083783,0.0963898045572074,-0.0166780939879004,-0.0277262662079228,0.145089297021158,-0.25411988198748,-0.0210531052832584,-0.0161789957914838,-0.217994505759329,0.0921380091643104,-0.215792594145734,-0.0648177552269531,0.0275562641874966,0.169917024550307,-0.047474447880587,0.104339586347005,0.204008356881713,0.102278120252372,-0.0168958595184695,0.0680169585479529,0.0314283914054411,0.0527457180872368,-0.0362533093939724,0.0261338651512454,0.0351442120875777,-0.137521674436849,0.0121507414987995,0.0915512886167156,-0.0141142197115197,-0.0176506047183116,-0.0892030256212879,-0.247873269102148,0.0264555169157327,-0.0118734156246756,0.0213470500750704,-0.0189265607993334,0.0481894187773059,-0.222457681239615,-0.141660150065954,-0.0507292656130982,-0.124287924348851,0.00786264176599505,-0.11808152615894,0.0254766525695162,0.0986772378713075,0.147632893483771,0.221937839621323,0.178292630050107,0.252433217653089,-0.0228807243161321,-0.0190373938392294,-0.149997624118732,-0.246282182302967,-0.148719101756262,-0.00299212217339109,0.222256620455015,-0.0519127251502466,0.104518365123487,-0.190679779424085,-0.128059356474556,0.029329126641473,0.0772382112606549,0.0338403841845739,-0.0612043735349391,-0.0570278061125912,-0.179606491805463,0.100745953291067,-0.16305623775926,-0.0630151474249346,-0.0647677477372822,-0.0323538949683523,-0.053219641445466,0.0337024747481257,0.0970584954826735,0.151119084590276,0.045443597945276,-0.16522153238763,0.069869068452397,-0.0441957003354256,0.0309730384126858,0.0335589854673708,0.164230275786246,-0.119531933746881,0.0045083409407479
10500,-0.164464545569838,-0.250387115980712,-0.26389246357621,-0.16328514142536,-0.1591242805093,-0.13002624810511,0.337218964500278,-0.102031547240656,0.018695104034729,-0.0677156378972722,-0.0562867701119872,-0.0474103623689409,-0.30580048791822,0.172513588337062,-0.129886316371514,-0.0787315852507988,0.105709565306172,-0.0398075767210033,-0.0414134683387389,-0.148329952480437,-0.00636302152208984,-0.254655264359444,-0.216014036881501,-0.0154429020272234,-0.193188384651844,-0.0340853855434314,-0.168838632596808,-0.0799850467507632,-0.15777119272564,0.049765109427325,-0.126749559105016,-0.105015319618311,0.0872556522386075,0.0661329866267643,0.0983486513828213,0.0286012028463046,-0.0427133046022518,0.0561857608287429,-0.11701597580358,0.0678613086684986,-0.119161877014556,-0.0592914445572642,-0.132098313933851,-0.151653765965484,-0.189911066750497,0.032489098625127,-0.171478974172671,-0.340607049441887,0.202907931190449,0.0233549131963778,0.0407129086899783,-0.162869331859444,0.00376011175443908,-0.13488648282989,-0.0967277908424834,0.0162790191956249,-0.290052186108042,0.0704062613552577,-0.114623138479961,-0.0328751081042411,-0.111483232155819,0.0154382151955332,0.0919057676161605,0.0445216043961569,0.0546088939292155,-0.142789162270258,-0.109984607337682,-0.19918236807059,-0.0133550308536735,-0.104452474857075,3.71047676967773e-05,0.0574238290566914,-0.13936557703282,0.0687789418785882,-0.269623062695706,-0.104833523480774,0.00424198758967195,-0.084615228420261,-0.0291925330597619,-0.0284095443679436,-0.193525538441055,-0.218482783109596,0.131851931865354,-0.159783258715223,-0.0652959927883507,-0.19274767872183,-0.0871790421519241,-0.129036166572608,-0.100240811896799,0.110020723873946,0.272801195478574,-0.0393494748542961,-0.118814424999106,0.0408712409288929,0.0349690434811709,0.0756088271011554,-0.0317812797964427,-0.0734803022819891,-0.129364246888334,-0.0822496177957486
10600,-0.115973331346901,-0.324253923699879,-0.532312831886922,-0.167380575223678,-0.324607099969628,-0.120799422444148,0.191265560232039,-0.214439583969045,0.0373669021640818,0.017218176542643,-0.123845214159246,-0.06401274354271,-0.283468830123416,0.0414553774419564,0.0114052947184742,-0.0600425533781173,-0.100189354892384,-0.0821801250425743,0.0966112948558206,-0.104013374472341,-0.0795274281740718,-0.226185987031201,-0.206425106819046,0.00960054039005104,-0.0706119900287341,0.0180093697323582,-0.178617655574651,-0.027407127810439,-0.165635750990168,0.00194864304894291,-0.0517473034717796,-0.235305050915133,0.060741627301705,0.0994557617696261,0.0772677087993226,0.0686949420239986,-0.157306336299272,-0.0804812730265312,-0.0468338934941825,-0.0373347801888657,-0.136419480470514,0.0673478404505349,-0.137701320235373,-0.153381685877023,-0.195706071600835,-0.106832504648504,-0.205471669544953,-0.195268126411269,-0.0441997541631148,0.0088046494168055,-0.062487003726912,-0.106141341590264,-0.034166892906339,-0.120967498404646,-0.0961256378869157,-0.0523927919015791,-0.253232452173832,0.0104538203375745,-0.0546808714691627,-0.0617753966042387,-0.100139005107576,-0.125599547895141,0.136836865141501,0.116063444084698,-0.0207512982404251,-0.217871469647762,-0.0200583532868325,-0.267673157650039,-0.0810717861045502,-0.112974128500591,-0.113827260478493,0.0951725831040715,-0.151091880099325,-0.0234487123377554,-0.350729810594769,-0.0678499836927521,-0.0966414871604609,-0.165939519786995,-0.0884194731700623,0.0200977163751599,-0.200032764676585,-0.152358091836616,0.0280517540881408,-0.0954314744926522,0.137406142563367,-0.248885612537899,0.0411747637735199,-0.123195146242495,-0.142805852733612,-0.00309544704892858,0.264363354076034,0.0255493682681829,-0.0369236997358361,-0.0909217963306435,-0.122999861709531,-0.106296152751101,-0.0661760737979307,-0.211361096146602,-0.339255752432168,-0.0280352550537676
10700,-0.204583413967396,-0.239464465639507,-0.37341187605676,-0.149120649444058,-0.251677128036598,-0.295682429032721,0.112007731935152,-0.248415684778858,-0.0337198970961963,-0.00644799873532065,-0.267018276452216,-0.192798279445809,-0.476405321451801,-0.00359062516123912,-0.0728108958047978,-0.0734686627451163,-0.116769972641059,-0.166603881272898,-0.0160881313344239,-0.22774428390382,-0.127395713811567,-0.267450687781668,-0.0884877554931057,0.0567416413767711,-0.14923305824717,0.0755122918499638,-0.302493830027743,-0.105756380770112,-0.108483835504526,0.0613245004536682,0.018174046583061,-0.300594095739519,-0.0390062445434523,0.0961992283278179,-0.0962644302092264,0.0266298530246948,-0.20836351258894,-0.195121123582957,-0.118786320125523,-0.139709604009957,0.0327269264606035,-0.128620504069817,-0.176060177296991,-0.143972616580262,-0.0460033801306169,-0.12754532420268,-0.0705945120904655,-0.291901686756928,0.0836699826124599,-0.0503168878580824,0.0756906805179879,-0.222315117135766,0.0446013999753282,-0.0773795577783858,-0.0682479605043943,-0.166719118676228,-0.280672272853643,-0.0484533629106577,-0.238345245796585,-0.25974165276689,-0.176291418636608,-0.0803187565281581,0.0686408456721161,-0.0138687246504645,-0.227792504161291,-0.111927667674756,-0.0683217196572276,-0.278590567892463,-0.132139017266005,-0.121623713293436,-0.182872676901316,-0.106214914073969,-0.246889308817652,-0.204111152535262,-0.217456118249331,0.0306377653447212,-0.0924309294314092,-0.214080411619516,-0.112362085444711,-0.232250752134266,-0.250327062211297,0.00797661704871969,0.0551135388187041,-0.0583851915953033,-0.047692477045632,-0.180455391202959,0.0715852855163652,-0.063426221003005,-0.0693617390535597,-0.175862245925479,0.263137394507773,-0.150903316316144,-0.189847243243983,-0.124845804003385,-0.127488470887995,-0.299090018492968,-0.250384762097655,-0.129912474226106,-0.355548760840767,-0.00351562794220603
10800,-0.255410233624074,-0.102455992205248,-0.467615028766548,-0.183776077498111,-0.117864489269482,-0.449898645681435,0.0287608771930472,-0.324641392195604,-0.0893834351597774,-0.129935149036483,-0.25526209701555,-0.322079529818023,-0.305371247158213,-0.046454193438719,-0.0488902969465558,-0.243483220723838,-0.0584592963436597,-0.201225364397673,-0.163960254589747,-0.27789521212174,-0.173413652280693,-0.19984213849021,-0.208585064085369,-0.0140057778249216,-0.0772641900529658,-0.00351912067705135,-0.367985522748256,-0.025293802652015,-0.0643095689912465,-0.00758103067180507,0.0320687102317436,-0.401358327854776,-0.195390849609071,-0.117359359280644,-0.297611102972368,-0.106157149621872,-0.15261971708458,-0.328018764139095,-0.171703062812819,-0.104864130188481,-0.129087223412351,0.00484814007241541,-0.265277515732684,-0.157413496098774,-0.0830557449350663,0.0729846461497367,-0.078709362290434,-0.430009578100207,-0.0380755769146826,-0.191530040632673,0.0529285686781264,-0.150417597469861,-0.0536150450873306,-0.108779869407663,-0.0383080015220026,-0.312436594572238,-0.172276596008097,-0.10173117606236,-0.325501061810288,-0.104509410813349,-0.228225322797563,-0.0342085343104626,-0.0017886517485442,-0.102461074126122,-0.238341196607429,-0.068208808728088,-0.177396414166046,-0.212728953071675,-0.121651128777738,-0.0900207002300907,-0.208665807387244,0.0208210341642498,-0.202791562734482,-0.0845204307437595,-0.368364295224487,-0.117974945060416,-0.25015758760187,-0.165430692439577,0.0047683605964664,-0.213041855796576,-0.192924894973828,-0.146605497357418,0.208034637505948,-0.0567869993155676,-0.0650907528727773,-0.259301959295901,-0.00352999897968853,-0.138247901473347,0.0256720826442031,-0.190555288786717,0.0819612640820894,-0.0658938606077932,-0.113691678170626,-0.1101645885755,-0.103927871320035,-0.302419462129821,-0.36899119299042,-0.274345550151742,-0.305166381710498,-0.037304148937522
10900,-0.192108514212646,-0.20819703666684,-0.278046520181174,-0.134956109655547,-0.164721405920284,-0.358755888157966,0.0277731550349956,-0.278647858888163,-0.203165451394156,-0.171529133559649,-0.301941386068127,-0.269536034975254,-0.429163575540569,-0.26045960105659,-0.125752432225577,-0.266268176023787,-0.261867092848044,-0.428768301011858,-0.181132782315248,-0.284506924441581,-0.0988978076706474,-0.12284432702652,-0.194273573898022,-0.144884487011205,-0.0651971003816068,-0.131998771242903,-0.402992590549737,-0.119468587194824,-0.159073299295983,-0.0449717412028505,-0.0700492358772554,-0.328400375054216,-0.252947906089111,-0.0615726311482329,-0.30997196985979,-0.0228764149164344,-0.272301919350449,-0.290777707159183,-0.20697206948626,-0.310739775771869,-0.390980724897033,-0.11465098797856,-0.281321905162141,-0.21700026829997,-0.0294182238652357,-0.0334171862374681,-0.0497707448761708,-0.410470005539608,-0.118988843181181,-0.197349800399207,-0.153135693629606,-0.0872256658957377,-0.223653236066419,-0.0109152867769576,-0.303003085985312,-0.331261726471497,-0.204490577452948,-0.203250746561257,-0.355656397482274,-0.194831045668508,-0.194018934688049,-0.183827692351884,0.0184929970804332,-0.294794288357181,-0.279937825643838,-0.122364838271257,-0.399666816447788,-0.441778257926746,0.00121014143117154,-0.0465034860900436,-0.279966510701991,-0.098469935581111,-0.256468123492789,-0.180324974696563,-0.295796568721466,-0.0358441428248667,-0.234342558473318,-0.123112454381651,-0.152252860200453,-0.104794133009431,-0.21028231501981,-0.183128870300867,-0.133884901535866,-0.260133402161867,-0.133354558808322,-0.105331014480905,-0.261830415816122,-0.290650564736301,0.071248682089343,-0.241776291738806,0.0920073912761192,-0.157541607098154,-0.118405296882018,-0.0391589931149912,-0.292295512987488,-0.38956908841768,-0.485255928662411,-0.22373013302954,-0.186144963367046,-0.18149456787266
11000,-0.132662267793816,-0.195762877590276,-0.442661324895698,-0.075015532100528,-0.262619320045805,-0.346023353123143,-0.177558890795482,-0.326163924542524,-0.289054602583373,-0.128207986475812,-0.413747856801284,-0.156460930198456,-0.360069238543127,-0.373109593496907,-0.109851394021742,-0.281152117979184,-0.483000581135222,-0.384094742109564,-0.237370040284186,-0.394479475043697,-0.389853292601588,-0.251932248501854,-0.179595061872196,-0.273867554184015,-0.0482746667994748,-0.0976828589852329,-0.520077210372511,-0.349431389311616,-0.196824663474268,0.117615538627277,-0.0999609813892618,-0.214689927487866,-0.309684704412852,-0.158869363117205,-0.403970850067616,-0.15801409675205,-0.331119090584752,-0.326161672747828,-0.266379187437685,-0.25917894082085,-0.472998175602167,-0.228262879825114,-0.193018630982519,-0.167768744875185,-0.211158749769893,-0.268725368281374,-0.0874521888735664,-0.271531543264134,-0.181135548134222,-0.211548889682906,-0.300550674341969,-0.0584729775770946,-0.247634581811913,-0.0882425305085117,-0.123489858434976,-0.177987457653807,-0.302359348662384,-0.253577005467483,-0.345882046708199,-0.331484011728486,-0.179317937736479,-0.308211486697657,-0.0379168321408514,-0.359517013080553,-0.154847504791969,-0.121298507497932,-0.441720116943157,-0.155284753530172,0.0909349484322251,-0.124622324017294,-0.343925779254391,-0.285303642683312,-0.186870804276425,-0.293042077218991,-0.315748520399951,-0.0178882589804238,-0.282876061148498,-0.0539998519767502,-0.211173407002703,-0.147488519464602,-0.295273718371574,-0.194848976900704,-0.181903848262077,-0.265192345267918,-0.141384212689015,-0.172175708222196,-0.439160217168416,-0.251297811004088,-0.160510975658894,-0.180264964088043,0.0851486430119386,-0.033299747426502,-0.224587308337727,-0.127400843539713,-0.465541169935902,-0.27968836393424,-0.350507894430662,-0.311653533939796,-0.206813605578693,-0.333168636423782
11100,-0.28007173798289,-0.462043228534041,-0.500694459226534,-0.0804902647079526,-0.236011144965403,-0.236922088843409,-0.27929518443891,-0.247317971484197,-0.272258288339773,-0.198589970696752,-0.448883891144353,-0.376611439500427,-0.231033601877556,-0.497436818996605,-0.250256972143611,-0.359904145754252,-0.387262420444224,-0.368908604061925,-0.175343959527769,-0.441231298573192,-0.437589204706966,-0.415991828663924,-0.348539088384592,-0.338722645472476,-0.180195047812591,-0.159919431927772,-0.354798103490447,-0.257085373682806,-0.341038350338938,0.0311063406835285,-0.177067761506234,-0.287221603008488,-0.222914569838891,-0.0526712710090975,-0.488323040673718,-0.127673815953434,-0.426966582611123,-0.422787797699654,-0.423234716578744,-0.409586182636541,-0.402987344111961,-0.274814048434711,-0.265723938233184,-0.232922450262007,-0.349552799468421,-0.252220395542041,-0.0960332544213126,-0.2247026045179,-0.248735212875561,-0.395374316620934,-0.318482461652183,-0.272122861664412,-0.368739908066548,-0.178990440222186,-0.242471359153476,-0.275022016578563,-0.501302090590187,-0.255023863156764,-0.427647295102644,-0.360414852374334,-0.213373076451432,-0.259565709606634,-0.104056284494607,-0.464351749022131,-0.217830951274187,-0.286490121399285,-0.495727621640701,-0.227698694374963,0.105187060583189,-0.0609026283945836,-0.45388559540049,-0.265333144041288,-0.17127214974593,-0.314400487560676,-0.399863856429058,-0.0665216847546958,-0.32931840327587,-0.204939701520704,-0.241508152812038,-0.309576596737949,-0.329986091600224,-0.144314894113167,-0.170358180881245,-0.279443874770909,-0.246638916616163,-0.14970410733381,-0.400314845304316,-0.167719247039259,-0.232921112505916,-0.12015506372543,-0.116504513344082,-0.0714729854057662,-0.186098120501626,-0.0421657501181755,-0.41645677101237,-0.285180902143662,-0.30360603651093,-0.309789602619811,-0.379180420619489,-0.314844845096959
11200,-0.338288191469559,-0.471065421116358,-0.484122969195045,-0.179425560860979,-0.271654990810051,-0.306310238685532,-0.405551599385835,-0.211220507591562,-0.155477162036984,-0.260911021585459,-0.390785172727904,-0.481696158932469,-0.346163811611608,-0.503402558692576,-0.378952417411406,-0.507042369329225,-0.427128353030209,-0.542846087153466,-0.282777319122865,-0.479964452098266,-0.496153337474484,-0.499436269388898,-0.360631370270932,-0.460599066770804,-0.441439752073162,-0.400123816947382,-0.316732351643258,-0.342256462328465,-0.356315786193435,-0.11132282961712,-0.236257030667848,-0.470114290762989,-0.258209505448976,-0.184383369470861,-0.437766977328631,-0.301857747097057,-0.432161403811472,-0.425480472888276,-0.352955596308034,-0.472785404756585,-0.494261194675933,-0.380013013953011,-0.332362445550099,-0.337878726540294,-0.362443181037391,-0.38884793090353,-0.171450979282052,-0.158770171896423,-0.435775837977298,-0.578420987870342,-0.262789968269161,-0.509031480190167,-0.459041142408543,-0.244617130396296,-0.223466338371519,-0.457437101609335,-0.490496250444767,-0.232243762741896,-0.329849510252359,-0.590879452787609,-0.376011398047379,-0.264221560337022,-0.39463110234047,-0.49208086866079,-0.235483258312096,-0.370983755082379,-0.456944410505095,-0.15485623212661,-0.155331738340483,-0.174686823635249,-0.41584223690462,-0.24314717680684,-0.217739828834111,-0.271056034154981,-0.365557520120411,-0.197938897679798,-0.449678114947874,-0.258475498641642,-0.508922227490561,-0.395516321591207,-0.350983136537837,-0.316413969028324,-0.33294525620516,-0.380630931983519,-0.438176154115852,-0.257860240286804,-0.474028457708513,-0.1448928381275,-0.348242710089474,-0.0836339691749027,-0.116612365743379,-0.288782492293646,-0.393476386707634,-0.207340874344648,-0.536204854937575,-0.0192459132725408,-0.320540715354722,-0.313746141964742,-0.291790230272119,-0.34927203965801
11300,-0.481056820157755,-0.599490508005704,-0.643071147543234,-0.250392421419354,-0.365165347272682,-0.432069300404464,-0.448046379231755,-0.227618729570034,-0.454274226048634,-0.48902620273289,-0.434354497416422,-0.63009152072893,-0.383490337299214,-0.489032766974077,-0.421574654963877,-0.42749995980741,-0.502601529443754,-0.62703595147627,-0.523999477330221,-0.586203026941773,-0.587125689937919,-0.692158723694919,-0.421676203077335,-0.392510001526436,-0.539036636464919,-0.338508250559936,-0.49794484879656,-0.263274433934416,-0.388270437885876,-0.270984825028213,-0.372644485702972,-0.584084231257981,-0.362573675809293,-0.343283936980726,-0.534792277754375,-0.388040353276805,-0.524489662030156,-0.361959334689455,-0.439566195160089,-0.484803020439624,-0.634040461132398,-0.463412923896167,-0.359504449820304,-0.414356778087056,-0.364645141868771,-0.761599257021188,-0.153367950051211,-0.418662600333497,-0.298408321791303,-0.710119966945688,-0.422346933652063,-0.52023810893769,-0.720637267368094,-0.363382930157496,-0.406689487965187,-0.425827283819025,-0.549705560677071,-0.548131126466211,-0.384325910241401,-0.654111527250216,-0.608877221948184,-0.409223093358996,-0.363723274461274,-0.40489888677778,-0.315945284966849,-0.402941355049161,-0.555930670038786,-0.413245710045361,-0.267305288751102,-0.361327934381905,-0.51706750978988,-0.08839180663758,-0.249650706152553,-0.367863932820385,-0.571945474215782,-0.323711102102838,-0.564464223732653,-0.285899848293365,-0.391052531662627,-0.382458460952806,-0.458427419247413,-0.427333256649987,-0.371868940882623,-0.36727961032228,-0.61377251372726,-0.282658221560885,-0.563712047157786,-0.234858639415479,-0.388727059988271,-0.274224943111361,-0.197579904983722,-0.386984885766948,-0.568504717006286,-0.374785027061441,-0.611928405504836,-0.238045628997264,-0.338370204635988,-0.436100197093704,-0.425612381952252,-0.37594129822206
11400,-0.634846641113358,-0.731124683805104,-0.744724036598183,-0.291729046375065,-0.392552781907085,-0.567753800919124,-0.472056086063514,-0.434630241298278,-0.485915253177942,-0.485538971200613,-0.455568968468644,-0.655674819941445,-0.503592692548047,-0.445196891380799,-0.442381717895314,-0.488079669228182,-0.347285518542652,-0.802832619593058,-0.557953678072242,-0.633003090321857,-0.542969825504065,-0.699174860524743,-0.482626295701887,-0.401285899757535,-0.62407459078984,-0.47719077829214,-0.466823167058256,-0.42303050903129,-0.538679556388037,-0.376584937585742,-0.592441048068563,-0.694125395616589,-0.275655518183357,-0.427543123638846,-0.767426447784175,-0.365618155751294,-0.686662049293629,-0.370296812482933,-0.478374178078774,-0.730577530287661,-0.600802975658468,-0.315834266839005,-0.493047420379319,-0.395990048776905,-0.545566483893204,-0.639708608334748,-0.424475990341624,-0.374219451373692,-0.359892607513168,-0.551764236045563,-0.568491506143659,-0.466219194797539,-0.680098795172306,-0.319371087437146,-0.569509954809106,-0.443917707625371,-0.679072213754854,-0.723984055191164,-0.325554062437136,-0.788495636779188,-0.684477720916429,-0.610475248279065,-0.297185307844591,-0.548416446993088,-0.287208588868815,-0.297728066404256,-0.531647087999459,-0.520393216255346,-0.227858738055494,-0.391711964397103,-0.583027990791133,-0.221183989116341,-0.344360528498831,-0.517595161760389,-0.601598576775793,-0.374191679566628,-0.669814133328556,-0.357172979167597,-0.431414812518557,-0.443274487474085,-0.590620187544562,-0.601406439294318,-0.423062009669306,-0.482157281662375,-0.62786939948903,-0.340779770085849,-0.74179067540041,-0.460250700506025,-0.427409677774781,-0.270588801657656,-0.271782041649088,-0.424068634138486,-0.705341982135495,-0.421550359442738,-0.584727939468181,-0.440176719329003,-0.651302324271638,-0.394504820002888,-0.675766335020201,-0.467433699069753
11500,-0.598079525596365,-0.829714205282505,-0.704688314506967,-0.345300766525593,-0.613029012657828,-0.536892098790687,-0.498395324573148,-0.560406589724605,-0.531556671833612,-0.632432591977804,-0.654913251726839,-0.64319080778663,-0.658768343311878,-0.422482313494518,-0.520637267856065,-0.441812885332621,-0.542116157826042,-0.861805498673027,-0.685653494293171,-0.588223926705622,-0.646233207005766,-0.538270308072367,-0.498528369083045,-0.469914915053125,-0.56492188709944,-0.362631673629447,-0.607362392247515,-0.660242384072881,-0.575655751332637,-0.517116732743036,-0.579443177454121,-0.70716413904056,-0.2038777813642,-0.425822841566137,-0.873769278732291,-0.547795176951734,-0.715610463204368,-0.42566056476466,-0.440163965547662,-0.666091509113828,-0.590646598933052,-0.272414525201611,-0.639990035569812,-0.644622303856608,-0.705816041027673,-0.73650164727645,-0.647248680928792,-0.456170671006463,-0.395620451714275,-0.640918539146041,-0.694582000051081,-0.742886168895056,-0.509498135274667,-0.595715064724839,-0.671146866526308,-0.505958853251516,-0.682157425434594,-0.5444627899437,-0.465585499913666,-0.763042405220651,-0.638900022447419,-0.626779796011059,-0.549569356630013,-0.496894408300263,-0.275410240365405,-0.514432509291597,-0.560719849340027,-0.452635947337685,-0.405184034755627,-0.410454183526095,-0.617863602136131,-0.335101804205839,-0.54344324019744,-0.420278295514137,-0.786537238713833,-0.499667807856968,-0.885728876835219,-0.5056474843127,-0.627341590362935,-0.678053563176163,-0.624017123497206,-0.650915646661664,-0.770729509717003,-0.385958329496834,-0.738841524790885,-0.512620874213448,-0.749661843425179,-0.60637002509068,-0.469253301680618,-0.401323336301436,-0.331243957198984,-0.712464408156002,-0.617470169015517,-0.531665394638042,-0.662931394342747,-0.616263697356325,-0.468989892262542,-0.581790761522987,-0.685029674021054,-0.512631241348047
11600,-0.643541661832915,-0.813242759432795,-0.946732316842452,-0.525342217952887,-0.626687691686717,-0.69762756180561,-0.673519437131634,-0.842773470686657,-0.519257488733455,-0.987452951657837,-0.693604633238648,-0.811548543358227,-0.639490781643761,-0.579086892147426,-0.684110943823406,-0.552075047064726,-0.533917782030846,-0.918872454861743,-0.893777971396571,-0.848712636578776,-0.864246045636899,-0.831502645696262,-0.625263298554816,-0.394108646919525,-0.590094298950706,-0.634641947176439,-0.697308335807788,-0.641225777563106,-0.570015589065016,-0.493512912686795,-0.698191828623602,-0.860309843647228,-0.469200058380847,-0.638014917100495,-0.85229015579332,-0.643647920779975,-0.688459011283355,-0.59989783128564,-0.532107468225384,-0.751210890422131,-0.721558672034113,-0.287366852804029,-0.81248037179641,-0.804763540066015,-0.692417240217282,-0.85299439834288,-0.715414692841385,-0.603696806900034,-0.500190695204399,-0.703844348789625,-0.671469564568358,-0.812920358595196,-0.635684521460002,-0.57146596880075,-0.865266975112693,-0.664591559075095,-0.661573138313265,-0.639077709682788,-0.62006097734321,-0.747998222937133,-0.891143148065287,-0.583489193487303,-0.773721299477796,-0.731538797278212,-0.560845447673232,-0.586751287821183,-0.741834165519891,-0.513886988579564,-0.504645638697299,-0.607477141258311,-0.611535068499551,-0.51655300841691,-0.739695888410206,-0.609562922280873,-0.901191430498719,-0.785558055393719,-1.03238939620753,-0.627285723818254,-0.613954431972014,-0.768676848565725,-0.912875675244057,-0.761485621105284,-0.657742906861042,-0.631058558347344,-0.712886086013321,-0.708661026975282,-0.860306949134072,-0.645079376678748,-0.624215770222408,-0.405696372978032,-0.435979353998249,-0.846013359831603,-0.512871352194382,-0.766021697779377,-0.683941034719209,-0.721191798710839,-0.710922924925803,-0.641880010915997,-0.830133418747533,-0.570187377263945
11700,-0.810755402477239,-0.955692186421387,-1.0252939892952,-0.674373215427141,-0.72518757102935,-0.81383029564921,-0.918872311144062,-0.690624929841978,-0.685972311682378,-0.893722416616614,-1.02426650264816,-0.97321003586861,-0.780581427315762,-0.729275711765922,-0.870054617155307,-0.711565618520973,-0.513066474813243,-0.913181829903536,-1.04227962452303,-0.940787498291732,-1.03392122712441,-1.09016993011336,-0.751740052266714,-0.589047173802643,-0.797154408282932,-0.681621560130521,-0.840247332832439,-0.837940153685725,-0.857063762515016,-0.615118093595176,-0.837865887503954,-0.88604858152818,-0.735141625602185,-0.806817780040231,-0.838395718218134,-0.740869868318581,-0.743889540118102,-0.846172492149507,-0.737581138662238,-1.09034181038131,-0.740906214342488,-0.400722198315772,-0.816470413660683,-0.693363989127902,-0.732681644556097,-0.925256179739025,-0.925842877991106,-0.759721745745289,-0.688332508136747,-0.706446895594425,-0.800121125629085,-0.705319254305981,-0.701160515673218,-0.649958600040191,-0.955561850696636,-0.865667140882822,-0.833031425788227,-0.872220519471029,-0.930384392422441,-0.788905276188668,-0.794341451451954,-0.619028456163907,-0.902713316118734,-0.893248675491654,-0.643425181671662,-0.779352932146596,-1.00768774412291,-0.53434667919164,-0.593276309042468,-0.847849423668109,-0.758647502957694,-0.551542041618072,-0.620060714307095,-0.659293598800755,-0.88789056959597,-0.956610068816757,-0.890363026757758,-0.661020680758744,-0.810218739245583,-0.711667082765423,-0.941510825650166,-0.785919157132824,-0.802103990111537,-0.705226466147929,-0.865827824128751,-0.724830426414063,-0.763439263752498,-0.778570280919567,-0.71434581100788,-0.492083214631291,-0.701003360658892,-0.816491468816632,-0.640439622610385,-0.754813077845623,-0.632587384122431,-0.701958664280407,-0.822165190830518,-0.839323347468357,-0.665017267969794,-0.78096342348806
11800,-1.04085113315855,-0.946134681567142,-0.835929154540302,-0.828488235341591,-0.807492021640915,-0.928500874148453,-0.832918926199557,-0.906239444248755,-0.711286689725669,-1.07358667529101,-1.18474619740913,-1.10373658547403,-0.995400265608544,-0.739200382678551,-0.973780455951308,-0.801452644473537,-0.671690425713847,-1.01750135669218,-1.01002007817122,-0.921200195475387,-1.18787148483553,-0.99461303550154,-1.00690041593975,-0.766182210169389,-1.03652961017361,-0.860958724529092,-0.740244140482026,-0.944893587202646,-1.01577857991603,-0.663905850014398,-0.85870184809482,-0.821314767044698,-0.727887725104756,-0.673970720406398,-1.08635601607767,-0.914507967445177,-0.695848366530696,-0.953932552194707,-0.908125271729509,-1.19602658378524,-0.764028508989366,-0.741080373886928,-0.954928439658384,-0.882440731686908,-0.950579126177588,-1.08702655024723,-0.835829123841672,-0.904032642074015,-0.69994542697532,-0.658657529568509,-1.09805770964241,-0.819102182331767,-0.70193441093141,-0.820162223346166,-0.868101680740203,-0.816074470561567,-0.95424670084544,-0.891428882162429,-1.09143499529375,-0.845667166481697,-0.879796755767272,-0.815232493454512,-0.784705583162196,-0.888954296530527,-0.650674021237322,-0.917680868256226,-1.01397747752358,-0.622051609157723,-0.651933610285179,-0.866902922269466,-0.847121762170812,-0.886603406441065,-0.817450978342459,-0.833514101870515,-0.867350631765201,-0.912353676181422,-0.94274007440005,-0.925449296896345,-0.785727332518162,-0.836413590738068,-0.957317663619865,-0.915469793304924,-1.02637743680922,-0.790424174614016,-1.05838328975,-0.891799016469941,-0.884524312928948,-0.795677153902139,-0.930941014122614,-0.561852013244819,-0.9100302507757,-0.934811467327387,-0.591254900425084,-0.903825174914651,-0.742381303514064,-0.834519979158881,-0.789691970791011,-0.918657580443098,-0.779689697048655,-0.705239912513385
11900,-1.06997085191333,-0.90740126928351,-1.03613567774165,-0.822670546868417,-0.832283553152854,-0.997915414256692,-0.940235786739726,-0.9705023888498,-0.702204733016229,-1.20658020660968,-1.20815583775676,-1.04024907002461,-0.898552490397685,-1.01851443398458,-1.10823049395576,-0.688449606292505,-0.882122599786101,-1.08816797017989,-0.94376507468089,-0.853452630578796,-1.28416886294333,-0.93560182564613,-1.14117053077763,-0.660556041832877,-0.960266905040827,-0.909009187107586,-0.907780887059057,-1.17576471078522,-1.23330642096038,-0.673642203105587,-0.946393097278281,-1.1591464807903,-0.916412979665699,-0.785406448466464,-1.03760291314665,-1.10909573185308,-0.773662773391228,-0.751014764511348,-0.893613929360977,-1.08182892022544,-1.0052214021769,-0.865471566011087,-0.993555529344615,-0.871497001995211,-1.07816500904666,-1.22024300964867,-0.920173725069852,-1.04262660103188,-0.728763431450516,-0.671884503534255,-1.19611209877322,-0.939076012449841,-0.92652105332078,-0.959086556041328,-0.984663948868098,-0.959769602252746,-1.06124850003252,-1.05807102733264,-1.04142907659247,-0.903137112533317,-1.14594737888289,-1.10559792529963,-0.939147900921695,-1.05325761246351,-0.882922833108813,-0.999100044062953,-1.1902677980771,-0.785031895623334,-1.02021790263042,-0.863134402767783,-0.794791357722465,-0.970771370644394,-0.927122436568133,-0.85633245321266,-0.951165584676696,-0.993692450183358,-0.974042652043033,-0.942433062766925,-0.848850347361043,-1.10389810358597,-1.05946083119114,-1.19475663025215,-1.15530870493477,-0.979063889230078,-0.995848259115313,-0.856625024562216,-0.931336564670556,-0.898427699310282,-1.05269950565424,-0.570986283502899,-0.836478499301429,-1.03866559805854,-0.803338076394698,-0.880471630571484,-0.954281152316962,-0.994308081420137,-1.04186305929386,-1.08435953931805,-0.624795725946929,-0.728720736059958
12000,-1.0606795116205,-1.02392899943914,-1.07439829410696,-0.914168507860601,-0.975519797291621,-1.03225124946131,-1.17685276264778,-1.09566092961973,-0.782887276708771,-1.13871060884458,-1.00901306197721,-1.06272967109654,-0.970996729540853,-1.07623773112866,-1.23231879154033,-0.733831441720051,-0.953091151128073,-1.22892002002415,-0.98474418794659,-0.70201024831778,-1.20384348563558,-0.812546047979144,-1.09348308599735,-0.699113215016468,-1.03025814763277,-1.0920548171364,-0.901418781822291,-1.32719164911801,-1.40103807942437,-0.755330846376732,-1.22843067780546,-1.24893450693317,-0.988355335855207,-0.909950698602633,-0.980339653795212,-0.903565374995905,-0.902141049558958,-0.750276974411695,-0.843948197992131,-1.10314168391022,-1.08027528191361,-1.04840989893223,-0.983274093204811,-1.03641204088547,-1.06062669006639,-1.04528963928495,-1.15849535990098,-1.23721483229659,-0.972971134037227,-0.862982016621501,-1.24295871465284,-1.09063514992346,-1.01041598391179,-0.965800898219589,-1.12520238294277,-1.02619224297468,-0.99586819629243,-0.871159659697801,-0.999858375976211,-0.988323348774556,-1.15659156770615,-1.21686905315495,-0.888102722355055,-1.15536266214389,-1.16595727966522,-1.06040022712179,-1.19434805596381,-0.874896895507898,-1.23417742880438,-0.900228454804742,-0.635509859308593,-0.916593311283588,-1.14548840903668,-1.09933791184009,-1.22452192311449,-1.14342921462528,-1.07200258918006,-1.04059891619934,-1.0055444585951,-1.27205235139025,-1.06463234408857,-1.15049257106491,-1.23693676018067,-0.981624041364757,-1.04677571239005,-1.04751048337681,-1.05319058335581,-0.956074464783162,-1.00288458148819,-0.804378797244356,-0.874309233755529,-0.994285115366665,-0.913856678406054,-1.06232377685888,-0.919594062196768,-1.13021314014903,-1.1439758455321,-0.961534064090416,-0.916799861720669,-1.01503712603884
