binAges,ens1,ens2,ens3,ens4,ens5,ens6,ens7,ens8,ens9,ens10,ens11,ens12,ens13,ens14,ens15,ens16,ens17,ens18,ens19,ens20,ens21,ens22,ens23,ens24,ens25,ens26,ens27,ens28,ens29,ens30,ens31,ens32,ens33,ens34,ens35,ens36,ens37,ens38,ens39,ens40,ens41,ens42,ens43,ens44,ens45,ens46,ens47,ens48,ens49,ens50
0.0,-0.11809403493802367,-0.2513513819388669,0.0048266650336787065,-0.13273098975076186,-0.13552372605724367,-0.45015725124151,-0.26373627814158135,0.26130350601067387,0.19566763533718784,-0.23625434720713318,-0.13079454991155853,-0.30670433687427084,-0.17118802831991636,0.13450048447911103,0.2205555907478502,-0.24549299444371525,-0.059900739832686234,-0.12388033616041139,0.158642155502397,0.010553782902347153,0.17724594496956567,-0.08598365615346448,-0.04348547054810842,0.32070589615117623,-0.2770128590556296,0.026211521810787425,-0.12558847145928753,0.11525887211301458,-0.20936601393955173,-0.4208607199016679,-0.3245011331343726,0.218803676151081,0.759058519806816,0.13233547900073708,-0.1735583126405814,-0.11938421385422321,-0.23293542491628572,-0.09727235697126607,0.4423461431890402,0.05240612785889462,0.07206941788087382,0.11549756904483763,-0.501564654913536,0.013444960529083783,0.22016144452730801,0.3533794084755727,-0.1596328822044661,-0.16507298160028477,-0.278973532091403,0.1427360693909773
100.0,-0.2005176763437368,0.12102206875377139,0.012386372136347717,-0.09676978980320589,0.0983692272151129,-0.12212360065423322,0.3721425998958714,0.20615497428162596,-0.055428455774641894,-0.004470537234120081,0.12526477126684335,0.01907352747618013,0.09850200135651951,-0.07791488270162494,0.26143576332436397,-0.211399331402577,-0.4413416802882311,-0.06663307464962775,-0.32671280625804794,-0.04331246255215565,0.2153765779886154,-0.018944530652100278,0.04960983789355866,0.009614622433708808,0.23392461727348143,-0.10223773184944113,0.1082893425465658,0.16959843763029,-0.1401573920641362,-0.2550308248826007,-0.32113033039569333,-0.05581369146511489,-0.32864943872421265,0.1987106175317694,-0.2886313232576006,-0.04539742511307554,0.05844258407356895,-0.33888666675886164,0.004470537234120081,-0.3599660505633799,0.05228002247016342,0.46616960279891184,0.18990688657137295,-0.07627169993286886,-0.1330024870452678,0.123460391115016,0.11466808460982902,-0.2779364536159455,0.33173527017450377,0.005280126637024152
200.0,-0.17923925525005563,0.11656077184869776,0.6472740555485954,0.20089591790664013,0.0005497524524717134,-0.2167394842953353,-0.21941647403089087,-0.3133988751008972,-0.1360743256566827,0.1499471572771276,-0.27088089956185607,0.21572327225608007,0.2560176476486421,-0.07373496693151937,0.3278762268057651,-0.0954081398644942,-0.09189991659122365,-0.11112583353874289,-0.045273564114490183,-0.3802527412178635,-0.0033517567113332536,-0.25540844816708747,0.08585794680469244,-0.04990738753485896,0.4195575642974257,-0.12460362892108373,0.07820217317117795,0.2914429617162696,0.5397042184714872,-0.0283691461423648,0.12086396971697747,-0.056262379942154384,0.1953846706844928,-0.07260673626051933,-0.4968261722142256,0.0974612802748791,0.03810683197291864,0.08328833247694958,-0.10746911413808752,0.2655742763387574,0.08545658759748162,-0.23896164319739183,0.07469417624814392,0.16060147478846987,-0.22080214101500556,0.23431788556547456,-0.22068905612765938,-0.07547535236119057,0.1329468697404143,-0.02208522330660717
300.0,0.10470985334701297,0.009381651398698482,-0.14996063654438824,-0.005452097100375586,0.09921473930865829,-0.3364983636162629,-0.21307593974753342,-0.17798816644351168,-0.16370998991775726,0.19500361936905616,0.3715167708378727,-0.2560240229311822,0.2556250711015554,-0.181610875942337,-0.0026669288749578413,-0.1929836190700634,-0.028439783528544482,-0.08674745744049073,-0.09755007985948577,0.10056177699621544,0.13225338002599227,0.48341866478827744,0.14286747032133415,-0.4482940763521814,0.10663899814619335,0.12967719012072756,0.03407484593462007,-0.1828549416784077,-0.3774041814332681,-0.17626364518326715,0.06216371270433671,-0.17021675612270432,-0.08089968721361057,0.09729139383964344,-0.3096784054692053,-0.21073269771709768,0.12365072386877518,0.14972504068239434,-0.028734461571396086,-0.09910769224109,0.3380071153002836,-0.22106475378468243,0.13016049286152645,-0.34822822375214274,-0.02917169912142098,-0.2982560982148836,0.1196133489829857,0.22484150038154585,-0.19721660812092107,0.03029615963310467
400.0,-0.14093277922706132,0.15998294815312475,-0.16320234979208342,0.1255293756187692,-0.22076561060722372,0.2477136551096432,0.3340696776544984,-0.0567126879063799,-0.15592467539354643,0.1454511969498999,-0.11884224878617361,0.28013488655304486,-0.12620101797043043,-0.01252402084780646,0.028528525750375955,-0.19382522817903675,0.06234085418359314,-0.0968007946857618,-0.09592633835297554,0.22881006365493262,0.3179272405751838,0.03364108639849894,0.025403200418356475,0.03805182207057217,0.1741899176112213,-0.10886018351336552,-0.19957260345719552,-0.1668326873753599,-0.01199401641140943,-0.23361370016089683,0.41391343057842644,-0.29785858897001977,0.06580965543148462,-0.09574570497815577,0.037126763833907284,0.2486935728532445,0.10947173596738946,0.342269043934398,0.09244682041142196,-0.05243450181374315,-0.02038655393641245,0.2579222387942073,0.0007296820033869389,0.16763146984013955,0.0707775649616102,0.1117312688835427,0.2745553020794026,-0.1157578072515037,0.19203038509060366,0.03497915758416714
500.0,0.028202906204936123,-0.010996888513328612,0.22375408572501934,0.1854597477099048,-0.04708174619503841,-0.051602043942641895,0.2547836252970371,0.012390777998248836,0.18888107690196895,0.03856825710561898,-0.03563430041950327,0.07737290221154342,-0.07176866232329787,0.11105033785076718,0.2602441404906524,0.17207660842905242,0.14864388803990647,0.13801225672982997,-0.3297798444907794,-0.014612588762162648,-0.02353936000690693,0.2543429149468856,-0.14069292377753512,-0.3010859366317464,-0.13320569662839138,0.16310070811626112,0.45487430534224205,0.41599816003494905,0.02949456222248356,0.20675423615653665,-0.03287864077685604,0.2689893001521387,0.20232803341619718,-0.1795274963596482,-0.0008651634350065884,0.287240647230238,-0.03305224707763349,0.14179921971927348,-0.16713500090289896,0.14651632550383412,0.21768394061206,-0.29619454811172635,0.051041470916188963,0.07598458023667265,-0.13468083717638984,0.005719042675938257,-0.4050065571100136,0.019380625634722953,0.19823074140127145,-0.33433169822449044
600.0,-0.22750298986991363,0.3159105944485108,0.24998885430673215,0.06933319071870536,0.4440409155217595,-0.14545623956093967,0.015158759804242056,-0.09644809444993274,0.038613978649202546,0.33159999421849445,0.01818294967520187,0.3717607073116458,0.01716052848093988,0.11691994094469538,0.4154454081285722,-0.11362776426543947,0.09689125243077856,0.16758000795139455,0.24376421775599888,-0.19025435608314306,0.24409590957332616,-0.05325399068211317,0.07519270624196123,0.2437651682841337,0.34350922117170285,0.1652772023217196,-0.10334635104410028,0.03665490799321655,0.10130458936809242,-0.00880448702715661,0.24378015967585118,-0.11272461746005896,0.1162554209548455,-0.14128087268812267,0.35353115802864343,0.16577619180597766,-0.036146180031248365,0.22922870777765042,0.2809337666149119,0.29776730211117486,0.030840579536462936,0.04810184756325073,0.1045199542540837,0.0933501806112988,-0.16225812859254468,-0.2858925056742441,0.22582666572656765,0.07028785755179676,0.34561382223001247,0.14056650155875086
700.0,0.3379846431118682,-0.30404781315782997,-0.18637592861857938,0.31523025464403165,0.5631051045325617,0.15865499375474143,-0.07031919118228819,0.030113398992789975,0.160374015073502,0.3788491597507034,-0.07411679583024905,0.10693199975925749,0.03607573727080407,0.38498785224400733,0.02037492887337583,0.23174109536632365,0.08912395357880232,-0.06894922412448706,0.06362410184032016,-0.030901940395364702,-0.06727144200639512,0.12073068539385023,0.15824085972472487,0.26104102714562205,-0.015297571139322202,0.029607715140508056,0.017697059718541408,0.34964441592739515,0.013504924032157167,0.3924807200315551,-0.015270538075363133,0.26759162046919044,0.6648046284420619,0.21340457536987695,-0.031992706286804395,-0.1727580581601238,-0.021821279400192795,-0.1084056018243767,0.21070435890908865,0.016619360347639917,-0.022971540734120083,-0.24012597423178955,0.10595997682717459,0.030581198643086283,0.2229275304600983,0.42660452929336096,-0.04889699980685319,0.3631252666656014,0.20865839564982186,-0.13421227050928286
800.0,0.07595473243541181,0.03462316479055624,0.09722372764888229,0.031387191963480665,-0.13646490234322656,-0.04230239086094728,-0.2998201057025269,-0.0006149232624417245,0.05464819757456332,-0.4040982165034593,0.19204140635483813,0.07427271961026893,-0.02070757664891701,0.3241025590783332,-0.08409414166053208,0.22157023114813415,-0.01475638804022028,0.14253458285046056,0.04752866410994663,-0.09648342939181742,-0.1142896606422526,0.026315948477446005,-0.029084170599122383,0.05958230563959399,-0.014695990400325626,0.1548882192925279,0.07409227146001973,-0.07916108639997738,-0.217621879560633,0.034973100861458356,-0.05130275175335347,0.1836808535202861,-0.03767189797974985,0.19580737508757654,-0.1063625291805041,-0.0034024112542311302,-0.13152752561235115,-0.04300408260335359,-0.23916218809270146,0.03591930467413021,-0.12350231369472547,0.12686583750432312,-0.10985627184487962,0.05577157313262088,-0.17304121978718362,0.005254346072414207,0.17497349321068273,-0.07923490386949844,0.19392226578519664,0.20909628401831842
900.0,-0.012453404475179647,0.12219323000185842,0.14203888115106642,0.02331386473922009,0.11556466563234594,0.27486640276574614,0.05607952040114991,0.21599951884149968,0.21496777060706837,0.08949771506404278,0.3111023356541194,0.11842854386764923,-0.002362989017701572,-0.08027520020360662,0.21333024614906412,0.3041943688698368,0.14490436645993476,0.1393994727306985,0.24902186660366898,0.246128816838387,0.01676576573298988,0.07948318125673581,0.3647324926965063,0.14955819746769394,0.060874299997811826,-0.05502372686751039,-0.18731168021249822,0.08600394395669927,0.11253606235321542,0.37335170426597486,-0.0723401389769785,-0.059096284212500405,0.15999723285890483,0.05943388844158046,0.36252438905835926,0.2152849838266871,-0.09368603332039965,0.07228245135212716,0.048116164809591216,0.26306706398779034,0.18673725129036703,-0.05511522440800093,0.3842727828154535,-0.21109670313385492,0.08728060412688438,-0.22121008309531348,0.3133154531599716,0.32669667049018974,0.05394498087797084,0.00561606841643042
1000.0,0.3679395216906385,-0.22174170061122428,0.13682674438734796,-0.3131455500726042,0.2545805309156677,-0.10756426761212506,0.2535409074219692,0.07265424422072092,-0.12943731287452748,0.42631055216594216,0.013419985925293004,0.2545885433156685,-0.12401133037570328,-0.05177372489697235,0.044839614706146835,-0.2760884310139113,0.17587175635185887,0.009925069610472737,-0.12148213943087854,0.22776409007640988,0.11518304463281998,0.28040880746814456,0.07169244992042528,-0.21069408276279117,0.10850846418932611,0.1441237703102925,0.07086536591932946,-0.19059361808522118,0.25633811416957375,0.20035595376070034,0.22619221171284984,0.07761172908621802,0.1664422730538401,0.24218655599892128,0.10351132174328304,0.16430070162859217,-0.14029425832900666,-0.19657801989532236,-0.25352172933873957,0.0017174550857951554,0.3090804723369116,0.023977571736336717,-0.08733021809814473,0.06821472547636792,-0.23514642472612307,0.07204655739280652,0.22746540364360715,0.15212868315037292,0.03606799889113532,0.19228519727058263
1100.0,-0.03518007248209737,-0.029962266002348248,-0.34174894882389845,-0.021693659548543964,0.12020071398926566,0.1349773477082629,-0.18094665429932982,-0.03568514769496245,0.433647222489818,0.20777294493796786,-0.005442816818235413,0.02144676815274449,0.15056535127862977,0.019222456959657352,-0.20129576359171542,0.212232696348734,0.3126414357154466,0.12743154805037563,-0.20614635717630364,0.1292310751087599,-0.04830594173771752,0.14282717931222946,0.20210898924694637,0.0019417640913566014,0.2514802939262005,0.2885284391489723,0.35072193159020576,-0.38761181961018404,-0.09809536003521252,-0.23846987799464808,0.354230912807804,0.11404559056857885,0.3760231330063437,-0.03771032396710877,0.025224430289108646,-0.18252780677744662,0.03378843341376314,0.3374457432148906,0.15579311980229496,0.05503886368966124,0.05046394532593737,-0.22577254096949745,0.11706852315784641,0.1134588208986197,0.09220991884075364,-0.01391578198054616,0.20377862593758778,-0.07198232200260596,-0.18148506551509908,0.1352376538606237
1200.0,-0.0072675379113583405,0.233473748635567,0.09179427239851193,0.3116116409488699,0.42429302319585654,0.10060266354848496,0.14605137066643956,-0.003828021367909662,-0.0634238144944716,-0.06816601566430286,0.10821230512250568,-0.32846703895193513,-0.022052924161790805,0.04339629551766622,0.06385033817255337,0.20234325059351085,0.13453029690057783,-0.03836932660683162,0.25188047218979326,0.24404601888752264,0.29798517777113676,0.2943009707268708,0.43320654027128425,0.22929023224334616,0.14681557185442462,0.26079773943498863,0.21924883110132654,0.25921726180670285,-0.03492322190939151,0.22748434398220288,0.22140352483619827,0.2807606862512192,0.009046349795088476,0.2546400222351991,0.10133427636001652,-0.015025071000520807,0.15103393808204457,-0.05620879148905383,0.1561121826319052,0.2961988556824768,0.22998987699070203,-0.016928623683902105,0.1645783902008088,0.20486696551570424,0.005251416131747844,0.15336289633363892,-0.05726742049308825,0.19083084116210416,-0.07789222877116025,0.2666957381858214
1300.0,0.27995096800957764,0.40379410428685836,0.13961718042906704,-0.0002454423730846589,-0.13658737150709171,0.5504322876254455,0.22692140465203625,-0.12169719404094204,-0.04881664609863873,0.23632768028000353,0.11072793507495718,0.11124411756404373,-0.1994050506341924,-0.25341196029798624,0.09723602550010824,0.2570439227074778,0.05578317770917546,0.17773297983885028,0.0140802774650087,-0.13112642373144529,-0.07039733643969959,0.13463568224483458,0.005620337845700207,0.12444454105481922,0.42375770639199933,0.0718855219839741,0.14574359004737356,-0.021720363263727477,0.1787084687078879,0.07836116973441307,0.13990015225951566,-0.014269852428803825,0.2894366153722605,0.12109302141435477,0.18286079851934522,0.0398952968778552,0.11336771956249428,-0.12509253139982762,0.1859796325283901,0.09113005293627532,-0.05801401244912191,0.28715427299168106,-0.06168487959248953,0.12767173282985605,0.12253611436874584,-0.15301316195702963,0.2790448410547408,0.23773858781344684,0.43193311128207346,-0.05330424509205217
1400.0,-0.01476161609111179,0.0954695767125592,0.23602736968549634,0.4199550191226965,0.19407559621824244,0.3064807159843747,0.30912742022492246,0.12749108801719078,0.1191706075260903,-0.030905020646740222,0.1893526342110452,0.28940593103431234,0.12837264728079137,0.12253525173970209,0.4926988621582646,0.22854099510199843,0.2318867100381613,0.11525965414861022,0.27305609285769783,0.29946336815232194,0.2402199187334776,0.26249411830107994,0.07282255644281477,0.48281586979297725,0.4836249385447526,0.09653334372620945,0.283727572028183,0.37338550940503756,-0.10207610810533191,-0.09875628680184861,0.38271614676859966,0.47272563939391415,0.06500078626555131,0.18822775686670115,-0.15255809153010214,0.1959295368110843,0.36670550192143203,0.12705663558777872,-0.07099244611036754,0.12936541411236477,-0.02526373292581982,-0.045349881101310496,0.23166245323944556,0.26483110477120686,0.24599101288827227,-0.11285315490711278,0.37255851602251866,0.3322309163508306,0.09007340372493622,0.13827577943077507
1500.0,0.29791572540399525,0.236761848133554,0.1598994552363887,0.30774044488121405,0.32026459464823015,0.32841292436077163,0.32400358317996847,-0.05655134055971417,0.15357062852136869,0.5477463686683111,0.08851349316412913,0.5732050241579258,-0.15962465440485368,0.16622253962119637,-0.030482015815120722,0.44586739317725504,0.09731274133528811,0.24511314192344302,0.021402297388226105,0.15385729690035385,0.35388265045083395,-0.0007090877734991508,0.29118057366284444,0.13417808092123595,0.3706756344435772,0.11742366220812336,0.18527455008018556,0.3126786719252763,0.12210797955465066,0.08775391977829913,0.5602824988757376,0.18216373321990786,0.040874943288646465,0.3930839362909712,0.14261248616899286,0.043123607404425335,0.1278023492327882,0.009326741762152008,0.2829320267734077,0.08830814302573217,0.3359274372806121,0.1694868104543534,0.5048483627920912,0.12983257951176908,0.14598435964078516,0.3471689955329543,0.15965862788417565,0.08383033520011593,0.11995183995158115,0.0556795754060857
1600.0,0.056917139039737524,0.11944869677865463,0.015778967156636653,0.16479304081082358,0.05258961813451182,0.22742084318631567,0.003189573956140307,0.22160340049847344,0.245713876457611,0.27690684422173917,0.14106206780998823,0.37454992354632316,0.3102373138259023,0.16456565579149626,0.07548159570008733,0.07537060396934456,-0.09245430847260983,0.4262079847363107,0.06432419852303692,0.33374703421997276,0.3843378808882303,0.22542777959386145,0.15147588644100415,0.45370784559457084,0.4212371861728463,0.028318915278750828,-0.057459746181026394,0.07186125756554704,0.42233175285994773,0.4737516013741166,0.20666018762017985,0.14898638650090326,-0.09657328804078374,0.17564811990386303,-0.05466786437908,0.3419796859078594,0.0008299518913120196,0.29389602854351987,-0.032134080067770465,0.13083728297686856,0.2896827882695383,0.17613050470976302,0.26438221703375664,0.05722763173173773,0.1706114369877943,0.4464490508517932,0.18577416874983152,-0.07053910519574674,0.2914125587827575,0.4757972821042904
1700.0,0.04130237599595518,0.5412273604350513,0.16763877455806872,-0.05086196960598671,0.16920919449712551,0.10768681657412199,0.2757875096913348,-0.03200928309816603,0.10356785126550236,0.1708864566901371,0.005081365457971193,0.09602084342345402,-0.26084133449977537,7.77626421157307e-05,0.153986634962777,0.6052635767105938,-0.098965897484947,0.05027693540569217,0.37769176003342697,0.30677876070310184,-0.14869913193470247,-0.04685304534764334,-0.04630590187775535,0.39391621933099996,0.1618540753771249,0.3891798630230003,0.1553619171910181,-0.016075586062711783,0.3395559015585369,0.1810958630695559,0.35555540255705104,0.35799798941158234,-0.00015188953016728735,0.2611955422172265,0.1553739886657978,0.09404574394051474,-0.03999130149063834,0.30046389233943005,-0.05210117882169224,0.24940245225189514,0.18362864783719596,0.21942100623469607,0.04671878576285973,0.24876680135176923,0.22804137467524535,0.3259508589101959,0.2812414823901437,0.558642164769253,0.10100303514672276,0.01826675228404906
1800.0,-0.03666958651831559,0.581591817254745,0.26137442983583165,0.24971194018928738,-0.051348146328689837,0.2708976963670833,0.05932955964596884,0.31443807635743515,0.06813005716556772,0.3511076288579844,0.5067836386407876,0.22241932090436978,0.1679602161645196,0.2616165231009515,0.1944734955659679,0.5337949847280957,0.11902804848859705,0.3915721624479819,0.14020950731088747,0.31950551653005316,0.085471047261585,-0.08470162333955306,0.10538354401973779,0.23700613441881457,0.17256194858713705,0.20770759330379238,0.3937781167448694,0.08916270294247777,0.011800536969756942,0.34710720156142283,-0.02284075294832197,0.039192636112682894,0.24495979483018865,0.056150070416524506,-0.01580176135912431,0.26392030816955736,0.4760767991020209,0.10841331284339126,0.11844857483904206,0.4820744190489534,0.09263112631342227,0.17348326212592344,-0.34525873295290926,0.5765618717063632,0.20007211428759558,0.18451980344559404,0.10519393763208748,0.19971721090503694,-0.06705978550631503,-0.15822028222320883
1900.0,0.1312693515707207,0.19925037917768446,0.4414073059284359,0.2874116310117504,0.08632453135368337,0.6806380241546507,0.46778002166123683,0.08451530540189678,0.0962568799777074,0.25870369951876854,-0.19587227757781295,0.0973873330091472,0.27070668673823894,0.3377439011580078,0.05720524815549943,0.021262812620761157,0.009915979584140422,0.15933891959677343,0.3932471632932624,0.4487943920356516,0.04887167834956396,0.01227947038200694,-0.013746478124461392,0.26946070407364825,0.23341195192061875,0.3067253508084069,-0.14684844644808248,0.12136986621498089,0.17418919161361726,0.2526990114464802,-0.07527775696944722,0.059229933569273224,0.1207849887587033,0.318632392904216,0.12626554854053842,0.00452302632533258,0.23415860597241306,0.27994444055891066,0.13821082313832597,0.3731416084669208,0.20332780706105,0.5127347161952456,0.17736114036124587,0.13325060991720983,0.11130768606445735,0.3412348490866747,-0.012983509629162032,0.3160324268841881,0.15896076486143776,0.16784454806727075
2000.0,0.07376121452010279,0.23281203403205475,0.16202067123550648,0.035581515613026915,0.1875155022976188,0.08123247647646475,0.4556137278322086,0.10402004896358313,0.0738029991231787,0.3122248378958367,0.12281957867124085,0.0836196750639393,0.2968797854010674,0.36027473745616123,0.22068703962456482,0.3503326282540872,0.3796981449484932,0.3577033527398026,0.2856492275400387,0.16655645299194038,0.09122339399425478,0.3371279392073594,-0.0972140371714258,-0.031217699761416307,0.4180131276507375,0.2178914359510171,0.49413879887598283,0.31033692222379006,0.2721605069598282,0.12827112393173182,0.0049107189006583896,0.12624624044433289,0.18814518705828656,0.3945523090793087,0.3414818616822775,0.2328342280031609,0.2817418090015367,0.17530294433384666,0.2654578065658506,0.37524248021958206,-0.011102762341049927,0.26941949336630056,0.03465692922055694,0.2323775868518224,0.0071192574946075116,0.3127126378001939,0.2380371472077025,0.2479283260155875,0.24036380757567335,0.6007388975053701
2100.0,0.3645442060921178,0.08359359307077055,0.28431013873078315,0.2066990867318825,0.2708729555634165,0.2975103997195675,0.5135905045098794,0.21219859265634455,0.25812087865171085,0.12569815938429652,0.19950559043022356,0.23439928558314765,0.28344235442577176,0.2411507284651246,0.35359581511162064,-0.16694414834172605,0.37469266834935383,0.20793712186589347,-0.10569124955371773,0.437588024282767,0.28377391253587614,0.28625244148835266,0.3319674462944352,0.2225570141470812,0.08459402320274742,0.1201224544619279,0.36085480543616666,0.06318422453952968,0.31979086734624373,0.4109172653175337,0.6181815374128834,0.3413620470035432,0.5289016563955586,0.06875598229062127,0.1507162167293773,0.4299667295708705,0.18642569114046745,0.5318875483096612,0.13735622428034458,0.44487279899288307,0.10370860909795579,0.44508302261080424,-0.17040585605494624,0.4338290693375241,0.4354249231210755,0.5528126940318483,0.29615363676532314,0.42651007316073486,0.5424700922250527,0.4772461087891348
2200.0,0.3028272022125271,0.5952575679006307,0.11555427082844086,0.20178217024814485,-0.04302037108606599,0.45328127833888926,0.011309872020957484,0.19512708917295948,0.1441673937349317,0.17409807086255039,0.14714861947467447,0.10271077388421151,0.46351895417355127,0.23619729205051576,0.25070408776178477,0.2862515841818308,0.27544727035178507,0.2780250961739088,0.20317134457487765,0.35291451192389744,-0.000652948446073498,0.17774506143497265,0.18207666704810416,0.3981759273977334,0.2110811160700503,0.3822071851095106,0.2524315461573614,0.0676892227793722,0.5759257030004576,0.505723333357657,0.07821867143589836,0.22703299811330757,0.30095191181023,0.2405356645365731,0.6752132730154299,0.3375488886394592,-0.06631984696279108,0.27286347781145204,0.22455478425202707,0.02724445384831395,0.4627392249667194,-0.09094710878206319,0.22565467654917276,0.03909971907034693,0.23820688699392203,0.25783175871321,0.20036609202040265,0.26087735895286723,0.06753225664081763,0.010897416807470917
2300.0,0.23379411671488182,0.23912802981999243,0.11518337376118662,0.15275430785964764,0.27442674537385686,0.6363825541389604,0.46820147747645957,0.5409941833432252,0.2517128525235415,0.4013499596554315,0.26436217282004504,0.1468397667835001,0.23439940577276444,0.3048730191436733,0.28299603104732657,0.37913313053162867,0.1908748496851267,0.3832268462587244,0.24304673670475996,0.07043769463794453,0.2982485101554453,0.12540496308180665,-0.0006210906723750353,0.5745167624042051,0.31700430239237476,0.34837194506954766,0.11614076475297286,0.4106980554543632,0.09142031037256201,0.009191654575107983,0.14168289263658979,0.42424062792997025,0.11128494664909114,0.05027777076907161,0.15244661804774637,0.10069742138796511,0.08939144428495971,-0.07748549479818462,0.19425513202963365,0.1319214569398133,0.09917703869170366,0.22656034839176065,0.09485901795803728,0.06299946748798912,0.38059898509970835,0.19774401505594216,0.29549939236212824,0.1876199869998643,-0.08200957470884768,0.5479597663109443
2400.0,0.10989204300863734,0.398871728477039,0.061528905780149884,0.1798442019884771,0.30181282616959165,0.3889426507991242,0.6273784132740456,-0.125507983984945,-0.0029837052230165806,0.19966936930543386,0.6209561809728508,0.4028200323924144,0.34907589679721335,0.19863895702729834,0.2719386364407004,0.5449129901461522,0.24507285062839773,0.27974408594030037,0.3732104897352694,0.14943822715421917,0.07359284776298408,0.17827425827186305,-0.002801372457697293,0.003990415661123348,0.2476979035129886,0.5118903884126975,0.0875737769687393,0.17177245292252363,0.5836807329554359,0.16130551555998685,0.12657513089890296,0.3610653950073529,0.4074496245955459,0.20741343514980032,0.38573645539934387,0.19989806727455134,0.2383440377163149,0.6051121217955986,0.48632351317581357,0.16287815894138022,0.3945788607197236,0.6807743749845419,0.3064478537934147,0.04636233931935502,0.6009731947873147,0.3593588998406696,0.4025514985678209,0.032669851602616845,0.11811201068806665,0.31243427133922197
2500.0,0.2652934429964586,0.42191916707693283,0.21863324618613214,-0.01742798900848297,0.2465023206493192,0.33986353368438477,0.28612721644708555,0.30893851853870785,0.2963881517609635,0.058160003916937514,0.4286526680272534,0.38464101255185956,0.37922825101198543,0.19302171085648887,0.221766485595512,0.3124431477378681,0.3314072927258123,0.20586942215030743,0.08778869694067806,0.3966689033767596,0.34255792086781855,0.014874519172362155,-0.0963605111149699,0.08977800494114324,0.120957140209765,0.422875564029662,0.23477540367371955,0.35513741045078395,0.3257278823621804,0.22755315733591203,0.35267032051918834,0.5280694950881815,0.13832884722716485,0.2079662626170458,0.22857496263963703,0.10250809985109549,0.32367116304888355,0.23843831016934838,0.4066134388362413,0.2976791881011136,0.6532520146410346,0.2953912989656392,0.340623132035186,0.39590131272406054,0.1366361088906865,0.24997420223094213,0.08793416625850983,0.1064974404703242,0.567115153051579,0.13776268918130052
2600.0,0.2318343440493681,0.21839430717275257,0.26356161791769206,0.5063711392708341,0.5354189520949193,0.4756748545885833,0.254584249573105,0.24709951598124402,0.08312089334224074,0.2596433691347741,0.5626809242380322,0.0643187169189175,0.3058584966691814,0.18655072690190677,0.22465027088049883,0.21184961396450339,0.5137723742449525,0.013604679685340237,0.4772377013922574,0.44424211283447923,0.1639798320300593,0.2856213706347163,0.264363651628182,0.33433726652885554,0.4741015497093772,0.4115800522591605,0.23466193578454206,0.1264623592670636,0.002794754915169201,0.48786535838636996,0.3561232976718742,0.10904591803855787,0.1513197236866569,-0.09856709071133724,0.30830026655131526,0.5366078490681516,0.24145408985819133,0.3149229582801182,0.37111474520656496,0.31793203787942137,0.3160801272008613,0.48109095822888065,0.19581380835338794,0.43791509530833744,0.37151996111702323,0.2544616629464198,0.49372085769453805,0.07277794859998174,0.4299358351842175,0.40674139603906995
2700.0,0.5234090719985292,0.311231182246955,0.3956421851273645,0.17402402964462166,-0.05642921348980162,0.2604518069453475,0.15487327281034452,0.4479132086621064,0.17022612270860096,0.0010775855322410488,0.3550370798449972,0.1512070357027186,0.16526272943306725,0.2187814693473734,0.22086738019218122,0.39806209125285785,0.4938012480749463,0.5017037388856675,0.13142679379341415,0.09497630979832833,0.36652185310096985,0.4657179865636396,0.1873258513740109,0.26638373706837676,0.2667479120738338,0.4273664576497702,0.42234647846830337,0.2960072532865224,0.12359638382959429,0.26362804470672196,0.33510668875348903,0.5740275721346781,0.3701571674901289,0.4802774034596216,0.6247292526538076,0.26045920714343873,0.17046448660597063,0.4638705058116113,0.43031242578549167,0.10389864279785457,0.22925174262584386,0.40744251524261654,0.440260915794898,0.4095720807099328,0.20651209930146508,0.39368745768977237,0.6122467051086213,0.26381139806023834,0.2927235973193105,0.457819496945683
2800.0,0.3405921266489637,0.4777386722199927,0.16764527628976186,0.22941654697642105,0.08111205033610516,0.18506304413967742,0.2966606831617294,0.08582942045652414,0.13745616444389203,-0.09852779101047365,0.06515689943546868,0.21460629285158775,0.6752747260694878,0.4836385704442891,0.27736296222217227,0.3404448788672536,0.23150458198038645,0.0264657445173353,0.20973320602497975,-0.01277802804174416,0.4483356890595529,0.429322231101378,0.16478993141529155,0.4455810589890209,0.44365379420046724,0.14768100604811663,0.22539571368105357,0.1262865203053906,0.36671437748926944,0.38486516054936964,0.333976114509013,0.3919773864863287,0.19360839377402683,0.43484634905402453,0.2911856113372152,0.5721376129170428,0.3977215581424588,0.6136770002919543,0.2772806533681418,0.27367864378242357,0.19345329099822214,0.16035841913654192,0.19176337870281998,0.29114608907263784,0.2375546335196802,0.3429707620048024,0.5271726545958113,0.4235117999995559,0.533863498538965,0.35041063298993924
2900.0,0.25522787791732027,0.5521284565358384,0.035272605924710626,0.3193974499815567,0.33200074637199795,0.3305760452363442,0.05921947330571334,0.1135710437212723,0.3347669735734642,0.22285918175757227,0.08180026095115064,0.423079309295352,0.16615621174877343,0.44405734825057563,0.29753710154791363,0.4686457040495957,0.34209368486443903,0.35670530684676316,0.6869208470968016,0.27256207816104283,0.3128725659100113,-0.04989937318856813,0.47048748544732416,0.525806466258953,0.07883510120668749,0.29994986977193294,0.40782262040968836,0.33343422721074184,0.270029782027223,0.28634049601725353,0.32621001478076594,0.07235809080617064,0.260897990056978,0.2217217557356137,0.2413895809699725,0.12895483794307147,0.17126037503336355,0.4672882864530151,0.12567731672056567,0.4066029030336315,0.5747856302718111,0.1227487356659305,0.2728582387990586,0.2563496314400546,0.33171065698202895,0.5245253627478598,0.3979957629202093,0.44977777016683995,0.42320034695131714,0.6157479710942169
3000.0,0.4391341752647811,0.1940942654669803,0.36987595712548327,0.30442503179532254,-0.030574596281343236,0.4927901851762882,0.4001971842524473,0.5291143720980638,0.3331348232557968,0.21319201321149248,0.49233799711950677,0.6094075830388934,0.5071006208653472,0.2565741850762874,0.14266835475613077,0.11141166758357021,0.3874852788887544,0.5944611942380025,0.41721171443641886,0.3297337802922651,0.31978255230124975,0.5195992665753557,0.3265659898303396,0.6375334539518773,0.34889256353072406,-0.022454086290175174,0.37924361642050913,0.36607517476590284,0.6120754056954996,0.5102413998791495,-0.031890997751671646,0.12102355689959107,0.1344518725519131,0.44657725571297385,0.19076242577652594,0.4068124844252366,0.4182121625276521,0.16764897042949975,0.20927082468695404,0.7088532524704518,0.2479044821101149,0.13921361204756302,0.05962114612121358,0.3168823839188716,0.5035920968935907,0.23011345177018153,0.19117588381401315,0.24008024888700819,0.33560286258856564,0.37045947337549107
3100.0,0.5292359749057831,0.20673574944308493,0.7339529033523808,0.21949822578016673,0.5015499446865577,0.4189220599853483,0.3680187435589375,0.4212934702707052,0.19560512378479658,0.19566023211810105,0.20358097784084508,0.281596688647353,0.36284152590695,0.2976043405607151,0.6275457887638454,0.40552588394999145,0.5147777255366836,0.2518335924502556,0.48592303505283335,0.5419412682856197,0.6303008304305837,0.17521662935248705,0.7438118280074024,0.2250695302960662,0.3290318510718624,0.3232144363498859,0.2900942378943562,0.184444309799075,0.33497138031472873,0.4494947052832418,0.4202287128363016,0.4882750470913873,0.5068387375473533,0.38612409131150616,0.23973971759066007,0.4478626950948775,0.377686943603136,0.40842953742790833,0.5380273758949139,0.33769757328628275,0.29979801297096287,0.3215670310719575,0.4070936688021819,0.5422433635853654,0.2887421630748183,0.5246594182595208,0.3621430574242922,0.2990663184255764,0.5494676937591015,0.3713796338562163
3200.0,0.5117068320075555,0.465255962737729,0.5848426562138973,0.3594691020610096,0.39640509424522974,0.22615793727731903,0.588053493141329,0.6167308316909101,0.24628451502223248,0.12763559325829343,0.6019991668840845,0.44448821035234437,0.30974188644626177,0.6133752819488985,0.4249397191541737,0.20587385284144186,0.573515001421858,0.08183423040294052,0.511360812118165,0.36345860935506746,0.3746456882185457,0.16965135839200368,0.09313557119695476,0.52737932274213,0.312676209144174,0.39836272900354563,0.3066640632061278,0.2153924846651272,-0.0924844572890508,0.20807692445092724,0.49321317982818985,0.22613376974751012,0.25884516063597285,0.3338105468168222,0.6063294665204569,0.39825224644016266,0.36822406896717386,0.36463067807051247,0.36606593852652425,0.5001274051158187,0.5222407694551492,0.4160375835682346,0.29556061530564426,0.08811642640839257,0.07829047560424424,0.3115409654853649,0.3308642668069407,0.3623927398057005,0.26468640577559294,0.21611620586928987
3300.0,0.22399344752858585,0.5336849616549881,0.14318902152653812,0.07307179682972076,0.7109808367055153,0.43130646255772076,0.3422389379784426,0.14570557573100562,0.6193537696371076,0.4534065432139571,0.15329311460487305,0.3716376810238097,0.273211370257892,0.1721832528607631,0.1486663042347861,0.4173918638478795,0.4220834438476153,0.15201201684174429,0.696456887568411,0.6290843908766743,0.34376877966489355,0.10010023651445393,0.5066793642477505,0.2125505868004066,0.5837201955454208,0.5043967194716827,0.20656533466515364,0.46456520480967484,0.35881519103119175,0.556651316919124,0.5669096183821918,0.2715778107306335,0.660741864031934,0.4861847604342845,0.5111865839462848,0.12834297313178317,0.5057739988192941,0.4058004848960629,0.2556788427370049,0.4770877229122719,0.5144558428553159,0.6522584573132226,0.396872619670249,0.694900749741584,0.1473709390459418,0.3831404050573785,0.2493667739951276,0.3551066720298123,0.656658193118379,0.3892108121642923
3400.0,0.5624030854721478,0.18737927839850724,0.13252019428152298,0.3161806696497087,0.0871513743107151,0.43322056691365707,0.555107859535209,0.28329670380701893,0.5117412619131343,0.4871888240362778,0.35061215073923424,0.2030232950118899,0.30779396945063286,0.5634808799239468,0.23928727722390145,0.32471126881822643,0.347870151999843,0.4277711831078371,0.24452915768904615,0.4471216083606914,0.23288893607501385,0.27548180787931087,0.39580992214130417,0.6477185997577676,0.3658959600598886,0.4000576456303353,0.15200165098790638,0.6897772556976007,0.3965893734456678,0.2609612529123649,0.6068754728591472,0.8066646728150957,0.26234475626252285,0.5447942606100034,0.3814509883145779,0.4520621881107719,0.5981152849393865,0.31821344112466,0.24589502539864735,0.63358073109077,0.2836185782849872,0.24247073629745197,0.5129174089738722,0.41698706306809563,0.37740479524137566,0.33658169482498385,0.29608823919929844,0.22676316528031729,0.43092960862017565,0.442565035935845
3500.0,0.6555962957981005,0.5081737575931267,0.3367936938676211,0.5241251098018641,0.3953151139409389,0.3067991077552631,0.505216546941694,0.5707433117059975,0.5474809341321012,0.6765399645360206,-0.005036584278119843,0.6963317167106575,0.15080714673208903,0.5256356967010154,0.3555925301786153,0.6035764122704852,0.6559301394063897,0.4686149189710106,0.7320666771576778,0.6560613882772985,0.8248257750862285,0.46551107987232354,0.4344675848013664,0.4160441634845521,0.3107165210858478,0.40111783620831487,0.6173037860394524,0.2518146410597383,0.2414800459717875,0.3915534150400418,0.2377789249009062,0.6153640512411143,0.1502239814901817,0.29603506157814974,0.39354271245523476,0.40534604383553996,0.31910829015585823,0.6306049936074469,0.7986564983378854,0.5417243553361653,0.49281642349566407,0.39447603400630993,0.3702739167655088,0.4544754948051575,0.6096918731915885,0.45138077090663364,0.18865190153220274,0.0568354070834505,0.27562789591850134,0.38683400133243795
3600.0,0.4725136589890999,0.1504292086125377,0.5752252453058067,0.0951536512702651,0.4270032723613436,0.5739974004940087,0.5612637033692541,0.6474777854895704,0.24637974225565526,0.23637463457449298,0.5366827016623879,0.4924180744007919,0.3223740013152479,0.269975309306055,0.4070346133520634,0.24923746519665735,0.3587625990922457,0.37673407200838194,0.24226421123765401,0.3897907278281803,0.4619992672871723,0.3375280262221974,0.22695902972429438,0.30832042460605996,0.4686202476939527,0.3245834963503804,0.269419154878072,0.29415849779491426,0.6322970812227917,0.3449998379436924,0.440200307196971,0.24436499110955892,0.433678809349674,0.2441645867839855,0.41994581984241924,0.36007329719387593,0.27121195901223005,0.026576472700030024,0.4540556847508028,0.33512314988164643,0.15638595994473609,0.4031674339031936,0.24819874250406734,0.45227750401928973,0.5592216695453627,0.6359514413867406,0.3474014384224353,0.427642632470499,0.3343100329448979,0.29162076316956137
3700.0,0.36791235044293136,0.5885865805116153,0.030081220047106977,0.8003187671136476,0.6625441235900391,0.37317090147245213,0.24184490968007613,0.27188698950857554,0.3008164576274748,0.11948972591656445,0.5087363192539163,0.36596115359852455,0.20093968051583266,0.3111789252807887,0.4529220120854524,0.6078466412217882,0.7375394648547104,0.5325818890192057,0.31796868770857706,0.3520297628556839,0.36706564743316394,0.5317419156908438,0.6941558108838004,0.3037394583364612,0.41462995637229827,0.32457843746276716,0.8157944805691768,0.49210929972536,0.20882684398374227,0.5089448191696229,0.45930616747751835,0.340628790020255,0.5331535990528944,0.6454301101289603,0.7682427161987098,0.5929924477678763,0.63561824328324,0.5488599483199565,0.2008081045985786,0.5235256549122317,0.4026441915264686,0.38021770554565393,0.400800061943439,0.6093371088215702,0.40849599092929134,0.7209154382736147,0.14919401080411365,0.6164441930691773,0.15521025867048993,0.38184501313038155
3800.0,0.29306851845934645,0.3658407427317819,0.17479159429679583,0.4622532413048981,0.14982637136645172,0.5210308233024361,0.6247651252616275,0.4977807514997991,0.28907388120698274,0.23433070386194124,0.20866684912535727,0.37895743342406046,0.3493687303180759,0.4248937027561924,0.35645659792470474,0.33273563077453944,0.0564935809680589,0.5162222059056428,0.2479325485975019,0.33487693449736106,0.5937241013218288,0.5740040571572733,0.4726642390001717,0.11694469490460996,0.3989709169071506,0.25902300330611316,0.6830444285388427,0.09007302910545509,0.39731877133868365,0.16347367700135954,0.3969114599805341,0.1992129854948823,0.2313967655826688,0.24483722329316066,0.23775770152845652,0.28498534812133314,0.3968946226338155,0.5370926343084077,0.37404985210666863,0.34694164885412593,0.5223521171489651,0.022778826007243486,0.12835258424741894,0.363231193796067,0.07786173411685249,0.605685831276971,0.4429664474238568,0.2539141252910923,0.2764721654703773,0.2512083888307628
3900.0,0.31297132645155623,0.3713637091198465,0.42229353528371905,0.3943039310719444,0.6880677834419757,0.494320503243805,0.5081703768569297,0.4349890892290124,0.661898200782782,0.4041902765063754,0.6471709778490276,0.5059658063777766,-0.041193875691576565,0.5940284891259688,0.6879216942945867,0.2678365995411244,0.5808239724598487,0.4987141881967968,0.48739884260411054,0.546360994207773,0.3138682062660685,0.39068100364756786,0.10774521853665489,0.16648276506022316,0.11339606365111929,0.4924367444040772,0.3401265398517974,0.08977446853397233,0.3520655966503383,0.5109924781969448,-0.022157952747124093,0.22670362870138677,0.6434751440326929,0.50668848553403,0.4457725195176926,0.6374066480306697,0.20440584325631128,0.6645945687105783,0.354907583036102,0.2961790618471879,0.18116786518201,0.38259229548303747,0.5002800240666816,0.32023685905476673,0.21024402128656,0.21957622951447647,0.5350711961713112,0.5225501048719767,0.3112198288837924,0.3557503454614923
4000.0,0.45495701007404965,0.3572810060302304,0.01860550012844961,0.653452570684565,0.26504102484721015,0.3562812927473964,0.42229249352507514,0.5351108607711459,0.425801777289996,0.2865943001023891,0.42206886710696057,0.36630753539800764,0.5987500648959196,0.4823691059281188,0.5148489356360965,0.35043175889911177,0.34822499454514744,0.36652496250983285,0.6443862008035262,0.5457424809044602,0.44511053381469623,0.1877192119304638,0.07354767971415449,0.38149917868824657,0.28790996016401205,0.19066843942320466,0.43061055775834545,0.2896426853044325,0.43901054826571806,0.608193650071403,0.32091518701886357,0.3738340461256905,0.26632855518743936,0.5653098275827628,0.3884161764520315,0.10975016297944479,0.42706984626132216,0.15425891667430422,0.1812094116395847,0.443652367698223,0.4081979980426461,0.3058511091702093,-0.04137962649245869,0.27094391865495415,0.5850365214682038,0.5898682874850232,0.21088827540799665,0.37715929384985014,0.2116880175335543,0.1706022283191409
4100.0,0.5282390670448933,0.26035272291905653,0.7511097474421062,0.1469176701111194,0.41375264100725395,-0.017012077878587994,0.3454349831694251,0.1414026977095595,0.28031713579109885,0.47783091456154686,0.33785128971502576,0.09650768747533989,0.5282494214639797,0.37346108387094007,0.36725142509049374,0.380569318305529,0.4993875158674582,0.47717572713874407,0.4249175559280201,0.21465335604628227,0.325803091843567,0.24544713776543267,0.33745271670026494,0.6925791386639295,0.3711368720761589,0.6315936812796978,0.39877245953418416,0.15110196573534693,0.44660729214623085,0.320763021706266,0.3331286711725244,0.2527270887429008,0.177645537790436,0.3531936054248857,0.1538128245397949,0.4131071485509051,0.12801509371385428,0.29549890837279547,0.4894624797843871,0.25923173045678344,0.24845974820595598,0.13656340293293917,0.39679427770876696,0.5147872195454639,0.5404535245386544,0.2743204094130323,0.38884166216948474,0.41411681332800054,0.24858950986973638,0.43235397456845925
4200.0,0.7589637709150396,0.2788072550657799,0.046443665736348644,0.38272816239496654,0.3498446750797244,0.3504450499722746,0.3857145809136746,0.4555672380929027,0.19814808503700004,0.4052257944316664,0.05805391732090939,0.4010228646623073,0.6137963735200358,0.46125197244687727,0.2023022840011579,0.49244916125756516,0.1988176908072041,0.34717530870380003,0.3926647562487075,0.19937311214565057,0.3054523576871947,0.2645748508084869,0.1911663465602022,0.25975409520180387,0.089378318557195,0.10541079155109137,0.27723398389304904,-0.032739167739548714,0.42803511263222455,0.2666035981374647,0.17897915801727424,0.4474955916175452,0.09308110925083465,0.4426725737336631,0.585488143335158,0.44953662415100715,0.2171840485775005,0.506596987084643,0.27542569302910963,0.18796178269402256,0.3534532008958454,0.37759619139075123,0.2321812414600907,0.3741802381815875,0.3861789426204144,0.4268682510934711,0.2540304140764834,0.4751250428836133,0.15913180010372063,0.2983990058478199
4300.0,0.2861315375678598,0.009865420106718287,0.4011808589942326,0.08299127316059324,0.12340944884269398,0.24283592260121384,0.16619780406910867,0.37601091223003325,0.2036974052821092,-0.10086061581986944,0.2919378782732727,0.31614066091197196,0.5274874704430383,0.4010859058405498,0.23628211285631515,0.5121111254607011,0.7230964382915535,0.46150295001946723,0.4962325748774568,0.5999728266656432,0.35374649131980185,0.2808516595048346,-0.10442706664161872,0.05451464942281842,0.12663926904334755,0.07629319491613365,0.47193875198946034,0.5480358861446226,0.5372486249139814,0.48944476815865895,0.18170296720995593,0.19792038433168888,0.3834057935476155,0.24588537046807915,0.5809078653599009,0.2610239301527219,0.008280734576809223,0.3161952163037062,0.6206286181340561,0.3535098040732861,0.43316965079960407,0.26739651326526626,0.6407491537747347,0.43439866560767604,0.4659953883815583,0.28005341358225766,0.44084531866466126,0.1862046341527146,0.5123646808085662,0.16217068120439032
4400.0,0.3932885405903572,0.21691140346887944,0.032684141084333346,0.43233486256291886,0.6811945105149544,-0.014478218894256878,0.3322265151284851,0.18844220565337205,0.4034983937799767,0.756567319358205,0.27733944498664587,0.49264193583546406,0.11445966324318399,0.31153498191914164,0.1151630154437085,0.1889372980713939,0.16813189109526844,0.10989270781767746,0.1863162599473164,0.193750752871098,0.06644082095801845,0.4275463403853248,0.4540017672044921,0.36597784215284457,0.5098023864090653,0.20750836280389603,0.10696213338108623,0.3926350852939282,0.2816330552508737,0.1676567838104098,0.3118537156432556,0.7118897500402854,0.6744987496652817,0.3814196499552255,0.4478839804425171,0.26152654473749204,0.5210311738775586,0.2257784013234897,0.22599830817096792,0.1806086021773456,0.17152243986806034,0.2668550125442917,0.36587949600796477,0.13597820500384888,0.3816997072551089,0.13828496990772138,0.5034013976601246,0.246226088902167,0.5896139827323706,0.28498385162971485
4500.0,0.396526241074348,0.620202962119154,0.3538039164993539,0.236789839931147,0.25588789520199473,0.22116544692582496,0.3248909423354295,0.6224081076782824,0.3803606121439844,0.5853795083430802,0.21939583403864948,0.36847543253642323,0.2012655258195539,0.41317156485661005,0.45515648303161277,0.20676091289399126,0.4230957440579599,0.21310434624122118,0.36495031661625826,0.3360463751208247,0.18141333255993117,0.3919052406066029,0.31904708826188577,0.12956637929182302,0.47308850460398294,0.21810891182138598,0.47133513553938705,0.1315740852967721,0.22160277349058033,0.4025710653614158,0.4445982145458536,0.42335107636321545,0.41270532921004593,0.3163543759914568,0.26746722708029425,0.40093672662785446,0.2685322113674824,0.5834720152882027,0.2464369536976825,0.37828368133568796,0.1461633172620214,0.6905719855167372,0.44449038495553284,0.40599414626676367,0.3737533932184166,0.06598287912288525,0.20523317961132906,0.5091028887281843,0.4027275963608288,0.21712014735383234
4600.0,0.6183590593832166,0.2948661593264444,0.5808200799338434,0.06507915444603163,0.4156450371762773,0.36580868685589696,0.5239743014938061,0.29362511005754555,0.46849260739794385,0.1645393158279228,0.3318886224830157,0.3630984532680021,0.45891147102948726,0.3797178325253072,0.2261338761922036,-0.20248902981770783,0.7332474905020638,0.39949641066499353,0.5492967871609697,0.31034971833636915,0.6411298137148436,0.7972231980158351,0.7446075758975548,0.5257669720758527,0.3440175574058126,0.2226027494023505,0.42817110819847515,0.35204213372370663,0.4314653631076568,0.25939714308699796,0.7790230309270925,0.609495729876886,0.4538132604639086,0.5053672285023709,0.358573965512896,0.34666296160679827,0.3321041987516868,0.5430354308183221,0.21132480506778473,0.2730388659926838,0.2965812416795496,0.10769086195822422,0.39901384981918187,0.4558047326131959,0.422070349351117,0.5022479654346443,0.4659439212671582,0.28854236408561373,0.1555094021483864,0.373816778284432
4700.0,0.37793381132563236,0.4957723076296531,0.41855154990177534,0.13345424618541696,0.183987699484415,0.2892146150601525,0.4189101635659888,0.044646998931911874,0.5433307089075844,0.3081453329833648,0.5188353413306255,0.13114050883895484,0.6171133596128362,0.03954776911795099,0.21668235057542204,0.5094473458787814,0.5198670342018454,0.3741375651189197,0.09357104921732715,0.3817061294447702,0.43434739506741066,0.17597248084284134,0.42129479297373185,0.4308980471032576,0.5314762237425193,0.25873104249874834,0.11268468736611192,0.33405804738448375,0.2752122349534076,0.3890367967155809,0.4612837387444646,0.5173898662371779,0.48745004498630223,0.10630598413941175,0.47356143903907205,0.5406444328154798,0.3049513578182426,0.501719084078347,0.35309300295152224,0.37107574106757085,0.3922343451322877,0.013873239280509014,0.47069580566612823,0.2673137452149382,0.374275638635844,0.34892400656315514,0.18812766926199334,0.4301707953105621,0.22286410422607875,0.2610678600273059
4800.0,0.4819121931920324,0.36800213374106516,0.16805302657055438,0.4221691298711616,0.8112310668686076,0.30232877761618693,0.4532734956619376,0.38357393993865807,0.588791156118579,0.2677515738472951,0.4935284198077043,0.22078379857958946,0.4333615555102665,0.501156994924514,0.39891094831750407,0.4963933717503004,0.2517981534640099,0.6742344513376175,0.4145726020745764,0.23743868063669066,0.3025828651364051,0.6107611676943259,0.20604669918816293,0.16724796278823534,0.31667718792960997,0.40576643143892366,0.44968539781962147,0.6714017091298767,0.3168092940805018,0.45029614981194666,0.5489325746934628,0.32510574646855184,0.6733663113849397,0.6668938935591087,0.49153541851811905,0.24109710804094925,0.5696001298869958,0.24498765826147376,0.02053600116688789,0.47489027352423374,0.07621661875137456,0.4979429541429414,0.5593338454446124,0.30529098561102563,0.49281840626240675,0.6347831202590946,0.5715058260578172,0.6219330578197038,0.5395381579629452,0.34315385184164293
4900.0,0.4954805292899686,0.6707565094635737,0.3136524557676623,0.11004739075649445,0.35836212441416776,0.05293410968638795,0.3353081498867926,0.055463792758812414,0.34208830422486275,0.22158250202608323,-0.06819831804577864,0.4499331617258311,0.29684584134175396,0.44755628390435587,0.2711749677463079,-0.0590079711539912,0.35856282742480394,0.5597620489100594,0.2766639609313386,0.3339416148682002,0.35222489995553885,0.24431163025307534,0.4635678513813223,0.5710960377622194,0.276273012594686,0.33186282151037444,0.22175637912546317,0.3788676469556512,0.2899040353550471,0.4663389222130301,0.23292921056689486,0.2817215057241728,0.39881482609345165,0.44878504713261347,0.27977995331504724,0.18716925602002848,0.2945935194999202,0.4098451322463536,0.405813214837724,0.4445587158212009,0.38684176135467296,0.22160964339332553,0.6183199926618999,0.5096997308194843,0.06762765467115417,0.24560976133894805,0.6320167870561586,0.02731092473828281,0.47396515093863173,0.4831252843957814
5000.0,0.53769242334087,0.29965972032542765,0.45325681429548825,0.20981387867015608,0.2905843083453462,0.7700658622906824,0.49482194473178664,0.31704668846355777,0.5371458603318126,0.4024775765612916,0.40478547192238146,0.35382466395064555,0.3063196369314647,0.3485228705601795,0.12141664244125888,0.12776648698807902,0.4347571332901804,0.22456626703060237,0.41980943607116844,0.44188940637378954,0.26827408648526807,0.3433383787191702,0.5806557074242034,0.37852782345195746,0.32575317845591845,0.27236144364094833,0.5960151375124048,0.28499890992371724,0.33610973700958713,0.5906420123947482,0.28853432627930203,0.4512268050860393,0.3579393616112894,0.06871326414169412,0.2764717079670326,0.5666592007500532,0.1634737157832239,0.18442999225218307,0.36544775590180767,0.26154836769337064,0.2954531057636351,0.38578066041805814,0.3847075999469011,0.68551500466777,0.6075211351398142,0.5326244306751367,0.2709393377649413,0.3168471368163645,0.5375948993300146,0.1378516634502565
5100.0,0.23638929570752776,0.4939754773153265,0.4957165853245165,0.5058367033737206,0.39614323939458174,0.3227638926240099,0.40367373998129075,0.4182342926895692,0.395433649673785,0.5628335565994784,0.758248824307544,0.383717910019147,0.5891440956056271,0.47928566943154155,0.1993510496746302,0.4894962062783313,0.5413960487274265,0.6053324366671815,0.3142501181776139,0.7307991635996847,0.4550188768602007,0.4925879254873353,0.48405617886646024,0.5097693217836163,0.6417256424402324,0.28440370348721006,0.5869531365617489,0.254276963638518,0.40677305786039053,0.38290235501637393,0.49569306807151153,0.4341832850182029,0.4085494595428715,0.7807544238398063,0.5815822190980895,0.764929643057833,0.48644886371442025,0.7706500467606343,0.6568452701582228,0.4061219400561489,0.5863739845123423,0.5639873481913609,0.3966550126550803,0.6006265786622058,0.4314578768755059,0.5726658194419454,0.37291092208490895,0.3206028071014877,0.3355221544988571,0.4012296607372347
5200.0,0.3228457697560523,0.6015566902782199,0.2984844244936761,0.4449849750086392,0.37999263722455967,0.31769892309048564,0.5552972050023748,0.3910639028453062,0.40696064385176567,0.38460701907746786,0.8336622759496679,0.5615216722154666,0.3481550801168757,0.44891176873816707,0.25661066532380883,0.09402272045150559,0.1625040810545157,0.23573745809821134,0.25084038151264215,0.48983090890757836,0.6759601555015542,0.5511562974997666,0.587766634876657,0.6141116951462879,0.2650909362878701,0.30684721418509303,0.018906595604435583,0.6198267530473018,0.2240144625468528,0.42728376538983365,0.35036865527419075,0.028488235920880373,0.3556409844431145,0.5646857013195115,0.4073193594971043,0.5787854910753167,0.486955375051946,0.6459153153681947,0.14476674332881595,0.4875246678522759,0.5030395948860262,0.2937169431887393,0.6377602576887444,0.1269768677515195,0.7689361119278668,0.4406781178420408,0.5809171835721101,0.5217806844578633,0.3336742495105287,0.5241497704605071
5300.0,0.472191581212545,0.3701431605816645,0.2478139229530091,0.40395484104251145,0.42111081726345845,0.4101424859925276,0.3104457822609758,0.4231537274430853,0.5383775692363061,0.277744311398446,0.7764504250205679,0.31477189839803654,0.20416237675224863,0.48239073250094505,0.2702337451707547,0.4833162392188142,0.3056675454693066,0.46677871100224755,0.39286408509620097,0.4466947671332169,0.1954591987672281,0.5466189068450619,0.5132375360000385,0.27835373759267806,0.21368063586593516,0.14015599668756207,0.7868091073023804,0.5026250530306138,0.543046319329002,0.3682457757501662,0.2892362299279618,0.37188418351437336,0.5555673749974097,0.7447227654794846,0.45640264595633406,0.6312892247878027,0.4614936315480015,0.4250640554500989,0.4736408837508883,0.5100031380729293,0.3679085243529863,0.40903656673706945,0.604038735015668,0.3639984699072266,0.407956608158216,0.3372363440321916,0.3974927994624306,0.4047660808362049,0.26793226855126046,0.19920407211937977
5400.0,0.34954646834750097,0.37205045735889386,0.503209780047023,0.6777811984341151,0.6587807690562402,0.37023555388024765,0.43355674098889463,0.6064151360515853,0.7831587180733453,0.3109676738474154,0.39158095862647846,0.7456375458317483,0.39816895983715933,0.4111111701038326,0.41898250032673284,0.29357575935011593,0.38132158788135856,0.38307555670312465,0.42513587657845353,0.5907493155192682,0.4627671047505446,0.41934160838278933,0.4691126355469778,0.6495196874024287,0.5992223786785118,0.3580630334970266,0.60360962389098,0.37380870526823756,0.6109867129266027,0.3832611160125398,0.3767889497119388,0.47430110625702465,0.8277458570015992,0.45801410557056565,0.361602716930263,0.7514374111359963,0.4122515138679088,0.21223591086818205,-0.01618741268469845,0.2794192526934267,0.4064902265738219,0.7074036617658812,0.31749260168037874,0.308681038790505,0.6388227663535093,0.3033005054510703,0.6847794244294216,0.5639223666881152,0.42597947913239476,0.14053491495742676
5500.0,0.28180976004048797,0.21555089227069987,0.7030940326665258,0.41607285624835005,0.6355202155426061,0.2517666644666095,0.2625843238888961,0.536365434543659,0.5063094586009929,0.514632312970857,0.5964735386935758,0.542401795725528,0.3455009942485945,0.41635182415177485,0.5085173997901629,0.40333924029452317,0.5023845822896169,0.3089431655604534,0.2398834790775876,0.05722035304645878,0.6677413365590859,0.673138668795485,0.35348483356273736,0.5904386657143215,0.3531050064792204,0.44180583974920357,0.5589076531476986,0.35227710669566703,0.24595812365301392,0.1191444126617883,0.4258797627965479,0.3386143704624095,0.3388266355271334,0.4306231949989797,0.47234935290289454,0.7580000706016723,0.11550040726259128,0.41709633116651923,0.5472182575739875,0.8415161777451463,0.6260488927335757,0.598714305415939,0.5071187588149161,0.33503483613881385,0.4852147098814422,0.23701400074016354,0.22259180008842286,0.11684558559320232,0.4611326301628211,0.5624294750361531
5600.0,0.12860377733393444,0.2883591935854613,0.9137732440540554,0.30372497605071797,0.40300757233241813,0.5279527793833383,0.6437386992680845,0.6441432235867279,0.4823995872388615,0.4751263106337374,0.4187956311583777,0.3653513246290462,0.2903691659678483,0.5835850940364176,0.5348797849559062,0.2567632874739045,0.5925368102692847,0.30209444367078475,0.15544092661092315,0.4726969013513284,0.6618909687099573,0.44756643878123115,0.6725089618153677,0.5529101828160418,0.2138205040364487,0.4847595053384572,0.5704210350166443,0.41072758054071246,0.6019479221506425,0.4757249682309826,0.7532376853810794,0.6527956739888336,0.22367934710443807,0.2648384738447961,0.6473752991192143,0.40183998270101096,0.7328676670428538,0.6100955821387131,0.3800215108056213,0.46789501639983117,0.454392225048347,0.49862968851867745,0.4521336791609649,0.6380174318278369,0.5664307762925609,0.3287834270374853,0.3394226517211666,0.6888348289372526,0.2553441957061615,0.5043773885369802
5700.0,0.18242089736415384,0.6201960939500251,0.4055074784867959,0.47863549148697787,0.10931548024505858,0.7279343479824403,0.5482033436560743,0.5795670965482614,0.4576788236644778,0.16251687495675526,0.6238115857343993,0.21311187670393592,0.5737000353215134,0.3573366994469468,0.3751074418446989,0.4805529273699736,0.5045905106713404,0.255228067411736,0.19213492835423435,0.40201213039042083,0.12155842491682384,0.5344528245138667,0.35710737477987947,0.7194240615594016,0.2927415178401866,0.5122312316277284,0.3692051356925002,0.7355150978816603,0.44853340969961647,0.599791517571199,0.5285857842460369,0.3513342791186517,0.32442710836608946,0.4070782032776321,0.5971885226453368,0.3001985711175449,0.675714435426193,0.2580629456680581,0.7680775238010271,0.4108480445038678,0.5394462101547624,0.2078536362535431,0.7487900628847817,0.4646359373687388,0.6717176015629371,0.3302355264145732,0.2721215908486262,0.5108031441716809,0.5268826812601396,0.7331298262920272
5800.0,0.6742535403034129,0.2840892312572677,0.3680660587739236,0.3706615183235168,0.45733799617614634,0.35512266860338737,0.4433090248458675,0.40405005573364583,0.4405446092154188,0.2185985274924411,0.6018882892520947,0.29548500460900584,0.6909767976158896,-0.04553143138895188,0.5901557166736988,0.5126773840558949,0.5318630728515694,0.36044471471489103,0.3715509776916385,0.2666772727599551,0.3259779413513848,0.39267094625146604,0.5859698008261287,0.28948607278796906,0.8037139327761331,0.3207607417084285,0.7209471486622612,0.3980210093967279,0.5855210787294207,0.6727022963192553,0.6036489946619525,0.7263599652558297,0.33515000976756953,0.3734863528165756,0.5786775028139304,0.36386932869383176,0.38340664095625987,0.5629153440253132,0.5679030612762757,0.16834106594384687,0.8927488559539536,0.5346680815001561,0.8675157408015817,0.41387985868366794,0.18967799621954043,0.5201629925772371,0.39764065663099385,0.13433932232521287,0.3904048283983012,0.6003657007220616
5900.0,0.5003563038239827,0.5531881623092008,0.45713149729867036,0.5808352269576387,0.3218977926268032,0.47171354971620905,0.8230449424430801,0.40070549557388657,0.5053342706697197,0.5761834288676515,0.7762565903371199,0.5655042421918175,0.28827758962866884,0.5411110140517064,0.6256185846517947,0.5841305488381732,0.6288728267229129,0.7073397359566282,0.1958759779999515,0.501631352091401,0.1705745974594938,0.7885066538140464,0.4737166097335521,0.4852535813274215,0.661709827262521,0.44493075571031354,0.6702009897203046,0.6206406064228049,0.33255102377931484,0.22998741759337438,0.5357824250571124,0.6533811490575938,0.4087051311478685,0.5193790617167129,0.5072238881843085,0.5971986460011904,0.36773915652063266,0.5174064995060517,0.3865862408905497,0.4227468916463976,0.5786203838617165,0.21644795680899356,0.46080363534056235,0.4196845499927663,0.49248964015427543,0.40696834077207955,0.4975022193781134,0.5524300823270796,0.7731286998637241,0.44726480447739325
6000.0,0.4200665804164174,0.5537188769725048,0.4053225024190218,0.5005623903686809,0.4489683271265131,0.33475691043228784,0.6799160758549914,0.5295481829918227,0.5156344930208088,0.7387553031540619,0.5741485265278152,0.4477806650237951,0.6044963997504607,0.7365454480641258,0.6896931288402788,0.25339588616474584,0.7139974419324133,0.5558525078727001,0.7722241208797305,0.6649390018174872,0.2803897458262245,0.5427178370603923,0.26844337012494623,0.427849770875289,0.34313908322896597,0.7801704169422454,0.8418807561593402,0.6433129397590225,0.6659287846093647,0.6232255131608855,0.45193871584976436,0.5847712280893522,0.5471619484192949,0.8124197036438296,0.4532173290317487,0.528455402818752,0.46727081988207203,0.48853850777618574,0.5114185733182195,0.16214118333611377,0.6095167186005384,0.5489642314936245,0.2348335560552506,0.5257137404782215,0.3171154199614149,0.1338046836573145,0.3383631157825505,0.7240737181016133,0.5360786774716908,0.6520842152274137
6100.0,0.5693348303440313,0.49313480546904626,0.5536251780595309,0.44752386883403117,0.47829055093943545,0.28881383119062,0.5397786111085108,0.6353901155403013,0.4829546540065054,0.43282294381083364,0.5573740356352397,0.6623508472301289,0.12869192225995044,0.4230873227416267,0.6072384541332424,0.3418455936010959,0.41092925019272575,0.4639320471222763,0.8313321781669629,0.16156710455682427,0.6701242503289913,0.302124683909696,0.29659304654351876,0.5906316182629139,0.4936269749357372,0.7091677506792355,0.5742686254844407,0.8672964077273153,0.8596700875213767,0.907149866107573,0.3145251013686102,0.4830413277862652,0.5634670894890668,0.3899162284012523,0.5465783798879063,0.4704441008622331,0.4718917491957455,0.3519523518770151,0.6993284738634602,0.37671547033271235,0.4899862249995978,0.36406437499345456,0.8362079212768483,0.378043893132682,0.43610064111653923,0.6305462079823194,0.6559708650537017,0.648730369948092,0.7001223557151814,0.45022611007817614
6200.0,0.576338182153797,0.35934364537618124,0.6188163845245964,0.5260373642611789,0.4236700440159866,0.25953220378956415,0.5854467271750559,0.5751656166054926,0.6250796030054193,0.3213284653010149,0.31989008866060076,0.43347025675311374,0.2806394259960149,0.2852452811553402,0.5574470392431974,0.6769289173191362,0.6464183989576601,0.6420511747739674,0.5596967743763421,0.09789082254909032,0.232328763443916,0.3172595849259448,0.5714088901569763,0.26866083651848405,0.5895995933501874,0.6371966714943296,0.5101431640931717,0.7429649612808262,0.4895700676218889,0.32654519830755263,0.4367491635648595,0.4525801836622397,0.3709268108312849,0.3802961414569811,0.4357540306428898,0.35525414214108514,0.6411137448308373,0.5439639845184707,0.7199390924731321,0.5219394417741444,0.595063379959331,0.4027799448460573,0.5909821499695642,0.5797692690171712,0.46469844447061776,0.054235584949711424,0.3072755841892949,0.4655545399990966,0.7075818657012609,0.5017013043657712
6300.0,0.5683048060410807,0.3956437375652182,0.5133556069281049,0.6160540286326133,0.269091193696928,0.6237701920772996,0.6484455625077519,0.6613142665598818,0.6940409463342279,0.38249642947784795,0.36755348752271616,0.6052162000566037,0.6488455773951578,0.46889481866240845,0.37950432019651403,0.45623217119869164,0.23319823722462138,0.41760373570339493,0.41105897397159247,0.6080732774299211,0.5363445691954272,0.5381313754620023,0.5586484879266727,0.351744670996906,0.34786731681376154,0.8168394258756546,0.4003306551448562,0.3177994267127443,0.2292813172291481,0.5498561250654957,0.6884137839557172,0.2675754032627742,0.41086004116008,0.3507964877478529,0.4815284245372849,0.5851555698248216,0.49471545126102107,0.291729143041384,0.6417911882158962,0.5413367958264831,0.8343542938151431,0.6339052608241817,0.2752921708970757,0.4780098356746126,0.5997702784680685,0.6173349606192231,0.4036601442389014,0.5241197515749956,0.23429286914884306,0.5834263224430996
6400.0,0.6985511493842138,0.5610910908891349,0.5524829360739443,0.3404546293387314,0.6913729378947777,0.3778788543674684,0.5867005830897125,0.5733159535780528,0.6470544845296973,0.5701330534520435,0.7542885089157882,0.49456069045062456,0.4229419578866866,0.28372649028189467,0.6709491296688704,0.8147182770659542,0.3454760329757634,0.6299574361889493,0.321860141610795,0.8397178530614187,0.20064009007654904,0.5416669336277296,0.6920996624969009,0.5692364467119736,0.5971368212801245,0.8931087263008104,0.4877841857090022,0.6615450577928994,0.9260529375448219,0.6791200498172434,0.5860734478060199,0.5716000118597575,0.6121844567340098,0.9053747147955011,0.637166904849521,0.26516280880364806,0.5782912311011903,0.6968488373893014,0.3032360975803859,0.416446961690048,-0.003400585958505148,0.6147527747040008,0.4591329111419653,0.6098618093591834,0.28467673800287635,0.45071289350049315,0.4751406614211248,0.29778039202140627,0.5814173984608917,0.8900287001840126
6500.0,0.32809721670115904,0.18852573797695354,0.5589252600720505,0.9018555955365875,0.40755453480459447,0.6188674774459351,0.5006935381578362,0.7266858849657023,0.7032736442314798,0.3010855556998113,0.32318602123947454,0.8967639122095759,0.34841568258124445,0.4400510190147905,0.37925373326463574,0.5356639615127625,0.5711252718142839,0.4775728486553759,0.5986813203849453,0.5140649114029355,0.6261659747089436,0.532558579437447,0.4621902716719251,0.6166757650948715,0.40977293100496714,0.5561846930711569,0.6902957107059505,0.4861971708655718,0.615470423431209,0.588341348198935,0.7401480123827529,0.6382868248722005,0.5572530841013832,0.23818843055561392,0.4690262692820022,0.44870343107337196,0.5921489526784641,0.4473899833229339,0.42184986720545736,0.5758946268174456,0.5845999888149727,0.7118763133865633,0.3098620438107008,0.6021613801554786,0.6036725900055093,0.825039685676302,0.39565068671786363,0.7167770594244589,0.9038216658297897,0.5294251116642112
6600.0,0.35233837198175244,0.7455810809647783,1.041482052197559,0.6880249430641351,0.7205283011522192,0.5082915791854974,0.47727520394783224,0.5640054534712197,0.41780995953744215,0.7867869017948808,0.5851739224002148,0.7634415519678583,0.6074871089512321,0.6513435626843619,0.7133756804660334,0.6048720216899126,0.44682298058372416,0.66223850465365,0.592305566690104,0.5951691750883925,0.38744920025469665,0.7438454135546917,0.6727560060413134,0.48440929437329766,0.5019301971084174,0.6455665153079055,0.4718430154925844,0.7371630783073604,0.7320880664745277,0.4914477364131153,0.3458856850797941,0.4945950596156631,0.6083376183822244,0.7133853692998731,0.5376250599154613,0.16722489279474478,0.7341574457050954,0.395884224179729,0.5108484851987469,0.5544577588687367,0.4911189155190552,0.39212708775360583,0.552385442676455,0.22870239178669574,0.8648823543619626,0.6388380451564251,0.7381127498137927,0.6316052900359834,0.609680765090858,0.48832464319924207
6700.0,0.5944067587824577,0.4908184344316378,0.5066476153464741,0.4002355479547634,0.5817060745627471,0.6762960852868123,0.3804463629370289,0.34087465324001487,0.45524744199358885,0.4561054421131307,0.7557828632806673,0.5723074968691273,0.5134523000217583,0.39614609204613815,0.5556731231514631,0.6411904634971453,0.34184538757375865,0.3094750074024083,0.4636047338730368,0.6243700689211065,0.4694277123946748,0.2758516989979113,0.6182467504723337,0.44057051349531307,0.7561418426106186,0.595926184186593,0.45162404892537755,0.5458865896926623,0.4941675749503463,0.46762211714134827,0.6815757059258551,0.4929878262048865,0.28596089046811457,0.4008104808897759,0.5579946898801235,0.28964844576501614,0.6059117099929207,0.4068642007931941,0.599135200496788,0.4305196356025652,0.7177808247904598,0.4751670031612832,0.48243128776637206,0.5527747873188555,0.45667033856784406,0.6058078652532166,0.343474712316236,0.381372009761647,0.6503528609881797,0.5842926878415996
6800.0,0.4985220162190603,0.6136010184691527,0.6352596738316323,0.4101312325140354,0.5117342665500053,0.26073914239673646,0.4319181684246383,0.7740988820034056,0.7897824988115707,0.5228643207523511,0.8584092788551219,0.3461100765825733,0.5117902749565908,0.7395565389884133,0.5896323071419232,0.5789606721959277,0.21499123405776271,0.23282995464323097,0.4119791734261222,0.4756498812422862,0.6416006343697602,0.625599460133623,0.5072251124934476,0.4050440936118991,0.3858668024863976,0.8457252237216868,0.5117529879273863,0.7168381364675707,0.6401634045651265,0.5719000418492015,0.3603789715588057,0.4379129462579271,0.5096228008036852,0.5508802287629678,0.3932604554677253,0.34615682239742307,0.2890498668278645,0.6355228909599873,0.6307967743182195,0.5714630415763629,0.5071058456601162,0.6453376230630634,0.48598594417606644,0.570044958752257,0.3946844250471653,0.5609474818993405,0.6415245631572666,0.707697003310459,0.44563780298572875,0.6888778490974052
6900.0,0.23668307860769075,0.6093538468238393,0.4082620518833219,0.5018583263117651,0.5027764391291765,0.700469016032577,0.2863466269875061,0.5265723901563266,0.42868189824013536,0.43975206732791317,0.24338702543475982,0.5617004556582912,0.3050531689094797,0.3679198768866242,0.43006755160616905,0.4758556042617317,0.34828884574682756,0.47762398815289286,0.6784015851953047,0.3732533865009622,0.4092695303234403,0.5896412758924525,0.6811640303648179,0.4622199820884053,0.404931161872796,0.480626545732384,0.194014793567476,0.35421218604832966,0.5443256926822042,0.554856103413395,0.3927789716884918,0.4725112925542344,0.15655774749187137,0.40620528432509756,0.8168599125728178,0.7434149444175302,0.4890478049822915,0.5059891744722723,0.4248570668667888,0.4080524698048392,0.4119115831573977,0.5207222409835275,0.68601140782661,0.46599186779278956,0.452607587714125,0.38363344709806657,0.4901243055081362,0.557760586047103,0.6112720121667552,0.6344347620558406
7000.0,0.7930226761482393,0.3543000635689248,0.8330022109688464,0.6205518088432176,0.41795683590943167,0.7174227217172291,0.3063398436077106,0.5195033011982282,0.22498660952756414,0.28511427399919875,0.36025087209708667,0.42221496851444007,0.8827938843607204,0.4182369935973316,0.6194195881340077,0.6692153767631164,0.4856586339266571,0.3169265175436805,0.30060674845941654,0.3179405260950479,0.7635906833461719,0.42814931408971146,0.6142513398360738,0.3663777835949194,0.5860773659687595,0.4819639071717379,0.502067511152849,0.33488764932735493,0.25674150605069734,0.7061429497383711,0.6674490352332243,0.6405380680412238,0.35505681431772623,0.5120785245074196,0.6715205790823298,0.4839828118691157,0.6310030108997171,0.3964718256759317,0.5889931468924365,0.4988059011190436,0.407885757484267,0.5911245511053066,0.7835116108424278,0.43892955531973726,0.4799649926154355,0.6148043799000739,0.6164201365601982,0.5240700606541793,0.4079153917784645,0.4427326713180653
7100.0,0.7616755727869822,0.4353208366018711,0.5447595651558867,0.5841703076721984,0.5397637042050212,0.6091704087119898,0.42173208036391496,0.6740647764762477,0.4827566914490543,0.7219121710508629,0.894486533143392,0.536980655932098,0.54919077160232,0.5508363382178872,0.6120941820846704,0.5530033258998577,0.4089008542070253,0.5703411543209942,0.26337377936118833,0.5802414280674606,0.3441474086409818,0.23372073945558758,0.4283110035553124,0.4132801420251651,0.23335222888367577,0.4492837673023646,0.38570785566006105,0.5955886311331124,0.5942906268425545,0.6259245655962742,0.5523154437089606,0.26011719755727114,0.2623371399906196,0.5647389590773257,0.7004304489551622,0.5133919041041428,0.5223170080744144,0.752450907954753,0.2355670558292327,0.35171829702423946,0.4878135889125675,0.5291938051594658,0.41063439925845857,0.4081703879280182,0.4949522778846127,0.5037657901693924,0.6421836654706463,0.2847263352690309,0.6197611489305859,0.6470506661410111
7200.0,0.3867746143383672,0.4774103111466426,0.33113366585039794,0.2572341396041966,0.24228062089427574,0.7531634793229312,0.15548594598243318,0.489160972540849,0.19194732116334265,0.3086900654745059,0.5230105200199551,0.546679549094292,0.6463543394713185,0.3980681276476957,0.33861186388498543,0.3902617810087423,0.3729720744901228,0.45808882563112613,0.4819812084444122,0.44377621897760167,0.4683328466580524,0.416986856429502,0.31325457985848704,0.5487873706562254,0.18397087725274824,0.4287181987582888,0.2745503721732418,0.6304455634192014,0.5055175065319812,0.4901790960906233,0.57068028938372,0.28610710303940995,0.4206253121909731,0.6576177740208948,0.40469934238006605,0.6563632706105762,0.6915044266412902,0.6444382163110427,0.5529606289484519,0.4939852345413724,0.5616104061809499,0.491853641572151,0.3820602203794343,0.529729033740753,0.5448708263595091,0.731676697417661,0.41368766878157404,0.5832251063125504,0.4697933056090269,0.39653793387676306
7300.0,0.36958685122166146,0.4098736268080684,0.346014292299413,0.7684239334049032,0.16075864987369673,0.7729941768838702,0.4621142552998663,0.5717861769411297,0.45849043396733496,0.5287095887477058,0.24699871094435408,0.30008796524174636,0.6499047877439392,0.28413931571074197,0.6588886751617291,0.3415827511781552,0.31257926263476643,0.40071171762729624,0.15462724449401916,0.6362439233298218,0.39886143050874073,0.4833033777274739,0.16898200502010705,0.2662616280986878,0.47977708099337335,0.20372485369489265,0.4837425531197028,0.3895149655609638,0.150431371110239,0.5612023417126386,0.7790519953619668,0.30656240949243796,0.29399095770191724,0.4563048281149249,0.732301238564776,0.40989754195832384,0.23405596787037078,0.2122479166593075,0.7132871965069625,0.38631836286719445,0.5531220451626102,0.5160972209062946,0.39840875194734626,0.4793109303728808,0.3923557062119518,0.36396494666684354,0.3505117339844014,0.21681970490306926,0.5855833079124608,0.22251698505098008
7400.0,0.5462969991471869,0.6755004595516179,0.38202267006809265,0.2307846565173715,0.45976440356312065,0.3845299858089542,0.5913099270263589,0.5109249616300198,0.60681158050115,0.6939332090013179,0.201047182453902,0.06489852188750705,0.4845161257651762,0.4325420138989959,0.09628035314382599,0.6057617249847449,0.43137294418262406,0.4410193355487322,0.3671048102842208,0.6004457861415828,0.43897454264115665,0.3815803694476474,0.8749401665103842,0.5126846523502863,0.3726841247715837,0.2609409312102539,0.4617711450819043,0.44382526239645975,0.38780391992918783,0.6761044096972215,0.37492672740738997,0.42967404331062486,0.5530568234969253,0.6757188200658655,0.46007595645558286,0.4676465317947234,0.4420086137165702,0.28687523433131656,0.26913315861581444,0.20532624770559324,0.2462391125551195,0.6009708283970425,0.6305783105889262,0.20483048268963006,0.30079178661994055,0.46595080698048974,0.6257657678726543,0.34548838073730015,0.3424393090733727,0.5279107880162028
7500.0,0.49165211771768375,0.47983838487259284,0.5801237094716181,0.27365037053043006,0.3831735412633165,0.039818428263775296,0.540725279429856,0.662768673866309,0.38875663426911955,0.3776083419282952,0.30825526124237257,0.5340164881026279,0.551727374677192,0.46692741311798014,0.35452416064836156,0.5568168571432994,0.2558888454837201,0.22803227156086114,0.25071095975446944,0.11460992471126047,0.6753305662212263,0.5493937423361719,0.5555374076209203,0.27897710249594426,0.09437387426711666,0.4741781552847572,0.49314030852225826,0.36242077622964597,0.558375896428277,0.26122117252276267,0.37661705150186586,0.32608331380437555,0.052316606807018856,0.3207025839469593,0.29005197002059524,0.4033391636664636,0.7613802400475487,0.14037998392393547,0.17474662983962458,0.34512780085036915,0.2157898453280167,0.1631481585766389,0.09852024435697046,0.2828316375614925,0.3661227309703443,0.22758032369650033,0.4038326123460556,0.45225685455867654,0.2613201067444628,0.4015065475935252
7600.0,0.21699731790136276,0.38827965752124816,0.3975478483243591,0.3293177875216331,0.3236342962578627,0.588708421438823,0.20545051477992865,0.4161350804902904,0.7876500571104452,0.23750181619056265,0.4484206482819526,0.33011998527970726,0.49608496819548437,0.6743803676935282,0.4849725325399195,0.22273557707897712,0.508082369228148,0.26231559207947425,0.14666335301287103,0.25034147685152236,0.3870373514392085,0.2254905467250079,0.6011155004291825,0.22602812462243,0.17203662880982457,0.3666108598911974,0.31075648942942713,0.3125421853447008,0.3926107790923297,0.34409487013351275,0.35303560529475897,0.44998478042501544,0.25682301470841645,0.531140107270422,0.5808619778105919,0.34158878217690536,0.4380047838258093,0.3016437188385287,0.555440146217096,0.4250334539730663,0.18538611688194417,0.25051466959625407,0.47970835418429886,0.3143448963486952,0.24268807642478593,0.23425178944649697,0.34827269809548705,0.3809846886093438,0.09166245792872235,0.10485799607174456
7700.0,0.01678089109837519,0.5744329108088839,0.36619582621744895,0.6184669566465011,0.3323319413452912,0.4540441937599241,0.3528721623937151,0.3774548621689111,0.4698474473320487,0.271235510940574,0.27433318139528384,0.7806015140535139,0.37112360590270943,0.14259545598689655,0.34184874347963556,0.26645952266663653,0.2025842653469077,0.31117096706180386,0.5004896536767209,0.17111357471385813,0.16092791676283935,0.30824038064971665,0.269367081150026,0.3914197546375269,0.3745780118568343,0.44435616046726745,0.1649697653416736,0.5225530705229189,0.4104271243581218,0.2869937441919618,0.6009946150004091,0.28152926948664875,0.32451167021089816,0.5368935575306492,0.49370877395353235,0.2940341026496419,0.38659095264176113,0.21733427791956564,0.5032217704843664,0.5869689458063083,0.49533127076488354,0.4100510379586135,0.5070546642070228,0.5212412832691984,0.27212965717433013,0.6972964878227444,0.16250918670217915,0.43752136928624175,0.07111207558623628,0.2974951859808804
7800.0,0.3625326951748383,0.6153219480128602,0.30332432828825645,0.04731024982681997,0.43628146429198505,0.3698196733976506,0.36337586732055505,0.5572062697560582,0.2920023226065521,0.3207664250446864,0.3518850259658773,0.36032941006231284,0.43883811698297504,0.3573012806784482,0.24976210009124283,0.40365942094939145,0.08377335563532395,0.28154664618180125,0.3618710445416312,0.609554721595742,0.5364727362314836,0.2895425599856481,0.1693040902574522,0.5809451067576302,0.519385304553891,0.3876350293779577,0.1765623546364954,0.39613250419892077,0.35847761577724235,0.3897625598437289,0.7502902674721232,0.5204020739392439,0.3270505743525966,0.3112209502037095,0.5203583796930613,0.028013594530752806,0.3705322474629058,0.23696288066138463,0.1244582736947418,0.427627504896081,0.21825975061775868,0.3639470039468228,0.6202970826744305,0.32775481960306113,-0.024364065390740486,0.3496312457608832,0.3180002494093294,0.33047146042687403,0.47184440482221013,0.14908462219029125
7900.0,0.3332115201467935,0.20813337405489418,0.22917651447311088,0.464158558455481,0.16717240040044867,0.3984162844085086,0.16145431181584735,0.5336961591741601,0.587912206923831,0.7587275835597116,0.2721171191498567,0.4097365383476013,0.5084243277214808,0.2386149059092281,0.46125521504150874,0.6997382411080841,0.6881138136907218,0.5703091644148062,0.521990060300467,0.1352268842327592,0.5945272643432158,0.37528803997425864,0.28911880418795843,-0.077613546505308,0.13776362280206345,0.5141522252997144,0.15915389488952786,0.1673852037497725,0.201644313915241,0.7021887531902207,0.288789317002051,0.531295024123407,0.32189998851507073,0.4921501695535136,0.22269620270587448,0.4215131246446579,0.05473026944757675,0.35091034646479935,0.6309921840050248,0.5865547747968086,0.13528982124320213,0.5004866274092441,0.17840878008479719,0.1549570719181358,0.44545991573163635,0.18397706636930625,0.2038119881311692,0.20423333524327794,0.5304021910493761,0.03821238690949996
8000.0,0.3502262288437087,0.31606604221219947,0.201228224622459,0.3568284178257407,0.4841200435670313,0.24455112244806815,0.38949746583422973,0.1577590933259699,-0.15509082111953904,0.12932084909242383,0.17185126112753193,0.14557795374636473,0.26617021669513585,0.5997459108423718,0.2741325211227093,0.6075000173856544,0.42132464055947977,0.25418330953774626,0.3821889663288517,0.32354769691125085,0.4719738784385802,0.5153800578283705,0.5054137943688444,0.5613345321629919,0.28727488994542943,0.4125776240246029,0.16890974442448342,0.3061256705778317,0.6332679347492651,0.13789325634558397,0.5501677725481544,0.12545930547598969,0.09445516764593556,0.22537654157188414,0.2759506208324203,0.41308007108590633,0.4084545736089753,0.3044290109005303,0.2061699151324467,0.24830687902548707,0.24777733196622448,0.24108591411419744,0.4317366705016184,0.28837277499356573,0.1935548468088349,0.14126973013799823,0.3006641155275313,0.4648849846696394,0.05112905117639671,0.40720345540107017
8100.0,0.1474799153608824,0.49528805572528933,0.24316423395176642,0.623394742564858,0.4390495178246693,0.12171231141973293,-0.024669978623382854,0.41212143077236096,0.18250533555311116,0.42738385860969463,0.18138095868425905,0.42749997196242107,0.4562454003800403,0.25547282805621985,0.28171909209180124,0.3683645549994167,0.16257723995704496,0.2668952978398719,0.6402510664300711,0.37724319530292455,-0.08265111433776434,0.0674895486016997,0.6829234134635851,0.5447946258767478,0.6014211936750085,0.09733625863340004,0.314349115135481,0.5426464005467155,0.2801991855963885,0.4279634932240368,0.4322973421557778,0.7187291076493254,0.5846519503234495,0.09825039735946203,0.4443614524541383,0.3745407862186876,0.22939835392932184,0.18982851415742807,-0.0438851516708581,0.47348043380365673,0.2122307606373734,0.22966543438892953,0.08112054549773903,0.6073108715980018,0.45356902727324,0.29890182549954525,0.25696240175148244,0.28166852190921043,0.050252737843495154,0.28397873811915303
8200.0,0.38529279249142867,0.4986274803647638,0.12694569319567936,0.5874514905144572,0.39726806208582366,0.392437516656276,0.3062857086503864,0.3123520978197859,0.20311521370511984,0.3352919147762823,0.24105347079182662,0.21804677712236065,0.3914802275667085,0.6537748229046142,0.3566621388352361,0.32141063641296663,0.20134040842329318,0.37363783457030564,0.3102994789290323,0.4726113937291634,0.3338576140542238,0.24072348947436267,0.2984476115979912,0.43166337266533267,0.41565389721255663,0.2755531321340591,0.22083455712014302,0.30192649536633753,0.28492341045287406,0.17053170260999653,0.31658089345341056,0.25188432053424203,0.34305761125131895,0.34583478010866536,0.28546297303159973,0.41052074730589755,0.18788808089788586,0.3827035758657731,0.3869653151038616,0.32348542727068513,0.38554195836548,0.28439624420926757,0.7674716328678066,0.1768934134528545,0.522047701375417,0.47722304891832956,0.44120569534743126,0.5233322812022598,0.17891882903959824,0.6665774481659777
8300.0,0.3204335137472465,-0.0070569168037055985,0.8288670832202703,0.5023570110018083,0.3545283176378625,0.34958481350908627,0.38126129299082856,0.4801382252775981,0.5198749324893353,0.43351525166518357,0.6129177087768689,-0.068983248776468,0.4187131775804225,0.24726615698854343,0.5100345665718664,0.14145132810333844,0.33089611054367385,0.40072650005688054,0.513134808252381,0.33609174567420347,0.3941361441262756,0.21098053300952876,0.20949841931425983,0.393084198696544,-0.014132370293263391,0.2217303406213853,0.36754423591700414,0.3091730211626738,0.2511109308832786,0.46942588109897776,0.4657259226511084,0.42232010959356553,0.3962396536677273,0.4002509504580619,0.01630846329615021,0.48228773887085463,0.4070892682935478,0.11056898582816407,0.5268061770539199,0.5267021334399198,0.202477461140853,0.3768881042695158,0.0904267824789318,0.5326193374343278,0.4743174646584903,0.40067993567479687,0.42903271555287403,0.35344226004013213,0.2857609547989518,0.35985877620583206
8400.0,0.439329561644685,0.27022966694590944,0.5427634564471919,0.3157068053652015,0.3663877236143805,0.45904094631931475,-0.1635327308855697,0.43157376962731075,0.1070591466309814,0.3096601460494135,0.3895572256445523,0.0511722256709079,0.380169710051343,0.3571611536527072,0.1019963170254255,0.29177794765248255,0.3626519501489301,0.12904185496859516,0.5490818243514972,0.06351683910667894,0.04380499477142047,0.1515526039816072,0.5329332189528861,0.5415228165233563,0.3917051561084622,0.17967782308196348,0.2000098373651785,0.342231752539768,0.32377651138867386,0.156531289968836,0.1616538588126345,0.31626785734919016,0.45973264457249263,0.3861102943137982,0.37262679581558733,0.27118536628653456,0.3464521140258505,0.12506448349402338,0.41381235187722715,0.1429695515027151,0.36739719552666555,0.27128958063739594,0.5697246638401219,0.2515179431542465,0.18183717927142937,0.22115323972278195,0.6326853804279349,0.13377451391601572,0.48492469457615833,0.4429847994030594
8500.0,0.5439574965021077,0.25293504195461086,0.3541975929064615,0.3790394992955831,0.5885657769636126,0.32669696412475524,0.1882186305908419,0.14895494669291476,0.2005694736498619,0.6507004110609944,-0.10205340622295817,0.07502153111461429,0.24876797459311173,0.1619614153211155,0.35329350459847675,0.4628214636348364,0.12962244460392475,0.5320291397780541,0.5142410736591811,0.07370456469938408,0.45018020646315127,0.3003593871161755,-0.008560238771915973,0.3681295248648247,0.2710670866160807,0.7331743426045889,0.5038281705121803,0.39480918540201393,0.19778867032443362,0.11805242903066918,0.5638626315436079,0.21475481736086383,-0.003526630466994557,0.28497971410947975,0.18081889402466128,0.6658483716692674,0.24813805951465934,0.2803846515149762,0.2634080548273463,0.29152216853989404,0.39829901394974193,0.2868270119734818,0.3503859925944217,0.23439082244711462,0.3058870555502262,0.32241535902558127,0.14717062426375602,0.42924508184547416,0.341744679849809,0.42386895262541
8600.0,0.32673462116357943,0.290842445580786,0.08374049292823751,0.3751384754545177,0.09910854032715014,0.35535043003896805,0.042247767849297596,0.23855227224116116,0.3901699013908079,0.4792647217594555,0.3208095589676816,0.5313058713249259,-0.04450929352228844,0.5350356438837054,0.4458613628925766,0.5219758776686594,0.13426020952196566,0.5270715004558205,0.33519790923216497,0.2782062075133136,0.3392960024934796,0.28115708981624093,0.3294850651947691,0.48968795112900854,0.2900482778799506,0.24315863359177303,0.29555903146668705,0.18485705377220665,0.3161947545013115,0.490256201701764,-0.010036103766676324,0.015487201241444787,0.12497044100874344,0.3303243222112324,0.4092435034483172,0.29676740610532254,0.24255197115487384,0.4567751948295579,0.15819580942868552,0.23266509558507278,0.1593201373929161,0.34725764096022954,0.2810779456415343,0.42275716926657464,0.504604015062784,0.28792176194941954,0.12116882213435567,0.5468767752111106,0.051225487335021136,0.1193555742905193
8700.0,0.24880528358292595,-0.0349265472407117,0.31909647420114295,0.6159245536491906,0.030595566562086868,0.1098027586928646,0.4469699211859021,0.3791701414651272,0.2822737024789234,0.3755165762524086,0.34495733702174336,0.16671745205699803,0.3464112915793867,0.5032728812311227,0.4314017996159491,0.4510163776508662,0.3548221816907622,0.46827846667637507,0.256224074173367,0.283810940008847,0.3168822200195691,0.12219238782555186,0.22965933476986672,0.2644446615713595,0.26295613459023537,0.20613885716838906,0.499417742008651,0.11119010790006442,0.04300901449209413,0.1704769212742744,0.2691805594436141,0.31742469607354273,0.3288936007116676,0.1699631890515158,-0.026035510990427224,0.02782581407470741,0.5715729595730628,0.2348813389854537,0.2929416904940182,0.40107958040610114,0.2997937022859807,0.13659548097485405,0.3523780851950482,0.22818413713497915,0.4458949484766557,0.3486439514511033,0.30331678005098284,0.02905755463386392,0.32367411804969404,0.06704423308505897
8800.0,0.26676208215206004,0.506787149073661,0.1945096584781763,0.17200361266906702,0.4153278235196489,0.3393128271255753,0.3027569904329479,0.366759562062119,0.20080467602283322,0.2969810427507834,0.46510004527390325,0.2714096808488282,0.11548330359636075,0.3746226074795768,0.35425142547522714,0.5196240464234518,0.18105327563860102,0.07943941869338245,0.5542329234687826,0.3616094924558905,0.38598238403638896,0.03237245672214778,0.25563967674878274,0.21258240347097315,0.178196246675823,0.20006337803155763,0.18185854360395232,0.16169844938521413,0.0812370177433446,0.0487037049753303,0.036399827260133216,0.43686487537940255,0.2117005601640243,0.009252430224138158,0.3626196125349261,0.38821712505477374,0.5279671552587222,0.3165247426427936,0.18357974285175163,0.24888416032184257,0.30515976841644166,0.11929713757394814,0.31399955977594324,0.26520947209376156,0.23599158497786416,-0.18177468483005615,0.12882429937809367,0.5001699390555084,0.2956406110850659,0.2860245016793538
8900.0,0.31253858585580724,0.24701298303788824,0.35829293909694215,0.32136547951886413,0.42624436241031094,0.20419603032996433,0.5089311769659155,0.11042344061910447,0.3400604757399972,0.3936434103278803,0.5009859148691558,0.34189990281277444,0.6756494332103424,0.20798825934016124,0.41322047772646503,0.3265222428037194,0.13487623853351238,0.45865962301065843,0.01571878263775725,0.19705988685513864,0.10224460434576688,0.4501410627136589,-0.08539785341311046,0.4425624983888588,0.14193854706873593,0.4390482200197602,0.30515006950629053,0.2619833936269249,0.34006881628383584,0.3712118254064092,0.29305980054776604,0.44812249605456655,0.2752311705872561,0.007729396148547757,0.4834564734463305,0.45011427691322736,0.34287878506172964,0.3049889277454675,0.5877731315628123,0.41881308031209435,0.6473326602084344,0.31813121462621585,0.3382390911501301,0.19640133448017555,0.22344407450712941,0.04069964626035938,-0.056525288566574516,0.517866462113661,0.21676367030079197,-0.11626676129851898
9000.0,0.4545214824116873,0.2581722981338499,0.3281263854579114,0.41917938953438355,0.5423693457628365,0.06951394128304872,0.22893965848597111,0.4905737030028955,0.2061366229454694,0.2480350343497826,0.13907023516413022,0.6602812053134616,0.10955714299781652,0.31091699823339325,0.24223245622795514,0.33368257779883853,0.445552812112689,0.13064985018060526,0.40016178843889144,0.4526679542437786,0.39870993578611325,0.6164091609975273,0.1274470221809065,0.08605783260601041,0.3530017198915718,0.44899456673807736,0.431550390377314,0.201071084290208,0.4458826254374969,0.22270372503368904,0.2097455166776435,0.2534842693611882,0.11188522784721242,0.15932553454784537,0.2103206960034948,0.2809668304808089,-0.04722638053857209,0.6443782312538915,0.03552383370991155,0.17181523194371368,-0.04748998189752668,0.35961095805979837,0.3041031701304783,0.203670872896441,0.23398942214327917,0.2306514340010728,0.36319905681853726,0.4558486484209321,0.13995724016241873,0.4810088581070201
9100.0,0.42517099694650357,0.44907659114282383,0.1774717799092998,0.5352780170708389,0.4184234048849609,0.14415341863307624,0.6044287349960591,0.027744183023864055,0.5810143895516573,0.4168442149810885,0.3760648503066665,0.4813997093824793,0.3138108619266847,0.19219222173444975,0.17763695119693598,-0.08072975790022124,0.7118973570984747,0.32231109074624703,0.4376008822056721,0.07898122050699208,0.17299746200480648,0.5905280689873398,0.518356790711417,0.47501090570781584,0.25282385090985654,0.47516137479967596,0.5983804406080316,0.11509596906978362,0.32853605132153896,0.1593050623096429,0.1643376154506168,0.47682010827382554,0.4281793639047798,0.5662758668608004,0.49499022785091207,0.20573385815803877,0.5839613307526694,0.2010779410986531,0.27232242188490624,0.5091081885477089,0.5115454966314741,0.09331180104295192,0.24941742593639615,0.5688242122476075,0.15597753525070215,0.3746079923281762,0.5821813115377101,0.36465199273032356,0.38355459187250796,0.14226649321893636
9200.0,0.4512413221474521,0.5312456674221258,0.23442311084874576,0.4631464300945749,-0.16690588169725734,0.760921484232026,0.14672363499010765,0.10817584907786398,0.2708514942177369,0.12344090111899284,0.31391253605802566,0.2552955141382192,0.3051825942241412,0.18391050448551424,0.6725898240617189,0.24050987131538956,0.5412801095869992,0.5346485254507429,0.40753599047041433,0.3357209493561555,0.23313062400150916,0.15161411475400427,0.1867860624397619,0.24101602910310768,0.30699064874427495,0.005746665669207146,0.21268898577401643,0.3212686963182221,0.1469467638807887,0.40698252315550576,0.21928122069698483,0.17841387713921625,0.24452180604075907,0.31217357194781026,0.3458760382337405,0.5445787709484786,0.3333079117669589,0.10460698704997509,0.4846929098721347,0.2006320652195118,0.11821028585481325,0.7258415764520862,0.4529711488197019,0.5110040681448877,0.4389321541567646,0.2512618337798745,0.34439422687006865,0.35459944207304395,0.540470677338507,0.24468953826810816
9300.0,0.2666182969224502,0.05779325386897652,0.21760695105164804,0.48433632775503815,0.4536791336540117,0.34541922800296915,0.3252054406311017,0.01466953391262349,0.3191382118768234,0.18885648709468558,0.3359125011848867,0.35675331842441393,0.26271757781773003,0.3146235996223091,0.4367158395255551,0.6227588273746525,0.10417037189732692,0.2241939108237136,0.39974606707975247,0.3011339025974643,0.2654693213533979,0.4993450099454832,0.5285149640137972,0.39962001965052,0.6526773018958636,0.31638604217803473,0.5372766654075714,0.39994100242337505,0.3734639178073552,0.1800762651945708,0.19002523927939372,-0.010257922834073646,0.49825309810197527,0.3650208723912879,0.2916904825710731,0.4426534646811132,0.472053164485085,0.43718503255299335,0.42907719435736247,0.5089601460567212,0.46645811344150734,0.5392903917388838,0.46744805713070925,0.42404298677136915,0.4109263529110209,-0.0023044009371073204,0.34726951879272955,0.5397272237440864,0.3304657206300977,0.3607812381158271
9400.0,0.695626667349398,0.29307416183234253,0.2180796333745156,0.21449761432190467,0.4835275356986074,0.2009781945129987,0.16751388965801697,0.5509617355612892,0.3325032501891674,0.6849000677350194,0.18898313549287443,0.3351040542728098,0.5733850592322147,0.49387663995679537,0.36387404480383456,0.381926571138801,0.3710677855703127,0.30039982486273387,0.35876494137058224,0.30023081171387433,0.4381855782369385,0.35180387483533415,0.5184272626545465,0.07317688170240155,0.3454430994067388,0.5217180918009843,0.20988009486294057,0.6255851426073202,0.30490740634860936,0.19701054873102708,0.13969011186918995,0.3153088975344698,0.4459759098872853,0.2885693188730905,0.38793316627749563,0.3271618277472975,0.5257932665502651,0.453463515314834,0.5473324611383066,0.48195510289979143,0.14085638728884434,0.3923786678587641,0.352337942400469,0.2545411613611782,0.5085409924386917,0.47712417181636446,0.2347314527131812,0.547906498944819,0.3645771923881167,0.24242346289386882
9500.0,0.2971783499558974,0.6217296792553078,0.3493500187584391,0.4962102294432426,0.2712969940402591,0.11436662930823271,0.4535535060899502,0.3617538343052451,0.27047286997049497,0.475170598315894,0.07283892597380412,0.756845669055203,0.263841518251825,0.38852032337812065,0.43897611473032483,0.24800372617144462,0.372586069745187,0.5855294841732555,0.3718767005670527,0.23476231172647788,0.2952499459825909,0.5061138230724278,0.6641454071137933,0.31241533536677396,0.3293145620725743,0.21290320738976273,0.366195568309813,0.3357207173285579,0.6401772318001315,-0.18685508388016497,0.3378943965665765,0.19631000350468805,0.4968136138547458,0.26182851164891924,0.18382850898920422,0.16532585884910245,0.339677205506651,0.06718562619543653,0.36984546648861516,0.28524954448910134,0.5765399540388348,0.2416382048387957,0.13241315377361076,0.4464448378947362,0.2930363656380214,0.19080686650585202,0.3248188680956244,0.21067046463102465,0.31352696623725335,0.3390080822148063
9600.0,0.24724631352683274,0.2788871374697998,0.34825498066123894,-0.03211677059726764,0.3240243329571295,0.37855525538398377,0.4749195127002739,0.15072556678080795,0.3625317045053962,0.24989210403022594,0.3912071670552193,0.3004624329912516,-0.017262456647934493,0.21881731746630875,0.2911778016928042,0.3201403704834341,0.3984211068872251,0.22694285285305038,0.33005956725940844,0.5276771549691542,0.2047592423707194,0.38022096587194154,0.4270008201055683,-0.06501418207136078,0.30880839125025333,0.24788342237526564,0.3320501649284406,0.22154198155024096,0.14226599345891605,0.41066473126913355,0.2676162291704674,0.06539375236392872,0.33654062068033386,0.06865417271771415,0.531457097627519,0.19681571783798646,0.3802912937007811,0.504825829441754,0.3591510496706285,0.08431325312907609,0.21393055543922498,0.5151148790477647,0.4199294827245883,0.29263763234187073,0.0694820891825077,0.3698768365894706,0.39213757292447293,0.016956021473913424,0.498425223168872,0.5743714370267488
9700.0,0.14585992900602276,0.06735418013641001,0.21173386693819984,0.4920712068700414,0.31179854298027543,0.1518605552114551,0.41693953183418647,0.07637624819502054,0.21449079835845183,0.41547031895154896,0.4958612229072797,0.1798719410495537,0.3855567342439963,0.41462462122310917,0.4466294437762548,0.2906830407163977,0.3999279681982508,0.17581067949291304,0.3443736428074752,0.26910311702797124,0.5250783988780358,0.26285536509515683,0.5301487557973983,0.07406531710972974,0.11992657531494277,-0.039325348480995614,0.2053401507055246,0.506931336371956,0.20355018735558608,0.6357563213495072,0.5169123099071204,0.39844285235348437,0.3412844553609705,0.5167754520228234,0.19268557982843232,0.3403494028747182,0.14522538710024205,0.32702579057801623,0.11051154274637534,0.0635930328432813,0.2169807599010943,0.27283399402002645,0.04944301856526909,0.324843151273876,0.4609179411543387,0.46834873114369047,0.4349545823873139,0.12615292321197727,0.3200434831423084,0.2368613357403278
9800.0,0.36049173115042255,0.278232853702967,0.2821841721422647,0.4252879523954428,0.2431262768948884,0.49212979390325523,0.2493217340970756,0.16805998953434376,0.2745761025373231,0.04483367886636,0.34588796356855434,0.48139986337611207,0.14255619052196508,0.4617807319371797,0.20897984656562482,-0.056745532327313,0.39633600539847735,0.4333229466756749,0.3953776990789678,0.3980900857478672,0.24981950211562093,0.30059538975479155,0.28675806206623344,0.3518522644975008,0.16490147329740254,0.20290131537520564,0.4184035998058463,0.3979788884312264,0.16529255024674747,0.21399409937756073,0.397331178612668,0.13200582875799036,0.5069953186168039,-0.015394045541316265,0.3115418532501183,0.22614986070378829,0.5271852586136262,0.4444518409542149,0.35626660682466593,0.05662559942899467,0.280355496178937,0.19429202035231552,0.3525747986840402,0.5589732207082844,-0.18363520995429045,0.26779020253034325,0.09776561626302596,0.10861494544151637,0.40427713611779426,0.33658962172394763
9900.0,0.08608874452282314,0.3843589233693259,0.4155259310008066,-0.01231435156782218,0.17725391924946046,-0.02475784512570861,0.1454382899003093,0.37957296182750333,0.32348768094827707,-0.0709273220201429,0.10230704714714217,0.21279368077798386,0.2534723748559153,0.1505410429305355,0.34156596915980564,0.5082880172266844,0.47130829826023674,0.12368409442672681,0.09190389564192622,0.12923156704283378,0.13269009069378304,0.30729706817286323,0.29997367948014886,0.2401921749785483,0.12130903875875132,0.12935950430854917,0.12295883527613238,0.20083333925208557,0.16501144933533513,0.1854596035518655,0.32337643485907236,0.21602977899260473,0.16288866138998112,0.3698159926338395,0.08710498765021069,0.3028409636769801,0.30313605621159967,0.4296462149362744,0.1954089376888911,-0.05566826285542842,0.42524325161935883,0.26203011645172436,0.14642265928438664,0.5335324229267276,0.5723945136817385,0.39167276482871116,0.24062696677377438,0.2197652253273407,0.3021657100237026,0.2186604261777416
10000.0,-0.05578899524191355,0.18163743190495504,0.08691075620929248,0.22540233190444453,0.1782972061691205,-0.031090934704221584,0.1564268832950911,0.3152248102034829,0.19165795452422268,0.4161601193962685,0.189557707561804,0.2324934161127108,0.41132452973718747,0.06519968377214441,0.15674804269054285,-0.09283412040329636,0.19938130070190607,0.22324943621101556,0.13708709359708057,0.23438283184941605,0.3664506412781732,-0.011870150651395073,-0.09279809426293917,0.2771003013710459,-0.22302888931078196,0.19900428152773136,0.17203835764447467,0.34591175864473694,0.05697781843899222,0.3457131691459699,0.3519698107629231,0.20712486170240224,0.22000080117933274,0.3167113881753433,0.45406585508630015,0.21904882100167494,0.17649872205787548,0.2738991073283466,0.10081296787724411,-0.20780286839655576,0.17136409492578392,0.060358564835661904,0.23510938670880574,0.11261166283854845,0.25163577452174124,0.34141365475052676,0.06064550618114642,0.40918985683135584,0.046333902797170035,0.2684758936276625
10100.0,0.247045475835349,0.030777606681561015,-0.025735563876574413,0.17083988995765756,0.13241305431608716,0.18394127155250137,0.22329881378075725,0.33614645368717916,0.2887186852036474,0.053988610641292484,0.31158442163388944,0.08446929262402303,0.7356556728015444,0.11835157236512545,-0.1075083502497503,-0.001665152894590488,-0.0045311856650367965,0.2619093919184632,0.4829056083260303,0.319496875107364,0.3038241797865977,0.04729069203773911,0.23864114935381062,0.266326114459935,0.39513137764294115,-0.03540967583776139,0.2672057085167745,0.08722336118262916,-0.0024530808910739055,-0.3582464860299743,0.07178004275356595,0.5176845376349566,0.1398085749216295,0.03048216204743029,-0.033074841137084365,0.2561382674977255,0.06216931450056451,0.18575665388103393,0.329281776161057,0.22079179055545559,0.3710945447623478,0.23994899198304653,0.2424278904919412,0.11894145298825232,0.11305848693487469,0.24471485707885038,0.41281679841766034,0.21659220656842051,-0.06869235557678283,0.1559318866477689
10200.0,0.1467849669671832,0.20162634480791483,0.20896034552995116,0.09510599745263609,0.5429529429324822,0.17330212648628204,0.03275450899716667,0.401927585119863,-0.0778484110869389,0.17462389050709634,0.2481444480243119,0.28709716175073574,0.26884995496572295,0.18824066157191782,0.25066358283228996,0.19355710146150376,0.2790184144191734,0.13880864442413898,0.437594620542786,0.4102071003635913,0.3612925398370257,0.39783079123923704,0.1858015567371501,-0.2008102831652004,0.16480913762429397,0.5533145750363335,0.08580408362808961,0.1714695886709031,-0.028654633259643958,-0.0008886006760456533,0.24150401887234466,0.14764584342253853,0.20977226727292567,0.011730610196675068,-0.12446773932351002,0.03015808799537939,0.25846284748453274,0.2579519941530286,0.02237281992634868,0.022967542319019346,0.28337147051400047,0.44783722106345925,0.15158434698467113,0.36391515237417454,0.35560449705946984,0.2439725158534218,0.15069355191327025,0.3801526133661767,0.2864993483362126,0.33099386087405047
10300.0,0.5231339136679414,0.071060489106933,0.15205626130912706,0.06320138942664666,-0.0991052788320817,-0.06239663158197378,0.3358050193542288,-0.058205520710411296,-0.009429186161179964,0.29682444130569896,-0.14158202023024485,-0.27395788302541124,-0.1039413799446553,0.028843077485423918,0.1701391895978839,-0.0920878461755244,-0.14963836084007298,0.22070910547579511,0.1439353725984695,0.40142640851254335,0.2878063558523954,-0.009166089069185535,0.05323287111434594,0.2829798416096152,0.03862269101807922,-0.06916020806008588,0.09303267921685376,0.24904671395579733,0.1107254574113147,-0.16470059828048106,0.09497696781404066,0.1675712932695615,0.28476674421006243,0.25188553354413507,0.13796880591894736,0.11585968324863119,0.09215003905573,-0.18571184318288786,0.08593918291115474,0.3156060185138827,-0.12820171576587175,-0.08062521515623994,-0.011658138053287553,-0.006837565142348068,0.3910785142509038,-0.12980185763894636,0.2832782754269411,-0.04404464622375942,0.03519146312134086,0.04796489764365541
10400.0,-0.05634534832700261,0.28837580328128987,-0.09808110012377785,-0.12848778060186744,0.10427078453108876,0.13757025778618825,0.017166060148566337,0.2952506976651113,-0.02477502210914037,0.004577748153454658,0.15859112575544723,-0.07713321462360911,-0.12365850711912535,0.055383673180524395,0.14526160058317808,-0.046001486591005725,0.12608057859468763,-0.21197235602214382,0.2073379895634464,-0.11331632826560584,-0.1111870266905276,0.1981936754111843,0.12630122558488105,-0.1998463740914786,0.06290777623670626,-0.0260620988706253,-0.061075320894339036,0.25895554240333507,0.5022064326239712,0.058817252202265774,0.06490436306982175,0.017991990630742888,0.15005924164094228,-0.003000365995623283,0.10767089585067868,-0.06562698484552582,0.32316588978475297,0.14699652880273958,0.17320657525146085,0.3132340937926777,0.13168409765034617,0.26889998621705746,0.3219747441655483,-0.01460315521079969,0.17631497439211877,-0.19948447036545097,0.09952587118443681,0.2596687700485786,0.07330808813225137,0.14235307619327092
10500.0,-0.10324342612671583,0.30311550377183993,0.38785092436804236,-0.0668034471560966,0.004017548966373491,0.24173893024171855,0.08981757191041381,0.5177308564378286,0.06776578352120091,0.25231622913298335,0.08966122897926362,-0.055131738878087755,0.03670980928663278,-0.022551126314440006,-0.1992883699773118,0.16473650806596676,0.04968773981637831,-0.01518921658628114,0.21815190494828018,-0.06644550060190846,0.19027543290445462,0.009956876591314057,0.34581347024925946,0.09384232675797405,0.1563101847748634,0.021015287169685953,-0.02573211750246801,0.04295342611898087,-0.024424272939622377,0.3244097370234926,0.22634838339943386,0.16666422013072899,-0.16961158557909434,-0.07867139004934481,-0.1038618314502362,-0.04715569132750835,0.15974542182528814,-0.2041774795353783,0.008145528770317018,0.22622358739434048,-0.03384706898673989,0.19712324613880688,0.02991522891393042,0.0924845434205736,-0.21379018279643364,0.06782128326641312,0.0248110615179489,0.09794880692630722,0.014670609778524635,0.07959280044429179
10600.0,0.2212170046863572,-0.3157837144126027,-0.09818489102366673,0.08110769372255705,0.1502332377300371,0.12527733195560187,-0.04962245115072611,-0.06999918688738221,-0.2207814584724615,-0.11047214630986918,0.11666856952993734,-0.004091032412713913,0.3018906822867026,0.01721703607270103,0.2999244284237387,0.0038163085674547126,-0.03469436097565837,0.3281607794564429,-0.008820962037343755,0.029571685982613338,0.0809504406014282,0.01631723914441824,-0.16676793407381235,0.14156011264187493,0.05223885189506469,0.4910215078024644,0.09457310530732732,-0.15154720086949508,0.15985651923794972,0.02445914573287114,-0.05319018315386986,-0.0304359676258959,-0.2103210704855875,-0.2114520737056263,0.08491480845388694,-0.24369765609489302,0.35324865473409117,0.1169306866587943,0.039429023285770665,-0.049354600921599656,-0.07860141228893308,-0.39240867085424974,0.15199346995213356,0.18431391264657,0.26698979175295984,0.027530858293488336,-0.16696685224121682,-0.2699881366244266,0.14824025952680012,0.047278820567666247
10700.0,-0.12987388605931433,-0.10889540815472981,-0.1177605314652867,0.08783048027839735,-0.15582299459416643,0.0355391286552722,0.15891748813072495,-0.04166635630622978,-0.2533033846402368,0.1881114481240124,-0.028251015783567868,-0.08016283669765961,0.07890431687173907,-0.17599097290646742,-0.22116364060841642,-0.036212293431631515,-0.04955855162391504,0.05626804866189267,0.06765740756418373,0.2200203524110682,0.2610859068792294,-0.0015945272964794088,-0.22801796767002808,-0.15678149456211005,0.02038861335305528,0.02837260995737831,-0.10251670995058071,0.12377222806436408,0.11721202915245935,0.07164272604115593,-0.2466788986233513,-0.3068183571269271,-0.1539401473825635,-0.0009322432780192458,-0.10714071690818183,0.11838256379013273,0.03902939636037117,0.11073328158352644,0.1939043127364268,-0.07801445611312546,-0.2784178819937236,0.026965170878865657,0.16480655593835566,-0.05152217486446209,-0.2538496701794361,-0.0008204053825369151,-0.20640287391229623,0.11428595518562393,-0.05317684079696633,-0.07093553098925992
10800.0,-0.28169626907075546,-0.23237238482211925,0.20863479354336995,0.17525342959197251,0.10431202113057023,-0.10293987704092666,-0.1996212620415559,0.046586063460496374,-0.0014475683822686436,0.13141091536216984,0.0695740721363334,-0.2077180283268678,0.15826703866206135,-0.1500235948733874,0.03658679697884909,-0.1855779828563075,0.12127020728430393,-0.1550707589950009,0.08286859747333827,0.08267633036373295,-0.03747771713195497,0.14687499701823623,-0.038147826208647595,0.05729573731651827,-0.1292375983638367,-0.24634098667993448,-0.26248971915240327,-0.018896613109078503,-0.16272962849956302,-0.004515335895924871,0.16552396843326878,-0.1156665067325478,-0.09986584570232931,-0.052180543353426756,-0.042208756968097616,-0.3804221336398073,-0.02038736329972579,-0.1575492165966767,-0.29243410119546903,-0.15112805277702318,-0.10974791840209958,0.07691445149048473,-0.12237271936369482,-0.07928547532521196,-0.35610472364019624,-0.00526833178729641,0.17047777537463008,0.10729946242432539,-0.14660562969903773,0.01655314093824206
10900.0,-0.29850658339425123,-0.27244155102707973,-0.110480102642392,-0.1888271006058439,0.001956055956030517,0.06998750622066557,-0.10645326102621927,-0.2028248151474148,-0.09917748851303493,-0.2091697733944981,-0.07602926064885235,-0.2339650505417934,-0.060514432273929,-0.06289736539213109,-0.15243458751109923,-0.16522044423452958,-0.07297223338128145,-0.11040964787005925,-0.35601239839902193,0.14686034927497763,-0.1257458483608977,-0.16595484795518017,-0.02112868512467908,-0.1828262405068068,-0.17914390273441932,-0.03719402715097603,-0.3837736197749047,-0.24836063760541743,-0.011133032983245666,-0.1478428757924069,-0.28830079092279054,-0.15146931327312846,0.278905734592387,0.17359906164724254,-0.18596689166317748,-0.3899519144941482,-0.3564515758069405,-0.13629407085260908,0.008687273697670889,-0.12453432854421803,-0.376720188643111,-0.24633649678667863,-0.15276252602133628,-0.1653791523935813,-0.08861490850256826,-0.08625455111735286,0.02690866488287455,-0.25014271586446973,-0.1310649833063307,-0.13119422432903027
11000.0,-0.03175493459081441,0.062328192110309905,-0.005963833719401318,-0.18943171919887886,-0.18726230099928792,-0.15027228610288812,-0.17673000960855817,-0.3204671619984912,-0.3609258046466893,-0.33125973963022787,-0.31394256234932555,0.06253914285335965,-0.22492052922702305,-0.18672403390867537,-0.3082412045734389,-0.03806182439933753,-0.3073993496559467,-0.24949733034346266,-0.3666337507696325,-0.015332257581454567,-0.02756013531353463,-0.20352085564857064,-0.33376183750315186,-0.017007245621037836,0.06852272177842536,0.005150860462817958,-0.2178423448881226,-0.3503407885751552,-0.12023435438660829,-0.19707637598925004,-0.44185569268645736,-0.07222821788403372,-0.036884190767814184,-0.41612692588240735,-0.07979097596266016,-0.14331240581047133,0.03767004296870918,-0.2045144134557641,-0.2597323617108516,-0.20987693578634553,0.09818188703027211,-0.12396557677847325,-0.18485352554356843,-0.4285524325590743,-0.07024793843900351,-0.2525369463143518,-0.2401251035557364,-0.5280571130278646,-0.3981069619673568,-0.4277463534030939
11100.0,-0.017754511529553457,-0.3160334450736875,-0.3935031131008701,-0.2696416053094081,-0.46858627339732056,-0.509234717588384,-0.34605073671791226,-0.24548635305428468,-0.32698747892484353,0.04372291680678622,-0.6418657756562074,-0.2757556372345208,-0.058522812159985726,-0.21287458001232812,-0.2687085346197413,-0.19681013392207775,-0.10711306895689654,-0.28468081697877384,-0.45276459520587714,-0.378964593448382,-0.30410828581796984,-0.4050367826230556,-0.14619898454958186,-0.4366567106301163,-0.12349016123399342,-0.26305427164659906,-0.19042704372767327,0.15710971690431183,-0.4430023361552538,-0.08854713131042374,-0.3896073623791017,-0.17697945842896617,0.13326217803565574,-0.31146024637880104,-0.25904097753840905,-0.21169036693886378,-0.4262820928371392,-0.5165798985916417,-0.14499255296817576,-0.35897251643441735,-0.04037104741542957,-0.18790344766091843,-0.20150267262414473,-0.16430019291678305,-0.08126000259450217,-0.00855325762849557,0.09987833066146781,-0.40542216677411275,-0.46423393980724187,-0.18519352489549346
11200.0,-0.36845387706252547,-0.46471767853504137,-0.47063593255837316,-0.15148259174728868,-0.5189699616431869,-0.20970922069759723,-0.5464255889425544,-0.5664335158656537,-0.3759231472182463,-0.05981397517042181,-0.2762218430773619,0.06948646692536548,-0.30971335648108306,-0.5720976409661223,-0.33451813138575753,-0.3314835658860423,-0.18463150822564223,-0.21185085453267605,-0.5136849433132733,-0.5807794639818835,-0.35659314691378735,-0.5199885453420723,-0.4722465728654997,-0.40603281678859465,-0.011851364203344678,-0.3348008921119508,-0.3260380440166049,-0.334228695791798,-0.07106539158721298,-0.1017246467021165,-0.16042842911793015,-0.23981257980294207,-0.5551343041477963,-0.33462957216033856,-0.23798600800333958,-0.2195630290156506,-0.6374064072369783,-0.7032407603380286,-0.3599677112945144,-0.2126148222008009,-0.24794445407029925,-0.2776062434952093,-0.1783161644269507,-0.41752677568192337,-0.34644401353025384,-0.33725387800520185,-0.20021755352925147,-0.5391573467601942,-0.19811145324095553,-0.18675663419246735
11300.0,-0.555448919296444,-0.4581305648140233,-0.10523055214040528,-0.14490457052032796,-0.4429338364829218,-0.6844452060410835,-0.13565788552321495,0.008692233383897796,-0.31121531808361264,-0.2215433335724873,-0.44655713222295995,-0.3211727863760699,-0.11420509390884853,-0.18767587596493923,-0.3591948099389995,-0.16538712650599668,-0.4112246738675172,-0.35303527923812733,-0.2299636298195255,-0.402828790534797,-0.3400159491859254,-0.30512688938010696,-0.2541611771592703,-0.004964915836448536,-0.4493633011787382,-0.14746128973504874,-0.289133760768918,-0.3571847618475746,-0.24918915264132507,-0.27165430226868986,-0.482047363545767,-0.5855949201831057,-0.1200053475366209,-0.07010334735584839,-0.18734318333056332,-0.3514459814263729,-0.010523697418689304,-0.03875952246967357,-0.1175553669235489,-0.20942098177164342,-0.3899333199465253,-0.05057595198669146,-0.24178900480050397,-0.09182933314531838,-0.3451040337870462,-0.10429125985400922,-0.14306974209317297,-0.17687670672292227,-0.16759672875287196,0.19117748626150197
11400.0,-0.143508155266237,-0.3361287335177668,-0.32081038449151006,-0.3879408754379143,-0.1022287880867479,-0.2726017181446544,-0.5996142583052739,-0.47512381007265675,0.021417088679854118,-0.31827861492537274,-0.40611124183957475,-0.6178465399707413,-0.4990930481874008,-0.024227824041079593,-0.49933245397084464,-0.5201726387192316,-0.5259083871254071,-0.292233485215127,-0.33213959084224315,-0.649971128903996,-0.5472873986238538,-0.2481398347825728,-0.6598402794013578,-0.22688702393595134,-0.04545562426051303,-0.32943507580966463,-0.7223989918039151,-0.26851501355250745,-0.2088478699557776,-0.2578354438311358,-0.40269490690590243,-0.22489767462799132,-0.46817213993128753,-0.5088889447624898,-0.4350215755748466,-0.25599772734839843,-0.2503335514473689,-0.11588413122505298,-0.11342679373064818,-0.6864859789940929,-0.4431879975079723,-0.34229392417173393,-0.34583496370928807,-0.2977742149685097,-0.3521577763316391,-0.45911982332882934,-0.4207452589000307,-0.34922874531527565,-0.2692618799576448,-0.4527508687168887
11500.0,-0.5742829214321612,-0.3982684823454636,-0.4802508775087943,-0.4837121459318408,-0.665858366836239,-0.38095787483785354,-0.43744245392855124,-0.5094913751687011,-0.4794836664517434,-0.7250018093321655,-0.3780038112065121,-0.4864475572987295,-0.629521565541638,-0.37120183679337176,-0.5306616048682791,-0.5209086364451627,-0.3558884321413454,-0.42857938041445004,-0.5056624060690296,-0.019230746525914943,-0.7254338851364235,-0.21492049776483796,-0.35165666703176773,-0.44701363193350113,-0.5413837499595064,-0.4319764873299317,-0.3479814248357947,-0.2645736166413541,-0.3217276200259263,-0.1909901139257279,-0.40843218943650955,-0.32840093611982074,-0.5930230158109804,-0.5342945573240092,-0.5980473757590461,-0.37873356359431637,-0.29671331699725406,-0.38359477263709946,-0.2982908994267364,-0.3773928384656125,-0.4492327371093528,-0.40241673099794256,-0.6260414463748443,-0.6959754258352895,-0.2744655183050078,-0.4627944955223077,-0.41091082866628753,-0.10295011959982653,-0.16116764026509806,-0.37216881100127336
11600.0,-0.4862174473801247,-0.7311514254729969,-0.2746388693049148,-0.35744989475312444,-0.29256891156618464,-0.44748676145801186,-0.70417387326454,-0.7808309525450361,-0.4671129727857593,-0.5602215036990648,-0.7254884553646883,-0.8074775323557317,-0.7497492877849825,-0.5883090749610422,-0.6407457863850698,-0.6356543898923448,-0.4765967040573114,-0.4437731357501012,-0.6222631972609451,-0.4967046810213019,-0.7223926908218086,-0.33302384556406167,-0.6596045953488507,-0.38177312774669786,-0.6202788880289258,-0.5831462406713197,-0.23180316714803817,-0.3194066330264153,-0.4281832470969668,-0.6360014990035501,-0.714244872602088,-0.6839296124354839,-0.4553482451214384,-0.8290830815831884,-0.5262802715181798,-0.6550057645107834,-0.660868740812719,-0.38434310352113726,-0.6384886246226107,-0.36420654284933346,-0.30192578219564287,-0.6579839108750549,-0.8094276937358267,-0.9521218086699021,-0.6781745599776552,-0.463473352557732,-0.543018850051679,-0.6154993757676959,-0.4564525298013376,-0.5032176751966779
11700.0,-0.894704980578567,-0.642837580615534,-0.7146887138468343,-0.9548764227812214,-0.5301519347594827,-0.607555948519874,-0.9725548252521341,-0.6858057996807814,-0.7362776036079715,-0.4841951957982404,-0.5028604846307356,-0.7945908064380629,-0.4761231115488503,-0.9225217150249156,-0.896052943850592,-0.5171264093139891,-0.8093319828362076,-0.7817175104147116,-0.8435931570390951,-0.41174563797849434,-0.49609597465688476,-0.5301389187594252,-0.49167446378386387,-0.872323970942604,-0.7309987312816844,-0.7151279782839233,-0.7928307491189606,-0.7212765822703826,-0.8727224032519345,-0.5806041956876429,-0.4927539912054338,-0.5982360319096547,-0.8829913417112127,-0.6525414872180921,-0.6064214971459321,-0.39431941532346065,-0.6630605811261301,-0.99490515452925,-0.49370586480922135,-0.729889482814615,-0.5544777291480796,-0.6559155909141223,-0.8815310194174735,-0.8053808865898255,-0.768286179236255,-0.8724879577171261,-0.6576721000188352,-0.5626058142428876,-0.6828781928142087,-0.6529159034589949
11800.0,-0.5384599071856964,-0.8234748642725207,-0.7464407350495381,-0.8872189449574359,-0.5811237502468778,-0.8348039561240033,-0.5791017877100646,-0.8484567173984348,-0.39579220386631636,-0.7767137523474326,-0.2951453837593296,-0.830996843078482,-0.5905955068891511,-0.5953026892741982,-0.7735176179301737,-0.7113260251097939,-0.8244564702580888,-0.9367063415276349,-0.5891491943538938,-0.9133665023016004,-0.7075231566813158,-0.8922177112687992,-0.888411440779719,-0.6771044718887729,-0.9299915608343903,-0.9247349464404335,-0.7068936879928358,-0.8956595229004392,-0.48332780579126183,-1.114069429751393,-0.8339645842697447,-0.8515006207912104,-0.8392275728423508,-0.7668681466552278,-0.6781039773355679,-0.9315443588845767,-0.9814877560910866,-0.9067150197362197,-0.9473028707736124,-0.8431401071403086,-1.0304346709915742,-0.5530221090746081,-0.6087625426998897,-1.0978926015747394,-0.43433684582862203,-1.025630354074642,-0.8277312135715846,-0.6691516606516696,-0.8004712252727797,-0.8611519579741542
11900.0,-1.0224673507717308,-1.0332314543845111,-0.9593446316120757,-0.7949892590375256,-0.967769813425587,-0.514414228068871,-0.7638094814473886,-1.026572215865541,-0.406236919714885,-1.2346216226541533,-1.0875928843733997,-0.7400778248347695,-0.9984446729781178,-0.5765054969037071,-0.9884630163265469,-0.6741182669423924,-1.0124043946537793,-0.45178167884175396,-0.7025009727038789,-1.074114998037599,-0.6572898831183429,-0.6989082839797254,-0.42028498081997506,-1.0102740093085805,-0.6499715349193089,-0.8281770441699388,-0.8128972256708107,-0.6177580141563281,-0.8935712634331325,-1.0724166325514706,-1.0840411266434882,-0.7582113464619862,-0.6146891580774128,-0.9016515716903517,-1.0208141993199522,-0.7317960392497098,-0.9859208411059235,-0.6026019704266232,-0.6172076904173649,-0.6517671189702432,-0.7563239639915422,-0.5509720599625438,-1.110473617626616,-0.5970046576845958,-0.7187209909939452,-0.843360964836946,-1.0684260777850834,-1.1067955027816052,-0.7762335365760262,-0.9728840181873291
12000.0,-0.7908335972219296,-0.9584463387117614,-0.7273926259746992,-0.8427898319229106,-0.6510504314583372,-0.7659727231521707,-0.9869325710491106,-0.7154565651872309,-0.6281597905033938,-0.739298955652669,-0.9544709143264265,-0.7182243415841598,-0.8921672750813094,-0.8135761154323309,-0.7131208308272956,-0.7975823913920741,-0.7942071461187596,-0.6230942410409834,-0.7266920095859848,-1.2308131451124007,-1.0185143290974623,-0.74842160781206,-0.9488988287347382,-0.919918860616215,-0.7899236294222585,-0.94868272572176,-0.7979564473616618,-1.1970138891997664,-0.8143068828786839,-0.6862304717577814,-1.451981160324185,-0.7635757757612318,-0.9731454178402752,-0.8596002419053945,-1.2957960140303952,-0.747279153124043,-0.7960678235135541,-0.7763130741927182,-0.8336695746855658,-0.6755316675996794,-0.9606330622573689,-0.644446498347089,-0.9074630309754212,-0.7850015359843727,-0.8782827622674942,-0.774629101250286,-1.0808133227661325,-0.8862634980863031,-1.1919596388010805,-0.801242931118294
