"binAges","ens1","ens2","ens3","ens4","ens5","ens6","ens7","ens8","ens9","ens10","ens11","ens12","ens13","ens14","ens15","ens16","ens17","ens18","ens19","ens20","ens21","ens22","ens23","ens24","ens25","ens26","ens27","ens28","ens29","ens30","ens31","ens32","ens33","ens34","ens35","ens36","ens37","ens38","ens39","ens40","ens41","ens42","ens43","ens44","ens45","ens46","ens47","ens48","ens49","ens50","ens51","ens52","ens53","ens54","ens55","ens56","ens57","ens58","ens59","ens60","ens61","ens62","ens63","ens64","ens65","ens66","ens67","ens68","ens69","ens70","ens71","ens72","ens73","ens74","ens75","ens76","ens77","ens78","ens79","ens80","ens81","ens82","ens83","ens84","ens85","ens86","ens87","ens88","ens89","ens90","ens91","ens92","ens93","ens94","ens95","ens96","ens97","ens98","ens99","ens100"
0,0.233996684903236,0.131219201405411,0.0356721736698013,0.0451830225574905,0.140984182846022,0.172753173857304,0.24630644416023,0.167962411335354,0.0856239018485796,0.0642309519844267,0.153712826219429,0.075134392443767,0.1169802097083,0.0333791412012891,0.162474708991316,0.0458935944259099,0.0689113794195865,0.24004608076335,0.0585863120688504,0.182143684465608,0.14250399290213,-0.000409362064099555,0.0750867147389877,0.0531775772570366,0.0550338626396411,-0.0168785087001476,0.105090278355848,0.173625827915641,0.0928308523797312,0.222164158470433,0.0649468519464637,0.247211059662483,0.204824240691284,0.0703151017414084,0.145354359281588,0.140512560599518,0.0676189400852602,0.142834341392622,0.0445794470116908,0.166284872642958,0.11093114255335,0.0607160920243463,0.0960874082517185,0.0723652699781411,0.231132603711994,0.231378260796807,0.127875208289148,0.0260838856470691,0.0177327265997206,0.0895974472303741,0.167474446786473,0.219858557687542,-0.0217509468977492,0.163834765287701,0.0855680213342866,0.147423153220862,0.110152145355366,-0.0549944720257466,0.179947575136924,0.0165263955021298,0.0926470097676611,0.136602672829896,0.150540468415546,0.0223750744540403,0.0507610540795451,0.0571872959433561,-0.00285375157646425,0.0187048132240576,0.114104913878899,0.13652340813855,0.202047207555774,0.264804372128074,0.0899031760298813,0.214149607700047,0.0501212702740775,-0.10243157890733,-0.0265777941971462,0.0549146319467344,0.0869768291147465,0.108646147591978,0.0127181544936593,0.0347182945783099,0.081302605994156,0.0840222946886303,0.0247454538730208,0.192966866275529,0.0288827249106974,0.191761883318273,0.194147071883297,0.100165241123876,0.139710768077576,0.168586391236906,0.179367280629207,0.232093020304649,0.0393712598680058,0.198545901481931,0.190327550319127,0.052329173688702,0.0507122083711815,0.00910940221120968
100,0.0466087074006831,0.0909769766689376,-0.0393212732743601,-0.0104138083033057,-0.0238074784972539,0.150423746808725,0.0766466677465849,0.186865971760185,0.0973927356500216,-0.000194865588131338,-0.0741381001814584,0.0661039402097684,-0.0371451046155167,-0.0442316554748848,-0.0603480524135783,0.0397020922991941,-0.0567608425661102,0.0118523648396421,0.0616855312237532,0.04565417247221,-0.0348005061915801,-0.0317434654549393,0.0390872500708865,-0.00912246694743094,-0.144286805051928,0.0237068586668388,-0.0466637716737171,-0.0544406874515871,-0.113835974044832,0.0668741278771237,-0.0859133952837132,0.07791509438511,0.00667975146106706,0.0858436048490868,0.0377930304779056,0.0657362815337353,-0.0226181547992243,0.113087328480406,-0.00637884505125094,0.0936638048735227,-0.0351559822942721,-0.136420740974237,-0.106884514934285,0.0764064912647283,0.0326978701104859,0.151998931615198,0.000194865588131338,0.00937826554343377,-0.0965539196850443,-0.124570540189319,0.112380812248914,0.186061799370993,-0.119857918850456,-0.0233721566186031,-0.0518738182472119,-0.0229352247851274,-0.0801895989006954,-0.190994256369278,-0.0774619566490635,-0.0634584329942971,0.050844251688496,-0.0419319705443854,0.0889304722433956,0.0113486288689288,-0.0579523089038892,0.0537722967558028,-0.145228383986845,-0.0784782384327664,-0.035240472953645,0.0292337048746319,0.0373467980944633,0.127558150099052,-0.107197564557726,-0.0253194679348518,0.010190243423475,-0.127159473882585,-0.136144848252553,0.0422188433580406,-0.0886367921710199,0.096061796779429,-0.136424485222446,0.0182975632415924,0.0971268563126644,-0.0496685078432516,-0.0707783995567172,0.023290020618158,-0.00141335849299198,0.11533447914137,0.109106552469526,-0.0177621135006651,0.004207800414084,0.0255840666167927,0.0129402391826809,0.00198313114385998,-0.0245693657733995,0.0328044096167252,0.0824802736276248,-0.0227634940695081,0.0669432726672417,-0.0807632828942681
200,0.137511520143762,0.128094790268914,0.0732345798435039,0.00520052763288034,0.0207989266141686,0.0463911130867066,0.0503115433933237,0.160199616470696,0.0401866205506916,0.0442010497778259,-0.0250546284224129,0.0332889197442629,-0.0142443528770163,0.0348449136865359,-0.0407640344611439,0.0199531157604468,0.0459138089239197,0.13061280263113,0.129393876014921,0.0384380253577358,-0.0632102851152913,0.146178963931445,-0.0243146941541494,0.0201805179316987,-0.0580079642900642,-0.103943035259742,0.0983479394797917,0.0971210556079783,-0.10265623007711,0.0731542670485534,-0.010586771337172,0.0348111525850338,-0.0237481446474304,0.0478354451583241,0.000518492792391717,0.118391254447194,0.113356512274036,0.143988574112552,0.0161752016887287,0.0636851001149086,0.0105014793523982,-0.0686694406086013,0.0950273930177256,-0.0165423951719229,-0.0493898749693806,0.120535812668219,0.0107845164148912,0.0446715044954021,0.00170978315790724,-0.0152313375854943,0.117230436459499,0.119814850271873,-0.0108795618536881,0.0665114158415574,-0.0229573435098783,-0.110696429965697,-0.00997501839224177,-0.0265591997041234,-0.029714194001629,0.110268935107882,0.166132218921833,0.00825757519491008,0.0364636956344227,0.016652233920605,-0.0301341059844676,0.033870708341269,-0.0923326190642985,-0.0277622642538332,0.0940099896839175,0.105529771747741,0.0782196195994173,0.0770687837071522,-0.0296257877272977,0.00531891270169102,0.0611235621604425,-0.0562956102580821,-0.119737036719655,-0.0447655273066312,0.00817680299633636,0.0521933474507279,-0.103638709518167,0.0647899511358257,0.0514198763251779,-0.0599863959479409,-0.0265107652114276,0.130286033991654,0.0500381253619212,0.102030989747679,0.0568788897551516,0.0251171676113633,0.159370117812163,0.0214323558132699,0.0127395385485413,0.0952326983985882,0.039707952563243,0.124054988381623,0.0601839605043789,0.0699788189075833,0.0392586391851731,0.079006555772364
300,0.196589614076709,0.0733632396356131,0.0982035703779532,0.0484154801945661,0.0102528209226756,0.152885184466496,0.0779484037793893,0.139987938397668,0.0349595785324559,-0.00604174184446279,0.0602068969840847,0.000678664702908199,-0.0255242880152105,0.0703639151405174,0.117129369863224,0.0541574029914847,-0.0495388846362169,0.127813788456397,0.147667671424472,-0.0108046382688446,0.00949267158407793,0.138181621193324,-0.0269061035331342,0.0799021823071504,-0.113570382857355,-0.00404620229635222,0.0274953368781241,0.0689930820908981,-0.098008766689122,0.0940760793960821,0.0391562169192256,0.0329712841981044,-0.0546829609909527,0.101135120297447,-0.0120786040362451,0.125616000346236,-0.0335848414355912,0.0844374580036862,0.0235523041392708,0.0879278904409888,0.0730204062777916,-0.00925815964262036,-0.00394476965515914,0.00433207938550931,0.0803758548513376,0.14494122150115,0.0405483840996627,0.0594094640962915,0.0606713398584963,-0.0078518833440416,0.111740904908642,0.0963685216324612,-0.0764758379166446,0.1214235638289,-0.0173822641676097,-0.0740709318020733,-0.0336004699655976,-0.041044241032192,-0.085769556130148,0.0852356001332716,0.1358842274667,-0.0308501995645692,0.0277445841963171,-0.011610974439778,0.0485527031673807,-0.0123325879788133,-0.0919474177110524,0.033369536668674,0.0375666535517561,-0.0225648751035416,0.0595697330034312,0.0910603774473478,0.0449701673888539,0.0386961438821399,0.102188284276853,-0.00752186799789609,-0.113239852093341,0.0815260241095153,-0.0285890255501934,0.0431996365272862,-0.139496503889254,-0.00593039047960944,0.00131376396698316,-0.0440461561481386,0.0339894650548798,0.131111156426247,-0.0431172173681062,0.168570705037529,0.0121365320604657,-0.0893205606504966,0.154971934831522,0.0531369432810634,0.0222232584399763,0.112482678731363,0.0558531582847183,0.149984423341902,0.0549875450891681,0.00454233539158866,0.0358067391386475,0.0920878623477775
400,0.227903090056204,0.0678875467583445,0.0859101044027482,0.0389972586752565,0.131544938603842,0.154940676948203,0.0148741490881779,0.10210197337951,0.0513460377272985,0.0263750851583126,0.124699150658924,0.0128328759253994,-0.119656832082724,-0.00435597119277339,0.0765384840081265,0.103378862229843,0.0535333782480406,0.0500556631382972,0.0934690840386117,0.0175604033534273,0.015520525950342,-0.032404297478677,0.000416677281387973,0.0698386541299682,-0.0492986422394266,0.0292700546079794,-0.0629600240455137,0.0499514522468743,-0.00871279138249151,0.0958497221536299,0.00965003602637118,0.1608584695802,-0.0506492409632891,0.169415739759852,0.0787306988718269,0.203283005390744,-0.0150649265711722,0.0948570831428165,0.0860673626186101,0.0536320770857981,0.0667085006586732,0.00349889160573066,0.0419816290129213,0.0813326649830112,0.0353716186127721,0.0617419475068085,0.0564643616520339,0.0305532857134152,-0.0299086656132978,-0.0313704625384041,0.131491277766365,0.0243318738151584,-0.00835724546628289,0.231135443581156,0.0493627971354218,-0.04284401658905,0.0492223744146625,-0.0531979040913326,-0.0714048459896372,0.0174535706219622,0.0917557791200134,0.0659852036802703,-0.05600127589021,-0.0271986426730488,0.150050045390622,-0.0624415984957915,-0.0259728335900003,0.00695968707140374,-0.0199509890424522,-0.00895316982917108,0.101580443279576,0.115333778429183,0.0808345884439608,-0.0554982194267208,0.0711049290658387,-0.0270776760085522,-0.22756743606839,0.0567179083763817,-0.0758423902327852,0.118150704601643,-0.136338909365092,0.0547140411843632,0.0175764478766473,-0.016591598147579,-0.053938474146964,0.0867808408886613,-0.00310604453780702,0.198324321506657,0.00766926886377481,-0.106356614444204,0.149570886618119,0.0774242081562474,-0.000147410806060372,0.0660913340269716,0.0353291375673456,0.128149600018406,-0.115734619503622,-0.0147754855153724,-0.0229824009260225,0.116193867066922
500,0.181070471246372,0.0683764116713444,0.144343363451605,0.0546566126875815,0.120502145559044,0.163223231668405,0.0498140692949958,0.15056623738233,0.0185286515724311,0.0436679454476032,0.076861792358418,0.042917788342756,-0.0262739484594357,0.04878941337555,0.141614209348995,0.0891453372472134,0.0952907479252835,0.0340806682784977,0.0807450415024059,0.0813165004943243,0.0493867007464327,-0.0736409664037357,-0.0387094839200866,0.116868103475301,-0.0248949852797281,-0.00416577583349059,-0.0572350204925121,0.0842553347885539,-0.018681146157516,0.0740207301425063,0.0399809907302352,0.125866443415204,0.0509531507605448,0.137149459162048,0.047057031601837,0.166606333410849,-0.0203713659904619,0.16766302777732,0.157699223125527,0.0545731378868793,0.172940935316456,0.00365147587614142,-0.00402049764156934,0.109493172287723,0.0679648684536958,0.0750731449106119,0.00458977544924263,0.103710306952115,-0.0110160732663428,-0.0244949425032501,0.0702296880462463,0.0184106952858628,0.0501375431145085,0.201308166071122,0.00302994405671925,-0.00512968202192313,0.0470639748928255,-0.0195042503296528,-0.121078210292524,-0.00772558290082384,0.122664626266546,0.0532888203572965,0.00246283126478455,0.0179555437198238,0.0928455222829548,-0.0660675646693316,-0.0199102666974923,-0.0273762511548885,0.0929288254440817,0.00338964290862684,0.0877557489164578,0.101831963275729,0.0609509731154477,-0.0181471561228096,0.0882273933884424,0.0230314004291984,-0.120966579929077,0.0239423331495837,-0.0395962567828944,0.198299366823555,-0.11135470972971,0.149950944333477,0.126751730075937,0.0546559433075697,0.0174933374892087,0.0632532535744925,0.00297451917838218,0.178017495106414,0.0912942372447481,-0.0691206279558905,0.194422793882388,0.0742901517591842,0.00755036337190299,0.060128456234786,0.0477790289670087,0.100238968061334,-0.148544902004639,0.00335500872314459,0.0755127449091597,0.146479362712356
600,0.210798508010499,0.120513854059749,0.201342899597659,0.0341115775058327,0.182968519688561,0.180992695136586,0.0971345572299265,0.0975211055418706,0.0466294492877825,0.00873106513582336,0.136935844367252,0.0727467489177142,0.034100778460092,0.0501840775480047,0.0984846741363326,0.162764557789585,0.149501275105536,-0.0399312264022117,0.124361667019429,0.101059046560795,0.135566680341409,-0.0107261919087288,0.0423769939188,0.110996556000106,0.0447298155377295,0.104033249126796,-0.0088015754985982,0.0337813814765113,-0.0510765777576799,0.107724775246999,0.0831000672686291,0.027450045762694,-0.0313956370523275,0.134078104245736,0.066351360086455,0.185930517653342,0.0519262324043619,0.239265916760693,0.224627227803218,0.0708657555281943,0.2395306024864,0.113620173649393,0.135684364713333,0.121225954544658,0.0916726698117795,0.0766937838790484,0.0526267855615039,0.146577715517521,0.016197622542266,0.0953178429768416,0.17365004964519,0.110425021186737,0.0897845105587299,0.210361752692053,0.0333542632434375,0.0674005339918677,-0.0667402925328051,-0.0654721325590479,-0.0429162959843143,0.0892708322477901,0.0576486215537958,0.116875540047743,0.0468316614301664,0.0769214694510329,0.106400979214733,0.0335407688485874,0.000429266517356891,0.0932377827493413,0.119824199071659,0.100493301702939,0.109240457681364,0.0591280277955905,0.0582423927733267,0.0246319644483593,0.0768531378339996,0.041967030304397,0.022560290311426,0.0647611173139826,-0.00624846779220947,0.158147044554069,-0.119769031250096,0.0951846583264019,0.205265683235174,-0.0878211839964909,0.0420802160344642,0.114828490615388,0.0516695389220884,0.163345385712734,0.088157526622012,0.0320945195493874,0.108237302470132,0.0451541121793849,0.0713829759452461,0.182098308989565,0.0804906838284121,0.0402786535622975,-0.128646349657676,0.0164018981508571,0.0928134911303475,0.134210558271193
700,0.228048809069526,0.0449203861407859,0.156161140049292,0.161919615240014,0.129063728958491,0.121353207067946,0.0666181169149208,0.166084214770814,0.102077225241223,0.0171024904528503,0.101771698348487,0.06431789548194,0.0751089729918329,-0.0869315291445249,0.0947946175610024,0.187269277461037,0.0162318841633591,0.0307935322845372,0.12573450264079,0.0173884913512448,0.14382214035005,0.0207482298858385,0.0919191412161536,0.0633816739143779,-0.0577329549127805,0.147414633524082,-0.0427893322477172,0.0549027516778657,-0.112618695899161,0.107171440495696,0.0867882532087878,0.135018466252245,-0.0655583565437875,0.130577443600491,-0.0160988960180473,0.172535891573687,0.0353159182321301,0.130125854669349,0.223652360704974,0.069303270566499,0.208335001796158,0.103565306609242,0.00539864935106613,0.0896020604332809,0.120565932352249,0.0713552762531303,0.119920929971797,0.156664141989745,0.0525546206279542,0.0920096441777386,0.117502837527417,0.0621213045266205,0.0664047314385648,0.188126669674402,0.091172664581422,0.0226205773910375,0.0557750053315783,-0.0760637213409695,-0.06093007507567,0.104319716525445,0.00918712346881098,0.0689346142795559,0.0682979145166459,0.0900719918093022,0.0811147576785396,0.11745406186409,0.0684931055340856,0.125631639716151,0.131290433440453,0.0929619653376291,0.130376449856498,0.0508089001700717,0.0862269181819493,0.097442066914392,0.0734087616558494,0.136046073007148,-0.002454296747955,0.0531612764364804,0.0288694075807593,0.0735962301902759,0.022254526894018,0.0278357141909054,0.177802291787937,-0.0816920111767056,-0.0143646331224829,0.128164880996347,0.0265298069287611,0.219955348984123,0.14676670801416,0.0194997090349776,0.0863436176981492,0.0640905286110036,0.0523791174159478,0.234962115544647,0.0938513683528469,0.00939088806069641,-0.0775477457387552,0.0191759251926702,0.145715814421223,0.0663007686607029
800,0.260220321396078,0.00346219127204292,0.116831944016422,0.090629246274435,0.104315460550742,0.133016345765422,0.0413056786525111,0.201249984116313,0.100365952001788,0.0383553990291767,0.0651771826836206,0.1058439147228,0.0281210071336427,0.0139441115793037,0.0610974343024906,0.0837250626876717,0.0161311148561017,0.0103884741660598,0.127239515859757,0.0880178984283974,0.112198102651053,0.159258456715713,0.0609381374037571,0.0853020962485844,-0.0042010570675102,0.112320227324228,-0.0145818022846223,0.0347638915077789,0.0154818660546508,0.229805825312659,0.0621613418645116,0.178864862870882,-0.0939361112558349,0.0694920539187097,0.0800776387759013,0.134722158611366,0.0221609694024928,0.0949346545808261,0.218045888327588,0.0985248896560736,0.18843940915993,0.0365740631267238,-0.0273341515322439,0.143373818600043,0.0828093753040804,0.0985059525245208,0.157160857720983,0.0625962641412508,0.0397429036271733,0.0195470643002577,0.0237294409358442,0.0339184373083759,0.0576679673278711,0.16827906980216,0.07618152184806,0.0559538065305431,0.0309923445468757,-0.0985418875841943,-0.0528966010991739,0.129935520877111,0.0433090022115695,0.128879180439163,0.0631938700354149,0.058970389940619,0.09882959092975,0.0934257353283795,0.041763434552399,0.0738296163393057,0.0979235148258542,0.180080935588717,0.150839412750546,0.0722727943466216,0.0133502023800551,0.167299825436027,0.109386137719088,0.0831525685129871,-0.0418004345581345,0.0286029198486213,0.147175829104093,0.0879239773857992,0.0153134145196166,0.0299744947862077,0.132995461767656,-0.0603255954246581,0.126946076230037,0.240613861034319,0.0248448891811378,0.210864889090071,0.115839134108802,-0.0283961963802015,0.115637938101053,0.112549431346603,0.0608902974720299,0.21310148142326,0.13536638080019,0.112522162423005,0.029262086888676,0.0522439382641531,0.139488329753771,0.157587405276856
900,0.187383563558839,0.0816453659243069,0.103733124935804,0.110390676848854,0.109064447770614,0.0578557296581504,0.0571066746354724,0.162160352982615,0.170951626278526,0.0787826294655582,0.0567235221824727,0.10739508765189,0.0212765191942329,0.0615063414384794,0.0182102303069194,0.0703068787017954,0.0911837767168623,0.0541652321393542,0.145732413797151,0.0742209071273634,0.1335730102602,0.126073185784767,0.0764581948515446,0.0533997016968867,0.0718517786012337,0.0772603434740553,0.052053416717349,0.151175180496385,-0.00898632907939448,0.247716406063831,0.0925731978278334,0.0617118720818024,-0.0228596001318379,0.114296603606606,0.0242938151314784,0.119135643361607,0.0102487136415765,0.130215870450412,0.222181079946847,0.074456121633578,0.227494031426505,0.120537423690882,0.0329149808077954,0.183401019531724,0.144805135115107,0.129505190726263,0.13178192720364,0.115659483811062,-0.0340671227074348,0.0955197766664972,0.0769187109323574,-0.0216030104088402,0.107424167388421,0.132063995681318,0.067047695970065,0.106810806487344,0.000651259213611172,-0.0271701490787253,-0.0187495220260236,0.183803820705197,0.0566460887773963,0.125621525504185,0.0622460134790677,0.0200063324252682,0.0880871573769189,0.0381628909422115,0.0902534542494296,0.0787727051270274,0.0760566065010542,0.177469863819597,0.164593141853225,0.0755773437208126,0.0136207702447625,0.153194208074721,0.118701717266669,-0.00668271585508037,-0.0562865050378288,0.00474972403306426,0.100773216812713,0.137255394530322,0.0581215323646821,-0.00719741466844168,0.185677161036826,0.038440475770036,-0.0305844500759687,0.145413266609597,0.0687849550061434,0.192814074762813,0.115630362069882,-0.041183894478919,0.106309582055114,0.092326501398304,0.0555174254745734,0.142329736448801,0.104083586907572,0.163374950087563,-0.00550002274054232,0.0672360604368081,0.106785728898862,0.07754953537312
1000,0.129833256940022,0.142891722949186,0.0664212638564232,0.188696488271714,0.0743839948839109,0.100806939650959,0.118854649684355,0.204275753191125,0.189967406282721,0.0392046926387387,0.0889245775539545,0.084725283292777,0.0673945084703174,0.0462402031818712,0.0423507237539601,0.0651784240999162,0.121234648902233,0.049982067411308,0.158647043759773,0.136065223850842,0.0763512637497755,0.0485297453776493,0.0485138006287991,0.209376531246211,0.0416980153738735,0.11279808585528,-0.0593367033733048,0.152906925054215,0.0285837812793522,0.199911941807451,0.0927739530070616,0.0345394445062081,0.0805891054133396,0.0775803850168658,0.0452843280895046,0.0663884023863139,0.0469856993961745,0.127933106225216,0.241607938640588,0.108925101686714,0.163217392381243,0.0856686912980709,0.0467208748523771,0.156683100797766,0.146282238338285,0.163472922484404,0.152724350498636,0.116465095464989,-0.00401885736253252,0.163067994836339,0.0399373956082111,0.0319842307207753,0.139836691664266,0.152490850757117,0.0412303065670293,0.147616399814806,0.0416242963436744,-0.00279234333984352,-0.0297272457178721,0.206581241157112,0.117116934076579,0.0989014958396255,0.0903161785936097,0.044818948254074,0.0690561716726067,0.0159797920388719,0.0163757233121794,0.144538687506141,0.0992115186238508,0.224160170651484,0.176022845526855,0.104164142592768,0.0279171079874347,0.17817133430531,0.119711595784935,-0.00217170872242897,-0.058389184478362,0.0207342242337303,0.0955694016989639,0.105581942337704,0.0663327315018641,0.0229863583294246,0.170065073486226,0.0656469621498305,-0.00385792072597133,0.0976978233200298,0.066811695208125,0.187597369550124,0.121209606850603,0.0251903691620804,0.10586142694247,0.132388440765442,0.142480691762769,0.118794865087022,0.152125782151881,0.0840330563503828,0.0104044859815824,0.0463580736216799,0.153358545248521,0.0741754405728031
1100,0.138759415596176,0.172933324475054,0.0647743230300825,0.174393157101378,0.131974841772352,0.185263092407964,0.0944751168921613,0.0401336634046222,0.205069071897565,0.0613392085093276,0.0655808512485752,0.0728095089444666,0.0593950691769958,0.035624164435904,0.0715833567444177,0.0932593378739652,0.0201441724494472,0.0945037625523365,0.122648783061364,0.130378837617617,0.203708929870636,0.0291204816002485,0.0525022101972801,0.183267748782503,-0.0203437986031077,0.0979754389961958,-0.0326488512927644,0.110455002917731,0.0174024305321936,0.198104805522258,0.187841576987747,0.0521165431084364,0.114882973089181,0.0659970556996018,0.109087794041,0.0838048559578808,0.0653075840976432,0.120498655783679,0.248026349093776,0.128155599444365,0.144948258354549,0.0784699486399508,0.0159760323692134,0.170086621859894,0.149657655792773,0.109707981015764,0.152469150012001,0.187558337655536,-0.0723533095308294,0.130364453761464,0.0764194788467461,0.0942161561381892,0.196750728203133,0.126665343025512,0.113356990600109,0.140745452678523,0.0174609029202187,-0.0367577541883688,-0.0338657383921029,0.262845113037254,0.174875881734486,0.11415159905526,0.122569239401224,0.133427218710922,0.133941227645893,0.0313019342155073,0.0212392155745396,0.199944007593188,0.0893925845314341,0.172725369732749,0.157180205178845,0.104140753330002,0.0743230068799538,0.202810464727953,0.118452811666468,0.102661711364238,-0.0977280926529141,0.0673860382027961,0.156896448777163,0.074554120516674,0.00123998953462212,0.0752039710151994,0.160200320288516,0.0806854839042321,0.0945874074597569,0.0986887068305091,0.100908483413911,0.123813965963844,0.121721363431085,0.105679882778244,0.108221892114652,0.16134363078235,0.130789189644244,0.169754536920026,0.223276160624876,0.030049272761754,-0.0690768040580142,0.0153861374256481,0.106409733265754,0.0638707638056184
1200,0.172646835061618,0.131521540549679,0.130667419097181,0.256011789605962,0.175966830874959,0.1982772351538,0.123699466116859,0.080020619563915,0.221961994125307,0.103535758296932,0.123162159223181,0.0280674835732017,0.116623051219576,0.0435314468520765,0.0499066212995817,0.0931882895364585,0.0542043356244178,0.182814904120116,0.141938295996591,0.094600045067491,0.128317543259968,0.00540895182512466,0.138187520886819,0.156352236165021,0.0329079843469826,0.162723466840269,0.100415281945366,0.113758124032948,-0.000243946061457972,0.187305155590361,0.157944343369313,0.120754569678382,0.183474884315708,0.0680470992307325,0.0768338336023859,0.168974919248312,0.111199144127022,0.1812362715524,0.217862992722709,0.105712054702751,0.0744114625064635,0.100016369324512,-0.0313082250909913,0.175306929415946,0.204063101163996,0.122367073519437,0.102866710671828,0.247956202213073,-0.0540786950294641,0.186196013548687,0.129748275692756,0.106122387977886,0.229609658321325,0.0894499840783883,0.158658207469796,0.134968165666487,0.019060309540193,-0.0622486238189641,0.0737649381064584,0.285801188137812,0.218701382847167,0.162537970210804,0.155746839559309,0.232925170898313,0.139829577251485,0.155703923717402,0.0700286425972939,0.23045650990389,0.120359715449031,0.14932105359849,0.150602109154381,0.148936374030911,0.149016137793854,0.257707080173022,0.139156921386888,0.0823854202245679,-0.027990163372784,0.104144750032854,0.142349509761577,0.135963547874959,0.0183704555587985,0.153286318204714,0.172663859069566,0.0477150446563753,0.0933394108038567,0.106628112472437,0.014212647131828,0.126261412589425,0.16529870281706,0.153084151693863,0.140893238193634,0.140806082291556,0.154565717897251,0.202538142479584,0.187022391407935,0.0990888581722436,-0.0956776398839531,0.0586202967820157,0.115268743233863,0.119319291827728
1300,0.116746428087646,0.174627725400596,0.112466800799645,0.238617990232971,0.160587687492962,0.134660740380262,0.112692905843,0.167443099399464,0.166148774161518,0.0959977851856518,0.0918417645279156,0.0360013640765861,0.180379483885891,0.0240084902441351,0.117702664893087,0.181798485722975,0.063112368482862,0.115214132343578,0.113876053565515,0.150759507169141,0.0440139166446646,0.0207456629809099,0.218799902395375,0.232175714800549,-0.0450480109735703,0.160902353235502,0.288664113396399,0.0879530201117084,0.0579371858586095,0.251463365781009,0.118847889987975,0.0753303837786183,0.201199520132839,0.109206645352938,0.141112493610016,0.199754500680091,0.251616914676388,0.223219351184036,0.237428325092543,0.11822042862673,0.0666879171790387,0.147854251326679,0.0931891015447151,0.2148669354396,0.246724246943893,0.108651233333072,0.100095282161171,0.105745069072071,-0.00693889056076039,0.172440465744817,0.0645259239971981,0.111830245721592,0.154354067700697,0.11607450001203,0.225702189744503,0.125312292024128,0.0273648055282098,-0.0819797959006039,-0.0027789650125111,0.25867944914773,0.199025825765426,0.128500028662435,0.153764846306027,0.232084759268555,0.154504551814984,0.0579525464875697,0.0922428770194386,0.211002893748272,0.0488676236727039,0.236049079053925,0.14663847376571,0.136982925267598,0.0794878643611668,0.313109561247972,0.104078860956879,0.0447043885399004,0.0530921571285808,0.0726982153263313,0.141968191610507,0.0980500467500998,0.00671101313709893,0.110161014518945,0.175745455577731,0.140224361480586,0.0665671616391117,0.0471020522212281,0.0410800811727194,0.0998044984149412,0.108944633897803,0.151075799165434,0.140349710179422,0.103714804123596,0.191992643125132,0.218450429907451,0.241782759439153,0.157509095174851,-0.0525008502713792,0.0349648260835394,0.00696429404240054,0.156892743744281
1400,0.21505290023123,0.199185535693206,0.120972375673376,0.229179339932041,0.108078333068721,0.0998740078863604,0.0860261650804471,0.201457854775966,0.1463481309375,0.0899461565194639,0.0823835063611179,0.0216953286059023,0.164523512649108,-0.0322845943306414,0.0209674417530174,0.152652466088189,0.0887569937861876,0.0629798515169674,0.156663689972434,0.117564152634999,0.0990258132177237,0.101895669534118,0.20644916104528,0.185208925911551,-0.0953401572108592,0.244798747766571,0.206229277870971,0.00294392387720685,0.0479175706939548,0.198085911816468,0.0512803647872375,0.0957967112457342,0.223020630212995,0.150770442714224,0.186052626286283,0.168317792433325,0.304868348211438,0.167724048066859,0.188065480512012,0.12870113545192,0.0655528293395489,0.0963992068313231,0.0477608274137985,0.166615159242474,0.214322988963125,0.135491715729952,0.134746843980912,0.164515312205704,0.0413527704086135,0.146587698917652,0.066005295316798,0.0467110339510652,0.0944336883484952,0.135893315094039,0.14586003351238,0.0933905844760739,0.0885567611830351,-0.0572119955560983,0.022257213429267,0.243684475320254,0.172250542764706,0.146611088343071,0.0699632730754497,0.254744885683156,0.113664242690748,0.0820988729233417,0.082010092473245,0.158515698005695,0.0160912963240498,0.232912997371672,0.114835870001728,0.205906135583166,0.155523526558278,0.327322566180051,0.08183636195437,0.120656844494708,0.147330254553148,0.00893902799836913,0.139068677777394,0.0976655130762239,-0.0246776139984757,0.1056169993057,0.17388722272851,0.135315408207988,0.0490448925226087,0.103079619196029,0.0150390716409736,0.108108392842054,0.155899012492137,0.115777536040594,0.15750054360034,0.110831650225433,0.146682360139201,0.189508821437427,0.19168729439964,0.111031566027253,-0.00881091355597205,0.0560560167507109,-0.0651383873360415,0.116104843715933
1500,0.136821092400341,0.21901248588991,0.15908411924141,0.163502882696511,0.123931509661803,0.241962877774191,0.0879747015512173,0.327285632397881,0.15031631950059,0.11307657372587,-0.0124905179300908,0.0784855586190476,0.23111809256772,0.048108875259585,-0.00629795208997283,0.20335781878951,0.228804069382838,0.0315399278289018,0.159038746927161,0.109289850716486,0.152734410405477,0.174825746398962,0.19293609995414,0.153641975229749,0.00549263510880374,0.262001871888867,0.241803796476403,0.04524055359675,0.07907293922412,0.289365597448328,0.106956888995783,0.0892378114977884,0.195264317023314,0.190541574660074,0.171082224440079,0.15357160688632,0.277901629105807,0.130940112985598,0.160141458380206,0.0812583470659031,0.0531219525630245,0.129699920363412,0.10871757495198,0.16236558862144,0.162782178534192,0.197684231919468,0.0899854737226185,0.10372645182414,0.0958826094186483,0.147588763252852,0.122891792877226,0.0487302656369834,0.0598391232835429,0.130465497109331,0.161609485381206,0.0794899571698305,0.0947814594608294,-0.0228129336968968,0.0645165736466566,0.198779100813184,0.123798964042265,0.172439588219472,0.084943856614026,0.308040693042895,0.145020975469365,0.0700459336985655,0.121429427882448,0.189268444435101,0.0759585179471622,0.189428968435519,0.145886358610186,0.179874779877313,0.151536903822242,0.270623327778212,0.122620559117085,0.170618014228668,0.058749425680984,0.0612306515608872,0.0976332759554974,0.0938164912074859,-0.00135562858697447,0.131343311770263,0.162207704996106,0.126887440450224,0.0708321935519844,0.117296909910578,0.0581603698739123,0.146295794092712,0.160521016630481,0.131531078285361,0.143445982508301,0.160299347443169,0.100766074476672,0.246692156150437,0.220676696699562,0.0959662460772373,-0.0567503087809133,0.0649563870632445,-0.0557880421802763,0.0922501218597277
1600,0.11908120067376,0.16052573106698,0.124655668056412,0.164567639507268,0.190817554904951,0.23720105966978,0.177242780392627,0.288340187176813,0.132018360976291,0.145075302986853,-0.0114095288409251,0.126119930589164,0.248702149659742,0.0717490599457754,0.0327633949228507,0.193337240749016,0.191973296367443,0.000163602294582926,0.229260073885996,0.133242262032143,0.132694823729012,0.0959622029754417,0.165792409764022,0.221069859693197,0.00902190500811148,0.241953356638287,0.203911775919391,0.16341132342794,0.0649928107537999,0.249092970912642,0.095950205767468,0.150925066189137,0.302696911133473,0.188050007589301,0.0936342768326588,0.140048360090667,0.211939865264268,0.167345763347094,0.181627396132277,0.0839745296918546,-0.012535708757971,0.173133515235315,0.0522933569715571,0.175847018087732,0.152935864250092,0.126566448952601,0.15515051507946,0.0411566766280596,0.0698183177491264,0.102877819444352,0.0889331716251944,0.0314727759799576,0.100353765516444,0.117310526865819,0.25102410810953,0.101694092585565,0.121779450572449,0.00584255561779545,0.0732302879893523,0.14846821017893,0.166674660734329,0.220855026508659,0.159670405000492,0.369497800474173,0.147298800270325,0.00250517187679758,0.171590783429667,0.194489430089287,0.124047778995076,0.181889373284772,0.1237685757121,0.183850711327852,0.205546729688718,0.266104082027147,0.155119541450699,0.162799028182766,0.16238053666463,0.109016460566796,0.136131537527472,0.0896600806334664,-0.0426971707362931,0.138252059091885,0.224790364153612,0.0955411797005558,0.0949803314835134,0.123439783492359,0.098068994129067,0.125855212405884,0.138407426700999,0.104658183996089,0.114963727747242,0.126507094105338,0.0618164700838849,0.245764438612317,0.239811412619616,0.0715491807619425,0.0034628254972178,0.0747517594812283,-0.0325681644908981,0.109445980653225
1700,0.0700404477270202,0.205209215139859,0.139199262268831,0.207650355836116,0.154398220377768,0.220255040841831,0.178457027535958,0.230220600140952,0.133041788469044,0.123553820680897,0.0966668297025009,0.0923248112758433,0.218755327041717,0.0770140789203868,0.0399114004745574,0.213567467200168,0.12080898992066,0.0621605994755326,0.216688516023621,0.129976254340334,0.167462277093718,0.0749660037360647,0.127075214816512,0.231825397192099,-0.0977304535519548,0.232952583375488,0.158411193541364,0.211316940237931,0.11946337752499,0.264374880607889,0.0777248205646062,0.166653875535043,0.271169986357889,0.187834787553188,0.0887026659354581,0.178498023811949,0.15733836556412,0.241661354961147,0.154736670883913,0.110718216226268,0.0490368001394696,0.13990370942621,0.0399759632902622,0.208518906461561,0.0886771441173899,0.0735018517055356,0.116273238229732,0.169633902182626,0.0807311224932481,0.0630038440757481,0.0463640211822628,0.110403136016628,0.0385142497044851,0.154247579403979,0.25142695365297,0.109207559370615,0.112205066965408,-0.0247210791782021,0.0428334726485078,0.100772538105787,0.16126810401899,0.205059276290618,0.15341625117354,0.250968279179981,0.151677975861655,0.00154220401279073,0.103058951544216,0.208670130653099,0.131148987393756,0.126594143323335,0.104168134441002,0.20786592300266,0.194818032436774,0.156448495697427,0.153825756418035,0.195810678427133,0.187936996571243,0.149998997620182,0.105046504252761,0.0920449331619165,0.0467834819145252,0.111239121158474,0.279942881679794,0.115008294017387,0.107255935333157,0.0856990723496621,0.140396309002601,0.155183222936952,0.113886403302531,0.11737701884154,0.0646377451200041,0.153380233903991,0.111148490256638,0.290223666588452,0.169759533156593,0.110725732885436,-0.0202807360623544,0.131764373362258,-0.0101340003493075,0.116916514843457
1800,0.0854115904691113,0.267895532509732,0.111345827187614,0.287139856731366,0.262942432778592,0.233775841205432,0.157568380860601,0.248699715578137,0.220010761182092,0.196322978646376,0.15459427033003,0.137218052815243,0.239681430569262,0.166127583248911,0.104157138159556,0.263584192446656,0.220623411614592,0.098808991529328,0.320252864603218,0.155491938176605,0.188963862153082,0.106263879915587,0.190967093068985,0.234186695969158,-0.00316367474655546,0.281596560079539,0.150410021551794,0.287536099772279,0.0906493604538452,0.288022930816172,0.134840889175661,0.194715592888888,0.204819431228605,0.147121937097957,0.213815941579858,0.198993586612321,0.187507835687604,0.217293719397046,0.168105701507975,0.12399879379652,0.159521553023701,0.172577746688896,-0.0446669686962734,0.109524622881807,0.152329591387694,0.10709458370366,0.150753127237301,0.213911734753548,-0.00730323494277732,0.0900640080585881,0.0659256927083235,0.136997547039739,0.0489671599911692,0.110243468503014,0.295407757506632,0.121961217051922,0.088652598994739,0.0956819226256918,0.205973712145195,0.179570700949198,0.210724822254096,0.196662271123052,0.156300959151936,0.163678104236525,0.174082451995811,0.100121646867779,0.150476354872151,0.211199892313272,0.10151472235838,0.207601868541989,0.120804443249932,0.249375230565946,0.152651389386193,0.212509667572969,0.148969069192697,0.261079268516696,0.179364742410014,0.191229861711175,0.117974912206181,0.183559925095535,0.0434477133918599,0.183775731210351,0.312440359154816,0.207315010091783,0.176053366944639,0.161976809224956,0.250333142597046,0.104008326942398,0.157910770121736,0.167436930435877,0.0539732068293403,0.17515157271871,0.260535961298085,0.355924232423906,0.188835228743627,0.208050291053401,0.0878297055230526,0.188040321893107,-0.0189061726558332,0.152568527468671
1900,0.142172446172878,0.198898293733252,0.17648356671274,0.263065061304745,0.225310175386742,0.208886978520268,0.205847766736716,0.172992373676107,0.278107581351166,0.175700403503341,0.176141548879563,0.130055934121577,0.255818464263823,0.142026019377477,0.0884777402122766,0.233096453401111,0.215209676624055,0.156701480424307,0.326759266886022,0.249626987540298,0.184012214099261,0.116178724464195,0.199302481622583,0.262917957337738,0.0199781986456064,0.268416960942659,0.196386715300056,0.210763660228816,0.153017178697878,0.311118471056939,0.161117518224355,0.234506093875036,0.171580137510678,0.210441614553566,0.195006355814566,0.260946976664568,0.235560838598007,0.299261717541382,0.220123469720997,0.176405454201289,0.265134889450772,0.194287147250492,0.0245799000727122,0.16502321952234,0.207619755729938,0.111457902545272,0.163543755126666,0.199782425651391,0.175040569510278,0.103951512980988,0.176562643228645,0.222269640273852,0.081307309843574,0.269764017604818,0.309774870409229,0.159907438113716,0.101537917912532,0.106854634151306,0.253671368921526,0.175359071721515,0.276203008383707,0.203165326084628,0.156457525010502,0.192749643806416,0.167021171481345,0.0901771859540117,0.122523113269311,0.239007830908827,0.111419019477799,0.295520671718349,0.130420817626057,0.290507194238018,0.174259679586463,0.258563596181346,0.138567169758471,0.241488963256163,0.127960310065636,0.208180138468035,0.118246804861479,0.202499561592034,0.13012550012588,0.162146133428465,0.341561999683263,0.20381250302485,0.210440782164768,0.136893103444978,0.254995101186452,0.137246034890603,0.191065751595268,0.161801385590693,0.030255590020325,0.182249549234982,0.275410597601191,0.252976055487062,0.183220941850943,0.207298866381771,0.137230967998741,0.199421003994358,0.0156580618118809,0.170186555104118
2000,0.223089364155811,0.160964407341941,0.12565252335604,0.270214471233522,0.206921402119366,0.267176125427095,0.244302610546945,0.219320350111783,0.287735774541984,0.151214993343501,0.211265152531,0.26279599843221,0.278570203663337,0.0955136082970356,0.120661490934535,0.251974461423379,0.132440592717695,0.19907861936285,0.291597410700479,0.287517457746478,0.209871565266746,0.204260910035386,0.303781383432532,0.300594862877574,0.0449273735114694,0.291394269315204,0.243221469515931,0.2345814961451,0.167704241323838,0.197031979336696,0.195544219698172,0.264540207458706,0.123376999379521,0.249327632688313,0.179270459249641,0.237202552028853,0.183316578075115,0.270772166421616,0.188716960379234,0.141807003487443,0.289353579056832,0.260118211397715,0.151017998090838,0.149119537260323,0.207867548609027,0.12898099892738,0.200444804197523,0.186737835954428,0.115731874930007,0.10726396150955,0.265475746982597,0.206733804554445,0.123692126111788,0.163142710100531,0.165692455904354,0.186190096290293,0.142907050520553,0.0590933161956239,0.266369810177689,0.121011677514703,0.277515733307227,0.244246802899099,0.201602590554697,0.192303703718866,0.139200475707499,0.158574210042541,0.137552842791736,0.268449381999342,0.132346946682417,0.209579145859579,0.155370386648424,0.206436954992694,0.08771072869273,0.298089933698755,0.159072634004425,0.123066901463493,0.145747891320197,0.155405302998152,0.131176537727633,0.200738283156262,0.143969212625924,0.118859576327647,0.316947482255024,0.194597980088419,0.165089370070604,0.153784494891574,0.275226258635169,0.149239417053999,0.172350429609634,0.103153834235013,-0.0244502176984684,0.1548379213559,0.285538686543776,0.209642949880438,0.212176279767647,0.192555329470609,0.191640785845294,0.179709545957318,0.0962585143857674,0.203162935057339
2100,0.355427484305201,0.209863846336197,0.193679147221881,0.241795062860985,0.169421753726732,0.261377170708145,0.214592024814925,0.149577970218539,0.325332665862672,0.152883505778892,0.168315251920675,0.252779939875561,0.33061886217987,0.143986101047618,0.154316828697512,0.152943076018715,0.224146634834264,0.23959864187829,0.183792463184404,0.254353668698789,0.268985843670667,0.160648370044553,0.279349275959526,0.231004157502509,0.143372263470053,0.276678995125018,0.221678755514989,0.194182026692152,0.244068703625454,0.218105793298316,0.153701000260986,0.258550025950303,0.239488044464015,0.319420251011443,0.201312901270463,0.222055414701795,0.136560785559082,0.250774482266566,0.198375670976378,0.107878358054665,0.276619774666673,0.270200712729987,0.111012455678601,0.0948317724471918,0.158581585537333,0.159727321310267,0.244777545027034,0.131944269805849,0.0890129367991354,0.0791246582736327,0.210207412229415,0.162564669837855,0.214835062656785,0.113328441971675,0.221063999089853,0.18562670606254,0.232108158969946,0.0833212476073695,0.188806896843226,0.142521719597932,0.279980622097904,0.287412000628103,0.180766450549515,0.103499072754353,0.154818675800797,0.231346290654768,0.159379076324668,0.222535775828852,0.12778910253285,0.180756521037369,0.116805922159838,0.179683617633343,0.0309151540708002,0.182907825300234,0.132243009276629,0.205566351650342,0.225375900655598,0.139672138766479,0.147641180374597,0.223172630109017,0.0921753092635452,0.0962264586899744,0.336205731416725,0.228770885635145,0.125229121826019,0.187876598079897,0.216731510268998,0.173135333334973,0.181919325817734,0.0827085374126063,0.000922397108825274,0.155076084094061,0.258142180942739,0.205035038942036,0.180709350213491,0.181634595275025,0.252077460273536,0.153201027503917,0.109818332985901,0.197778029791989
2200,0.31674157387317,0.271277385578687,0.250036294190779,0.241029404315363,0.230670678649485,0.157363158597575,0.209665160979619,0.208587018285849,0.278864369104441,0.184319424980158,0.136080570170117,0.25354435155917,0.296607423377572,0.193493935185643,0.208598075887612,0.180539638638525,0.257620883246281,0.190897911683832,0.0816405963165749,0.243794485976519,0.239381247029251,0.174082246479542,0.297318921295962,0.267955093528649,0.126604458339581,0.225545968018519,0.148772485504745,0.182441736368869,0.265223720481797,0.23745113685494,0.180443000212851,0.275536517131243,0.257608570153304,0.265751726890527,0.205822896769016,0.236741611980494,0.226943486760706,0.245611431363148,0.158807446048573,0.10610736335645,0.291829552590428,0.268603000678325,0.285532545354066,0.125028215554513,0.109039076665299,0.176976496881555,0.220385999710476,0.100271039804642,0.067490506708951,0.125029294140162,0.26439512220376,0.181103964670005,0.210021607146834,0.198127510020541,0.277021323479797,0.1702562260864,0.2183331250946,0.155360546349131,0.172054054791873,0.211581950011167,0.238325026935847,0.220061843855939,0.125683997973151,0.199343990278069,0.189463138173886,0.17730771160235,0.259003999055232,0.308777501738282,0.152125380620949,0.180954100670317,0.153972674239994,0.177628970747058,0.184851953221888,0.175573986732678,0.185547592861937,0.186258477898283,0.267357842156587,0.112866189885304,0.166085193469951,0.184172673153491,0.0525422836604861,0.180685040555745,0.312604759799292,0.216688102833594,0.00607914108340182,0.275350196837109,0.233286158038968,0.181702726077896,0.191293308170777,0.108141058755417,0.0416586512361638,0.202352741624101,0.27083690317475,0.156526532701326,0.179521676890323,0.204773785318949,0.39880233120214,0.134647214120985,0.194052749663148,0.264507889998321
2300,0.314339196930005,0.251695483259488,0.282838246797581,0.265512204335474,0.270884247249802,0.123832403843504,0.209961494858685,0.0738402933380596,0.264537363080948,0.205088482076545,0.151819398171139,0.205823868438857,0.335352208320495,0.192212108536103,0.1617647633091,0.307726702037047,0.247314990783926,0.181519771019273,0.0902836800696786,0.249203444317414,0.188321620039743,0.186345139113336,0.243429933921973,0.141487310851819,0.202572338343151,0.253293223520485,0.253808301351926,0.231177856034148,0.245652414708973,0.26676441324677,0.167278638838598,0.250172906479863,0.234506864981515,0.235549116623044,0.186688247354868,0.296706615625618,0.30846013804176,0.214381503821407,0.189675804905195,0.123900590528753,0.322782718459233,0.200374861371871,0.366091569677251,0.14633569866286,0.0730746236946365,0.139662025622103,0.206669599576458,0.168937792832567,0.116926755768332,0.0373480279929529,0.2518907918815,0.183846133012462,0.0936817799358987,0.247890844148808,0.265952195841171,0.16755085902481,0.183661232327568,0.196730034359123,0.207588845887226,0.283074303163994,0.264319435385664,0.22733534830894,0.125853796893215,0.195442871241438,0.236915011537911,0.190661944194255,0.210478471061298,0.311181395372148,0.175750471889579,0.186169815139657,0.169815851913665,0.119480417681354,0.153065841563286,0.248074945725335,0.156994250560901,0.060078836421177,0.244588580505474,0.103915969233049,0.224336262901736,0.19358275839897,0.191967681005655,0.233191071091204,0.284226526229759,0.261480345732276,0.01729946713809,0.282648414892223,0.271741884543538,0.201585641265505,0.138619103261262,0.101522840523992,0.14462821133359,0.22553939882559,0.2363975612304,0.21047336763836,0.135679089424535,0.171119589627615,0.554740351543826,0.0983151094057842,0.144156186461135,0.281276848718514
2400,0.389603670742007,0.261232574899362,0.262880372998805,0.239732719404831,0.298965535591381,0.146246672882201,0.337068163233909,0.178863520094615,0.231897422688659,0.238132924804172,0.177498525981925,0.206771284768858,0.350940759328468,0.140683909855819,0.164723763674625,0.333109317806646,0.258297519805228,0.225621229552867,0.134462134221521,0.21977265487406,0.124509848659468,0.154784469547579,0.20170414549745,0.0837921375832638,0.131714625771746,0.250222565090708,0.216343694750254,0.210677101661546,0.235083672647394,0.228499951735029,0.168051712714771,0.275710089465872,0.271832069621827,0.223896977918478,0.195014951903334,0.262299668385132,0.19769714035549,0.19686889122185,0.176776880928219,0.133361522530711,0.350325644040621,0.186599177486461,0.288854710584154,0.171886214677806,0.0550834423815889,0.135063096521031,0.16780346954969,0.204010396314235,0.168722276516002,0.135796650025108,0.296959685376011,0.151166649903872,0.0229461734251411,0.243095947899313,0.311403180248065,0.154995807006988,0.233479096706251,0.185000971934044,0.229766742903526,0.262112126296097,0.267548042898817,0.190576215758611,0.194001659801448,0.218322675304077,0.221269767730969,0.188153235620704,0.18574922822023,0.384687573829666,0.0922529197624998,0.285725185689021,0.153515649024606,0.124629234016861,0.156457638067027,0.219700548793691,0.156662011076896,0.0836672013979028,0.203008210548079,0.150485759569608,0.376795345273642,0.265071359334623,0.181160644776576,0.258183910876776,0.268726193886034,0.319670669714627,-0.0271162640104285,0.310520596521792,0.301044747176474,0.265235752545394,0.122402097394785,0.111476029319919,0.134594447976571,0.187073128401308,0.250752032791333,0.150891819722752,0.182497371358169,0.188259757415678,0.429049073101342,0.170274815278554,0.110792584818145,0.307280731770266
2500,0.426184786052636,0.256011881567833,0.296166448157425,0.223536878944375,0.327772767583236,0.160404715606458,0.321781029833116,0.226530585755604,0.202388494700335,0.270172183413416,0.154052932067167,0.274586218044614,0.342725423926502,0.1989726110084,0.22577762788847,0.396450703144858,0.276059182547426,0.239152563112399,0.2253802725415,0.21580251465807,0.152415952307085,0.20209646676932,0.225097541524637,0.144857627774831,0.119629397205921,0.238875432122771,0.255911290748712,0.310595390239477,0.252605711768509,0.274269968755584,0.189164218782372,0.271614305156563,0.279824477559546,0.224025982147613,0.172052236732408,0.277612627175065,0.171385841721807,0.173243307599308,0.228745537711859,0.147402313322595,0.34080698008566,0.212172781350607,0.227122106481062,0.16449295955709,0.178369655546916,0.17962774361432,0.183323492217079,0.216914797826604,0.139948552536548,0.181129813832732,0.31916905894835,0.132407159106066,0.144098374218981,0.240439766386829,0.30479167911162,0.104500707860028,0.227293957683506,0.223728168980194,0.181601950541063,0.260431374579453,0.237755491835666,0.2386515461159,0.190925649651523,0.245912188955506,0.248334129910309,0.277399316201732,0.229360491454855,0.353911643270696,0.10393665156546,0.351531350836661,0.147653153616674,0.189490046079156,0.201095211697412,0.148481908089767,0.199634190194741,0.089421622607741,0.185686494672431,0.211928400069317,0.355151148441997,0.244408992817339,0.270258304754572,0.290984656094414,0.270142776226642,0.253107626887461,0.00664883959194909,0.338801681624515,0.337679530246997,0.268500068899874,0.199224614115463,0.133759190282701,0.174232262183772,0.215345356404443,0.217006582878627,0.18666187409123,0.168350635827726,0.180272261744704,0.393703097259511,0.17617067481492,0.228739902099174,0.284644271442817
2600,0.434226121241513,0.2930772245608,0.307317890309941,0.235834027832047,0.342736049363609,0.300266178360111,0.353698173606925,0.261506249975383,0.239577480441559,0.241033048344998,0.106916455997141,0.250672835277553,0.232772232613713,0.152952997965528,0.24073648235291,0.314538707534527,0.296844198755831,0.335958389622839,0.247823538388085,0.242681964033894,0.262242951159035,0.188375740676846,0.183274563116883,0.189048713609434,0.262843881407265,0.282224797870114,0.222076582821281,0.300112248916982,0.307437605356773,0.309447305679673,0.22667636921331,0.22063525582356,0.239604309906511,0.272607599738744,0.12385204945893,0.251136957667151,0.138279182021957,0.199807546018355,0.202915130410974,0.132908742911836,0.326726489115425,0.19479453766292,0.280341525990138,0.204043312364745,0.129083785869784,0.227665464129722,0.175457074740591,0.24127000297003,0.105642703551293,0.192592716663616,0.298235419959113,0.149340680359936,0.0993819114444681,0.274623292476956,0.295206782757825,0.112014947803037,0.271091157067247,0.130385893275525,0.214306026318054,0.246052455622995,0.237510901228336,0.220908985389676,0.227607882985426,0.27229791178387,0.275198060469128,0.33370381153901,0.258217968949799,0.304709036239206,0.220953300516194,0.427905867292055,0.188264220681605,0.125697623198118,0.219094205110907,0.133185575726623,0.242171852599069,0.111150016672633,0.223077674915343,0.234412190784841,0.368636251560718,0.244880062632728,0.268255183194039,0.308058145421591,0.268335675295142,0.229658532017161,0.0197208731542601,0.302434813478921,0.300081050413113,0.284241510496138,0.190718784929146,0.100316733940316,0.0939267716016096,0.169413486031546,0.184619877256258,0.195927219080765,0.206465169128597,0.211647832339041,0.357127846753846,0.196843479841733,0.2278145995267,0.272788807965847
2700,0.34828716135393,0.386383157682865,0.300066703892446,0.190093537071871,0.370363169073035,0.283237725976009,0.346229210501242,0.222232730038736,0.234703443963663,0.223153152541351,0.13155126272289,0.20743616797863,0.267182303630405,0.190021482737859,0.231334078773719,0.220420536010186,0.298015654892394,0.342365296349035,0.170374514229995,0.233407914086753,0.212429822640798,0.146705546942932,0.224471547136008,0.3231785171338,0.314513228145583,0.237905991987856,0.145783525271579,0.343229580227537,0.24225260273301,0.293496041366184,0.226332508439242,0.205320191503929,0.258364699556824,0.260830948105161,0.188721895769549,0.270774459676891,0.213770722537099,0.214992106248249,0.171195332528157,0.137716566178754,0.236252662278798,0.228065528914952,0.366739254628171,0.196703297200476,0.166276298779642,0.21338282355101,0.217812983739765,0.252498913568951,0.0365136375488352,0.275059938684931,0.229716399596885,0.119807082061802,0.0914333600163492,0.328430228957613,0.277846586470667,0.149901337393161,0.290307797890886,0.191031154024486,0.29709228023238,0.258760368458197,0.197328254476705,0.199645253776304,0.238130475845997,0.282286045288783,0.225428187367291,0.303758183050141,0.236286217451695,0.350077159246907,0.30038218396711,0.358732415689381,0.207081106017119,0.160312733572321,0.337106340760785,0.146103197615317,0.211060030582652,0.0885474854177994,0.228765638092721,0.233309980403107,0.345277627875549,0.321950990673484,0.252849585451931,0.316250349938192,0.266593634070103,0.206745875203009,0.113449121353006,0.27012777802017,0.307710166944408,0.303658816996297,0.165574882898255,0.142292096461639,0.0852201331585723,0.21916688147897,0.162271066279894,0.247139303643007,0.259037323716596,0.193865120981433,0.330057814826485,0.191556385986944,0.294951934517672,0.28570143020397
2800,0.202474980268942,0.495852355844362,0.313204584021221,0.152703390789882,0.281153978576917,0.221703134182231,0.287361656002216,0.166098498106337,0.275066575434929,0.251166578718534,0.188707360379995,0.199870196936065,0.238551909544701,0.144322214394138,0.170225090813189,0.206117169350975,0.39305734917377,0.336188124147093,0.209575050234843,0.23111504057102,0.194027487886298,0.121359287484024,0.209633580464177,0.30579298881543,0.226351082957458,0.161157133436503,0.189970951860692,0.364643297768098,0.282457942426042,0.251933946958354,0.19074528126531,0.193168356223429,0.276656258248024,0.311859051884428,0.23372218531407,0.275928389975869,0.233704255919144,0.222013879249379,0.214565002731284,0.14701067732284,0.174879927522308,0.273949589736904,0.37886020941679,0.216699977889729,0.247247342256106,0.191149118743904,0.218970903938146,0.292174496420323,0.158371161288099,0.321669116238818,0.232145679146429,0.199396029035743,0.189118598237431,0.230501633929475,0.268637062693857,0.129446029087236,0.262721812459313,0.208832653933044,0.336259610711928,0.275886168805297,0.208332136510939,0.185798744991494,0.245198912690407,0.256215599272339,0.285913503233107,0.320924885100477,0.236623463582155,0.332692296668457,0.280767678889952,0.317496491824154,0.209656587989696,0.184272013486962,0.306370065948093,0.230769702147646,0.252686036753828,0.0903832385198959,0.318999501126045,0.300853824012027,0.279565466732415,0.273925338061367,0.241713622026635,0.322526379369093,0.223300274852579,0.251202004675019,0.0926832243308414,0.268900532760094,0.307108916836552,0.248866469741301,0.209037088684595,0.119569207195745,0.108747062385228,0.258050131973101,0.244627359789221,0.253174922056957,0.25414565085516,0.178949426114522,0.386199276319616,0.205222386936939,0.275740198926672,0.312112852438092
2900,0.195454788922727,0.478392777117573,0.370515936840955,0.135745514443596,0.307710764876689,0.222058328030438,0.300912031474213,0.220857012113676,0.271653222052509,0.250486835160217,0.270111865477723,0.226333144782345,0.31050982595396,0.130967704335128,0.178639070855392,0.267499533176453,0.418732141585777,0.32444323035468,0.204837226621823,0.22634165335735,0.22455963384985,0.197018328063305,0.25898342172316,0.245215898209897,0.303990591197795,0.156730263068438,0.245495929824388,0.296215544202613,0.362565239553563,0.329237102123177,0.165231586184146,0.311600279665127,0.366092279197055,0.310122452767404,0.298978852525458,0.217373801305084,0.290617839914265,0.265991539545402,0.246514743267503,0.196805525216625,0.236831506495883,0.285608432064595,0.355859983360144,0.236961239708321,0.307790067693922,0.219907445559022,0.215805639605909,0.334096132503332,0.21532391717632,0.286110475652735,0.285795544957031,0.272615932177513,0.271917845378099,0.235612428467179,0.266527534778864,0.0298028781050043,0.256687901220922,0.225105565800402,0.433509653835642,0.410445108429609,0.199833818484332,0.195450061155636,0.225006883955722,0.162910472945598,0.343902846796415,0.358344345810474,0.211397897991535,0.301411111833682,0.292876221322889,0.377008069810534,0.213054432965192,0.191486421448582,0.268037102082939,0.253193881126791,0.289735036891508,0.117719864530996,0.289317569753992,0.308790817898118,0.270403644818015,0.339062776425102,0.21954668188197,0.303734973969117,0.184610975156022,0.307580142563761,0.167002449771331,0.35566236172427,0.340907117812834,0.273800961449517,0.17318610405673,0.137467843995666,0.0960900518864019,0.2985366047943,0.311407350214827,0.256340064743779,0.285330539259133,0.221424158193308,0.393542622251811,0.216880280237619,0.263898276409323,0.283702923908973
3000,0.206930857994593,0.35946011290028,0.346904942204968,0.167926666942455,0.329919040680902,0.286918252717107,0.309630125197184,0.291590740859769,0.262023954328756,0.251667353563411,0.380729634914754,0.202958922371871,0.39805308148415,0.169747224470405,0.194075569122242,0.327199003626091,0.310607649994964,0.337441492095866,0.190497478779088,0.310049383224122,0.234798230332295,0.281056225839883,0.216422578308021,0.333804673769938,0.324738123090708,0.208771008212278,0.227955366103303,0.313250206777492,0.326049694724555,0.327112303076912,0.232377435313259,0.34582205416111,0.421207568490916,0.298346564380419,0.339542937921819,0.227027675400261,0.308082334505727,0.27982720927653,0.238653323960703,0.264595510436933,0.269942055080683,0.282095376025741,0.417417472209431,0.33640847809317,0.327673004100324,0.278674517904165,0.203652306510273,0.388146222216734,0.27019884061251,0.32194174832003,0.279478491534608,0.328618676507159,0.256434575920137,0.224356343826927,0.289349752074237,0.0732659081078178,0.31884273950181,0.180486679737135,0.372763336271525,0.35032402748691,0.285602629078182,0.240243164552001,0.229698436032238,0.183270090103688,0.260703289986368,0.43630923065811,0.180078273894245,0.303423578893102,0.315227034088242,0.361090424788087,0.200425595613661,0.210267559325561,0.208172833426002,0.352140781940374,0.249606172210219,0.148999846212905,0.20911448746423,0.250500696963321,0.254741340379819,0.362810624598677,0.24116845673866,0.289573926606575,0.246430278214727,0.354634783147718,0.228932156874993,0.405151224808725,0.419415799283901,0.319062889796397,0.201695072333904,0.17128810889085,0.137509483399744,0.234324502063815,0.328183531446577,0.281192622515027,0.298548939307903,0.269541094020028,0.429657923931922,0.268223749704303,0.208453015849049,0.34371679568756
3100,0.271957581142022,0.384281239001562,0.382477870592765,0.22794150183253,0.370771216072062,0.276947043650343,0.340101416568049,0.304316702952143,0.274732993103429,0.221609207901304,0.402574165187325,0.214558169625526,0.338774121375057,0.268727402655506,0.183180354489071,0.3044049627126,0.287479326954164,0.310879042425338,0.214710123170591,0.292603515399761,0.284685156493644,0.225759695143573,0.232021107169644,0.271329509817834,0.336929880634374,0.264962443706165,0.238540205729835,0.311157963134745,0.290380391394496,0.375965675857293,0.287436208592863,0.369844709482022,0.380644250309736,0.317683367433563,0.288183536518702,0.280145712496606,0.292746021909061,0.295413012090922,0.279535625445693,0.257561408857316,0.244845101866588,0.275970793750355,0.436442118472531,0.381437045856771,0.26701569535757,0.342312736184562,0.206058258859909,0.294177833875366,0.308601092312605,0.305303376623019,0.314099061523203,0.37353259295186,0.180527290022472,0.230147264000961,0.260020113361751,0.211902119377342,0.321176962894164,0.304429530353985,0.343093227483709,0.270826207931457,0.360778863486856,0.293481562672404,0.245346182282579,0.257443290346748,0.217874296160809,0.440402336069848,0.32750668223621,0.354864222020032,0.356003920513381,0.308917712417931,0.195853657019247,0.219458393346672,0.237364577356699,0.352901225553971,0.253654464246842,0.167575289747193,0.135748487785923,0.240742019680467,0.298426697417717,0.28665701652927,0.20563036518138,0.325399342339663,0.257037954286746,0.414701863071911,0.167259828923514,0.384087476202445,0.29594278839502,0.31557246789319,0.239324511919869,0.253290327113898,0.166063187791129,0.298097651479492,0.364312129297597,0.25335567379718,0.322542167678438,0.197555102636348,0.368387869996314,0.242946148162326,0.159915154049086,0.310468354753793
3200,0.363483852330014,0.317188533933855,0.369742312212602,0.202217700628095,0.38260121527853,0.261467844605314,0.387926615183136,0.322944764323741,0.237428126370832,0.271641936627282,0.404182729880152,0.234406050506393,0.380048491566744,0.33033951999728,0.271910744674795,0.308845614986152,0.250383682911716,0.292553031781011,0.318241635829359,0.26605853599515,0.295340374846956,0.255218179576302,0.222389765731905,0.284679831138843,0.307030053588862,0.307695739924184,0.294495376370924,0.386990588190842,0.334853978832284,0.355263456758855,0.300226988257281,0.384898285334641,0.305781749133082,0.290279024426058,0.32274321481508,0.294125164071448,0.273636821645179,0.269857725932842,0.257301951303848,0.282223875899486,0.220205716004324,0.276867900230098,0.485575095383076,0.358595216842893,0.268123912516537,0.388148583025926,0.176982282275908,0.18711493387229,0.185397466960163,0.211212322183236,0.2790946882159,0.305578039267191,0.22170988748964,0.228593006000661,0.326142680426821,0.23338020719713,0.313719410269292,0.288985184368945,0.410450431188473,0.273189829604682,0.357674952860372,0.271283916122603,0.22654185762517,0.270767290315822,0.246424841560206,0.429470686313418,0.302038491677253,0.303348920929995,0.370844265368794,0.247221765295493,0.176920803363515,0.183415910048136,0.286120318203309,0.353492724659438,0.205684905927738,0.191921151888349,0.13791005361009,0.194421056230311,0.232164190022677,0.271987375975064,0.221874441814728,0.318168746716075,0.337649743309305,0.383856567891932,0.197862061081529,0.291365210887352,0.310833870614442,0.293199125155238,0.19676451531948,0.287172195454163,0.12852420256454,0.281285937602396,0.30822603373884,0.270367669207942,0.268735697012446,0.177315062981814,0.344686040369406,0.304125171089346,0.196716091619251,0.30235465876193
3300,0.333640024450581,0.320125235849709,0.346319334071555,0.177067164071485,0.403598979964198,0.27264593368079,0.35051421353229,0.334254048720906,0.28228700875937,0.281767492445766,0.438980727607048,0.216101628975797,0.344957728695271,0.347044487138985,0.268986348546173,0.373094039373585,0.224274202560601,0.198607813024979,0.315767529358309,0.272291611443008,0.304013695417025,0.239957315457438,0.230566658015832,0.355480792369205,0.382485173541855,0.331867347263889,0.260740194094831,0.341376204054703,0.336509427353813,0.342033577892662,0.286049529214683,0.274565496344857,0.287351582861452,0.254665935462794,0.284366588233211,0.241482270873293,0.216978508906548,0.334238755350081,0.343424455650348,0.232365781554025,0.268582948107508,0.31310322366772,0.322772973920216,0.372077859602472,0.243963909779383,0.412327812386183,0.290520284376605,0.161075005206127,0.103808214413818,0.2824678562054,0.245587081496593,0.251026098076879,0.251917616728351,0.271871230972337,0.32021145935784,0.261498641584498,0.342375898732748,0.219739868640055,0.349419725681826,0.297164585704686,0.366722912166541,0.192972360574448,0.273882338195474,0.233325664005469,0.262518384107307,0.338335207483424,0.34945737648126,0.348282604720556,0.398774056773182,0.278967662832992,0.147739145974676,0.168755260509006,0.3175461148564,0.292098411854338,0.195428164119371,0.265341492155328,0.194794907895819,0.213822791236899,0.24109559227902,0.32628426122835,0.262096751426629,0.279054633291777,0.361547717476809,0.463141636925027,0.215072188388914,0.253459376755523,0.395272269321103,0.313193538317415,0.236344751418668,0.276958647846471,0.141811165076938,0.247571025264178,0.292428651395733,0.312559434194053,0.253243869574601,0.22992174071441,0.377252246735695,0.341719496155943,0.223625481112325,0.288855576656798
3400,0.343815387563259,0.222450983394044,0.302889370127597,0.248776303915235,0.367994960270578,0.347465647875364,0.377401839927412,0.264985581115392,0.210874125601525,0.251085302889884,0.388131266784979,0.263279732708622,0.427863255370971,0.249692582246574,0.312234622746549,0.320143886012652,0.212215584866366,0.160219541788247,0.298898311954781,0.232253602160518,0.3437767670375,0.282669199809274,0.122635453843671,0.394239048418403,0.366512197549061,0.339945451974999,0.220485701461991,0.313377072900507,0.36264471275654,0.327703885615363,0.21683615758041,0.282464733954823,0.284938858141967,0.233272108441541,0.306747639469345,0.255187593494634,0.211730934289935,0.357749141490527,0.28996316986496,0.220366532214849,0.306668859500063,0.273465380613451,0.391856554589294,0.354829221007082,0.273340874077762,0.331522575194343,0.246927060753764,0.20986189678941,0.127962329214668,0.276334875018639,0.234143069087035,0.300490170006554,0.235166496390368,0.304044684207694,0.274836997326193,0.218508752769799,0.316825692357308,0.251314905174269,0.353791082476018,0.305768989313273,0.311018881386638,0.159426400189701,0.225024830552126,0.285447175170522,0.266654023311351,0.314585945070878,0.290401459328433,0.320868715200955,0.351923500327595,0.23333398767791,0.1470873376929,0.219476506773871,0.251131886539108,0.287723452244518,0.230054924465001,0.237554112303771,0.277202528250674,0.254784468797517,0.210618354913634,0.345956210323775,0.255938512703029,0.250139523865222,0.397821143535855,0.484551530967287,0.243790655961755,0.273145695566445,0.399077978198133,0.247877790354203,0.249415379477948,0.253579690384263,0.171497961756886,0.25719543353744,0.31494524911389,0.230627359559795,0.231557502536919,0.277459522151427,0.292439446733502,0.308213905301785,0.198794860320665,0.34137534286513
3500,0.407540419297289,0.202490081017602,0.231282285967636,0.258484905664958,0.349082929235778,0.348063749436551,0.310153021534436,0.268810057668999,0.207279988055766,0.302490114859024,0.409596417556916,0.276555398755897,0.429792731783407,0.237382201323285,0.353480771792135,0.25170974498797,0.224864013314219,0.237624247903058,0.28188198558135,0.269413598160936,0.296660993037094,0.272248260364673,0.18047312824785,0.276732191409247,0.279733644954217,0.287951254116669,0.274086641551217,0.296203793057802,0.431235435733238,0.401601186866179,0.226310118197443,0.328126114340265,0.337755425098464,0.251182452804344,0.255960644289494,0.221813222269527,0.181644044722079,0.310274954330586,0.347986381173063,0.24822819419818,0.298709232500225,0.216784434476056,0.349583479174677,0.33628285362327,0.352538707747042,0.311657745402816,0.206627156039082,0.241196623821474,0.153165278044109,0.323736211531862,0.268402533422552,0.295885625261073,0.200925653811158,0.286782888241453,0.296609455223398,0.169346163225913,0.342758407468342,0.231864021700807,0.372942321119631,0.285313832026931,0.31216404715406,0.258266921827047,0.242544935240597,0.356700446154212,0.2521575964196,0.374547585531243,0.252410581672322,0.316944500773808,0.338953025036605,0.213098759694502,0.162088919868838,0.223267092811808,0.155893380211252,0.360099167097177,0.235274748640339,0.237420081614196,0.271632690542515,0.338466068610514,0.218951743497167,0.345040692367413,0.292032108862003,0.210799242140408,0.35722068620077,0.380569102518793,0.25591821897832,0.235017255866692,0.328830488782227,0.260474006991283,0.213486431046509,0.280262119826027,0.200050154446132,0.290536992999421,0.288033408519758,0.240612610810329,0.256966304612216,0.31668225278781,0.331506520536795,0.300126403800687,0.27426488679954,0.301384723044343
3600,0.422237560887456,0.241254919447654,0.251578030151376,0.290459500379135,0.347444073861538,0.423564679254299,0.269683498738481,0.306662502487481,0.264599801034583,0.293316877083616,0.392926305082419,0.214469263584845,0.417027748506817,0.21694726824426,0.393334245517822,0.264201531332159,0.201910045992953,0.289600186258074,0.301186612819975,0.318559601748633,0.350376612808852,0.20883712802519,0.202237708182036,0.305948528076454,0.319782673796132,0.34138505901717,0.257909586107191,0.289206745523883,0.487794898779662,0.405537405068151,0.226937076929219,0.385637999539125,0.280119114851245,0.263147990078804,0.282308844385758,0.22461639811791,0.243572528860897,0.373117133004728,0.326963178499084,0.281355349815369,0.354895139216516,0.221217336851341,0.35776539945271,0.340004755753241,0.410504495477918,0.316035998059599,0.266981283350273,0.323614127533177,0.0842173254897484,0.356016413499615,0.243754177490892,0.263360064330281,0.256355357821905,0.356777887152892,0.315558981080638,0.190461925874556,0.308082699608069,0.225656009993288,0.443913194056695,0.311941524446352,0.251199676494839,0.258583933338994,0.279323604820736,0.404124087409586,0.305574782497673,0.398238874731306,0.293430903251142,0.392000060723372,0.415259285124204,0.228192587658835,0.176372538254417,0.243750886468564,0.214247141821764,0.40799114095601,0.241496275038384,0.329237441118291,0.280127498803169,0.41527678840668,0.168168475126209,0.326428255287077,0.266105582749974,0.233324835295884,0.387194248582619,0.293323019996821,0.29929509237396,0.283026261733074,0.287148280377545,0.318192678755866,0.238773230707241,0.316460153396859,0.311069831785791,0.308279151797613,0.271608965633634,0.247008281927118,0.277797532070934,0.290780689799604,0.337280993320853,0.312822549967124,0.394182894381422,0.307889749118105
3700,0.387350841271242,0.277861256493713,0.212663162273309,0.251026547316111,0.309615069148084,0.480631247458187,0.273474117187405,0.318806794363316,0.268767301364597,0.354135282557382,0.382477367349086,0.185431825312625,0.427609705154113,0.224664889877642,0.322852204342303,0.377460439326651,0.231158792453504,0.259142552510139,0.321039149070244,0.305460406527773,0.404403978593292,0.201748776291589,0.204655941026865,0.328785952790606,0.357893499092927,0.373648737224667,0.235775938547994,0.272719758925488,0.458361125066067,0.378134144758934,0.256582180468728,0.34361950375933,0.344492784265357,0.254576991699075,0.335449996869865,0.182565469047923,0.308382837981979,0.286145901115421,0.332298675120385,0.308322977190032,0.352088361989549,0.214247259317485,0.474337718136434,0.362715736265521,0.388766444587376,0.260300358236055,0.320403654902777,0.448098476994401,0.154069303722428,0.334340156402703,0.344825125381744,0.309528093664225,0.23404029276955,0.318972205171294,0.360911564387214,0.272347359125426,0.271256989211863,0.286451164859367,0.421946458131341,0.319537135197799,0.269605885690931,0.124696005379891,0.288546618973561,0.42351357195735,0.328218627074366,0.414599250464553,0.341071974452742,0.381375209569219,0.425396158971494,0.20571145335699,0.222978660058111,0.241337218062349,0.222762491654551,0.390179513822798,0.263446277382583,0.30864004550398,0.332974720207296,0.333760182169938,0.286343785939485,0.288703980254375,0.2710778701371,0.246910320885935,0.365181451357556,0.214049857058722,0.255641097681424,0.378005394252208,0.34061284148891,0.334722494789782,0.293303303163002,0.380056228237721,0.29554597255521,0.344515266518956,0.290625075663773,0.227810528068757,0.316592132582825,0.277142384623874,0.500823113435294,0.241442322642192,0.315794948688457,0.324531761519281
3800,0.304155491392456,0.304802404838789,0.292756605877194,0.31774186868729,0.290471483717267,0.455856817017926,0.279932850758979,0.331434299026352,0.238190093011694,0.332382233766382,0.423683914264121,0.301933096534323,0.415414899923167,0.280799529664844,0.296333940784985,0.366988421187808,0.292640248005385,0.235004731141646,0.362464710874138,0.230811915222106,0.432362139043474,0.194797667149312,0.202012910425825,0.284055294303224,0.467215534211314,0.416651575892413,0.24236786940542,0.26957304483554,0.376256815424499,0.399880976710205,0.387621572175135,0.370974657720465,0.314604828313188,0.215958093524099,0.39520558378219,0.189256116802379,0.334769322830956,0.298531200553598,0.383037502305933,0.343337741077266,0.343272327425155,0.278664261634096,0.608523999673692,0.359174253283436,0.329607988387667,0.374198088471551,0.342666141054028,0.48435790437844,0.19379042062343,0.348870320645777,0.361423697432348,0.343600883418408,0.209661180813982,0.302523133867103,0.347699262424706,0.317423753519328,0.275594966593434,0.38446022549325,0.422918165844397,0.396897513653285,0.219766057818075,0.135121147118863,0.22917295220264,0.356268250194905,0.393783196688718,0.434869923259617,0.298355214198091,0.360828925821374,0.455974772011372,0.126809549524314,0.229986685416682,0.20294713991083,0.283475965579514,0.303300328963034,0.270535630465865,0.265321276733927,0.363859317108759,0.317486124531581,0.379504121784774,0.273882963234839,0.296346399789643,0.284655323888041,0.311757085178491,0.340107095263986,0.254497233636828,0.352481282589546,0.427148613941534,0.369786427266896,0.307573843531551,0.414143468231132,0.32485451351383,0.334713908895113,0.250691944172982,0.247486016525689,0.320410906419529,0.268594063675564,0.565211606789807,0.258588066072954,0.285509169801581,0.296009390823446
3900,0.245631218546349,0.280400157033781,0.343127137309756,0.39850756670629,0.312341130347007,0.497266853996336,0.311943278402769,0.334486491259203,0.293043260834791,0.383825710458571,0.422526087369917,0.2929442225635,0.463094355284197,0.317463807690938,0.327591032246868,0.292746279382436,0.311613107720846,0.281778382401148,0.324749548933661,0.274363154470329,0.394367656481071,0.173930180368876,0.206085217707937,0.278098150459682,0.4704060449842,0.35815577229892,0.325813152617964,0.18728916766742,0.354501146876633,0.362220478200391,0.458659701849823,0.332291030634185,0.227507033632784,0.256919228520616,0.424237998284795,0.237001256743183,0.325480388501439,0.257634555968862,0.371977661820467,0.277025942047833,0.339411244723374,0.391773580343753,0.652912384920281,0.322503870437368,0.428131368949732,0.451957035993122,0.386651267827581,0.45799666828925,0.222203913953442,0.415411828329612,0.323241076779101,0.372527441257311,0.151500137964648,0.25115272129021,0.417377762265858,0.253816315617928,0.371388869046592,0.361427509376052,0.516140557097087,0.396343350813449,0.247536623842887,0.208870865585411,0.241232353292354,0.346319698275147,0.386574338806512,0.450499264360394,0.285124515432147,0.376603578431652,0.417696859287216,0.183499001981562,0.210401502452074,0.276449430322951,0.371291201059792,0.263341917142166,0.228180161632767,0.278150340428994,0.414439976148602,0.356774625825299,0.35085150402175,0.303445214752345,0.340764179325278,0.312207288814802,0.390649347362376,0.312005163718424,0.27655231306407,0.277149624985255,0.384643033857357,0.327369390056043,0.305094761216479,0.403138334462742,0.325229275348818,0.334564282477813,0.304116891186499,0.241981363348711,0.224705893732434,0.273035410887114,0.528213695544757,0.313491899273647,0.309294492975693,0.315783994902773
4000,0.239908048658214,0.307050290737931,0.353915290317487,0.496860156446998,0.359679876248366,0.516501183625288,0.315496694387172,0.314770719170104,0.316312515749968,0.427274761534754,0.450790368733745,0.229288212926686,0.41384914321422,0.364997896117334,0.491192610044194,0.269245021503729,0.311856148717929,0.345372576417821,0.321441585003698,0.286067883497809,0.40015150451645,0.281986198628509,0.226754591505374,0.438122566919125,0.394340297807889,0.292010801556049,0.364197031543058,0.269727817713647,0.322573056524531,0.308405739815909,0.450280672571493,0.314094775784049,0.197472310697185,0.282558095423415,0.505646128427394,0.271585331643985,0.266220744107985,0.31295011835354,0.360310610159419,0.265072481765151,0.35678092517032,0.38180587645291,0.628231596650193,0.33378087869785,0.43864972041441,0.49216248696878,0.309599062656997,0.45690025273564,0.367076717262842,0.424598002643368,0.276085490396053,0.369505954792377,0.235609806269379,0.270975712049967,0.363173608949462,0.261543027651572,0.396713754654183,0.394961166776195,0.51032138639905,0.39393985526294,0.257077462242111,0.282464445762112,0.310935356167123,0.451435227582917,0.400076604545329,0.514445259993583,0.3264274880921,0.493724095655299,0.450998115429265,0.287031294289236,0.210234324819752,0.325094071948888,0.388065461448003,0.323791306839646,0.260618187082505,0.26882977115142,0.4554299180544,0.348068681120995,0.327001737777134,0.303665995575496,0.306892286609506,0.367425598523126,0.348908998775627,0.326311925875311,0.398051890929222,0.296328767007914,0.306260217851279,0.345261046670417,0.314454398521346,0.361830136864772,0.296291080498807,0.361658867632205,0.361275429862766,0.239874510176946,0.224568465553253,0.274781477792116,0.504643883538506,0.331654180752686,0.357864547898048,0.349279095251047
4100,0.297387484968125,0.286163013208998,0.402370416723616,0.552598970163285,0.385426946216382,0.402819948104645,0.312675285098831,0.376942893731406,0.325716424397334,0.380864219952807,0.435441891384722,0.220380989835781,0.439356204264387,0.387214599320293,0.517355170396461,0.263654183475433,0.420591012785378,0.359770162202544,0.317099178303756,0.289749020641163,0.395569901185574,0.247156004812712,0.208519637253892,0.435333623900136,0.420524550941784,0.349110543712089,0.319084841079547,0.322904392001262,0.330631620750044,0.271470187848153,0.419918136541937,0.357735003975945,0.260490823976232,0.323889801011907,0.479491300558238,0.263537422830838,0.292262275839523,0.302518963010239,0.375095923471718,0.235606166398641,0.353927111012273,0.391552921751429,0.52365157663816,0.36417998622493,0.357980839858401,0.444285485969319,0.326918014225205,0.414526148743274,0.538501497639842,0.387835063282535,0.303882053623853,0.390935138804532,0.342982582719776,0.339830355586069,0.368830677382327,0.390733612713969,0.372363866813081,0.401015545767035,0.509870222844238,0.33738144654385,0.261173020466214,0.325703825051508,0.315719969989454,0.339210449358012,0.409720482995933,0.487611582886432,0.347617888203616,0.525177732167562,0.466022897730743,0.364963800218447,0.239862758312052,0.377330942071584,0.370331255529835,0.333160704148007,0.320249642355983,0.251192314686869,0.413434993318253,0.297196544719523,0.38407435815657,0.385223755446479,0.395283138582851,0.298451412589182,0.327169830874213,0.403575653575097,0.459802075474477,0.358026721651403,0.31340639946631,0.348940390136697,0.347616685640591,0.288930915513757,0.370594965581509,0.361616524909549,0.375616704636748,0.387698355891758,0.240195679714856,0.303008849534572,0.421557207642456,0.366010525525797,0.348240318541215,0.326740387939274
4200,0.419400002468839,0.271291551779172,0.465095080610339,0.437125463504215,0.331199694042866,0.37306411547946,0.324295719038933,0.32465034443386,0.263265047809282,0.278864196224218,0.440016521512245,0.281573991750026,0.446374358385229,0.41955542143725,0.437989309021853,0.312600410995366,0.359465821271051,0.414474723222957,0.318812841210793,0.354595936360242,0.429122218361572,0.210930936099072,0.220095079314016,0.535869461842918,0.497943033131873,0.383974970882001,0.233423021238658,0.353792616610605,0.267563981337853,0.310408406207415,0.324475936756814,0.336058565922081,0.287984046729591,0.318030877414513,0.474763896488148,0.288271845990867,0.263010373647387,0.30356433237652,0.355927848198417,0.251030407423192,0.339984082028216,0.423672834436909,0.524516992534751,0.39017502442994,0.35787793719265,0.440154150022446,0.34962463162026,0.413781596575587,0.440573933002559,0.434548229855431,0.324156623171107,0.382203231571496,0.403340666563267,0.367833120312971,0.346290138995248,0.371104111201204,0.480026208210785,0.398451444275187,0.518319408862573,0.359303310319167,0.336887106377438,0.296239898068714,0.377104904268934,0.277444925045058,0.528195066933532,0.471430745052057,0.341447864641537,0.470593347526376,0.415416577654717,0.347419703828592,0.256375132648193,0.415479573360358,0.383458021372567,0.322911330423306,0.313351099807522,0.27222277092543,0.401728496449906,0.288104080656438,0.39488621342548,0.386962802304238,0.434474134317348,0.354334391125129,0.323315405678346,0.346745846504288,0.365919660738033,0.340669714685657,0.305444043820389,0.336521710160693,0.339737857391933,0.358782512802477,0.438017773530383,0.356672428272378,0.33476781998832,0.387979192953321,0.310033327677791,0.311409155800791,0.402997335710043,0.307403827141206,0.385300200537879,0.292543764782791
4300,0.415051161384837,0.377779614662253,0.488791212939394,0.476299843587261,0.295097428812738,0.416516647214594,0.357368133950745,0.318676922321194,0.252847740666801,0.273526648881404,0.354819095631444,0.346532677460891,0.428153620963707,0.471167580030637,0.38112142301831,0.31930556648217,0.36043721264544,0.41865131865514,0.345679809673741,0.308331428351892,0.425171875383132,0.23633302660975,0.266267909249336,0.508284239237458,0.516411282052087,0.443625438595186,0.243857306340496,0.525836875734729,0.304585739618329,0.331583207512225,0.323717825214809,0.360120546507912,0.32169163800623,0.301411279066795,0.538763205814802,0.256028655749711,0.345357213181042,0.372050400556718,0.39977263399997,0.293823174965795,0.33328126657058,0.377421187840166,0.464201860150694,0.346373082043229,0.447776120055446,0.449936779106031,0.321272127155625,0.448444706237511,0.282083954897204,0.44868941680387,0.365594568503468,0.386335700767524,0.431170298108228,0.404278644409498,0.394063175205088,0.39329001914343,0.440029153156745,0.423245543656619,0.586073339158758,0.42977680122243,0.380554401706834,0.259828138252579,0.362592706207255,0.361074048618103,0.550428382321443,0.484844113194096,0.288240433580981,0.452043382125306,0.399780816488551,0.433035922531253,0.273855104791128,0.353569873648639,0.370584378963056,0.374976571120748,0.317456258724114,0.318222292242869,0.491744971527532,0.290621749059822,0.42109514099104,0.390258156821877,0.55772878751006,0.358668230153908,0.296306527439641,0.368761417746453,0.338815442363403,0.356893007048199,0.384342963361041,0.32252802734851,0.351161224770189,0.438364248242241,0.436876801710265,0.354363814444847,0.334578675320046,0.354334982570454,0.401377703129065,0.371043906979647,0.456831011832335,0.337772333146149,0.441811409950647,0.281567958015218
4400,0.461455712302715,0.518681780144656,0.474349134283414,0.494834007760953,0.285675198204122,0.470633604425372,0.417363634115999,0.366146866495703,0.256453161721941,0.320185542483021,0.354904128180391,0.339034243654005,0.460149218559576,0.432368684840074,0.393870975539543,0.317186643535133,0.343842355495161,0.484894924282793,0.37980204211773,0.3260211511868,0.397517481248271,0.321682932682561,0.341209207273177,0.439104862133435,0.519884308007239,0.392008913195947,0.320149907806811,0.529505258680923,0.356014902934039,0.215625647381062,0.402075809284829,0.345175256313693,0.426253059302889,0.302454280581375,0.544155563240538,0.337841966343525,0.373349989309429,0.367313712072447,0.423103353132418,0.254930842300126,0.393527881020371,0.325968099281467,0.376470942424999,0.366984224824321,0.385190596024972,0.464935683542757,0.33513560590218,0.469406630256137,0.432393336755212,0.434658095520554,0.398178222619351,0.352179450188988,0.386144329728401,0.411975115493234,0.368231778377164,0.416738668080905,0.407152901112085,0.417435721552182,0.598329242888068,0.446390758554931,0.405407751482949,0.352630983504297,0.35041191493607,0.371055105899151,0.522397576971292,0.468682041058908,0.338792916359599,0.41527794807428,0.448105346485673,0.40067106271746,0.260331695404584,0.385200345629504,0.456379836022148,0.390342143326629,0.312693355423396,0.260647781130108,0.507072509917207,0.305711840037671,0.376226077078237,0.375437696718432,0.562370032124896,0.372649212563509,0.311123333311771,0.410005809723713,0.377383293167727,0.314063653628103,0.39225558165347,0.287109921741332,0.353022095954252,0.472683003279065,0.374372469566685,0.332285234138355,0.363319976713058,0.420336524735668,0.406420589598776,0.305677178483733,0.460720325221894,0.365646866919969,0.451099875884924,0.334464668070586
4500,0.527065373932507,0.497194647847021,0.402684141338025,0.46646081540345,0.352886727565766,0.430340658518858,0.386236270328674,0.397314347543879,0.273625143667186,0.394059530929236,0.404390178664817,0.343810543363077,0.397902975289013,0.419412668742985,0.31327575669302,0.274510060599969,0.374814942805218,0.47891734054396,0.393443056258886,0.313414367519987,0.416489673550008,0.36961182474342,0.443522660350864,0.450346969729556,0.520361376667791,0.434975267020057,0.357996349769755,0.484660888881475,0.331682949901006,0.335512699463164,0.398219994075047,0.387869263049001,0.453434839024047,0.30498443104571,0.510087899243113,0.384863163734916,0.388698830007729,0.384239211304373,0.325345467188241,0.315329866800022,0.386153721627648,0.341955457058993,0.445486819792823,0.433503745394558,0.457277049487172,0.421863325699476,0.351988646388217,0.464761231827764,0.57315045334934,0.468919714890536,0.376206028414311,0.458695827570582,0.422462122804935,0.431845936828262,0.333820785241895,0.419428626585525,0.385915778315322,0.380524411641515,0.573871275351156,0.433593070833011,0.36800113362767,0.369605026021392,0.350088613898027,0.447333513369774,0.540679886003832,0.4094930104512,0.37866516727604,0.336211036008064,0.421284383461902,0.413384103957979,0.290670643891528,0.380680175749873,0.433183567397419,0.465063650969023,0.365269659605108,0.305808061536955,0.456319736397686,0.289439136454961,0.335881833398725,0.382988118932613,0.513228338670734,0.354593541222525,0.38185495180413,0.523189156120572,0.451209486261401,0.271679307141483,0.407717012910355,0.252235800642738,0.384673261567809,0.500726474656425,0.348185731890508,0.306477655921643,0.420366476486135,0.362062601354612,0.380830767174335,0.372425622663469,0.471866372124182,0.335046358506546,0.402319595680193,0.318211778287491
4600,0.422619226408448,0.491116425177263,0.38025586050642,0.442035670907836,0.375977610117408,0.3916110717025,0.367157636502376,0.384634334977241,0.266543576128929,0.440768022800637,0.402563970886706,0.365894056048647,0.375206866504464,0.417546805528893,0.310366015980372,0.384068106708177,0.471818253404207,0.530206653249172,0.356020539370916,0.336257532799377,0.392902824830276,0.339983382802966,0.393436816925252,0.467481838266064,0.468819624033956,0.516502493446918,0.413362616249363,0.417578980079131,0.395729706354451,0.408882121824424,0.38367281970269,0.354991904277826,0.421647304871543,0.228026847407606,0.496152089252946,0.34591662167563,0.465705996570509,0.356206153529781,0.312299839273293,0.331483532622847,0.470694149703335,0.291771078261925,0.405564712200626,0.439750980248216,0.40250932097268,0.425469724851853,0.3965095860916,0.494515467985489,0.570819643399502,0.496566716564167,0.327781000525646,0.447236534674868,0.454492602265472,0.50778555116068,0.367537647019057,0.450850636696558,0.478599491095204,0.322257261961313,0.506220401540323,0.38498034911958,0.354363771757933,0.358357666281302,0.386345925995814,0.372055129882529,0.463100328208733,0.399323302232967,0.351344198268481,0.355906500165304,0.441862286275737,0.351354403039708,0.306646536714911,0.38936305734289,0.431352985656104,0.351493274619968,0.325306612514737,0.316249591870589,0.611535432235609,0.284850611881085,0.285680062370684,0.352279429055142,0.565593590394451,0.323407548294221,0.392773318936897,0.539378723322814,0.434702795527713,0.236429599223344,0.405221020138387,0.279730784139037,0.340888516994819,0.403600643537064,0.416317999421001,0.275233441505084,0.442537349539713,0.420629902428263,0.352793561345707,0.390265266981771,0.434509793856688,0.363856680270299,0.460667731609085,0.322472600207965
4700,0.481072077200765,0.501637759274392,0.405039696847475,0.479813648982755,0.409488469188911,0.385117667268991,0.483754562019448,0.342641985814128,0.330357923204921,0.463524781781245,0.342106228590045,0.337894766315965,0.378554538776461,0.381619680161749,0.349529053166553,0.449962994957969,0.505771650082068,0.50318764899897,0.383398461300544,0.341620681526805,0.466408923587236,0.351759383055777,0.382232918497668,0.463510313542976,0.440879641800219,0.518181382573675,0.453519654113378,0.439301805856367,0.434555378986879,0.383089184611057,0.426159713045076,0.371569319329402,0.458059567823492,0.248960635427276,0.509263624128975,0.352654457693891,0.504814511232625,0.394656582561086,0.307949810165492,0.33393293709191,0.506761584283834,0.242442199020682,0.501949711316788,0.437648209816318,0.37306374009566,0.416928102223313,0.3845775187008,0.474388877484981,0.578317224841135,0.511768418342472,0.325678951466198,0.423269496091332,0.334645805496486,0.432210935775533,0.384519014641545,0.434322275423415,0.488830762827491,0.48866204922222,0.560966121240428,0.383012072918209,0.375289725685991,0.338316120803862,0.428754786793219,0.291149113312706,0.476139643016502,0.497985796969822,0.30895715436017,0.325134164450447,0.472645592663455,0.287262387306502,0.285619050537489,0.405475407085282,0.419050739609855,0.340452698261609,0.330794890724025,0.372110448610456,0.608337743250399,0.367969481625848,0.334166466753968,0.368706293729749,0.514672462916941,0.299978271763039,0.489856483421272,0.398642795297204,0.431216028977283,0.292798459380608,0.314262272611096,0.359365623655688,0.359760458829595,0.499855533007741,0.473524358413735,0.254320671254672,0.405231716920255,0.499905688002107,0.351591756768677,0.369995585895703,0.435126682807953,0.401993226692226,0.498670311265934,0.282611411501173
4800,0.445291515154078,0.489490130430077,0.400252847052951,0.459655972049894,0.472274077559243,0.350546218632467,0.514912582012668,0.408960872221097,0.299795004369065,0.49561916841097,0.335486141131827,0.315147902103086,0.33885088422623,0.493481895521528,0.425611874680857,0.409130428082053,0.440512880598433,0.515567347841825,0.434211088656416,0.384730800504695,0.486951065234133,0.409554551773619,0.469509979972839,0.493902677182845,0.501002141873942,0.496530489070973,0.552141486880335,0.308061773832962,0.463288033772423,0.379694741805823,0.447660465757392,0.383164126622436,0.520168854200287,0.325413278746522,0.60608352035242,0.353780343106623,0.433770584299054,0.414603803293583,0.272130438808222,0.374110335647561,0.416314349322052,0.343786432042022,0.595213890855937,0.372932359227387,0.408261426872796,0.36561915872453,0.427853920632524,0.500719091478447,0.560004782540347,0.47674247066699,0.35709222989299,0.430231524981116,0.28744423359626,0.445019776299367,0.435194600395959,0.420221583396889,0.573879695656748,0.493448020795387,0.563783685329377,0.373942607331308,0.385060599795191,0.323002255321388,0.444423779349078,0.296075119466218,0.450525975069306,0.514768266063672,0.327225285557724,0.422912224486493,0.472526311614926,0.28988637117555,0.250361363466653,0.400817938054582,0.394407212237591,0.40669989696316,0.391229403448334,0.342879002375381,0.508220639787916,0.412177494653217,0.307786386072904,0.374683418669358,0.542020293916635,0.380104105534985,0.511059739341361,0.420939714513887,0.453483256639108,0.351270795855185,0.351284037968699,0.348569401432462,0.378823832675573,0.513698255963128,0.43441639191098,0.262343443460632,0.477481257033939,0.453039003014195,0.364781884768306,0.431809030573288,0.494339764498823,0.405913626766619,0.488629035710198,0.319118785137398
4900,0.422923158605183,0.430982566079683,0.403327877562171,0.444687561568717,0.488479988359975,0.456786529244333,0.473849192072881,0.349688181304593,0.297775311245178,0.4791768584565,0.295554445440147,0.315089579439227,0.372331767784583,0.43248646084982,0.503026459314414,0.399655181501047,0.464271183070286,0.547599956285382,0.427587556508026,0.384585252370089,0.485806364962698,0.434562276681417,0.476889183778512,0.428830541249714,0.53117099946568,0.513278572701119,0.56227697963203,0.402132188111714,0.578991243384705,0.450084445872528,0.458973811181338,0.40354747221918,0.462378465966439,0.378198507266897,0.570818978294754,0.288411383796061,0.383484722239313,0.455472168067478,0.303047342606894,0.395957189754968,0.457628851366297,0.376615274283866,0.700451882017594,0.365412252156299,0.415434813112958,0.426737716439867,0.461330206953537,0.463780137773666,0.587513156421514,0.466526757211865,0.330328103865365,0.465435959116313,0.312660772120198,0.480386902204964,0.47941738868797,0.395330204496481,0.588692887581769,0.490994599899586,0.57517290652824,0.342151134015576,0.394253107128439,0.42539271290124,0.43827019791572,0.265855789113832,0.463743889443063,0.475503611319777,0.382279086712517,0.513381874769638,0.424253235432165,0.282794146159005,0.256594024526541,0.420327356717329,0.397239451764864,0.37426240223463,0.387398925107547,0.389140755813161,0.544408793832409,0.39306886585676,0.421258909356821,0.391564780641077,0.580923295573413,0.354596872459883,0.460776351716533,0.42532596516444,0.474504739225701,0.510397535773485,0.41414293899143,0.301500901097587,0.405038446179362,0.527464895068863,0.44096801910462,0.316054426568782,0.524042445122227,0.401147030356012,0.39059921469861,0.481688972298375,0.531980368747861,0.429709276595535,0.467461755195163,0.374408954417204
5000,0.484556938261365,0.318026506578223,0.409686713702386,0.440051643007604,0.430346032734663,0.521889820304334,0.488611823891849,0.417650860660121,0.326317976744556,0.443918522994288,0.312745570009433,0.337419421884219,0.477026247368528,0.486295940561047,0.609036136979401,0.350352102528428,0.480521529023657,0.545218779303138,0.454532870809614,0.34960947172937,0.452809829207724,0.477113800940872,0.503201832045348,0.397186062620733,0.583106949722528,0.53893246722811,0.517019169187697,0.434594364868782,0.551047193408506,0.55954067549575,0.416756303977483,0.408543131347194,0.461284845662928,0.375126292462323,0.543317321653953,0.379851678375161,0.365683197400676,0.378279242296181,0.298177450103387,0.481219661073786,0.372134647174655,0.356714294744361,0.735093824622751,0.335955478936366,0.384004560828007,0.409095938314479,0.445397979862719,0.493937839413736,0.525527067814097,0.46255121141388,0.384292742833525,0.548672993487612,0.470583705645484,0.462386624168956,0.389170820208108,0.452678415002823,0.589726123654343,0.572390530234877,0.607036816506066,0.263657778281238,0.466863257799942,0.4492806700787,0.473081225939999,0.378522246552363,0.433871577098921,0.509869667755292,0.328222888263138,0.524858292401562,0.51158431874778,0.35769654416431,0.284113666223681,0.456837839241055,0.370019678792089,0.408660249496319,0.397950682058402,0.477099253410085,0.607850602850894,0.414088064000168,0.419215639315828,0.326799903649483,0.544064077184784,0.348982090027185,0.456752428617749,0.492255222810261,0.455223324229203,0.493656692147372,0.357392795105007,0.296382858492915,0.411953032381276,0.52088029440728,0.425879169512675,0.355611082314481,0.553691975726539,0.436041378149894,0.344119683455682,0.401047356983254,0.595332353118033,0.412684415447542,0.424820171686043,0.398745806692883
5100,0.453733249019796,0.309871740994832,0.449227658353746,0.481473639594475,0.393532630994162,0.45558805015306,0.457024371819914,0.463565190319764,0.370638360711013,0.379347136025451,0.402527958412695,0.289439523316461,0.512543307594299,0.50606219512406,0.581711704031964,0.389432963485549,0.517563767521898,0.527311859239832,0.410926791410235,0.411589170120214,0.489849438477791,0.472999706850463,0.423019254571244,0.430022867324294,0.529787669303857,0.548195356896275,0.480814155933462,0.405405839444855,0.510120955641306,0.564521325726337,0.389253914660395,0.408282021563775,0.474101181463124,0.373123387653531,0.540266622058399,0.413369966066367,0.490649384105287,0.374516818738532,0.298758560860243,0.578995666653133,0.388811484696365,0.42818350885297,0.821076863745696,0.408592170741141,0.389245613158374,0.413971561596723,0.517172334323079,0.542655166571903,0.573275735725416,0.50116526597611,0.398165065871833,0.57038038346513,0.559663975071077,0.435737538933055,0.407444018312667,0.513735938074576,0.590820844082469,0.53512387791728,0.554506391779394,0.239857808765183,0.450414691156809,0.424668822794351,0.443858332842752,0.457494409691695,0.478879414037947,0.509419996722876,0.277229047059619,0.535258121530491,0.5385691996855,0.372882718612119,0.30755542726479,0.424081227599117,0.383550522551225,0.454433486275379,0.384609835742815,0.488354661898404,0.679618594621004,0.445858412340683,0.510171933653668,0.40110614657116,0.584421441289929,0.310792605801988,0.36239113337556,0.557826174445171,0.472975163833982,0.422212760405429,0.367406112798335,0.300282075669022,0.441907008472179,0.44149488462076,0.370067045306522,0.389910710296835,0.51438701793517,0.469864468350155,0.346542439809646,0.395174738589378,0.650038769904615,0.407722070735155,0.398196902060912,0.401228155858461
5200,0.460959486996185,0.367900926503003,0.509608869603596,0.481880669859208,0.366851534445278,0.486463029430869,0.50117458634368,0.46765875984027,0.295198273275572,0.392927909796802,0.482982099122828,0.278907556682058,0.486249997767381,0.563622402262146,0.528007889308552,0.39543450387452,0.545137645446014,0.557557437747581,0.413461094715506,0.44786529945262,0.456032684328306,0.371801355144153,0.438187270964829,0.417175260873178,0.556363834214793,0.461730142267296,0.416883536368023,0.589599933376662,0.555548807706294,0.48976069131048,0.356871333768729,0.459022865799813,0.489635206586321,0.377870859991044,0.537072360742074,0.384747352536532,0.491651475832775,0.365128051170462,0.404386439166738,0.489545291984636,0.4109608434049,0.415446782279432,0.960352686193452,0.440707888121757,0.379206628655164,0.427639552340896,0.498703397836378,0.479258288844909,0.566021207795464,0.585890787559427,0.440956393633327,0.560870886765841,0.561369705434174,0.441057980440727,0.423816528465074,0.520325701821523,0.656247214985432,0.503579521625237,0.526072888332873,0.318186713383597,0.456597881665,0.515462101414452,0.469384548743802,0.435770594358225,0.443510739716621,0.520527115425769,0.329947860725328,0.467627248685067,0.511656136740486,0.449744213190177,0.294611878241562,0.375775965389253,0.533808005822355,0.487568311427329,0.427797980780382,0.562633975550981,0.700410693894521,0.450566235991897,0.495189063791532,0.439282395633364,0.566006664361158,0.352183694119815,0.398814172373949,0.453052611085393,0.489654600569954,0.511735103735812,0.384246355608235,0.377213197994392,0.418583911847353,0.535931180176034,0.451883912277147,0.379686624266891,0.581668401116732,0.476803241741558,0.361365068631173,0.38060259079202,0.609670710158259,0.409790990376637,0.481869399367478,0.427065970805265
5300,0.508874946324672,0.500811081495927,0.524593398994189,0.492507117940233,0.336541240989242,0.53525956421314,0.473592051743061,0.507020468198216,0.325581026362429,0.435971297520969,0.467068474867054,0.303954267230313,0.557416173638587,0.570857131644908,0.491224131240745,0.412900430848422,0.581466345768767,0.587686192126504,0.403940933087253,0.4339429026892,0.500877100324907,0.428846995343228,0.548216204338196,0.447198359277852,0.61707533009734,0.410713557279477,0.516333651430417,0.630955744578298,0.528473285661202,0.478057043699404,0.334396668287348,0.444259827955478,0.498490697543783,0.37214938902853,0.506430398111375,0.377035725640939,0.599243646377193,0.383980972071926,0.395274858079376,0.450809833215918,0.345188244576099,0.411039439515734,0.885187575960899,0.499870281583779,0.4129490029136,0.426750445502578,0.478783358890753,0.524118792168105,0.555168259403578,0.651911748229802,0.483061560372541,0.500476542742381,0.540476946665578,0.423073852446257,0.460241713910059,0.511599402965827,0.630261598563969,0.452276540152609,0.433796778903006,0.451489451705614,0.473257407331453,0.52111157475254,0.507802544335462,0.54797137750937,0.515168802067357,0.473523080626373,0.309727021453265,0.439505314743107,0.566372225624519,0.535176647053236,0.303388448905186,0.386439795698574,0.497398827349361,0.443828414401145,0.440107982832769,0.536834466003824,0.617941839016946,0.441950340354453,0.559173573472337,0.488325721804048,0.566085839904426,0.303405679212105,0.449786982371533,0.437909694251806,0.48919301884056,0.629706634554261,0.394588206461115,0.382706967970502,0.400364116010266,0.571180074945448,0.512909830138307,0.365935684733484,0.517338724923418,0.539945634333773,0.403416665700551,0.448323999492,0.693063760940605,0.390012495933483,0.492168384018925,0.406020393159085
5400,0.434911782313533,0.578731337536412,0.491853677759857,0.490326055776123,0.389072261976122,0.409443236519165,0.518722584282923,0.465610704347796,0.331842944800399,0.471423753404966,0.500173451960756,0.234818194692698,0.539703883711583,0.604028635990435,0.51609905574437,0.358108224043377,0.603336592722623,0.602860609389992,0.400193279715277,0.40562299448363,0.550873755318947,0.375741636161652,0.516864599483144,0.451639134172363,0.637166826475604,0.401183966573022,0.643706239969456,0.523998609116586,0.505324383813003,0.40341846191104,0.427327331108655,0.442626487251553,0.456234177144598,0.313655296574635,0.462949584756877,0.341866780102682,0.675227926305848,0.499445823947613,0.367213747665053,0.45866515072828,0.381752759371694,0.445003690760819,0.842336480790224,0.504153737229424,0.428055634732912,0.421531702144463,0.443079892582305,0.441804409824687,0.599668524714828,0.620681747113012,0.416096858314694,0.503572297002232,0.602441438607203,0.404221904719069,0.458671198594429,0.491657039949392,0.707608301960822,0.418930395257712,0.455696956322259,0.473464961087775,0.452001010709519,0.535641389758537,0.485747438459472,0.577112946342448,0.476998162480956,0.537250219665367,0.402879617793476,0.464221804121215,0.54070782662906,0.583364088151739,0.332591548389873,0.403428633378149,0.491130694132518,0.399744102040427,0.409677006569913,0.489174716497506,0.593486880234372,0.436747927979303,0.540106738799628,0.529992476090082,0.518709142928003,0.300831650452852,0.390038234621631,0.469306251472088,0.50915529651662,0.594766315590856,0.440348013881094,0.359966149328844,0.374753629576528,0.533814700853288,0.428512715183398,0.376806974090393,0.499604842774895,0.553711220302453,0.354166876113146,0.41945699655188,0.552109341655472,0.390975470353857,0.506507324268982,0.422474786212925
5500,0.480328521142141,0.477237043419687,0.473651578045116,0.547785070395991,0.410635322757366,0.380882129758069,0.577242931985498,0.575925022697105,0.335394701282189,0.471671084438976,0.390363729041302,0.281686445051423,0.495718738618045,0.62269938104386,0.529115367554871,0.50537981616894,0.572572664790037,0.578492478499226,0.371268333415568,0.369587232130854,0.514556079490486,0.43933144397635,0.48530723039183,0.529690471810954,0.619068721278742,0.434737538619201,0.660475137210916,0.541285542781432,0.577270246412238,0.407553466775523,0.472169166393591,0.409948640580765,0.447216255193764,0.323263617951324,0.389965641451942,0.32823153558664,0.740715906361713,0.512031068785335,0.436519329221531,0.45170539545711,0.471710861869133,0.542053719777563,0.853803934007873,0.515076431132718,0.444616482054614,0.474964755426262,0.427704253689484,0.427308973028306,0.758959361729376,0.531758995228935,0.448952899770678,0.496451576822543,0.570317344804306,0.376446088511306,0.476481303153528,0.502080258384318,0.692095091133612,0.468136974927284,0.430459251315753,0.456141470562623,0.418055060273163,0.501505869315815,0.420122945577489,0.596477313813773,0.475021770442878,0.599304847542827,0.430549952609464,0.46715264202727,0.570571763929059,0.607313421730776,0.348348767989345,0.417467545656285,0.453403957790776,0.372618015689637,0.387770728445362,0.484149398548612,0.51562038171198,0.440541851786033,0.526516001852032,0.573393292699217,0.479584676654179,0.343743599641648,0.368079937141788,0.487779507524047,0.433663106876121,0.589461132135385,0.516198624307491,0.355121598015311,0.389276992475949,0.533051939417206,0.472115487848198,0.379640836149484,0.412220302448566,0.510375503218625,0.408456344208635,0.505570637804609,0.622905608197409,0.376765547305734,0.473150491700359,0.380664530877287
5600,0.401423576339815,0.458376943637355,0.472715139021902,0.467560962845023,0.421533595828072,0.362162000681851,0.53510479480356,0.645201402568624,0.324602775587646,0.445013639776507,0.462284464999598,0.328012865563026,0.476676527715335,0.60305344478113,0.557487755906564,0.575364948984074,0.6314685722341,0.487351084864649,0.358993037453435,0.365628787089023,0.550419151106076,0.468584898650598,0.455721131258519,0.498588955248698,0.621743134302503,0.441167522623256,0.661738711631616,0.513048166551539,0.534223126545079,0.382804407407291,0.522623903353572,0.430113646063987,0.461488653660315,0.304574192188496,0.384620111262791,0.296285644142952,0.773431954852708,0.573526551251234,0.373208875126633,0.396969009823454,0.456643392449217,0.529507522948576,0.73033723046126,0.637368471538019,0.479420668555842,0.524135378808053,0.461442730307757,0.381385353495895,0.696125139712834,0.505631469525821,0.43376929211285,0.519461568418803,0.580005164283388,0.390399844493722,0.450898136049143,0.492960356211147,0.655475498012781,0.419331526175081,0.566290313744571,0.393925231796662,0.389814914193976,0.478103294943425,0.407400427754799,0.558474854115939,0.522480469503329,0.575086049033896,0.402488656860633,0.489192862709611,0.512852074452745,0.588255160084381,0.390799622588139,0.432429802903983,0.544000086390271,0.382212155379465,0.36262643341238,0.508308987671973,0.519779926584119,0.484573548571924,0.542617612153286,0.490745123802543,0.53508686485397,0.334190080603071,0.365401404574437,0.498847352438629,0.516497554017212,0.579058505524471,0.488870845220912,0.355992713082581,0.377830015651463,0.595669296954798,0.563182677724574,0.398728093109643,0.371414770676473,0.49981338605707,0.454408883018991,0.549235894936566,0.745425640948671,0.372240983531476,0.565030718380109,0.347102100208457
5700,0.490789382740082,0.472113884400523,0.406332989914463,0.528510599508798,0.408299681917421,0.393834772948833,0.556847679949679,0.711678376514062,0.319673565434833,0.494157085079352,0.499296669165317,0.37606937767507,0.457175694715833,0.615273476547713,0.597376344702093,0.517251474392199,0.640825541689642,0.405842675021549,0.421782649404853,0.374323456131891,0.563723094401906,0.508745558598185,0.4553789424993,0.49993881770005,0.695259135284752,0.465045601088319,0.643644486205507,0.557527086450996,0.565063344557073,0.352290939710402,0.498732785112342,0.452796005134698,0.544426911899527,0.327063657457261,0.341120958093061,0.284977658624884,0.838411971341247,0.553689219936611,0.352392644086692,0.383674969236695,0.519981933135564,0.501516596044212,0.721539876297649,0.579396452458575,0.509531386824839,0.597572568116097,0.442307486978559,0.407586605165659,0.707576971735369,0.55103079414017,0.472588621133032,0.492688745117667,0.591372282754145,0.440680720385879,0.383813644224392,0.582617049806518,0.578013469650136,0.348184141620135,0.623635818571398,0.429534337024844,0.374889269454403,0.453982803537549,0.463266077409332,0.521127462969725,0.519457688354019,0.561834033654912,0.409011324697206,0.504552535192371,0.554407942761464,0.484452853644418,0.377031000475423,0.479926784406148,0.543104897460769,0.376771406419761,0.370040347039615,0.559975017560417,0.523686356124941,0.507664318908477,0.509934705441513,0.435837045191272,0.591095741440066,0.329675668295748,0.433335742113553,0.513950608454216,0.501247410024652,0.583693652194939,0.570026624328258,0.39479567097541,0.421403013885996,0.553211185694845,0.570048440857616,0.437291907137698,0.463769523652191,0.456489548296957,0.399317879587156,0.569844532289005,0.734026886051468,0.326330063531784,0.581247785700188,0.372190009772834
5800,0.524170074152466,0.527572839221217,0.421146868583844,0.488755618242421,0.392761569027025,0.524870127903064,0.591505941675681,0.64455662214782,0.395372135914799,0.434566696588807,0.481095791466869,0.399607328709733,0.405933409785686,0.615585619595108,0.585861504359412,0.52967566568919,0.681691387007735,0.386012955176625,0.482834558481814,0.416102115679999,0.623899700777786,0.598271402987467,0.474385561188875,0.529658095016587,0.607385019021078,0.437889560091499,0.665843619614719,0.573027346782995,0.516050106885458,0.415751352786928,0.487808177029912,0.413440305198424,0.572009696388775,0.352928030359709,0.407140614849369,0.389639814811139,0.686791438688203,0.537970214773386,0.336831736067301,0.445712536464262,0.608067639569781,0.564309807612233,0.692267090497076,0.568024726215593,0.448041747373767,0.512614172160973,0.470970199354037,0.454343329643768,0.696519972537275,0.588465625605583,0.452337671305903,0.547713365349394,0.500107807095,0.584141004531934,0.411763089848803,0.599946681315438,0.442226104947094,0.480719668326644,0.597326865566302,0.434799782753544,0.372149644913092,0.449065650144836,0.462442733680265,0.510934354964427,0.46591414435485,0.517749725469159,0.432691631320689,0.465907272957624,0.610755683004172,0.527098615652186,0.423362834561378,0.426082563979501,0.494434754471973,0.346457444940155,0.422990420573396,0.668999241244943,0.567276024135531,0.494517359772147,0.515137318860676,0.487242183048019,0.524475852082345,0.328902798188538,0.495499512179785,0.485707046313808,0.512358824302222,0.576275708124603,0.581507393867238,0.40981736970046,0.417516051550104,0.504067780558732,0.447885099909341,0.459370158839246,0.473801305211458,0.41229707981182,0.373146973498474,0.521710836843985,0.740137656016145,0.2697657006889,0.544378218692218,0.415849500771979
5900,0.664304594072364,0.514685894974275,0.490745255405093,0.505217595732363,0.388128056613407,0.655375759296981,0.561018652409064,0.54310394361421,0.43676691602628,0.405025248479741,0.462538563490921,0.397623994538732,0.454268294553706,0.607499500044783,0.555454385057481,0.479505065897996,0.623062339721499,0.373850730976516,0.501040687057047,0.445439498976214,0.560731379207126,0.561341220171042,0.468301574171055,0.521603829608723,0.545798753116224,0.370448502256352,0.527566603934561,0.472822501081462,0.473844180276888,0.483767516214257,0.548010030985509,0.368723405823336,0.651991949627172,0.282900460509506,0.35597000793673,0.399593661038475,0.609158329307844,0.544648887119279,0.358575539139313,0.413382001926126,0.547021874480717,0.526758085714692,0.614324668151003,0.560885205509707,0.503931830203578,0.430964054684914,0.477418162085064,0.410861749704636,0.708548243550302,0.50297420181591,0.443808714997975,0.591312495828563,0.579578427676306,0.603319019270848,0.415903353986198,0.621525968041644,0.564916828253451,0.486482812110994,0.632046224968325,0.407385143685626,0.41524796659759,0.443621718010217,0.486762380213934,0.563793423322912,0.384719630511105,0.457137462596087,0.36435082852955,0.535425257127916,0.579890021914405,0.514574751876044,0.443438924281822,0.39275634577074,0.481482027242719,0.387491141399259,0.401911295061148,0.675015635039387,0.498244729119368,0.482825930625875,0.45858270151174,0.508619995022479,0.523970660776106,0.346284393443463,0.52258525970829,0.454449124833412,0.50912398253749,0.574601581488796,0.561293679906381,0.428454648277719,0.42452033712179,0.49982396425532,0.449883695857325,0.492677251811298,0.560054872633962,0.361290022325413,0.370199685163595,0.482130742503438,0.639861822410554,0.250930851169469,0.494698768922462,0.438733814615602
6000,0.670412114743279,0.538833897114498,0.493629399606529,0.554601812939533,0.435307521695311,0.739001688668864,0.54409900208046,0.493476363345911,0.435142761964779,0.456919020772945,0.437832908823106,0.500416847172081,0.371562457073212,0.601011128312234,0.44256050319915,0.475005049941114,0.637525138184878,0.400757603383724,0.471401175038607,0.496332692406788,0.50132338898527,0.566799180770971,0.42774528358987,0.61504295393292,0.568292861157892,0.416411551493105,0.555772932022356,0.538215173645749,0.592651579204745,0.481468965450341,0.608899694457201,0.357189020179573,0.652008623833228,0.288760443861712,0.360776035481179,0.447535478129904,0.6185679912762,0.510950077422518,0.375757888805474,0.42764557765551,0.574425277603846,0.600758630808579,0.570000216845468,0.502457408832971,0.519522325619464,0.453965800636282,0.423901446476582,0.453242171384926,0.6555424138916,0.542186046314601,0.470245844648547,0.549232898633271,0.659044542789718,0.583506514740309,0.368194715659903,0.696522214335207,0.451521480047799,0.504990555334472,0.606186802548885,0.452360525003632,0.388117405472093,0.405904523477215,0.49388619148177,0.616385309986121,0.457608407516826,0.494635388868272,0.349808307768737,0.534392523524759,0.684907615883536,0.504118605835652,0.433217682172456,0.414785614688413,0.43255903626076,0.405083195763433,0.416765600319224,0.653109626246578,0.562070761840439,0.471723722718227,0.471144646263395,0.429256697035363,0.561686956763044,0.292578845154248,0.521592724252625,0.417916562963811,0.577623811915443,0.654943081322979,0.567307440554518,0.446955228722838,0.464895251217917,0.550962291706935,0.367515893183602,0.475237929348229,0.57342152969982,0.472366880007273,0.457765009196955,0.390454236117153,0.686684215844139,0.261150355376549,0.456155343394801,0.398924445488475
6100,0.604189052555348,0.636446260349969,0.555004808295038,0.623314413099231,0.399483048142676,0.724895550179947,0.541784598967033,0.493374617687716,0.44387170672064,0.364005665184338,0.443571066299571,0.489103014809854,0.354853369515013,0.581969938964297,0.469210494926915,0.479490274348543,0.603560518289733,0.504054659032807,0.516222835702688,0.475313952218705,0.562810026136209,0.521490033768832,0.443314550406036,0.592146722217694,0.503415319787616,0.382223984202501,0.598171870602966,0.553885916995359,0.600037024134742,0.411833849259953,0.527046457583755,0.380879782442654,0.543768351873834,0.294629852261046,0.42329956499988,0.472319270799689,0.619236856960505,0.548503562384882,0.435428826870169,0.412749395432412,0.584814259165732,0.639931610363704,0.653110082097187,0.556589214655437,0.513918599197753,0.50220883085361,0.437755911920424,0.458055779268081,0.550472914714304,0.58574825566762,0.489872235059804,0.53789126668121,0.605969554045698,0.639890075352847,0.400538827914479,0.604409299291146,0.501629459726972,0.482288065610475,0.634437197786839,0.493237173918848,0.406233045233743,0.435116483808353,0.40811028752156,0.59249195371604,0.50236908113846,0.470049845428212,0.390360018572224,0.453457103396284,0.63219877883133,0.467366495316853,0.423919691956055,0.505033492094828,0.401437313140356,0.404564599585902,0.389684243702127,0.664040416866816,0.61704072129206,0.45460475084295,0.495517179854498,0.407075984250605,0.558429218504707,0.354609012031046,0.548221199507258,0.443955736880332,0.59411564613456,0.634662253357756,0.498741568789764,0.419522769104263,0.480419828265743,0.541166754035749,0.319089336812888,0.460586104930531,0.514337113851003,0.416996966509078,0.441130519144044,0.452705111924721,0.626940004144644,0.370879489377001,0.410446645617392,0.436140706501513
6200,0.614609545447276,0.572945730720734,0.57021151456474,0.720488977893122,0.43007561772422,0.74843706077936,0.533418802650957,0.531220703137806,0.424046002137996,0.417363035933689,0.454099728075589,0.4629122839507,0.322209939510124,0.546804820417752,0.469232700890671,0.487800498662646,0.588414006499132,0.489145320347772,0.574245313910608,0.471207476363642,0.614842803375927,0.63722641621994,0.506778609794012,0.622032771948191,0.521146027430389,0.418560005469375,0.607039823178062,0.622961348609863,0.65032943805479,0.387782309902419,0.574649957101958,0.419744289404421,0.550664013495327,0.305254366209936,0.472547853948898,0.448861738665306,0.605560160613258,0.573415140925929,0.452841541830283,0.4261709275022,0.515640570566269,0.581172281757557,0.579390827210907,0.583751950418344,0.464126902016884,0.449082188702595,0.426112319380621,0.567088537842069,0.601125941510943,0.55368897437537,0.47924225669605,0.520722241531985,0.602391775502643,0.538011888470125,0.421051573450947,0.603915052245238,0.507197456893837,0.52116042381703,0.559615695238375,0.45510954760073,0.447496175983365,0.441629825930147,0.369200648296559,0.549851378556344,0.523631059638868,0.535627092749647,0.412757628066311,0.386865025282606,0.596838658877742,0.492622445841363,0.387599674288201,0.495920907443325,0.400925583654042,0.431728028980073,0.406978764436646,0.720695944602387,0.516153125181445,0.514194089399298,0.421552934692228,0.451903887540967,0.546875378864101,0.423924463142766,0.568321011553997,0.514324083735383,0.670816282496124,0.581246838983046,0.532249485604836,0.405767392800836,0.491385962590816,0.575915764775484,0.388190586513443,0.415625173045899,0.498613868871481,0.409584391998766,0.443697707241485,0.527928876476253,0.675993321290435,0.389791091488098,0.447125170238815,0.464379446622613
6300,0.606482884094507,0.715638491426157,0.531846787535475,0.620967000029074,0.458470679126569,0.722715867577917,0.51127314295496,0.650403556823695,0.447408409993898,0.355068808732881,0.491779737716988,0.432904302357045,0.399783845952489,0.585703486195639,0.518090470756373,0.602637088832129,0.600928649558929,0.471279782564164,0.566934146644586,0.469797595765039,0.637968106478737,0.636531304740848,0.56559163934584,0.652734925370861,0.598852082059953,0.406571799728928,0.633226429376894,0.622358485477695,0.720813842232386,0.338420352002005,0.626933764832945,0.448267205844846,0.578370959275549,0.31408126443033,0.456555834268682,0.393944065319685,0.598581332065506,0.56986971256319,0.407569654767703,0.38050349425629,0.496840214023941,0.614179434968396,0.800861114622497,0.519658760752345,0.427730107122253,0.439129300866101,0.371016616645565,0.602975095809066,0.651062263397537,0.531622328044762,0.530853978164707,0.522132574287504,0.671814614182065,0.607978619136711,0.411420770372012,0.646431679081709,0.517142555438391,0.535881589018086,0.585086720334613,0.42419492855795,0.423912855119077,0.455514114708496,0.402339679412133,0.606802605061706,0.506841536572137,0.579887155383646,0.496015826705052,0.367144989906803,0.595638446518356,0.519556376933695,0.408458396947829,0.476538774783003,0.507474819001697,0.570299155523085,0.4414628740576,0.742188507443532,0.631074400120617,0.481004036107236,0.444109732790079,0.452918805966819,0.514809721236742,0.417253384877654,0.521044817067972,0.482345265851077,0.671616787154217,0.555943133092311,0.481176321753263,0.376373145446367,0.469396077747083,0.558428577996052,0.391446057673202,0.39504181860356,0.457056265619189,0.402455959166848,0.510894503776637,0.509181957043513,0.697609563082314,0.394992754507337,0.490909855588258,0.494522501324727
6400,0.706603189671731,0.664792383423524,0.459663050730042,0.591899377843436,0.487175047038188,0.645610668327404,0.504295956491445,0.66956618170832,0.42980880318604,0.333386824627559,0.559840298260234,0.416921372810947,0.466599447210116,0.609472295589399,0.498079100881052,0.62416600992792,0.54112146301851,0.447961380783237,0.575361667994617,0.440068886917813,0.568019497954054,0.608077526595358,0.531259674479333,0.705786685802516,0.600194372633893,0.446962563222382,0.608007738911301,0.56617373334327,0.634798839548157,0.440403168263751,0.657766768464261,0.421763204686975,0.551994682904036,0.319733956172873,0.469067135000353,0.407754945203961,0.513901759464166,0.513931873066153,0.357177013418301,0.384617642786678,0.527236745429867,0.554227521465971,0.897666856200648,0.473649407746197,0.38712585618461,0.445841747756721,0.350658876849075,0.549647797376233,0.718178236076701,0.589164634381385,0.544971556015049,0.518775683088714,0.558708327521292,0.560390621089382,0.418721766755525,0.607148387280727,0.555544440413792,0.539123583380457,0.568216873448168,0.412739396719303,0.419069196191266,0.493969128418547,0.414524453167384,0.579698793173665,0.518904619614627,0.525845045051569,0.533000134740988,0.429451123740099,0.50723544441725,0.532357662884368,0.428201904753739,0.461855535644679,0.501354228676624,0.570591803687825,0.440758352835748,0.707762072941151,0.665135007131745,0.531555404996944,0.329832420285362,0.422000347349924,0.507449624311052,0.458283532099632,0.535817602309574,0.513223025675914,0.632980800503422,0.514785999054371,0.414854156137596,0.410271129014198,0.404358128005204,0.513900021271168,0.354836281219386,0.434969337630667,0.445502200929442,0.416897562058163,0.492829991278984,0.465154290406157,0.65606362909893,0.384989501914357,0.467084580492152,0.480068510846535
6500,0.714561703066457,0.577589367867475,0.404947363419517,0.573128321627395,0.510239731462125,0.506212727616821,0.39904871608027,0.658792902090063,0.367069520920657,0.408019054845771,0.530902046239517,0.476625391019652,0.412438529447497,0.564948747575363,0.517907799833178,0.530724142356702,0.539855594690167,0.47072444023157,0.544164142031981,0.382258180490941,0.572787601629302,0.571620961724374,0.428785058173979,0.619221987945651,0.558042562924749,0.412903399181475,0.635771755631125,0.60257114863838,0.619945176331979,0.46718930276159,0.577747753953853,0.47183022717301,0.585087821803953,0.348762983287815,0.476615173824037,0.426352344766074,0.555222989917355,0.483311103369345,0.407223820251207,0.343994210677481,0.545892825658578,0.498824123228776,0.92636314004965,0.438284446086065,0.396544335256144,0.561507566950654,0.343545789445878,0.498735895434498,0.682492221738942,0.57972182805096,0.515628751073809,0.473794613499552,0.583966360011773,0.492896806104218,0.483073110518161,0.539947238541837,0.506359091963014,0.558869349572285,0.57369579010604,0.447558924805799,0.4179526814286,0.50287160392704,0.467313628866759,0.437922149118163,0.472274073109286,0.599653157901793,0.520381145609901,0.458007951583751,0.464426382349916,0.542201968833678,0.423135801928592,0.490171107867239,0.473747861354179,0.45177935206851,0.428379312244639,0.652489162937977,0.717563390604727,0.521252861880408,0.368543294605179,0.445787319727419,0.467821630328667,0.515101247270221,0.534217959477207,0.552027102013963,0.622782709972984,0.498121300184973,0.380078482421554,0.445836360193941,0.360572211357392,0.532746113513877,0.409778608457715,0.452860369087099,0.46834450287307,0.407639294122051,0.471758059318944,0.438825091300286,0.621178938331142,0.332699451783733,0.51771708534418,0.432150954903673
6600,0.688467271935837,0.485934762055553,0.446096871986535,0.536957657689599,0.476237734012622,0.474881863171554,0.447730139715923,0.575473328347682,0.380804174596017,0.392651137289367,0.491034603118701,0.498388351933215,0.468299269371771,0.496338627814731,0.575910123067377,0.488238223176316,0.518600463355899,0.475426030715323,0.496504901818032,0.39106215755876,0.652161036917959,0.507777432978356,0.449873837888046,0.519739109634407,0.564119492793433,0.450749489145402,0.609718873421593,0.597299731259713,0.587259195225558,0.445848562333323,0.501064783537691,0.452642689306871,0.491756890254794,0.301488550218535,0.423726877444492,0.48593548616722,0.565040377396676,0.378442127174892,0.457300373277569,0.343500030032795,0.544807463825028,0.470534703255849,0.865457869182173,0.482437221930918,0.368415702121622,0.535118256487035,0.419640355730757,0.491334228759294,0.670573938489651,0.633378942135658,0.506120547682527,0.462920387516893,0.538956878958387,0.457897984324254,0.488621817013367,0.442253541217046,0.434909387345824,0.544731456928865,0.623291834472763,0.525420143330535,0.459465478793684,0.413203618962275,0.45273983793539,0.469494210582669,0.441380566119944,0.663158606053943,0.500982755538829,0.47977221351459,0.499994222429949,0.532736285528733,0.416760217917467,0.526514466121132,0.459628974192318,0.489920513952665,0.466702163416826,0.599446708733922,0.747684554633842,0.474583935874536,0.39291664086927,0.457587748718393,0.418766546477903,0.404230819332774,0.538578988390063,0.521439049906624,0.6417694496789,0.54887672982191,0.405791226135318,0.441627773851229,0.363771124120649,0.584866800409565,0.461971360231189,0.478092864560065,0.361655246930562,0.410445041490196,0.468191761252167,0.451416317256409,0.673063111507309,0.352570859157004,0.45129369477438,0.387615649046924
6700,0.621499100182607,0.415284186068355,0.512258278304186,0.567644386134855,0.440754678663473,0.53608285867904,0.485675695147218,0.558950331032925,0.372633688830818,0.395694533904451,0.555114741835687,0.522833670799145,0.420866310647206,0.495602106838104,0.480304280289607,0.432493978542003,0.546046773413064,0.510259864943124,0.488005176450481,0.402340078505841,0.662061607556378,0.5395007345302,0.389993158962243,0.488544574132664,0.506878723896339,0.561609032320039,0.558283698275691,0.614308965425441,0.59527740827539,0.406404587254197,0.500287337157108,0.430828464302478,0.581039156476523,0.312386691718939,0.402827850830715,0.438602443926604,0.513504952158329,0.338139140346832,0.416611730977872,0.330816120363079,0.518026908220288,0.489973984293982,0.809600986359625,0.485217982531681,0.349628326655325,0.542391518917815,0.427460742227771,0.417079009580433,0.764544472804196,0.608289533616815,0.507025088999838,0.413464473006797,0.540852558048693,0.514136672325456,0.417444421844736,0.409624607807918,0.46666274616565,0.554646005015153,0.725950259740051,0.455482425239693,0.477236572795779,0.31010409887852,0.488152533467294,0.406971435710887,0.475201479395855,0.688082892878456,0.524281706464442,0.496250882400596,0.494083707304096,0.509704873565483,0.386715577857941,0.50203142008474,0.549041819331539,0.414412657802262,0.40028213253876,0.634217934639254,0.606685644043144,0.445788232542239,0.441533580408721,0.468050489116674,0.489155769090518,0.366476223115986,0.523486594142465,0.438555874985135,0.585548086430298,0.487706632437023,0.412664784792878,0.409124142852653,0.35439628261685,0.534694584880421,0.446881582529765,0.500247182484944,0.371440068015212,0.378418568778277,0.47744679553491,0.528975842882089,0.627029554953407,0.377017988009959,0.478864256145447,0.446216208835391
6800,0.516133176677087,0.276486222262859,0.540622171623035,0.503410164859715,0.408786043706371,0.532301358733703,0.456084340050717,0.509615202467007,0.391247438490823,0.395317927564018,0.534234168524668,0.463742583003362,0.452931127917179,0.499739115839568,0.475048725806442,0.492051079797292,0.545831166671755,0.525598053494655,0.470141347393169,0.409826544798647,0.647680112298554,0.538714334914544,0.367980486529765,0.401669460473299,0.481854602537457,0.492019306641272,0.570171883069671,0.688279428467824,0.562757028561577,0.377841516005508,0.501220509114232,0.524804305100563,0.496756322902346,0.367432263348024,0.39480138900186,0.426988464791105,0.547976316414374,0.340789047902455,0.346220707148564,0.335856709212429,0.519643445901827,0.467844906765471,0.761234844548856,0.479263367521629,0.410803086637243,0.524206211472189,0.390376000015211,0.407408395853121,0.747153816994482,0.521218556142597,0.425925452110613,0.363038882588231,0.52106787787859,0.576549009727503,0.433971842120377,0.431112558028494,0.457820042230632,0.544762065335547,0.710608102349961,0.447970678166995,0.438910514817349,0.240290634449159,0.474383144664412,0.470031562352406,0.444849392848887,0.702269757881943,0.524331488157856,0.425296172558433,0.461448494490946,0.491814351393784,0.319301570629234,0.453039249933684,0.494457237507485,0.375354640290172,0.372377044413481,0.555948536017618,0.606278686439667,0.458625581041056,0.493339415046493,0.477320818459158,0.48937737999937,0.34364055623138,0.525503799848451,0.455370223842737,0.503802985889091,0.601033019722747,0.47891981971939,0.393089793236703,0.335077396986173,0.505662499372958,0.430476689808283,0.414006821038923,0.347751578620274,0.437529492994962,0.461155952137617,0.449101300914092,0.524562013943939,0.357150839498778,0.462105367418054,0.48541177661967
6900,0.444679679294437,0.243201568110929,0.481726071985603,0.61651627607471,0.408108181940418,0.510963335794582,0.454830817146099,0.517627852912963,0.371372859236514,0.454899613037107,0.578705325402202,0.479926653081374,0.455156593182912,0.53242979076306,0.553168033685706,0.595437262780774,0.542345777548921,0.509315199797779,0.520751350280452,0.441232204472478,0.601165555093119,0.510954522988548,0.433958976738688,0.35828629867849,0.534946525355938,0.452596432139331,0.502707987545385,0.647374141624249,0.46903833940655,0.423817824494488,0.560444027995142,0.549044925287747,0.509681435754356,0.356883723185701,0.449286941983505,0.382228570364499,0.560266531495522,0.312298709571512,0.319700779403122,0.397806168035318,0.456836671513867,0.5078756552406,0.657600370499356,0.420939903234772,0.395663552461908,0.552801584991817,0.398103924604765,0.421532919621444,0.858084612056697,0.465474191701139,0.393201832102113,0.467949468626477,0.453796415506672,0.590940124108943,0.496090937335334,0.455998681286347,0.484250387498671,0.528030649617867,0.715292612685821,0.430305855960866,0.468463459992973,0.243870108154591,0.407791266489483,0.570840957522517,0.434008364558083,0.670374880276997,0.490931742706911,0.379144259828216,0.440410684064611,0.473919265147627,0.320126679693679,0.452759969188632,0.478721469969551,0.400900661199313,0.404507476529645,0.570137632484183,0.606264247289107,0.48157541089063,0.48268902384143,0.505875877937138,0.471951320057159,0.358626029846173,0.513830953218851,0.451394752197719,0.420928500563289,0.587918491859353,0.532224078284056,0.356831344392421,0.342887706224652,0.497182470068342,0.471599650579752,0.384486170831097,0.408477341296679,0.399582129293671,0.446185177526993,0.534001881184834,0.440714937054327,0.379861297015657,0.473995269800658,0.440424130574198
7000,0.391171076033928,0.29641599409533,0.520617889364521,0.508438146384741,0.386757112819985,0.48537634517969,0.483996158282336,0.419318261521904,0.381048849291677,0.471270028878263,0.504932658550474,0.427275294558959,0.512777626679915,0.47108386772565,0.549212362880881,0.615037413635776,0.613414764900402,0.578176184966655,0.507753601796809,0.450484213145575,0.603707564809811,0.487012430128045,0.456418922369252,0.384826815872062,0.634858785823123,0.430514719550204,0.407711390548681,0.704318641411856,0.435139224010294,0.430689774762102,0.572582129484463,0.473682141540184,0.433920047462517,0.355654020931585,0.429557999238567,0.363959789820083,0.525020366654052,0.329230278179107,0.32432030370931,0.369275790664513,0.434309489161022,0.505365953728921,0.578768534702376,0.408161478156989,0.350488847071454,0.545059356747446,0.444969237501699,0.398852581554168,0.775801421630721,0.567161576576374,0.453710153599105,0.432408021421046,0.491765628903347,0.598741363760573,0.396571423138516,0.437816337222385,0.465271106339556,0.545960724085561,0.722544006258209,0.417826665404669,0.41138171034623,0.390099161560026,0.402335642874005,0.552698947533207,0.46431327628643,0.601157787481242,0.52142584123375,0.311405926313673,0.462639982708349,0.555208639674982,0.346723484761566,0.468395375268791,0.484350832774248,0.424776911298791,0.439687132915054,0.609183782398286,0.671715842617883,0.49345049610174,0.523781233722668,0.483597557256658,0.464276987657641,0.373709876697484,0.511529493160821,0.373197312637058,0.408610217224201,0.513254756328095,0.507252435172051,0.364338839517935,0.33908609309722,0.367158712165887,0.512100496614082,0.424404787694059,0.418584853084055,0.396869159821715,0.460362524717346,0.535540775295495,0.495094442338147,0.393226358156226,0.518165434734134,0.436275387689451
7100,0.430925787537683,0.359249240945115,0.467077637175532,0.453939924653865,0.412426852450687,0.508389336146481,0.480719072978634,0.485405154850586,0.39963033665466,0.512266385766405,0.43054809165093,0.444753698587821,0.513568186304909,0.458514840834058,0.5782942049294,0.574744047262654,0.648160657839687,0.490159110694745,0.534904753911027,0.448147955613942,0.491410904848391,0.498258935546045,0.456454919403065,0.369351835917084,0.647213907869967,0.421608160403333,0.483427062219965,0.727232103150585,0.440427580930387,0.485090949274579,0.553026886231057,0.507980393232783,0.411744674043703,0.384738659779026,0.403517650661782,0.416472858458583,0.538678268320087,0.390079011713597,0.361267839737699,0.358915848703721,0.50899343990447,0.463219668783227,0.628378264403913,0.428674135259043,0.419118153370984,0.56669138722193,0.422615560309546,0.3883385209094,0.79432064305516,0.553063304781287,0.453576607344787,0.499640316584318,0.467768420131972,0.585138456329153,0.330044488910894,0.455825854964982,0.506512766510934,0.536166476171092,0.675787232396119,0.408591107083017,0.385726836712017,0.377263661335139,0.443569001146899,0.681447517260898,0.457967870799933,0.589446809177102,0.500591807883013,0.311414910742814,0.430474655076851,0.51356596614136,0.302698301003017,0.466731733163499,0.471126172067392,0.469523973728389,0.47528989185301,0.585274931595887,0.673265871904792,0.473254634343242,0.567307089138628,0.429160588329152,0.436546651038919,0.345233101611985,0.540132936363391,0.459606216649064,0.306120102051261,0.577396812799599,0.565395007061051,0.39281819872698,0.351820759587619,0.376412419078349,0.477120060886523,0.403035989983179,0.428083915431465,0.399771349832171,0.482359285189533,0.441930417204775,0.562803135186512,0.329409892227863,0.434577517771341,0.460356780295606
7200,0.449263272434938,0.421437546255484,0.486382141751624,0.430834945996227,0.432298079496776,0.522581576793399,0.475421186378229,0.401161867788387,0.340626971389272,0.440746321930817,0.341013181661174,0.400706339765727,0.523848848068609,0.404953390454605,0.542337593949388,0.556629784785991,0.613842875686924,0.454061751104895,0.537810962550339,0.446358043166966,0.533855131047608,0.472393378941896,0.469097096247801,0.428437075319902,0.615501035814098,0.449287221425447,0.478232667367793,0.59356255465242,0.473712451210896,0.574199448644166,0.514171876148465,0.523317291539606,0.427582994985719,0.412623832684548,0.451812262386049,0.420945099258459,0.657700512932827,0.35623997700367,0.351575192385704,0.334365473552372,0.44619751596551,0.499195153145378,0.744462185224884,0.488120999342803,0.41097198896613,0.553932661533113,0.441294426843894,0.346975336272217,0.842234321123737,0.514852402132145,0.45889968692357,0.510424078893553,0.415574281192579,0.564456577059325,0.394991422268238,0.407106832791826,0.484239619018779,0.537918207823634,0.554451798678552,0.394254600247538,0.40670938053713,0.367212967429547,0.504296049420134,0.649449780391236,0.385702655408822,0.456348525724655,0.487470546760724,0.374627999275485,0.500728880572657,0.384769778402738,0.305139349411117,0.456592812850945,0.492531035799204,0.442780988714274,0.403359481437271,0.615967466468261,0.718344423981727,0.44890221813593,0.610587254089836,0.409644852233913,0.430887135215177,0.369163079204082,0.521742100215481,0.539247911428109,0.504839294338956,0.516084024679854,0.552844364374845,0.324266987634316,0.33873118245251,0.423631939994875,0.442451052386621,0.345545241943949,0.378827552356048,0.437917100669818,0.411813802043179,0.489654116321128,0.553167628899316,0.373268604730526,0.406339368454131,0.546984987133105
7300,0.368374369070681,0.441193334419772,0.489882227243149,0.511476153864954,0.368429072950164,0.546722435837731,0.481646022770972,0.425476832361939,0.341178395499973,0.488776639729762,0.348427031242834,0.366099313887601,0.56294738610112,0.467782031958192,0.587173962282583,0.621150712951762,0.512338823574873,0.376177015053399,0.550437962361163,0.469074752053697,0.459979452140821,0.474390042354481,0.483415326983539,0.497211172285685,0.582379379120217,0.406765614222405,0.5120198748625,0.481168601115794,0.549713346108621,0.591205834504914,0.405618430931273,0.497795656578189,0.428293532414703,0.419901406662869,0.468986937515103,0.366190651404113,0.578019633838247,0.257143655540528,0.336778285283155,0.343496798650802,0.499633377232398,0.41674572181266,0.745278885424535,0.507384758651446,0.373655149598882,0.537131352506462,0.424255856594999,0.365579835756414,0.817067219258186,0.602869784923813,0.468271156262293,0.477065242389556,0.500498624657778,0.538024149545627,0.451809648483515,0.404060447610216,0.464837857472169,0.486546398630698,0.577791605053749,0.471204587048922,0.440450557779063,0.48280077246733,0.489209618651828,0.63034536009365,0.397170756856537,0.502057330627785,0.566802152261922,0.438289984365484,0.571491558516736,0.401647006435666,0.354978876187876,0.459639845047158,0.583476107078666,0.387435513554616,0.379162818387545,0.615091900412597,0.672451605433757,0.446546462821246,0.573827799422889,0.441793128115343,0.561560175993083,0.388564337132537,0.410237348790773,0.548336224337347,0.544968350820963,0.492637664987937,0.655275139089874,0.361742823909672,0.361849134359389,0.431778807403573,0.379748924933921,0.325914760620918,0.391900283250472,0.3992781847463,0.343983064387845,0.52592276663906,0.569048467001775,0.334975522996302,0.403691061186762,0.435744438565392
7400,0.372581059003262,0.391668621535688,0.478863994726503,0.647324710226673,0.398759162771688,0.6300289059345,0.479488328561619,0.504648221126704,0.368121822913339,0.48120619838719,0.376300667997634,0.425099760504506,0.530033639634792,0.445693353958769,0.583080901370878,0.521465369629185,0.46080812990661,0.406140417105242,0.526984780476336,0.417463019921431,0.45391449322317,0.377318124952937,0.419112009170314,0.504553664872794,0.540293975376219,0.438675885147612,0.541336067492055,0.550106797454572,0.541149429934574,0.658252215415888,0.370700520753042,0.457526921750501,0.43677894146225,0.424508654646903,0.388185427091262,0.389648974994351,0.43349440216785,0.337997826464832,0.317727041613594,0.389147716876387,0.546081611389213,0.432282959829821,0.698305451372913,0.473557274052668,0.387001859305866,0.528264842836876,0.448512579193306,0.31980580261237,0.791216762547207,0.538724540716445,0.410331385977999,0.517584714725259,0.521807484797495,0.4213666451885,0.420590923603497,0.314049959488893,0.52832017060899,0.454585640098637,0.610751297412213,0.463832170519969,0.461257611236816,0.456137865054012,0.495333283304028,0.517601018703578,0.4199192865064,0.448501057935547,0.58224022453097,0.454101477291334,0.546041621958871,0.405743741154483,0.361439945345279,0.429405668420855,0.554334413946069,0.362731016166337,0.398897038348308,0.627744860684595,0.659508434468385,0.477719489937288,0.547268206306306,0.407362776879217,0.510261402568649,0.353892358814177,0.370793802390705,0.513282848230158,0.402497574563915,0.43202085345353,0.523623447446422,0.367235232119215,0.367438040652251,0.441106129454723,0.386643688031962,0.311084952430888,0.403207129105846,0.454203743956237,0.354200799035022,0.519447064699154,0.444202947251218,0.374518612362042,0.387275260204183,0.413740869820321
7500,0.308054148523863,0.351464165862724,0.478921613645338,0.624790195149256,0.341756712509926,0.597867317161108,0.561078347028462,0.553436150638252,0.350529931427078,0.4103914277649,0.485718540595078,0.459415228179205,0.494459778461567,0.336721812390985,0.502483566097752,0.627996317452781,0.549002835462165,0.405804778599616,0.543498032305199,0.356534922018793,0.401643500099511,0.357575726765022,0.351738754533073,0.539214959764929,0.58364040670707,0.419709553899314,0.530679209694046,0.524924667089885,0.572975564800935,0.641886725209766,0.348471888041777,0.384348861160778,0.524044348639327,0.415871358110571,0.41490747271099,0.418344862624307,0.474510275878719,0.338979301731518,0.303789942935718,0.369747314529576,0.491495731767431,0.390054181647072,0.671557711008943,0.475847610321444,0.410423747763213,0.549492197954333,0.414893965823213,0.430863758800691,0.505213862287745,0.55581140310386,0.374810838458282,0.490154966760583,0.511405013018159,0.350781982465725,0.399879720082167,0.315873456220421,0.479401907267188,0.494617708240406,0.545477440184719,0.481811532278244,0.391449197284843,0.433958285112046,0.401650098056559,0.485979790939784,0.389887506414696,0.441287912594297,0.565725623313433,0.395548454634652,0.429698264507242,0.361236382675441,0.402205911992369,0.50823442097679,0.612869956363721,0.398729992419211,0.341417615566076,0.627359115256662,0.60518006116744,0.488515313467647,0.502284377001725,0.341648898976719,0.437167210679167,0.409411770253486,0.325745182486876,0.43511251996046,0.561852825192584,0.440770256646069,0.550170827958527,0.373900726306552,0.412097968875168,0.439404795147821,0.378081137985985,0.353546667661778,0.395062158687724,0.527702059672636,0.32888093311455,0.463214155200845,0.481688184601205,0.311052091972798,0.389610378723132,0.383518488110439
7600,0.289447601203088,0.371556814758694,0.508333941713621,0.56372337824998,0.386925460960397,0.462394608621319,0.574316103503903,0.532490208670438,0.377637585107206,0.400607911453945,0.415374543656606,0.45223570395454,0.509393284223181,0.373479796977349,0.483790872352557,0.577159040955898,0.579639893812315,0.435195722317889,0.458046467708622,0.377346981405368,0.408691834199757,0.391534597286147,0.405328022859818,0.47299924242183,0.556537998680815,0.346103592382935,0.508145525277413,0.562262718663695,0.535574980165155,0.47907189269886,0.424052338553612,0.442786735920932,0.559554093813518,0.452181181197159,0.38422989867619,0.436991363351425,0.452381847375719,0.342737304562265,0.242715145636308,0.392319969201569,0.53347810086412,0.341462332681924,0.626936582050201,0.475892557886275,0.440486339748969,0.480936863792932,0.427871887505423,0.412168842505552,0.497524333403504,0.578801946502509,0.344317316731507,0.540259381475838,0.496112718532118,0.426100243307201,0.336285505278897,0.346461585454031,0.512385932295589,0.530588126540083,0.540139693895852,0.46220520868,0.322240827423287,0.447217574140699,0.415512961579672,0.486905663134256,0.34367658670692,0.431083988253068,0.54267141575977,0.353377348109487,0.401902363692516,0.391137952545743,0.37040028946027,0.476640533314376,0.513828754487996,0.355500779389052,0.338540414651031,0.594117123921737,0.590504265206947,0.38007246389272,0.43578867641126,0.359929528525135,0.548345766329768,0.400772895177062,0.277841840504725,0.508353169399437,0.493435617636107,0.43795301206853,0.482439456398062,0.349255621190103,0.403180231217177,0.462923709516837,0.380076901126091,0.432420529356492,0.417027265407498,0.487402257441727,0.353781123434223,0.465667283403516,0.44770527507069,0.331982251195248,0.310369917539304,0.379873872651006
7700,0.201734473205146,0.419142902283201,0.428488057717104,0.483320944204022,0.400562841457788,0.410210677745774,0.534867811514895,0.427770265677375,0.380769016172986,0.384328018121618,0.415603437273976,0.454220499495329,0.384079919519423,0.4122966134814,0.448740327397818,0.471780668086707,0.604294343485741,0.480493387915108,0.461906304969845,0.393053377326832,0.49020008942379,0.380254179897694,0.431670547171648,0.497726756861995,0.589999609514854,0.295478209428434,0.407011182370492,0.549844693198764,0.546568088350505,0.503389842705759,0.380206815298058,0.439726187098102,0.588288710812379,0.416391654745086,0.350538534493308,0.441134546693102,0.499285749128516,0.322925684395111,0.310453669761883,0.333091453898627,0.51779614306697,0.269509418854126,0.646183114199765,0.417624921755154,0.389189112722361,0.440668510572673,0.384239637238635,0.267559006017562,0.546895095531238,0.525813818522667,0.332469356898777,0.520363415203336,0.484314895442585,0.436370122188223,0.355697483836573,0.416189979353736,0.538387675453085,0.534882830598516,0.519906604753854,0.51587483045355,0.36837436682989,0.44607228924281,0.343945446629403,0.559117404049378,0.29180718765226,0.473326218895211,0.443429443560738,0.329625179746279,0.449661865236572,0.410549018090781,0.383943091192475,0.434192205118739,0.501270488047934,0.335905253892414,0.398402621194263,0.61348786764121,0.509174516233806,0.400287130674281,0.368892074247115,0.327348706988013,0.568842651065315,0.425801447245597,0.260914151325661,0.471707376299251,0.536665846788641,0.432151054667671,0.464530840897107,0.307010510297096,0.353654964736842,0.502352936971516,0.431197561598639,0.448256938518287,0.427322033624051,0.430604054937547,0.344277035253235,0.45742222002953,0.419474218009349,0.324585244607527,0.326336532797017,0.395095906421371
7800,0.245028724027208,0.43872064597668,0.359874895587795,0.440351352225833,0.393752578952299,0.452121407234001,0.425873627657385,0.344140483192671,0.333734628503848,0.365604265934204,0.481905742303211,0.449486853667894,0.266227110048509,0.377813144113714,0.294745274449194,0.457160675904545,0.500072235237365,0.516897810163139,0.468443483920257,0.357667134653347,0.456191030406206,0.299961934972082,0.425264572300886,0.486488409591108,0.471748126449501,0.361661860880898,0.432178234367491,0.474021686484732,0.592646129082335,0.462554394514596,0.415390415927206,0.381731517108645,0.50736938976591,0.388138831563406,0.448855588456879,0.40710192118869,0.486995189488146,0.29950071501529,0.34986812567692,0.291560664830015,0.505466349564614,0.28850346239264,0.627441741145658,0.476243517323375,0.389886649174093,0.425744188987812,0.36160604886021,0.26408368456156,0.487031165495958,0.441125302957936,0.344531195569185,0.485529550958686,0.45675425703272,0.367357423118676,0.316730567184745,0.502514482154865,0.528070420068069,0.534968374202141,0.513805636708441,0.527232466467873,0.360987269532127,0.484706633417765,0.322917698751477,0.538447465257586,0.269387673102157,0.422573228902303,0.43728040293206,0.441300153595915,0.453748440113662,0.433338675124478,0.415880443570209,0.51150030121695,0.524571602265847,0.397272420831773,0.424154132292872,0.592565706205047,0.492503297267648,0.367285818189266,0.357787879458368,0.370853934882096,0.532071982332784,0.412486266393484,0.267989442953706,0.472644264716109,0.537808967013468,0.441075950684349,0.488908668505836,0.308961485066041,0.34921704277507,0.50626240242305,0.47995235068715,0.456853901602429,0.382525837096017,0.385650011539308,0.335088937276877,0.433183452789556,0.495385749296305,0.352933779356523,0.317167360287159,0.466610388635432
7900,0.272893332558108,0.421520764538491,0.312157482445451,0.400462055526317,0.359921580806271,0.428746471763964,0.413039885864979,0.279292961528745,0.369663693665224,0.314417217878925,0.472932059656874,0.419141372663181,0.219780842517336,0.487778078673478,0.341884643032381,0.402942154872642,0.494373927949908,0.476673668863108,0.380615491589944,0.335274323564812,0.399825420572481,0.323314829805318,0.412138547592364,0.497173635557693,0.423306353827992,0.351228520378378,0.399503030204163,0.446352982383058,0.536487379214904,0.556136126940176,0.504852595591186,0.414745594181632,0.391839489051796,0.331076731606097,0.405472396420219,0.354448953290308,0.406581751707176,0.287967943637524,0.306056177689659,0.31447047872501,0.420453007309158,0.312703790930446,0.652754273125706,0.457400174505017,0.376679041906602,0.462401646280381,0.338096021416651,0.241348565101674,0.434475776640236,0.398975360183524,0.410159239474101,0.498192272052915,0.495588295757319,0.316391065269541,0.33143021622073,0.406361960606454,0.504680683923938,0.47503468934883,0.424532684774792,0.390568778375937,0.317368765173614,0.453954614687613,0.297317602023986,0.448325225255674,0.265248248690884,0.382643387395982,0.470991708329775,0.375157948966778,0.355809177484615,0.42098966659972,0.379280488493035,0.479916786840329,0.485003899248694,0.421389956686006,0.408252297596528,0.573502594193954,0.513930482327904,0.378401237777969,0.334062190291225,0.335015150907241,0.514499033271532,0.410391503193314,0.229386035759212,0.486873144436346,0.52629077889286,0.431046352314575,0.431847090977556,0.348958389258932,0.328897663073871,0.438021175890466,0.459939308050253,0.445963745847579,0.374783677271562,0.317908108228009,0.348827846450903,0.277849041642254,0.480446327623524,0.368064481276242,0.326901879637576,0.448643989527224
8000,0.214692372706333,0.446922552626926,0.323129185292075,0.407547650792168,0.277008294873491,0.37256828182524,0.349086248892979,0.202302526492441,0.362424524241213,0.341097029117565,0.415633463093011,0.35374007397887,0.344885796318757,0.477339683733477,0.364950656908644,0.382944125461898,0.524436979268918,0.441165536784035,0.349095216960597,0.385627105426623,0.323722405517764,0.395265048954208,0.323557647270507,0.404899004242877,0.446469310597816,0.282936311489752,0.40668799985897,0.515163872866144,0.47642824220298,0.531497039910876,0.425102746339539,0.39590151222249,0.338674679898045,0.241494279911563,0.443137606147636,0.291557599154952,0.40052327694078,0.312663913698082,0.223415798073537,0.311377696520208,0.435335014928171,0.311645051629861,0.413457582515213,0.43657701995136,0.384579424820291,0.400867269941991,0.35523729833126,0.284231173166442,0.473403272431484,0.438428513922332,0.378831343825256,0.475769725350961,0.492537027526107,0.29214012742438,0.316039875858924,0.376441524996909,0.398105637572642,0.465167095294677,0.31017192058553,0.351086032496635,0.251801482673998,0.423749515662062,0.293741190475,0.379924201188819,0.24720213913604,0.387099360030488,0.373236098950929,0.32214067849537,0.321452414487433,0.410041593339972,0.315210277908355,0.393863614366617,0.412799400295846,0.380619792858324,0.384352419090742,0.631285985540713,0.45717666205368,0.348601256016694,0.33620804204686,0.355766979399941,0.463101866831889,0.398769774512896,0.146484031164218,0.519078508685384,0.403475384671271,0.336866846713717,0.423498420738162,0.329673830144837,0.369328774659474,0.390036366116365,0.34549210840942,0.314712513596717,0.373466155682802,0.293754155232641,0.325027205949145,0.260928314027029,0.420793337753755,0.329541434924056,0.368992442088034,0.401012467083849
8100,0.199332969027736,0.457548059146543,0.343238240758411,0.281243001639482,0.230409548699477,0.258442976338604,0.298545909209832,0.317288720865095,0.306890173005134,0.36173125116517,0.316182735881681,0.307158692648889,0.373826911849956,0.472263371120585,0.280487898013244,0.39645035685873,0.381245441005674,0.32698389246761,0.328501341528549,0.299970057109535,0.236541803229849,0.376149422819081,0.324554033788165,0.316830732421358,0.4599361373617,0.226815601873722,0.403919914907123,0.489164091913855,0.466209892490392,0.449493076391207,0.31823684194003,0.353900309348263,0.346490753421335,0.236343245480404,0.413152728736496,0.263507814749183,0.38177993929212,0.326213101631263,0.299501915960402,0.280964980708843,0.374949074084307,0.324958849687551,0.371578472227385,0.402275416323499,0.268483367788238,0.311214011544868,0.409149885226318,0.30526455172388,0.403144915510672,0.359741189973284,0.317951184808216,0.450925260829168,0.422753010112058,0.294343841747975,0.321760643463769,0.3217332505975,0.356742165020644,0.452290247790071,0.291671379818848,0.313918766478545,0.219057398661117,0.36731907134048,0.357579506486779,0.422079923249682,0.238427064035867,0.320239021592752,0.35431782141591,0.259580983548845,0.338900622458734,0.398216504445875,0.319712440148981,0.39481140557326,0.396325098472334,0.348980870115886,0.354689239142553,0.511881175487437,0.422631809404785,0.306970789628034,0.308166149922286,0.34271822836192,0.415337540837311,0.284062806845456,0.164690811729365,0.50515947131016,0.43800763131366,0.334167423409048,0.371254402328159,0.271298345905523,0.301920258400129,0.274547211905682,0.305796993618156,0.314774309887787,0.291402777210378,0.327875999809678,0.359209285895485,0.238105216421842,0.427770348905712,0.285313984984386,0.372627974171287,0.352931336916115
8200,0.136158782533183,0.429656475788612,0.34870362063044,0.342746457815907,0.200543975610096,0.228439745607997,0.253612311762076,0.376431173028259,0.302861642106106,0.275451438323901,0.28408171936541,0.296928612819058,0.343016057116996,0.431298983229332,0.363468560499462,0.335539358034416,0.326818788673271,0.250160330966902,0.294732668054315,0.235700790172181,0.210039860440032,0.353551942028059,0.336115607152972,0.281667520138746,0.393896436356522,0.244589720773101,0.441358489391847,0.370438135605071,0.356478956788689,0.347758144591685,0.351445539149521,0.288446087029642,0.322130432082071,0.207125324933129,0.397028966825817,0.317980603880966,0.341470508755735,0.195198430522509,0.327009527175085,0.294344912716475,0.357114130555898,0.285301521445316,0.278891496990892,0.420552514620423,0.305276182818192,0.311602284915277,0.391830505637374,0.307960460210813,0.455764682445682,0.350003837055692,0.264285183128423,0.383250760689502,0.454071216653163,0.335111614334156,0.304590224040682,0.28795185548289,0.24379795374168,0.37495293875529,0.276715036554885,0.254056236467462,0.195382005602968,0.325955883436589,0.326989505782463,0.481446084283338,0.224608121998112,0.353513948842849,0.26807786761335,0.256702219520165,0.342742419301542,0.455846759477642,0.349795201169741,0.410485829870825,0.298953852424176,0.36461300395888,0.271324023927038,0.543612981998995,0.37840453846859,0.289859595357722,0.218197291608522,0.228610473994809,0.40050084440619,0.248613429058873,0.176220917022892,0.464572514553801,0.442918021525551,0.166464097007343,0.336659810920137,0.290599301630485,0.262253494878143,0.264501937067037,0.365329188481843,0.28688977355567,0.296048643071659,0.26897771557136,0.334913457788616,0.204211296117009,0.455010227125673,0.298830681665306,0.471038208419359,0.300998907671117
8300,0.124273128978438,0.340710400740037,0.320815417844542,0.365456054843577,0.213440869175953,0.15270530669259,0.242726731489178,0.370822404483677,0.279913159613878,0.287236680575491,0.260179613296582,0.299655892804931,0.337220169027768,0.423484039518485,0.276912251846596,0.325459329881304,0.397814023568442,0.328708119465644,0.278840500208152,0.248305935820148,0.149716856367836,0.322271941883834,0.363584940863115,0.111940296757521,0.347732731987242,0.31006440820514,0.461909770492725,0.366078601392226,0.367434145918554,0.275530449525862,0.345787062230456,0.321964489592492,0.361692362543868,0.259942581171003,0.365797797336541,0.313196032837978,0.336737053805675,0.174596042296058,0.286304445869063,0.298215771136708,0.301847002330409,0.234378199769484,0.0572772556935481,0.390225472717348,0.345692839170529,0.377854884985436,0.31454995872091,0.193822739133765,0.489549025593781,0.288487059392121,0.236139867070768,0.366034050839475,0.41496351991455,0.369621226687822,0.261283628575045,0.24959211392174,0.315540350584366,0.254737381298017,0.245085532395658,0.248819895095095,0.170746693624423,0.341845268651278,0.343003025082589,0.481641828122572,0.257824899071509,0.34115718470103,0.260019005503728,0.258063230016123,0.30990457454964,0.351007829725161,0.339861750246742,0.364944071368349,0.345987580470537,0.288310246916597,0.287638922595983,0.512737877963407,0.320638817518064,0.281624590734093,0.227038903103501,0.258430346820183,0.456314444343116,0.252717261064497,0.240846945673618,0.43922593937665,0.479638211254897,0.17894017359899,0.302712339746431,0.289494883250932,0.226845862096756,0.316532553945537,0.305876011392256,0.312109395046884,0.347119036489848,0.226184181074041,0.322888441491703,0.202515220141466,0.291309566397081,0.317850453464063,0.544312785527537,0.34168667802455
8400,0.15636242091609,0.288818628003347,0.218225851824699,0.274649670548982,0.29140714027372,0.116103861590367,0.327119059828969,0.310407669602554,0.280832216152108,0.290490200326107,0.267631285439218,0.30301302704808,0.344528986331862,0.36046593505103,0.264887347678479,0.334920442057754,0.367215880038224,0.332173740078979,0.238434336008782,0.253112138474911,0.246656138524549,0.25393460952851,0.285248863320467,0.179901228689765,0.319829645566537,0.349332388850471,0.408689678669,0.321854554954885,0.266877638377914,0.235223662337129,0.393953404645939,0.316420380715254,0.311795410902321,0.268032143145725,0.240448808085952,0.244974953385787,0.308672488387425,0.241061276586891,0.27838380344651,0.313964058067847,0.262113023625836,0.291071673216768,0.0808466464168752,0.342228293464277,0.371004273408357,0.399203623344006,0.379524270885915,0.235978601174633,0.403803151089752,0.324114685298567,0.256604319283578,0.342008540870265,0.472563182826556,0.238515132276417,0.277321394536285,0.29705552112943,0.335655094870205,0.250567816101122,0.246462500950735,0.349402945812481,0.251880118280868,0.303390737170249,0.301088873099281,0.503265859702502,0.215106019868305,0.339142018132134,0.177619531458218,0.297064951879971,0.23614173489958,0.353034892239996,0.333811549354531,0.392212525157338,0.356125782453574,0.189928362542199,0.276257477445971,0.404118000046599,0.26933876055589,0.299084425899607,0.246063180848031,0.325564529731868,0.501878672088455,0.29640505390872,0.284881632172794,0.353374178580507,0.32438941569822,0.212284174663536,0.397642251209808,0.259011756498927,0.176527984775438,0.286763628031585,0.260949657030354,0.235118673647719,0.341638613502713,0.264293352498457,0.358555229497652,0.222307676356161,0.283687610799004,0.337555247423124,0.542449220181296,0.348843867636016
8500,0.139832656308945,0.196304633976039,0.209893188043643,0.229122448216911,0.295743240942999,0.103984326281402,0.266402857900115,0.307268889214233,0.252438556665267,0.258628984253821,0.248155315235901,0.357363853720467,0.382205065149217,0.413140722948752,0.266797373549823,0.397665335991168,0.28071739544849,0.255353769856277,0.270423153044925,0.28018784309336,0.20386797749915,0.338760310710914,0.415128087602039,0.21570530395144,0.316277178517333,0.341901726193538,0.47514887197345,0.338045240716584,0.273167988310299,0.216700691665924,0.423116124014303,0.346873846637374,0.333156029271339,0.255309713059219,0.249694078923095,0.306183435537848,0.321483919607847,0.276169575362047,0.296066810727036,0.289993870386098,0.284047743220288,0.331360542284,0.127744509019035,0.240725221525505,0.341317498918482,0.34330402621715,0.339255169890563,0.219305911732713,0.409661283053315,0.328971430575916,0.20286078754151,0.390881539914444,0.420267294146612,0.262472800828859,0.317380754254301,0.307950066803378,0.383353952155195,0.234916507956025,0.210118574087663,0.429015919056002,0.240917500426726,0.278075788857143,0.20023330572063,0.390213289562638,0.269829027558328,0.222621838710706,0.187964078354885,0.160872225367692,0.321681095491636,0.385034131324111,0.305170772200009,0.385441395157615,0.226341165420343,0.118326985892458,0.281010450659355,0.448740112281174,0.322946622259833,0.302599519415312,0.326195795421776,0.260683008425309,0.426410847350166,0.277608206380959,0.312990350491958,0.394719385398839,0.342932905293376,0.21810029702409,0.293206120818171,0.290952554843033,0.158204023482764,0.339087842442934,0.227049756468559,0.219630530470983,0.281080794063747,0.220990390594649,0.362173381671387,0.23906697335109,0.222909142976445,0.342262922766662,0.416995111935912,0.302491248959613
8600,0.0832857966290958,0.200192773390579,0.152404456765425,0.200781702961203,0.311209723391702,0.164586604290832,0.207116595633166,0.240111707125337,0.265833085849969,0.241652354466007,0.266051514237816,0.291107703892186,0.334425267592141,0.411738406093847,0.279525983829243,0.330761703844731,0.317254932787921,0.260058112328875,0.268025028488754,0.266064538234907,0.274366765153129,0.243565495847573,0.434911170598542,0.266113270383592,0.28433214807592,0.33321461811206,0.441227011708275,0.293350236908228,0.263019606772928,0.172499144552178,0.343056954374163,0.314849648228873,0.299418464845099,0.258798195097913,0.301376587422765,0.240313584850008,0.237271206502643,0.282398171686096,0.260187666192962,0.27911718268031,0.185201177193449,0.416945443797003,0.0608849759459406,0.247585673567647,0.336045679565543,0.281623343178559,0.313080125222134,0.21247548767843,0.406603209192215,0.237689932615539,0.300924823160834,0.404947226039746,0.369894021645629,0.295384009510804,0.238930080458281,0.305577510079542,0.333638694354511,0.202503970838182,0.260360788464005,0.391794405773758,0.267254087883376,0.241387888933424,0.173786433110048,0.349873774237711,0.275719420724309,0.216846058865456,0.27024864119758,0.117711584641794,0.205923193155111,0.408140295896613,0.263835887595522,0.345002561156261,0.320934954850054,0.168006187825165,0.178466912005826,0.334256812152937,0.222589550802551,0.288789393216549,0.300887839599213,0.211374435561514,0.40551389117149,0.24997289891454,0.348165628965523,0.463020436658784,0.35192264619818,0.192148897564862,0.234649154525554,0.27238781830935,0.182375024581102,0.243246764955545,0.248370663512471,0.230463509325614,0.196300264798294,0.258290923044776,0.290219844448711,0.270469562021115,0.256043997742356,0.324060158858663,0.27516630650577,0.33887560691839
8700,0.0988897215523957,0.196568175386827,0.160816045151258,0.164338493343107,0.238483197207852,0.133701699942005,0.111065626822667,0.30252403052844,0.254935428376232,0.263457851608167,0.24336111598699,0.314451507093796,0.302315564446732,0.397078172308706,0.289165997490767,0.232357853978035,0.364578872512202,0.297341028178565,0.307305629243047,0.229462896322111,0.252129586152028,0.287688394716912,0.344178562503554,0.342006977713667,0.32024621832247,0.303486021141014,0.34167086594085,0.320899380879885,0.186875981794127,0.254602544819593,0.315775652691257,0.21646212154468,0.348003601281743,0.28363460444054,0.385262538252159,0.22302832494174,0.232418918523816,0.265152014065475,0.263096919655979,0.280945530409333,0.179062769267054,0.401188688716464,0.105621032725919,0.196593536463016,0.362379638435003,0.284848440016194,0.286387535478142,0.223526798913022,0.44958221365522,0.13359943687031,0.334290910224774,0.31373247758819,0.419877912552134,0.194160824503816,0.28011307062345,0.370817508378099,0.312337657829351,0.231850129851522,0.229767838772574,0.323385994162867,0.22192173090017,0.268701415161934,0.231490279716894,0.363587739816321,0.313386199436541,0.183611143723786,0.259142340179583,0.166770352315616,0.174352798726393,0.432646357421926,0.234338490007951,0.351161236823618,0.288484053974808,0.276068616243281,0.212118790820202,0.40134353205158,0.344199883761146,0.243823717275263,0.27359154760878,0.246016246664452,0.468719423922898,0.334185009586721,0.255389105206059,0.456963369346523,0.344152901763419,0.123890727395577,0.267424458695262,0.26431038683372,0.165709838477273,0.279573265416619,0.279143898392452,0.203013448441527,0.28096897255032,0.253119970862943,0.284833328994567,0.240299825338285,0.193512553559259,0.314245384011564,0.225365689280719,0.289609482373864
8800,0.11499595545127,0.28146314099622,0.16448393466438,0.2214116254778,0.184728269913079,0.151631328753494,0.102894778437066,0.226340253809549,0.264241306840136,0.347548873266985,0.292128248961771,0.370878335586121,0.359471808408234,0.375701431804694,0.208575091254916,0.0772017727819879,0.322872171385208,0.255120587131481,0.265143376472939,0.262506595489806,0.213412685047726,0.422749525245891,0.300600750607727,0.321740971256341,0.349086766848388,0.235236278651146,0.17383304558005,0.297464831999198,0.199812165393627,0.27432484829021,0.344222190138862,0.176907227217913,0.292599513747057,0.265010974645746,0.365452523478671,0.24901043823587,0.146438134017037,0.210960122704131,0.245186951805936,0.258870323230384,0.118021887351268,0.312212542078033,0.152761677809778,0.275441171341225,0.23141243090207,0.22686053585836,0.310748530920855,0.333027154091437,0.372611658771536,0.272449705472815,0.349118161853416,0.276316565871008,0.412381462255617,0.153749658700686,0.229345111199487,0.319912186312697,0.231883284147075,0.365968240357698,0.282346100038737,0.276809618771794,0.29775656207017,0.335414394419818,0.285165314434502,0.393477954353782,0.342278685673726,0.21878151265589,0.377440934301667,0.186792017205775,0.20414973579481,0.418239429841178,0.257960492653686,0.299449968034377,0.334713619280841,0.280878446035344,0.212427036086763,0.409353889994914,0.405883457639979,0.227273961307373,0.247792197106161,0.208675612904679,0.479061032496741,0.307261997612824,0.260909927628056,0.41943305609723,0.389044667470113,0.17581018565459,0.288466188725618,0.310654506137294,0.179180445368389,0.282580155795363,0.304836860542447,0.220502081309611,0.347168468143888,0.292657767107959,0.216796274411812,0.297025033569341,0.259437775255423,0.309043330153115,0.24998310977392,0.2803539679849
8900,0.198924287167618,0.20534900486643,0.157344648065833,0.245420778510595,0.167673017000702,0.183011395727597,0.138643930731072,0.295423166909981,0.253141214670494,0.340518898870476,0.331724897745548,0.353202251883539,0.280342754649996,0.271116480953235,0.27066893257093,0.0986906407467518,0.33676542103058,0.2347727029931,0.269867285767657,0.287901711897737,0.189303558831011,0.463529730000796,0.310048080743945,0.191600906703524,0.336923451920337,0.146124763644113,0.148724924048694,0.283830699431918,0.149047877420001,0.326634222164499,0.319992874386104,0.206694851467439,0.2813669891161,0.268899669287929,0.276587739650561,0.293821692640209,0.136114650097814,0.282006487080639,0.258064479036887,0.28630427401332,0.104850026792559,0.253769199250839,0.173909421381694,0.255794250658215,0.214989010255782,0.217359851778729,0.334751321012145,0.320485573747222,0.572943058031499,0.34542276770668,0.329703739548223,0.231423045148071,0.276491655513481,0.183967284561206,0.235478283757509,0.266748150537908,0.162019607709207,0.309052859206275,0.329536192194644,0.267576638176956,0.278409449145523,0.351312767898219,0.216716018848613,0.439106424360691,0.311406688443463,0.255850148450838,0.321281612170848,0.173616040201595,0.228631796602166,0.298696799979084,0.234864479351591,0.345017263446747,0.281154378329279,0.256445374588923,0.225886132364118,0.354666544789109,0.324214066561756,0.213625652975092,0.213888903766579,0.141669441046388,0.463026315389012,0.239375346152285,0.190983535702156,0.354220919983391,0.447007331683519,0.210670287769575,0.287933816600882,0.217176374712539,0.192992993953658,0.255608066187393,0.260436949297568,0.220406081019419,0.270586154332256,0.281598283453408,0.170302815487444,0.292143977411915,0.309809375933501,0.309177791872214,0.301459691410347,0.28331188547327
9000,0.181256295831626,0.156909687480711,0.209693736950256,0.289070338083219,0.216731115438318,0.197693404106611,0.121110076365943,0.342410036410207,0.250138811571995,0.291839762903694,0.347619906157234,0.414369809463034,0.253762260341172,0.315809142167519,0.394743987390832,0.23782566905861,0.356671732101761,0.319752521201382,0.229300942377943,0.279074091068307,0.18687500666766,0.453632290673828,0.279198205864956,0.252642229963012,0.308201357753358,0.179952624558358,0.134555752071277,0.23385686293035,0.16995975601427,0.30591730307169,0.276895602018413,0.227060969722762,0.371436019599072,0.266875266185208,0.222089502932768,0.374297503309675,0.0908424396375037,0.258379548309203,0.193557837597589,0.248155552778652,0.179828015143551,0.254831205602917,0.203155778462638,0.287553144494952,0.191560359796785,0.245811341522675,0.368022030414331,0.341254246908669,0.614244179774617,0.274042887336924,0.297529218787775,0.357782370370908,0.336177052418713,0.233255135868244,0.250984080298344,0.310061114209719,0.263711969023506,0.34266296584208,0.224500389312758,0.294776790746303,0.208882251457452,0.256750044221424,0.165917344450346,0.487116964266269,0.252009964647318,0.213440355156073,0.309010376683743,0.224274504979447,0.221920291322075,0.291642894435781,0.256926757880399,0.359820410271921,0.174937829815227,0.275514742965004,0.182736593468932,0.347884446176124,0.41037999065479,0.209358723851386,0.217317764275893,0.177138354725673,0.434779607360561,0.225399823234212,0.187609577544615,0.302413063208299,0.418081489125912,0.243617228315996,0.160766819832285,0.190814019549121,0.162058646464673,0.279169716619271,0.263126635219019,0.190744058985573,0.322932571945708,0.299244177296754,0.157606986108263,0.225783115635764,0.267206536129875,0.312284013829472,0.294419903644742,0.291673660814888
9100,0.0932305791186383,0.158038977266177,0.179934640417681,0.316852644700642,0.235231847748195,0.181899673551538,0.0189860809822952,0.335285637647246,0.30766689439819,0.245294596363473,0.314340004801828,0.408595751134412,0.226220748213974,0.354442161639182,0.294498806851898,0.205090595259796,0.374167298936829,0.27973914583048,0.268290249052656,0.280414372699492,0.258219664734173,0.461568516169303,0.278279601278416,0.321669996951323,0.391923053183187,0.206291209546077,0.137076847383205,0.2500182633414,0.152636110197667,0.276465381115238,0.290722767391219,0.203407002277713,0.31541194736738,0.24674520332901,0.293951478590331,0.333123522276304,0.219833101841248,0.207213890663461,0.191879038915256,0.194330070020489,0.189884657402822,0.329285198595018,0.257299785945959,0.255096600886352,0.221024795993871,0.300550579764476,0.361805749041144,0.37694484850711,0.598689022164391,0.255415044925825,0.275141527510022,0.361800310722642,0.264751680219388,0.321734662723504,0.216308498827542,0.308924141716017,0.224604226541875,0.351376952290315,0.215681117724622,0.26733173343049,0.233561066350431,0.332661961496997,0.180882514829486,0.427998513396449,0.271248219487234,0.21611999780794,0.306576550580945,0.26189951520109,0.242617656254723,0.241041159522418,0.247854123125429,0.365992637674785,0.27031557038802,0.254693052845217,0.195467119048807,0.336062098976851,0.437487537898582,0.223833325100801,0.224098850205232,0.197273523289416,0.446641400411339,0.244855722571944,0.234166241367732,0.271011758610368,0.372402245555958,0.20139531280286,0.170520320271916,0.20466217819416,0.243121771056287,0.32621222676762,0.243287237998517,0.206919557799319,0.243952448287878,0.333448190390687,0.187687082969605,0.247416326580511,0.217048976784358,0.317069899848971,0.283924703847995,0.239193970733888
9200,0.0555810266386388,0.156472973294915,0.166099620536561,0.337687219539955,0.250551443532184,0.232421156317745,0.07961845386511,0.225632007169873,0.227332315284286,0.207444016805555,0.253827544581552,0.308888064549844,0.292399284453314,0.248688254428915,0.154261069488643,0.183017585277354,0.34024536577102,0.274350720641514,0.274867617314494,0.257959160005539,0.236431500353584,0.480656037010909,0.239706595671065,0.270834959492181,0.234544534497312,0.231530283986152,0.249040438279867,0.222195155897487,0.144223206053518,0.282714848062817,0.213109913601336,0.222933358758102,0.27311506731431,0.270496714958663,0.296169325196072,0.272623721624679,0.292044321635722,0.236803583991362,0.171263116187081,0.195250685363199,0.177751713127122,0.284218757726213,0.31267472386634,0.177305590919404,0.24702984535414,0.284833101728943,0.346694628328334,0.349827376809573,0.432041564885071,0.28585170796253,0.301366583748965,0.326797161687089,0.338730368127188,0.361988567483419,0.197320297950106,0.284686884233737,0.212789465397323,0.404154474036962,0.152473723417617,0.262169591772243,0.2537305533021,0.275820317421911,0.17074553972357,0.388715771588165,0.275291504835741,0.264720429178789,0.27158984308336,0.205603249282801,0.207551770942411,0.248011540910568,0.185200016780374,0.379201985275179,0.289800283705014,0.208373800193907,0.20239493444194,0.284906067717949,0.34009264944575,0.225515697732848,0.250181684309332,0.189482528789669,0.391524203207815,0.25860950690974,0.131902153730979,0.220943360134732,0.362292668817191,0.273894823617378,0.172328253626129,0.227234143514642,0.230638097906989,0.326477257177617,0.227665513293862,0.208832752369409,0.233374280786281,0.286788944545163,0.281447338267881,0.270639004923761,0.271905955449879,0.288776512575554,0.186833076606635,0.236843186501143
9300,0.0458892888918009,0.104213531255737,0.204455517976595,0.396647964067364,0.232048843918901,0.256198466816433,0.14816323409616,0.232565923585782,0.178832039272316,0.193996895158795,0.275867546937438,0.236245600685883,0.283650870918877,0.217999388399905,0.269302015656943,0.171188980275884,0.258356510980183,0.364782195477777,0.261912368725307,0.298339062163044,0.189528609144567,0.379413361461981,0.243230264906273,0.247011758136241,0.313176684071466,0.220376046010287,0.265235572392803,0.329878853874184,0.261487308569401,0.273419110800764,0.188468137304022,0.251400013574963,0.294126861617904,0.217897392161917,0.334867728789564,0.286188225117905,0.302918267528793,0.242668452008745,0.104383679830324,0.189891047639766,0.11510432456346,0.24658206468776,0.298163228774134,0.27085752862869,0.218366901605533,0.250948698836048,0.364529865400171,0.386590202668641,0.517068433488735,0.318658750718228,0.371681300878218,0.353624444019776,0.387972535003468,0.333011263051649,0.156394465891486,0.272000425552597,0.141862333175908,0.452405350704218,0.235038144096663,0.253120044851006,0.230025117529253,0.286697825750084,0.160245125983848,0.3383829208191,0.306464670767714,0.369206899632102,0.278766260696574,0.196387801859254,0.256267201342272,0.342387848813668,0.199231768147404,0.33077175489397,0.260360167822248,0.246555889220159,0.160520666817647,0.357933729069691,0.305509769496204,0.196537345267963,0.267253538595286,0.169641939617777,0.309110335005905,0.280423181602057,0.15270328308333,0.208051237005123,0.385634776146446,0.193836634268575,0.209221102059392,0.216050934318672,0.210645527376665,0.307512781247551,0.294587213711075,0.170002399474747,0.203693541552994,0.208591519904878,0.292922991372685,0.246821374066887,0.187226866089569,0.292490911754177,0.17159394188623,0.254219315060331
9400,0.0917856410788086,0.0997437170748001,0.145137746858904,0.313581053007766,0.180454015565232,0.200702570468228,0.111906583563581,0.131373643639859,0.171580615399207,0.250126886769297,0.225891506805295,0.305938451387314,0.192839467698863,0.246139081866989,0.273830679052736,0.177689567938955,0.263395347591634,0.372017667692354,0.224629028028006,0.251905401519614,0.128600139715135,0.420381519527695,0.24279946547781,0.21885762493801,0.258796967445868,0.241108945805233,0.206263118867045,0.289486478476032,0.343558955912144,0.212748146120064,0.166449753515183,0.267547453584529,0.269610786285865,0.182546680430267,0.343556906208968,0.294310974159634,0.207857124616252,0.238251067837497,0.185713207268965,0.173256344904202,0.134689239880812,0.304213030947426,0.188660772872535,0.252103775479008,0.186571227708941,0.240963890132218,0.316729572640762,0.336596368950846,0.370673541271418,0.399046498756089,0.360160585085738,0.327803210172859,0.418917401270257,0.411546737049551,0.120160032483521,0.232348400826758,0.206639522695748,0.325877528896486,0.199600556487059,0.242881898484961,0.24374118647286,0.219005169198002,0.125029031795254,0.339551721276892,0.279951118755592,0.368565649848647,0.327201371514574,0.257032714839439,0.226140994369799,0.36726207789824,0.108761843312173,0.262703627593464,0.188642254997803,0.202577420244186,0.137274295488713,0.356935791335487,0.243795396218305,0.174314475632174,0.281503573332098,0.154528825320017,0.314343820269136,0.230473634928765,0.136780424507086,0.14100137880573,0.435662674391392,0.31912256247184,0.200843433639192,0.186146820377782,0.198739375439231,0.285903884503581,0.247011058045185,0.214065409216709,0.199112777352346,0.185025461348112,0.277867157539255,0.277780350496654,0.245629126898782,0.271382226629115,0.117456474734542,0.233808302826784
9500,0.114110286278056,0.0531956091053969,0.151020003202153,0.268692192748965,0.145788624607447,0.107808587740042,0.111725568818929,0.271235180153103,0.166743221264538,0.249324884210306,0.198606074101386,0.348341257803893,0.239424694927608,0.257091295351434,0.243101434299801,0.178024452562729,0.224003612687401,0.415009790802452,0.271872078856985,0.264567878538066,0.155187189580973,0.274897592374674,0.198944806696692,0.242718723249302,0.344964069694251,0.237463175929238,0.189505451736231,0.322683716617357,0.239815380268341,0.260001494163226,0.0767060989037659,0.29651638948256,0.159018444864526,0.231764205245803,0.359695580585368,0.224969257529122,0.237045061252612,0.259530157815496,0.187412298597303,0.194901965297547,0.13425719613285,0.276497733579623,0.233839770942309,0.269116596267592,0.132513896146755,0.340728470568914,0.268518539579671,0.359451394245426,0.138531978582248,0.427847119744681,0.295877854980128,0.197212452241952,0.383897409414997,0.265514429361181,0.169589850984784,0.27029800481932,0.188259412640993,0.354754243219186,0.239928708802096,0.227379172396741,0.230220765353421,0.171887140836721,0.176297874396504,0.275505849835358,0.23499888387721,0.318596709713895,0.362006280548936,0.256610990619818,0.195836055584464,0.316737024122087,0.169999486007229,0.237986431361884,0.171187807605507,0.2173141175743,0.218281271286224,0.422973432736505,0.144615748879584,0.217271226710637,0.307442426490943,0.105791730978909,0.358093857412667,0.21715360468964,0.0844585465780124,0.131388335137205,0.408116472170867,0.350033202961847,0.223568271971757,0.21465874663859,0.216917158237816,0.216967607655188,0.256837664824388,0.150066647976828,0.237787826964986,0.194474178461785,0.302028265961177,0.251544369186157,0.307384156767022,0.290816264603715,0.169030342139187,0.255712703604786
9600,0.176056061415597,0.043951754536691,0.208553533176875,0.315650061072449,0.182671442004056,0.117372418106371,0.188719259946273,0.322431400093816,0.268912314101055,0.270804532045728,0.229835598531938,0.296599324057548,0.220597786732001,0.147129288675751,0.212639094293768,0.144619600489063,0.259388352012567,0.359054278257648,0.231686209970832,0.292207564789315,0.157706306174573,0.323778668456575,0.236632477412194,0.102491824482413,0.364464060231521,0.280791987661398,0.199189464122189,0.395709244255147,0.129464540109666,0.199803609307649,0.0847189466208554,0.276668846112397,0.182908921189351,0.237167030659882,0.375423860854532,0.255000846595369,0.250743583511237,0.234973858039692,0.207266954103675,0.213973285615614,0.114543052209095,0.205429527234325,0.200980595806062,0.214330519270103,0.224674360793266,0.327028000354469,0.291468199104059,0.361941412848461,0.277884028942157,0.362690107784206,0.343543283398671,0.163373809539562,0.35629669751996,0.207402421007466,0.16164001478057,0.203012617464084,0.22203616304937,0.378675086705986,0.263350628329788,0.24721921683129,0.212971769869853,0.25028656621175,0.178020260921955,0.283441309562983,0.260546439588083,0.17770510902224,0.371417092609813,0.266236062613728,0.131458193122636,0.236397909646589,0.1398513849126,0.184580826577137,0.217119253355804,0.163647394784125,0.210732376471037,0.389335852884519,0.150578441381269,0.2099578903226,0.304361773854684,0.120087085736263,0.210370576717307,0.211979776435226,0.0605587039684699,0.0778302328997843,0.339023638227261,0.283219661996611,0.338290042537954,0.21854000855311,0.205483547063052,0.270047493106924,0.3024264726708,0.104878142254063,0.228312642423557,0.176280599236545,0.27475945198137,0.278131730966446,0.317240862278825,0.309893035026052,0.240449894913874,0.206068893770392
9700,0.186037752124213,-0.0438762733124746,0.266503856635747,0.233810341073652,0.153928913378898,0.118154494256969,0.159246685181342,0.286222413803109,0.277982178694013,0.208279916895889,0.183608710801712,0.300022901762802,0.148085332582899,0.104744773619066,0.276642830132222,0.148148090146831,0.184951737278785,0.305175419935365,0.181090963840267,0.250213106603771,0.1673548612019,0.317162448628336,0.315507390535192,0.0712286153679784,0.325844251580837,0.373598217794901,0.175564660644281,0.372596083759817,0.150175396491409,0.232206249590781,0.102813634738638,0.224039783098203,0.130172855336241,0.215672374335733,0.326669689824828,0.240257910166097,0.204802268422162,0.182023380222962,0.183903267314629,0.21176350007179,0.0896857965269182,0.192292785885042,0.101313856867384,0.139289725162989,0.220618501039872,0.22133999414132,0.291695847950957,0.432699830077339,0.159286701996283,0.31340761646379,0.368418319725581,0.182773989604612,0.274286274048655,0.248291619401659,0.174217133748245,0.194411630458081,0.233016676487923,0.260462140709919,0.17831298810205,0.320182947374249,0.224537317346678,0.24518714115421,0.181425432853854,0.275751307659138,0.254960743458302,0.0293425366237375,0.254462551987484,0.307699494938289,0.155737640614876,0.109236718644911,0.149953764976962,0.176545383390811,0.246991575296367,0.183566912553495,0.203535252098162,0.378335650040553,0.133393491382568,0.150198225795775,0.318241523047384,0.179910858425416,0.206099139092972,0.263270208665663,0.140978703498101,0.130155156012884,0.335144634075687,0.25616723320801,0.285331888074592,0.257124947209025,0.205313385684446,0.256997380536344,0.286935031103803,0.168747562796501,0.271585547235334,0.227954515320471,0.237663039898397,0.240430610051009,0.476198222121962,0.320769142665494,0.289750112758542,0.1819335795648
9800,0.130130528266721,0.00450836157620224,0.274103045328633,0.269777599815876,0.174628868128744,0.0769582789495873,0.141902126917506,0.276208387965379,0.23538996104716,0.174370833320364,0.185658140733549,0.350509156999911,0.144758458931984,0.166021933086752,0.296091192721918,0.0974365171076464,0.0943484835388762,0.278920713056209,0.160105179551914,0.266809669949723,0.147612340138463,0.303536002774578,0.218425698597337,0.0485745872293013,0.290828479588998,0.272702921519948,0.142616889915777,0.344973444248389,0.208665784984013,0.118660768711915,0.0943660480159725,0.146582005910151,0.138201183591543,0.218636108749682,0.204350686833768,0.278790521003069,0.263513529090136,0.185768900810897,0.191257765828799,0.148074029194304,0.104601769932048,0.214717186166101,0.0689782688724568,0.0986656031991509,0.15980713671057,0.178648704436175,0.241843142261518,0.397060286335213,0.266368665285932,0.34668118658849,0.349072520006886,0.229467505433931,0.212458964329522,0.159824968757206,0.158025796283639,0.235395369045517,0.2356037149829,0.230058492530373,0.203390872336631,0.23361072041132,0.267076607824896,0.28909298149832,0.105973769430141,0.299539131525266,0.162446361127702,0.0892583611874819,0.176624297497455,0.229740678629106,0.137689440996054,0.0152769463776202,0.102632658414474,0.127521601353119,0.213465513362585,0.137115878108093,0.159720945391247,0.254835769339672,0.206860048651849,0.079535270550451,0.316900092524037,0.166164250953551,0.159588874358624,0.216252493554404,0.188286740262942,0.11107954050788,0.35282642175004,0.269203155673048,0.278959748731723,0.298687802551858,0.266713483392879,0.250748136917205,0.357058149159181,0.175790059290581,0.345326933538314,0.225722609224077,0.188213421875942,0.175246697074286,0.451067114443523,0.268602419298465,0.232557766572976,0.183423937107316
9900,0.0907713506899936,0.0457992069398584,0.272914161334265,0.341647653709147,0.152460922741278,0.0148302982957016,0.0787222920487332,0.230233457692928,0.243400193685239,0.0846475629313772,0.112122524734853,0.304690292264223,0.215382459899428,0.0355708938710026,0.375853540245808,0.0680802524199568,0.0759654351498782,0.230948121581872,0.179622812805663,0.243122766768129,0.0590694658254688,0.296186129090676,0.156530876827849,0.103863545199269,0.15636258649763,0.18630300550182,0.113602574154765,0.233580746108727,0.16744090102427,0.0580829854522808,0.0913221297323433,0.152081965693712,0.145575589905475,0.194774085245134,0.127529320981467,0.254632954020013,0.2493244057604,0.194992533011298,0.206582997852672,0.183020936989451,0.169177100221503,0.127729985998329,-0.101904414811606,0.0982339143945112,0.224908567332343,0.0790214559430147,0.148857020465165,0.34395425358605,0.164731925637134,0.318858513899767,0.284336003555597,0.16931841281579,0.204394477871406,0.172823318971257,0.0381354819454511,0.193850870396195,0.307642266137576,0.223128067736659,0.163512817232493,0.219202443110525,0.150534560831218,0.303428771344572,0.0984630853549522,0.274599482263801,0.168606625092042,0.13960849573161,0.159350320127843,0.14721854579732,0.119761111956889,0.00268247123689755,0.137960373845137,0.144444576365831,0.203579146680652,0.138906146457393,0.132121004651651,0.241610943226004,0.15830636491926,0.112615392381771,0.199915559337174,0.153704025622677,0.0219809372267531,0.163848087694119,0.0997806554496246,0.0692541453409314,0.388506835002627,0.300472305367031,0.228120874214944,0.241323090278915,0.224633466869961,0.274726073743917,0.341382809846568,0.154160852496178,0.238320875487595,0.185744691600298,0.195557905643164,0.101822262824712,0.348879469179415,0.229375584349217,0.247158723974151,0.103695193392211
10000,0.143265701548925,0.0711686743159173,0.196975521015402,0.210846492376248,0.0672702881208699,0.0319843958366348,0.0332009656772862,0.240976743787117,0.185381475918321,0.0582654199665432,0.147488105593143,0.266643566301812,0.142463715929353,-0.0282029775432429,0.346023055318666,0.0359005175852762,0.0637531955582809,0.166323065376409,0.169824235045187,0.190006656931546,0.13126007641024,0.296123985506506,0.196653923621095,0.055565335716576,0.0457738073308311,0.259431705553365,0.181583778323114,0.186896434142386,0.135822306305244,0.0209240903189402,0.109277670142836,0.140632189145148,0.129431894719549,0.17919230062999,0.0972128026916314,0.235747278028524,0.21800597175617,0.224284355107737,0.196288716977519,0.183812073772812,0.122793441470327,0.0736210638311468,-0.245839031412568,0.0728825081742059,0.256058647685222,0.0805149965481959,0.154136925816582,0.271406562515803,0.106018751288281,0.233694321034566,0.264509825806517,0.23140188292983,0.0789391901228245,0.176072496315997,0.0259876053541621,0.150321085940436,0.260668975845805,0.230376120509404,0.0563176330992154,0.114512542814554,0.140785178057349,0.0934518235766298,0.0834196186930168,0.233140114210282,0.0940381800477842,0.131529894350279,0.206126371908873,0.122043575533829,0.144391774880933,0.0833343868900886,0.174952128748854,0.172638671164189,0.148119389955255,0.0828616965975583,0.169333230713289,0.0932477178544997,0.121920050718812,0.106970534860203,0.193613378075126,0.12912639798575,0.0758187465890083,0.177232582665875,0.127249844113189,0.0399644775193965,0.27136016194375,0.219364371248646,0.202541148868583,0.219751506032623,0.242446882496636,0.275930431818984,0.282008388533095,0.135755848824887,0.177140166410215,0.14675434753218,0.146229747524687,0.0935488918151477,0.275225450535129,0.228133513532323,0.150996056342721,0.188395751427984
10100,0.0633918522944446,0.0915791342785674,0.17667369303432,0.132580862533311,0.0330107483421008,-0.07914183773042,0.0456010874358084,0.25700705790744,0.129437317461932,0.0948322689653903,0.185548743342826,0.280463569352874,0.0514815154258991,0.0384614085499295,0.25533259343774,0.0203695772953657,0.0349522732342853,0.231797990046983,0.0716950133609784,0.167908199808646,0.0246770857373506,0.192571943558708,0.193529938235948,-0.0626706199742845,0.0147310599440255,0.233869295552678,0.174714397859795,0.145610805442873,0.0196021842965219,0.066070235141385,0.17328373512624,0.132240710683032,0.12518131696361,0.143698920416024,0.0829618253874529,0.141990516156765,0.161110701155837,0.267436791929719,0.148002482590981,0.207040321380343,0.0540516405605891,0.181688611426164,-0.066930840481557,0.107579404935525,0.242420060122645,0.14821554764387,0.105243672494773,0.257511487658819,0.0252921062996964,0.178370349324625,0.162291831436078,0.181835667330254,0.0250172619813897,0.0974293813487145,0.0899734365400297,0.190779659846409,0.373299602023302,0.289578348405512,0.143538590642044,0.124615130888976,0.0985486144998825,0.124375557382007,0.143225176613928,0.202826195422826,0.00220543250207059,0.093710915574806,0.145884270093216,0.164827519424032,0.0939113026678927,0.0290738393434097,0.217644326557115,0.0692451863796728,0.177488702368993,0.0574082889211428,0.158287829006395,0.125848010991267,0.179323604866125,0.119008908971561,0.144636369171715,0.180851212499672,0.0711488790825649,0.199762973399105,0.0253140528863947,0.059656515975492,0.150197304495695,0.092558386886039,0.0587964640518641,0.189915525786799,0.288194730965838,0.286619742902156,0.257783611566406,0.13675976155006,0.189369330242194,0.0423254407348158,0.1125078031833,0.088813620875752,0.198283518532015,0.232045227995139,0.126703043786419,0.142806681452802
10200,0.0564554658079216,0.0573690094179095,0.134481789027748,0.112115552290405,0.00985512032315036,-0.0981262546800197,0.0098106773478116,0.141321736961761,0.0622271600228055,-0.000831252415582212,0.126333460027526,0.238195695424254,-0.0302339100967276,0.125291003358799,0.212193394976387,0.0133725489075692,0.0431138851268703,0.187676497807277,0.0961607375334695,0.125049052132915,-0.0145127629351756,0.169506813491261,0.172905352600605,-0.0189392050302326,0.00935231243422832,0.121805380802953,0.0533700305388335,-0.032549427878098,0.0423320334752426,0.0476147722235467,0.0549586493215083,0.09450751455188,0.0557690976709934,0.163109910590798,0.0931925131919057,0.0591796707923371,0.154508465419162,0.204094491633358,0.0582317915568942,0.206708792707363,0.0248051926420522,0.153505161455095,-0.180517902166069,0.0530562956381709,0.152687676571294,0.172500873562514,-0.00775979716520483,0.135186501569791,0.0240538742256932,0.0910902327964208,0.146854601871284,0.0588294087652269,0.120415522352464,0.128182926185742,0.137796479697066,0.241660065269684,0.236851160636172,0.24205700184891,0.178170534745917,0.0762068691818567,-0.00679497875352389,0.187956187711245,0.2418018698111,0.104350684932567,0.0650444598236928,-0.00263085311996655,0.111163917268999,0.137295164350662,0.0789163719124104,0.0572761559069355,0.171200870908954,-0.0135486357920741,0.170531384691448,0.100703689979354,0.156199728522861,0.037776071941927,0.190358147088853,0.116464790004516,0.142252587491397,0.163822872217823,0.0124854433650425,0.15081580656315,0.00905396351938306,0.0778043775552333,0.175568639802909,0.128301673052021,-0.0720154494098221,0.0994866291371923,0.198594541441846,0.241838518542602,0.29915325699195,0.0900234428702655,0.173196033862446,0.0162790572531423,0.100471969658996,0.0139655840819477,0.0939745551161136,0.202417279868166,0.0821352364325052,0.137813174896903
10300,0.0791053859765164,0.00766181822683684,0.0881798563336599,0.124409927847901,0.0383408773005416,-0.0609423972143043,6.54443029916019e-05,0.0272145821439655,0.0484853207567351,0.0283546782643953,0.00160037240574676,0.23339622826882,0.0279122973887235,0.138596375670972,0.218508670952128,0.0465219152151712,-0.0245488265518148,0.163085263177785,0.13665170563786,0.0786513789820837,-0.00367320902554649,0.169900677710508,0.0750702494549294,0.0055162958949245,0.0325940002813944,0.0708436066555337,-0.0597371743671325,0.0369087819020738,-0.00598846198086131,-0.0122751260237092,0.0939951525762716,0.0982766614810547,0.143370512644595,0.130300885731897,0.117332741467726,0.0601919217345432,0.0829506859587363,0.197152662219628,0.0354717909257404,0.157715391103475,-0.0195436293340899,0.250973608703472,-0.158169746691931,-0.0413393530385679,0.133379485360444,0.161786391429671,0.0879805376487766,-0.0111706532845131,0.171294485751684,0.0641132560733863,0.147418785245909,-0.13380430513168,0.110371536203896,0.117389147718775,0.104868316973566,0.164245044949865,0.161702390010775,0.235314052805193,0.129147727580957,0.0475716187595273,0.0173599227089915,0.161354692899593,0.187509394758844,0.129562526808095,0.110375665544162,0.00812903502792997,0.102964635180706,0.0574637871451086,0.00685537376589287,-0.0201479514256047,0.162392481347541,-0.0171672970939355,0.101714685351206,0.12275823193,0.178957428253241,0.151593306938565,0.0918909497632484,0.0928726486862856,0.132256875453294,0.0984371599280075,0.0420900364032814,0.177196744698638,-0.035760897926317,0.00182960888303219,0.236099820979121,0.192544330880527,-0.175370892699628,0.134731723511644,0.14762552917559,0.0849419653382731,0.191541426590149,0.0792684122564965,0.097466877614924,0.0163777752122455,0.0274752855641154,0.108859909078914,-0.0156732028924903,0.205397468387019,0.112452336165762,0.100548740475756
10400,0.0832349673134385,-0.00626015116356973,0.144139613630421,0.0457597957457283,0.0598361157141729,0.0303268622515652,0.00831825538496112,0.00659372962865265,0.0314838023459944,0.0811986162106136,0.0162354292301506,0.138280932106497,-0.0170643686168368,0.0806674726755101,0.0775949343745972,0.00323863862618665,-0.124303585826356,0.00595127076001115,0.0450952422212189,0.0364415137460473,-0.0459025146768291,0.152523383233663,0.0843174042025263,-0.00376254977411097,-0.15196860176566,0.00217176968426891,-0.0365159411642419,0.0652313696461588,-0.056170089441295,0.00242936483147169,0.142164210190816,0.0810841337782688,0.100231099529832,0.0903941032229779,0.0332255808697503,0.0881064851525543,-0.132758065022581,0.111672040660773,0.0868446911516177,0.131235529403159,-0.0867486532221497,0.0889048698392279,-0.175553331713656,-0.08035235089842,0.0318152296892547,0.0136117078302409,0.0442891485517252,-0.0731876350097218,0.121991928168983,0.0524336122675813,0.0227406457648391,-0.0388806553930698,0.0950909358561461,0.230983543155339,0.105122861453176,0.158261225436609,0.0703895032816662,0.146326869296317,-0.0129022766133181,0.0687544471620481,-0.014070193741807,0.0927724909268936,0.134337528218979,-0.0228801997154651,0.10007375452241,-0.11603519669117,0.134565519765321,0.0808302302738472,-0.0942141449829938,-0.0639041354868108,0.15461926984714,-0.0140808797249749,0.0473971498466399,0.0239015350827082,0.144576163886108,0.0988255443515859,0.0953262189129588,0.090363372490383,0.210515570651936,0.207501179941385,0.0734653477543409,0.127712395341407,-0.111403232095058,-0.0435910840461802,0.148650530106217,0.0823560896500505,-0.0588008353003469,0.0864084984947787,0.124931834989688,0.0445190846068329,0.112507265573302,0.0796106240763685,0.0463837309374786,-0.0358989591647125,0.00985782639744379,0.134937861939614,-0.134263145222744,0.177223841429568,0.0748829596750663,0.138383444605519
10500,0.0298084489658738,0.0501373961203128,0.0830559363647067,-0.000816966463635299,0.0296429693097482,-0.0791741620231137,-0.0256961533522266,0.0950073662737525,-0.0419860412051689,0.0169768951582147,-0.00708958225712872,0.0574860517690447,0.0726841548438878,0.136526278262229,0.0138933101590888,-0.0855195565002466,-0.175368923891572,-0.151873162062945,-0.00293046527457694,-0.0105420810915192,-0.0736490848616486,0.0835494704083491,0.072490214925991,0.00564552016739769,-0.207389897695112,-0.0526941105942954,-0.154732849680898,-0.0810921035021143,-0.197580890130864,0.0198633408648505,-0.0014881686457244,-0.0095975663799919,-0.0772337281414247,0.0306130390259488,-0.0573335833168433,-0.0329014643524302,-0.138659417989269,0.090911829995023,0.159740026122921,0.132035674301189,-0.109744198255614,0.092949714861512,-0.276839212240613,-0.152716999274795,0.0399147742570031,0.0695276103695972,0.012745599400821,-0.133994168102644,0.0381748467150953,-0.0242165462695461,0.0509371078480003,-0.110822760798051,0.0816595118432953,0.100450010809838,0.0699510217774746,0.0868989306930894,0.066240410123056,0.101523187402647,-0.145824653771698,0.0414671536258479,0.0469702622328161,0.0886223441043314,0.0517526837117371,-0.156019368728865,0.0243513389298172,-0.0923020306793133,0.136809332732446,0.0533535235956587,-0.231991956538076,-0.0761945854653761,0.102531913677842,0.020712461899294,-0.0234292826995961,0.0172352869144277,0.0260480956742445,0.0329457048197288,0.0084760889382231,0.125535860539269,0.214231094169639,0.0347527370594277,0.0340507581539695,0.0668150736881735,-0.186909158981598,0.00740110258460441,0.1999290699349,-0.0787871921600257,-0.109715113757673,0.0538130658622016,0.116202384519256,0.0697198600918235,0.0483820283630046,0.0810919433114277,0.0992421373348545,-0.103767382672403,0.0256447805990805,0.0807264441632088,0.00572563555581204,0.18651757524312,-0.00675226088247169,0.0774879404005947
10600,-0.00696542835121852,-0.0170040174818908,0.0486013772187813,-0.0193204175854765,-0.0807537281988253,-0.0470324364892852,-0.0865138010970649,-0.0569390543002726,-0.070548537202704,0.0556547620111719,-0.0336924653338113,-0.00206768104995522,-0.0321610609465224,0.132869842610766,-0.00200131058637917,-0.0286714098766984,-0.240186618970045,-0.139314779874424,-0.147307372433778,-0.0364328553917413,-0.0643600226346493,0.0466843720138727,0.0820399854757408,-0.0917435148050331,-0.155536822657325,-0.116882956199022,-0.208880517058822,-0.179618903014999,-0.25502648655545,-0.140610715278587,-0.110230426541958,-0.0807493698678296,-0.116393799419025,0.00523799351095441,-0.0860646161117787,-0.00421881030429463,-0.243437509640465,0.152618424836224,0.0586957859087245,0.0917065531374318,-0.146399755663094,-0.0382207257401188,-0.340582399087877,-0.0757316992021931,-0.0290727710763477,0.0729642706876487,-0.041273244115033,-0.184805512826154,-0.0458165257449985,-0.0507442910121561,-0.0702530333747577,-0.178911774965585,-0.0287300226827678,0.00751028028429615,-0.0424826908397923,0.129888626953314,-0.049360119972035,0.0283938583049209,-0.146748997930164,-0.0179577224182826,-0.0206121995393485,-0.0423311915361968,-0.0203026672767392,-0.243966372657245,-0.125704664245764,-0.0588021060693835,0.0214095525405019,0.0949062910390474,-0.199792861374895,-0.068115788211655,0.105205909331871,-0.0661563327479347,-0.0986687101388114,-0.0112165401661355,0.00106559728252606,-0.0514294674726612,-0.155807314340245,0.0702405880822557,0.120695023616237,-0.0892415133773301,-0.16235927759994,0.0427768923274104,-0.184284485239984,-0.0955270539764076,0.00725230759007747,-0.235461819961789,-0.0549308327795345,0.042094166339031,0.0721680406513294,-0.0719027278343194,-0.0875674815520297,0.0665214105812381,-0.0142773332302995,-0.134478753180845,-0.0344815009190786,0.092064837950261,-0.118253560048536,0.137875287233123,0.0415618414458231,0.0541441203833033
10700,-0.0662807749621405,-0.208003834698405,-0.0953112102266247,-0.164383856604109,-0.0750705042077428,-0.151412992554559,-0.13093519253286,-0.091420290176764,-0.162598117977012,0.0871755885844458,-0.129814052272341,-0.0922423698501806,-0.149892334290574,-0.0180524941499329,0.0969905165263414,-0.178206337381878,-0.236886011156826,-0.169464162185956,-0.160285554128075,0.0120618628860856,-0.107368722589846,0.0381797729462617,0.0363433673359736,-0.221818639042143,-0.134458904134413,-0.118173317575736,-0.116492219849132,-0.359423009787836,-0.33804329799246,-0.23548167775382,-0.169261828660766,-0.1858061946203,-0.204283771484028,0.0362935798362017,-0.201879390601315,-0.0160950108161069,-0.275035208372755,0.0765768862614233,0.0603377853410016,0.0371727571532716,-0.174974736467402,-0.0303644583518266,-0.449090506358917,-0.123443369942516,-0.0787534574027424,-0.0515376714832268,-0.189613791130008,-0.18930328634878,-0.179442014073532,-0.121179790726959,-0.161977528121108,-0.277815183781605,-0.0683737881538448,-0.109530207511564,-0.0671309049366185,0.0803492976912255,-0.0726341760373433,-0.00846324319598962,0.0404779961758295,0.0675608944012911,-0.0154650071118003,-0.0870625564726853,-0.0615767163384052,-0.369318494097448,-0.1795578406085,-0.111073069922746,-0.103109636129975,0.0392027975969848,-0.220213429175131,-0.090035334664414,0.0225881135457265,-0.082361399363294,-0.149379800281231,-0.0546648062852337,0.0224438352486877,-0.155072920679182,-0.16823306781104,0.0701903565143049,0.0406852549366871,-0.199662717981827,-0.157589399583986,-0.0197461633208946,-0.253524548785334,-0.1357125946525,-0.131909930535724,-0.126582195816422,-0.0319727735621085,-0.0241704289041174,0.0351135897416055,-0.164396102745032,-0.18874306240434,0.0237135911376932,-0.0702865013309961,-0.178271584646807,-0.0828768222833279,0.0319657740346823,-0.223669124202819,0.0117212598738108,-0.0115248710392404,-0.0617389181848327
10800,-0.213395061500567,-0.186670074220428,-0.197305700181643,-0.276516652969858,-0.113240846942376,-0.26128568553827,-0.166491627179941,-0.239302430504358,-0.155709525373261,-0.0896086530311888,-0.113819996708808,-0.131943061202727,-0.200384028089747,-0.0716023701483886,-0.0427775769162297,-0.232918076518672,-0.218621109794033,-0.207742548427702,-0.253582960322032,0.0180344668539948,-0.198426678498322,-0.0357012996388999,-0.0702249501517645,-0.298075779496852,-0.272842957485511,-0.201137042470418,-0.192059227306411,-0.376478175434067,-0.35561416132008,-0.318171668489368,-0.185640667182539,-0.192022600739431,-0.274563076142496,-0.0100458928554429,-0.201444913082503,-0.00954611294769117,-0.261781112178696,-0.129012838367022,0.042498516117286,0.0151318709006897,-0.215915579196844,-0.036591791464315,-0.39610770130401,-0.148528947993044,0.0128776330063518,-0.24126162855229,-0.131607754390772,-0.262631630992064,-0.411974122863077,-0.387538090853054,-0.284546379772802,-0.363253119289528,-0.132928671669363,-0.0985994571622305,-0.163669771304068,-0.118768710884354,-0.199849044923876,-0.0714061681812974,-0.0446735876226686,-0.0325135907149774,-0.0371542712785175,-0.205837465409051,-0.0331563268818189,-0.549546315241134,-0.117395127740265,-0.192381927888431,-0.155344762955182,-0.0501478667610848,-0.217103597972899,-0.290168712480924,0.030749887931197,-0.176556276749589,-0.268934773070105,-0.112907028842911,-0.0510489499364978,-0.147389298054736,-0.244837889321123,0.0010818050432215,-0.144109935789227,-0.251081831985058,-0.186018825915203,-0.100032733901845,-0.166520027329102,-0.140916113927672,-0.107774605709932,-0.245036655709344,-0.106338074843909,-0.0514219163207792,-0.0157908206934604,-0.244556237819587,-0.200709091676767,-0.0529740892038111,-0.164371957266698,-0.160424001978714,-0.176543104342097,-0.101138760961319,-0.372303095275327,-0.0545191458620822,-0.128190783122886,-0.0722208551055998
10900,-0.236890809152718,-0.149171178952392,-0.222686761122349,-0.428666576817685,-0.104963228616859,-0.263808652170962,-0.182832052698537,-0.358986822442895,-0.118271472884721,-0.151804510785959,-0.221265983644813,-0.100065878132944,-0.207010114647046,-0.28730007274538,-0.204146517328278,-0.264109467404059,-0.291123135303174,-0.280877908337059,-0.300586584902592,0.0437005871552997,-0.311560932165029,-0.216740754291626,-0.109523076790395,-0.286090188867677,-0.358469530823996,-0.155469205191284,-0.235797208158977,-0.326106558545658,-0.377317751649015,-0.419798454013391,-0.328270178916481,-0.222226214609809,-0.350625603686641,0.0160030427967575,-0.226594615361832,-0.0238222692285479,-0.29842763988846,-0.248059640724012,0.00235760064975046,0.0166882585092983,-0.240946167182314,-0.132062301651273,-0.426774363232144,-0.305631032446686,-0.0551952990861265,-0.350811439581204,-0.167972894736016,-0.355163464947306,-0.517666230389119,-0.335221044824392,-0.341522996792908,-0.463381555959895,-0.291794376237842,-0.230698131759075,-0.175523600776684,-0.172213205361764,-0.277351320238644,-0.193186098063907,-0.168887871098856,-0.171072877287994,-0.0526838878683593,-0.158892570760818,-0.0610796076310345,-0.56212460290809,-0.165577564821104,-0.285559503205128,-0.285402111743062,-0.146384041006862,-0.184356360659887,-0.206844533362416,0.0205189847846974,-0.27508588469668,-0.308156037542362,-0.197257480370695,0.001774390751037,-0.338813109209784,-0.353572313547226,-0.081019253235212,-0.207166716988691,-0.218804223650052,-0.316321837489773,-0.132104683519341,-0.308464021933029,-0.204440168480124,-0.231660268644201,-0.295543075455677,-0.173884093490603,-0.0823047779287171,-0.0703470997860568,-0.297945518053983,-0.176984762567046,-0.0545932138060103,-0.22903213987059,-0.246533598423218,-0.107830313012032,-0.175026434458712,-0.572250425122401,-0.108539813064334,-0.168433163438464,-0.137249663850734
11000,-0.286222867408312,-0.270963953498591,-0.214358438290678,-0.468700193548188,-0.149025805217576,-0.354260903039057,-0.234056414922716,-0.464325846110328,-0.119186491532939,-0.29086123639262,-0.246857425569864,-0.174432282430499,-0.30660406155489,-0.389994858562009,-0.297092372567111,-0.347556465161018,-0.342564155735621,-0.371408467683519,-0.349604710561392,-0.0679518370720874,-0.388106364008149,-0.38171525745,-0.161793240380681,-0.361392507140204,-0.409969383152119,-0.190302359893735,-0.381096578889144,-0.564960478737476,-0.390203587441872,-0.453280772191665,-0.174751811805084,-0.19861593965304,-0.457511793570408,0.00345862950793083,-0.259273815295442,-0.160753345061523,-0.404782113516004,-0.317887420515615,0.0257615495485708,-0.0258023077798296,-0.335758336283078,-0.189195150943717,-0.447333975988252,-0.335965987749114,-0.156291989515574,-0.38232550285108,-0.231520288739712,-0.399108434377279,-0.575374630856709,-0.355260892162496,-0.271135355856978,-0.498057317487384,-0.458646368659804,-0.354550685104759,-0.241189073633255,-0.203663301536408,-0.335730517899823,-0.330488615175613,-0.418117166907663,-0.311357838799129,-0.0594502981616054,-0.276982811565941,-0.121500252372244,-0.520555225320026,-0.274239915679293,-0.410507427750811,-0.295935974302066,-0.266952634025799,-0.297291639144436,-0.293287897108766,0.0178226620248017,-0.370293218758668,-0.295155082333153,-0.199359643504045,-0.0537208814467946,-0.551043803145574,-0.44092631280991,-0.100884180957486,-0.170078348946847,-0.265437437175448,-0.465515222764211,-0.154549378523421,-0.335405168569417,-0.406718930658572,-0.306024482187975,-0.412797743558698,-0.182313502708222,-0.128540643495075,-0.0820969961538539,-0.303300032506246,-0.19810728753163,-0.085155944796207,-0.328029190893192,-0.332473205364362,-0.155957216001142,-0.239546920141078,-0.648831241434193,-0.0964902216548919,-0.141378476174212,-0.128193169127303
11100,-0.378410397746636,-0.319939911402433,-0.32050469178031,-0.660174647600214,-0.223480489430992,-0.547734263900475,-0.261285596248746,-0.539369726805367,-0.108433255119719,-0.273487004259908,-0.392690912796966,-0.256875601819139,-0.420327876073046,-0.252564756107623,-0.394132840744871,-0.444800732497979,-0.354126875443438,-0.489574421863223,-0.3069317673375,-0.295346039713703,-0.318315688163456,-0.456411838206506,-0.164750302962099,-0.372590241941448,-0.541046105803594,-0.249056634759015,-0.314929950207493,-0.59001299348231,-0.429934055678131,-0.573205776415539,-0.248292716156014,-0.289212989755327,-0.504397105096844,-0.0762947814572973,-0.372061610391509,-0.268420526156147,-0.38287806742783,-0.310434419129521,-0.0834560688893966,-0.0875456431592098,-0.283598532583756,-0.295315076472526,-0.566092785437589,-0.430233632365368,-0.333372236592412,-0.40843926485148,-0.282397179081882,-0.430611650282596,-0.744951727133492,-0.420630494123264,-0.273472380042143,-0.455479197832949,-0.479256778050376,-0.52166513955125,-0.197479496021152,-0.289636282414486,-0.467362827612499,-0.374900772353255,-0.50858156978171,-0.412180402754348,-0.117256240073986,-0.311010849235688,-0.133434287764333,-0.456207262975769,-0.399799008448318,-0.423027005752571,-0.280718882634392,-0.336822607247441,-0.447622985417296,-0.360578964281208,-0.0328319484376658,-0.368391853084441,-0.34977718747637,-0.241374667205879,-0.118781703547038,-0.601095324544176,-0.493046070424842,-0.112438413213599,-0.287954090952999,-0.311045733372211,-0.443340750255824,-0.180262095262184,-0.220390176348865,-0.479226441944013,-0.341383003298132,-0.437539031008782,-0.29732405569349,-0.163895285080989,-0.185667531145807,-0.297021360964674,-0.135379695631075,-0.0897049540916136,-0.431226735744827,-0.388454692885508,-0.251019854264569,-0.269900815907263,-0.85933404518695,-0.110991167228681,-0.196106455608479,-0.283510904829367
11200,-0.418478784448942,-0.278242705324935,-0.430846912554449,-0.680740622156615,-0.278833043009365,-0.660799480671272,-0.415236928959872,-0.489010061221808,-0.143310269087437,-0.249642987140026,-0.549703899169545,-0.248800368003521,-0.446033566619074,-0.3739965024764,-0.620468140343443,-0.497309435975825,-0.470007775292176,-0.675309446909353,-0.389391326567407,-0.317701889436862,-0.399314555522143,-0.497007143454755,-0.271827235827606,-0.511575765866611,-0.559305856722191,-0.447718584956077,-0.417693504899645,-0.5690297956337,-0.555140616099727,-0.543653770884813,-0.309452013600798,-0.307874005968654,-0.522487352759635,-0.134557215068728,-0.403754031684283,-0.374078869968555,-0.737945760133072,-0.374031428930545,-0.188141136586071,-0.159312143595293,-0.208017308002378,-0.406098848434655,-0.811915496822767,-0.504246157548368,-0.405441993979609,-0.573021905683007,-0.366855830586313,-0.454514536309255,-0.826031791045255,-0.586838157746529,-0.335216853695888,-0.377075322278402,-0.480304496551195,-0.570490404174197,-0.320709098140198,-0.201183825986033,-0.488266062293426,-0.342955380489172,-0.693700568738478,-0.486620717929337,-0.308364118378263,-0.373602583310481,-0.13097090625742,-0.687030816429436,-0.487291524116595,-0.500330437455832,-0.37704348462086,-0.431604820357162,-0.552441199472611,-0.492752896759601,-0.0867848576708807,-0.344722563351123,-0.320385248287334,-0.303059194513999,-0.141460495836085,-0.652136509332027,-0.791326953276026,-0.181202024490374,-0.39477105662379,-0.393957399251622,-0.474668388036434,-0.223254676915934,-0.290428250638704,-0.410142963765507,-0.391002234543654,-0.653983650027207,-0.419821930475294,-0.255120076255272,-0.176710521815879,-0.389402883898615,-0.23685241110019,-0.140402384966753,-0.44047719286896,-0.413914203852531,-0.304686902073213,-0.341710031538042,-0.758913103642084,-0.130400158800089,-0.31837826562598,-0.380653003343871
11300,-0.301358483675815,-0.296961979601159,-0.454964726164872,-0.809486152911405,-0.344144027255969,-0.642078582038866,-0.508124630797227,-0.613624115102947,-0.149488805594587,-0.28627728450881,-0.518433630554427,-0.427550011853741,-0.524104947255686,-0.499691125367077,-0.714276231445485,-0.476390806787654,-0.603462701073232,-0.700613314330759,-0.457079691665721,-0.390407549568527,-0.517157300558615,-0.66704149070856,-0.507673852018767,-0.611202999573348,-0.621167151339734,-0.429991402621399,-0.528741600510675,-0.685021864268965,-0.518665534409605,-0.562496274652916,-0.247745923991871,-0.512105184420458,-0.600472602800819,-0.19847694931039,-0.571824974019431,-0.338466812852744,-0.73158789362636,-0.452534810747729,-0.277205340140925,-0.247023989065092,-0.303036109082608,-0.481400454327792,-0.778830112456174,-0.607537339498159,-0.404738018180006,-0.644748095839932,-0.364597707537977,-0.384614352577299,-1.02825564266014,-0.755964113884779,-0.382355633718098,-0.411863512823078,-0.448647308712649,-0.60342381845852,-0.336023119873204,-0.427062841941947,-0.610064653577557,-0.330950695963243,-0.906176154490469,-0.505401476422652,-0.327815735650795,-0.335885786019805,-0.252021141789356,-0.824088162929813,-0.489297562144721,-0.616267652020991,-0.440896371357881,-0.508974863974764,-0.593313117543038,-0.593444908730264,-0.14052203516935,-0.325821718141813,-0.461093590530616,-0.416505866086692,-0.205531857559845,-0.837874368663395,-0.739404430100219,-0.350863670339213,-0.456204262742963,-0.362483744425471,-0.519423897512641,-0.264006413616773,-0.30685813127768,-0.61193085923114,-0.621479992454418,-0.57140967600801,-0.39891812324649,-0.279194108854068,-0.272666160274075,-0.495774388606518,-0.346145355705531,-0.148812303764656,-0.563028314673364,-0.404669121973773,-0.380177199549562,-0.369244338668176,-0.856228023511851,-0.172522505007173,-0.450411221460889,-0.415609685913604
11400,-0.443818262166456,-0.411741106653298,-0.577944978109212,-0.912303684394944,-0.463174100807302,-0.739730873987514,-0.574800377042263,-0.733070161698605,-0.13439600899908,-0.350413471711014,-0.516049926459003,-0.455038761125527,-0.727927449669765,-0.506671379542186,-0.799772662931934,-0.570015312072577,-0.710983059415443,-0.65045083215395,-0.628005873210319,-0.373235578404205,-0.6032623074768,-0.757681184842043,-0.658395168755549,-0.506511677053204,-0.584526316329552,-0.595625796410167,-0.641820777112506,-0.991358020563933,-0.546838670222191,-0.651542219360461,-0.381102647101695,-0.503283391102152,-0.704589549037957,-0.317819554188816,-0.653412539599731,-0.377321778337474,-0.656071985156369,-0.505842321317684,-0.327912731109448,-0.277064713578571,-0.533153770800311,-0.541353085735819,-0.864640933831205,-0.60765885772497,-0.541528998813046,-0.811104970561123,-0.440668127506508,-0.563848938177684,-0.930803507202078,-0.93689965578382,-0.515009410496134,-0.40210092655495,-0.64666202699459,-0.753290247556394,-0.445380394736307,-0.454110776181062,-0.742275394238376,-0.401668367192429,-1.03124817408081,-0.636337181424914,-0.430185961821902,-0.340061681547948,-0.312118774340614,-0.849220235762415,-0.54455356030182,-0.770891097699225,-0.321705060988281,-0.704799388929721,-0.602000651080981,-0.680161635511376,-0.206917243078631,-0.387448263775287,-0.529966554416382,-0.487507487360078,-0.315304401252707,-0.951536098894108,-0.626123057070759,-0.424999436940352,-0.506452581725392,-0.423006328650628,-0.571088426725172,-0.244760858425752,-0.403164730411625,-0.61042640812875,-0.625114897929734,-0.618383004965713,-0.531100467761201,-0.427736479880329,-0.314772448044284,-0.626834990457967,-0.324251622652767,-0.225660119798721,-0.556284315236507,-0.421261550758514,-0.419367596767202,-0.389976153240489,-0.887792561383203,-0.16893913457807,-0.528600614665234,-0.420080059381126
11500,-0.652257788895572,-0.451053576138015,-0.708807123480755,-0.831857525869722,-0.621580728966543,-0.771460803876464,-0.619560112948185,-0.919728904652526,-0.239376202490431,-0.339801763424671,-0.587841528374697,-0.510663738147675,-0.865390606534863,-0.713101044365892,-0.882444999834284,-0.569092314268676,-0.889943055708019,-0.766499885657172,-0.689666089395408,-0.517278880469763,-0.724278257889434,-0.646404944787561,-0.646542542167842,-0.552415719217744,-0.80418823215383,-0.735916405712675,-0.762709972563809,-1.10772496730269,-0.555174748484062,-0.881328109595624,-0.511773843280672,-0.575665202682273,-0.700922268423809,-0.391072227594851,-0.789887155731765,-0.459318608854397,-0.757770157718942,-0.64675293655036,-0.355620261109618,-0.340024376863503,-0.645682473769384,-0.585976456300004,-1.03036719906447,-0.693534730746938,-0.600220444102927,-0.823684593272738,-0.643769518968635,-0.586321347961853,-0.965688447721336,-0.807449853358081,-0.688054613133913,-0.748949382210333,-0.833915702845676,-0.750667752780199,-0.469144025114481,-0.497377928870219,-0.906858040447442,-0.545138546895182,-1.02229843623457,-0.590156485783338,-0.539355967775694,-0.47608636201423,-0.448663950552686,-0.993983270352633,-0.648866661086038,-0.832512609928074,-0.386711810587618,-0.798869094300073,-0.606819701650099,-0.765308377603421,-0.207235363443868,-0.557238666485,-0.575068233136979,-0.574384310710508,-0.427707998163515,-0.992726079328394,-0.827268274387885,-0.487332120266707,-0.638750512409274,-0.485571765586135,-0.671800482270696,-0.292367804432882,-0.445181617707727,-0.70809993079702,-0.840031563381055,-0.680345891031022,-0.640705319189336,-0.490727081919299,-0.367749743312546,-0.721529034434273,-0.41323286105137,-0.377229380276751,-0.719333609255533,-0.47779815145648,-0.477013735030395,-0.575220930612005,-0.984985591454067,-0.277738197622011,-0.537808191989279,-0.522188329317895
11600,-0.869081782135145,-0.689334935334728,-0.831298527073833,-0.917904403617258,-0.624624829710737,-0.744843199918357,-0.724844074987564,-1.00016013973586,-0.349375897205615,-0.44775292273374,-0.624426122742715,-0.52605297157078,-0.75794148262292,-0.710839261707204,-1.01398810821795,-0.622306097835831,-1.00436011502998,-0.90794654407758,-0.723668593380784,-0.541088139783379,-0.765504150901128,-0.756608333147366,-0.720160994230495,-0.601771946104082,-0.884845934123057,-0.735678362607096,-0.845880469108718,-1.16967762485678,-0.680628704849398,-0.933093739152007,-0.551709493419687,-0.595588900617801,-0.779259319515234,-0.455030602281014,-0.753724142405612,-0.470880105211392,-0.704503003972733,-0.734067053742228,-0.406677558145119,-0.36566604456431,-0.659574379172028,-0.671969794151249,-1.30532576140113,-0.724009010440436,-0.65585090488321,-0.819955035773405,-0.656409489575606,-0.609858025760953,-1.19251015512476,-0.778148456791801,-0.700164131551457,-0.723464817503806,-0.931967170092287,-0.87301157151691,-0.509527099691114,-0.589991490818759,-0.992274212027757,-0.561169876354882,-1.03814768858993,-0.750128695547404,-0.627049312695783,-0.54265181535909,-0.566372390119243,-1.15014918652794,-0.743955879640966,-0.910818052322393,-0.527142018666281,-0.880554637380409,-0.647297046039223,-0.755017143630714,-0.199255769270622,-0.70381916026125,-0.559807948833907,-0.561140429629351,-0.534337106313073,-1.03328638367636,-0.908954196568698,-0.547065214428833,-0.762370138183668,-0.493864718033061,-0.849516469061353,-0.335610241242809,-0.516222674244192,-0.750670171229904,-0.883923712199327,-0.791505138617882,-0.81137582647378,-0.56955058987255,-0.362040132144282,-0.715016796255748,-0.5639418226682,-0.393988093517884,-0.805942474724308,-0.548446854046371,-0.600187985209155,-0.549859600537129,-1.16244936663767,-0.34949270940672,-0.566013940544702,-0.675200939122173
11700,-0.905041607704196,-0.774409772041164,-0.912136564653536,-0.948642328820221,-0.645146610956185,-0.727091981689339,-0.798190928152027,-1.08693938473223,-0.426445974344019,-0.575881988208318,-0.718665960779773,-0.55589662938688,-0.858910078808061,-1.00911635645956,-1.03198533938149,-0.755558625688392,-1.17757193767053,-0.86599399374902,-0.823630707119363,-0.620866730446462,-0.813263727606433,-0.701090026061681,-0.778641767755724,-0.792308223943199,-0.938395036686273,-0.863318480705411,-0.782146027025119,-1.2114869445345,-0.723579642530156,-0.892954459448586,-0.769490420591181,-0.770018168073694,-0.933371856356327,-0.486034355113018,-0.776623636349113,-0.550825328226609,-0.835437288265323,-0.793767612643699,-0.569450848887888,-0.476346770833576,-0.729539327524578,-0.777873959792011,-1.1557589421989,-0.710833397588781,-0.736589402152792,-0.932947721785394,-0.672511274749568,-0.805212690679499,-1.33732776089388,-1.04761399978763,-0.786669816297343,-0.887568826674016,-0.865643835704476,-0.983405093329829,-0.635595903656982,-0.820608656474596,-1.12412896696378,-0.694379712962898,-1.21174889736272,-0.918835077499861,-0.67836435724095,-0.647230182783509,-0.539021112347785,-1.10746789435518,-0.795025496039891,-0.943711143047244,-0.635511618979262,-0.945642301644763,-0.871798828485642,-0.865927755543634,-0.247074216355333,-0.682072839608416,-0.688750393466567,-0.700461726207534,-0.542067728815082,-1.13234565694631,-1.11803371946631,-0.575102292756566,-0.777927697762994,-0.487233984373504,-0.959950258659342,-0.437730534855493,-0.681149336961524,-0.852945855172778,-1.09715217317197,-0.877316885643697,-0.858132479186649,-0.580996268205716,-0.381723300952458,-0.755077509956167,-0.688008817965881,-0.554522449781192,-0.638504759576902,-0.708252975275454,-0.52198159613906,-0.561918924953978,-1.32043953826649,-0.558104739628491,-0.703839121705559,-0.763593272138759
11800,-0.90732569652851,-0.866794438902361,-0.91211573988705,-1.08090522351565,-0.668322739758046,-0.784568111622512,-0.787873028761575,-1.17958301787794,-0.57064336405715,-0.608993104257079,-0.773703948249131,-0.658950323806308,-1.09433169348025,-1.08639502926076,-0.98884614484716,-0.927123703803694,-1.28548993987657,-0.806071171936869,-0.826571311658114,-0.727481242892422,-0.984449735096261,-0.813983105663119,-0.685801935100705,-0.977704098867476,-1.03233746796468,-0.88548887369094,-0.899566386337729,-1.22843314594947,-0.800508054145491,-0.888213829723598,-1.06854280251694,-0.866297073435262,-0.911354366251282,-0.469819610215361,-1.00066589488352,-0.793305228496717,-0.97919738095277,-0.844842300244988,-0.651747144965206,-0.462499000055904,-0.817671710922449,-0.906940378325551,-1.50914715313326,-0.774710119190179,-0.784847598025359,-1.17046166095403,-0.652439682293556,-0.898667047304479,-1.30162258053128,-1.31445249729425,-0.895375485269478,-0.980460570994877,-0.999426424008583,-1.13036504965993,-0.664418815483949,-0.938933749398009,-1.10294667351157,-0.893003519896332,-1.22745303501499,-1.01941784463923,-0.718609125641987,-0.702291808881466,-0.585272330714524,-1.0464224884043,-0.845700317403668,-1.05971581090545,-0.645237304194415,-0.951691611069663,-0.809755813328809,-0.900040410072135,-0.260191328721005,-0.764470785199589,-0.823281053226671,-0.805305227480923,-0.531300722555714,-1.10214204994205,-1.38548800375661,-0.73939069826256,-1.01491421153976,-0.557007675060887,-0.920424274809275,-0.425629093830741,-0.853483816108411,-0.844899452910262,-1.10637310394936,-1.14604069960435,-1.00614762870488,-0.730036010444847,-0.478940170009439,-0.884766780124404,-0.741068608998192,-0.6413864058268,-0.842605680261837,-0.787825339867533,-0.55219972265479,-0.709864078785391,-1.34291656942027,-0.589737703386637,-0.783932799627554,-0.847752327185818
11900,-1.00858517425008,-0.9798595706375,-1.06694909210704,-1.36356451818645,-0.723333445021639,-0.870565628412169,-0.796861265488341,-1.29122733800743,-0.531247395127585,-0.746814367093247,-0.782295996968729,-0.724948506303074,-1.09313613098552,-1.04138318273433,-0.960652962951002,-0.976533167572132,-1.28470360048566,-0.962063146845628,-0.910838619329754,-0.787669596360487,-0.983662693780914,-0.816457556537042,-0.83676071652254,-1.15559875250796,-1.15974210241164,-0.832443211089058,-1.02876641529232,-1.35551773086201,-0.890902147076243,-0.904003895955122,-1.0415689517262,-0.942790285620767,-0.905668857469761,-0.432657989501906,-0.945142247135129,-0.874440901146479,-1.05579113586032,-0.908605674029404,-0.770506598728305,-0.493399114169172,-0.949022817981075,-0.932340952289004,-1.89630855896414,-0.896831087670177,-0.91234716147149,-1.11068380936838,-0.774812257947059,-1.02602147761412,-1.55371005215208,-1.39560576051199,-0.94237388737811,-1.07497604003449,-0.993000137417312,-1.21715827738344,-0.694943845836964,-1.10521810475052,-1.19743901168111,-1.07512921443563,-1.34660441953798,-1.0002944358408,-0.788025328338585,-0.779200800222251,-0.655751536632674,-1.114868467382,-0.690640648555191,-1.2238687593669,-0.627916415292039,-1.01318218096724,-0.870835506017007,-1.04525447647887,-0.349653268661433,-0.884939022494149,-0.908970284621186,-0.750749634577084,-0.440660542701734,-1.14114203672895,-1.41156212626587,-0.770895351239331,-1.05364249515576,-0.778866498842495,-0.968146077167513,-0.56103483272318,-0.741991954255957,-1.09054237617255,-1.24872175324781,-1.14147630963634,-1.03705897912667,-0.746241913227541,-0.60261588008842,-0.92670496066716,-0.696524523838583,-0.727323546944308,-0.898230429592768,-0.804316042465592,-0.681629324518252,-0.985055085015832,-1.4875417519597,-0.638394676068517,-0.900758190505527,-0.916956275087505
12000,-1.11846149912373,-1.0315707388176,-1.16398768589007,-1.45726535244248,-0.735149261937315,-1.08511723970662,-0.843997895085462,-1.30937689052693,-0.52305867914051,-0.778701161784637,-0.857910060279612,-0.810157250540907,-1.04241696121932,-1.02441304569915,-0.964944710345575,-1.02377618656873,-1.47804155366156,-1.03187838501284,-1.04639706365801,-0.856187687666181,-0.987592595938742,-0.908342569654112,-0.92791142034835,-1.2926702797649,-1.2568616563549,-0.973192114281616,-1.11961811246833,-1.33293961640667,-0.912380681173821,-1.02698778947304,-1.00730899404844,-1.0197204869818,-1.18595106314154,-0.489004941584499,-1.06203408744498,-0.868773659050665,-1.22059651197055,-1.06405723039909,-0.85912406038556,-0.505664485777397,-1.03976550320773,-1.0900696159994,-2.03729978906939,-0.985762691397102,-0.896153173738019,-1.20677137332764,-0.802168384528308,-1.15798823709705,-1.35647661368523,-1.47843708312056,-1.00845109807905,-1.02630248702289,-1.31144629017598,-1.17235505802472,-0.76146817373789,-1.07288898848212,-1.28668970385543,-1.36102197043792,-1.5666758412819,-1.14131522043926,-0.6939659359699,-0.799946481711842,-0.745704161716636,-1.22967734373678,-0.742663990744644,-1.28130394922643,-0.642880111369587,-0.989074269155227,-1.14059645738849,-1.02320609699088,-0.328664401243378,-1.13724673978216,-1.15391930990788,-0.830634835954044,-0.334552939124497,-1.24338436657714,-1.52976455707125,-0.758984020207715,-1.13024630167818,-0.819847067715812,-1.02901060066638,-0.638204150999859,-0.890050638321944,-0.995325226255818,-1.36927880595039,-1.16389047061403,-1.1189644306162,-0.741172599558109,-0.661878892071085,-0.95443562276051,-0.788209520355809,-0.718518563368839,-1.01135229615274,-0.817882934311702,-0.653455703657483,-0.982174204524815,-1.49604417740601,-0.717821203124447,-0.789495533463279,-0.923442998375784
