"binAges","band","ens1","ens2","ens3","ens4","ens5","ens6","ens7","ens8","ens9","ens10","ens11","ens12","ens13","ens14","ens15","ens16","ens17","ens18","ens19","ens20","ens21","ens22","ens23","ens24","ens25","ens26","ens27","ens28","ens29","ens30","ens31","ens32","ens33","ens34","ens35","ens36","ens37","ens38","ens39","ens40","ens41","ens42","ens43","ens44","ens45","ens46","ens47","ens48","ens49","ens50"
0,1,0.051315793887553,-0.0582196715149074,-0.0468300647827492,-0.0231947980642589,0.071160833649197,0.10627794040867,-0.149949866735086,0.0854508170937571,0.099751271132159,0.116381971115158,0.149180926242639,0.21443249245553,0.0537099352427362,0.0605341177876547,0.0357232820666442,-0.0931138695801566,0.114733135355185,0.0339806243689171,0.11330549580871,0.0780646635852988,0.0796698126659822,0.134223575325858,0.127730070032202,0.05976744604626,0.0658203566146452,0.105007261823507,-0.0137731543350816,0.162805844983817,0.172896702855239,0.0212531251442425,0.181319963227858,0.0980608822877134,0.0789988288788309,0.0849690283371646,0.0401821476301602,0.190704027307337,0.142262303256902,0.200926358791445,0.0500350394818987,-0.288037180773319,0.145323171351728,0.173476772463192,-0.212684086633785,0.192623826394093,-0.017717421578659,0.159441328947855,0.112484990674958,0.21195446173425,0.162891937563202,0.143914809191532
100,1,-0.0814807263580732,0.0355645146778539,-0.011069815233061,-0.066473500011479,0.052677125245358,-0.0365532188812163,-0.133239659686414,0.148474772858829,-0.0429198276140189,-0.120532198646464,-0.0730394356630852,0.114440360566543,0.0452012341285289,0.00890471475049558,0.255064474509272,0.111656493213712,-0.0511951847520463,0.221657266787117,0.0169582744798733,0.0506096178830468,0.0103628822395111,-0.0452153183322452,0.0479644919383394,-0.103915252201338,-0.217699505922895,0.0369734263895678,0.017080211013679,-0.160623541411105,-0.0327471366575723,0.0228298642571016,0.0941646450014591,-0.0814571795204033,-0.00890471475049558,-0.0528099078605475,-0.145556861323108,0.114184482924869,-0.077359934213804,0.132643840812852,-0.156735531654706,-0.220361048029103,-0.127251990352015,-0.108212770225896,0.0194917933150285,-0.124821945870348,-0.0136840742789345,0.124909370057159,0.0380887877520214,0.12098699926779,0.108184368203058,0.0236451028681735
200,1,-0.38535727778478,-0.273041744816069,-0.00917527281070397,0.104246028664624,0.0430365145393439,-0.0627698442171066,-0.25040929440383,0.0155249991080994,-0.0153799249094156,-0.181441602139098,-0.120699791966808,0.054259105171241,-0.178244427004824,-0.0213112472716146,-0.125784747207497,-0.0784956379487279,-0.11730944815674,0.00167275067353166,-0.0843885413642481,0.0371418831788326,0.0801423467483486,-0.200434039445996,0.0347311421495782,-0.123623326541446,-0.0867085267282693,-0.0132470908370155,-0.0566941914287445,-0.183386864042751,-0.101222198453053,-0.0309200965201763,-0.0620082231465372,-0.212191736107965,-0.162361225246294,-0.0716338060712203,-0.0348008674656711,-0.133285158475431,-0.0458410784495738,-0.0020015008491044,-0.18488116640846,-0.00777793876892964,-0.15891025113415,0.0680076139125108,-0.142192987497553,-0.0603535389250052,0.00647574206286315,-0.0147849842458682,0.0422599682687267,-0.0490822940461898,-0.132138839100025,-0.0471182585935224
300,1,-0.104731481496542,-0.0154557381535235,0.083949313880414,-0.0983848501488278,-0.17732636696241,0.0137885832307988,-0.0855437495879674,-0.0488221475465576,0.0732321221540684,-0.0317915614134319,0.0127184610610553,-0.0707319677807534,0.0073082596463994,0.0910198356407034,-0.103174366705961,-0.119800834788675,-0.00161342060520882,0.0957956194711247,-0.0910155115941148,-0.126327422171459,-0.00979366799467742,-0.0583990475859586,-0.0291305082095202,0.0564015694170253,0.0378296291072435,-0.249037086149847,-0.208143225491433,-0.0184399902491737,0.0669478916341249,-0.0255412347129858,-0.132494984396794,0.0648571735538579,0.00800414447671645,0.134022323729666,0.0262796635814358,0.0520882503120299,0.0436782059937611,-0.051978519336404,-0.0125302220502067,-0.116268356428903,-0.120004548833504,-0.155629362506763,0.103107539203866,-0.144343602702997,0.0915085488367225,0.0955323860939311,-0.0902402531230547,0.00778045215360933,0.128261688758719,0.0172830641166812
400,1,0.0305446052015648,0.0554689869307793,0.0986330509213008,-0.174509247428431,-0.0384410361111211,0.0471547821271733,0.0688266010548397,-0.0574025593754384,0.0850911256977854,0.0335166325142437,-0.0187943331263474,0.0559143862293775,-0.114360281147473,-0.0589806304358795,-0.00370096328269633,0.0571376162655226,-0.0817697725716689,0.1320472270703,0.110274626913092,0.160180847208369,0.160893324869394,-0.129779087971832,0.121467653927255,-0.0320019411294186,-0.0547000067130057,0.0850406339894253,0.0634035387731694,0.0219547976113347,-0.131085665329965,-0.0874469458588214,-0.0970065523922545,0.0915392162997799,-0.0390194913627607,-0.122257522816119,0.0740118156414807,-0.00875100267680241,0.0425419279761892,-0.132651916376379,-0.0244217353901006,-0.00787885311637539,-0.0486793770735789,0.0108038274146477,-0.0672647599154221,-0.0472440945581118,-0.0824022029659847,0.135366301277028,-0.0923300642500578,0.0782511082848486,0.108185819219999,0.239054272552497
500,1,-0.0848041426232832,0.0471304529966189,0.161489847661562,-0.00265535710108668,-0.14044306012942,-0.107621834474951,0.145196980670358,-0.0277420765102616,0.0855308320103042,0.115129395895577,0.0928425598505547,0.0541932015662866,-0.0859567776983523,-0.156430553468127,-0.0593404149219282,0.161363658718739,0.146138118968794,0.122287692978496,0.141775981525498,0.09121718148495,0.112408215771184,-0.0261154812719448,-0.0409179402325348,-0.115414475987803,-0.108747475207151,0.0554187504082929,-0.00690264632476507,-0.0134857438216966,-0.118721336894705,-0.108589975502593,-0.185023046793492,0.155384512921291,-0.00799449842591186,-0.0848940115610348,0.147611166153647,0.0400581943680733,0.098725184577331,-0.0813476600367641,0.0821313695805851,0.00999775511953264,0.0276295723642323,0.00983367232801356,-0.0663706095289976,-0.0767078599054618,0.18343586435078,-0.0973648065825706,-0.0556302840174635,0.098222752466137,-0.0642127363415745,0.234506413453604
600,1,-0.108063474529794,-0.141655932998237,0.00991504400176156,-0.0434788045472835,-0.110602593045598,-0.155007828133842,-0.212000057729376,-0.0302390734966608,0.125067921955171,0.079606444074389,0.103539661325272,0.114181518509534,0.0447215526869772,0.173577347163916,-0.0304530206807915,0.0145095378959393,0.100067822983103,0.0549405120085001,0.0830335695383944,-0.0282817167413629,0.216732325132207,0.0348277174637876,0.017425987691915,0.0437170421938103,0.0666256117475392,0.0909600042389599,0.025621286381444,0.11043968164621,0.103464495898661,0.0802680935030404,0.00583210241723207,0.108482448105503,-0.114124843158442,-0.081047011267015,0.158493025028798,0.090308896884169,0.178308010128906,0.0913188870221744,0.0909867225318729,-0.00420590414461298,0.0108051325951171,-0.0515366776857522,-0.0954196125833926,-0.0186534273426103,0.235100539780911,0.106214665664239,-0.00658755442880872,0.186334902315678,0.120289014304101,0.0873967378274067
700,1,-0.102411214021249,0.131406341706762,-0.174049086930225,-0.0994420423433047,-0.120365556735293,-0.0517537052458503,0.0943773676119842,-0.203293991259038,0.0506099494523135,0.0251068171364536,0.0986716132074574,-0.00377500142151672,0.157333600052766,0.011388909609087,-0.00806605177147192,0.114044249304701,-0.0243242547470876,-0.00958771304747787,0.143046189135713,-0.157182954714546,-0.0670434949870514,-0.0130458628633101,-0.0583856381836409,0.0239041115864089,0.0121207115821543,0.0504547576037158,-0.104041480500832,0.0576388166102353,0.0279793689612518,0.110340151742108,-0.0475423938948045,0.0901622976572202,0.0984632802165938,0.031974347607016,0.201302586015636,-0.0666421386793407,0.131298038770708,0.0606359006564255,0.064627965605066,0.0253377114950317,-0.110878472007382,0.0269801368558482,0.127692384980951,-0.00665261929206935,0.115094803962498,0.0838540438713164,0.121039687122181,0.019175725672736,0.109815399342541,-0.135429119067818
800,1,-0.14415569931203,-0.106388495721926,-0.0768962264617695,0.0507388593858236,-0.00524624452378498,0.0233570307260711,-0.150584404694984,0.210198716894326,-0.0570639497622793,0.00142950642864008,-2.09282783896897e-05,0.00962387482761821,0.102219536700976,-0.167656544501385,0.103756984279373,-0.00942319271885712,0.0554835429308822,-0.137310388128505,-0.0807758908023542,0.0582166344523103,-0.12284833444984,-0.0116065393892438,-0.114162341429581,0.0959505791929204,0.133168702621902,0.123187039517351,0.0224094381361182,-0.0865484506407491,0.0317460624576505,0.0790961582804716,-0.118464582373927,0.0243296508296986,0.000611866060584623,0.109217612592761,-0.0868833276343491,-0.0517328714322676,0.131582694921922,-0.0984896557044492,-0.26130438641529,-0.0566954681353204,-0.288509776747129,-0.0639754084195564,-0.0629595541149465,-0.0911782286688983,-0.00869699980978612,-0.00130816837094828,0.185125094452114,0.0174055030214009,0.00139877854493757,-0.0525893034839162
900,1,-0.0428870651513184,-0.0562924590844555,-0.058377071716367,-0.184531138426958,-0.139840069238923,-0.0741660230076578,-0.0687305017857129,-0.0868781168571002,-0.117348592898675,-0.126260334586013,-0.0535455199442181,-0.161090498278325,0.146315069789854,-0.110403043271799,-0.10458963988879,-0.0094298374792159,-0.051964908304328,-0.062767611355665,-0.00602599805233058,-0.0506244838038109,-0.0256537616706298,0.0869223249002875,-0.0323489522922113,-0.0520120342019694,0.0580420059144385,0.00432353943290407,-0.184812391588911,-0.0372533087480191,-0.0430084524081444,-0.144428555040262,-0.0175947591830315,0.00115392363396426,-0.101916927830833,-0.129490379694652,0.00954188747029154,0.137981158967789,-0.0953695894818946,0.0613383727414273,-0.0885017621489004,-0.157337761519959,-0.101179711950992,-0.173276158223621,-0.170196539628625,-0.0542447803213143,0.0722638463491361,0.0560258464754693,0.0798289846351154,0.0949433134359648,-0.170225678420205,-0.00588932175795877
1000,1,-0.146459881836316,-0.0593986379414615,-0.0759361945244103,0.0310544712940295,0.00637862203631871,-0.0159044210484801,-0.00688378577978167,0.0608009818741862,-0.0769189080504519,-0.00606708082773884,0.0396325288912057,-0.0599535989661729,0.0222512375589366,-0.116986307540908,0.0935076938852105,-0.129514259762591,0.0535507296306669,0.150557533758463,-0.0442420400056928,0.00652198182369811,-0.0470380255913803,-0.0643654545580577,0.0181470943982815,-0.0503002932854624,0.0700177341604384,-0.0288419312597041,0.0372927466639292,0.0831157255638419,0.0148135180164576,-0.01830566556447,-0.090340158430583,0.0424135500295957,-0.0571755480981059,-0.0516724049197472,0.0253891102173304,0.0141872798001524,0.136820133312987,-0.0755232965135021,-0.00544936221788785,-0.0670235567704752,-0.133838971558982,-0.00634460587324605,-0.0959878002648003,0.0734463911649108,-0.0251958284336291,0.296609607090314,0.0154625965668141,-0.0878055271630375,0.0288322647587885,0.0293818745940366
1100,1,0.0157412328576624,-0.0538218722837353,0.0725171694455628,0.0545628112577603,-0.089539783199906,0.192044095813725,-0.0849440063478817,0.000652259648675976,0.0235630953500925,-0.0167929670560256,0.0525747275307651,0.0311517925608248,-0.0926798692596535,-0.134990871121452,-0.0105663794203391,-0.0915225173877182,-0.0885844910940668,-0.000266572746768626,0.0985894827298492,-0.0436287775877355,0.292423455805294,0.00115025846458093,-0.020777409126776,-0.00390244221180742,0.0196625487263334,0.0203453706066554,0.0781081007060845,0.225892477707601,0.0250681703961808,-0.0707364834492203,0.109100851816048,0.0284815693545555,0.0230515107449934,0.0920281043164882,0.0609268892332132,0.0193220914762283,-0.00121528722928989,-0.0871152004705953,-0.120351364477341,0.242755174058374,-0.230201627625108,0.165371630390016,0.0917693503646958,0.0922148936967689,-0.0225952300159685,0.0605899688640275,-0.0349550517697732,0.0448706924034117,-0.119724941813973,0.131397533846632
1200,1,0.093203124096904,-0.0823214757572413,0.136136236050918,0.0469488721044183,0.00294441985646064,0.0921847656711605,0.113699559826359,0.08801576733929,-0.00614251379465065,0.0748821597799918,0.0672744004849531,0.092066232282276,0.0125512249736759,-0.128585424789283,-0.0633054846182893,0.104636233321793,-0.0216082782145196,0.00345036059659297,0.0894337729861128,0.050475779791477,0.240911653516023,-0.0114413107711122,0.00816272846585446,0.0673873505199752,0.0450913785741698,0.0925493736026399,0.130897264542976,0.214946546388118,0.000623680975862559,0.0616698208178716,0.144905574641874,0.0722913484821199,0.0783415155161584,0.109374164437184,-0.00446862482071921,0.129794216139307,-0.137385636840269,0.0332184410126692,-0.0909098640574822,0.109505531039602,-0.0887108861512978,0.122426157676086,0.111145664829032,0.299471673505925,0.0430772911454771,0.0749737586683844,-0.0730995837633244,0.0586430379918408,0.0622724907520396,0.18767944560136
1300,1,0.180726590546953,-0.0418281976577937,0.0265678088028877,0.173741539274065,0.394537851244514,0.153149479552789,0.052481505899797,0.0651341368529141,0.0735644402390171,0.015162251957952,0.203264385599059,0.0428957877273399,-0.0176903359735969,0.0959837465317747,0.0734728747815979,-0.0281309018186773,-0.0029243627283063,0.182631566243473,0.0297127689942453,0.139552119485074,0.026494231946066,-0.0101491609882583,-0.139745930600437,0.0371821341834978,0.14533448004506,0.124284219440176,-0.0326798231137747,0.027983477435287,0.0747230506691153,0.0896187073949261,0.0768667736666565,0.0510296756777085,0.132878095078252,0.0637489828661221,0.0760050743678295,0.142839756852162,-0.180058508388,0.0618679204091397,0.165010413752804,0.0910337107906193,0.0499051217831257,0.0380078216833127,0.103139957264795,0.1347869358579,0.143172364100325,0.197030509699014,-0.0625100025605598,0.0213848957872242,0.297224612148548,0.299068619941765
1400,1,0.174480341208054,-0.00409155107372307,0.0311155614416271,0.191374792752316,0.255317893238096,0.00375717696736654,-0.0677895533675017,0.104839409188924,0.00276466293552595,0.101500108854036,0.115612479223576,0.175929217619511,0.140420038295534,0.151102585511583,0.179618832989712,0.081530303192443,0.0674756985108196,0.182066311703642,-0.0676298532721281,-0.00119686321238639,0.135066504083396,0.0743626275442597,0.0184107486395658,0.129096325486295,0.116558745396128,0.162236012382298,0.0992673746407172,0.154587929249449,0.0491819485741907,0.0345177104616659,0.177218982479595,0.0829368233835015,0.0234894191644455,0.306147645695214,0.0545623087400808,0.136522719860229,0.0547446227509289,0.0735620920462916,-0.0129053047897119,0.14327152294771,0.0883286279173919,-0.0176462141912176,0.142148779274175,0.212529156993091,0.0969635506103103,0.182227511874155,0.0197527509952004,0.0919605736494029,0.053855798909761,0.189496120349581
1500,1,0.00918751694327229,-0.230169090048277,0.0415273257320733,0.0871702841810961,-0.0195603712915244,0.0394865290403344,0.130833746224923,-0.039450672949664,-0.00958412027139062,0.201935685071916,0.128946591622415,0.0910690670512237,0.149454168190358,0.186937587926765,0.0847546233437861,0.0197115861358378,0.121307659132643,0.0227369284576623,0.0331592010022082,-0.0043472767488414,0.0485481261818344,0.078375458474117,0.106195316054395,0.0467904229715774,-0.0274619657310258,0.0718653413178538,0.00466170962425237,0.0521225841732443,-0.0138239577077371,0.0593120255785781,0.0155605426276094,0.0564479721415067,-0.0335380281873314,-0.0119877251417338,0.189487236816667,0.0951054918813162,0.0574073578228717,0.140383879539769,-0.353495116225852,0.0158952556676937,-0.320086437769074,-0.0159230594905518,0.0926397426947579,0.200158704221052,-0.0428557302499293,-0.240518785262349,0.0196873519309489,0.249071671443491,0.0641188091653794,0.0284859210720827
1600,1,-0.0748424937354754,-0.286941171208268,0.0649892149511346,-0.020422042314722,-0.151454080903069,0.0219887497420998,-0.10004594989789,0.180675888415785,0.0385888749717165,0.0463655958870704,0.0176740660239335,0.0293808153350876,-0.140304637764848,0.10561927602436,0.159510973262759,-0.0462168342228517,0.0501065259664197,-0.0296394002402012,0.0453780430485698,-0.0921424089134413,-0.0153774246240812,0.113543342988921,-0.0252045657806365,-0.0214860327675265,0.018495408060999,0.0832420583967766,-0.0886046934243448,0.124327808506814,-0.116790300006598,-0.0855493320427641,-0.171195677729155,0.0763820437664336,-0.0882260558299114,-0.022325504804643,-0.03267515201107,-0.0671350764812392,-0.0302992201876521,0.0498696158038182,-0.112920591239871,0.0142030494449646,-0.303458671710215,0.136037226173588,-0.045324750785935,0.000686061492678178,-0.074406256241825,-0.247803006492272,0.0231952042547547,0.161139960991427,-0.0643350740505746,0.142612620009064
1700,1,0.028942698842735,0.180668405861893,-0.135938773822359,0.0358512013996964,-0.100427065206536,0.0292647240578677,-0.146807515082006,0.0605175166917428,0.0394179727522457,0.212152004202063,0.0384875891029008,-0.0695918970738858,-0.197275202643636,0.0708424359437258,0.125619970275784,0.00476033130484375,-0.0558902027277523,-0.00156326519573442,0.0899833980238161,0.0741880325607557,0.118575006702304,0.0358386995928875,0.0688530947168046,-0.003347479356908,0.0693444894167941,0.107467624102764,-0.076534586275776,0.170501265853881,0.015001906357687,-0.153524184646003,-0.0365371779786599,0.0636666325084634,-0.0308539301968345,0.076825840617772,-0.074388199894667,0.0505436641088533,0.0771296484097911,0.0134991754654168,0.0719139373558531,-0.226164430790095,-0.0812394097664696,0.0634337976624902,0.0959151374773281,0.197510935412662,-0.116344347812262,0.0159730463796478,0.0638652268304084,0.143532017711049,-0.184716487514158,-0.10678379670275
1800,1,0.105967535591369,0.151320879279827,-0.112973462130091,-0.23432972724086,-0.120677111278857,-0.0302780619935045,0.00246823963713115,0.208885578354812,-0.00548178138204332,0.0781318306719834,-0.0686312652564037,-0.0544095077966292,-0.191563987107678,-0.0502636410774333,0.00513791849311683,0.0759708508806459,-0.0682243383580783,-0.0744379523764641,-0.05638120589972,-0.000751327034716878,0.0696843496604704,0.0120938153925403,0.0358571801913392,-0.027457754098252,0.0121896342016932,-0.0159901920771991,-0.0871995161971649,0.048927060776459,-0.0418627671873375,-0.0685844018376498,0.011767166929275,0.0610997758844804,0.0431394883433236,0.0455804138054593,-0.136064693655109,0.158821661735189,-0.0505864314607471,-0.18817593086576,-0.216616665051778,-0.246996745002617,-0.131637371212679,0.00584357937119205,0.135485510077451,-0.0798082525810182,-0.17009995309692,-0.0132076598832931,-0.00477032848187688,0.0635850256467818,-5.85393836441545e-05,-0.239161041386257
1900,1,0.0470111274097664,-0.0249826286415186,0.00841158260359985,0.0553203467161409,0.0939224181775954,0.0401543881445613,-0.255372225813714,-0.0631366138070025,-0.040469171483696,0.042064984849902,0.00792994990354816,0.0501632022765917,-0.0352174952077872,-0.0435397039732814,-0.160471937640209,0.0715349292355383,0.0346203063322707,-0.164641827312347,-0.0673215834488369,-0.0360877975269238,-0.132700099612698,-0.0177943617897355,0.037715653067889,0.0317627784833445,0.0743076552860599,-0.182948702250703,0.104984586958833,-0.0206916657412755,0.03595461812928,-0.144141987674423,0.0131457658564157,-0.02444735938251,-0.0286438285670981,0.120781138670545,-0.0490051032115088,0.104662747561984,0.00488190634798884,0.00864288998035333,-0.0854437598258706,-0.207486369380215,-0.138420755142094,-0.136854424732967,-0.0460034149139403,-0.0329078479418811,-0.305487509632158,-0.0510479675187243,-0.113689642486822,-0.0686764865256758,-0.0423946358638912,-0.127052474912997
2000,1,-0.112578859711548,-0.244797739231536,0.0140780334718122,-0.222314848957644,-0.0667855588667086,-0.0080575613427037,-0.0453462680077312,-0.211714124488072,0.00924169530953699,0.03527490087385,0.0227811123155921,-0.0712768080402665,-0.0321659813797096,-0.0818503422467089,-0.0702456183032279,0.116416664623945,-0.120191658885081,-0.077952378266776,0.0251428982391198,-0.0790632657708917,-0.00295666537533686,-0.0407026067713708,0.0152956048426078,-0.134778721635888,-0.0534329519265747,-0.0189491556787418,-0.0986461247562727,-0.00735830651265725,-0.0597957763445298,-0.109087634328971,-0.0430322422925634,-0.117309730133739,-0.0584309969796959,-0.0669438945324652,0.0270054568064687,0.0684245192782189,-0.0774304319381163,-0.0311155984404159,-0.205374780148016,-0.0327847305080186,-0.0669716279925221,-0.0519662008436733,-0.0611376928878869,-0.0877800207080526,-0.0339574132669734,-0.156469823445217,-0.0190089594756332,-0.00574215422725817,-0.420618176272575,-0.364877704981362
2100,1,0.0446231786703545,-0.230442140411983,0.0729395970514996,-0.0900380162804144,0.0793441796848788,-0.0662054334156286,0.0377769656728596,-0.209904944543008,-0.00613534635695585,0.0393223738633728,0.0961643422141436,-0.0194230750968744,-0.147989247901728,0.0954162387706889,0.0419996395299714,-0.0288585838546826,-0.0767218885415682,-0.0253930321065218,0.0942271856149963,0.0398921019490733,0.0114518158291253,-0.0957950761151256,-0.125016269923645,-0.00730665639147988,0.0116902896915603,-0.0911624164428442,0.115029468505595,-0.0765734662129564,-0.0623220278098896,-0.0380211285889736,-0.0591130943429097,-0.10450098077541,-0.0597468030006476,-0.0717050526965245,0.0705680992603977,0.192006647139474,-0.169342443057682,-0.0954203538642887,-0.0285754665213186,-0.0767260936456546,0.144087129956018,-0.0152145166371261,-0.0589954606784765,0.0981664520196694,0.171646398792293,0.0140563484726439,-0.0810114393024653,0.0705801965892907,-0.249888213649532,0.247566755046717
2200,1,0.0201057562711149,-0.282893184966876,0.107619498543871,-0.128145819893277,0.0364899759408304,-0.0211333023106067,0.00912697321062016,-0.21074593830859,0.0091581287760875,-0.00538157562382259,0.112984968760803,0.0418342825011501,-0.00693227456404712,0.0806561814455136,-0.122748581722401,-0.00891418923852862,0.0245127036831451,0.151318318373461,-0.0289159376359066,0.0130765088180352,0.0213969110249861,0.00761282127339862,0.12643412021215,0.115251429246634,-0.115894282978827,0.0562868706390883,0.0726929560683905,-0.0813307018003855,0.0198913327751133,0.0166917004536056,-0.0650634120806096,-0.0311605405319447,0.0353347706675461,0.111799360930763,0.0289866280530954,0.0571095742556568,0.0698693032044206,-0.0616168623224872,-0.0747546658371326,0.382751741667855,-0.0125440486074714,-0.13737372241323,0.0509354600500658,0.15594202049885,0.0924169272950857,-0.00617957548374905,-0.0573065069914933,-0.101408417931243,-0.0405075740870754,-0.118526751248709
2300,1,0.190058946261888,-0.102270796094584,-0.0327292247422618,-0.0798297909512159,-0.0451335188720501,-0.013465268516467,0.0526181813641346,-0.0847001004750413,-0.034865358240974,-0.0287659692730495,0.194663635688875,0.00414155465633147,0.315353432354089,0.0923112506516948,-0.109097084825076,0.0227716336604745,0.0257561073885615,-0.122124213810068,-0.0215127324326444,0.0611892754860995,0.106286510366841,-0.0182843833257343,-0.0439009147404648,0.0454342916515474,-0.0119837625035538,-0.0881018106790314,0.0801459589796963,-0.0889364267648827,0.036065894648334,-0.0169990295747666,0.022531291544609,0.0766371240577672,-0.0199889650574936,0.0507039743342339,0.0910404923065278,0.136721939586327,-0.0194617571742576,0.106248249922779,0.242001303612875,0.119855991850945,-0.0553050406925431,-0.242279840854622,0.0878164715195192,0.0743502731472544,0.0524236015402495,-0.00374223200197722,-0.00226861370601618,-0.0967930332668684,-0.281518418733934,-0.08097466669054
2400,1,-0.0213837866414011,-0.0471268142390587,0.0211468402556066,0.0871064621666348,-0.0781938716841062,0.0341799795449605,-0.0689966626609364,-0.0853612567309323,-0.0607543808194547,-0.0309784873323213,0.0614056822005205,0.0412073599522728,-0.0527379034955635,-0.00148216552620035,0.00155630712915054,-0.0846695184784392,-0.000159030651883038,-0.106934421308692,0.0714257770637777,0.00945242190976674,-0.202642112691656,-0.00253298926593089,0.0423139803465724,0.119319295890515,0.0481156226100477,-0.0827735944026348,-0.031610335899373,-0.0359184157919906,-0.12563604052349,-0.0756323367464783,-0.0314669910953741,-0.0979480492090017,-0.181531347178121,-0.00402908403921916,0.0917579453275605,-0.0417294900783908,-0.0310317416784745,0.0531702503268798,0.152496146387416,0.211930712878404,-0.216997106518505,0.0684963920551472,-0.00796846109550463,0.048165117696153,-0.017422776855288,-0.0430124938295817,0.0353707151479335,0.00224097906002112,-0.433482453551449,-0.0127960743394643
2500,1,-0.0716239979243524,-0.0107186637120674,-0.0969169912061837,-0.0196955727272663,-0.0639521278247314,0.0436521691381732,-0.18396843195877,-0.118952734898678,0.00789336754961571,0.0416356769105568,0.0449418425918185,-0.0439819517471195,0.0229492151438795,0.14769164073956,0.0975270580277544,0.0458557904217316,-0.0563616710586028,-0.0205939938839676,0.0831616152314211,-0.0231581193062112,-0.139797306940358,-0.0249398648931171,0.0281844871906817,0.0408196170530262,0.0416210700998744,0.131426197443905,0.208514612495559,-0.075521981020347,0.0527064299384862,0.099473577028422,-0.0534270947484924,-0.0368989553713705,-0.0431702325405432,0.0517833612727265,-0.0422721999069247,-0.156765769624903,0.0771322713202271,-0.113683602619216,0.0885657441169749,-0.111944597146923,-0.299189406208872,0.021184346487227,-0.0302839791801617,0.0982621539805962,0.00281411789587947,-0.0332309236645452,-0.0176226135615741,0.264087412333342,-0.290450870083522,-0.0505181055333485
2600,1,-0.0453087680043438,0.0445594055372735,-0.0346014338207856,-0.123848998302473,0.128481527414839,0.0269633265535987,0.0525517470689627,-0.0750838505462285,-0.0569303845392106,0.0489712357037196,0.0450528392426192,-0.0278249127294965,0.099310778344557,0.0901374360384131,0.246911218640743,0.0419146524989218,0.011186986151808,0.0516456654866505,0.00901791741982554,0.152835981138394,-0.330397556378413,-0.0395339594817111,-0.0213580617491238,0.0662273964687875,0.0378162403158726,-0.0284507241502384,-0.0302618252478078,-0.0178411888113088,0.0446554484192558,0.220064016778183,-0.142682010114718,0.0125530591882164,-0.108672537186633,0.00639169114007286,-0.0457987169958981,-0.161039298717347,0.157896604120509,-0.0329807840822256,-0.106201071115178,0.143245862888545,-0.12520143999994,-0.292116890121982,-0.137489564617517,-0.0431126854607124,-0.132247860473047,-0.00810155846469475,0.00573668317349639,0.0380698789886909,0.0982727046753428,-0.0369413611391774
2700,1,0.0108180885360595,-0.211307794650862,-0.0772967353384581,0.0717140597866171,-0.0241494489171249,-0.0299885029776368,0.0479847683045787,-0.26924450738544,-0.0803223401654129,0.037196354786624,0.156184789289997,0.0895206960763344,0.188808018533289,-0.0142291284116332,0.0946138468036252,-0.0608385087560379,0.062290519663835,0.184886144259735,0.0316208078515331,0.0583298767173451,0.0446028195766074,0.0532856571195456,-0.0484871222893543,0.0324906818276083,-0.0569903175302558,0.153014691551975,-0.0104256348116196,0.0789638051648861,0.0695452973600174,0.0947482412348292,-0.0490521683241643,0.00940012680272377,-0.0239207569721287,-0.064563828837706,-0.0814883219881711,-0.0118717909084964,0.125169327730773,0.100025867318886,-0.0370680636555593,0.263378341336054,-0.251555529833033,-0.128656355322086,-0.0390215429697881,0.18036321670696,-0.154726572996431,-0.128352722126149,0.0256167257815855,-0.0500964937521327,0.11967581010649,0.109620919590278
2800,1,-0.0291192844112057,-0.0426946585461402,-0.0320856321550039,0.0261021261939069,-0.0569230328212355,-0.0651045501488831,0.0305775423047661,-0.0468164115782896,0.0285855114096526,-0.00692297342807126,-0.0189936841653185,0.0192123747646589,-0.0354316150226078,0.0134905589147219,0.0793847310525096,-0.0369147549961531,0.0330305158183832,-0.126443770696532,0.0459333896082519,-0.0198637515504151,-0.0149441998743518,0.133861564247346,0.0461852359424603,-0.0475791662120074,0.0168727726199085,-0.0227670140699211,-0.0940275700863565,0.0738772464164253,0.0453535519341392,0.0573624043486437,-0.0789418740439703,0.0805151335861504,-0.0249485086466944,-0.0200619435514395,-0.0331183350662669,0.00614759894581622,0.102097547493444,-0.0762942370930887,-0.123560498774423,0.106495157387425,-0.0561168636557587,-0.0247680355816857,-0.0475109929609923,0.0391175048555745,-0.121635918800174,-0.0749153331523828,0.0927212823393687,0.0383001669324571,0.054581032107144,-0.124557099367842
2900,1,0.0292680303144452,0.115949084674719,0.0523753585315598,0.0784647281682977,-0.012445595233755,0.0222876520856957,0.17261755012419,-0.0377303082225321,0.0222530463158625,-0.0265443467823656,0.107111706403243,-0.0611455442278717,0.0406598660694218,0.0917583136855468,-0.152761029646141,-0.101216858158904,0.0814964606844058,0.108560815618215,0.0622564069123387,0.0834138073291019,0.199343002328336,-0.09096165889729,0.118244972645678,0.0471495032590228,0.0307261467860923,0.021909166463476,0.0933697848548092,0.0693055816863003,-0.0406201008392999,-0.133305206139088,-0.00716921260424221,0.00706153468643315,0.0145927327688118,0.0778055371234214,-0.0329628371692032,-0.0743148327185457,0.0785512086170086,0.00702125795562884,0.0526567996877633,0.0162084053166358,0.0375826888674842,-0.0115314624793211,-0.08020548614132,0.0313200650780785,0.156293355425172,-0.108054554400935,-0.0693703357636252,0.173485747916279,-0.0951967047011226,-0.0308190630931908
3000,1,0.0924447302562608,0.0169785720501372,0.057003474802813,0.0917989547952081,0.00727499325619423,7.47636294970849e-05,0.14118542512324,0.0071714447350124,-0.013717489774046,-0.00923274275010279,0.0942546400576294,-0.0225723475860538,-0.00906838009479334,-0.0428209834089061,-0.0787440806370362,-0.00505080009371274,0.0390373876750418,0.152482117008759,0.0939276986562814,0.0485588480799658,0.162333952422767,-0.0496999029652742,0.0232954691839437,0.0319553588961898,0.139031129866827,0.105855722620781,-0.100883962118662,0.0150994641730561,-0.000169280323438672,-0.154013213437855,-0.0288996868725536,0.060837343213219,0.00187470299358276,0.184369743850093,0.0531485155548205,-0.134619321754344,-0.0638774592690359,0.0856881921716357,-0.0546710741955095,0.221417306354418,0.0378767294646106,0.0337492835327819,-0.0762182168325842,0.0350751913434369,0.0465702557501124,-0.144610060641407,-0.00899465760092184,-0.0746430516199781,-0.30648411142345,-0.0465602606019648
3100,1,0.137773178899609,0.0138090069589033,0.101154645587614,0.0444434004981861,0.192753382477343,-0.205641797202623,0.204496816395662,0.0615056136572324,-0.00799777188192903,0.0581393995191701,0.0129720579358107,-0.0641820354377247,-0.0644028146473681,-0.0670030753680455,-0.0841394867656962,-0.0125318414185604,0.142832764160965,0.0187922258441851,0.121092477757669,0.0320232391874001,0.0403296118127782,0.0350444260247009,0.080413696976409,0.101093039780746,0.0801499541454892,0.157091557251838,0.0937681651617323,-0.0530768538136827,0.117787983719902,-0.109067625313695,0.0257715397132336,0.0863684807248156,0.126526309816934,0.153181387125159,0.0405006550945743,-0.0828031002674578,-0.0713321887802623,-0.105991949834511,-0.0948999332271898,0.115278952490441,0.407682125813439,-0.0720498821054198,-0.0743988733371651,0.0513174738197305,0.124612957002546,0.0238668788993659,0.0579591059535463,0.139339391043837,0.0304827589958186,-0.0304626457217191
3200,1,0.0483321677867057,-0.151549185384764,0.0926162386327083,-0.0491377936539196,-0.116574369008863,0.0371084319872762,0.0348287624806596,-0.0464661312019386,0.0675426611764929,0.0085962014611095,-0.00677602457819644,0.0377134974026617,0.00650626339656145,0.0413161901704007,0.0365513807048175,0.0490285148265708,-0.0738147449023549,0.112557697624448,0.0616329746673534,0.00681828915752346,-0.134241885716949,-0.0150046446877624,0.0458630530207737,-0.0746050355822052,-0.0562023941683553,0.0270578044676105,-0.0212044822230372,0.0269780853593609,0.153621204882253,-0.0950045508820663,-0.0374946385016261,0.0898292481619641,0.0350218709790481,0.0584443196383781,0.0468228247100097,-0.047016799804714,-0.000560465262608237,-0.232227641206507,-0.0780038920605185,-0.00410011188252991,-0.170589354652834,0.0448103034154991,0.0287605748122218,-0.0407403421258419,0.139654246188338,0.106558171090258,0.0275260748279006,-0.0762107063867916,-0.133667262448942,0.23989385584162
3300,1,0.111528724113923,0.121583475175097,-0.0730214063443807,-0.0159249694498384,0.0953884374714972,-0.00355065213913842,0.0789928259852628,0.112596678507576,0.039403345466276,0.0563839700154731,-0.0269402406775733,0.0106486300491062,0.211218210310081,0.0800854428770172,-0.130182652568382,-0.0800060819367172,0.120810586458947,0.0640782085936821,0.0163583266595091,-0.0548398499482794,-0.0721522703342141,-0.0819184378962779,0.0896486803578188,0.00662042408541151,-0.0432871280557586,-0.190007886678403,0.0834086573916549,0.126967013445621,0.158928007948786,-0.044447236770218,-0.0533391011772201,0.13569498543168,0.0489387025724313,0.125757942625891,0.048235005102989,-0.189708358537236,0.25999371745095,-0.00488050624789828,0.00337678188440858,0.0945211689474688,-0.314051437576127,0.0151486976706964,0.0723082154747973,-0.12243968912961,0.0791922157798601,-0.00633900166497071,-0.145085017861894,0.0390960394759872,0.00720434981834388,0.130934005375756
3400,1,-0.00975644804449093,0.0594314164400776,0.0187039596383171,-0.0532670929476984,0.138508710611227,0.0033775481571635,-0.0203152251942908,0.105050360693164,0.0765098766001673,0.040803995835242,0.0451933065163335,-0.0103242066849145,0.212964584364026,0.084038357157062,-0.0693301231160797,0.0876088171760429,0.085973183940148,0.107201999395405,0.033829397766816,-0.0548459386831434,0.0194628696346056,-0.0390347142938273,0.214400311303057,-0.032495267821238,0.052425967166419,-0.0412241514944424,-0.147958267888533,0.200829425738796,0.16754004862545,-0.104586574963305,-0.0870872275941039,0.11184890678273,0.0337580866784788,0.0924155422990818,-0.0785393585780104,-0.170517537874096,-0.00514057879836462,0.0987918250405756,0.0618010326819475,0.0134091554496564,0.0298696753830976,0.0882526653560511,0.142991243888698,-0.0664802952066533,0.105207495474619,-0.0188668122536804,0.0786883647236787,0.307226206826692,-0.0865754897983141,0.0248923558231027
3500,1,0.0769013411431502,0.0245132448329041,0.109405006695216,0.00911093941342504,0.0396023379418576,-0.0074302543907296,0.0384536513870909,0.0217495674547909,0.100603519781388,0.083017403973838,-0.0148685840367691,0.00611615940381015,0.192536786032311,0.0962427025250123,0.0354285968990739,0.140748892375479,0.144468385051333,0.0733634038460994,-0.0556586022166014,0.0810354524997859,-0.118659456335974,0.117087194396328,0.194702683997953,0.158727088350269,0.0216285624158948,-0.0793520918903782,-0.212881483076579,0.122867823861875,0.159763817449351,0.0622198843083884,0.0203995552888643,0.1087482647169,0.187157781191885,0.236234057714959,-0.0575875794187051,0.107466138409809,0.301838326693263,0.034045498715064,0.0240614050584573,0.0328546073921252,0.160858041943284,0.0461806042617853,0.192738417962487,-0.0648427058190405,0.267259162207304,0.00812028045060319,0.0695075487616945,0.0615001857343544,0.386583404657617,0.121946994971487
3600,1,0.01037334712202,0.141276875703082,0.0141297635382191,0.0453620857105112,-0.0189212591915891,-0.112235704298108,0.204952108042875,-0.0500123150238772,-0.00110000417678997,-0.0718219053148317,0.0915779391586573,0.0109685629539164,0.279809954107867,0.116340723884046,0.0561737298716087,0.105913590979355,0.171803151523832,0.00586545467509718,0.0837651519649778,0.0206524475324059,-0.153202021049541,0.0524060212057193,0.062478936502613,0.144948767077458,0.161063889666583,0.0514509703027004,-0.108210836220835,0.10201096315978,0.0657926437794329,0.101178886605992,0.0771102356713231,0.133077598170744,0.11658345445023,0.0100704635752103,-0.0319053692632376,-0.0257499247154476,0.149795515208047,0.0341570635222363,0.0895838467283528,0.167161700426496,0.140216093230117,0.00534628877565423,0.0507876324406252,-0.0904813101151343,0.0426700452435911,-0.0280306576583611,-0.0038975831354759,0.0678354880289574,0.201727403207289,0.00684279657274332
3700,1,-0.0368909966518669,0.0943842135283792,0.0778482400220908,-0.114524060503483,-0.119236088980796,-0.0782524427162423,0.0320110295642539,0.104690563458576,0.139791711861306,-0.0901327534126296,0.0519968830009362,0.0240084241538964,0.00503935746195609,0.218115921378611,0.0341790558545576,0.0727371039799216,0.142765160757154,-0.0516814931600813,0.0987711965219167,-0.0619727133906985,-0.223695393234271,0.152544786908274,0.146164816329623,0.0120464458636367,0.0697949934666145,-0.138177376921935,-0.0501045773938875,0.0673784543425574,0.0851642645671519,0.0108544184499149,0.132894079258092,0.024549651449523,0.0428717590656196,-0.0623525938944979,-0.0415790606567689,-0.158355103968459,0.163483463480328,0.00942980085721183,0.166435194322654,0.00286026913312735,0.151512428256494,0.0360139032550622,-4.18708607015511e-05,-0.0644419049439885,-0.0698478450664436,0.0713195897823435,-0.00375913071793733,0.139285282061504,0.232508929644528,0.0919514668828896
3800,1,0.00502011065573514,-0.124298572230632,0.0482289014205924,-0.216266227024965,-0.0272634638323158,-0.00359881742669795,0.0336473589853068,0.114319712761392,0.0950289462211481,0.014795427992019,0.220189694731924,-0.153730490718102,-0.0986410665747371,0.140596833888019,-0.0467244122157284,-0.146169365697031,0.131638094427679,0.151133731636108,0.0944552677419948,0.0450311328437398,0.161743019784124,0.0791379005497546,0.109941267118922,0.0959376530671412,0.074452333694408,0.00269884166447519,-0.0465016723376317,0.0471235262899676,0.0666346843365827,0.112227721812225,0.139077637353253,0.032038403799236,0.0446844223847882,0.094447219869929,0.0293185175704361,0.0287990224362757,0.144782194031257,0.0441893031206526,0.033847878783067,-0.13109610194237,0.15732636865698,0.0983567315112674,0.00332262593417638,0.158798312025093,-0.0245532712395998,0.169493511611684,-0.023726981655115,0.0550459790998814,0.262547399995827,0.0334962962267935
3900,1,0.0967408605027142,0.0213228366199404,0.148552803990115,-0.101247085090523,-0.0798108297718572,0.0663456822502156,-0.00314089540106351,0.164981129881847,0.040522381359811,0.0606528068192759,0.135762075156352,-0.109417705613579,0.148109149032958,0.175452149441508,0.155948164386819,-0.00367100951621614,0.029214357849077,0.0476378770179613,0.161838039017502,0.175214102432531,0.0416823034315725,0.161293138435311,0.0246279909699298,0.024060084349118,0.0203177634269075,0.0349718215014547,0.0501864927866903,0.101166060460959,0.0442285762390462,0.0814192167698513,0.0732614681550337,0.0234873805219691,0.0284381526462739,0.122574304936677,0.157067833217664,0.191089225399574,0.0636596523890302,0.172412475735559,0.108711832014793,-0.0568003267384751,-0.255578209019356,-0.0306478390148677,0.0426847762053815,0.0508660023760782,0.0127789447930414,0.124270469808852,0.119410832923297,0.00372499225906585,-0.128910083815393,-0.0176711322006575
4000,1,0.0611133341875199,-0.071327250641089,0.0877435328344039,0.0305493227591078,0.0845027592163078,0.0968228747586294,0.000693690049915527,-0.148598736436393,-0.0274076035733955,0.0424010985216302,0.0522254946829513,-0.0423878626788053,0.156067635905931,0.174864650393867,-0.0105177989277163,0.23084282838478,-0.0101048931962326,0.198399451547142,0.100859287760991,0.106031001945414,0.380227615777343,0.111463379667689,0.0109153853736631,0.0052048156620451,0.0783422080335256,-0.0756984452194229,0.0365300001433494,0.0835120547975041,0.120873272644416,-0.0662915183501312,-0.0338699255675973,0.0766406661555743,0.0406360147838375,0.10121017508993,0.143554177658902,0.162015475461763,0.0468925707169314,0.0358015692869065,0.0936375740776317,0.316619860621171,-0.13374589528942,0.103912854214928,0.112590349981818,0.0347440806870029,0.0203928489755769,0.130099369189419,0.134431162239078,-0.0244600956951496,0.0664366405878063,-0.0989758241517439
4100,1,0.101738878170853,0.00391907446455735,0.169822625244718,0.152615386010312,0.0489909671789385,0.0937696144069698,-0.0860376354462354,0.115069468429803,0.0389756667141629,-0.0571239027297726,0.0543059349201422,0.0623102812341262,0.0753320492516007,0.168439285746973,0.216666320644872,0.0670414542601109,0.0343186422721957,0.244127652813362,0.0711148336289227,0.0519779971701191,0.176399853730454,0.130460240496535,-0.0173555973631968,-0.00476845630312335,0.238077995842147,0.0397933904781765,0.0010854212009581,-0.0124099188521693,0.293958434778012,0.0653038986053607,0.162100618341434,0.0204221701629423,0.000421990990616197,0.144678908811397,0.266703261989266,0.225351467276161,0.176716553258966,0.0476032264987375,0.153794756395693,0.506448799129893,0.060460201868759,0.248316165488673,0.168659142006117,0.302363899719073,0.248174682419395,0.154775467499664,0.0666955339370115,-0.0515090458855324,0.247960220437021,0.361092233387077
4200,1,0.0589898367987747,-0.0697187594219578,0.0227654049414481,0.220046243947123,0.000400846681767361,0.140737984103661,-0.0250068978463636,-0.0938723018964847,0.0424543402740555,0.00502684471156743,-0.0351489391615729,-0.0205715226067178,0.190488736676087,0.107621885417432,-0.0971196992240192,0.0213331540143801,0.0575073097252975,-0.0249629921576633,0.124427748388417,0.0855919367820432,-0.142165897509182,0.0239895393926183,0.0667882630147592,0.0779941578777539,0.0330933570358487,0.148123025766456,0.0764126520491643,0.00106125377995085,0.213307366849721,0.078884847635602,0.0238940959307003,0.000595809913178799,0.120521942715059,-0.0176830177251861,0.087527222919657,0.208618948726625,0.19199500337385,0.119014480646479,0.0606594858516108,0.0465733243296538,-0.0321775315639043,0.100082278411056,0.0715931415372428,0.14434032566298,0.0400593358809678,0.111321592613994,0.124102319881517,0.0915662514750358,-0.211013076228996,0.0789560798823637
4300,1,0.0253593092033011,-0.0274754788849142,0.0270039650067533,0.018866353115727,0.111052037380299,0.168140438390678,0.0356271885044162,0.0841238633486764,0.0452866857884091,0.0389525252079141,-0.0696387734063434,0.0273978067257431,0.271820843333627,-0.186903993462651,-0.0704843651230948,0.115458117329862,0.0191164473095342,-0.0997389536764007,0.0450912415412172,-0.0346764198441094,-0.0570339411522364,0.0575082135262486,-0.0314579524687846,0.0972649363597083,0.19243852201683,-0.015634833161808,0.0772188032723474,0.0721850552082988,-0.0790081018331051,0.0471601409940452,0.0588080871265906,0.00730442294899351,0.122129133554416,0.224620753897266,-0.0501583129384799,0.184208421352877,0.230429887365066,0.112193033031692,-0.1560404379983,-0.0797162285109748,0.109582405613281,0.177898176547745,0.158662101919188,0.22494429420023,0.0987702813466072,0.223098697491507,0.103162667050554,-0.0461885434493959,-0.452135526864203,-0.0126387700092878
4400,1,-0.0240134888417908,0.0514347217332628,-0.0859843421565795,0.207501073509868,0.112397220821421,0.0774996334749394,0.0449252459310625,-0.0607440587761327,0.0142624159125369,0.0145673883114866,-0.00292172091554051,0.00800069104209454,0.154787277103359,-0.0397903786377223,0.146809075344622,0.0667659149334442,-0.0126241084209899,0.0897316611848564,0.0755769895395543,-0.13289025692789,-0.322955693289377,0.0437557396998843,0.0659855904543,0.101402377823587,0.10768026995746,0.0262583878354157,0.114217855346393,0.0452564675238817,0.162229916909917,0.00762440569875177,0.110016481964592,0.148082897853955,0.114798880022424,0.143888403028508,-0.128228865703267,0.0607970222227833,0.189483255324055,0.103651508802447,0.0254943939757031,-0.0673309854270357,-0.0468447273347268,0.116622935139891,0.243523461445223,0.193382080910018,0.247325759413651,0.0878884201422054,0.158691759430784,-0.0611821148476013,0.172626004001203,-0.00274130090379089
4500,1,0.0755766895237508,0.0767514490907295,-0.0791731809169285,0.105938828933205,0.191481570897394,0.235306215639609,0.21980098625281,-0.196523128159927,0.03742955533664,0.0834299891161635,-0.0211250519320939,0.13251698898034,0.20134231563071,0.0981650652485174,0.0014432290864778,0.132006916604551,0.0377535340403394,0.366080467888182,0.184572511046807,0.00893367588993614,-0.260681639299807,0.133774419684533,0.07239560958747,0.0523424033493584,0.150309102287162,0.0733836624592352,-0.0360829066319575,-0.0320716609849193,0.163485524742906,-0.0672989833357326,-0.00092939031077767,0.0569879039031631,0.158924304041626,0.174026374207073,-0.0882119949313486,-0.0848425516335609,0.269389617366196,0.0302569573024041,0.19332571971085,0.123598710719216,0.0696616439154559,0.0796565082439189,0.072069466612416,0.066862608912819,0.139920337666689,0.205264787324243,0.0988123606081781,0.122353810291737,0.282681267408983,-0.0871546616987747
4600,1,0.048992695230729,0.160585085320061,-0.00812590438798778,0.0433263543961879,0.162291639618132,0.139689997099765,0.249831716440347,-0.0470883371197497,0.0361199918000352,0.113716761378282,0.0474794781805995,0.0844126491680739,0.264702640832378,0.1103448177299,0.222255418424048,0.120399556067972,-0.0379477519131024,0.106988273319106,0.14648798699599,0.0236625763834197,-0.0217748216277916,0.197855027056977,0.146894820965175,-0.00919155141823615,-0.0246190837347365,0.266610302549786,0.0534396795016764,0.0131596754798275,0.0371938338993118,-0.0659726814752793,0.0361123106236856,0.130897434966119,0.116130610667002,0.0573898382723471,-0.0212652443067792,0.10934595479346,0.110086381178799,0.147134154934519,0.185193721725959,0.141327822570055,0.0905064650731123,-0.011772130530015,0.103329187922587,0.114896654999917,-0.0282874482470271,0.21489891022643,0.0331914138443235,0.0764795227014139,0.38660006197354,-0.211604112580862
4700,1,-0.030679407312552,0.173216590246634,0.0023256107637392,0.0302782745160668,0.0198619907322505,0.152025672704613,-0.00936302284742048,-0.093421853678616,0.133476587395078,0.0635198418585136,-0.0281677656969997,0.00269397184935997,0.0624597252153,-0.0912103381454765,0.175845003447198,-0.0899809062516206,-0.017582869751698,0.151312327819801,0.0781398734943394,-0.00579192443513833,0.00968685149064873,0.0362918884679914,-0.0816894975324614,-0.0312859688158405,0.141605324244963,0.128153361105838,0.0120271106751872,-0.0228281319135961,0.116910717260421,0.0157743372782365,0.0903407494042655,0.0535927936726746,0.0434455484954034,-0.107567344970575,-0.033121232033952,-0.0466048762144937,0.0690486472416424,-0.0151571132955708,-0.0387926017658051,-0.165379780187574,-0.128016129423766,-0.0590104931208735,-0.0135542272157681,-0.0246676615052529,0.145837482050393,0.131633104854484,-0.00934362283636699,0.221463654361946,0.188142469902563,-0.141627864460036
4800,1,-0.00588504983622738,0.0677578718616069,-0.124916782678138,0.108044581982076,-0.174875877420262,0.0196142869993893,0.120119059489427,-0.0184226560433767,0.0510170085992919,-0.00843219893331389,0.11504523362082,0.0196267106719102,0.0945128393946063,0.0647701611262139,0.217832939146751,-0.183464242340388,-0.0434169980725348,0.225795353967588,0.0326023832620157,0.0303320793788574,0.0655309105427148,0.032172563846572,-0.0593612220832711,-0.0456056893576354,-0.0449209208504167,0.0336989268907485,0.00473716111060855,0.126788946457141,0.0455397034093063,0.0153334222750213,0.0459605321918408,0.0850755391912076,0.0628098374518015,-0.0556060616985643,0.0512753266147567,0.0786030562081759,0.120577018152045,0.201947461526108,0.193872607767436,-0.205231037244159,0.121921091703634,0.218541640240838,0.0395213747409724,-0.0704854594715024,0.275426514336657,0.196131498496899,0.166732885890689,-0.231852619630288,-0.0169914798494094,0.0204027210045816
4900,1,-0.177046513493704,-0.184315366816856,-0.16856105094879,0.339250177342003,-0.124954327232834,0.0936386943097228,0.182574687214602,0.128407191733742,0.0514196025019243,-0.0462754334054881,0.0291283868054899,0.101746413833303,-0.212846950117944,0.125038508925043,0.118700581506867,0.194673949093615,0.0260675571057331,0.0397091809308209,-0.114224054230504,-0.0512857136887732,-0.115567078468596,0.0784218670675355,-0.0448989781480486,-0.0532567042436966,0.127125581796718,-0.069078651233513,-0.0693259376997871,-0.0837844784425364,0.0447497608652063,0.10915810208389,0.084630970114425,0.0574585515150026,0.0347225292429082,-0.137911947366085,0.0329457069748227,-0.179441750386672,-0.0134244221052702,0.0116429461123805,0.0817232743120594,-0.245847352722562,0.248702368652318,0.171450821321024,0.199272520055011,-0.0590065593489961,0.0478115611569222,0.0627861022654926,0.0681296887192982,-0.00246255460200863,0.045974645157737,0.319386795771678
5000,1,-0.147761684944201,0.0013993611066777,-0.148775581666339,0.263155071699512,-0.10030161470769,0.00615630509539937,0.0620226988476124,0.0971572218056376,0.00463746119494678,-0.00859791305124237,-0.026745314197429,0.0311134928178003,0.0740270870925914,0.00490319068117849,0.0867060246030645,0.143581684920805,0.0601702974886547,-0.11170688024577,-0.0353024728576382,-0.288644661605894,-0.220780364859537,0.103352834141714,0.0642514111652458,0.0260394447689455,0.156044868833976,-0.0501942974940521,0.0578577308690819,-0.0127397389936148,0.0423249163871039,-0.00830504344992945,0.0723996540449823,0.0116005560808793,0.0603295250152096,-0.136083151590627,-0.101758104059555,0.0157793264219954,0.188570714451713,-0.101382792867359,0.173972258785891,-0.134569273847464,-0.152249830410885,0.0729181770815717,0.0617965406754864,-0.138763833912256,-0.0833060357167456,0.0663752348047457,-0.093744854341933,0.229636064474806,0.0742494931262307,-0.0230566088703627
5100,1,-0.0407999149489574,0.205406688277939,-0.0719887889305728,0.0388636193482987,-0.117043614850957,0.021882249712342,-0.198680299767955,0.0700314671905554,-0.0156772459539943,-0.056547696365011,0.138586021468795,0.0176996365577682,0.0561667732699024,0.121529297449434,-0.0193790174568404,0.0630050738212998,-0.00394525213571874,0.0567350880209344,-0.0482734910705963,-0.216747131569477,-0.135096886108475,0.0421547259519773,0.127051448350506,-0.0725194721216675,0.0449237757742604,-0.177746937240677,-0.0410992910490994,0.0517876658904999,-0.065591295383438,-0.00533487268070527,0.0198864340840088,0.0289442786047917,0.0138551731511361,-0.0940840139408602,-0.00249417568563183,-0.0234687159506082,0.16322377028641,-0.0714596748126373,0.030922470937055,-0.100249847417183,-0.0698581405241373,0.0429232830825399,0.0216721095309721,-0.121988846257234,-0.0494382767001719,0.0736829159849798,0.15214830249172,-0.0389560970597477,-0.0205110139031722,0.0295454596966739
5200,1,0.00143312326014038,-0.0476919520376357,-0.0873939022096409,0.112629739608369,-0.198233140913205,-0.144147074055336,0.0725941456385219,-0.0435990962845416,0.0253224590593525,-0.115326409130542,-0.0274270010837911,0.0745264118048097,-0.0475063778499136,0.0640595826448963,-0.23806677842769,0.00709814879559638,0.0988832461510507,0.177790829209213,0.0904900954414535,-0.146503775071827,-0.0459134020832126,-0.0723193889000342,0.0335840807868909,-0.0346897275048909,0.032291153034776,-0.0299460209994667,0.0504252713683204,-0.0219121618563887,-0.058924450334157,-0.0274654470421948,-0.00588383990677478,0.0715838159243345,0.0355949377178857,-0.0588676149043995,0.0539867436281089,-0.0499849678959391,0.0583123201812544,0.123302511901832,0.084822862855848,0.00331561220524711,-0.0178960400759437,-0.174499813903013,-0.00163616010714827,0.104196225939426,0.0847680348256484,0.0969905835781519,0.0886409876291357,0.0121541109537488,0.242476971637699,0.178657269371457
5300,1,0.113813576653161,0.10063541305588,-0.0271640720278517,0.0195912607894263,0.137404743187157,0.0409363852732432,-0.0234126284805731,0.028070900764366,0.0962048250419698,0.0329508518014587,0.106777637631065,0.0197365512947316,0.110335848462434,0.0930828298323025,-0.0649460643915839,0.0388811992587293,0.00773466128594415,0.24732687660684,-0.0276924345666471,0.0188467574893611,0.194878389982413,-0.027882442949148,-0.0282212279981914,0.0197016950866257,0.087584865113939,0.139821949400059,0.181755332836069,0.0369327558871462,-0.0123892170385419,0.198504104748928,-0.0852814955845642,0.156943338081459,0.0315856914926268,-6.70755455065147e-05,0.00891097382522009,0.0655211127278536,0.0407268022748165,0.00928572080025585,0.152767233206852,-0.237606396735471,0.387821485776493,-0.0367776515721137,0.162990031123469,-0.0127880134857293,0.27483316062589,0.28135422154329,-0.095224446137889,-0.0519621826526428,-0.00113903183413606,0.307849594697833
5400,1,0.172031858063342,-0.157150888097725,-0.182162409254628,-0.0117298602562974,0.120297335611484,-0.0474698567854211,-0.0792709551558619,0.213209682225047,0.0471495870822057,0.0542389737625014,0.106249197784921,-0.0117687142018584,0.113841858707026,0.0356210889853187,0.110442078274691,-0.112945804891722,-0.048844444885561,0.108818346865907,0.051899369405518,0.0984530317183652,0.0640122559302649,3.61102497655058e-05,-0.0734762960928518,-0.0274779993263175,0.0397950739271455,0.157264235662985,0.153632548785224,-0.0389908050606348,0.0175082353431251,0.130491293622622,-0.0219044983424159,0.0197490512250304,0.0326056021295601,0.0974837570297304,-0.0194365789247786,-0.0483224302004624,0.129670963375017,-0.107958154385997,0.149880486728077,-0.0274600233222038,0.0800624230693813,0.0314426189749813,0.0664776427795877,0.152611687668289,0.206931542664367,0.0575568740301571,-0.0919471453121735,-0.0477418760844041,0.0871251873951216,0.434183846255143
5500,1,0.0393877362043178,-0.123709039374207,0.145843801742306,0.062286290983364,0.113861410500241,0.0455387892836117,-0.0936860591844906,0.120254788883093,0.0451233893289213,0.0936105599082665,0.0849990872707013,-0.0311740428505471,0.27909065414398,-0.127661260740803,0.0121944051888939,-0.0741509719675084,0.0171257102078971,0.186617566338931,0.0385463369076505,0.0352039568921325,0.133521316684299,-0.0523320634705703,0.0463710014506215,0.00332155609149008,-0.0229321630224093,0.176671618002922,0.265109285163308,0.0903908208559312,-0.0437609461620387,0.0839560915975347,0.0723752961834187,0.104868881968597,0.0444133063515291,-0.0718740090202691,0.0517433086438094,0.0748511221695761,0.164337940955653,-0.0287527408180074,-0.0288168006058871,0.0600222612404292,-0.136665813410105,0.182004754083601,0.0788908158496888,0.0975498688784376,0.291084880763512,0.0586763311597335,0.0081957427406104,0.0644581275884574,-0.113377578333955,0.335409484491555
5600,1,0.0128831088351914,-0.089674225288621,0.185173571058836,-0.13546818676014,0.0818527065123905,-0.0156824367561746,-0.00462993404858421,-0.0387483362998766,0.02500422279604,0.132616795635159,0.139009415523819,0.061006901070647,-0.0424030524954471,-0.0527715299947929,-0.03744311902927,0.0967261960319956,-0.0150449884234548,0.244612113873635,0.0596783415405092,0.0507978675848673,0.329665340584337,0.0710581453460256,0.0863293649127348,0.117352844726399,-0.0301725919188585,0.365214880145538,0.0983405477986176,0.116322312778531,0.00599608816671664,0.13392706257186,0.00415334086663958,0.133558836765859,0.00277490989497341,-0.194790823793621,0.0477174754712442,0.126917178413528,0.15784473039812,-0.0827325709239689,-0.0309022438156561,0.179492193931679,-0.00626122671167308,0.109606205520101,0.0707573885409141,0.0461812594580228,0.0165557673992308,0.0587865238742945,-0.0364845181408873,-0.0572779532692558,0.184003098020446,0.190628433081131
5700,1,-0.00154951935721999,-0.0949715198608747,0.186259849627191,-0.0102533536739911,-0.00863091493876729,0.146949229831243,0.0231289228022952,-0.0458715086137436,0.0564037691667478,0.0434288210044673,0.0403404366660183,0.127048641581018,0.0159036259305871,0.0712396862516119,0.153771353681452,0.05401026746704,0.0342529703277166,0.135041286840895,0.180705552930799,0.142353008864341,0.103703508872873,0.0645501799400952,0.0490269188480466,0.02260537040842,-0.120512839447352,0.12091287545447,0.0198012481159049,0.133232181206792,0.0905396375054561,0.203129294428527,0.0578599567568524,0.033943314087766,0.0228607201827069,-0.121168056820781,-0.0238318340056162,0.10200116635113,0.0347971877068992,-0.0891119983956897,-0.0266521404407462,0.231820734627904,0.0230185877899649,0.0481126010868658,-0.0281539582383376,0.0380505684060254,-0.043084642217166,0.147352973893598,0.0159726147976819,0.0769962443645537,0.118142952176963,0.0961125431089362
5800,1,-0.036540845011475,-0.12364648147403,0.00738447533828172,-0.191600980185183,0.0462321974633282,0.120079607895152,-0.225166600948995,0.0980393148852671,0.042889581792012,-0.0506181679519988,0.020766641587872,0.0578819947276277,-0.0314969213683887,0.0813429399537421,-0.08192591921308,0.28330362066879,-0.0511490291012823,0.331026193699165,0.0434747439233627,0.0295869704199261,-0.024066791253728,0.0547734004808133,0.0377346997593248,-0.0878489919250883,0.0486197005468254,0.123400136036866,0.0723236574663891,0.102588214620481,0.0888256428103639,0.0126168496477885,0.0680208508900619,0.0599897431530684,0.07492167794008,-0.146877157450718,0.0143532834714162,0.00361737823556928,0.0269688031793013,-0.108051911199199,-0.0840905503782528,0.193088739484778,-0.111533388093065,0.00124549294015973,0.0152340274251197,0.054659910994668,-0.0705227354403533,0.00697312561276185,-0.0751395008989743,0.239152618563051,0.348712074329053,0.255461025179269
5900,1,-0.156135951661489,-0.286853747227587,-0.0409703113339861,-0.0163082096497323,0.0383473058445606,-0.0067597107667582,-0.0852071562760841,0.161443096800524,0.0347795936871856,0.0719397820096509,-0.0652938663750555,-0.0566182591923289,0.0297993214862965,-0.159292293750378,0.0700354186419368,0.225207688843619,0.112491312095927,-0.0480547505802321,-0.112267357201656,-0.00408996991931256,-0.040807906421479,-0.0763281568833563,0.0552453626524082,-0.00771717624484621,-0.00403440777995868,-0.0603784054857562,0.0933834662639057,0.155122946987268,-0.0999669765015882,-0.163184271677477,0.130092854524455,-0.0458731850600844,-0.00193134381369535,-0.264402667753077,-0.0067397707153919,-0.042130873696926,0.0310991067465705,-0.200763981190862,0.0472479160886552,0.154023852494016,0.00537280671419703,0.203649715452176,-0.0690503000393156,-0.0470052283886698,0.000271139607066581,0.0923867642927929,0.143165999434842,0.0186607997122913,-0.00973088276264679,0.116911580110462
6000,1,-0.127756659773998,0.148297291403498,-0.0858380757881371,0.192351592030647,-0.162312111656976,-0.0389866569577899,0.112821667014969,0.294635258599713,0.0382315058588953,-0.0557975251652858,0.038128334611654,-0.10115493274651,0.0160775513249636,0.050856552667675,0.024403712556061,0.0444552554842082,0.0604502007039025,0.225254137212805,0.125976978970597,-0.0347091630777526,-0.0331621123640262,-0.0180595697923961,0.116241540780618,0.061353171718669,-0.0865655976030483,-0.050078663836984,0.0742423453736411,0.0927973961974485,0.0141494736615568,-0.0694769044706574,-0.0561431053310625,0.0629897003188486,0.0983202363888104,0.140480503905783,0.0990335321155244,-0.0602507560146103,-0.0395337347169732,0.00460111121225958,0.0441988431510202,0.107696017062251,0.0905309410642901,0.0906133870732745,-0.0578355810806737,-0.00632418257946323,-0.0161786380300226,0.187222058749379,0.066561665821918,-0.106105018430119,-0.377114351557946,0.129488457243358
6100,1,0.12351242807113,0.0259098711871273,0.0530638084426849,0.172649476207685,-0.0805242404455705,-0.0547777627675233,0.0603541724819513,0.202794620565317,0.0153094623453972,0.0165367802983962,0.00275807704253449,-0.000573390939803034,0.0312492710418248,0.144423489134256,-0.137327504790517,0.0181818648491845,0.104149545980626,0.33742118896562,0.133281453655466,0.113766566302729,-0.0535937725898057,0.0799736753891582,0.0331150485943252,-0.0185268638962994,0.0168473780011868,0.182720724672204,0.165684717421931,0.13520579946872,0.109003921053586,0.034381293500459,-0.0658434516762257,0.0746619968621543,0.0656540066278972,-0.0804939792026749,0.00540419746566516,-0.0350283383347193,0.00942602551484727,-0.00940317262098685,0.277329331495631,-0.0302696082818809,0.28077717890035,0.13142241452597,0.194813302189764,0.123094850647509,0.0868295851189079,0.326370247128393,0.110586597601513,0.0970823897435224,0.0553465775026299,0.034287589074538
6200,1,0.158535246755239,-0.0105889265222354,0.116105873650098,0.0406023153065297,-0.00241460665866434,-0.0370523002589858,-0.0608546354815045,0.107140044686379,0.0447471849277919,0.165452784906709,0.0864490338503806,0.0266182197982748,0.199550952763552,0.112098901833699,-0.174445828942699,-0.0396804805425116,0.0467381430485204,0.149163914700893,0.100210844159332,0.0769190167548277,0.0785988454756096,-0.0859446752987622,0.111000742106789,0.0513042502600762,-0.0126650576845998,0.085188451949763,0.350447824809295,-0.00670258903340039,0.0537543980756059,0.0500021355919685,0.00579130297849388,0.0190142321073087,0.0990750826772471,0.0538861619012887,0.265993629036782,0.111761972000325,-0.157387365388443,0.0445115386402388,0.245249541800628,-0.125799435616019,0.242998583243633,0.218183859879877,0.21688947624965,0.105135470592128,-0.0545321716104996,0.0874564542405959,0.181989442616177,0.136192287495538,0.229320511550615,0.14876430278258
6300,1,0.165774158338112,0.15696360155615,0.114519055251179,0.0973718673516853,0.0333723664502584,0.142907103205203,0.0595743231909305,0.197083326064392,0.0711646374958638,0.0204727837214903,-0.14565507565699,0.0437415938730632,0.0402479026429002,0.0121550092314622,-0.00287373951079646,-0.0989769168035589,-0.0173648715242853,0.307568804377564,0.0567271015827521,-0.0116256454450535,-0.0212177941947927,0.0298142652167844,0.0227634258429828,0.0466255993956464,0.0281260411504667,-0.000634681660271821,0.290957541063037,0.165475454373469,0.269768616618989,-0.0022490158785506,0.203665546392806,-0.0941527982025633,0.0412933257578033,0.323435020390329,0.0145416569656936,-0.130167994772772,0.0608527285962877,-0.00341340413748716,-0.0275321796621344,-0.0906355552415008,0.259842956530487,0.163944630411425,-0.0444375503316512,0.168648255587683,-0.148067950275641,0.0994989935555793,0.335145481880138,0.122064423532165,0.329884471059115,0.0743430848595254
6400,1,0.199017014139765,0.0726487245867187,-0.0301378030339346,0.243260389904863,0.251989552621296,0.0982628896034623,0.0264424132206627,-0.138773592784904,0.121300375088208,-0.074654303874773,-0.0319793949478337,0.136693959992584,0.176874719367878,0.113298175682831,0.149774720884845,0.124649484812432,0.176507437592154,0.228826494773176,-0.0428866055471096,0.106111251462684,-0.110255521838983,0.0183300436179109,-0.00523039389948617,0.00626511153648683,0.116832352030592,0.0339158793557922,0.124934619848519,0.131561737922674,0.274158978898843,-0.0503449533789034,0.149039437727066,-0.065479468048657,0.0590922535212739,0.321340476322414,0.0935448426969162,0.0702389164502059,-0.0171878995405451,0.157499284425203,0.149072797322301,0.235303722271019,0.159244396977134,0.215139436570308,-0.0220728159775519,-0.143858250255324,0.164453141247438,0.0318708513172766,-0.0147472131530854,0.172945400269451,-0.0915479707170939,0.254943187819744
6500,1,0.0771558949245086,0.173728588174815,0.101703390247466,0.190692958308002,0.369446528223125,0.0957626246148541,0.134603788098988,0.167923551108849,0.15408607233354,0.0710698951294101,-0.0477894969613762,0.100429473124259,0.000514052881486579,0.199329986686846,0.230842559231482,-0.117950791428534,0.0827982450198615,0.334898601978465,-0.0233142519453263,0.0755189085346703,-0.0519251427992115,0.0752101737920378,0.0425210977539305,-0.0436049028960802,0.134357157597134,-0.218038582014224,0.0469926639232501,0.0446719225735549,0.0687412843048846,0.0574899605904608,0.0960387830289151,-0.00920669420228927,0.0123470723131397,0.0728152054841246,0.116564213962511,0.0122251524006128,-0.0653134305634893,-0.0198733674877345,0.193881430969533,0.0491880453069585,0.0355528291995059,0.181761300984307,0.0358966104035617,0.00358113993691982,-0.0263164786963092,0.282804049327535,0.16020565196108,0.137880460811653,0.194301354454338,-0.0202157967522408
6600,1,0.103795178324613,-0.00114237231777488,0.108105599953878,-0.00591937808126815,0.210294450209312,0.162043717507342,0.105244776245594,0.110488971391828,0.0505500982583398,-0.01030389400451,-0.0157447171148841,0.0893563904154487,0.276429839946872,0.127264769822967,-0.0742979753085831,-0.0188456954308727,-0.128549564127095,0.232333033245415,-0.0233069916036841,-0.102043485372082,0.28875029489171,0.07180110430951,0.0680349579809184,-0.0545314272751014,0.227813282616897,-0.0864836950467208,0.0417861839421494,0.0218644158667614,0.0114222780978104,-0.0392270127703594,0.0692288926535471,0.124378734506927,0.0160148126680071,0.212103324608066,0.0831199786180189,0.428241786778593,0.0724157199179715,0.0929818049888282,0.0532576782165996,0.433040900273288,0.0124747587658801,0.166404825571618,0.0627963256421538,0.0418931748936734,0.123781403889532,0.0177221936377927,0.0954591356022735,0.339911942613454,0.0106583098625688,0.132933084516083
6700,1,0.135624247534641,0.283980915127942,0.189880542697237,0.0695480758186617,0.348026989307014,0.150870381341759,0.146085788862564,0.379438417005631,0.0652707523582176,0.0353125127554099,0.139764881203987,0.180729403796904,-0.0210775069045062,0.0332419526128915,0.127777364194654,0.0457822576708607,0.0619967861152279,0.188528309589647,0.0227344288224557,0.00635071872052233,0.188247223457303,0.0994339327316982,0.0219789664814007,-0.0615747155761792,-0.0152121832925529,0.0636024712591257,-0.0059254770059264,0.10323630167706,0.0488639267130533,-0.023310935030616,0.122882011269566,0.010862227144939,0.186972317979752,0.0796224303372629,0.197521782874418,0.257056621329722,0.0170447119765853,0.00955710190535779,0.0523153780115291,0.511695840878299,0.266492280269963,0.322728733790895,0.0482740511285313,0.0959602271147179,0.274497493323551,0.164901987821562,0.0158303646041612,0.28096924562872,-0.0431976525058555,0.315535342710321
6800,1,0.186141013885549,0.212821888922126,0.225954444910422,0.302231848352804,0.226847182013388,0.303612480495874,0.150249736248003,0.0977816674651217,0.15392385423711,0.164907278018585,0.142500486841781,0.180482613190118,0.126332215508954,0.0776273853836898,0.146201456712288,0.139470643058862,0.0134005300780954,0.14487746339947,0.0915861275139085,-0.0135816568491394,0.313065380611227,0.0944654372649128,0.0111471048033941,-0.145206178937259,0.0515045613079708,0.0429579724029355,-0.139301847282823,0.176486740308363,0.119039290722054,-0.00981672841138349,0.16559048341139,0.016378268725072,0.13635654682687,0.034926823250368,0.264537700377813,0.0563302680707493,0.0934635794469564,-0.137996196026838,0.0705070479666508,0.204254063351986,0.00774626061453985,0.293458337017499,0.106876391163034,0.0505002670218059,0.216511905007709,-0.0705093419620273,0.163849358072816,0.540100463611795,0.258613021905,0.213825009162547
6900,1,-0.0162529753227533,-0.00596934629388325,0.244151683781082,0.277736289206737,0.17034569782667,0.183826374080799,0.0792076111869101,0.221515602599282,0.139770881812172,0.101834364430381,0.148392525427861,0.263059207855617,0.221164204430954,0.00818859185533587,-0.0180724456596837,0.135440641813391,0.0262051776481094,0.170282493641929,0.134846075212998,-0.0744852640692616,0.220063673827519,0.290825515681408,0.0584494382431226,0.0336277144745188,0.143112136114607,0.0538540618879352,-0.162610579090612,0.234455915658012,0.0872827411299219,-0.077968193195747,-0.00610858943579713,-0.0259672920928195,0.0266853303717474,0.01130898628947,0.0369769539531952,-0.0407282086108207,0.0381946544030797,0.209024523774885,0.248148620655816,0.288672588187543,0.0110474779776112,0.162630474200145,-0.0276668469020402,-0.0561197856872309,-0.216294086640128,0.0679159469938355,0.13566125930438,0.200040982586873,0.0192579898676346,0.390917657536505
7000,1,0.00207195963099548,-0.0679815662227644,0.193535470328113,-0.0822058159118348,0.0946352511049873,0.109773981246188,-0.0218109999810941,-0.200652027370445,0.0838070379281788,0.106599447394613,-0.0346879289921898,-0.0162037742258523,0.286392930967486,0.0722961953455509,0.508185996135914,-0.100693992466299,0.0606827952670563,0.0529863728645237,0.0564847228614381,0.010878268676859,0.353368806626124,0.0982206010720225,0.161835908944554,0.0385565959407395,0.0111470207307885,0.024011481573552,-0.0352244345908155,0.119917204785758,-0.0091635087253686,0.0925964830106605,0.00105071626905794,-0.0139928133905113,0.0194562325613099,-0.0435953059036745,-0.0819859449953613,-0.0251867278438801,-0.00240351513886518,0.276636915715674,-0.00857233188381619,0.366331248176058,-0.0707215701301149,0.117987337996071,0.133077382431198,-0.0651321538271568,0.00204315306916712,-0.00218943227335995,0.0336563919982073,0.309659655923191,0.243020889708169,-0.0232512407297174
7100,1,0.0555491195954209,0.176180655535705,0.151075507267494,0.203079760393241,0.103910516032612,0.150899213548329,0.0269705447664311,0.290519089096639,0.0668872727324231,0.0915055745918817,-0.0263437286923961,0.0974745697043033,0.1606273546891,0.120278323847227,0.314353576330757,-0.000473280026023273,0.148715374223281,0.0610135226088821,0.0672631072804235,-0.0120670169818545,0.0784630748673455,0.130149431278035,0.139144203430138,-0.00201946598297843,0.149685691437885,0.075265118998978,-0.127350907670333,0.0941263160954268,0.106417511496202,0.15363421669107,-0.0988105907096013,0.0427037878641426,0.0230688419858028,0.0803121603959366,0.0773945858688912,0.158487249932136,0.151283180995958,0.362352493709143,-0.0566828450177546,-0.000600583683646141,0.347621987037766,0.224455751072635,0.0601396692307866,0.00475911427659774,-0.130247055508391,0.104006247832538,0.120361062946316,0.0886623099771401,0.0970066063440414,-0.116149453680358
7200,1,0.227416305626225,0.117054058227198,-0.0409369748713246,0.21895019682185,0.0108744861458761,0.0506760145138437,-0.0290379001575216,0.0302114857353947,0.0806447539513438,0.0638145295100629,0.174245303009956,0.127205847754013,0.269222737138336,0.0479792877114057,0.296808327952306,0.0866307865713346,0.118848065861975,0.216857040851978,0.0956929601801333,0.105370066123746,-0.152375196202757,0.153062589856993,0.226300933371624,0.190054269641429,0.100496240114574,0.167221209173831,0.0181954278730245,0.0980933497439187,0.027741489103691,0.0806173626051093,-0.0071783132923864,0.0447077195264136,0.0895601864693935,0.0873206971962634,0.0194226022716733,0.0188427282493913,-0.013986077038033,0.148972962266936,-0.0771668420283925,0.0016928167424856,0.25889830669938,0.00207995976377627,0.206853763169539,0.179878145867611,0.284891402761637,0.110994419400245,0.179100709740506,0.0988059666254036,0.608533027651538,0.124031002330414
7300,1,0.14620433633167,0.268098375658357,0.0271309541968176,0.00968774188510955,0.0737280617572645,-0.133294620371334,-0.0683485286336709,-0.122075030779515,0.0484160033976314,0.0793135176998479,-0.00487161241472485,0.0256566201426516,-0.0791271062557699,-0.094147803392778,0.222266658476955,0.345524090935071,0.131182532821819,-0.0553452176726596,0.0330592877459125,-0.030968727575887,-0.00508827542120428,0.0578487387766907,0.0255124781683071,0.0157171036560458,0.149938237505905,0.0596069708856077,0.103770917627417,0.0884699787026536,-0.0377688959793577,0.091796471360795,0.0875582589760889,-0.00441642484364869,0.0793102959657516,0.0782860607046243,0.0739775667542808,0.164991217903878,-0.0313092792431414,-0.07863067677054,0.232883604597659,0.0711560286936473,0.274261772715121,0.106552923559838,-0.0417015894615243,-0.0549339685153141,-0.0650728560353063,0.127268189220604,0.176972842249224,0.224315878150744,0.247243506048655,0.053794736752001
7400,1,-0.0560650448331074,0.0807093287110264,0.0645937313616464,0.287860633693474,-0.0664642465968377,-0.029947691958568,-0.0274098165892462,-0.0142199414852149,0.0332443085176041,0.0104823672237909,0.0550041656444994,0.0341449328364908,0.112368312421081,-0.160371348926114,0.116370072413136,-0.0311729566894394,0.0413234934682652,-0.0137595400829429,-0.0469755645113051,0.205531205446379,-0.0958796261540199,0.131946917496758,0.163123430002541,0.047904409631636,0.370714287274507,0.154549648473034,0.118610625046966,-0.117515933585785,-0.103640579929731,0.0670534923247479,0.0419934717431936,-0.0213753458895472,0.0838089812203289,-0.15695855821403,-0.0289195921444805,0.0257555012092152,0.0612405155172824,0.000520174871451159,-0.262208490043332,-0.141429923858162,0.122096086837124,0.17585980606781,-0.114501435825815,0.141562352264767,0.143021664235671,0.0230921703349326,0.138089419761113,-0.153291394760498,0.0522647643388589,-0.0983905198521581
7500,1,0.0948809008433463,0.00439928124623538,0.0628401819346505,-0.00987413685547718,-0.00198067949956184,-0.02587913815652,0.0214772538516761,0.122036976424351,0.0147740959270398,0.0141577682397017,-0.0278257786960529,0.150176142607738,-0.00580279325043505,-0.0601086332223942,-0.00311117929583089,0.112676752108801,0.000864370244590143,0.206353783083762,-0.142473970695707,-0.0149312056415172,0.170045213275606,0.0208478983966982,0.0844059458388737,0.0948139490599525,0.13219655706097,0.20440280112293,0.0970545474908039,-0.111002779969727,-0.00929428512930182,0.0240368671996451,-0.0190996479696267,0.0864131015627404,0.0434740714952961,0.0483829554257296,0.0962657547689193,-0.0862629075325902,0.0391084635282718,0.0320326736037982,0.0190045938901533,0.14325086989786,0.151424542993984,0.10809440631699,-0.0953716630172479,0.0690436058539125,0.0126924788786948,0.0740229289483498,0.00908412628145354,-0.1200699292122,0.10861095039081,-0.149188163742124
7600,1,0.0378551453672464,0.118419501774622,-0.0139770956382425,0.0176222764116192,0.0340382859566127,-0.0138419922075158,0.0281927593691509,0.198187311435874,-0.0183286448697526,-0.0884319113069379,0.0215464700881289,-0.016152723028055,-0.0613272761769995,-0.0534337621624109,-0.111060776946075,0.0666416111693563,0.034876163191021,0.399659886411953,-0.053904200371366,-0.0377542509473368,0.303385968493029,0.01958960363291,0.0212541280379874,0.0092495119973746,0.101882494069496,-0.0153682834848816,0.256686660804845,-0.0225264161088423,0.050451542905204,0.144338585484886,0.126734835178835,0.0850765003823934,-0.0098172938110208,0.0982459476130359,0.116043122796797,0.0646479737425489,-0.0735290376346888,0.121403350605511,0.172060571371344,-0.00547248972632881,0.466700068170249,0.147715431629463,0.0478283242528139,0.187492621456632,-0.136811628444638,0.0998697746841804,0.130147687024493,-0.207527852210212,0.0116576676761296,-0.141259111135262
7700,1,-0.00401329580337743,0.0149292284177207,0.190204555381013,0.0382477411109586,-0.0376443678844181,0.061243485712161,-0.055218088938472,0.0254726908757169,0.0112645619587681,-0.168402102224699,-0.0604820407499263,0.0935259508670284,-0.140760583714774,0.156864190435626,0.237349204052057,0.0593607025037166,-0.0343934620989603,0.00685649310526958,-0.0363137308886764,-0.0527580177354544,0.0446155083065586,-0.0108655488161219,0.106214773947822,0.0978676844745159,0.229724549788955,-0.122357380927146,-0.0327111816456834,-0.115860035903017,0.241808988152395,0.198217302706906,0.134025675797986,-0.0296808542172802,-0.023214584903853,0.0825904437951571,0.0597744254871172,-0.167120551754164,-0.0573620580125659,0.363333216526531,0.185982475306732,0.165939814050201,0.229766451117058,0.00715467532576401,-0.0259027331716987,0.104770556477356,-0.0774458039842403,0.101378437418729,0.154157723828228,-0.0313751754003829,0.342960713808073,-0.110828136733989
7800,1,0.0400020189599966,0.155306415607258,0.0508894589536034,0.017164944373355,-0.0599285423572798,-0.026645888222103,-0.109374680955893,0.111342923001572,-0.0686325727407994,0.0464122875925563,0.0635532231229536,-0.00598691347227322,-0.205122894204158,0.369086010896963,-0.011545490462841,0.0235735482882218,-0.00904848176220625,-0.358971513155742,-0.00167668660603516,-0.0735453059116414,0.0882234520949855,0.035296549425301,0.116511182632654,0.0168961881147128,0.107350343268261,-0.14985079944288,0.186801580985867,0.0219635099526136,-0.0893734344607983,-0.0542359731280409,0.0294369283305962,0.0522611891414218,-0.0398359906236072,0.113453434507145,-0.0690391984207037,-0.0614099938805578,0.0948311204184536,0.132488382879959,-0.178509754665392,0.0541822907551128,0.32155485228377,-0.0762477649123056,-0.0808525412733424,0.00978915713553839,-0.0628287618275735,0.159805570277416,0.136846740535031,-0.282407973531251,0.341972347278711,-0.0961256043953888
7900,1,0.0372633653518799,-0.0920577601367562,-0.017008760883062,0.0453697194353213,0.0821993676278199,-0.0414889419727654,0.0291562804313863,0.00647420791666097,-0.0443187685402306,-0.0236946515871859,0.102405329507678,-0.0973365823098198,-0.153663617809085,0.0949764197768729,-0.0589176079059419,-0.137219683884615,0.00562143642605974,-0.404494753986019,0.101548800613674,0.133097269662206,0.279391067554767,0.0703642010811972,0.0823811213656589,0.0200035403329123,-0.0348800381726706,-0.0336602515117835,0.117857580067215,0.0157432214573417,-0.0567912245331791,0.17493931363658,-0.0131987463786305,-0.0246711423275398,-0.0527698342707676,0.0201236892464999,0.0429440847874645,-0.118013614976662,-0.0688276170047377,0.158508591897632,0.0812854333359962,0.119414959118621,-0.0824126218111758,-0.0665067251346819,0.00886226324444185,-0.317230847834928,0.0908879702280693,0.133789522562418,0.170767762130931,-0.0417745108367473,-0.105857431185923,-0.289640481974339
8000,1,-0.0764624842636549,-0.135388259766429,0.0531068644597559,0.124235229027303,-0.0205592943226127,-0.121339072084151,-0.0705751490988684,-0.0374459164806749,-0.106874050262576,-0.0101332576114049,-0.102246567702289,-0.0918805829534339,-0.162163655238374,-0.207781305289037,0.0421966736383815,-0.0780275023199325,-0.110730569224358,-0.26970386969672,0.0509842517881526,-0.0240487449864746,0.352911248279125,-0.0496669221225902,-0.143630285558456,0.060044090192981,0.0819173125897681,-0.0101051633623687,-0.0710122231841146,-0.012457534517711,-0.0699445110874125,0.222659638136162,-0.0675748569366639,-0.0478513630171862,0.0579227889391539,-0.00389524175048901,-0.0410825643647256,0.23723678378225,-0.259415958978557,0.0672009356910139,0.0184940792552188,-0.0738202424636981,0.123140677244664,-0.122795845582339,-0.0304099684708544,-0.100445121538159,0.0428949897454709,-0.110267768968285,-0.112166926863263,-0.357531396463501,-0.073653936262586,-0.118505273607874
8100,1,0.059693354302276,-0.106560357025678,0.0915863000102038,-0.180467970196655,-0.0274352748413156,-0.0990098522685086,-0.049443904949439,-0.00346478967000892,-0.0559787674764971,0.0131011354745406,-0.119144641231448,0.0752260712329001,-0.0922630526634692,-0.139789896617977,-0.141067945725697,-0.120555332470432,-0.174419236808846,-0.110935815920974,-0.0933909662664156,-0.148793028297661,0.154915426926936,-0.0478004699515556,-0.0671355627605516,-0.0340918318118421,0.0346452626672247,-0.175691623659339,-0.0180105063573923,0.0143167090493457,-0.165265711264781,0.0291647371706015,-0.0491174292195957,-0.104918917635301,0.0931598215162422,-0.181784819179377,-0.129367875580082,0.152234897854957,-0.431522713827566,0.0257899992612907,-0.00607597420581164,-0.0203590436942615,-0.148907582553847,-0.12605089733854,-0.0726422724388279,-0.0450690339038522,0.0726486119024575,-0.0332887172261225,-0.10009562690317,-0.173939996028523,-0.172014424776786,0.0609017073862022
8200,1,0.0589565855504765,0.0400316486570838,0.0865435315275277,-0.0160920324357878,-0.0531692352824598,-0.101476955566788,-0.0481043432631002,0.00362587501921423,-0.0377231434947333,-0.00898917856821431,-0.112335803760325,-0.0629310556925314,-0.236355849169259,0.00426877278942438,-0.00741440935806921,0.0437761920005821,-0.11853803339315,-0.267257028181371,-0.0173684911727112,0.0488115367651283,0.0467270757892578,-0.0609457141413062,0.0112480861274114,0.00530381917705879,-0.0695427849633781,-0.0171806968723214,-0.0380545872156382,0.0533904626719143,-0.0826595580475881,-0.00159367700419084,-0.0910640130393491,-0.0558521339358001,-0.052274643479967,0.0319226768576385,0.0231060113536925,-0.02998399876349,-0.288539391591711,0.0346050582286799,0.0394814862059127,0.0145912197969413,0.0668173472485932,0.0101197239564551,0.146514212910648,0.119482197175183,0.00300690445933303,-0.0877821810440758,-0.0521832014120133,-0.261465645722191,-0.0864968785432298,0.207846172107981
8300,1,0.111094628794543,0.177335073650396,-0.113062712719906,0.0477044647627672,0.0720084394507637,-0.0668446745407299,0.0560318590261359,-0.147705860456812,0.0407113026905933,0.0865343083619683,0.0150000989918675,0.0953101316387348,-0.0264891470582992,-0.0389303798929218,0.000110745655854991,0.0693229766618349,0.0306741740842069,-0.143150478219177,0.0610857067482491,0.0505657910684603,0.210637348031869,-0.0712971791020911,0.0540543875155673,0.0169875036944462,-0.0566675341209076,0.131753829131602,-0.257004874818139,0.0267091120658396,0.0382215128450695,-0.101924552361126,0.0202945654463371,0.0732855197518996,0.048057939274849,0.116057043257978,-0.0430686994122797,-0.0277000162665283,-0.26184244961678,0.0790175298836964,0.034511140351224,0.237797752167238,0.0452805000206125,0.0285909967183533,0.0571133210454958,-0.181429398126943,0.028483099624833,-0.208787169466147,-0.0746373857411505,-0.3410341671319,-0.195603288635687,0.14167223056869
8400,1,0.0193638371475636,0.0944751131260303,0.0612253712281819,0.043290868329792,0.158696261996532,-0.0892251394939043,0.168590379843764,-0.176735191652557,0.0643109681361567,0.0776589613157059,-0.00898030003021406,0.0781652195186389,-0.160479139995204,-0.13205226645514,0.0129443868623226,-0.222998827135543,0.031201232746727,-0.163927179132585,-0.00646767931275045,0.0179997288938381,-0.196270410649955,-0.0915202492691879,-0.0160584670622555,0.0815596584263743,-0.11311055069359,0.0740983939429473,-0.0708926647908412,-0.0824417992160497,-0.00147042331638843,-0.0607812227179885,0.0234196076759415,0.0904697859989386,0.020494883655415,0.183392825711092,0.0313926174349137,-0.0345839174077752,-0.125387802927608,-0.0474239824642761,-0.0450205578178515,0.184718811150271,-0.164946024093654,0.0222507847479334,0.0923340241495861,0.117458315567191,-0.213803137489651,0.0962492986316101,0.0854865635944687,-0.37874175442791,0.263683060582647,0.038561346865891
8500,1,0.0155084235500388,0.232314680717945,0.0307941850099332,0.181949791288747,-0.131812589823309,-0.268101862476797,-0.028192535253564,-0.0115947438107005,-0.0476871500172855,0.0636618991843727,-0.0324784200532646,0.0807040182449606,-0.0678445703500276,0.107089356573316,-0.097769991164537,-0.152050055457674,-0.0294649177486209,-0.0959716007926218,-0.00397571713648483,-0.0870998888139437,-0.0947563178273333,-0.116813123526448,0.0838322313607423,0.0577877157449047,-0.0187472797990239,-0.0675525837037269,0.012066116257919,-0.108718028731321,-0.157690152762516,-0.0067222073362473,0.00263267158800172,0.0174691249824781,0.0444008240284165,0.0393207958634329,0.030489711664963,-0.0660363451812854,-0.215676149084923,-0.107771286195954,-0.376844115546006,0.0812242589891678,-0.124475633313779,0.050253262633861,-0.0563635567656782,0.0418729003208659,-0.0669469431762549,0.120921935350575,0.0798189650368816,-0.00707762919350104,-0.0454138909607316,-0.100469120431342
8600,1,-0.00753061186840316,-0.115505219507333,0.0911369826581215,0.173321211452203,-0.196575491914721,-0.0397901985260715,0.163683859026178,-0.0140318757447567,-0.129621523997976,-0.0939343852950386,-0.0624686673981886,0.0596074908631088,-0.14991071897261,-0.286178727452309,-0.0434438503266564,-0.115710805224514,-0.00888485074471281,-0.322474124990799,0.130573708791557,-0.0788138526055089,0.11674769170298,0.0194654501604821,0.0134684169635248,-0.0450513144978279,-0.236631798570507,0.198597139403092,0.213666122709085,-0.124380528775128,-0.125910783896419,-0.11974505491797,-0.0694699709082464,0.0684751794828247,0.0213065465051968,0.0911251289899849,-0.119662941541342,-0.011138781411905,-0.330517526068398,-0.0199610783801618,-0.461352277591136,-0.0614796682067703,-0.0379718473555273,-0.0356491969238519,-0.196487622359846,-0.13985343383529,0.166936839353591,0.0327155316605815,0.0325258405117442,-0.304669811439331,-0.236997322489686,-0.175644795717074
8700,1,0.0275542394908038,-0.13622344323167,0.216179000904797,0.130486382997227,-0.131898921453353,0.0470337962426491,-0.0472805147180385,-0.125094340526249,-0.0346820009976677,-0.0719549553223023,-0.13198570355534,-0.0420717789255433,-0.119322957496895,-0.0533178743451555,-0.0572545270991866,-0.108650265711028,-0.030145358532109,-0.313602405928448,0.201374603843493,-0.0124565701214789,0.223474584887022,-0.0412179527965895,-0.270268802942706,-0.00719362359463584,-0.174185217790713,-0.00374265623133736,0.112907939985213,0.0680833362516615,-0.084760852566754,-0.0758460351716987,-0.130480902788596,0.0581736868463054,-0.0814868835163473,-0.0584336092409005,-0.0312941656803612,-0.0413397410094061,-0.300634640373143,0.111257818547747,-0.16294566346822,-0.0704514416478624,-0.136514224326725,-0.0697552933064791,-0.150492634550738,-0.0750102724785139,-0.24501990860521,-0.134670305161215,-0.0839548465891774,-0.312656570574365,-0.201689181221831,-0.462575864990328
8800,1,0.0986991929444609,-0.0133191257030521,0.0731892243064626,0.0596465255205588,-0.13164822671173,0.14781012220545,0.0789351026974685,0.252891412636273,0.0259821932921103,-0.0980710624595822,0.0622356908134649,-0.101237772470615,-0.124611673188025,-0.0737335917708995,-0.135154054315856,0.0822739432428012,-0.0308094676300169,-0.0414116326718818,0.0309302610165406,0.0432563481446227,0.0725309884870093,0.0165227633674529,-0.115527251627349,0.0451484296730606,-0.0349894107277475,0.00537260290203188,0.0653177502833091,0.197648122152824,-0.146238761447168,0.0528180220621921,0.0193519183195359,0.0703318264921179,-0.00897994514520321,-0.173779517485113,-0.0113223436000847,-0.0644514167691819,0.0225057129435273,0.0749741908112751,0.212841199115637,0.00303654709430544,0.122856703526062,-0.174685151760196,0.0355985292313388,-0.101224709212664,0.0714738769845949,-0.199841884081313,-0.0120301794948758,-0.152401073742276,-0.0508224599384155,-0.126232567591521
8900,1,0.218281518634684,0.0982219635590178,-0.0424755175332875,0.0812917449817531,0.139030502189298,-0.0927627081605358,0.0976871434926006,0.338811820172754,-0.0231936007530588,-0.115265693300952,0.118242819500081,-0.0854390916262385,-0.028383006862746,-0.0881454431760573,-0.111672231006211,0.214829229840886,-0.0307288479719374,-0.081564851423295,0.0683670328394465,0.107145553679041,0.16168037167041,-0.0371236758706093,-0.14984469153829,-0.0300294390865656,0.0225430023072371,-0.0637288663123175,-0.159521534321271,0.0966965768489433,-0.0252477309887069,-0.0898270461260495,0.126986552739988,0.0275188648520261,0.0747641062497684,0.0598861161042299,0.0762126067104181,0.136647461152212,0.0453816863848055,-0.0572653889939532,0.28627526890078,-0.279856962618439,0.0161396960763188,-0.0325436314192154,0.20707018017017,0.243618946556637,0.210034174258314,-0.103994037081432,0.0587422499619844,-0.0864888990490728,-0.00618786522310029,0.0713810055590607
9000,1,0.200755622580625,0.0981174306530226,0.0699114374208504,0.0534958821669309,0.131223571676708,-0.0945088948205866,0.0955185551558218,0.029875721481667,0.053724957810959,0.119358356194821,0.0050217916106222,-0.023781584260993,-0.0507392006766615,-0.13256096703369,-0.0429653037369789,0.0814095969362265,0.0506778531905595,-0.0851750505023529,-0.0115463857418027,0.104568110986582,0.126585415167294,0.00145585867131208,0.0178324920553743,-0.00403871816680447,0.0159784969655779,0.0539556075543248,-0.027121016687675,0.0930062659432728,0.116898282656236,0.0896489020407031,0.00265611123010932,0.0609848505560082,-0.0599336918359541,-0.0640984180054808,0.123623685671535,0.148975020707434,-0.155657557103762,-0.0817460977722028,0.0886693750278807,0.289082866750621,0.0462210405200816,-0.0102367869766717,-0.0563720210221952,0.047894323359546,0.0486025080882703,-0.148625633019545,0.233709040467734,-0.327894266177275,0.151565146843255,0.0652019771299507
9100,1,0.0248885418517989,0.301856979992665,-0.126365362353242,-0.172010987903995,-0.044494342561945,0.0898732771481638,0.194009708389756,-0.193478379951694,-0.00245525140518572,0.0784789319395748,0.0369622040112688,0.0560143093390324,0.00479792914966186,-0.0949019810015073,-0.000874826564279077,-0.14374120837913,-0.0785162241095586,-0.101242263507608,0.0715652850727437,-0.0757548042684095,-0.00851138118586449,-0.013394643122114,-0.0548906809314868,0.0435196585007209,0.177168676160379,-0.0584075609254458,-0.160513861663969,-0.0486125194612399,0.0842041102974066,-0.0819017751440795,0.183863887090219,0.0303501338904179,0.0735074333855518,-0.264347145011401,0.0753073067060828,0.14606032823828,0.0356563357852628,-0.189394434883033,-0.0197590274439876,0.193246651562257,-0.221839597184192,-0.00881904034908711,-0.109402633140441,-0.129650016733527,-0.000779288644920398,-0.220920851751579,-0.00777744079308625,-0.0064260789902147,0.0791221730123852,-0.0677010021276342
9200,1,0.0217161905350034,0.119132745687801,-0.0129041248839612,-0.138012566630437,-0.141287020882506,0.10421666817444,0.167940643644819,-0.152083750427661,-0.0133282887287343,0.102573795131893,0.217256603071743,0.0961666612477077,-0.0147624018241596,-0.00988151580821568,0.0451341161316204,-0.031880215415053,-0.0244269008132462,0.219952859159809,0.0788412194669024,-0.188025287725972,-0.280217654490674,-0.00231428573223431,0.0943883446915552,0.123731651908007,0.0214590015162091,-0.10160807181346,-0.271547368817654,-0.0609545439478709,0.0255064030155989,-0.191287301402511,0.016048364042855,-0.125290717971097,0.06066601708058,-0.169148513839493,0.0743121475071005,0.205842449223947,-0.0546532054855892,-0.15410378416216,0.217495149883639,-0.0451385635189324,-0.266256687000335,0.0202973775255335,0.0423865694714343,0.0890402118999901,0.0219451634600712,-0.109174014086119,0.00711634637648471,0.00628993682574717,-0.0403977996270835,-0.256980761845866
9300,1,-0.0546519416386708,0.0890084940129433,-0.0685205632572469,-0.0659126084462122,-0.149011675223646,0.109693250715382,-0.120435064918706,-0.111745308943113,-0.00199194354555395,0.114736164216258,0.0155394471888505,0.289307066977733,-0.0663001719789027,0.00130832227965193,-0.116796369032298,-0.0886867582291381,0.069817668870755,-0.19226144791521,-0.128480685862739,-0.0653068702090592,-0.0647742128855923,-0.124657251453378,0.0163105138207798,0.0949670311932731,-0.142322685403582,0.0434369737666373,-0.0390930558194109,-0.0792234020115241,0.106918401047705,0.176123556117285,0.0476441734505765,-0.0119765211986693,0.0548837430809383,0.0651445321085306,0.112938917080166,0.164415069330959,0.0497111238837105,0.0455794767975429,0.274530902406443,-0.0663843636451123,-0.146342668385931,-0.202362942451804,0.00708479925669615,0.116376550824756,-0.082376586391283,0.0506443493438273,0.134882755803745,0.393924118635737,0.0924716121307408,-0.138300639228889
9400,1,0.0626516873177914,0.0683940162242109,0.154542423223425,0.0959940363426121,-0.219848036582239,0.0915666071292668,-0.00290645940897989,0.0819414727396374,0.0755444678671897,0.0879601697797667,0.0909311175324122,0.148642645775934,-0.000861583914068223,0.0746482161543525,-0.0827197365337572,0.231321001175731,0.0523369039267138,0.167684775734454,0.0253686841145037,0.076003900309601,0.372508955842088,-0.121364894667196,0.163355293329896,0.13409777741819,-0.0659695465711281,0.0788700978486875,0.212213422820248,0.00354502990586351,0.038999798411548,0.388579929547619,0.0467838290907193,0.0542605725264502,0.0633711064183949,-0.186223709871646,0.0763446716850613,0.137565347805111,0.0379928244509401,0.0726140626660878,0.0540470937907567,0.0424990391783458,0.11339287482495,-0.0416945144108111,0.0234609485090373,0.205502150516309,0.0141527765859438,0.0626143657785171,0.060939178157848,-0.00356843854104517,0.086558875435179,0.107994700929734
9500,1,0.111953591478693,0.251108680309267,0.153552032203456,-0.00342225354399069,-0.0523619710345199,0.0969099544441679,0.0458452646816513,0.145258264874306,0.0290467576493638,0.122145320579365,0.11768544642159,0.0725339429204615,0.0137910526578742,0.0781874978834702,-0.0565218114756769,0.133611858140793,-0.0416009025622793,0.073519045124008,0.0239527429684049,0.276942945020673,0.365362481182528,0.112962498038505,0.185839280093454,0.183759991713827,-0.130225858397071,0.173989287656916,0.24148741485627,0.141855932286182,0.0829791411051177,0.109931243461335,0.161377322685229,0.0510038642294363,0.0653414219180899,-0.0456704896149289,0.368247550074838,-0.0228117914894647,-0.115933388572714,0.249058283906935,0.263799395469688,-0.0809647188371552,0.257906988726423,0.0782759989151701,0.079427670225517,0.210983148114365,0.180877076108103,-0.0424695201416316,0.0797420665346611,0.0754522082823008,0.0961964602840773,0.123000643050264
9600,1,-0.00337111396670901,0.0782758300757133,-0.0529786741776821,0.141959648578645,0.114610462327183,0.099486146905049,0.100293104935782,0.199053672211498,0.041145806129214,0.193172405202945,0.109033113542457,0.0465265758270161,-0.163828557882788,0.17743328634106,0.275825102937798,0.116641027770062,-0.0441074614220462,0.0876932477466794,-0.0799972889746093,0.188755718195227,0.385737221769658,0.0568175200421555,0.166829567132045,0.0858658959247457,-0.0662502395536125,0.18148558266238,0.0897652341706555,0.0577167864294776,0.0738837913033622,0.224561063493078,0.22382582892094,0.045285129913405,0.124299055636291,0.188063393294707,0.225211809737724,0.0209316778792601,-0.0327944849438857,0.291584513701356,0.188735945643632,0.233132976524655,0.249352556718565,0.0384001731988432,0.135840290837064,0.0773419038061008,-0.0946442878750941,0.0513502819874609,-0.110705221165987,-0.10001645390994,0.512120363582874,-0.0493734664860252
9700,1,0.0190485513095997,0.0126853467153673,0.0960788558862859,0.0181653511852157,0.215306377493922,0.265310990052621,0.184041742167382,0.209640561679437,0.0957438822237644,0.100247923464649,0.0540138339194799,-0.0416491215218824,0.176617757826246,-0.0762020644135539,0.0582338370598274,0.221672460988675,0.00875580253880666,-0.00634380101346434,-0.118748964906265,0.307796602714288,0.182037503774943,0.0342680006616985,0.0554314614991247,0.134312979971599,-0.0335035272301249,0.168874599471223,-0.0794828656685526,-0.0326391568842789,-0.14475143410076,0.118078870561896,0.113600898066609,0.174026731022156,0.104560221527485,-0.107136298346075,0.166417793151917,-0.0820953368405995,0.106117287436262,0.210369079600749,-0.0569038713963087,0.185926189777669,0.193105144500619,0.096356241064417,0.102928280152921,0.10002585402592,0.14166393388026,-0.123567518459347,-0.0968868077327873,-0.403909195455682,0.309010947538681,-0.331899340243856
9800,1,0.0469758796361766,0.327184852381737,-0.0818670077089602,0.0572994861059049,0.0417497616056539,0.0336016428226217,0.188026674629723,0.277584794493462,0.00920112703676472,0.139652960429216,0.105321610970761,0.0715076222335656,-0.0763461884468244,0.141990235616562,0.0946490225968745,0.128992480488718,0.206472955041673,0.0160649719849459,-0.0145188826328731,0.0644699789910037,0.148309900046736,0.0200236731905452,0.0458759326404332,0.0020347045173613,0.0441813953974527,-0.196795183414282,-0.0570003443322005,-0.121452705377332,0.101149116562444,0.13142147526739,0.0265711349652846,-0.0771420136507577,0.0443873574630573,-0.109617066087187,-0.0260263135721464,0.190104953768927,0.122771513666982,0.0622416693416133,0.114268129380858,-0.00470766099607724,-0.220275843383406,0.105412235276477,0.16198179127812,0.0580647596302866,0.0623125644542123,-0.254431911841198,-0.0115184998292061,-0.0481614324224629,0.454571847536043,-0.310341781113417
9900,1,0.00686087180305466,0.144622217496962,0.107204731120974,0.213406709058339,0.0980595937270259,-0.0448692244783509,0.334535061930593,-0.0212717612493923,0.00423782928002035,0.255884874010906,0.0925152567631881,0.0944572839277221,0.041018621942522,0.291662911336161,-0.050909043725426,0.15797773905537,0.0903769164201184,-0.0256670697892195,0.0696620096705872,0.0236844107034171,-0.0170786525789775,0.192923340582128,0.222563906037123,0.210819758834735,-0.0336899416514347,-0.0711525675460518,0.067402758130599,-0.000468162068138558,0.213552583264128,0.0922159368186116,0.0731406509217,0.021100308153513,0.144640476089921,-0.162881987727343,0.154771509384897,-0.103634484493658,0.0818282010045405,-0.148710663668689,0.374624927973455,-0.255216469601514,0.0341383031988553,0.211263713555499,0.0335237452148631,-0.0776533164555111,0.176586765309166,0.0436688901010324,0.0364381634435824,0.215377744894959,0.262939975895555,0.118567641896279
10000,1,-0.0775983506257371,0.151574188479181,0.0201914761613573,0.197114688481471,0.0649885132651271,-0.0590653010564197,0.0100206933877204,0.0634040090522262,0.0492332877187261,0.143925370718027,0.129427022103432,0.0849813500699881,0.159212545626207,0.194564753301243,0.0599994380403909,0.173826737107868,0.0590292274678949,-0.0913554840624001,0.0476255232640727,0.188858577787732,-0.137333305854773,-0.030484969248561,0.170694941237752,-0.123791740141746,-0.0245423473095665,0.0510032736869758,0.150869767284384,0.0592911433699234,0.042335714637802,0.0201317497147803,0.0618454886612366,-0.0515579549881324,0.0534419511477412,0.0788724188299885,-0.0103235079678812,-0.385005654978539,0.179939040763033,-0.0747646683876501,0.0444122488036943,0.133904783751471,0.364095747418452,0.115758902822742,0.0361158098188305,0.120915096535364,0.159496141220133,0.0421732166855728,-0.0112326637910402,0.315494432391074,0.0732581007216356,0.0924230821236423
10100,1,0.0402661157408637,0.0313468539907026,-0.00977702219860034,0.240963941103285,0.288269958255744,0.0856281110436098,0.259111210833316,0.273902889431319,-0.00554451847898248,0.0726786515316279,0.0793682180057712,0.030725508780166,0.149543207227902,0.337849918424894,0.168750294439098,0.224577915713974,0.173766044644201,-0.132781916544133,-0.0177709916159508,0.180065997801084,-0.00808765556836145,0.0649450400029351,0.106393836847529,0.0288735210224989,0.0363477393323988,-0.181016887180165,0.111956845923447,0.0845422710563101,-0.0267935156711798,0.120396248304323,0.15222579693586,0.0385319145420108,0.0665137228444312,0.442529149462348,0.0269006993653049,-0.0401980110140681,0.148495726331088,-0.0664662970157274,-0.104925509935193,0.0573579449145827,0.284102814407072,0.0176552222299987,0.0396761193022959,0.203016011818001,0.0792731688797277,-0.317750796599433,-0.0787490622866925,-0.190980521022743,0.0862255152119506,0.304394399721553
10200,1,0.131091083926684,0.161027018597732,0.0624930789718323,-0.117404696287095,0.388072583398289,0.0335039216708388,0.407677487692751,0.22521659545486,0.112446523324756,0.138861444799005,0.0412306290577725,0.154924945053709,0.235125600661057,0.221760873056189,-0.0334873466041673,0.320347985977537,0.109001032256922,-0.0908916299629429,0.0862423868250454,0.130802088817281,0.0875896847942475,0.060133427601899,0.0844710070468089,0.156035031711698,-0.040539241845883,-0.11100247501509,0.0814150755491025,0.133431484699528,0.203787190145629,0.152648296458215,0.207051889748511,-0.0413789103461659,0.0570809739617787,0.112143466215433,-0.114128321343003,-0.141244627371834,0.151272721887903,0.0207178751830185,-0.011949967691128,-0.0933741240799534,-0.0378891288762133,0.234843507405035,0.174262654571411,0.0153869113186282,0.097986128103663,0.0478610123802183,-0.136361444509726,-0.113099059886947,-0.163541983324457,0.192920980325685
10300,1,0.126540065530994,-0.0376350687852933,0.16161762183968,-0.124430842699823,0.362598278256019,0.0146216424438084,0.0878002222771897,0.0803740320466684,0.0739941843850741,0.084588490303976,0.04302964412636,-0.173181229505938,0.205354885572481,-0.109360764808261,0.108067588433578,0.253364939357687,0.0459015283439073,-0.18262446945896,0.107793799778415,0.0745100703906047,-0.158070915722913,0.110051304772675,0.206119657430389,0.0704096167296435,0.00174792425777374,-0.0515157362115973,0.115607544422604,0.0407506486018343,0.272804563794895,0.243491559980519,-0.00667707453074669,0.101594742889925,0.011620127734643,0.20703057480549,-0.0540010297615879,0.0120106407368606,0.0169821197487668,0.0380988183167563,0.271915135606963,-0.187484848193957,0.352233850820051,0.0126522590070251,0.292045243656307,0.0452211571576868,0.0793203940924143,-0.01993290278388,0.0187192285914653,-0.0549336567971721,-0.292467445140254,0.134470324243892
10400,1,0.113469554230137,0.488283349189122,-0.033174835910922,0.101234708775858,0.466752887564593,0.00347849012257716,0.019114257306044,0.202641423873195,0.0804745427295501,0.099865852471565,0.0410214589933279,-0.00288388792701035,0.340720111745515,0.153988552589578,0.28226058272362,-0.0587472102221013,0.174403743627056,-0.119730217638434,0.00758177222852495,0.154782168864858,-0.045105103531273,-0.119684698044862,0.100269598190466,0.197603480816194,0.0581844106220031,0.2918655171954,0.206008302599706,-0.0954059015146952,0.23922495846255,0.193219773074374,0.0560552659710515,0.191069777658796,0.251427169024185,0.301201188497259,-0.0520828593327404,-0.0661487113577736,0.108643812661867,-0.0881484206770551,0.0886395246000342,-0.136749931548023,0.419235818344777,0.130639539314561,0.222975483887655,0.0920836475437937,0.12187953248153,0.117378169034779,0.0656389917917286,-0.39610658011461,-0.0301521791790384,-0.100913022053687
10500,1,0.329526343898736,0.346491279040342,0.228382138807079,0.0882589655897973,0.681786833725525,-0.0839049429190789,0.12378776949434,0.478750542862762,0.0295454958717299,0.03200407709099,-0.0587912191574674,0.143598088331724,0.0633016168268628,-0.0252746821119022,0.0581618829821617,0.0555302897455298,0.153424968400999,0.252571873464187,0.113475304875676,0.196156834995542,0.0811342518924792,0.0552974922823044,0.0101844215350984,0.0437547614124121,0.0974021120954404,0.275192411944507,0.211280374317847,0.111344197769559,0.179652196173822,0.219027431988615,0.141225433778272,0.0169871664573479,0.154133057345572,0.155363431654483,-0.0181940758129133,0.23707147491647,-0.0441826695659108,0.0193034757545902,0.344836132073744,-0.234135418375521,0.250403154470742,0.0405817214504356,0.222034392229917,0.0853149754918415,0.0543591106259056,-0.0583001796614456,0.120443290184363,0.237583379538606,-0.102043265602552,0.108171788848651
10600,1,0.111702076457024,0.105417853038601,-0.0161812277396873,-0.0522704296889143,0.21589746159267,0.230257263788526,0.18089177704182,0.17690534131776,0.0947142079983087,0.226178852500113,-0.163662984499006,0.173608284160411,0.109277501336818,-0.0453148118213637,0.0623415226603472,0.172051343127449,0.0371538040769952,0.132815517782247,0.0685042377026637,0.169822118443989,0.322434016209662,0.210934778748721,-0.0412041270206148,-0.018385637078448,0.052175333019134,0.41669010876967,0.166288540744356,-0.00498891838729061,0.127054616188605,0.171342266910332,0.0448979729742269,0.0759076723660092,0.0168721312736663,0.179535319298918,0.0152085618554793,-0.227652989868702,-0.0136878315164629,0.0779593603274071,-0.106292863864367,0.0193038949544043,0.224519146872438,-0.0290924752476998,0.141349953283653,-0.0626489987269391,0.022168705617467,-0.126796486944284,0.0372628840097786,0.201728820209841,-0.214227498680132,0.368200701379966
10700,1,0.11977085382765,0.337011364377731,-0.0593905258452624,0.0144837693982293,0.140213767268918,0.127255895382268,-0.287722702142483,0.0530207630926838,0.0459366052059479,0.0899424578871287,-0.0985952055117196,0.077631696911383,-0.198519423788434,-0.291314134911274,0.241719206079449,0.0806667842847082,0.0415491570106585,0.284427484180009,-0.119565520667249,0.0832973225539591,-0.0878854520647971,-0.115059574970223,0.0398446457722236,-0.0826031364370907,0.12979962276283,0.0258253998094246,-0.0955082614272553,-0.0982624756779142,0.165818738829322,-0.046170156856017,-0.126552921085107,-0.00104505365535958,0.0642738043547784,0.095620226025677,0.213224999682034,-0.266550568140655,0.0818447177502276,-0.105684955399077,-0.084048049673492,-0.26230109991988,0.34364054968801,-0.0862532613338133,0.258850364824381,-0.0731573957020294,0.0188843670182418,-0.0968870251905079,0.0414352919706575,0.216106551423138,-0.0150125469244421,0.203395572449112
10800,1,-0.0176503610755259,-0.0420238080889063,-0.285010900309039,0.0100285868568111,0.22146816785424,-0.0515797998025479,0.00488683684535667,-0.161545409313794,-0.0373803295392058,0.0139647808903105,0.00247664554903325,0.0492017167087658,0.0841244212220776,0.0203382219263286,0.266243068441345,0.141023866880617,0.253343855938028,0.103082441955464,-0.0920712488220431,-0.0921792444853626,-0.232733893395888,0.0379595990567507,0.0494349770372304,0.133873357413872,0.0301703704029405,0.159236200691955,-0.10408187568972,-0.0556382650200436,0.0891362008067946,-0.0756127406422225,-0.0554071041038387,0.00166921392204276,-0.000565339571776444,-0.173230445218199,0.0217507188484416,0.314436240719083,-0.0144979938213145,-0.0271752473468443,-0.0598778295353519,-0.204800108759233,0.393995460838157,-0.0680379145166353,0.161625944713924,0.216176161862279,0.138589283077935,-0.144700771943041,-0.0374033705423455,0.353140052936132,0.250845141115014,0.0363497686890199
10900,1,0.014065034080619,-0.0759372351299829,0.0386403257544658,-0.0941840178572784,0.205308971133525,0.159508908860453,0.0325912299068137,-0.236394193556108,0.0426754299583944,-0.0136424625256448,0.0816811747441005,-0.0286570269160721,0.0589359638369575,0.113581291701998,-0.0511639181695725,0.075486918618775,-0.0129868400094663,-0.239088876524585,0.0817005812153252,0.116510449613481,-0.155276095850155,0.0364313058831851,-0.175142373758248,0.157884530584637,0.0587352490120076,0.0882899620723392,0.00325536379225443,0.0775638186094276,-0.0918472338324549,0.131384025728025,0.0915296823637228,0.068817786860568,0.0255934116718255,0.0733887797894097,0.0967286984296891,0.00580850714880775,0.107685726421066,0.0424624903429301,-0.118151503499015,0.177087046111536,0.355052669716574,-0.066266030206669,0.0379579454224831,-0.143297472915253,-0.176725094709536,-0.211964221774459,-0.0536233356662683,0.0997161238793618,0.614910286028762,-0.0728885049361274
11000,1,0.0716158494120071,-0.00328528020377401,0.155897941595519,-0.0767412096522929,0.0219589823820606,0.0513104829205995,0.19916409615967,-0.17720183100885,0.0680303985554976,-0.0730783474207411,-0.0976267799124263,-0.0863913792402298,0.0926488682059403,-0.050899138025364,-0.192744518784206,-0.0672432068455476,0.0184781640543327,0.372515474599967,0.169054646635191,0.00688058075509627,0.256346879600963,0.100386847736217,0.0449995447729961,0.0209243241138883,0.0715149680294783,0.0377729633955074,0.319281278682025,0.0388674017452651,0.0687584232914689,0.0421726148322347,0.0226755509596026,0.0636934982069867,0.0451608463980213,-0.114065198555761,0.0402950271298669,0.0487500963688725,0.183278694477425,0.172258234487087,0.129517940947205,0.00904022762511546,0.196578034508366,-0.121247123849199,0.0881110777652188,0.104924356718798,0.164734346557205,-0.0135580152206887,-0.0453911743564863,-0.263700400569347,0.21926918779675,0.297016160225267
11100,1,0.00505355011393908,0.180179288197158,0.332846808479088,0.0969628755594617,-0.0143042680207666,0.164534220778126,0.184985602218372,0.376709063116519,0.094253511188103,-0.10141930629879,0.0185264000287432,-0.0465885587730567,0.0281831503059307,0.178273777793448,0.0933971998869207,-0.0232009443834438,0.0757359781327068,0.319417448707139,0.164154969620762,0.0854617484032213,-0.136784726139917,0.149346453438083,0.19123105433795,0.235148374365796,0.000806284214331307,0.0237787943790519,0.308842618102839,-0.0824768051879982,0.0334167079383623,0.0554247633444982,0.17283089392886,-0.0713579749758339,0.0928634185652474,0.00248516522443913,0.0304738766747322,0.221462021964509,0.0361072717803648,0.0332734193445596,0.275211178314288,0.156189618451443,0.0109127966129526,-0.0762795322813236,-0.0255498898856229,0.332014675927936,-0.00328703078761218,0.0780707175907193,-0.0722032606687367,-0.127657962319333,0.188925281797995,-0.10859122580536
11200,1,0.131845137307635,0.269883758014137,0.132729057534519,-0.000411253413759874,0.0906928469624427,0.0945137504834474,0.0168102966869064,0.235734166862827,0.0658309581097238,-0.0724968271348212,0.0177500789091652,-0.0267080688367801,0.0512660285592028,0.112821316062176,0.168699058205533,0.0692469827669655,0.0242531309642322,0.156881005414365,-0.031430543401444,0.333854526489835,-0.0928448267106586,0.0424492781542918,-0.0262099527859113,-0.0343075340561054,-0.0323077883051697,-0.112374946651544,0.289310062908467,0.00807600008302582,0.0725092627832487,0.124655540007456,0.107583574183106,0.0133505559364627,0.0248726218507861,-0.0983956279681832,-0.0575905395589235,0.0792996845132311,0.0498110263434548,0.184521811020028,0.279518902274896,0.116574800091684,-0.0923433332947792,0.174965132406884,0.215531615449385,0.134396064144563,-0.0399380292674012,0.0818672480437396,0.00515888598147961,0.102566950902515,-0.366156965964496,-0.168169603694252
11300,1,0.0190641240958619,0.00158045478757111,-0.0846196682267029,0.225454714243265,0.119706221101899,0.0165670478350031,-0.0742320168751187,-0.0550883312512002,0.0561480435626141,0.00499453039956742,-0.0835304773986504,-0.110925056664284,-0.0277687086980509,0.0768182667276317,0.0350797480445432,-0.0573314747061302,0.0157158410456247,-0.249495075223394,0.0163605426990721,0.102020134632919,0.0289888049903808,0.0920824794151463,0.0383627848849441,-0.000875554068163989,0.141178819433622,0.0375825767067145,0.214115952374402,-0.00164891789394796,-0.0222617120686576,0.169942977605396,0.286787763395116,-0.00574718421072314,-0.0518634908436168,0.171412167429458,0.0807024723397589,0.0307686977405,-0.0528542344070222,0.0888560142482468,-0.00423812625987181,0.013036686076673,-0.00792773761056149,0.244415760214668,0.155457056468974,0.109974211919766,-0.0879018968254047,0.00411566325631217,-0.00684894700632079,0.152075225195366,0.299811496665302,-0.105273699740723
11400,1,-0.0797951237511501,0.256053755506937,-0.111735373407456,0.00308668669435101,-0.0766565740878189,-0.0449948053371604,0.0403525982724505,-0.205324088860809,-0.0568279483450228,-0.0728247013668307,0.0774181217345855,-0.1197479803231,-0.113378688898987,-0.0272943570410578,0.126597007295658,-0.106092694689554,-0.0260616507269077,-0.378718579506257,-0.0431578838423086,0.0541640950690502,-0.259389567281669,-0.0213774169339307,-0.082046926990628,-0.0179862869548226,-0.0207670689447716,-0.148533851015155,0.0679411051290283,-0.0685288594392503,-0.190017244581387,0.0992283703825658,0.122416152178275,-0.113303810035581,-0.0431092003142416,-0.109410227053206,0.170028139552689,0.370284615245024,0.0754405903764205,0.0654312401891871,0.0654450657474478,0.161222063282796,-0.0620574668728867,0.16845308898729,-0.165409259712511,-0.339609257493269,0.00965359440795126,-0.0189491383648921,-0.0793127343869725,-0.00402265669991848,-0.118821230193236,0.069486448132488
11500,1,-0.0712870978356206,0.0230576334293568,0.0193867176054385,-0.00496426087757974,-0.365389695683194,0.0596909206723752,0.052375026101208,-0.0707047926072784,-0.0889990443084869,-0.209942174252329,0.0840407581210739,-0.0271540906532447,-0.0429289534057303,-0.0999570798138257,-0.0109103944016008,-0.126885341069554,0.00295481494081641,-0.196618572395562,-0.181086808424213,0.0303225512166227,-0.138203304442948,0.0835281378634396,-0.152945710303951,0.00385494852729577,-0.182434473314095,-0.11023626370819,0.0587044794905389,-0.332321430519293,-0.253827015908148,-0.0583866020168645,-0.0832813292689051,-0.137233509212471,-0.0140285554503117,0.0889756710545525,0.0804682022577154,-0.060717885467512,0.133339234711159,-0.0295677556933815,-0.125749714277175,0.405908792019223,0.457772728725841,-0.171799996445281,-0.256112660808745,-0.0427869690523229,-0.279126353142219,-0.0615025846760915,-0.000771897427078463,-0.0414496549997529,-0.376983645065287,-0.368419638671059
11600,1,-0.0931641573754659,-0.132571591910406,-0.173697217602975,-0.302153352755329,-0.423567648812819,0.103978568396119,-0.119195965263937,0.10581797572081,0.0358704515911622,-0.077189535552178,-0.0843436833375776,-0.0535315997839904,-0.0828496330606092,0.0103156978240696,0.0152939606884242,-0.0184844634724644,0.0334105600707543,-0.208049319562663,-0.0828127049284963,0.0102836867971966,-0.250058585112554,-0.133648620444691,-0.222089557294682,0.0299538071618138,-0.0910047291039848,-0.0690252095238828,-0.165861926067191,-0.123221144709293,-0.148542351238046,0.0751688041156763,-0.000627444831110116,-0.0755171534629389,-0.0389385448503984,-0.09272169722337,-0.0614505537397044,0.0557533074982524,0.115487877094852,0.035702395110239,-0.147500481484819,0.0723474104139573,-0.0878145159261057,-0.240229637884782,-0.105501294910347,0.0363150598938768,-0.0845658255682834,0.0233735501188555,-0.187618318291464,0.0921507474311364,-0.282046845152477,-0.0201435775594025
11700,1,0.023219157336021,0.10298333043395,-0.103066589678546,-0.374646232316353,-0.141014508604405,0.113495266067751,-0.0327014757541859,-0.353748096898268,-0.0487205660287022,-0.00322349375464755,-0.247970404010635,-0.0204588241586098,-0.321506855584179,-0.135978996841574,-0.191198073639339,-0.223263385010145,-0.125904079128392,-0.350180873982764,-0.141282111126078,-0.240914943164462,-0.221856266711922,0.099470590349412,-0.178171207347036,-0.180755023104858,-0.0794169279311562,-0.030904439919526,-0.0738664954074391,-0.105547560731593,-0.104869691876081,-0.128218051140089,-0.10123168916862,-0.130255267374064,-0.13561869489164,-0.0454698902212813,-0.104852948929453,-0.282396098615404,-0.0528531904140949,-0.144638569906219,-0.131662604662066,-0.27353150691109,-0.491841787892562,-0.160349749584401,-0.188936213552441,-0.268960666276545,-0.230388266202981,0.000250527106623696,-0.132111796151055,0.219526637746261,-0.454842752256085,-0.332059778908533
11800,1,-0.250204367981372,-0.187242239186301,0.0703293975423951,-0.165243054645257,-0.13457812398587,-0.1422021557433,0.183708421979776,-0.0831723964203898,-0.0404966513290712,0.0213692181309262,-0.293227308608959,0.00438707194678249,-0.0346761822458869,-0.153346617389091,-0.597701768124502,-0.29978457816292,-0.0291539342054992,-0.0579759715508497,-0.110048773115838,-0.0923782617469276,-0.0901316137173507,0.060768824454442,-0.0871388404263392,0.0129073881813449,-0.13246531054858,-0.080313206002004,-0.150135171107062,-0.00708251260965577,-0.0543438812148069,-0.0998515381692251,-0.118238034520278,-0.0732743707270288,-0.141736175331407,-0.26880749615471,-0.134657127328982,-0.111642839911756,0.0224669319137689,0.21955305493121,0.0101278891355907,-0.373201390582202,-0.102927453590033,-0.191842060094272,-0.320218882615693,-0.46807716686564,-0.050487063286273,-0.188320645683487,-0.0802854465308706,-0.00918042828418715,-0.266157743792189,-0.339934025076047
11900,1,-0.196954823759468,-0.102691194237501,-0.0605300422195047,-0.152117546719767,-0.213149525188966,-0.125946699066867,0.0415433176700205,-0.378986151043309,0.00371377278169514,-0.0652819555016158,-0.221110120069062,-0.0323709598929475,-0.0987589915079276,-0.098171185625115,-0.231169988639982,-0.0725419630573155,0.080346457315078,-0.409438893438476,-0.195701750610413,0.122439697489411,-0.222916810048685,0.0764033572360843,-0.352328442239569,0.0422274060711727,-0.0526072729185085,0.0109472768707472,-0.336521737231942,0.0750449095572386,-0.281704667462574,-0.180779057894315,-0.000195996376747234,-0.0995636707101662,-0.190117136634557,0.0647602231352276,-0.314056659937752,-0.0225233681176889,-0.0493935917392742,0.0674830166314871,0.0990894444988692,-0.224692147577761,-0.381814780118839,-0.111145872155193,-0.304721515115727,-0.198583572900717,-0.191066688395574,-0.023291103712522,-0.114957070206384,0.0617788460290815,-0.248446546628163,-0.0514705196365997
12000,1,0.0177054134859759,-0.151072975063631,-0.0931891225410831,-0.0796734171798251,-0.310381719340536,-0.0416572087343584,-0.25685288027192,-0.310985563061077,0.00855691211537334,-0.208510048478655,-0.0771829368331986,-0.0772262497607905,-0.40641712235659,-0.16769901387543,-0.0041416017586955,-0.197467577337542,-0.092571859329893,-0.619819076575982,-0.28234448128955,-0.0429156783503592,-0.222138963602308,-0.0110427152031471,-0.365505335709262,-0.0746015443096575,-0.197249000280599,-0.226133857973811,-0.308763818665907,-0.123160363408894,-0.360176418005432,-0.155349705432047,-0.0196548625884978,-0.0722768334697198,-0.11982101602218,0.0512497214936068,-0.379594545028052,0.019242020018789,-0.230701149258204,-0.133114879635667,-0.33124324557772,-0.295677773381079,-0.201262974054542,-0.398425853473866,-0.23931387766512,-0.209329415292756,-0.399863475438666,0.0578415915651512,-0.00947381858610742,0.0373296041167328,-0.431145860498675,0.0741170875266085
0,2,-0.125289033827828,0.109788807036105,-0.136606305724005,-0.0910961555550915,0.0846608563381459,0.00466785395395347,-0.13757036770771,-0.146918669341494,-0.0912462054299111,0.016884604747112,0.0213495620075131,0.00128146874080579,-0.225424556691763,-0.093980325078293,0.103327048336761,0.181178894954995,0.0912104144968724,0.0126602828018011,-0.0987799887634224,-0.0724060487665111,-0.108909264624598,-0.225503011329854,0.0490841352925144,-0.0527249774339571,0.144623957867131,0.0576762607569684,0.224646088906349,0.212504485839032,-0.331185510411733,-0.114543224337746,-0.0175650515697766,-0.159090882550227,0.112101384464521,-0.0580967608869129,0.23797034250788,-0.197834482156311,0.272963203602568,-0.135787255081117,-0.204290934182307,0.0708335944517824,0.119005380210159,-0.415174865024658,-0.0193797899865046,-0.124656719422618,-0.20994426897803,0.208315508671955,-0.00481143642050913,-0.108191062650401,-0.0242616942283691,0.0282263418046317
100,2,-0.0957039493631303,-0.0368574733878667,-0.221715574924289,-0.0493766871704568,0.133298489067736,-0.0312662510665868,-0.094509147755,-0.313394538587654,-0.0566935576454713,0.0990246635586779,-0.0961232941246532,-0.126108181888638,-0.125621303314993,-0.227959626597008,0.103808270282239,0.240282225884774,0.160006948109166,-0.0151100986742451,-0.0457273443506717,-0.0499260006286874,0.00793548137434519,-0.228910885290846,0.0358496099431298,0.0589713117763801,0.101437493962109,0.0260685514343463,0.198128755379008,0.280437931178163,-0.401864996346311,0.0496779457581163,0.0951062940441221,-0.0228418862400628,0.065577217978846,-0.207710635651398,-0.000371554412350317,0.0232148041494296,0.298191031822734,0.0995668630408653,-0.147506168450275,0.0690837565487697,0.293576797030531,-0.224137920142403,-0.0516798061936017,0.00781079201574492,-0.141922168677623,0.0826908758781915,0.0718421907254486,-0.161428652972908,0.000371554412350317,0.0939432556614289
200,2,0.160660834168389,0.146573508558481,-0.159157162066876,-0.0476839770598739,0.105937084759988,-0.167416579912514,0.0656302942146291,0.0307625496730052,-0.0314250478753386,0.197494658916904,-0.0715753389012166,0.0267021277878724,0.0761101215096197,-0.0643428681344848,0.140387751543231,0.291917641368447,0.0541372888313229,-0.0663320826587325,-0.0832246060047583,-0.257738611645689,0.216396530696526,-0.107678044520814,0.186665767509553,-0.029521820513936,-0.0732914351261589,0.0176096231817713,0.0200098398776075,0.340696871304055,-0.227815156494956,0.0455685025901567,-0.152880957335189,-0.119143243761546,0.108617509393926,-0.066556897852398,0.00798316230498219,-0.0498335212607134,0.346208617330251,0.216512578005023,0.125713670369173,0.162069351735854,0.200852482481825,-0.259006934116128,-0.169300823187883,-0.219030836681187,-0.148393803466458,0.0324624722400876,-0.0982390668559188,-0.25242666907527,-0.151298763407672,0.114590198547595
300,2,0.0918689255155611,0.178854817496991,-0.0638761613198998,-0.143103440669982,0.0190457574574795,-0.0330963613118396,0.0979580875589792,0.142660998887928,0.0752877357327252,0.184563522595837,0.0929436192104295,-0.17398469914301,-0.0329646917794679,-0.223771755204078,0.0130452031966269,0.251351078469731,-0.054455269250639,-0.0934576941298586,-0.159854168195796,-0.29049220197204,0.0743581820977417,-0.278318720974731,0.141728879858117,-0.0877328932944291,-0.143295216914426,-0.176243836389584,-0.0587135992375302,0.300067461010794,-0.392237952878088,0.00906649651472446,-0.236806732201686,-0.358456629745709,-0.0631826681426359,-0.0142131891060592,0.028315239651894,-0.184548945786007,0.14311592590171,0.181111633515962,-0.0861452641617043,-0.052506700489086,-0.0258098001600857,-0.175412842254292,-0.164629648486898,-0.130160698166197,-0.13420634272006,-0.0076323727869862,-0.17812024753699,-0.26376566816471,-0.224312200720695,0.0453144875704747
400,2,-0.0292942306164204,0.151466072594378,0.150418447092909,0.0313798839630335,-0.0503070787836415,0.0511700861344988,0.150433734806397,0.129362322747008,0.160234900458961,0.33796642973829,0.171270408136981,-0.236711598315772,-0.108282813450544,-0.102160299270842,0.00353154727109573,0.125677550940284,0.0163100955831356,-0.137704214047922,0.0269482345769888,-0.184718462227885,0.109407557842514,-0.247033786645795,0.00355041253149213,-0.0806349425169003,-0.0442314577471303,-0.0722746367873366,0.0429800083099126,0.318918733446858,-0.399434443060185,0.0694952495457611,0.0118553397135485,-0.317886002977557,-0.139795827363841,0.16445097380094,0.0466446607549452,-0.0278772786129956,0.0393955783725782,0.0771702270547722,-0.0313502115389969,0.074192570528733,0.0898346295573814,-0.0972198628918237,0.176883015351525,0.0401938737395383,0.0745295524067491,0.0197540789034329,-0.101463987790918,-0.0199192501219161,-0.305210181905931,-0.141971734857989
500,2,-0.183689966469311,-0.0130878640818065,-0.122965891863974,0.114188961729599,-0.090616623422256,-0.0413323031596108,0.219633678761923,0.191204054172172,-0.0039959873544691,0.249503236615993,-0.0514584998823663,-0.0760102336263277,-0.24897385180146,0.0235963844591959,-0.177580822486461,-0.0557600468465601,0.0657023921154147,-0.271311775687855,0.193694618323907,-0.200079126382115,0.0950880436515897,-0.0914882605942156,0.0411885697497446,-0.0595898222494711,-0.0284466893421791,-0.0267072221291242,-0.0826335388544919,0.169117537422429,-0.230261524341697,-0.054434705063654,-0.158254624471738,-0.164904155036831,-0.1284377841889,0.0657108271961236,0.156444311624433,0.113410763637443,0.110713924222848,0.122987608101871,-0.23690068483067,0.201620812092315,0.138740924180592,-0.0722437745940379,0.178937165903044,0.18827651563167,-0.00732189607989292,-0.0065947302258173,0.0110581323550956,-0.0843249413556069,-0.162705083329413,-0.0762996091354436
600,2,-0.224654455871313,0.028305545799576,-0.24426853122606,0.0665710932258736,-0.0829523326890843,-0.0543567714437045,-0.0367660602184811,0.0586539784058178,-0.029796395925738,0.215450350617643,-0.114017974914952,-0.0643004005183637,-0.2079283083397,-0.163532523401839,-0.307658497609452,0.0689639512903704,0.0171087358216842,-0.0316996966115451,0.0539110507578234,-0.00297898045618605,0.198119854286374,-0.143034338119673,-0.0587331135821382,-0.0233610745991886,0.0130787409875756,0.0011357685737593,-0.119969066779071,0.00380927446713908,-0.355530889399014,-0.0162041750216873,-0.277554874392647,-0.17203429142821,-0.0541115877829665,0.0283244801997637,0.111182409590198,0.0895012070609773,0.207811222896096,-0.0228799407705876,-0.191983654109502,-0.0527397766977608,-0.0430435836769956,-0.379326911698031,0.0390031371834412,0.127301693596993,-0.101643395228832,0.00626067920248363,0.104829103559359,0.042469023943619,-0.00820992845804991,-0.316203792330317
700,2,-0.177958038888007,-0.0112071057151868,-0.189423165061565,0.0856796168314183,-0.13886255427414,-0.000521120145032028,0.00112285956541708,0.0532041126722688,-0.172492777583043,0.0729911658228529,-0.140046572406158,-0.0459125309143592,-0.315762799982574,-0.167378064526019,0.0732569459749734,0.20117483450987,-0.0266536636295925,0.11780863982577,-0.0391378046287169,-0.0434815746386804,0.0385951740112087,-0.154335313160173,-0.0688267265426554,0.0394148502763955,-0.127191989906848,0.186895182390884,0.0567458032058035,0.109534476375736,-0.182513700149691,0.223477219851109,0.0788446196782974,-0.036639969350804,0.103257787114214,0.0629122818274332,-0.0201716144419055,0.061026691543786,0.15431755667971,-0.0362474128000237,-0.153161403051899,0.0579543613752932,-0.12794998389351,-0.236229960308751,-0.000250257773006635,0.0848705863949064,0.0282578131267248,0.0126075109586027,0.0700622926400367,-0.153636291720956,-0.0132189053668967,-0.133440414442461
800,2,-0.11415509727638,-0.128124578323509,-0.106223344007606,0.117070818354805,-0.110283226681038,0.116132056596551,-0.0685818462387857,0.0508218621980482,-0.0930302008948836,0.0301865546747208,0.0540943924917205,-0.0867778196118304,-0.158981655588755,-0.362098941687792,0.04883262170684,0.204485107603813,-0.101599999320347,0.125655512106713,-0.0277299920446634,-0.159159355291933,-0.0507203049643747,-0.0431955019262555,-0.0190157850097475,0.120167444312525,-0.108465822576515,0.061327334569776,0.114163570098895,0.127775331226164,-0.0677694881615849,0.187908548521942,0.019151151448475,-0.0829731264268602,-0.0927783436975947,0.0350533577710643,-0.0508378605053043,-0.0280186579762933,0.0562429995465844,0.151322125069516,-0.290703204226239,0.0586421791717551,0.00392142022376341,-0.211891079785075,-0.0510520024824311,0.0810393940633916,0.0852239632021531,0.103621610000507,0.0737459750102542,0.0134560215683453,0.0148496570841669,-0.268397567370941
900,2,-0.0377668314006063,-0.129905489502906,-0.154930652261092,0.0871268381676398,-0.0847247063357718,0.139637290785321,-0.0364092410865171,-0.0341964314372987,0.124419748585841,0.00415443832037687,-0.178439072103667,-0.205637060884487,-0.0887512488679168,-0.260009649002464,0.0212368021572106,0.106138362764579,-0.156068556421449,0.0285706653199708,-0.093804043611413,-0.0206679230393628,0.0475806907809267,-0.332459307335286,-0.0311077671847508,0.25161293823469,-0.100722713199157,0.0826805916042221,0.0648163841024854,0.174811176331249,-0.229637969099922,0.167686956102852,-0.181604993530369,-0.18507217181607,-0.0411157565860251,0.070730290362436,-0.078780248284982,-0.0365585612989832,0.110831399503712,0.151049556703361,-0.344296176043262,-0.0128009245245426,-0.00652605112077054,-0.333520427470828,-0.12646152079527,0.022997875454014,0.105071707477774,0.0910177620594639,0.0200515491111699,-0.125805570163025,-0.0153545518107852,-0.300059815963031
1000,2,-0.23581347609397,-0.123004378801142,-0.229183822100155,-0.0685736077751004,-0.0902973166825518,0.131108458966527,-0.0973524995424763,-0.0621651056173948,-0.0375495468092135,0.0479107107127499,-0.0209921854264565,-0.191772473858336,-0.0462160136554862,-0.269801703988808,-0.0838099932123934,0.0246595807864871,-0.0997930589658596,0.00784587234976764,-0.170641722547226,0.00167730159219431,-0.161559378209771,-0.355999801395407,-0.0831900036018944,0.0259932996712617,-0.206753943730597,-0.0460230477543995,0.0164713350996397,-0.0193713820012085,-0.0964754843037931,0.117522840772578,-0.301428152075388,-0.232875728737898,-0.192116876060772,-0.0542054993327176,-0.197269767272046,-0.186632323675306,0.00693698310016411,0.0759534719937603,-0.273216303381373,-0.0848826283670679,-0.0292427800659057,-0.299386853744938,-0.174913793770273,0.0146600230555213,0.0799700762202485,-0.119854009822102,0.063087024993296,-0.216843563296411,0.0218677723010763,-0.22047084916324
1100,2,-0.0919445619679574,-0.0491293674734966,-0.19641980393756,-0.0862923228158567,-0.0323046355424312,0.030448141841024,0.0542478876287686,-0.0967162609388294,-0.122497843016273,0.0239142065496971,-0.204387961295232,-0.112414989645628,0.0125744408206627,-0.283730973324063,0.0167147910002677,0.0213399985417853,-0.00777074107944958,-0.0836778142546567,-0.0958149925398935,0.0532665917674693,-0.183029056755653,-0.35460481234277,-0.115558118456132,-0.0472666231207666,-0.20531681856692,-0.0508823888013423,-0.0659371834086119,-0.0931113280648513,-0.259158588236905,-0.0133125775155343,-0.43971682863394,-0.18865920058507,0.0524934190872246,-0.0426328713695498,-0.261520158853181,-0.162341334894851,-0.132415251064765,-0.0206693431516727,-0.192509426446206,-0.333595058216472,-0.0216816943528219,-0.36517933114574,-0.0508527902787922,-0.130423810758595,0.0795979180787601,-0.134767142343574,0.0527805593494944,-0.230351529720517,-0.00992490399734008,-0.142213048582403
1200,2,-0.114931287477262,0.0751695326885016,-0.351180161384016,-0.0711100822452702,-0.022360491101374,0.127271192414065,0.11598848031916,-0.0111949782128435,-0.0184175894531144,0.0692590036052577,-0.179818962309303,-0.189194342220893,0.00501095293849624,-0.143591877233208,-0.0661886171452932,-0.0132336465254657,-0.0360722650962617,-0.069518828156288,-0.00655832758653346,-0.0110282646755588,-0.129639145437826,-0.336597339666477,-0.180890924705724,0.0732170051745659,-0.225150370759918,-0.0443590632032493,-0.109820496455989,0.0362203345300279,-0.24980710201128,-0.0621761098856569,-0.270707316226661,0.0246972682560006,-0.0543742154939064,0.0217534374234283,-0.251437378672724,0.0175428305397161,-0.0819885049848524,-0.0641008634131452,-0.0667488176641268,-0.195382606598999,-0.116883641588841,-0.144911082445252,-0.0148263809954883,-0.219786286587235,-0.0344225507903552,-0.111766022212658,0.0507058155391554,-0.140101855790586,-0.0907098688976449,-0.0327841976401837
1300,2,-0.131643453842328,0.161287434970729,-0.193616654137949,-0.0599733382436159,-0.0182104452763593,0.0693380542984026,0.102395311512301,0.00509634547253951,0.0713233402786321,0.0416032879512411,-0.275549272295805,-0.0864357837354678,-0.00430536642092511,-0.166999509175637,0.00869581198278158,-0.0451718797654973,-0.0520162414964314,0.023253683169547,-0.100096837541307,-0.0727245967240385,-0.0436066816832203,-0.225663421298746,-0.0981085293524757,0.184545051978091,-0.328876508844319,-0.121923500004662,-0.0474428145823331,-0.00968148478872766,-0.422172035993509,-0.0491380565715475,-0.169200250711149,-0.0604200401369215,-0.0589422701146047,0.103420869758691,-0.213721786752612,-0.0196377205147254,-0.207681742805785,-0.000532511632151123,-0.0989552893461911,-0.143067113368937,-0.0826929111944515,-0.0964056843393876,-0.117872522170311,-0.14785744316905,0.00880899349249908,0.00328153582514107,0.0338816462102307,-0.135727819499995,0.0100796219505039,-0.177882596670062
1400,2,-0.095411213631193,0.180414661252309,-0.211061920601492,0.0161994519120996,-0.0334968079683224,-0.0395707839720129,0.173830701128477,0.133790459253906,0.00683616788303743,0.0992425602688761,-0.204762336871129,-0.00121372666931527,-0.0659492847777726,-0.174271215220701,0.0938736666497751,0.00332153446591721,-0.106739663576555,-0.00171885047207121,-0.066435018684106,0.0275813349380132,-0.0421192315200309,-0.194992018281348,-0.109908737593459,0.190953610171112,-0.236896850683138,-0.112552326198273,0.0446977260172596,-0.00682945373062838,-0.419245054563209,0.0750597842232146,-0.200734699890191,-0.0895067144401326,-0.0233195625614518,0.017876168091404,-0.218477682763209,-0.0384957583624639,-0.325749916942446,0.0244766582738126,-0.258617669082849,-0.155115587988499,-0.0812259878228294,-0.0111495140853386,0.0256601302229215,-0.0514346349081168,0.0567356231755763,-0.0349478916060365,0.0448444617121049,0.0040496034360035,0.0499919370579095,-0.228154852557594
1500,2,-0.168405434773336,0.0561403634548409,-0.115058725326196,0.0525459093044929,-0.0845693760558371,-0.106815105011107,0.135001038773251,0.0727421311733745,0.110179287351984,0.0154241982563769,-0.173961119527528,0.0656690959168741,-0.0816447484947708,-0.0339563389836075,0.0546702117013859,0.0210670150658964,-0.136549566457604,-0.0767211976318321,-0.139870896802497,0.0832828420002298,-0.186628031355654,-0.190830118449903,-0.0875059016774234,0.00514761613745468,-0.211557199763542,-0.0809137617119298,-0.044772149128906,0.0391216416414926,-0.308246898641512,0.0368634305101187,-0.209901569036654,-0.165972715842631,0.0161830788045005,-0.0506340910989816,-0.212385651368821,-0.0283738879283676,-0.438531526833598,-0.108752006645087,-0.457269924893912,-0.25014086627992,-0.129064677558558,-0.0241574904230279,-0.0712273262782718,-0.141120859296292,0.0335397901037729,-0.122151204068297,0.00297860637325875,-0.103059195608363,0.0205097595575316,-0.174658090832589
1600,2,-0.0673805197409362,0.150969131245602,-0.134601942148892,0.0284538178977251,-0.100643320556934,-0.180426472931004,0.152513012519104,0.00316116753275647,0.182550289911224,0.143682439318608,-0.173887434319962,0.0809701009180069,0.0399489100850076,-0.0577944564540238,0.0897248892118889,0.00488708524684478,-0.10740502254907,-0.0402992084853072,-0.2343145697746,-0.0471788261140175,-0.482995911911815,-0.0949737391951077,-0.0344112361838465,0.115906172189648,-0.250957012385399,-0.0523631474921371,-0.0456574588411741,-0.0807210418862043,-0.179907335725464,0.0241568203371489,-0.252737093906646,-0.128495218454737,-0.0248066976861422,0.040587376517299,-0.136582136649651,-0.0655742906961776,-0.205625518852385,-0.197750240448778,-0.226699219364324,-0.165602857388699,-0.106642749291492,-0.0887917411049135,-0.0555343332621376,-0.100660659525883,0.0403803852808498,-0.185052403817116,0.0549946124730362,-0.0383786338185926,-0.0373761839598208,-0.233394485042947
1700,2,-0.0373901616821012,0.158205260228312,-0.0715206303992884,0.101262931182938,-0.010881243768525,-0.121927281148566,0.0612368050353869,-0.0411405571164193,0.107026274052544,0.0672792795247031,-0.2101811328587,0.169229953299272,0.0588023158351285,-0.059285181747819,-0.133722884720701,0.00262358692688391,-0.0707340299239902,-0.00773677415005375,-0.129686112464429,-0.0838124310295659,-0.487424410390216,-0.103234472202855,0.0391445767826702,-0.0363396894854261,-0.221847704142027,0.00263792849345601,0.011353620324882,0.0306419034950576,-0.20057122220916,-0.0249359441665268,-0.212216993981915,0.0283600228111492,-0.0248960024394652,0.0563508482146587,-0.179405751817409,-0.177839740326854,-0.216077477609948,-0.215531734099335,-0.136173320604349,-0.175166480201285,-0.0823013635107327,0.0367789464171965,-0.0825743954596512,0.00844693413703385,-0.0351967879381207,-0.122013010799828,0.0923665542867304,0.0252077881727257,-0.0137812445222631,-0.234886590261666
1800,2,-0.00280874460671288,0.128971715160724,-0.199494203187906,0.164143929809752,0.061821786408316,-0.0322578471027322,0.0821097634273749,0.0172594661505002,0.0141805369076852,0.144494414721249,0.0012348038137468,0.203779014382703,-0.00317262251675349,-0.0180005644216967,-0.0247685241700007,-0.0172440051807315,-0.0409049053440028,-0.0117885145200296,-0.0524058450074581,-0.0316603484703509,-0.299141772257119,-0.0748248464858791,0.0633077361588231,0.0572837644782708,-0.232817494140437,0.101413945365181,0.101936776155807,0.120940065814673,-0.222101117900077,-0.0344740934618464,-0.330745553654917,0.23743908684616,0.0685173385844678,0.148190054002396,-0.134398454520015,-0.118200640283013,-0.157955409299453,-0.132058529139783,-0.0590641421521762,-0.167291457204721,-0.0438274146542833,-0.0370895287777879,-0.0500297873232864,-0.0270145376577128,0.0411860651514727,-0.0834291214184389,0.0646000978788355,-0.0309164774357712,0.00239018667820312,-0.13388460417905
1900,2,-0.00458663091493633,-0.0248646040100002,-0.165546283893061,0.092111424101038,0.0876491506442457,-0.0551850238349741,0.0279732928666113,0.142257314519451,0.010636738054033,0.113474194352891,-0.147945010958526,0.0374189830630463,-0.0744573914335022,-0.0591209937079325,-0.109110381018874,-0.019413085254359,0.0245853113828117,-0.0625980567570639,-0.0869548674126462,-0.150728775689149,-0.280428300863564,-0.058014931274498,0.0520997575220207,0.0413526580157736,-0.219160241457112,0.0452864138915429,0.0268228310395454,-0.0412644837796633,-0.428320700231005,-0.066932964341452,-0.443556237669757,0.185379569248088,-0.0560584967523647,0.149328559605966,-0.144078256351333,-0.061894379673161,-0.0780532074474088,-0.111321867710361,-0.117849459667506,-0.0969994442825589,-0.0528408709490987,-0.118425116772551,-0.0571925702840093,-0.0303730804732744,-0.0184444094847824,-0.13601864719019,0.0704325937160143,-0.0291855995478619,-0.0510260909429933,-0.160082320713739
2000,2,-0.0181975811996199,-0.0331427017006844,-0.23389350756047,-0.0424362296862373,0.126752873688334,-0.0375780400599328,-0.0335583102862493,0.0864737703140118,-0.0354831293440847,0.160808192127327,-0.199989135458727,-0.03263151837239,-0.201087878266959,-0.0427761325381469,-0.170335054553534,0.000658575054784949,0.0297027515729963,-0.0753848543947551,-0.0340989150355065,-0.134573833969293,-0.469544103534856,-0.0339803283425821,0.0450231186453561,0.0206291337275679,-0.275581441778173,-0.00905381331241289,0.0660010741237482,-0.0481904112616302,-0.435057612265247,-0.0787537438355969,-0.39709140792548,0.0281671537774832,-0.187139144119476,0.116228842699713,-0.0871816101571549,-0.0724317481213107,-0.124637770564614,-0.169647517399016,-0.173123299251243,-0.095667528316775,-0.0320117554399455,-0.224570364483418,0.023363279495625,-0.0929012796590933,-0.039972282387961,-0.0676321226249628,0.0460317591011786,-0.0123280922725869,0.030621436679375,-0.0364620120231356
2100,2,-0.0169055098658206,-0.0206676047487421,-0.264343734066427,-0.0398807534399164,0.0859513210386803,-0.151856496822303,-0.0899076239958051,0.209185215230087,-0.0602764964394419,0.0795427986491841,-0.143571994419653,-0.0438324823794786,-0.119992146508273,-0.141338567163445,-0.186380654127325,-0.136121732301076,-0.00737974268342928,-0.00159156307882241,0.00937033500299383,0.00527887253924941,-0.260433696798351,-0.0087538868181864,0.032324823127967,0.0526243356304257,-0.240364940652711,0.0518662185216782,0.0571121289923642,-0.176594031996951,-0.529132032897931,-0.177266311571518,-0.345897009115183,0.0698876414919027,-0.2211512256257,0.127420700851398,-0.0469813966532552,-0.0574739236738648,-0.115474078482908,-0.128812413121333,-0.116246599084711,-0.052714561928727,0.00837202648751834,-0.306456967777538,0.0120602106533815,-0.111130891710896,-0.0852763428484594,0.0148943858896447,0.033012996295864,0.0502653314733574,0.0996137357444263,-0.102325922260229
2200,2,-0.0233228669576125,0.0340798448898492,-0.143927228006046,0.0192783140875262,0.0587106548518769,-0.0887154222823062,-0.0978182562717603,0.239819618894878,-0.0780545295373421,0.0699536581415298,-0.0520247233329525,-0.0320351392768675,-0.0345951628346138,-0.167326847750186,-0.0645711452560549,-0.16017996457358,-0.0062649996582968,-0.0277143233994597,0.0701038560675497,0.00764797021058317,-0.249196124570848,-0.0400799125693203,0.0275149630327259,0.0419910175783217,-0.110984331347216,-0.0688365663028686,0.115555495501526,-0.271519441031958,-0.434572194098033,-0.118072569982828,-0.241746688763259,0.112584920842413,-0.202287621693758,0.111866570444634,0.067866385746597,-0.0156615339116891,-0.0617978276936073,-0.175218878046231,-0.126764870894575,-0.139322923353875,-0.0498991125324725,-0.460622460334146,-0.136214957440074,-0.0646168251624321,-0.114435107756841,0.0610071625352122,0.114847015479389,-0.00474270428193027,0.0928823224994603,-0.0161137191462645
2300,2,-0.0993096315274866,0.0475441985952202,-0.175226389209077,-0.102753804889327,0.0483215447637335,-0.121032978830195,-0.0382847046176797,0.245075284358702,-0.109876283380439,0.00904854665562094,-0.0623645887988611,-0.0348552878120022,0.0483276454039209,-0.1900104203942,0.054134302977214,-0.126882492841121,-0.047041393790996,-0.0648066894188763,0.0397170161848306,-0.0600831551161015,-0.275089361008925,0.0890984211907499,-0.0142282316408863,-0.00955748737370038,-0.115076159812065,-0.0911259884983628,0.0869390633665028,-0.283578276408485,-0.462356626916138,-0.146510514144299,-0.381451937279662,0.0876762061231677,-0.211920094850068,0.0924842646917374,0.021315373477892,-0.0842440217706572,-0.0581086157499365,-0.273536361856161,-0.21257993019323,-0.153544796981856,-0.0169288367468352,-0.343475633498899,-0.0476191058225324,-0.0761171479167052,-0.00200290101449696,-0.00284593488818558,0.0733161313757127,0.0120547622879533,0.123911261950992,-0.208309046517461
2400,2,0.0257925939503656,-0.031038725145041,-0.159063977963961,-0.0737163409734311,0.0847495136040106,-0.166517585213218,-0.0597967378198879,0.129764503314938,-0.0764764463932258,-0.144958854088447,-0.201165852504058,-0.0399480292467295,-0.130139794227632,-0.215896421339431,0.0028260932039017,-0.156143120226172,-0.0558235300788118,-0.0451905516604338,-0.0474596313598911,-0.0259199395163869,-0.332013663250669,0.0372079924768172,0.0217330849527728,0.0531022402902353,-0.259459354283878,-0.144631888366829,-0.0546455847283935,-0.343769033050082,-0.533267417806459,-0.058135004084262,-0.351270571417819,-0.0231326516119061,-0.227297052896565,0.151136255086055,0.0768521286772729,-0.15139431229917,0.0906962764154802,-0.302990962432458,-0.258744657069363,-0.0852319482625604,-0.0176818741223739,-0.386816732921471,0.0416267363477429,-0.016007204081103,0.065027781880131,-0.00360269615297054,0.00597042695593375,-0.072795855619087,0.034726490656138,-0.160990658403685
2500,2,0.0166964641153398,-0.132318387373687,-0.282802100862737,-0.00168755432703993,0.0941212701515225,-0.254553509362737,0.00942487128041475,0.149219410459109,0.0524018488660201,-0.0950211441512778,0.0244497912814741,-0.0639861804290558,-0.0134473206739425,-0.0522428190766815,0.165316646770635,-0.16807967109799,-0.0722134034671698,0.077296300017941,-0.0292829044542986,0.0529290813196294,-0.34657115183126,0.0480962352608913,0.0658078345355073,-0.061416344943124,-0.331997727850795,-0.0451858712804556,0.0810938059917228,-0.282552475509733,-0.328800999823725,-0.136605682739123,-0.328666595702245,0.100009834461952,-0.145893612604699,0.1556192154317,-0.00652833035294492,-0.0962097766152404,-0.0316487535100272,-0.0283587257286677,-0.177761447782228,-0.21095586423387,-0.033903201443385,-0.388603830282268,-0.1068165349675,-0.149168758058444,-0.0114813695935447,0.0161300605075679,-0.0218071035328813,-0.104467893155205,0.0593845436996205,-0.392285510535182
2600,2,0.0359749504611461,-0.138874392860115,-0.176766009360968,0.0569295507455819,0.0895045458648427,-0.208702552070764,-0.0765221381048675,0.0611205828982563,0.0164474346575358,-0.0494048651296112,-0.0157913714281529,-0.113747448587156,-0.127252154025372,-0.14701907387087,0.004551703491399,-0.133118667372514,-0.127587057133084,-0.0420189411449309,-0.0536451315618913,-0.060694128390843,-0.38058964352429,-0.0456947729120193,0.0264712145618884,-0.0431804540547719,-0.375215467121767,-0.0796964931707648,0.0309356460474645,-0.33421372683964,-0.419477093886113,-0.0996283079522409,-0.532717421360688,-0.102767298062223,-0.136535049237099,0.119941140573199,0.000546983023017533,-0.0415314685540702,-0.078488621622418,-0.0506624885073008,-0.126898200009788,-0.265717817540125,-0.0698317293756924,-0.464292760538681,-0.0500399678065374,-0.149551661243022,-0.0725083782010447,-0.00544872289470527,-0.0131197540705517,-0.263578213987666,0.0429308113732958,-0.337648117253658
2700,2,0.0646126158192853,-0.0374560443512769,-0.0273034754606713,0.0855568726365166,0.0268726146585366,-0.229545702764582,-0.119743884411954,0.154440431223367,0.0841377721083978,-0.0839850903463065,-0.086233520460035,-0.063137622835448,-0.149534237714474,-0.0437907758318639,0.0892104832057685,-0.096251467999186,-0.105398111572397,-0.0319950724703443,0.0314178617195764,-0.0527970882950417,-0.282619652725536,-0.0466323943800684,0.101289823955679,-0.0517862121289241,-0.22287109067044,-0.14615801848041,0.0373089343606446,-0.264480650654079,-0.199777135104957,-0.0174922115103716,-0.170871674767479,-0.058850319498005,-0.193359778242183,0.105546393808842,0.0202358070524928,-0.0256025866290561,0.000584050059133756,0.00061585933771019,-0.116875665097913,-0.178446262360512,-0.069812746784376,-0.354219268190021,-0.0311542029376503,-0.254026565301997,-0.033854913295093,0.0126662387853145,-0.0459504425324211,-0.177191728928301,-0.0284263239074334,-0.34423690856534
2800,2,0.0687288503638005,-0.0285834312863218,0.0538710090665517,0.0280776287736396,0.0408397491405827,-0.0949220227297062,-0.0480036914275072,0.126261384530033,0.0880145108382583,-0.059839912684392,0.000571328806070193,-0.111188703109566,-0.0780727015901079,-0.0679347373837668,0.0416342138261717,-0.110874959263191,-0.182007774648508,0.0067835422128234,0.0618884262158538,-0.0160329197848662,-0.197553098075971,-0.10403467814966,0.147669267449262,-0.0946450970918432,-0.0602701728766442,-0.213282957930381,-0.0737024735693365,-0.226646749933513,-0.0397812168433196,-0.102155797132101,0.0831255816397786,0.0796124442262067,-0.127271266923856,-0.0185473958596862,0.00246715975859085,-0.0761627498632869,0.10260286655924,0.0804475642928719,-0.0823799530909874,-0.110985208827588,-0.0472405284908022,-0.244179806450968,-0.0471358752890714,-0.237836825380756,-0.111723885039947,-0.141351766475357,0.0127321934789104,-0.00181522135079301,-0.0754278772388791,-0.262308749303416
2900,2,0.0804445007369243,0.00013493206220816,-0.0566077671473986,-0.0397474703963622,0.0799185281138172,-0.155115865369599,-0.0645308964841079,0.0582889931824344,0.177620743336913,-0.0899248224395683,0.108576525169279,-0.157164732914499,-0.0224864113101861,-0.156152401316208,-0.0506103397709577,-0.0190101186665752,-0.0855583356919936,0.036101210891494,0.00456931408827865,0.0318711325347583,-0.195122277861417,-0.22974532537682,0.0611436403645498,-0.131496022031085,-0.145322590568686,-0.132876536372781,0.0188508512214882,-0.0886696515529701,0.0635770560827872,-0.0871415646469041,0.10909435482915,-0.0154595303370244,-0.0960722318618822,-0.0384435349112168,-0.0499226410972206,-0.0567312831450988,0.102435070026799,0.00597411267070957,-0.134860774960159,-0.106139890425446,0.00176468975406541,-0.292802804299992,0.0144893031156775,0.00114187846097935,-0.0496289923106997,-0.208612427510584,-0.0276415232453099,0.192193699713407,-0.162378780947695,-0.316901585653828
3000,2,0.0644911770341032,0.0568221498267302,-0.185084780143191,0.0227947839540778,0.0856233187566265,-0.0970692582009753,-0.0832367221059143,0.121712602677628,0.046590286675671,-0.0693508502895032,0.227957451114286,0.101047116590952,-0.0995792056766387,-0.15373022170341,-0.00580577518811898,0.00110002179297086,-0.0756645624005944,0.0643058922446372,0.0429414025033045,0.121429161607723,-0.00533719038154423,-0.234488511525904,0.0164880408379727,-0.0362411885308351,-0.171055901765723,-0.135574503820076,0.011110509949948,-0.0683474626444959,-0.00347929159715518,-0.0742729554566693,0.156429443239081,0.202575413208597,-0.0389702168222751,-0.0773228210580885,-0.0317677068684639,-0.0751913188393007,0.0827709180055601,0.0881430067304456,-0.100881662519605,-0.0588915242108486,0.0337088555124591,-0.187724363867689,0.0288930355597358,0.103665657746216,-0.0869767179374674,-0.110295231758044,0.0030979418394797,0.198840302322931,-0.153772161505786,-0.315914758528447
3100,2,0.0928250643197963,-0.0834435254105306,-0.159475085958338,0.0341405873848758,0.0977929164313033,-0.0880788034388447,-0.0892136129277168,0.113296168770099,0.0956067268650399,-0.0784613003289689,0.138754542197362,0.0820830565634453,-0.0638731330697331,-0.174550958651179,0.137566811806059,0.00551711793997645,-0.141172361493953,0.0126569781383705,-0.0205761377445414,0.0114496769940537,-0.154685748401232,-0.219836449785675,-0.0352053440809098,-0.0319048998287859,-0.151014519859942,-0.234348962692025,-0.0569188480767164,-0.0617456347375188,0.108392508291669,-0.0733010472393266,0.139914050414782,0.143638967997676,-0.0478001898518968,-0.0754174721605934,0.0300766667551552,0.0621846813254031,0.00981417287643405,0.182282862000359,-0.156388420267707,-0.0127281152067729,-0.0174670385555713,-0.193838265243185,0.0358247415625718,-0.132554344246343,-0.102060567448024,-0.0888927232792362,-0.0210774532114938,0.0799822475469245,-0.010030657901472,-0.221147865029879
3200,2,0.181627342470637,0.00375313876717626,-0.158836669806646,0.0679882519836479,0.162813645518231,-0.146187618094131,0.056036640763457,0.0887127937379246,0.0833074897683994,-0.081929408320586,0.302372798397478,0.11003992483788,0.125310210712418,-0.239569659915135,0.141108958433781,-0.0769528956125921,-0.0164662457052743,-0.0188157705249817,-0.0145891926874738,0.068617787942168,-0.119024455239462,-0.15552409001806,0.0291205875272427,0.00336682576903247,-0.0913580871358792,-0.222190443542587,-0.118356426384062,-0.000336082894296985,0.0232555070117732,-0.0587985690852539,0.190740071254721,0.216417028503671,-0.0491713828793682,-0.00780981323208496,0.0837864505027305,0.166523482929797,-0.00474988451573577,0.080452750424508,-0.0964970417032522,-0.0323140512556206,0.0139137642178746,-0.0664858877167142,0.0701040739591433,-0.126396775153732,0.0032341950904306,-0.0872546170530921,-0.0183173260533624,0.0615626190613523,0.0435081857017037,-0.353265122641791
3300,2,0.167109363093104,0.0128960430499793,-0.119401762224238,0.0979481066565512,0.15222428814755,-0.128185854490878,0.00862851079876242,0.0204504489503293,0.122531305695468,-0.141980541290011,0.142369703910975,-0.00890467708842166,0.0997186890218973,-0.106525876201418,0.144743412955533,-0.05875074744658,0.0282357058787787,-0.0137928229791198,-0.0406734121431217,-0.0668746977036178,-0.113484051439274,-0.079110222248841,0.0419579080927858,0.0846162696532132,-0.0851512473054638,-0.120855417136811,-0.264340692259725,-0.0452906662501038,0.109122858211956,0.0359275824484692,-0.0351260710847281,0.138836207508423,-0.0583574494598971,-0.00217345094371102,0.0596103069554049,0.0827565778944089,0.105431274303263,-0.0858067704925965,-0.04259972931253,-0.119996026255001,0.0339620623138451,-0.077497824515585,0.137887443871276,-0.00139741291506934,-0.00527162796374814,-0.122644153235735,-0.0241967655405518,0.127851934593523,0.0705533302924569,-0.331345485110799
3400,2,0.0667915775126934,0.028538716517114,-0.0189094021473542,0.134825645486261,0.125153143051,-0.0899075817284027,-0.0314762989653309,-0.0471213367614395,0.188681869154884,-0.0663362784273441,0.0906299400561265,0.0107584150749857,0.0247172221955266,-0.143418166004622,0.0276281382577587,-0.044551947237741,-0.0510742104681895,0.0474701539887281,0.0457430097372311,-0.137837147053177,-0.0428396568753365,-0.158793024846777,0.0885780441344494,0.0509352816388247,-0.00274363433795927,-0.00975611516940195,-0.207904475672989,-0.05993067441041,0.0382120764216551,-0.0235265578972648,-0.0768403924095591,0.212005658820004,-0.0248452275586586,0.042028373613506,0.0681271008897117,0.123531887509423,-0.0979029239289094,-0.0864842586262564,-0.116616690350862,-0.0281050410285418,0.0384413358042706,0.0125121350922195,0.219402049141625,0.0892361600055588,-0.0881716028251641,-0.025285745008988,0.0540709173726205,0.00477313993295023,0.0947348271245209,-0.0845107033695542
3500,2,0.13254997333833,0.0965439659740984,-0.0707607105735589,0.179140519645446,0.0856286532076997,-0.0515210235429842,0.0236263094645791,-0.0230671007215089,0.252310439313862,-0.0228036292907122,0.280017371242795,0.0593682908358003,0.0368442514423058,0.000244458498429773,-0.172841482379236,0.0317426744223732,0.03529602354934,0.10739191346899,0.081649199698076,0.00911878295097207,0.168675506251012,-0.121026336419467,0.130251748409557,0.00811448563832362,0.207255360902816,0.0983537466721188,-0.0583337233170339,0.10306887073877,0.122646457008118,-0.00813071452243253,-0.088308821081676,0.236509388985146,-0.0879944525962633,0.026773711963684,0.0527416124233198,0.158428184193456,0.0394290145473284,0.110880595407287,0.165742745221164,0.115439536304037,0.0813060662344879,0.0831061795731984,0.21865900026496,0.200627149090953,-0.0178038684440214,0.0274409563858977,0.120424708972406,-0.0324826885506647,0.0473194089530089,0.0688157770154061
3600,2,0.16450333407949,0.0288674382762427,0.0775865898748379,0.104619534345367,0.0671746842475747,0.0299210316218427,-0.0455520712944651,0.0176975015765928,0.126566743312417,0.056244219609154,0.116339162311656,0.101631551194935,-0.0230693995457393,0.0282469894883424,-0.118474564006768,0.0127305757430912,0.112685366469022,0.0571604606776456,-0.0201726549824338,0.143863060415911,0.217314627145267,-0.264978635334493,0.129245859797139,0.0847087665349068,0.151716804193001,0.163016482141382,-0.0633062133886728,0.0355067898550884,-0.094518571698078,-0.00670545339585615,0.196082644757102,0.245245325332606,-0.0532409183759625,0.0579782462345212,-0.0439750479585275,0.12412971221824,0.124555847683835,0.322995466638628,0.141302839904942,-0.0485503040773135,0.0807315166609409,0.021841644280855,0.166235956448315,0.179592864527222,0.00790070077317045,0.0592768584641472,0.0864598589789171,-0.0105107257862656,0.0848846281108218,0.113946428396537
3700,2,0.168962411007891,-0.00551361665769246,0.209788075670889,0.11454115228616,0.0451862384632323,0.0863323350247917,-0.0344316571220372,0.0349747251191218,0.070539793497574,0.131658530524838,0.167908409155534,0.102523338195664,0.033742123843319,0.0275509112968063,-0.0244973890594615,0.0358670551541779,0.0599824951363274,0.0457555389286472,-0.105407430332701,0.177124586517442,0.216884717613233,-0.175948403348196,0.100684273456354,0.056655729458607,0.0870373955004717,0.113329160987411,-0.0741038520768792,0.016744795307731,-0.0483565123863025,0.0131995423390404,0.409266929042363,0.312264167549227,-0.00839362898376939,0.0213845021788885,0.0493058353110559,0.165852812853081,0.0870592141242509,0.285330385242674,0.172170091959011,-0.0673381708645411,-0.006704587956603,0.154691227949996,0.177176352097835,0.302509202765384,0.0728739609107009,0.0543520968371795,0.0466567981035544,-8.54334459002015e-05,0.0101052112006571,-0.0181798385162403
3800,2,0.197162286686737,0.034793823658406,0.084705978667353,0.153449056347865,0.0860935281989555,0.0692568368677221,-0.0561564646670429,0.0527458384883537,0.0606246388646411,0.107572660343098,0.19250608097275,0.116524007786549,0.0938897911484545,-0.0313326025655562,0.0212854019161633,0.020930590226933,0.138088361882115,0.0796570294987793,-0.0987349076479415,0.170630454596297,0.351961725094673,-0.150468319161188,0.0748456742287053,0.050916694618812,0.122294807965021,0.302500589533559,0.0762141009896468,0.0420255097613678,-0.0293888730647892,0.0417572891079764,0.285837094315112,0.306170346568387,0.0239462994575571,0.0605160806965043,0.0639214252770502,0.166587038320871,0.0285806408894836,0.282052115310215,0.277372486916828,0.061334165826161,-0.00946107329349444,0.268656752522534,0.283437927375175,0.0753823010337041,0.0607556684521052,0.0556382467751849,0.0493976780969871,-0.073579825039599,0.0123728737741953,-0.204658422262748
3900,2,0.332159847182858,0.0102608021404998,0.0418759085505497,0.200317323965318,0.075598597477411,0.0593597863514864,0.00975979270059418,0.023171280856509,0.216359502080134,0.113439991922877,0.0729678311392722,0.117655466492481,0.101740213930061,0.0805338251768222,0.0364286398102062,0.0477551254910118,0.178654810811673,0.187836377263129,0.0631959023970916,0.0800434754958105,0.152908352151154,0.0517837611065527,0.0728303828960992,0.185191435024966,-0.0550670138083967,0.26725907516088,0.154685612880645,0.0272308308395254,-0.0775363842461526,0.11592152213344,0.0100220443747858,0.277838362245874,0.0259993200745047,0.0212218065014141,0.0819223538564467,0.128729096298366,0.0509485309437864,0.229300937290408,0.235055752398806,0.0522936668075717,0.0290231268568081,0.151671861243589,0.316143866914259,0.0414497337766188,0.0655308712330267,0.0963208656842298,0.0843552111495851,0.0833757151723806,-0.0363839005148096,-0.140714012140844
4000,2,0.223936463085237,0.0127798064612073,0.0787370985622397,0.0971278677462032,0.0182809850335288,0.164216304049142,0.0376451727317091,0.0767484464899915,0.0928389407175964,0.00121045776103423,0.0887854321446287,0.143666119903408,0.0618418275492829,0.0570750670428015,-0.044998395374556,-0.00223427723517211,0.110126869217669,0.0977621865212958,0.132333702459775,0.0766196193625682,-0.00798308148249716,-0.0503875080965132,0.00894925026840743,0.115535498685408,-0.0323893813428526,0.151934905567193,0.137849534534284,0.0574486872167513,-0.120486082882085,0.0649333608701052,-0.271379205710972,0.36574753752394,0.0472867182593644,0.0106000005962939,-0.0675799539981252,0.116332156100569,0.0679273059482991,0.195416356306635,0.201174479519286,0.110183415877075,0.102752592904039,0.0790714940882015,0.3067980739998,-0.0558126385837235,0.0221752764674732,0.153049655610301,0.102291244834153,0.0412415935904284,-0.038650730372337,-0.0358474409194756
4100,2,0.228893250606667,-0.0235868251709664,-0.0268150247729647,0.114169795398589,-0.0197164582213668,0.0397749428916332,0.0807354295017412,0.118190244217091,0.263771930385775,0.0926064149026414,0.153790079026692,0.0418112239953362,0.112925017950223,0.112130617898729,0.00617569501983473,0.0625449683005292,0.0365890249655949,-0.0528932019337813,0.171084497956199,-0.022589171178716,-0.0399493891258116,0.0431069228635954,-0.00890484043385492,0.125223228640908,0.015466665321915,0.12624199827548,0.212094064397906,0.0635528703707978,-0.0590800240026573,0.0476045725107167,-0.295679733178295,0.28236277822046,0.0716505978195555,-0.05555162639834,0.0109162332817731,0.158413136918097,0.133911976853483,0.203876054513371,0.212333970422073,0.0469117667124415,0.0541975251555582,0.109631441445519,0.336664757693348,-0.00917674917722927,-0.0676484776401746,0.186509050302306,0.137661126688961,0.0822059756688938,-0.0368883158414743,-0.0165559087377191
4200,2,0.212618507322288,-0.0352976496733846,0.0502773186782456,0.165986288132036,-0.0579859033999124,0.0631399760236102,0.0195979652424156,0.0785870881095423,0.151089822227042,0.0598888438764408,0.254437403676177,0.128070840699521,0.0719133175734728,-0.111093663101284,0.0865921242635621,0.0538191330522293,0.0488052767986505,-0.061724756258578,0.15282005158583,-0.0198554094944771,-0.0367827405159915,-0.0107155227909555,-0.0256751611199707,0.155355770748757,-0.0467847141685611,0.0122296033526175,0.241101390813182,-0.0531142101532512,0.0157973867957483,0.00811642988211803,-0.351652624679909,0.203742333923111,0.0107641109553368,0.0435403949024351,0.0437799933617526,0.185305288259079,0.329465062978702,0.140718988915981,0.177653704296847,0.0200503429123111,0.108261295284094,0.219694043084595,0.287893980935657,0.0461086444100794,-0.0481037041256449,0.245239982311503,0.138519306119819,0.12121375154327,0.0178043996751697,0.10286306598931
4300,2,0.286760977666938,-0.106623987036141,0.0063039833735099,0.123291603038699,0.0071618863111641,0.129678311702529,0.155395672613819,0.155585663550251,0.22074980206208,0.119375424735137,0.211105331398985,0.0847788719614676,0.233400061850183,-0.113486525520385,0.122813873287367,0.0807347142834918,0.0565259825964701,-0.0293381984208846,0.198283689297019,0.0205702328733129,-0.0560926578837018,-0.0509858556261667,0.00857233529031692,0.0533980628134894,0.0336432118100108,0.0314246105202237,0.211098916673563,-0.0374827255331177,-0.11264689150241,0.144905607973466,-0.172818447206221,0.188955939314806,-0.174864079625084,0.0931984466044063,0.0302334228721177,0.217346872961987,0.38027930655422,0.0571419855300495,0.126573954066762,-0.0180383995552436,0.0989457004151374,0.238862375274621,0.229814661352504,-0.104881216853259,-0.0191144980642973,0.225950617295762,0.120688808839541,0.0349526083953745,0.0115877653208622,0.115270783332428
4400,2,0.265734449782387,-0.0726229399526685,-0.0665236407309553,0.0506762275760704,-0.00116169764543755,0.0173645500026739,0.232131715928082,0.15629529005336,0.382605994685733,0.038319233530321,0.118517985356782,0.0623058058754037,0.321272984536812,-0.0456080686790936,0.268627959161158,0.0423319288222859,0.0422214199258481,-0.069811690860935,0.188254739853498,-0.0603918377028307,0.0497684251642675,0.0834110298864568,0.0853286551001986,0.0790292957668655,0.04981954742199,0.0772991172030482,0.223077792202434,0.0404146064083341,-0.155062783454705,0.100995306114956,-0.0758681150434458,0.0688296470447017,-0.0977237862438519,0.0450027199736454,0.0616472754383106,0.229725756445668,0.465156208362032,0.0274226003330435,0.250480999285017,-0.0248243336499611,0.0953498381113725,0.191764124326631,0.200839589368717,-0.0824452945519146,-0.00379099280125611,0.220945970208886,0.05752317728708,-0.0914650064827978,0.067872371227938,0.0278795157958601
4500,2,0.222381530849757,-0.0414782859771625,-0.0251154566877629,0.0561074060097755,0.0143092283926451,0.0221760294712984,0.303422372111434,0.0600789789995171,0.400031232961982,0.0219726912587705,0.060085254046147,0.0660150909961542,0.190005576401698,-0.00693811671689212,0.0843592055850868,0.066716946634702,0.0653589487510973,-0.0588005525982795,0.180562406570984,-0.0195787488474226,0.0538254078822398,0.0601739034037333,0.0922586569683692,0.0182487683442014,0.0854441784159229,0.0628356387436832,0.167541329447599,0.159631097456339,-0.228233109301103,0.0752624354325589,-0.0679796469484517,0.087207805379519,-0.122526723694017,0.0748559951166174,0.0232038619447418,0.115366543932904,0.341537695505923,0.0998028820359838,0.192712281936871,0.018233547682894,0.074885528863248,0.0583890514584522,0.356223968646243,-0.0519289102677499,0.0329935405611779,0.168895270386855,0.111847927652124,-0.0510895132150112,0.111214649064396,-0.0875315763547201
4600,2,0.225455574076863,0.0381942622043815,-0.0214574060452262,0.121394142631084,0.0753621820157629,0.0681161230269977,0.24358697483092,0.0450096058084153,0.292458115350844,0.108387590729347,-0.0605307462987392,0.106958042555729,0.18248234451472,-0.144273220156537,-0.00723579924807771,0.159859462699341,0.091544626017015,0.0210787244979926,0.238485960366291,-0.0038686829836701,0.0229839614225405,0.10180020628294,0.0498570235898261,-0.101409289751388,0.0934320069815471,0.0997624471260941,0.188798426883272,0.131558179136365,0.12634596671547,0.06479288622054,0.161034014531472,0.0265228362133268,-0.0561351958646697,0.158846543243688,-0.084230183814521,0.172203790086763,0.234058145451507,0.141794974056929,0.252553966657093,0.0278560117141422,0.0729091161901351,-0.090082560726227,0.232815418670178,0.0877386540869668,0.0646331747599672,0.121506816918501,0.0819367085792922,-0.00366916523780805,0.079083311090475,-0.0702657627091621
4700,2,0.182592122181505,0.0296427941825805,0.0737097716534029,0.163612452647432,0.0501509342928307,0.129842243529102,0.268191356756478,-0.0860902406573597,0.244274826445363,0.134017123338217,-0.0717272804980132,0.155066705582567,0.223226114779475,-0.205388923872273,0.011742463079176,0.103754617934572,0.12154480628448,0.0555065571219268,0.195945367888279,0.145167798252453,-0.0513897303211244,-0.0138679606263408,-0.0861918774185806,-0.127864916367593,0.0816991685231205,0.0573120969242549,0.0576238700679872,0.193775484537166,0.00449519322420441,0.0887313032029973,0.208339463751312,0.059528822555342,-0.0198326783339322,0.142091408461362,-0.0681219413866009,0.196810794324842,0.227819491797226,0.154479291419582,0.153361136446741,0.0271031932308506,0.0252012932526244,-0.0513747786070991,0.0320225240021832,0.0862609710511695,0.042400872532081,0.104395242497394,0.113376386570282,0.0550475276597922,0.0226231037267679,-0.0593284261601049
4800,2,0.20846694406286,-0.0442841381980233,0.1077641283888,0.18455620550927,0.069495983872002,0.186586344066439,0.303244025072189,-0.00384003941749672,0.266501247356033,0.0346625850319321,-0.0496772325969362,0.0911353220696402,0.324000218611884,-0.132043761525758,-0.0551089086573963,0.0615372078535297,0.143164128065791,0.0723663628866779,0.16470854661093,0.136070500464074,-0.100545024710137,0.0324384432950361,-0.0158932938068988,0.0109076527009029,0.0769739702614834,0.0575401268177302,-0.0555543686895981,0.265816316625148,0.121797256229584,0.123734730495936,0.248963837171056,-0.0040146502922693,0.0887535375777695,0.104320751500444,0.0416361199384607,0.224031818715364,0.217173862623905,0.157252220667835,0.206471626285034,0.0783400487823679,0.00491814578150662,0.259897519552573,-0.0509734077890567,-0.0220610426489833,0.104844441255004,0.0642680457689171,0.111409359721221,0.17423070238783,0.038685240161683,-0.221483740504254
4900,2,0.179809317431032,-0.0197116473077787,0.168234268035141,0.141407374369438,0.0842091021778851,0.166359501262475,0.108640588905043,0.0928176276179535,0.22120111484831,-0.0554850930104047,0.0589234192587127,0.0509428074808725,0.342332996660323,-0.203057842967418,-0.00561029763832588,0.00592235898049409,0.122738949697886,0.0366595961831598,0.14012060673254,0.150493056481879,-0.0817834065091765,0.0443304794346964,0.0351522468182024,0.0749349912878322,0.0104311478449222,0.137162045711123,-0.0302747561881623,0.212921784296759,0.0295322174144032,0.0630689384497406,0.14844088382291,0.00781440538482517,0.0919669415533387,0.0635736917524417,0.105144232238958,0.224146863228765,0.257635188206664,0.140691633901434,0.185538862355324,0.0647616212452049,-0.0365727860664656,0.215153836004863,-0.117147295498578,-0.00311515168985915,0.110947311405746,0.109482865016596,0.135689052196918,0.181605611332891,0.0827321203050211,-0.194342317890669
5000,2,0.183206736092648,-0.0595775617283289,0.135960792301552,0.128667147090658,0.058742293228254,0.191356781531315,0.0944260437649858,0.0574528675939524,0.237774697669546,-0.0501023924490267,0.117413449182895,-0.000933379788384953,0.246837974599008,-0.145082032106959,0.288944468127588,0.0612252396212323,0.106843922773636,0.0680410513017337,0.129443498897841,0.158438045980255,-0.114592595147574,0.0428952322015285,0.0642019024202686,0.096691666089275,0.0759753392415724,0.173388910241143,0.0406919995792924,0.134928180152941,0.0300623892371677,-0.0564235442563848,0.235279810680465,0.0626112403883867,0.0321355888895885,0.0233159384113122,0.0829412622175391,0.160514352696719,0.344597399746041,0.137795713813984,0.241136287517143,0.174461570068583,-0.0165344893617931,0.341661027484403,-0.0834792474326032,0.0702383901280292,0.177501148384548,0.0924799263882575,0.116229797538482,0.227476119231907,0.104490688774826,0.101506395083632
5100,2,0.0558676643967088,-0.0776698095229875,0.128822637456042,0.103032992483548,0.0364265356589726,0.23999016747736,0.112581126464988,0.0161022361275475,0.269570425237048,0.0829875904354848,-0.16547227394155,0.0655690994234969,0.0369579991053108,-0.153641852096223,0.358914912743692,0.0712073928499494,0.138812798855226,0.0488380555576235,0.168769602994255,0.205704405877257,-0.0836679494294644,-0.035784772295379,0.0727848517408576,0.116014579420128,0.130028420454255,0.130327311062462,0.131287801368209,0.17424639407889,0.0477401310019414,0.0173750523683384,0.195001682361658,0.0482073541966099,-0.0111341628552955,0.0269664614146768,0.176815980660852,0.171148444788595,0.299056225237501,0.13217290558077,0.252475241516497,0.154900185018894,0.0440197005191159,0.235033947090683,-0.0499309500071174,0.140743545322241,0.179441249090546,0.115781806696197,0.075935507556021,0.0854117917608046,0.104460359098826,0.133934067423798
5200,2,0.127291305626747,0.0221323564734585,0.220920938656528,0.104327499881396,0.16046047153252,0.229517060050686,0.193777576419908,0.0609359027818907,0.145239659273059,0.147738402153735,-0.172924470528963,0.149496204416149,0.0739657336749754,-0.117148909786068,0.21938304533653,0.0383261192221954,0.114247946765491,0.144071756616877,0.148113876604467,0.148834848261862,-0.0517613346792335,0.0275991569567885,0.130578810448998,0.116890445134005,0.154623762557066,0.128348300735532,0.131531000474645,0.206595479865364,-0.0363505305906096,-0.0212037412867587,0.136589861735704,0.00383212125243484,-0.0195091181564392,-0.00337466436660033,0.171483687396524,0.144972450722598,0.343385842055962,0.00437683570615427,0.257301806132287,0.0944826268333659,0.0401438640765704,0.136103518146287,-0.0456563960177606,0.300822429199828,0.146264016036815,0.0703861688413084,0.0638745407447402,-0.00423469874916901,0.101581046506563,0.295814168616251
5300,2,0.138076401869475,-0.0280450219307809,0.143073258947011,0.10239215535745,0.114729268376694,0.176831558365553,0.133990209347562,-0.0176599088477935,0.0953435874041051,0.0266489966614339,-0.132460080016643,-0.0282409908481319,0.0887510819226025,0.0528874500799237,0.205486392901243,0.103501362992269,0.0469458615131338,0.0400531484906671,0.150835054238284,0.156489698132695,0.0040885179546658,0.020948799670177,0.147579434312516,0.108330875427744,0.261345640490192,0.152486804854995,0.0968245458623331,0.258222730301565,0.118906195156303,0.00308506091802696,0.181850696579659,0.204247609064309,0.106598888960383,0.00897969817258693,0.144109187869994,0.210146037756924,0.204433221913922,0.0133508577372761,0.202330495375803,0.120823701969056,0.0881282319959475,0.197756210155616,0.022489300311212,0.278133633243961,0.177970729317911,0.088607257468501,0.0526846323940519,-0.0381854262004684,0.127110976052895,0.299011895946862
5400,2,0.111420411221288,0.0611163119880067,0.168530650396737,0.0709201246000258,0.0503663596259789,0.10965976334393,0.118598272451009,-0.0777027200272816,0.181577890427114,0.0269892053069696,-0.171461966741454,-0.0755597907702832,-0.0325625981669018,0.143175057176941,0.24401476533812,0.141710876976993,0.1094458285345,0.0464555373447112,0.139236902706068,0.155382529755228,0.00594737956969488,0.0157084973066686,0.210643823230669,0.0590956418875825,0.184830876081205,0.188351316705378,0.166876295623465,0.16734655999738,0.206060593054884,-0.0629479061913043,0.137949246340026,0.19126757051685,0.0714626801355447,-0.0187009025742432,0.109258478836622,0.330206786196281,0.161633147645755,0.0460290633387602,0.196064162099643,0.160637564345532,0.0404113960632448,0.12293794662863,0.1580935204817,0.357306682600938,0.166275357009443,0.156377163788428,0.113184101845651,0.102691892872367,0.107076100223188,0.00616995538534559
5500,2,0.0920606485593023,-0.0184790494578526,0.15705339291117,0.0942313640206067,0.0916689625268436,0.0763531278138063,0.13015220876067,0.00291907049502443,0.0933452322798464,0.0715004832144284,-0.216007520975605,-0.0300527851901191,0.0625660197494565,0.0253282081933408,0.261997419452359,0.0960828112637062,0.149489969401303,0.0469949584417377,0.0860592999408381,0.120107981598143,-0.0935201330934855,0.0858141122984817,0.195367769482174,0.116840633304128,0.232278934738743,0.14954280760936,0.271952111503135,0.173160380057772,0.321504654846986,-0.118963609810442,0.138125954322393,0.138838512043756,0.0979283880518615,0.0353067987346075,0.230698830875245,0.216288992325169,0.118390699869071,-0.0327619261280306,0.132380007133299,0.14327005208489,0.0378764177528692,0.235080028727091,0.213122991417012,0.273694248943812,0.162380955833662,0.146517885612401,0.150094335673283,0.261197459086262,0.0504544732174912,-0.0171032388453508
5600,2,0.15691685716073,0.090263807265343,0.274115244526095,0.12478051350299,0.0977557444616937,0.113645012203512,0.0947003531887856,0.0896310544972476,-0.00908006889996926,0.0882205236443588,0.0345990255751908,-0.0241553772661291,0.0250628571630426,0.0734987612747805,0.225024483465782,0.114201281875206,0.0518959111395406,0.0946818021057436,0.0565917945374239,0.173285653581791,-0.0515992336605973,0.0864423505000751,0.212837659165765,0.11711569902945,0.106531435267964,0.0988959957678384,0.165578150172075,0.152792643107172,0.783077766012911,-0.0412720595495889,0.147768201952352,0.278818772219781,0.089923211839843,-0.019496253646838,0.284641199041852,0.188890274609234,0.0801664083477714,-0.0715420418841957,0.0995543013674035,0.109832671269215,0.0648162214386437,0.181557571245613,0.26836708999885,0.277365933981757,0.145660697912906,0.038658175640949,0.140244746676357,0.273963577509537,0.0579125909569517,0.107778300184621
5700,2,0.154950089225932,0.101664876075685,0.263820716723354,0.112773896308465,0.0687015385043298,0.111086806595891,0.0658037670003084,0.00503751705096006,0.0752909227692499,0.0872967406479508,0.171273541079857,0.0210588013547134,-0.0667262111773616,0.0737706980381207,0.236025937053153,0.151617680465583,0.0368987582501907,0.0584805410724942,0.0307115483749716,0.257349565753266,0.0866998924297843,0.192044317866346,0.148827259391846,0.145852637647137,0.0897185129909897,0.0693887415406702,0.0487533913339158,0.0745373851430553,0.572060822448454,0.0522795072200063,0.25729320377294,0.234941402752878,0.205295930667652,-0.029077378794607,0.128581492242998,0.146081169597382,0.0851510921939127,-0.0718606842642611,0.0650135901175452,0.200211126830221,0.094677555562989,0.173450396015867,0.134793299495247,0.406894975768053,0.232296786237994,-0.0778526647473444,0.124998310025233,0.174053450920529,0.0773196415285652,0.200008102050346
5800,2,0.240740038442789,0.0334149181792778,0.259954043178064,0.0936723772635048,-0.0378945896067864,-0.0382060330406409,0.115395250189876,-9.13257140167656e-05,0.0798691820184935,0.049648245739672,0.132175151234256,-0.000133712605915132,-0.0886149361827075,0.239865183223943,0.168452844392682,0.162931120082865,0.107392991337984,0.0240571399027857,0.0361736939691882,0.275258870820861,0.134699101589179,0.191420554049323,0.159772493850066,0.167247958910688,0.095481596385767,-0.0625336332690579,0.0337484335388862,-0.0639541762254516,0.419593435251179,0.151656424369073,0.418681758720597,0.025558204493922,0.195078290289669,0.0317164405747144,0.095374947461139,0.238327189611159,-0.0126300871429632,-0.0980232924655848,-0.0251787399450309,0.360214832234998,0.135458757233124,0.327687733626134,0.192853445567792,0.258830655020901,0.259747463598979,0.0325036776543072,0.0610979169645279,0.146076031869044,0.123215877470857,0.273856175736625
5900,2,0.160695862469386,0.0630567438389895,0.328006311292816,0.102409616121703,0.00320396117755872,0.060198590585659,0.0668794683890963,0.146974147830226,0.031604635583315,0.108578031803821,0.0364553536591827,0.01818915243939,0.0199010907764097,0.269126802642355,0.097261209895085,0.180675850293873,0.137079240214332,-0.115153779149735,0.0439735053347318,0.176910698802745,-0.0163261405851239,0.0848107542688681,0.142790211457061,0.112048301367059,0.101176300598214,0.0481190943237524,0.122708120787211,-0.023436780976272,0.509099165645364,0.0869610332244438,0.451422952778659,-0.0171344201826668,0.217379667068233,0.0311976492803362,0.14394603195225,0.209989647867523,0.158483342345185,0.0586935659149551,-0.0757473588520391,0.1908692142495,0.108588815020906,0.179760005169478,0.352055212382209,0.22307992364817,0.232518871044435,-0.0249125985420882,0.0318158987459812,-0.00480799915973337,0.223595376184394,0.166024819528909
6000,2,0.0886240009316573,0.125902231098884,0.230211558673143,0.145996557098806,0.0163024640317094,0.207929983839196,0.114552759895784,0.0919682025055235,0.177597998113418,0.113523625781485,0.160666049567322,0.0422004287956463,0.0046910220322795,0.212284714203612,0.0658906356262532,0.177584771336214,0.0773092458998337,0.00614514925280907,0.110866506698726,0.123400068931834,0.058532007162455,0.0326533937123917,0.145386171725151,0.121237990561161,0.287290914596293,0.0393902214913832,0.0544791369707412,0.0857988529975396,0.40716551068065,0.0605853874372434,0.417456640946822,0.00939370503536804,0.204715515725745,0.120761015899472,0.274712814797984,0.132089602811407,-0.0388488783669533,0.238478442227485,-0.0640917038944718,0.171166289074514,0.114062682497071,0.169939660802313,0.181939433172962,0.0392602687949065,0.192917271098399,-0.0354471036633325,-0.0341651277410515,-0.0197284048951202,0.218883890140164,0.244858560635278
6100,2,0.0325716345962539,0.143204738293444,0.342319720429322,0.164774747221203,-0.0376031365328327,0.193181335799722,0.10874477873468,0.0706916967929322,-0.103846510852729,0.0797459831276954,0.306650826317021,0.0690514866019127,-0.149025967198264,0.0698537879044125,0.221541684011421,0.151486335246666,0.169453474080751,0.0629712646071963,0.191452011405679,0.0795984105262972,-0.190122694549028,0.129995073019591,0.13407559766282,0.130616537784709,0.214423617436791,-0.0183953001008122,-0.00760347571235387,0.13596958107863,0.521006343534686,0.0301920199988583,0.387871502118041,0.0738779523471715,0.0661533762388585,0.0725276326499414,0.315544684461103,0.0981482501280687,-0.0522184936094789,0.185378710916084,-0.0842289938615763,0.165750950856025,0.0214821880597706,0.259131038668979,0.148637659608992,-0.0112520440077032,0.0868806142909195,0.0403383359708931,-0.0378987489422439,-0.0392111288886368,0.160484259356805,0.0813474691981659
6200,2,0.0849393823090455,0.117963007557577,0.295911652154094,0.125841401270179,0.0260405057019839,0.135568898970314,0.141103766101853,-0.016131034184707,-0.134435986726229,0.018442511908595,0.283710060020249,0.19401969253433,-0.166890962528065,0.117721729754828,0.274444258958508,0.106254124045033,0.175432153215405,0.128376010710324,0.171799451482593,0.158210237759823,-0.0699860090356035,0.164483201798566,0.0976762512671432,0.185888658693672,0.272622713166136,0.0398134305056825,-0.0385332830338203,0.109424258504043,0.632315926810496,0.0236814408909982,0.185947947899691,0.14350757606569,0.0692314347400455,0.0538334696664295,0.328960240100968,0.0912440308325697,0.0072551183433881,0.165309292084241,-0.0493180738196303,0.0960383939828305,0.0515851503782228,0.269290998091873,0.16428345901788,-0.0784022348204423,0.105039043630311,0.0878563424001289,-0.021589812446318,0.0116540394625562,0.137693457347145,0.0516092530198357
6300,2,0.0454465169405096,0.0714883407358156,0.201528482677866,0.145917417692316,0.132219011769123,0.0288656190476304,0.214860585263825,0.149422350078897,-0.131646951087406,0.157328570174812,0.26727850705514,0.17189145035459,-0.174498238292711,0.10926348667138,0.257873388481802,0.172656307392358,0.151517848811304,0.15920775604427,0.144105188745236,0.154249866324637,0.0559971032099892,0.234234730461733,0.0441756512014536,0.0611491234565827,0.206057964038592,0.0689497266954425,0.0529135951204247,0.0683586984387512,0.620065672042172,0.0670551384515922,0.122196469398944,0.154665837587622,0.0215398616822994,0.0441361970970968,0.282755959627885,0.124907210137334,-0.0272303167013053,0.231212180654336,0.0378569552839778,0.204527838504311,0.0148182928938182,0.210552197289927,-0.0829836928327195,-0.116638513427012,0.150178225036105,0.0698417570075979,-0.0465330096490853,0.10454141319133,0.138757405086048,-0.0446007794649956
6400,2,0.0821279263405024,0.103653405210014,0.175002872026968,0.259665240496014,0.120791104877761,0.0132829294873807,0.212747802724534,0.185923142937625,0.0186903871585094,0.150911558594451,0.267438466420165,0.111014695115624,-0.0816662491056082,0.143994365905843,0.338994516142067,0.208965579850292,0.159676869462426,0.197467014957249,0.0486059214934355,0.262885043981043,0.0216920679709751,0.226382326880357,0.146530101793932,0.10645471314776,0.156102730994688,-0.00284688986578591,-0.0338394923786283,0.0748837418190783,0.570393161959243,0.112794446430135,-0.0519173337933708,-0.018133522012613,0.118747543696371,0.0565882740600885,0.251521081297859,0.166328252398266,0.133123230209662,0.139840086372626,0.113247843736803,0.149899467949855,0.0135442401885687,0.330233328492256,0.111627742976155,-0.0810483286320657,0.209834826321794,-0.0497989900386388,-0.0219259507424051,0.169780179306709,0.171438874333646,-0.00419132134405131
6500,2,0.140136228317955,0.128818225989485,0.110797652489737,0.287778427710494,0.24876610172295,-0.0576434788311518,0.238728812738003,0.14292632377553,-0.0443787990559623,0.144627360008281,0.268821900098656,0.0947865054284547,-0.0379645612384311,0.147563742269551,0.269701067710165,0.211546833534018,0.13785936096213,0.165846985765114,0.0671816067209138,0.150909146145461,-0.0212435740994779,0.218742210457398,0.191862949501589,0.165013118006294,0.170454066102049,0.0179967915591643,0.0863401671277098,-0.0596594521534349,0.433890551939259,0.153506499027482,0.00919449663233396,0.0547595841328756,0.180468895489327,0.0679887051451797,0.106451406324665,0.208544059551048,0.130286963304395,0.0660652649622052,0.275821285972151,0.194324387817439,-0.0143257245965779,0.285973224455611,0.00334822081492703,0.0533915556869222,0.15954220446529,-0.0525737091105894,0.0535172507000982,0.0369951695206904,0.164566809273216,-0.0112818298609021
6600,2,0.191053561233059,0.100958318637917,0.13351293175575,0.247364284150299,0.115373682265816,-0.0218699776650257,0.255395103654162,0.220565812052654,-0.0507983947932196,0.17104982033517,0.173198325326311,0.0652775083018286,0.10380782398458,0.108283283428328,0.203199929949908,0.164152648810983,0.112430041455148,0.160397628065758,0.180584851835041,0.10092330531602,0.108657758607263,0.190966145603941,0.149609541354038,0.0989309326536266,0.143797514069298,0.0905214011777895,0.0380815060342739,0.0535553775681583,0.477720790224367,0.0997663699655207,0.199968981376356,0.0776138980840453,0.0852333271528095,0.0431225360757973,0.0453117828919758,0.190427862559137,0.0771815923176301,0.0767476839002025,0.134886741129495,0.167272711175602,-0.0377179816240878,0.341863430609791,-0.0441305992536362,0.124721533523225,0.177300798219858,-0.00645120089637591,0.106376172124014,0.180565498982651,0.191239869732199,0.0605075372136288
6700,2,0.136198107405224,0.0433881154237606,0.276709881801697,0.274542200048351,0.134263007142313,-0.0584221030163731,0.210356738005529,0.143623885255732,0.0244091323017718,0.163130749095126,0.0828023486933943,0.018686206702718,0.223396176015845,0.208520109560948,0.345872315788893,0.0828899612245868,0.099069075162832,0.162559130571201,0.216187968124197,0.145789938574785,0.29164210644363,0.102828959352514,0.106975751057469,0.176902827750403,0.228810485892797,0.111535636418188,-0.00478712582990559,0.155521144214544,0.623687336439993,0.0849448198190755,0.338533430182407,0.103179340814911,0.283845456141202,0.194883579724407,-0.00015614342654513,0.121907948441333,0.0164665559014154,0.151289765074202,0.253150810061894,-0.0385927974256021,0.00111962577233538,0.268732027549944,0.0711088907537901,0.119482005446617,0.00775940414929721,0.0440151060918189,0.0850095376327331,0.146378162268123,0.150679484530305,0.170953558197953
6800,2,0.022950770578706,0.0958223110224379,0.334401096018382,0.196185981508905,0.14288855616455,0.00855700444750757,0.0329470120868993,0.138739502425338,0.0455279495361616,0.0868220827760827,-0.0212354840984568,-0.00197959451117521,0.24945230040131,-0.00213514344020074,0.289321687334736,0.063523346286273,0.142260361387117,0.110857370577787,0.176943873042151,0.0393271738000193,0.209407145296233,0.202645105353918,0.153575188899025,0.21132766308281,0.172442689334894,0.153982038312985,-0.0184111319413235,0.128223741109753,0.575455997816882,0.12367845728968,0.187805657257235,0.0177665163406899,0.222768179586394,0.201318386485223,-0.0601573690372422,0.0835962423379778,0.0928258650365456,0.139627187703032,0.290326813855938,-0.00238583698780098,0.0141841239315762,0.130740655861891,0.218127855035596,0.183203184468106,0.0700023453713015,0.0761774499646746,0.0209684701969271,0.346364078163191,0.214496510668375,0.187281051178032
6900,2,0.0435412551370485,0.0141842075772074,0.242792325480236,0.138086158607146,0.0776343045812377,0.128451443327932,0.0296614867877958,0.124278419425155,0.0730584749690174,0.104872545095224,0.0403729851906576,-0.0814565530053971,0.278288921204157,0.102826594229411,0.0474473743227593,0.136015463090599,0.156381577862903,0.11578991722169,0.185022736186185,0.174608326400921,0.229403725590533,0.133722928901096,0.192940646825241,0.147223927564826,0.144114461172401,0.115161763869198,-0.0106900501407747,0.0445214853217888,0.562269225944935,0.153716563954849,0.116863832406393,0.0328192193610811,0.261032719362269,0.138428527172844,-0.00942863208554862,0.0678905165773424,0.0821924727938674,0.0448456151320395,0.295593429342816,0.100185864703719,0.0628759616181583,0.171928803872485,0.130194353800404,0.300864123036058,0.0924620930388829,0.128820464265717,-0.0167199833442596,0.399484386315109,0.0696677210443503,0.145436259088381
7000,2,0.024067661851275,0.0933629068115731,0.24244730932326,0.142982607674188,0.0941328110234966,0.163754529770171,0.129876726711416,0.118251943090755,0.0305501282805416,0.0573942217221122,0.0588661293315119,-0.0113351131887382,0.330835396819683,0.301200159565206,-0.0699673855981223,0.0938095202946424,0.107993613138113,0.145491414464789,0.178927743409408,0.205446978442063,0.294251590638309,0.238043940386816,0.184527849572104,0.116887557815108,0.180173779984909,0.166898482125851,-0.0106224666915486,-0.0415529670052135,0.522075355067968,0.148900168300552,0.194533279535834,0.105171232519498,0.185678235284904,0.184362561045155,0.0346155125375349,0.105119448711805,0.122131879501076,0.0716517094820796,0.222923585377321,0.168709255134682,0.10489570839949,0.336090415231047,0.14372955595529,0.134645648902808,0.0833883999789843,0.154012119627678,0.0405025828242004,0.427167239392965,0.0467251033815851,0.295484474300679
7100,2,0.143637461325581,0.0953556909904923,0.154909796548668,0.139283316468452,0.0772413304004015,0.152824417731485,0.104991766484059,0.16089183441,0.174816773900547,0.102525890276416,0.102533610750211,0.110877385595341,0.316836702630463,0.198837851087278,-0.0629127133268725,0.0812416669397512,0.13392820296427,0.154986303174439,0.0747600198891079,0.140088613080057,0.150510162817307,0.300703514318206,0.158984509840358,0.181307305153964,0.189930788850676,0.195152721609774,-0.0770484902201148,-0.00300464177585946,0.430463224507789,0.19146905701156,0.326534619050343,0.0741481171077162,0.225822802109535,0.247353039559852,0.0289489868565028,0.0788895130789673,0.0988369025238267,0.225017960504395,0.133959156772085,0.27544747474176,0.133144115862519,0.359128854039769,0.159973717479979,0.211947194148559,0.133337240312537,0.170729349880742,0.141747610774885,0.409775162612213,0.0759269140046649,0.287157566343158
7200,2,0.0953319707016642,0.19177086543536,0.173202838390182,0.143162707886185,0.0976746817439763,0.0814117955523002,0.128498578396894,0.117973106514816,0.13969429705327,0.136001656242513,0.112912865404197,0.141942205987046,0.20619685177079,0.110370161943422,0.197384465785985,0.0592024110391607,0.208541491236995,0.102021533805941,0.0314692503096599,0.13687927444408,0.20289935373277,0.330470752872464,0.142442966130823,0.205953865472929,0.3441996883328,0.193591325415074,-0.107262072972253,0.106049446657958,0.31542946741119,0.261152415032348,0.386794614943985,-0.00246058041883532,0.233002408344204,0.208834472823289,0.118112432566816,0.183423834816589,0.0765532986657956,0.266082738294853,0.120228649506837,0.280500829049492,0.180985458060701,0.427524355414114,-0.00494949371033204,0.241437656798515,0.18721195663823,0.145341880759767,0.165626818968679,0.330474537649644,0.0767641601368977,0.149520418847111
7300,2,0.160374729085513,0.192987797480689,0.118692968513492,0.12438410180158,0.0692682444198313,0.0128046931100453,0.126526038594773,0.038127341831888,0.168868718092595,0.097282975657127,0.125602153371807,0.212426852374462,0.263394824292246,0.201277320589915,0.294312208379399,0.102052912391883,0.188835640256054,0.218303631212538,0.0769577427962101,0.251259769358124,0.193982765645682,0.34026708475868,0.118622667200552,0.151747639372875,0.234051979803854,0.183117919767732,-0.217833897674374,0.159742461035775,0.287891173259856,0.211014665576506,0.327405089791755,-0.125801054045631,0.211307430012106,0.159436043938366,0.073983355661513,-0.000304314756619017,0.133875252716449,0.237927127242976,0.254314323821269,0.296655251762907,0.1960003510239,0.45550701354588,0.125907788675357,0.34344247984328,0.158458945315499,0.203426640518824,0.187158038411527,0.206888717404884,0.0497671811526237,-0.0987230783843938
7400,2,0.183894328450898,0.221740491769493,0.129689152139387,0.0582678847019811,0.11257910514912,0.0789441827991546,0.211377314301595,-0.0616360300770559,0.211789050116757,0.12667952190202,0.139902546705252,0.0732151967948073,0.0767002404781111,0.158673180803404,0.204466305932223,0.135326636190083,0.179421999164547,0.26513129892505,0.0208095567399811,0.196436585358131,0.276669713314233,0.274816061773827,0.230979624658858,0.213289778367553,0.241192537994827,0.214530723339014,-0.207404587853233,0.0816309869084414,0.342490805081202,0.311649897700352,0.466663655137885,0.00106775020972566,0.0833884964336865,0.0901256056110756,0.0803868639739893,-0.0225584616825069,0.148848728230013,0.210706425339519,0.184706754058349,0.291308918962833,0.109863662175063,0.292284385327293,0.14398687079335,0.296994053320299,0.101337835040337,0.286166975799227,0.240651872936048,0.315563646527761,0.0758229965083791,-0.0396606915933468
7500,2,0.2035480308283,0.251635946711587,0.103794862255604,0.0765743919266006,0.152340011198003,0.0772118235700672,0.258291622651243,0.0319748654261698,0.216561676452006,0.155836318392025,0.226134505456175,0.0602514746122582,0.0338742861808326,0.0794216350386943,0.0630415764010848,0.142034897857553,0.221289367878576,0.260356008574052,0.0651344899090874,0.230400973130393,0.368052741626214,0.35262508758446,0.161893639431187,0.143850946519961,0.240943653268062,0.215893203100127,-0.120676387134819,0.0025850334469627,0.42442145922136,0.254943385571247,0.489439968313925,0.0416417653142002,0.0663977238524815,0.127146229474067,0.146467132649406,0.0464751110844178,0.100145204640552,0.102218771800164,0.180839678114519,0.289381816653908,0.156438692174034,0.302647823542971,0.0876338266582479,0.319118151789276,0.0872445437941501,0.293189536803434,0.294172636255252,0.296416714557458,0.134689267182845,-0.0360498076833593
7600,2,0.193903340252994,0.181252260462993,-0.0682208921091005,-0.00627674079544893,0.128334050847786,0.131370017806753,0.156613913791074,0.0769227059546879,0.16513739289594,0.0171957348103756,0.285663885536433,0.120427682993774,-0.0335501850536915,0.136029400006241,0.00911355265966263,0.134002805287438,0.202653609535391,0.246934361397084,0.068186853417168,0.155603549669185,0.203505937445436,0.321247471410523,0.145786127271408,0.109869270174404,0.244364503166443,0.257788482179358,-0.00250290536366404,0.211237878763402,0.425463486269013,0.22602387516097,0.642197843066681,0.0547417268783384,0.138151995841484,0.125900828947143,0.17644722279425,0.0568750878369845,0.143054223142011,0.0709682959383336,0.176396071044378,0.28228824976869,0.0919751618183588,0.289217633175385,-0.00746358197106406,0.206666905622767,0.117654679647904,0.268961291939078,0.258274301880663,0.240337788269019,0.0776093111527243,0.410640538905993
7700,2,0.20761907142616,0.135129078219211,-0.00274302249487185,-0.0499855144464404,0.0667736223026045,0.246074230297193,0.0214538794544479,0.100564868170293,0.153190803018836,0.02654254320109,0.325561896105743,0.183989227292097,0.0678042509510101,0.169556187750778,0.0874824767482837,0.13001321173282,0.110732711534427,0.170932914479614,0.00219521962685354,0.128717485650439,0.332572760707919,0.321431313915373,0.114676625559966,0.151417327268399,0.0986929774477514,0.135825832929921,-0.0284206712515226,0.183379675628169,0.516371025331139,0.218914076776202,0.441252412462946,0.0338444432971836,0.294748410499908,0.0913906328053846,0.127738883240446,0.142918498443067,0.127482461997364,0.00226520050591034,0.113887117752711,0.263424475303887,0.210728856787578,-0.0168477101217731,0.109156126736322,0.322122033127604,0.124227216347722,0.331392367066354,0.237250259014191,0.143008939005098,0.134353883561352,0.222100738488537
7800,2,0.265847262780537,0.195399660994716,0.0987360939813152,0.0233205055500419,0.120950720293473,0.352624458110614,0.0425453072126966,0.163952723950447,0.169687931117859,0.0906566293454,0.225787406802863,0.267593809590318,0.0148078651302586,0.0904753052311859,0.0271517966343982,0.212412352582864,0.163804550514641,0.1282720116479,0.0448388874911467,0.176247902765082,0.355197690317349,0.188727065068461,0.0551815778922152,0.177070777773874,0.0915509136843431,0.265097892655862,-0.0728244897857628,0.165767472376465,0.379095958477469,0.162210632879826,0.44479430687341,0.117124689600861,0.196695478878236,0.0820662180779667,0.0991882008442004,0.110782572950257,0.018523184193561,0.193961751342457,0.064293182457052,0.191948068618352,0.198384527720538,-0.141185285778553,-0.0105711792736304,0.336206605053186,0.0574657052778927,0.156035434854994,0.240783972625942,0.0915822335857683,0.126532489480719,0.208923364229881
7900,2,0.130867198025328,0.0772115424088227,0.00743220533767724,-0.0186261865262948,0.0821972569748352,0.346044666502822,-0.0256443651753985,0.052382356302566,0.0641941939186899,0.159267627099592,0.245603696653941,0.318212389522723,0.192725755773398,0.0286505978981205,-0.00666633082791168,0.16048280341908,0.10179820348959,0.0821349736953022,0.000262176867186381,0.167787070402795,0.342138178326777,0.0958941573067802,0.08950107570466,0.114292975225761,0.116458676322504,0.21681032626176,-0.0369536406298423,-0.0129026837127409,0.311414156664853,0.132542992529071,0.418055675612986,0.0592282747794817,0.180487109444073,0.0411513926094535,0.065938859527935,0.0919643665359759,0.0382278093153111,0.0871515493221042,0.106919061073257,0.119596634872908,0.107693148674594,-0.144831774025477,-0.163353620505887,0.0555616435023748,0.0872702573264634,0.174451115588198,0.161384923217435,0.0583324804048102,0.151513186452181,0.179336197391947
8000,2,0.142355356589481,0.162471118580511,0.0677091421879215,-0.0168007956509092,0.110531907301873,0.251187344345893,-0.142333420310645,0.0382815743926471,-0.0139000626745766,0.0845715522368233,0.283408491387262,0.306809575478483,0.165428681174067,0.0340949413720473,0.122858500631184,0.167315672857226,0.0687050323463281,0.0756624132383298,-0.0164469525009656,0.00445501254157127,0.155192426648764,0.238107323804378,0.149503523750475,0.0933254273842889,0.0662059092633763,0.109630109575485,0.0597794641220846,-0.0526048236622806,0.400241627755355,0.154213451298265,0.566545775325957,0.0684921878223167,0.31790739010906,0.0509477608484569,0.0522958712982596,0.134956048865428,0.0746640350034883,0.192435642573638,0.168825406231977,0.213362222951683,0.0607512271556365,0.138532896608708,-0.19800136531446,0.0820606625277502,0.112638746985176,0.0861039510230673,0.0615424242884949,0.114158399801961,0.125303495529704,0.169732921418735
8100,2,0.203403807755997,0.160920935200106,0.175039887117296,0.0275833050191012,0.143492612296966,0.145126163091807,-0.195162982334331,0.0472701260311949,-0.054922713498935,0.150982608501689,0.163180282638451,0.208593330177906,0.216724029017726,0.106896025105724,0.0904451466852628,0.109507845211157,0.0308140135840836,0.140552412967055,0.100000024062411,0.0155559061597012,0.155275194233713,0.239531184519158,0.0975032440865576,0.000176238535290252,0.101757189394976,0.132059584500044,0.119563104239819,-0.0485238175876109,0.550521809564995,0.070551998056816,0.340112271238843,0.0656190152051919,0.209630875629712,0.10441837853996,-0.0195197242366172,0.205082817164963,0.0303245304809669,0.102341118454284,0.0198113333103315,0.24310295850993,0.0830136939721068,0.176396311792961,-0.198788963563379,0.177502499392655,0.150907389864803,0.0798345777910426,0.0698043031312502,0.267439066020669,0.129140173535579,0.307781125295674
8200,2,0.170961381636144,0.132768323903172,0.229203287572562,-0.0421848724211835,0.15603798275036,0.0560822796332944,0.0253290864315062,0.085533671004929,0.0675244187489885,0.169624434405469,0.368300492697656,0.180148279704372,0.153512503934219,0.215557331677202,0.01233168634495,0.0247568403812842,0.0277811632379121,0.137181486665207,0.108787309455493,0.178963145261315,0.00113620940612358,0.300400149615116,0.105937536543117,-0.0125572652916954,0.0845616254996416,0.1849922985831,0.15031522752109,0.015537700564874,0.346924322388103,-0.0232319417845901,0.314225865846575,0.0707172915220187,0.242229476004451,0.0276860650227894,0.0514075025546705,0.116662665103084,0.0568160466605486,0.0882653683900352,0.12948730845205,0.244146555959021,0.107774308972379,0.137361499313005,0.048884932719193,0.0821924393350444,0.163714646023767,0.117752670550681,0.127056309950791,0.327005952017403,0.139253383064838,0.133482921599044
8300,2,0.187547080358932,0.0344270339932338,0.366895176117468,0.0524600027329164,0.191432392761265,0.0579761557756469,-0.0321658844797817,0.171647837072043,-0.021915592475286,0.211437986999956,0.529597876728116,0.282765890162598,0.0812848491048073,0.279190125674474,0.114041450265468,0.00214069023910346,0.00872685331337575,0.10075822162475,0.121108807665519,0.164235090871315,0.189337268363959,0.296851799027548,0.122943337626166,0.0675750681986161,0.149720555112246,0.123349625742431,0.129564846840983,0.0789674737098466,0.15763480986797,0.0734621013400583,0.339786242338723,0.11678180556493,0.238766985288834,0.0684655841683646,0.144820996931051,0.21116406610789,0.139900233392143,0.186152419343506,0.106696836040269,0.283899115654073,0.170570058565445,0.169215804136703,0.155515076717608,0.0581730590547911,0.20219826034067,0.110765380885666,0.0624143478049553,0.236196169156703,0.183712800553247,0.140867352536643
8400,2,0.208134692084878,0.102755753447044,0.286375405077874,-0.0505474908287776,0.188578669044751,0.181207402706632,0.098277846961441,0.205936867458957,0.058708507390127,0.160954684003815,0.438493678623176,0.33018888304153,0.177108218230338,0.287802087073874,0.122025892101974,0.0290530183143271,0.0586202662515191,0.13829457818805,0.171074685627524,0.223158135436485,0.317810816879122,0.16886173401631,0.136891798671628,0.142386719964196,0.185782709508647,0.215596441744987,0.0470577933477765,0.148295805683824,0.0300431679778454,0.0919734871802309,0.244386711476173,0.102252571944888,0.274894607969519,-0.0150834567913337,0.214750898299345,0.308824174673204,-0.0179868265659392,0.111787379281042,0.213901489778848,0.335805426909459,0.17794488378625,0.175300901539945,0.0793288434038139,0.0778675883235213,0.134135744961638,0.173724999938588,0.0557995494651922,0.179603500955244,0.175492949539089,0.322228283565046
8500,2,0.172296525439993,0.200719586805951,0.260857404020534,-0.0217273447341485,0.199359169631526,0.185603859536566,0.195426760514421,0.155628781991358,0.0965323903874791,0.0554776192231111,0.502064706288296,0.287096422746927,0.184617218002428,0.382679018421598,0.293241766894635,0.0918768175892785,0.155325256109016,0.142697136182595,0.103755323270834,0.270590986454871,0.238887947623771,0.22810470933022,0.0901597066541501,0.10749192697243,0.226250033242297,0.24901578091742,0.0994361117245575,0.284316536648249,0.0485464441529883,0.249468969972127,0.252338677980988,0.0519209251419949,0.179364557352914,0.011342212458652,0.297457477728597,0.30646832196627,0.042125884317544,-0.119129676822599,0.140801874400079,0.268341283876205,0.168466281966955,0.217764605952513,-0.0199095368109787,0.127777545012371,0.0207926282203697,0.203037473668627,0.0990570994484586,0.129085328031981,0.153632794463259,0.232894109960204
8600,2,0.144490742849101,0.094595838830802,0.0883886061677329,-0.0142546860532894,0.153938211507814,0.160833844166562,0.141449126486621,0.0385207360515762,0.0645954689950106,0.0513910116883741,0.493569950868058,0.290296222106557,0.150816040413589,0.308107897473787,-0.00244833217721774,0.0487990742813083,0.240906930231209,0.0966812640110175,0.174061499331731,0.258651480439055,0.375616286502683,0.388829018177318,0.107629069274539,0.120792703804024,0.209090462105367,0.215126679801632,0.0416141656515495,0.0601876325973044,0.0517019849859554,0.17892575594753,0.298549184390882,0.0781405293580147,0.24034370186496,0.0523908777911968,0.209884335611021,0.256862754274999,-0.043064159975487,-0.123842642404602,0.073048400832695,0.256915044188921,0.135197099284906,0.188512890211747,0.0354411969554636,0.142851693608317,0.038277378648343,-0.0453783974182039,0.11981743964357,0.0333032219925066,0.18833665012878,0.213987632937671
8700,2,0.115050911936806,0.0743654291185693,0.0565833928856287,0.0218685805582212,0.174087817933955,0.165319616211374,0.0373214256281031,-0.038056760251729,0.0926966375007676,0.025142742118226,0.53441086923905,0.341309293735723,0.102130667892766,0.400725419920986,0.00805500902394873,-0.00908752003130742,0.217767522384635,-0.0136214853570238,0.197242111620648,0.254144740160215,0.24955418320718,0.0890644407896627,0.0952108398417886,0.160500351311554,0.12487243850892,0.166106668723765,0.0186833066131685,0.177213119878461,-0.0456959843872586,0.24088138258506,0.131106800203655,0.167812534350765,0.278676983970979,0.0942707096523022,0.298766453734977,0.220401726775988,-0.0177958060988725,-0.0410814514504356,-0.0084309827382279,0.25588139869134,0.163130855906531,0.154305181839914,-0.0629669956892706,0.0879378477540689,0.0247240983427471,0.0794014430718429,0.138851070276876,0.233099033524861,0.152986168711765,0.277941737212165
8800,2,0.0574662855118511,0.0564240913456465,0.0651730174544005,0.0895173759216965,0.134029089306047,0.152158812449699,0.0238564794315839,0.0375241495217069,0.143801721838919,0.0759701966064753,0.539680729875301,0.234576999734539,0.187132986518385,0.311383511811042,-0.0597694402448922,-0.0193455978973982,0.22116501343211,0.0785806472878775,0.175189591532342,0.156624250825173,0.500275136231845,0.00475691001335793,0.0611297985646831,0.250594600803993,0.0864603380555004,0.175932430136513,0.106840386501068,0.221455971067568,0.0530571792641971,0.0975324309779003,0.236803957925341,0.16137893401436,0.291863787298572,0.115798690407898,0.254425309577998,0.112228984815667,-0.0525605087635602,-0.0121400949862373,0.152652028567835,0.260861414679946,0.168135342121357,0.138500655223041,-0.024840464859462,0.168770457326511,0.0978887169252876,0.163340162541634,0.15963703625949,0.252311952420794,0.0839723102226782,0.226565477003109
8900,2,0.0509254670360906,0.09836704022271,0.0875745624149385,0.139885123726944,0.137415818783193,0.290294662375966,0.105508021436889,0.0828872705566543,0.116011120267185,-0.0201744837786327,0.303019804841759,0.145049524187378,0.322126231910714,0.206366841454827,-0.0952322779094429,0.0847984249081761,0.197166473414214,0.124962654951945,0.089206720811238,0.154137366774175,0.4915524057997,0.0113038997469637,0.101162774372678,0.186064262976749,0.0753482820841754,0.153694213121468,0.119100179348398,0.199536754551783,0.174220696260742,0.127917016373537,0.200076818275363,0.110096008154166,0.283457672132655,0.0908188310465387,0.249622214231619,0.169475955385674,-0.0117501078420622,0.0688474230107767,0.140253653904603,0.226475300640633,0.186620948070646,0.242340472151382,0.0070409692252576,0.191181282205867,0.0838445146812113,0.156742327026483,0.157868251388765,0.201454382693511,0.0459500418603216,0.0536059446624036
9000,2,0.054898468319571,0.0401435188578639,0.10641511052769,0.183659203311859,0.0961715930299608,0.29685363957351,0.276902003475014,0.131164454467736,-0.00374354767587809,-0.0167422635705082,0.155114660025265,0.0821894472751996,0.247374490184935,0.38475460105955,-0.183859948483797,0.0263042138737669,0.211080989247865,0.241315888101479,0.155103661965431,0.00522845788241422,0.350759140336944,0.0693627206571789,0.0422829348385899,-0.0292694056262505,0.146594364192448,0.0266240280071839,0.0938987549361618,0.243457451977874,-0.0350241147585886,0.172035821345225,0.329409752747718,0.178556974493281,0.371169127637749,0.117757424462508,0.248413116516314,0.112242871126662,0.107883166348809,0.181347410362092,0.0754050296128054,0.223046117260168,0.170468911483207,0.261054276103629,0.0506784242771665,0.0566332973376258,0.0540100397883521,0.17814918269195,0.195643136043934,0.112464285127509,0.101445289146222,0.10041436825284
9100,2,0.0197065959405803,0.0368686344558369,0.0755273112945505,0.119414244132231,0.0208292967349566,0.299839862494371,0.26969372788131,0.137457718595958,0.00138285953148182,0.127067498968987,0.228621720137338,0.0692657463894586,0.131702683273012,0.446546893090549,-0.000617925352830562,0.0523879659372514,0.108844026030399,0.235126273552082,0.255518799663413,0.0704023764892972,0.304749158732223,0.11357475936153,-0.0221240389658663,-0.0319333954788169,0.132540062093701,-0.0388402617250614,0.239412377375908,0.254310213881191,0.0330859899181679,0.33300145301777,0.20087728775395,0.34620649027387,0.262601192992911,0.120095424926273,0.217657243074959,0.15677508307525,-0.0768853055343177,0.19097563998417,0.109225052743976,0.231856528882027,0.151346713940131,0.389329680403278,0.16437250974936,0.22635312417932,0.0276816123911557,0.0207956008768567,0.156798012424809,-0.0296629965321667,0.112418685826554,0.383532530585572
9200,2,-0.024503222397812,0.0826878306161689,-0.0929884176339185,0.0517916794552604,0.0178945096554916,0.25701752205329,0.167241485404867,0.0719681029622601,0.0747258212974479,0.169370326375167,0.144194217544854,0.019314258256776,0.131011660120617,0.512556928893797,-0.142709966040827,0.0916697828806065,0.170651277844447,0.262933000434607,0.190110896631606,0.0514954481345609,0.262802755632278,0.16496699139079,-0.0248278865293545,-0.00462613976655557,0.143104254588735,0.0320856363160024,0.192619489125937,0.132015858175809,-0.038927232218405,0.233695530201938,0.072777939159184,0.280796965550092,0.19294781413424,0.203656953560007,0.249009933483131,0.134835392454942,-0.021702829714021,-0.00385134382119995,0.120999373036927,0.146053862085441,0.156307575888232,0.356144059924717,0.106243801845307,0.214324802333437,0.0709663260634142,0.0318591231329445,0.0992489840192959,5.50515953820496e-06,0.130256488194679,0.325127838783329
9300,2,-0.0352733788951461,0.116713779596261,0.0155140383884698,0.000506223185145593,0.0909392673055137,0.262769041022679,0.00855800086619019,-0.0354813066254832,0.0041107872598436,0.0659920383496264,0.101020336925447,-0.00111081664120341,0.0652959906182883,0.374353505169796,-0.00740703306467339,0.0942390270073438,0.136666259002125,0.175485104424327,0.150260300999378,0.021958049430968,0.168512151414605,0.226982058874675,-0.0144788799117874,0.036879370504572,0.0638629059695726,0.137986203224831,0.168569336985041,0.126103733338237,0.106366578863149,0.22662870472711,-0.0648843954205497,0.191659727069321,0.123153390147023,0.181694274899863,0.138936499214856,0.132722210482244,-0.0539212635028345,-0.0419314023604908,0.0661797999897027,0.190903257451255,0.168785433954904,0.25829197544548,0.0760822862368965,0.129917644223172,0.0647635515159001,0.0220744798925395,0.151755361432214,-0.00214569198572837,0.119211751804295,0.442347298266749
9400,2,0.102371588619818,0.124438314918656,0.119021633156908,0.0237846848238057,0.0941308464308525,0.213967967938897,0.0469690065792797,0.0273436418646671,-0.0343473468264935,0.0276814709951527,0.260039607932437,0.0762344182117776,0.104561262204804,0.291532387599638,0.124915917018456,0.0930577007677335,0.0867011843741604,0.255120790469758,0.164249548772448,0.053785774574046,0.136691980391379,0.145787102655986,-0.0440505993357543,0.0990833925707406,0.170511713696342,0.184668027356837,0.196042690046642,0.0786739604426733,0.25787230351654,0.180398723596664,0.206689393701157,0.0992969598286431,0.142106797079117,0.161084742497028,0.207137720065493,0.0432846693134764,0.0079965105961437,0.144444943421405,0.0562580486771786,0.146484623785082,0.101090240467047,0.0964696822239806,0.113036682988756,0.262666431825905,0.0303779978047823,0.182717375466293,0.0987174577727806,0.0320224037654043,0.0444075786592942,0.452520369792173
9500,2,0.0641167775743927,0.128431654077551,0.253669967300241,-0.0438935966633637,0.0558334332481674,0.250535644146545,0.0999565589727764,-0.0178761065793914,0.0245593555571983,0.0499124332970179,0.088336025049684,0.133861454506799,0.0982920604121909,0.0236994171365684,0.194894510609814,0.116073037190577,0.00635576095580975,0.194431442431791,0.204862446534991,0.0855020820344175,0.225644682272432,0.292864799322269,-0.0613988752492043,0.179180372471771,0.225728982905578,0.144197357905669,0.278419562699963,0.0629660318609716,0.0516862496362568,0.186172257976169,0.285548709570212,0.12274863223821,0.112284837841234,0.214278380364924,0.14415546507903,0.0534242688272876,0.053918694020296,0.17940898193942,0.196121925008473,0.0670532439530809,0.11644879270612,0.109998198342623,0.0454188297648497,0.308855933538759,0.133568917387838,0.253615349300973,0.0926061602528137,0.0672741009292422,-0.0173668955957,0.3657328984413
9600,2,0.139593199042599,0.173218961439923,0.316131884912519,-0.0729897256205963,0.0172295158385989,0.265395890590537,0.0194319134152195,0.0668991956581209,-0.0780995555997437,-0.0225315080416754,0.075813504922713,0.069437838211892,0.139034664736932,0.180871904023921,0.148068493643693,0.0668426440630298,9.07532291907764e-05,0.190290479557059,0.231163735072914,0.0324670695486318,0.180169106830995,0.284704713940122,-0.0786538510607145,0.132759760131361,0.196984275212867,0.121832691431957,0.265368750065662,0.110331231385017,-0.043645759834624,0.133009314833782,0.399438378469114,0.186374153141294,0.137089241816443,0.137962760106755,0.173725828184775,0.153143227023675,0.123624501954907,0.166871595612747,0.105670860067911,-0.0309655492444272,0.0431214601625279,0.266931473083743,0.265188095784688,0.295501905652147,0.0971743345769958,0.21787271859765,0.0850411915140056,-0.00241074079394224,-0.0128010105599503,0.449650417704469
9700,2,0.0919626570188731,0.182988073481227,0.315939974991938,-0.0952688278008987,-0.0500230604258874,0.281877133849239,0.0109241527206943,0.0390900691589073,0.0136978197509849,-0.0243707847544471,0.00185533570867302,0.0827977952531751,0.173128663652715,0.149388334358288,0.217522124273274,0.0946620228016546,-0.00204503480750423,0.153100292065554,0.167968924393996,0.00597580817752696,0.220168430437482,0.201986045640545,0.00239894270593366,0.169269262161905,0.262456542686486,0.18175396288353,0.268135976878346,0.0717256192994907,0.0017385398302964,0.0917008567385518,0.323513128452571,0.216453435090858,0.103632659229134,0.17564297207801,0.1701800420225,0.133848129330691,0.170776827441728,0.155501193287065,0.13163419565914,0.067339952867023,0.125067419760384,0.103603758783571,0.265337234830573,0.171989495302702,0.132464228559089,0.223088863415221,0.0638910042413706,0.0966856901599423,-0.0681149104828571,0.549910142398942
9800,2,0.0563977156057274,0.146423732726155,0.261079052904617,0.0524720344402658,-0.110608112126863,0.252823827760804,-0.0638839602685314,-0.0242230222360996,0.0639739212530589,-0.0708185512782274,-0.0159321746211707,-0.0254315012558189,0.163051390351357,0.223156461289033,0.119682754595227,0.0376866228084065,-0.0136229893408147,0.196675210076839,0.146468952440539,-0.00160382403086973,0.179683416346546,0.272267550663783,0.086038088627727,0.0689662222979861,0.196464963122257,0.132075376053761,0.221600802073558,0.194231599697597,0.118785259399659,0.208599848992248,0.342627830276239,0.155435963473713,-0.020986111036465,0.118062561716961,0.116529653404997,0.0544833874369789,0.0504106774897396,0.0205693394531706,0.222901634873206,0.0925711287619817,0.110595850096717,0.0962470082514775,0.163593123846431,0.129175665276344,0.160584745017521,0.242687173481677,-0.0103246794586848,0.0714482745910173,-0.0849031126861261,0.500030845995615
9900,2,0.0141548862456856,0.122544447393498,0.205300599509371,0.0581173144277382,-0.0690410061648333,0.176608018006696,-0.0750040009297633,-0.0505434417090949,-0.0240769154237574,-0.0906089922480831,0.057401450203891,-0.0450555721827875,0.152587407676321,0.0859104495384198,0.120591707366667,0.0789587985671997,-0.00797520935362284,0.178211656560849,0.143197597146906,0.00599787363332532,0.166743681033856,0.222908411482891,0.0925854180128574,0.102192478051143,0.107796429331843,0.120914607139048,0.271782763846787,0.125833721459192,0.146282557761348,0.190600037901116,0.287293335555372,0.104825145777829,0.0386529434698148,0.180145183103252,0.0549848652050649,0.0263344038242294,-0.0804059594763158,0.0890934357094313,0.186684445158416,0.141846336100969,0.186910745485641,0.284741347726346,0.167727008796124,0.00513889079627394,0.107855054370041,0.0338738471535507,0.0754505194289758,0.0874386284875412,-0.016340200024735,0.40981032035216
10000,2,-0.0484881113948101,0.0862911799075102,0.250149990344428,-0.0105250028861896,-0.0124881817653901,0.191632925372312,-0.068028821756246,0.0253909628677995,0.213794322753573,-0.150553748912858,0.0228247426042098,0.0332592145308679,0.0626316207940197,0.0468866105127263,0.153012733789778,0.0114566222838132,-0.0418617847340692,0.209308785908816,-0.00691319634739673,0.0882691232869084,0.158204467336223,0.170039947647599,0.171439359966683,0.093178200795821,0.152993999402925,0.155541315441037,0.173099057214806,0.0278218708725539,0.249427917801367,0.206631201003647,0.32657357645197,0.104956592831228,0.159682874333236,0.189141750582267,0.0328541448570369,-0.00123168921563271,-0.0329834967894637,0.0789750851795897,0.17883369306296,0.134272308244315,0.143026256507725,0.234520886383062,0.17124673211809,0.0252069973908701,0.0912315216081431,0.0149024443096024,0.114956526817714,0.102596473076088,0.0329885891842478,0.397272429632185
10100,2,-0.080173749613049,0.139414467788487,0.312073709731482,0.00662395960296758,0.0240021473508616,0.166588694866514,-0.0331431531297425,-0.0408065112119195,0.270206290978111,-0.137357719579498,0.0100302214009305,0.128846698164847,0.0659775766749007,0.139218406356624,0.0792855445172208,-0.00199557190147359,-0.0157828426950872,0.172180286604512,0.0411115915786467,0.174839036394904,0.126915359508911,0.21894381897581,0.16916505027101,0.129261028719968,0.0960457622498437,0.140143660686647,0.0855341751186958,0.179110198514253,0.274816957848791,0.181824085706078,0.288577295695364,0.107362340050984,0.186062034137427,0.128052443241157,0.130853999357023,-0.0607646292770995,-0.0589308979644391,0.245392459298839,0.269910753025771,0.188967035454351,0.153424751690162,0.238165372935562,0.110166690416266,0.0421005837360974,0.155102247160759,-0.0252893275618147,0.186801123151252,0.154617255028237,0.0319202200486697,0.393401603591908
10200,2,-0.111099768200322,0.196336566048278,0.303840847382082,0.0811050813960207,-0.0345579727048536,0.147838736281439,-0.0754239174990758,-0.00602066244855198,0.33928877963541,-0.105174959342459,0.0718148253163907,0.0497507893634544,0.0572525533621507,0.21490558033019,0.169393418152407,0.00684721748815043,0.0688832391292692,0.147024211162221,0.0370151000917244,0.209660566756412,0.0229093567928607,0.185074642631801,0.109006146663831,0.0712626095324861,0.173918608401275,0.181702807389781,0.0736536635247531,0.10435919428414,0.210960683607766,0.0698773934450591,0.243135484908968,0.126615135350289,0.18989837972562,0.0970579577047336,0.144189325951285,-0.0359124042181193,0.0966298779190056,0.308264013374078,0.422754502345053,0.142450891233029,0.143513267298106,0.341085861997728,0.229383303725888,0.112154444549271,0.108204680209155,-0.0143964568811871,0.139228601658563,0.220264030567739,0.041974182049142,0.200085495838007
10300,2,-0.0291603456347031,0.0850680201530538,0.325582663401495,0.0777681158458263,0.0023954294354222,0.0953764338105667,0.0455504564726532,0.074781352187497,0.321932008850587,-0.0134839044299393,0.122289192821337,0.0768180683947625,0.0831611555645011,0.268062057410857,0.309277668232157,0.020470683692155,0.11571270143053,0.0235960791763573,0.0663698626687695,0.197913103976437,0.132404717562731,0.110222873467942,0.134302664532329,0.0323314663560348,0.2244007303587,0.153755288736483,0.0889932477247867,0.110729254809143,0.114455364502059,-0.0292084702351831,0.16466135712323,0.0565692947750179,0.15425738734114,0.0404514991799088,0.123986634286755,-0.00122794651746705,0.26487668644451,0.292857113029634,0.423370570768028,0.0860412677744372,0.12413128279689,0.389020660349649,0.189502198785305,-0.0538827309994624,0.0857072919897766,0.0360842567997283,0.123789642263381,0.185933132842883,0.110939764854025,0.27059533243042
10400,2,-0.120837452871095,0.0604056871699228,0.333129823682955,0.0478879511045335,0.0425895804374516,0.0298681115229456,0.0215761862056659,0.160390089970964,0.197187054860018,0.00973012520188321,0.0198258482483532,0.18200608483765,0.0766629767543122,0.314155233647439,0.339999495298977,0.115814269618636,0.113950650418454,0.0664409194374284,0.0576825623482633,0.202094914763877,0.0451598626886526,0.132582474176951,0.19072477797298,0.0249214662888875,0.209003784827682,0.069089731333987,0.0536979836084389,0.148023741127993,0.112611264770158,0.0494682729721779,0.142513599475721,0.00580359580030773,0.17114469098985,-0.034477735738062,0.00578477691744855,-0.00750995518586445,0.242095713550985,0.268355560035742,0.226699414163711,-0.032195148786691,0.0997918524696897,0.388540753298656,0.0918336274727334,0.117003843570763,0.103280634563675,0.00307809957880323,0.133603362754126,0.0487968692335196,0.148991488891258,0.23337972128574
10500,2,-0.15104804278764,0.0514336628789204,0.338708837411693,0.0745228425982044,0.0533289020190731,0.0451668366884677,-0.0721336229763241,0.130151423584944,0.108823929433794,0.0864670111178043,-0.0477648460863422,0.132775955251984,0.201879080673614,0.330285969750264,0.235572966399188,0.124895111278069,0.162719377981318,0.0129331587588543,0.104283039980825,0.115098401514607,-0.0554709212565216,0.0602063213743106,0.164208859640881,-0.0798073224709317,0.103784252265921,-0.0273755830303879,-0.0145303222764389,0.0594532637982024,0.0973557067201743,0.010261136908324,-0.0125140801616661,0.0929139867143144,0.181872373704468,0.0061451762042572,-0.0122071844936452,-0.0343823093653549,0.241798365785382,0.0535698772872411,0.28616418888332,0.0245321824661469,0.0986591507732468,0.209757017267938,0.0700841352292031,-0.0239128359489695,0.190585946327739,0.0166569930482622,0.0993258021674081,-0.146482679168514,0.17427474898746,0.367608207824919
10600,2,-0.145066537931092,0.0453632324255566,0.388567313833906,0.140402971089268,0.0884853008390197,-0.01490576303566,-0.0147316987728295,0.0320793417093244,0.0944571287260182,0.111718488600442,0.0338352930199867,0.148139903165391,0.0791346035828013,0.251914888986984,0.0924200228440897,0.129976302329099,0.145952226362201,-0.0380380259682116,0.0244418108655817,0.0200230510083438,0.0503516644738609,0.125929281379694,0.094210667003844,-0.108421828905368,0.115904218797411,0.00948593261236602,0.118458863934762,0.139637197322003,-0.0377876207962295,0.0285292229455866,-0.152132034014564,0.0810675919307535,0.146026011247647,0.0646740711839126,0.0729116771030434,0.0423624929450593,0.162180534449042,0.0805458697576701,0.205480932687678,0.0284377466491138,0.0580100100108021,0.213557586866024,0.0781744778212875,-0.0770675519924107,0.17012951887557,0.0625955379733748,0.0351531537377508,-0.0948816532052435,0.139887521490243,0.414494363314808
10700,2,-0.153188899919164,0.0476071951492548,0.364307781112492,0.108448565863422,0.0232214030641794,0.017445936720568,0.0511395530014409,0.0881898160254203,0.0688922996444163,0.0545579532012469,0.0103034042141426,0.232249399341296,0.0433505421159909,0.227016156703423,0.0258366216134357,0.119519175310498,0.107689464761811,0.0372530151651239,-0.00912255205798079,-0.0334124143558551,0.0415399461491057,0.156970961198746,0.0457084627808359,-0.00505627830731964,0.0976825684677867,-0.0170538178416811,0.115973807651484,0.111863398286223,-0.284328571644717,0.0685876059162346,-0.103470238799795,0.0926489853936019,0.00702421654925933,0.0756790415898067,0.0624660543847423,-0.0570369038106854,0.1053230799862,0.137881141846641,0.304001925735751,0.0395004987075677,0.0575803330928629,-0.00510096609201388,0.0521888027061206,-0.085182992679104,0.214310512759408,0.0792201303185974,-0.00680050553629596,0.000426371458470937,0.13237789465298,0.238134957058104
10800,2,-0.143222022493718,0.0322205830711245,0.374812969100702,0.0808531141812047,0.0286309429329664,0.00540265871715778,0.0913955223243649,0.120881408544923,0.0909159682342598,0.0384342727950869,-0.0489956098646691,0.16606815712514,-0.00813288038075316,0.116508005856371,-0.0754668548795145,0.0783635398856607,0.054716067602082,0.0258354361575939,0.0117175024745803,0.0528750849179007,-0.0324468996062882,0.154051011666747,0.0389888453230775,-0.0339720921702288,0.181945211176668,0.00412819159853595,0.203550170816903,0.104550230551483,-0.0166257099094624,0.103239334813198,0.147157791344506,0.0193581131650926,0.0140420791881073,0.0240392843016738,0.104110500435544,-0.074866891104078,0.10189103662516,-0.00823971716004651,0.178137174741202,-0.10151390110899,0.0772829515174673,-0.0262763389618922,0.119687606375924,-0.170492527674458,0.149896933585213,0.114177251380436,-0.0638750758890747,0.0071351401460453,0.231627653893102,0.294451738390056
10900,2,-0.185161341435193,0.0660008609309342,0.285564891702129,0.107562966429828,0.0972621637167321,0.0814222058838576,0.0226119661648047,0.138579056687525,-0.0241619955972646,0.181794571076181,-0.105222998943093,0.212000109741198,0.133394981039431,0.0996393294250751,-0.146077240592366,0.0256367332358453,0.0593979656200195,0.0475822605940421,0.0106123929834047,0.0390806138173652,0.258132904321997,0.147129537315834,0.10416249491857,0.000732964297963101,0.100016310122861,0.0122492669525766,0.333972981582936,0.223626298835378,0.175516205073498,0.0438423573398279,0.0834486908011798,0.0164897874649812,0.0582610117599869,-0.0650058955497061,0.0674515302229897,-0.0875816985484684,0.0129420494238772,0.0721452850640942,0.0973862671820808,0.0212543734413156,0.130815100659874,-0.0684695569860535,-0.0255309278341015,-0.120920714598856,0.0425717489852437,0.138572994433882,-0.115927624536333,0.0367627016042,0.16492403067433,0.245375441310319
11000,2,-0.0695336197180839,0.0446081160043548,0.193701736416356,0.130199337006284,0.138155157315894,0.0409794545054679,0.075573101282,0.0682988866679469,-0.116934289267462,0.0902387581377203,-0.0903701132642644,0.170592607823987,0.135439729571207,0.158155808146637,-0.224455846061002,0.000543507616109662,0.0616367326797877,0.0467695775534737,0.202716810282911,0.0330397465226961,0.283702804767227,0.0826264436496023,-0.00668400497781796,0.129575767808568,0.0249516341131231,-0.0778830430358843,0.340948421898101,0.162350775088371,0.238006988258637,-0.000285831803582437,-0.142662956200389,-0.0448471787740409,-0.0213105048923499,-0.103175122220073,0.069320761827565,0.00783569379574178,0.0421600432675832,0.0619324692364386,0.0941107253689848,-0.0168083591927135,0.115682552415798,0.108846999304513,-0.0681065622416897,-0.0769850328617962,0.074874236661236,0.0678862189478779,-0.14014538982377,0.0491934165508026,0.125042193167954,0.23965934920692
11100,2,0.0178953633140239,0.0723181560748992,0.0228859747383667,0.050122074856857,0.202739571436427,-0.0158948493285889,0.0527011605132929,-0.0165875231708788,-0.112237510819111,0.155859191204482,-0.0553399744722796,0.182339582269369,0.089100076595227,0.253587974146745,-0.139139596829394,-0.0363843757808623,0.0707630911778656,0.00350782880746392,0.106483212679042,0.0405572162211412,0.35200609744303,0.24376667916258,0.0467053746053919,0.093828988704252,0.0879536003102363,0.0567030470749601,0.247552210410166,0.114107491237362,0.23585479712048,-0.0871625031143062,-0.14611062980609,-0.0482290998968521,-0.0574379013518423,-0.0627980870618217,-0.0478277829313544,-0.0335919233447081,-0.00373674426577619,0.0430033471860099,0.119849023319679,-0.00421668207827408,0.0852316256506485,0.159735179042963,-0.125929756131013,0.100993462864398,0.143221150315185,0.0195959356136262,-0.191380294065427,0.0686098656900657,0.0706192223150162,0.228355802922573
11200,2,0.0341503810866851,0.0341349441302888,0.0273509842558498,0.0395938028887799,0.147462101996814,0.0325219995843039,0.0876881138254363,0.0615798327779407,-0.175359189408148,0.0648166006930407,-0.154735643614663,0.0892537218891129,0.0876154150979174,0.349483603888203,-0.0451804414962194,-0.0764312385530344,0.00916123909357858,-0.0020097899311316,-0.0193338644343901,0.052925288887944,0.0237097089032982,0.251147854515855,0.000842313176354248,0.028160124017238,0.150146441608676,0.0103358458224446,0.285769368171786,0.110086161554933,0.27869179206383,-0.176903290329919,-0.132058859070591,-0.0275421319136843,-0.0986619543980358,0.0185165683456413,-0.0846419918214031,-0.0576055673527459,0.0100361381761228,-0.0522790820887855,0.108671280917747,0.0538029502832459,0.0569964879449283,0.0386746285885714,0.0264312846695985,0.176898496173582,0.0866518947890307,0.100454449812313,-0.179171688892709,0.0535977129478949,0.0813300617068999,0.140882288647667
11300,2,0.0762826029656863,0.0742204010002466,0.0359662234946114,-0.0377555907900738,0.14409433640298,0.056456247370138,0.110270537162908,0.0404005095459081,-0.175298286655599,0.0147492353780749,-0.0345444429544577,-0.0912755117611862,0.123476861863133,0.422636549381282,-0.0721013341000863,-0.0836971359332552,0.0536994802528968,-0.0758001794607241,-0.0142759492585819,0.0505700438894791,0.187431320018957,0.217849740556328,0.0203504179463351,-0.0265763474041408,0.144565052186572,0.000305336288593638,0.150204555112401,0.0555493808050623,0.128664226147011,-0.135181663809756,-0.27568560515096,-0.00638267937604081,-0.000509013391618574,0.0988152369101601,-0.0477780970612643,-0.024262388785442,0.0219584961655331,-0.0319332468026158,0.0259827462968454,0.150981381819502,0.0558880402514117,0.189046759374918,0.0674272231916769,0.225584082370483,0.0921522531615008,0.0281368991522009,-0.160736195431128,0.104523358538365,0.143226801136981,-0.0878580398716655
11400,2,0.0956532914229296,0.0610845696118135,0.0196910280730775,-0.0677960551510151,0.14391546727705,-0.00791408494951956,0.141742502080903,-0.0144692798234329,-0.248842888119772,-0.0111222925311563,-0.0784318784648688,-0.0414411415033661,0.141448544646606,0.365863243612821,-0.105400331935233,0.0311169787400987,-0.00747095203309617,-0.0479782116900881,0.0478864297466069,0.0115009468385807,0.29157055423087,0.231809316710841,0.0484050738951786,-0.112112296170804,0.155059872074663,-0.0522323151055167,0.00418611387588458,-0.000702904171727026,0.0699374669794328,-0.106137585110147,-0.204349746516381,-0.0207533620495179,0.0352288817693278,0.0912227829978535,-0.0639801387758567,-0.0680482136019355,0.0132483103540993,-0.0022930011673688,0.0622189569767899,0.0860525721481009,0.117353436521077,-0.109354711772097,0.154487716254342,-0.048761633489199,0.0436988548258895,0.078346851158755,-0.0582405753863567,0.18763491714786,0.0629404371030929,0.0416043339106276
11500,2,0.1477350651611,0.0688177286564109,0.0317141281061146,-0.105747051615863,0.134973909096241,-0.0842569804963644,0.00443892341256352,0.0337440564263274,-0.11574640089763,-0.0528012340963538,-0.0465358118755679,-0.000663091283727796,0.153432826372189,0.211634626272141,-0.0909772428561499,0.0815467233339094,-0.0111463180371342,-0.0310253110803321,0.0775312681494416,-0.00515496737389809,0.315426470013249,0.303911862198395,0.0366443844554803,-0.128280699933352,0.186032582440652,-0.0091614909052411,-0.0701293542018712,0.0275383244844414,0.0227699836244956,-0.0663642060006959,-0.40407919037045,0.000770195907607185,-0.0841701720094525,0.050112554708972,-0.0642628078928514,-0.00495789911330929,-0.00475986960532071,-0.200220393644044,0.130752582770528,-0.0581293334400946,0.120073970722685,-0.0185206446824058,0.0533993665115457,0.0283517438730211,-0.0379496191550941,-0.0562471940732287,-0.019401469019909,0.126567343846501,0.0456243031102948,-0.0334956592459543
11600,2,0.0674963722914027,0.0859902722274791,-0.0777003000857882,-0.0482399030674264,0.0804189360217166,-0.0977936336959682,-0.0461727912004771,0.074237463327014,-0.139217372228381,0.0467665247075529,-0.293105398978965,0.0128381934984846,0.0238120763987208,0.0881723206159446,-0.0394032509773962,0.0138028912048438,0.0312765577937243,0.00633536820718378,-0.0272172255249523,0.0650830393343327,0.213373025104642,0.270186471072091,-0.03710004960738,-0.157837344681556,0.262728824536956,-0.00496049104862417,-0.0280675567966158,0.00420015675299101,-0.0839394287953916,0.0149838695581108,-0.104215873554394,-0.053360910223186,-0.00798907005556881,0.00756049057599895,-0.0294333751471611,-0.0297107083052063,-0.117579859834933,-0.259761404583784,0.158039662505963,-0.127533920293809,0.0515597890138015,-0.048707843915131,-0.0752328654018088,-0.110274437221217,-0.0390467223513907,0.11051711472016,-0.0422196240805799,-0.0162916100227645,0.0226595709094853,-0.078749802738126
11700,2,-0.0056825578924185,0.0883066766125458,-0.102992480865951,-0.0947231282671456,0.0452724273332375,-0.0276715903995867,0.0214428671334461,-0.0308987662049034,-0.0880098240651158,0.0159939715538613,-0.272569018285062,0.128742850769779,0.0848649614326042,0.168631425637464,0.040913295879101,0.0436410842773933,0.0488874254231603,0.0544105331646386,-0.0927790623833899,-0.00112984288565787,0.164119066532882,0.314367540359224,-0.121964206893905,-0.149155673291018,0.322433443473846,0.00592975492904729,-0.116307744370663,-0.207168151364066,-0.0482284560106504,0.0956245861452583,-0.128008807781059,-0.00485242147306186,0.0768003328347273,0.0141120184686352,0.00279317732052248,-0.118368593892724,-0.0709941975635108,-0.100272080319144,-0.0120203561026446,-0.0841231238987741,-0.0311686594725211,-0.024288570138108,-0.149405533027107,-0.0890307440423244,-0.042346124986093,0.0397639237998779,-0.00625065327856505,-0.0586862707580347,0.0737034664893922,0.0823818170206884
11800,2,-0.0400536005101161,0.0621364181120171,-0.0619240439667795,-0.0597249451088357,-0.0357822290999548,-0.134920627748129,-0.0741577672292123,-0.0964349365588849,-0.163011855260163,0.0838407797392872,-0.188854754182942,-0.012416164456037,0.126925238922508,0.0848403355699203,-0.164952422985268,0.0916084846355623,0.0552287800459101,0.0587430253649414,-0.0409968720465813,-0.0862217888079837,0.230786956173039,0.160343883694322,-0.175173106293828,-0.191865036156614,0.232540630369746,-0.0289339492810352,-0.0380433506289808,-0.177240330933517,0.0240518097764452,0.139429045959651,-0.174583394217248,-0.0990783960892002,0.125963098767403,-0.107107795574921,0.0477087241466149,-0.145819887440744,-0.0772939959464416,-0.0634158022745447,-0.0646605368861211,-0.0896822883438559,-0.0323151249235124,-0.0333900025434474,-0.129537981262734,-0.0237921823202467,-0.0725053702141346,-0.0457284965348617,0.0828454586033391,-0.0747064696672816,0.0476731994485134,0.134666029264187
11900,2,-0.0704764860050852,0.000230521579408227,-0.208856771353707,-0.0533572407721684,-0.081848248295529,-0.0504235856332369,-0.00676900156228455,-0.0991310834318846,-0.190043741460893,0.0768110856038793,-0.230640327998301,-0.0734705634688505,0.047964768947826,0.0989852676897432,-0.142477563038184,0.108968325400803,0.102716963340134,0.00707307926605627,-0.0268033678797376,-0.134574709981164,0.325025205203418,0.041720760392068,-0.170562618163664,0.0443630035445927,0.110949264260205,-0.00690461089408423,0.0134432829218378,-0.126578405622162,-0.0901259204567574,0.0800727444581852,-0.27566683995356,-0.0788477023275291,0.046516527004787,-0.197863075577919,-0.00257639795395209,-0.197496694246732,-0.157073584274789,-0.0877358858368018,-0.0844260023334385,-0.0627312924836876,-0.057348131635663,0.00267749187869984,0.0239432547149174,-0.102949639901674,-0.0525231104629624,0.0150675755627042,-0.0203216298841267,0.0192119278165785,0.0471198311682057,0.0186707759154955
12000,2,-0.0986710270830922,0.0408180000349445,-0.187119252444245,-0.069939000894944,-0.0335378434237723,-0.025670278655606,0.0198425940394154,-0.0568347832277964,-0.305418991786568,0.0596724984053331,-0.0992411016869388,0.00375248396656799,0.0641212536107615,0.141671179953203,-0.0940880538834155,0.037214543666753,0.0851518195819219,-0.0129520146645371,0.0527954226486093,-0.251786661681693,0.0682471533078279,-0.133217783733382,-0.118012755245917,0.0710405972694468,0.0388765610638727,0.0385814003801678,0.0528677580932428,-0.201807699910516,-0.161887521308908,0.0336225943339208,-0.236217113457942,-0.148041444517193,0.112900932033257,-0.0519660775073142,0.0346527283960748,-0.260722489450825,-0.22088782875298,-0.0635248506919341,-0.0356179770040223,-0.169228769501704,-0.0622267564689569,-0.174168027790861,0.0178746865517676,-0.0820498040987698,-0.106324045324882,0.00398688250908064,-0.0511302968159754,0.0200356128545839,0.063828390226761,0.0442395594140333
0,3,-0.0160970062536542,0.174777288376664,-0.000539736440589494,0.0332227359629088,-0.128666165000471,0.0995158965942361,0.150918019736367,0.367033198784534,-0.121261886337358,0.147415368659951,0.318341543539671,-0.017040975839521,-0.244186158466245,0.155282777906121,-0.103655834011799,-0.050329150743398,-0.140502830649086,0.163512121906559,-0.035873506926336,0.172791813060545,-0.147037927897273,0.1293021180989,0.184399831689049,-0.0116275645816566,0.167391960328831,-0.0201679837433386,0.0416753775046726,-0.0959675012173579,-0.0208530525912296,-0.0425577700010978,-0.172907121564201,-0.209561904577449,-0.035851852077245,0.0123525734424857,0.023724966119171,0.170023023653814,-0.111043463627684,0.142612292716018,-0.224482626407909,0.0332962719487945,0.0138210443676403,0.0848215789921618,-0.0171491006923754,0.118028111578794,-0.172276985417442,0.0105965155794553,-0.069946117147841,0.0603754877979698,-0.294762918447393,0.301106332700572
100,3,-0.265058547617859,-0.198250076120256,-0.227525983903331,-0.0890750330408581,0.0791377631337927,-0.02988807517843,0.165471247901468,0.0523823709856581,0.180368946932026,-0.112081431382401,-0.0241504815041515,-0.115268349073267,-0.266519425030374,0.0503011850523642,-0.125896264017119,0.210064133953576,-0.0415546830079462,-0.019035084925839,-0.0190425067127064,-0.0515966791349257,-0.157281909123718,0.0227958235231855,0.160697633421878,0.0729584705464782,0.244448699555377,0.00330036721619389,-0.141321871496479,0.00558425453923475,0.0860384438439697,-0.0520633469758609,0.214516890436319,0.0940630161701013,-0.00330036721619389,0.0291712623800442,-0.23651522329865,0.0386327935496625,0.00373330368700983,0.0468922931407003,-0.131943914004001,0.0335573481756909,0.0226891712830862,-0.0138792890369198,-0.142570345634648,0.348783675531876,-0.0869860039934689,0.269505262358634,-0.0494842535499344,0.185088352378559,-0.0552435647058926,0.221502766476701
200,3,0.0131467503567057,-0.115574739195445,-0.010744149270205,-0.108669462413796,0.149759547461727,-0.120666505572586,0.0829160697011335,-0.0746996629990545,0.108257674526987,0.00881616217924588,0.0739302722878446,-0.135895915564745,-0.25220785210939,0.0585817655655228,-0.0614482936060459,0.113839608314837,0.0238777587090781,-0.0264578929141716,0.0413780440147597,-0.00745738090709433,-0.0640011754306267,-0.0265411036451012,0.070492649851847,0.10499784811451,0.14467292554235,-0.0264197125857842,0.0511523247729987,0.0954955199647557,0.239797721879942,0.213894147037648,0.0657791149925844,-0.0926372679403809,-0.126554488930244,-0.107201230533197,-0.0932224427541048,-0.0918781077717443,0.0977674438629394,-0.018186960588413,-0.107498528905612,0.133301598367828,0.106471986653221,0.0758042510793207,-0.132934338855006,0.00196535251085125,0.00844423728853952,0.138903355713715,0.0152290438147578,0.136445273893037,-0.111334751155595,0.23738553530447
300,3,0.0577684466884279,0.01513408715465,0.0394939062079591,-0.168274942500809,0.16397317537409,-0.163908374999581,0.0018128133546759,-0.108798176729599,0.102940837049408,-0.16169578982788,0.174718602197484,0.00644210508919205,-0.222879054878523,-0.0686670833653788,0.0434412138876298,-0.122348353721824,0.0522932689244893,-0.103497104952897,-0.0804934612654457,-0.0081169568284932,0.0417155910985184,-0.257889534675262,0.0405781941967477,0.0808935378010233,0.0476333927192316,-0.112084082615055,0.174116072610289,-0.00905500395504252,0.131435323531133,-0.243899354330081,-0.214406982580968,-0.0129510710486525,-0.123959280937679,-0.205503038073801,-0.21511763891354,-0.0830969772905515,-0.208235295558297,-0.164255896866295,0.0640058857825538,-0.0150815225025711,0.110919003319807,0.156035959069398,-0.14019812543177,-0.0461968138655178,0.119253470640212,-0.000799296679037081,0.0417369900073046,-0.0635337273096234,-0.000426086098954365,0.049020881441316
400,3,0.0628703758988469,0.0740039814347062,0.124296717497783,0.0147033533901213,0.257188892422777,-0.026719552517963,0.0767473158639373,-0.0624833605872565,0.237807360840957,-0.114838012232317,0.35227300621359,0.152337474258552,-0.170718667537068,-0.106598814979036,-0.0456926159292265,-0.0983027463959168,0.0979869508384202,-0.0734782398044865,-0.103971674450267,0.144384581434722,0.131690168252105,0.0387514675765136,0.119326647255781,-0.03051942140798,0.0705387562265014,0.0655216584484824,0.205203460796853,-0.0669943747743869,0.041306736315798,-0.151980234565277,-0.0192310725770909,0.00107930005900145,-0.112692041194338,-0.0261217768659208,-0.030591160777927,0.0210546962116684,-0.0819514904128917,0.121718585556259,-0.0947895073872756,-0.106310977279122,0.302543552424594,0.126997400041128,-0.0374250134259439,0.220292574558476,0.0803382834697495,0.104110674434055,0.132049119949678,-0.0707453441519149,-0.0177831494534718,0.0283542852331402
500,3,-0.0220055176499072,0.122775238082909,0.0870659354029872,0.150364587800538,0.14922907001424,-0.0757746065381499,-0.0567366982537958,-0.00508426325181446,0.112331401564922,-0.0184513442986405,0.335676810298527,0.0873545194300717,-0.0558050084791238,-0.181607392932753,0.0897583819215252,-0.117401490846903,0.165034304851192,-0.0458366399397791,-0.00880777490670423,0.149453787879331,0.0719709608435393,0.003816666783128,0.00171718172875809,-0.139813227371316,-0.066678423190078,0.118981665043401,0.126672320252779,0.0230365688882201,0.0701629342196609,-0.0590637815491863,0.00712389870382588,-0.0514698807029264,-0.0308897295911954,0.0365680998985493,-0.0720668027192282,0.0822063799861435,-0.0266224282748392,0.0687590463821013,0.00562135471779715,-0.178434366391655,0.343182107361802,0.0875109831130864,0.0523340092044167,0.190026090524257,0.190386125675781,0.127952819605533,0.20518900703005,0.176570359093118,0.0602997744877886,0.0983696579136861
600,3,0.00691608960599191,0.141448356001845,0.08277740091335,0.105545637277521,0.11254760886755,-0.0347189430608636,-0.0378062649503499,-0.0216878993556166,0.0511017154412282,0.0468815881606765,0.204774453428362,-0.0162537527381358,0.0843377613286692,-0.139227245938447,0.130708664171421,-0.0563724649925472,0.168518700985764,-0.19731446243217,0.0122382870194299,0.0392221100175294,0.138866421550259,-0.073311502792471,-0.0366057929132031,-0.198491478139692,0.105029755069486,-0.007305683908467,0.165207827096621,0.129913976905114,0.162814235657055,-0.112549059738583,-0.108664704427569,-0.043447557730201,-0.0921416277665913,0.0358511771138384,0.0199959385970612,-0.0765280500202035,0.0307711354990714,0.117933086563551,0.137082329200317,-0.0111762068153594,0.155757207373827,-0.0361744116047682,-0.0117236106751408,0.289201783953133,0.0846010714202863,-0.00967122976037646,0.170805251732808,-0.0554584955080493,0.0965979644313897,-0.0532488591534162
700,3,0.16773698323619,0.153789407855261,0.187524306951615,0.0923933278403848,0.0825611345588037,0.139327557231937,-0.0640755786361776,0.0299830424271531,-0.0188215681926194,0.0617115260530424,0.188847914506735,0.0938344039694529,-0.133190509380663,-0.0108715388473375,0.273240662642647,0.1175513995657,0.136658938847038,-0.138699767711597,0.140876430398419,0.160942586900754,0.146672695697626,0.0205604992824332,-0.0243248534479793,-0.153152363469474,0.0268309722047432,0.000118281382024438,0.124559059751929,0.310246573491199,0.280905765737429,-0.0027377414828805,-0.199264911998818,0.00351138321756081,0.120039680385154,0.0376082585416172,0.055989468784218,0.0542041650134795,0.148990624479015,0.0901855926741046,0.085973864437842,-0.0461984312284175,0.0754476846217085,0.264339056284597,0.192350230038197,0.234427763070499,0.0886134265854145,0.0529658563759666,0.122372183666903,0.173853847272713,0.0427920719105362,-0.0293058121065443
800,3,0.106806439883039,0.119571195773522,0.14241275315092,0.0900978522278972,0.0679129879830527,0.0966999069793587,-0.0496696846362022,0.0764665247769149,0.00497615741444815,0.0745401736442309,0.221668554013258,-0.035946181184324,-0.192723926842835,0.1988048033963,0.214859358464163,0.0613494357123095,0.152854662269418,-0.163052521652325,0.20453458249812,0.0167669468856999,0.0199406378106067,0.11616216228589,-0.00743003508090459,-0.126351080434808,0.0894882731821138,0.0941004887069022,0.163504282949176,0.193248567329768,0.158512958726581,-0.0848113868217401,-0.0921065823830995,-0.0168890123538416,0.217097327080116,-0.0108069549660159,0.119820953044826,-0.0483813252499571,0.182506668344873,-0.0983785308454228,0.135403193682271,-0.0820986541875508,0.144065823640401,0.329731273376676,0.13242666076496,0.0757124324636989,0.0875451469060695,0.142495265479585,-0.0138474525819353,0.156994571477173,0.0719151098252339,0.0550709739092621
900,3,-0.0210285372893785,0.107073258236077,0.0963088696454537,0.000620109436292343,0.0871207156631683,0.0610604509414514,-0.047049796811771,-0.00010256951098872,-0.0299959374786601,-0.0275559095988618,0.145707201234934,-0.0329308320433729,-0.0692057623656692,0.0386732407065185,0.0560061606224827,-0.0155752060914857,0.0684446105833364,-0.124540620067221,0.101348510668692,0.137546694366405,0.0536439557889572,0.0806007844010296,-0.034454726301488,-0.0936203905500123,-0.0130316747443136,-0.197325948601331,0.163812495897791,0.155745286310618,-0.0457138029003256,-0.193055757661827,-0.0702995327478523,-0.131763118667433,0.100029831683428,0.0362753776177278,0.0301093104957389,-0.0333759607732998,0.00691725842126409,0.0219514990036117,0.0167005973928439,-0.122677941178021,0.0991348092283217,0.15229505321326,0.173119359548073,0.319553172401978,0.11158115677389,0.0745672656070411,-0.0392677727074805,0.142090665323456,0.093571266854756,0.0306673034482466
1000,3,0.044714488216419,0.0575324857419,0.0789353973994851,0.0132685416083496,0.138706889042551,-0.00940048693598103,0.0286757996593703,0.0343766516379945,0.0631978283432378,-0.0950533104076249,0.117035269962815,0.0986294557200949,-0.106718442631019,0.0166025072444283,0.0610581891733391,0.0132701021402643,0.0663663403321948,0.126450721972644,0.193693977937265,0.120161375041519,-0.0105412983211661,-0.0417740858650643,-0.0623305435057452,-0.0316738090973672,-0.0576301312563167,-0.128452304828022,0.0433537331987552,0.122611940844323,-0.109627111279417,-0.103603816800219,-0.0179523118441633,-0.274057035065284,0.0310865991493206,0.0542772544659866,-0.0980116167943856,-0.0642806346382338,-0.0285522805556534,0.155344760611171,-0.0367932913044519,-0.0313550354664147,0.00746885415759299,0.123249203048582,0.0809435679440805,0.165402435176389,0.172464720922564,0.0924160564799342,0.0760328367728345,0.0420430188994347,0.0462128387165068,-0.0576824555935989
1100,3,0.14969876083867,0.225190198455069,0.00423615925427381,0.0189164008551438,0.14816449906577,0.0317812922761724,0.0686975915584304,0.0449219190401476,0.0666640739468173,-0.2695665817083,0.257665695484013,0.272872334202879,-0.0774117192912594,0.0166940298257802,0.0368825933749452,0.0353145310496758,0.117839859643976,0.486756082905019,0.317184858255122,-0.00766464139541786,0.00417024704680571,-0.070948409092677,-0.0439588464194017,0.0516803782312636,0.254422956355024,-0.0940795240218073,0.0485109359709709,0.221850104874193,-0.0513434678841415,-0.069852388453468,-0.0462607673078393,-0.316173911535703,0.114346073775015,0.172983433390666,-0.0624624991019321,0.0471081225274244,0.125087300115669,0.153641185758264,0.0543621972977357,-0.0501645439310875,0.0397585839537556,0.284048610128008,0.0283300978321859,-0.0302086116653254,0.189029231745394,0.119043969644597,0.171581503318609,-0.0495229288695092,0.0767018295884301,-0.0540188415517435
1200,3,0.168170328888584,0.136793949628254,0.0479947962436823,0.0884603060103263,0.0941563411047122,0.135282901559917,0.124589235870401,0.0788989967390878,0.00326176832395944,-0.164632277424323,0.115709894770009,0.401105672736354,-0.167024442770214,0.0398389614696874,-0.0650119881978491,0.0792581026231407,0.0913467867064367,0.280749879322764,0.248033551325874,-0.152473569873353,-0.0837050120897156,0.00142284875061668,-0.00288445951434055,0.11443261846996,0.13638015998072,-0.045928185538037,0.111154745200759,0.15259161888597,0.247953500695778,0.0132069618521745,-0.0349935410585455,-0.118290573499927,0.00143438675646571,0.176482243582761,-0.0331530845390884,0.122344268462925,0.0918146627855204,0.285440410181028,0.218082627987703,-0.07684203735729,0.0900752820165985,0.31838156020526,0.00781465412577123,-0.068004691935362,0.170271376986166,0.0645180215739169,0.0255114050744362,-0.0226628757167865,0.18957268421575,-0.0555550094737793
1300,3,0.14552642648839,0.136378927053438,0.10758737688118,0.160513617085093,0.0348640775703063,0.173972087618617,0.0377616060295839,-0.02360849261929,-0.0270210906276766,-0.150297806220823,-0.00720403625412849,0.283703651116409,-0.118158060628208,0.0666820105278139,-0.144135374265634,0.099126570186284,0.0847287358219368,0.237804405340042,0.352439597015044,0.0228196563354061,-0.0855641136478209,-0.0661309088800075,0.0367870525279309,0.0609043870691763,0.071824129546255,-0.0725760526416231,0.0818902983546243,0.109053646818071,0.110225968025338,-0.0989665855547593,0.146384231127511,-0.00270503509540451,-0.0870909170680694,0.197169773180745,-0.157469642887638,0.0302050992374583,-0.177437695303703,0.180595037428025,0.172717014307985,-0.0738102475374544,0.0450557622012433,0.287123650147848,-0.0895012449821416,0.171076863047043,0.0982082957150824,0.0625012663007994,0.0978982400221951,0.00133166279357996,0.128487942901033,-0.0611270375052126
1400,3,0.0975435912628076,0.0420212368537941,0.156794699217827,0.106775712999993,0.0310463485514703,0.0586549871762696,0.0237043413792782,0.0688059709204219,0.0522049268921831,-0.163692283011586,0.0324691746442976,0.156378537884808,-0.0951756625331589,0.0479007197377004,-0.18116296861217,-0.00188173968464764,0.0296495026450169,0.154708638267082,0.43321647230492,-0.0389669691452275,-0.077101820904032,-0.139094962687813,0.0297663983843444,-0.00444786621456125,0.0254971988564302,-0.0380476719587045,0.173714104617856,0.0320230932326246,0.0208772225943826,-0.0815501527520845,0.514511742876852,0.0289523970263157,0.0528099344798389,0.0562533581553269,-0.2010704252454,0.0113801378317174,-0.14309472224052,0.0989145449974279,-0.0117433128478685,-0.117642881970244,0.217218205461371,0.235108906942978,-0.0852607526207673,0.0542363067793183,0.111900343475758,0.0986921482726678,0.112203434808107,-0.170798409697418,0.0950452922326419,-0.138875963697001
1500,3,0.106115379027807,-0.00547602407753986,0.146566314738367,0.0604124409697107,0.0579208809581103,0.00980911766033396,0.156190503523673,0.0466211811650213,0.0784262359263741,-0.0900016577468659,-0.0326396716785628,0.182982254226239,-0.0168534134527961,-0.0514326000854007,-0.0754828666229946,0.0144317945749655,0.0216178833529533,0.0757508143886727,0.442941691419667,-0.118485673522395,0.0235127093289313,-0.249315111129418,0.00643744715119413,0.0800360862534565,0.00747391944227258,0.0340417385495364,0.068542327564346,0.186549074429568,0.112121457872044,-0.00363088733596531,0.273666693324063,0.0630587553842079,0.254877602880315,-0.0818730589356269,-0.186268635141358,0.0420261864418609,-0.0614257144237646,0.1775359287083,-0.0607695776396365,0.0423668791919805,0.146165009283692,0.22798729490335,-0.10151209768907,0.0759806270346498,0.123159491323664,0.090029889065787,0.206087126930188,-0.0610238649225007,0.0998241055836527,-0.0205078707579835
1600,3,0.173157932266885,-0.00691988659983014,0.146886383233544,-0.00509659056270348,0.0505133373634666,0.0282559672459765,0.0990149523824489,-0.0582773742890329,0.0514933742200708,-0.223677667163476,-0.107577218622043,0.217778809296925,-0.0195663190811587,-0.00477585890041696,-0.0870427598372112,0.0764336283731045,-0.0160987197954172,0.29575388570827,0.178604967635893,0.019121325391124,0.0161854447005513,-0.294862565395001,-0.0205351731413438,0.0998225975587651,0.0380426243743771,-0.00831704298421113,-0.0153036138742159,0.238820315848822,-0.0314650339545602,-0.0469061941509274,0.161434961242921,0.0892945036693113,0.280382290563781,-0.00949905141940946,-0.00330073741120443,-0.0766315829009178,0.0231654580206361,0.0387995516188777,-0.0765252904227165,-0.0647557306485984,0.0457343224844728,0.0988464354913009,-0.0752174965419182,0.0762341524380884,0.0744994303684275,0.0189117854970428,0.0552087938922825,0.0426483384582953,0.0467548536123446,-0.0683431458155004
1700,3,0.114133698661608,-0.0386961994353508,0.0653980005118129,-0.0246417442049921,0.0271536510771027,0.0448820424503159,0.0339595058475508,-0.0773604865086441,0.0867997455694307,-0.060866833935181,-0.132240537228333,0.0936389394939208,0.0640700487187228,-0.0138280574579266,-0.208855961405698,0.00834665386213143,0.0188238122466178,0.163967758605972,0.0467969245216609,0.0716630552842966,-0.012045994180075,-0.1626800982674,0.0177974036391369,0.104354170780825,0.035297950695596,0.0195994682916199,0.0211674409138709,0.0119546257815678,-0.202625747320501,-0.0959170351091332,0.109740002482494,0.138259100499191,0.139660624162029,-0.0115911854978889,-0.101977750203989,-0.0570772121593421,-0.00856360287132704,-0.0568635516189357,-0.0444737995581525,0.0322941215867289,0.00471062517943091,-0.00116154187789777,-0.0644626946486083,-0.0566689392273194,0.0560048182945572,0.0772746987018617,-0.042521710040108,-0.0324546217047828,0.0899397889725228,0.0072747688380245
1800,3,0.112325865463796,-0.0842163971291357,0.0405215492157438,-0.0821767408494156,-0.00204423015747521,-0.0904846413585232,-0.044599734016164,-0.0826791551050949,0.0222179934462672,0.0134762757880678,-0.00301969467692101,0.00873162609270048,-0.00915794040792964,-0.102535193586294,-0.193960413593227,-0.0416460863139097,0.00456260331440214,0.156492100905817,8.63062619313737e-05,-0.04559154500391,-0.00862483284248619,-0.0530114703483278,0.0352999729545694,0.0555897533465363,-0.0484512207298025,0.109800897475618,0.00611952669119584,0.0012702906360201,-0.465142469986808,-0.107721958196653,-0.0409194091620515,0.0763149532421526,0.203245831780073,-0.0993267235727217,-0.168845768613711,-0.0550114519436082,-0.0628480997107063,-0.131557108831612,-0.0791433444538519,0.199120807716112,-0.106341022656076,0.0367962864542503,-0.0435923516836528,0.0993941157052124,0.0825468687476243,0.107862216811975,0.0253393099188616,-0.0383795768546529,0.104796612457428,0.0263020058439448
1900,3,0.076470620334241,0.00962897197691112,0.0191300416006955,-0.0400871940129971,0.011369286631144,-0.11094211856119,0.0154246220886579,0.0381085065029878,0.0362722817561727,-0.0515227780627571,-0.0426657358189907,-0.108932221495214,-0.0911652531002779,-0.0707734798432568,-0.0368440067324654,0.101787397189221,0.0242456222074144,0.00101782667955283,0.00334948231197188,-0.035188824744256,-0.0618271934283167,-0.0881278649982028,-0.00429044776397705,0.0596643757456549,-0.0519982030408236,0.0599534542259992,0.013334397020991,0.0552062532721864,-0.487027475310343,0.0503921917812443,0.00316089263429523,0.201222930492532,0.200246822456272,-0.0815620575769214,-0.0249534709810175,-0.0634779988967192,-0.0240756921552912,-0.130871172476177,-0.118200886981248,0.139028886876636,-0.0640492167886345,-0.0555127071754374,0.0190726470186187,0.237931500160423,-0.0562864982595295,0.101935466938335,0.070838957992107,-0.0964252048450488,-0.018977577935628,0.119011892795385
2000,3,0.148828426275027,0.0562292898204636,-0.0642519653634196,0.0735730909365221,0.018425886631592,-0.0572738534391413,-0.0553927149344171,0.108550434765784,-0.0572175236534665,-0.08555443025197,-0.160860710728533,-0.137339237330609,-0.185313056382491,-0.0353379443084945,0.0434452648454973,0.114130558901061,0.0409861599700601,-0.157675996132749,0.140885856152361,-0.155870031534767,-0.102178148245636,-0.203612044564371,-0.0343015288902773,0.0468372534944724,-0.0805787201357423,0.0983296490590726,-0.0186213961964558,0.00967557082517487,-0.202434919521656,0.0203534689477864,-0.0133555792999761,0.189720013008739,0.10839262137358,0.0705647187641731,-0.113148897208741,-0.049282133312149,-0.195004782472752,-0.0133831541753668,-0.0637659494011314,0.137564953609079,-0.0346607482569174,-0.170039174299603,0.0304363077571218,0.242463363663978,-0.106971514492588,0.131873569315835,0.0576213290707488,-0.0415818923129591,-0.0680636609076089,0.139401672576153
2100,3,0.297119412144889,0.0830097061007596,-0.046273134797838,0.186123318519712,0.0680677781990355,0.0248017855029095,0.0645406870547242,0.170056649543953,0.0393994660033421,-0.183256445424796,-0.0484941951588388,-0.00296823754268086,-0.0621194154973665,-0.0406461558781871,-0.0442081494065083,0.121626239714864,0.0316747284198031,-0.0795213012019522,0.0983360537306834,-0.0355765059498439,-0.013998887822514,-0.0903469640375043,-0.0289645155754084,-0.00197269220975979,0.036018034754239,0.0409955007923578,0.000877598679780461,0.0934257892092268,0.02128843864201,0.120347691363004,0.046989768317364,0.602011191629381,0.0733198118966144,0.0782304071109045,-0.201788245150452,-0.0383083580068842,0.03456674606399,-0.106224492644005,-0.0240440801627515,-0.071652711061422,-0.011012781389949,0.0513183342976296,0.00494568724030517,0.0302828202097106,-0.0657705296799581,0.207383240671132,0.119376744433791,-0.0319976938001863,-0.0518349146402632,0.161956456840104
2200,3,0.278388909606457,0.0692881641370165,-0.0588691938404441,0.119246721919202,0.0452916401948073,-0.0957449146700615,0.0303291492080432,0.152032391611331,0.0423670817751753,-0.217197250281144,0.118018935336841,-0.0715981348032955,0.00675859574227786,0.0230636197438959,0.102972709093904,0.196392291012051,0.0183642305125615,-0.1260225873475,0.131259395181012,0.113190810847908,0.0250823520018477,-0.0796397543913947,-0.0342103984442197,-0.0703974577579966,0.102310261413451,0.0420333697188904,-0.0454931576151752,-0.0403259191033362,0.0694698350412614,0.123165257207964,0.0953550861173987,0.799866824390123,0.105060881769782,-0.0377055188284946,-0.254876672921064,-0.0380306424623101,0.0528134446871027,-0.289244200138115,-0.0400396697662581,0.0177139189936728,0.0193892855970181,0.0275698351950479,0.0162150461713933,-0.114625562978668,-0.0761190471000597,0.125143165404576,0.168293751104643,0.0371081679118606,0.0104540516199292,0.169349946642771
2300,3,0.127193617748122,-0.00742314816212217,0.00598308256521571,0.0627117477078698,0.0506706391476094,-0.130904482402613,-0.0154318439050097,0.131888349518937,0.148152470576521,-0.0821998380235036,0.0326272739899971,-0.0334648312708073,-0.0185060489323377,0.135433732817263,0.0365146708704175,0.235756907646004,0.0186609501343074,-0.197190509930246,0.16447616767191,0.182828167828661,-0.0255061014301282,-0.0528232417308001,-0.0675324074236319,0.0217127953473244,0.15099056195142,0.0990802841252836,-0.0466266382877191,0.0557629932824123,-0.0474694483125839,0.0723320050660066,0.0226804125583602,0.69105585649618,0.0115703034166357,-0.0219225791969367,-0.247982687650714,-0.110801253898434,-0.00685858670122799,-0.0118006406323382,-0.0631201924338131,0.0931640617591548,-0.0436065604820608,0.139362145834187,-0.0443843811547493,-0.0315614296768648,-0.0202646655563095,0.0329868671180871,0.155241161503444,0.134186980546331,0.0692540155489984,0.253953697427964
2400,3,-0.039415621611258,0.0961589728119047,0.0624889547735362,0.0853004422431308,0.0573664837108248,-0.0645578662728055,-0.0571771089369279,0.103431133832959,0.154501316107303,-0.00432970672081481,0.000906494141493658,0.014534016872864,-0.0893451071025389,0.14912774277167,0.0908718652464196,0.150027724527708,-0.0114668948128139,-0.24711168222902,0.13281837749201,0.196099649726301,0.0123508205698097,-0.0408433649173308,-0.0562500758693396,0.0972872809858391,0.20418568430406,0.122243324191453,-0.00430571593591886,0.168174597086344,-0.0113411523720703,0.066153168169652,0.0242076516688149,0.400876198366838,-0.0163731775166704,0.0828644389698317,-0.324559440385909,-0.0962778451072947,-0.0711259090860749,0.103001263740134,0.0302384019791508,0.0712137470253265,0.075816780021083,0.13101312339371,-0.0202747626174099,0.203209713287817,-0.0401567531176971,0.00860315754393373,0.145945796809703,0.226828588639612,0.0216146833307385,0.241778438057828
2500,3,-0.0662631778101777,-0.0117105472394714,0.0384859341043892,0.0415458664498114,0.000927489742739235,-0.0678178839754137,-0.0391673682226208,0.0831828774162588,0.162634050440695,0.00600343084273794,0.0544537668526547,0.0155332564151384,0.0608145748724233,0.218729002150093,-0.0363713665559424,0.107206526570708,0.046275634131208,-0.0155700953261891,0.159915909941802,0.257032576893277,0.0446378476340388,0.0314756652715358,-0.0258726631228152,0.104684425719759,0.126561780776163,0.143050941280654,0.0483387202263679,0.183115841850146,0.204163841771762,-0.0812938705216819,0.0707389674786401,0.246748554582904,-0.0570606796504035,0.0632627479053444,-0.183754908774187,-0.0177611842874042,-0.0464624637762988,-0.0686438596258546,0.0709396865338054,0.0635915580000441,0.0557044006529448,0.0982173712262593,0.067484950869742,0.280443729369579,0.0199672942961011,0.023614256226598,0.211746480062784,0.41812399928554,0.115691510105338,0.190474428589123
2600,3,-0.0263396593335871,-0.0918236431358156,-0.0498849674293335,0.0480562057109034,0.0376990872630138,-0.0785710735267023,-0.0390727456373291,0.00311065474420505,0.198017595320957,0.0777897354958113,0.076992473975754,0.234563599876776,0.0999983787205277,0.123419950235837,0.0688145964324093,0.178858432359858,0.0573702944258605,0.0495044174208236,0.179832634084686,0.185893858878476,0.0249942845615917,0.0599672001557283,0.0220489245195786,0.117761272697736,0.0591322630106725,0.143812379065939,0.154119337955176,0.197706451258931,0.209045774008957,0.0683256876371276,0.0479655326302749,0.269303951455727,-0.0543091746105177,0.0256511538800837,-0.0324273986977947,0.220573611680209,-0.0778762860168885,-0.111539087449256,0.142552907192018,-0.0483717259205216,0.0494111303002735,0.177230796863682,0.0206419667639114,0.47900560911388,0.0752100622936714,0.0497795150542682,0.255144261973618,0.394742489990203,0.165366658606143,0.266723964843324
2700,3,-0.0290573569239851,-0.0912751033905451,-0.118326020440052,-0.00126564719249092,-0.0351612012701416,-0.145168600928722,0.0160268650870289,-0.059112560720791,0.0918272389283987,0.0497854399861385,0.0879998877119542,0.172380196589146,0.1467963092489,0.142874284531298,-0.0518246775763228,0.0533097615670243,0.0739469064882368,0.0825126133712136,0.267695911711953,0.165731656142695,0.0443943022344228,0.0277264272588806,-0.00100598665859256,-0.0551081588182807,0.0392770396821905,0.146360473583708,0.0893728573695249,0.0322583241932984,0.0421026810672007,0.0650338783474781,0.160135935087832,0.320671755154514,-0.0427823210367132,0.070025942276809,-0.0956371419530907,0.0913098798543673,-0.0316809227229763,-0.1111557234623,0.241427983735621,-0.0340114885462777,0.0298984255401668,0.0351500842945629,0.07189898117836,0.395989490543316,0.0695858922076376,0.0930845979130676,0.176996897619005,0.10039269005885,0.150767502785386,0.192189708854493
2800,3,0.00861405338913471,-0.180896846774243,-0.139851138542879,-0.0245850448818226,0.0315109084399553,-0.0783518969680142,0.0912111262910102,-0.0267334231947704,-0.0266257452764296,0.0543192386352221,0.0451707302644655,0.293865629217237,0.0536693667327235,0.0578568209357064,-0.0293207154571687,0.115662555684772,0.201912850827728,0.078577620334545,0.234738027405976,0.00537333537801968,0.0806379397508214,0.149431729606494,-0.0690464786594687,-0.00466852248153274,0.0631758843913482,0.0754420214884748,0.0477816801983708,0.04353791949699,-0.0411841707317275,0.119601250621101,0.0581421923537302,0.153380846514072,0.0361098928888216,0.0359885904949978,-0.0952285836822104,0.0391509886942115,0.0900434961903679,0.122713062191998,0.269659699127685,-0.0527731249926802,0.146085256203816,0.157186840324828,0.0987469662156414,0.185775712916608,0.0535986148743697,0.0763423238117963,0.12323720688309,0.103369386206428,0.185610568396005,0.172266971952404
2900,3,-0.0973792863384133,-0.167380419153548,-0.075927080611485,0.061665927893887,0.012593562608118,-0.0645238069981388,0.0878608835074411,0.0443990061305287,0.0125850789653712,-0.0937479734224694,-0.178028809857482,0.260113111393754,-0.0234691482671866,0.0299074149732583,-0.0394933153391412,0.0915013303695003,0.0898207589395576,-0.0445253333375139,0.203853158911434,-0.126129490726751,0.0598969194337213,0.0202646838877188,-0.0688967585594648,0.039195186836791,0.0197888934746901,0.1322666155692,0.0219909189751949,0.129773524378219,0.0969144994968981,-0.0748198974170338,0.0393861974422036,0.188861700248126,-0.0484551853597286,-0.114892381462921,-0.121205819849775,0.146618994466091,0.0775355052526584,0.172207155322324,0.15979455556986,-0.0973442745574628,0.153799800210721,0.263775446056662,0.029149003122191,0.0389064341061044,-0.00638594099344805,0.00854358623312221,0.104959435665379,0.0366757917701332,0.180945546122772,0.205902397938362
3000,3,-0.0316312315444305,-0.0814002194531377,0.0469651882852795,0.132109930245622,0.0384832841736036,-0.0319505949705139,-0.0301016193255557,0.101402590826347,-0.0165345829251876,-0.053460305613226,-0.0892895033831866,0.311593369757282,0.0825505118330603,0.0836953928472968,-0.118359713882739,0.213935990418879,0.123552243356983,-0.0572612023811739,0.142064485660658,-0.0194330322846646,0.0448103991592842,0.0337098103192233,0.016389610629926,0.0376792928791408,-0.0368767615657886,0.132024985146737,-0.0334458263672881,0.181322991238338,0.0627418022585979,-0.22116651729459,0.0679160081719488,0.158157939383092,0.0412361074577623,0.121722723331001,0.071527273650205,0.0709326823305597,0.202623961694868,0.290847646957623,0.130400755435533,0.0218512124513437,0.0855899189116485,0.200779941627066,-0.0410772387337918,0.17186814721157,0.0274602105412625,-0.00491304023257291,0.142122492703607,-0.000486741216883996,0.065803787859044,0.215088635630792
3100,3,-0.045861936717535,0.0239467987178862,-0.0178733228396201,0.0915237719329512,0.057580207188403,0.0177935184891574,0.132269443039534,0.233397034660721,-0.0575407208356056,-0.0137109275977697,-0.0821182686124439,0.170541424458171,0.0617890409934665,0.0914742545325788,-0.0509903348781665,0.107504280328336,0.0876917969310274,-0.0614472075894887,0.155336882813285,0.0290324449548941,0.0513125736899433,0.0650197656143079,0.0220923912921301,0.0848644547374337,0.00974076969736384,0.0493443752791097,-0.0424219241559423,0.096541671552365,0.122113167706682,-0.1240616143248,0.101859577462347,0.0755157123676973,-0.0179094130707292,0.188728000726767,0.0857023210498326,-0.0255821930940016,0.0875699158808921,0.230632119114204,0.123512393442913,0.0836825381216045,0.196356260959143,0.278110218026338,0.0883164105461887,-0.0669533479273641,0.169347690813152,0.0705315910679095,0.183067689696237,0.0361063593873117,0.0480464273780812,0.0800757726761835
3200,3,-0.0805604422239195,0.0571613142854943,0.0516769212845409,0.102775025718047,0.0123590351646644,0.0397685000423983,0.171805963783298,0.288515315256412,-0.0401515812188456,0.0924372595151189,0.0540086915866488,0.14751900289735,0.00247948168768053,0.0877492342897012,-0.0378623998910693,0.114737470415684,0.0179622797144149,-0.0814437894679812,0.232986410345297,-0.042509170862078,0.0488973855902257,0.0658744796453121,0.026784562650679,-0.0206619055427425,-0.0610550493984712,-0.0547936296820164,-0.0631872310368889,0.170302650388369,0.164236053937689,-0.237054301132079,3.3497841044422e-05,0.0323658639048088,0.00723322896055792,0.0992707166829558,0.0451837680914886,-0.175481456104406,0.135917544706226,0.155233120108129,0.00523953260340024,0.0468546811656929,0.194611237940941,0.121457438250196,0.0760292228762308,-0.0897389957502933,0.050835699800999,0.135042953660854,0.130916211868155,0.0764216404899593,0.0638511230586018,0.139506556565518
3300,3,0.025734292729309,0.0368444648649821,0.0124625474680689,0.130572423417651,-0.0118392035751179,0.103624405509004,0.210828839028896,0.228878054836689,-0.0536827907673931,0.153295902070743,0.199750721610026,0.164296612725096,-0.0322985080382916,0.115811154276422,0.0100624031505324,0.194855657616611,0.0845308037366122,-0.024201594050323,0.173901391356518,-0.0814848964412832,0.0307015723527025,0.0938733346438838,-0.0136110748250303,0.0649385968552018,-0.0165062721972676,-0.0296047289367332,0.0394969901870014,0.0111575072495236,-0.0104711201460865,-0.201105435478244,0.0830222652540879,0.172758337399395,-0.0998443516822093,0.0885259136286316,0.137329468360468,-0.0243569350738466,0.187646917718866,0.074037103792956,-0.0503457749048185,-0.0745151003332599,0.098426433001372,-0.156910916946526,-0.128657871567967,-0.189842792482636,0.0903238416084907,0.111860859997378,0.0226218900541043,0.135531379346261,0.0894947592925026,0.12941692480719
3400,3,-0.00393087996039318,0.00374777739195833,-0.0456610253698136,0.152980520117577,-0.00138242998637148,0.0608731386110971,0.0649396420670399,0.121442520678579,-0.0114281192881718,0.174404642439614,0.220673217521838,0.0350441865109395,0.0772551330609175,0.050633650053612,0.137167227563994,0.107968194271881,0.0523768264512752,-0.122644733367182,0.152746000002808,-0.00717723851772131,0.0281775852196845,-0.0338092784570235,-0.0370426287647163,0.0395437915190685,-0.0456322971719177,0.00643296524227135,0.0589228418007292,0.0432072707533465,-0.163487575068155,-0.0974869833137334,-0.017269326332472,0.0698100333670976,0.0325446090558987,0.110304227404526,0.0906600176302204,0.0648417922649336,0.0716648287283287,0.031437834335429,-0.054712185880841,-0.0175549851578034,0.126598589584451,-0.177392624140223,-0.172939395795941,-0.0887933560431219,0.157326188239143,0.107072692121358,0.0463796525116214,0.0184015596737472,0.138491962729462,0.0901704596125868
3500,3,0.0459796956942345,0.00722657333811275,0.0343767140400652,0.12590082451775,0.0218144778312031,0.0543664522522565,0.066724959527663,0.146310823954661,0.0388564588350457,0.0754138573047306,0.218119101190071,0.101919873875743,0.200828437578568,0.024601916276675,0.202044969731876,0.102860031439335,-0.0246074445296625,-0.16795125295577,0.152562614329594,0.168185901484898,0.0455690156245316,-0.079251862984168,-0.0114408580065039,0.0993897223158619,0.0530948588555538,0.00253071606229341,0.079458961515085,0.0856754692672433,-0.0999838274267226,-0.11971180155356,0.082590843067771,-0.0134052126188186,0.149735375218707,-0.0274919945506895,0.0552408465353373,0.129439332747151,0.0805767253315002,0.075124454810005,-0.0348663657345557,0.0374033036615885,0.155380721921245,-0.0187353129630397,-0.171675790565014,-0.230789973551774,0.181662690181133,0.0624226692073195,0.00410283134818376,0.0863751357823858,0.0980702447844516,0.0236286800142594
3600,3,0.0886058654737817,0.112728215084835,0.0327617923479477,0.155939248365927,-0.0046153287700588,-0.00765365551401362,0.0387484534760501,0.191829499226644,0.0270249864493666,0.284139824133087,0.204751206372989,0.0886888956173353,0.136499217980527,-9.37972507156215e-06,0.131371512822894,0.109676945825332,0.0031940513139537,-0.199687990509618,0.221812630663992,0.147144797841349,0.0514431165881163,-0.136013358372853,-0.0392393272886072,0.0901187211511012,0.0419184178659372,-0.0254332375562837,0.0783813309461674,0.122232216861158,-0.0332342143572873,-0.196822200844719,0.0634669183294629,0.00632665072557384,0.110622780448407,-0.018136401301469,0.0856134075776143,0.134117898909669,0.108299401808632,-0.0739407289370013,0.0345051700456702,0.0318957512017456,0.125454169472724,0.111768735176866,-0.126014657774367,-0.279559719993932,0.167682782615718,0.0918550135963644,0.0518741377768571,0.156688650278831,0.210427844720925,0.0195261183741793
3700,3,0.0680464148255587,0.0281424052672106,0.00127914813910449,0.0719950509019147,0.010198638405694,0.0730003215964135,0.126504641180334,0.0869238601805011,0.00104347776419342,0.126770882773986,0.0154997167556708,0.150829212935634,0.149012289406203,-0.0142317816730544,0.052715270125841,0.0507628902792872,0.00961549076413878,-0.224197853069617,0.265597847261959,0.180803863220826,0.0731128192295351,-0.057016134952011,-0.0322298010253137,0.142880702693396,0.0338421417901482,-0.103048636758992,-0.0381335803120272,-0.0197101086368591,0.0736010638280025,-0.136646008920609,-0.0174592560634888,0.127223065927609,0.0509903059093069,0.0645448494644991,0.0611232566973549,0.0829394908362786,0.129635427856268,-0.182759154718745,0.102501569181143,0.130727324878328,0.211582866470453,0.103639853254684,-0.12904708767931,-0.123036095367583,0.0999447100483551,0.139509560588567,0.0549024857491792,0.139706016222338,0.12664751957733,-0.0160646028742291
3800,3,0.14438977050294,0.0718173644471026,-0.00103177439907268,0.0203079924192599,0.0251755146856797,0.0523001719526135,0.126298386581786,0.0713502774353428,-0.0304303659052214,0.132094057491087,-0.0371780120619438,0.17154850396007,0.0787861267998588,0.00898065995141087,0.031061088128629,0.0854023359815533,0.00177306194650215,-0.195181895760922,0.170179334694754,-0.042415482288741,0.0431759716601059,0.044842438386834,-0.0551261695833135,0.157874281124313,-0.0100045401187036,-0.139961047767408,-0.0490356501408101,-0.0538706601981452,0.13163944535635,-0.0849760460062157,0.0592221138316026,0.159402623696031,0.0494249845982778,0.178570320251259,0.0546944736755736,0.127732634197919,0.12065260471661,-0.15426778378433,0.0584381223699789,0.193975948611459,0.110798901089753,0.131502075939412,-0.00567173477591701,-0.0229200159571508,0.0411266714872452,0.104931460971681,0.0455000437673563,0.235006886194551,0.0947074793369633,0.0085711827864208
3900,3,0.242649830503258,-0.00308085654924631,0.0167208633938548,-0.0278555558413009,0.0175918739353972,0.173557630542632,0.179341598067882,0.173753427024065,0.0610282920952261,0.0681258728704285,-0.0874034745051719,0.250624824402062,0.194007875136462,0.00232605776259456,0.283528430896864,0.1578677261961,0.00777804456111544,-0.0422218069692092,0.146211492559064,-0.0791658817690561,0.0168096066494548,0.120936297705669,0.0173333671021493,0.124011950900173,-0.0908996399675416,-0.0754749678167639,-0.00382424272857454,-0.00149204484016727,0.231968144389895,0.0591195363533016,-0.0113493801912652,0.224465904170389,-0.0753484110828704,0.251007234461907,0.208360453777881,0.0655086265340757,0.157520368819048,-0.00339174276607337,0.158327103622863,0.140249793897681,0.252421442338828,0.325745682507714,0.0873871532432103,-0.0975208614696607,0.0813864954318134,0.00850046494675796,0.0718363079402055,0.179828576250742,0.0814441572727344,-0.00225331461612291
4000,3,0.289363715331852,0.0318850561707909,0.0728284548753538,0.0940770374938453,0.019933502196058,0.175554605177466,0.186091015239596,0.207214480171967,0.0995956739613002,0.0898850765903972,-0.0898085925986236,0.190418858782044,0.231351820821685,0.113979946239955,0.204718677844207,0.233184613161839,0.0379151307152941,-0.0235353315265716,0.19208631035635,0.0570605388345901,-0.00429027377676536,0.285160344761007,0.0372555739302347,0.117951257031759,-0.0379684731390647,-0.0111512846424891,0.0949369282559614,0.0138601456696238,0.272529368578871,0.158070702962289,0.160106614328665,-0.108356348659448,0.0904601330212285,0.142657212567589,0.107976048424967,0.124393187258434,0.0504707973582466,-0.0124847542717624,0.149450528003528,0.196226523689664,0.185591481969777,0.239914465584685,0.190346032766876,-0.023388647213387,0.121944272662057,0.0554555880754185,0.0831374996506971,0.0871230770647462,0.0865624634285572,-0.0435938019035181
4100,3,0.198410507715197,0.0715769774090562,0.0230925162725532,0.1240810115767,0.00806213002919362,-0.0191772712413692,0.0534435632389501,0.223428313276282,0.0335766205113778,0.192889751448779,-0.0919034443646508,0.178167478738561,0.0120107373987268,0.0550481811704222,0.164991494514626,0.112199293798345,0.00782765388098147,-0.0193604258726909,0.199059586430369,0.110643810504599,0.0211114667681786,0.329408128205506,0.0337914101939853,0.0983173108252873,-0.032596552735014,0.0204320463023114,0.0557555307466236,-0.062428280871177,0.234282139580818,0.211720511267368,0.150887768136544,-0.149997443855004,0.0255127413267663,0.0270762068102799,-0.00989917547482252,0.0829103295797782,0.0811066290039754,0.13498551714441,0.0667414377999182,0.126608623153301,0.0539071157365995,0.124837213500269,0.0912204194021039,0.0742681794399128,0.133348778730502,0.00414753412066518,0.0233819087682987,0.0652519589469812,0.00463774445982909,-0.138573670923999
4200,3,0.2007149924397,0.0246932444942493,-0.0399714509416752,0.0944836278905229,0.0396401457344474,-0.0848698805869046,0.00712412847751834,0.151805382510423,0.0754652362318722,0.201688747895666,-0.0166221538838517,0.167898003889069,0.159798648067542,0.0982991611382249,0.203622882499925,-0.0303403100797546,0.0348186328970436,0.0151262241518073,0.0860777909949389,0.170793128906635,-0.00762108563184147,0.155699710805292,-0.0104953216886381,0.092411518060737,-0.159648789308459,0.079076205309433,-0.0134334410752663,-0.177712151820879,0.145706414128807,0.268832162501954,0.098862283172304,-0.18142446594545,0.0291883919123989,0.0535881271340748,0.00566531830567166,0.110651076279578,0.0257624938730176,0.0583331777660349,0.0389667175321377,0.13088605890692,0.141373827790263,0.0850736751657544,0.0323734840778195,-0.0750452251230829,0.0961869761714624,0.0392663423087202,-0.0121942792818183,0.10091090536343,0.0636517584564979,-0.0635043987796461
4300,3,0.190414567076771,0.0561767502339117,-0.0501388277527652,0.177407960571983,0.0706079592706923,-0.0323765889740106,0.0264588958974387,0.130423291616544,0.0723446592182051,0.170943046789012,-0.10648092842261,0.174114125545343,0.147915734373779,0.104873589063817,0.110926314667304,0.0344298713827172,0.0267618310187885,0.154855579737161,0.0514219378749747,0.0979169939301558,-0.0121412172234522,0.218817102208629,0.0303087762646446,0.0524563781904625,-0.0904900857543114,0.110689925662245,-0.0287310491075975,-0.130455133500634,0.0587171030058127,0.236427062454242,0.0776598019665861,-0.090872828813597,0.155215631289292,0.0907903925500244,-0.05789903240615,0.0545916307009604,-0.0384162744163871,-0.0222739056299132,-0.0551445810867701,-0.00273195493321807,0.0526854060782035,0.245673348015845,0.0711327918629997,0.00763541059727732,0.112446738597528,0.021681007106184,0.0231578507769948,0.0795730569294225,0.0263183573223144,0.0198896028584878
4400,3,0.135478595943761,0.0511103743831331,0.00842537512097644,0.136762553305848,0.0238087092072055,-0.0467456280390442,0.0503948752875343,0.17006208330603,0.122136322911825,0.229146249790565,-0.0936493824530052,0.141431209890704,0.175312490519957,0.101819079258216,0.192014914685203,-0.0419374971880626,-0.000300813222521429,0.155940841872831,0.139261787492966,0.0166742250513726,0.00522087361761606,0.317674460080278,0.0171267988719329,0.0911261737563148,-0.130856415901207,0.122791833064118,-0.0550768603495535,-0.138523856578771,0.0506024928179411,0.152422378488331,0.125077623332897,0.0586431967538479,0.0626245116292792,0.0175004848486894,-0.245761265601713,0.0171319453996815,-0.0652676569669215,-0.000253986658199395,0.0121447110274619,0.0730365924196323,0.0406320759592062,0.210357111386488,0.167688905795857,-0.0168853452072912,0.0803352975626553,0.0303109782017529,0.0918010385390309,0.036416533337732,0.0499639115003039,0.0276151849279757
4500,3,0.0467070194334989,0.0245221102162667,0.00571978423526839,0.0739225450353121,-0.0503841320825092,-0.0972863862422396,-0.0341820868495462,0.163146549798585,0.120480504127452,0.305030610953647,-0.077249809834738,0.238327771018681,0.0555043811917886,0.138803848453058,0.171986938923684,-0.0260008807540458,0.0105070024937543,0.198590327605394,0.0450915895128322,-0.0115270982186082,0.0331399414888888,0.304767401023028,0.0580474013334377,0.116692099138874,-0.0215288535909744,0.0765414176276818,-0.0172028445820513,-0.132242021132809,0.0473270285220936,0.037923901093509,0.209583069188372,0.172226299047612,-0.0410667727290916,0.0621070151963729,-0.22278503601782,0.115101470417722,0.0528554681555555,-0.132298732604249,0.186251254423655,0.122262698077763,0.127464846854369,0.13571480818608,0.0717955015349352,-0.0398543668258868,0.115374043895281,0.139448018803987,0.0833246187636382,-0.0483862534274419,0.082756892864732,-0.0890655636587719
4600,3,-0.0618686351733625,0.0541372438108728,-0.0184366472976107,0.126100582125709,-0.0569864781694816,-0.111641452867059,-0.0357564647129352,0.121002333631457,0.05716001206767,0.259903604599774,-0.143700630594851,0.0709403224841304,0.121727858850035,0.177090121228783,0.0982751589565525,-0.0162307271892524,-0.0171851537730469,0.106694659779621,-0.0823899318968202,-0.169535940157005,0.0939859926967637,0.286404827640082,0.0498431015853173,0.0552745481545278,-0.155513407152213,-0.0328455752764536,-0.0174238916143854,-0.114130206451982,0.183329622745518,0.201228964175124,0.201100272291729,0.0207956763042788,-0.0833709337367322,0.0154380124082663,-0.185866902027118,0.144124367736659,0.0182442593765129,-0.118777876348944,0.101340236539628,0.180553780845851,0.0291691136789231,0.0967566023234656,0.0582091724384115,0.0966721982291052,0.0211288323781037,0.167206009196554,0.0143112821225815,-0.0670278028849762,0.0858427369603521,0.0224119429063358
4700,3,0.0108175530890726,0.124628176665297,-0.0588708456618805,0.0187540784799293,0.0145838998909373,-0.112582040447992,-0.111744030182819,0.0879642455099209,0.0219865409569427,0.265193251318663,-0.0214247115082394,-0.0114412532787119,0.121645332262404,0.12368841613488,0.0609187190924186,-0.0794853962722043,-0.0230238408342756,0.0646998507212264,-0.0105573034917744,-0.167140033901435,0.0872314944742119,0.242042670379679,0.114847594639711,0.0632083774872579,-0.122432266690989,-0.02068391733462,-0.0108022370928932,-0.143761095724753,0.118223635137961,0.268058366126314,0.116242372874384,0.0606472406609978,-0.0375568223275849,0.0103705085052203,-0.132140162521061,0.135464180038762,-0.102947321493406,0.105309071119277,0.102744676729764,0.15142820569807,-0.0178594971224735,0.0544080745402492,0.0478357567564001,-0.0466600846395745,-0.0165274876025799,0.20268692593641,0.0321713255922348,-0.0262150818898061,0.0265123929144571,0.0793091086604813
4800,3,0.138614867710295,0.0596785813026173,-0.0892444419907467,0.0370130124733138,-0.0677194102870286,-0.00667121359091524,-0.10859939123755,0.0806689958243585,-0.0618340036089345,0.114315923079084,-0.113484491014887,0.177553092124143,0.0538255152857755,0.0101799178740737,0.097549295036098,-0.106327721714867,0.0501446274593937,0.0653403207585248,0.0787347088267788,-0.0184420993339564,0.076087189559884,0.15282614025455,0.0347806963148896,0.00357918933105997,-0.050849148589391,0.0772756298772478,-0.0404354354785777,-0.206376059191855,-0.0160716324286224,0.186224336030325,0.125422030598666,-0.154960960622667,0.0121803868762282,0.145336727619302,-0.170635685091097,0.0652901760558599,0.0462085572500121,0.011365514576531,0.0222089958241512,0.0063067036456482,0.0345637766322825,0.152389371491615,0.0294504403182293,-0.133473954575164,0.00971348937682134,0.180241638439618,-0.0452370638672341,0.0694339117429821,0.0350794610694915,0.0273008832588074
4900,3,0.108542268107129,0.0677894512001966,-0.0134930657058623,0.133175617365587,-0.0504801972293202,-0.0239265619955662,-0.127407261921214,0.0541887834849075,-0.0976942833292764,0.0599572447179235,-0.111024249717711,0.231780972160591,0.0708768338283659,0.0326176111624541,0.140293700582379,-0.146438038096277,0.0409286891005695,0.179401952351044,0.0109913958178709,0.0419193520012957,0.0887925397355145,0.147423335643181,0.0322507034625625,-0.0106565372292034,-0.0959668628088448,0.0619645233420263,-0.00628727748939537,-0.0653862625444648,0.063164475797407,0.20556884744396,0.0238589083592382,-0.234735648389595,-0.0545573911038164,0.145913713171204,-0.156230746376139,0.0903095425946974,0.0169961323195905,0.054172302315303,0.0976061357385754,0.0634928261733406,0.0707371353745459,0.177588996715609,0.0199876207819716,0.0465577858412668,0.0702982339226885,0.0624766058221962,-0.0198190814259848,0.159733215978434,0.0150594688268732,0.0312231475019331
5000,3,0.0928456448419364,-0.00733950633619343,0.0545127477303638,0.172654557705274,-0.0185362810512927,0.0128605844287669,-0.00537002906540338,0.0207843062422579,-0.0557894543872678,0.124251268110034,-0.0615324643817511,0.1321321921056,0.168087692443178,0.120668927557945,0.118624350672165,-0.0435161263114139,0.0787627207061464,0.107033688298733,0.00306095631937334,0.134405593570244,0.0326356817619392,0.113206467559369,0.0224776172479702,0.0275656414644158,-0.0504373315068762,-0.0336615184284051,-0.0320113040200411,-0.0247967710498152,0.0260034083840403,0.254056316149668,0.120019104242013,-0.21200058949404,-0.034566868388006,0.0265027658097715,0.012584062615878,0.0242505351823806,-0.00388903335928428,-0.0387357694961578,-0.0430060475433487,0.00900554475950613,0.0610566114375549,0.237487179854498,0.0271470660671226,0.115406430038785,0.00812369963103335,-0.0370204424868972,-0.128753726938815,0.0401760133071132,0.0649252172127553,-0.0813454476674114
5100,3,0.15488834176004,0.0103475638642095,0.0841485587907614,0.177204901132581,-0.0121788568851292,0.0385236632467779,-0.100756743143544,0.0605161081243447,-0.00491077364965806,0.209427859436156,0.0917759974825894,0.200242359388614,0.133902779743479,0.0782639728941611,0.0542015738551315,0.0186143707747517,-0.0172601217593122,0.110910102784835,0.116264762931228,0.0485842890646836,0.0377906379658126,0.0399068076353913,-0.0414219204901691,-0.0205252850446656,0.000123446015465739,0.0235064806056973,-0.0272612934296673,0.0655776609566398,-0.058524979370993,0.183922802680951,0.132250328575704,-0.288985441366743,0.118465334910865,0.00864271453209009,0.050474451023767,-0.0152634711096573,0.229851234902943,0.0843295886646184,-0.047834041400116,0.0642587269539285,0.17835874854831,0.0705362751783747,0.00493943638151031,0.0657371056308264,0.0707476555750393,-0.0610907843495652,-0.131747076415811,0.00423698196208741,0.104254624741641,0.0753344762017944
5200,3,0.0906357077267557,-0.105771485826367,0.0663099896322817,0.062279193959585,0.02203412462479,-0.0539689890601756,-0.0169343349256821,0.0382102382905501,-0.00542112473279657,0.192528453883493,0.298794649640617,0.166078125029626,0.195826837414527,0.0402205449209397,0.0248464932878097,-0.0189437632090233,-0.0501818344881334,0.106086862028681,0.0383351710942173,0.0102171022841115,0.0910074348758889,-0.066951567670765,-0.0133484515836902,-0.0386123924266346,-0.123205642181545,-0.0649063208458178,-0.0761842066880745,0.0323357663016198,-0.210954036102901,0.235473139392694,0.134137091972741,-0.277353130495413,0.118803788958087,-0.0087632415884499,-0.0410291831857505,-0.0698952484794914,0.258193430646721,-0.0222465529967694,-0.150268283366289,-0.0994287561017173,0.128872212141004,-0.0580698023287317,0.0273233132650894,0.0547621832253504,0.0794233823478722,-0.0270126831234023,-0.147220181260626,0.0514100634174236,0.0677035211938506,0.115707984323338
5300,3,0.148878796240744,-0.0720060704270483,0.0553457315497628,0.057467514381238,0.022963126976905,-0.0642291956793394,0.0747541555874601,-0.0156857834106345,-0.00555570300584526,0.09505062112441,0.329657942872801,0.136578375546982,0.0747685029050308,-0.0232398913359373,-0.0507720324210677,-0.0149724164766502,-0.0506867415018426,0.0479559525591425,-0.0923937704288516,-0.0152623539723108,0.0877016546240184,0.0887930196649542,0.0357104906111369,-0.00636885207435853,-0.197877280075759,-0.00178768657567299,-0.124809367041419,0.0500306098408808,-0.145487441729588,0.000489900608508037,0.0851834218719325,-0.116195307386354,-0.0450120700985512,-0.0687998945600337,0.0425962126083395,-0.0844023045821892,0.098944914208622,-0.147402539906767,-0.0778572654275834,-0.11574530668343,0.0745023905831265,-0.086372783081713,0.0687540385439123,0.158794145678067,0.0283268375085433,-0.0763323752410677,-0.207903023181722,-0.0138253167934634,0.108359294375119,0.139826210063552
5400,3,0.115361494497579,-0.0097576230581031,0.0784624430708572,0.0160139574803596,0.00904602818851405,-0.035193915483134,0.0474991659024838,0.0598175472762525,-0.0532498639103701,0.0362202437654391,0.193154656573943,0.16313345741076,-0.0208778656450191,-0.109132367338207,-0.0190796107541512,0.00527901753279233,-0.0765579172437102,0.0871853344454128,-0.274380908674896,0.00876218946279536,0.0470341432547551,-0.0884179420832042,-0.0398548232912711,-0.0269693483059671,-0.133252125765296,-0.0224896572812207,-0.0172470174766726,0.107487835749606,-0.0985606772728805,-0.0667473321692634,0.200006144076191,0.0225061590026258,0.0785394976728106,-0.179158232710801,0.0177068257717038,0.050092240890858,0.109451233167617,-0.370433875111438,-0.128546384683503,0.00324564280261283,-0.00877385396019084,-0.118685202388179,0.0250938463055993,0.0769067246533391,0.0298615986129889,0.00620194925516418,-0.147895163611972,-0.166039156533863,-0.0371415698241365,0.203586758595389
5500,3,0.0656641378748712,0.0219004693558456,0.0947974161352996,0.0555692943585601,0.0317049052466616,0.0343105192703304,0.0271847482609484,0.00436576437143663,-0.0277613153935681,-0.0771418251456626,0.155418291843994,0.0189467216726821,0.0592158314804617,-0.0646975145854791,0.103230338140245,0.132526923320954,-0.0749122244027564,0.0564690230414488,-0.240243917982959,0.14599873577897,0.0575216172351415,-0.0233717962059649,0.0186538279989228,-0.00519780963678249,-0.023561442615933,-0.0380685079141782,0.0735342089151144,0.141036106518759,-0.283207344387431,0.00235635257336389,0.141065563870858,0.27849528493995,0.0601931160544117,-0.0889591029609424,0.150689015960936,0.0771821569119914,0.151488130599914,-0.239687661439611,-0.139674884223161,0.132177535065457,0.000816182965459017,-0.0305842475054061,0.0869464472792,-0.0750881561927423,0.102361243303576,0.081669008108883,-0.057537406109614,-0.0479965315576374,-0.0133658282486492,0.0963286865988017
5600,3,0.0338079247511527,0.0997010316488477,0.127316636334352,0.0371100024429575,0.0063335028090564,0.03932874769265,-0.108249224642944,0.0560952160794473,0.0312010089194424,0.000951892217377376,0.234773119176839,-0.0429724949266532,0.234714013077128,-0.0607741717273678,0.0713675226706741,0.22507313062932,-0.0391707372198875,0.13133151986686,-0.257798639289256,0.0663813182471495,-0.0191831767604685,0.00213360653009462,0.0152856605089977,0.0635554216516661,0.0130266437769852,-0.0190244284910754,0.0982209450989086,0.0431084249055401,-0.0804329548681841,0.236190860112532,0.214112591303923,0.257825216656144,0.117973079077863,0.0686782487501433,0.157497909988471,0.138376442323924,0.0934687703911655,-0.202029115642966,-0.107948064099295,0.101457942693903,-0.0322161116508365,-0.0734236563122198,-0.0274057009213228,0.0354701066093742,0.175917537725668,0.131104573313581,-0.0659330796011815,-0.0232353109585582,0.0329661815223325,0.0734560625111533
5700,3,0.0646520483624095,0.0986812537122659,0.0748852874383557,0.0841392741747321,0.0860587923571829,-0.0357675259418143,-0.0170483396793696,0.109910581363543,0.100152957648125,-0.101456220314259,0.118094125087932,-0.0153273631239697,0.347694220450072,-0.0253165579044591,0.134013378117823,0.147593083097946,-0.0288820845458622,0.118908433089627,-0.206834138261139,0.14528472643866,0.0210231518277959,-0.128316948497491,0.0837787939169622,0.0168278271404063,0.086646509841592,0.087362892336242,0.0896954333948465,0.0324314190876207,-0.0754542029855909,0.321037255897553,0.227394723864782,0.165208077915757,0.228140061949493,0.0813175494811268,0.37506999266642,0.0855298141977401,0.089712134813189,-0.142823087705661,-0.0185635395952574,0.144297753432303,-0.0715640214382397,0.15090797064902,-0.0870275481896879,0.131573312526991,0.0815299503841196,0.20627249242678,-0.0883440541686508,0.110152919584783,0.0237946011042947,-0.101394443047387
5800,3,0.0217334564024665,0.102260166785096,0.0411136996439557,0.15537447281437,0.0471441067652157,0.0692436165270222,0.017271449054037,0.0701797879523167,0.12408102844835,-0.0675081018963985,0.183284251982053,-0.00375733664746894,0.395496992130883,-0.0160911856516348,0.259496038996381,0.215900716240976,0.0283914713169382,-0.0637728642503868,-0.174661194890566,0.0766957985651893,-0.000467317880468304,-0.0524707425902199,0.0852140185232435,0.019683943050696,0.12144346897001,0.0314052758407965,0.0249987868670926,-0.0881338002253887,-0.0470036059190723,0.401267609308459,0.290592026620693,0.0622145655804441,0.129977029996681,0.000689269332571268,0.464500805360671,0.117830541642119,0.148966771009952,-0.107173941470856,-0.0380232465767348,0.185769665673334,-0.0352641364997024,0.371496481481356,-0.0257387929879816,0.0345445129723206,0.0222923423074745,0.157999835816978,-0.0876383940227222,0.20149369240453,0.0862565114720711,-0.0193829464583175
5900,3,0.180286953188786,0.170624696067548,0.115137247344056,0.1231502513784,0.000334418311456669,0.10195085117064,0.121579309059997,0.0486911816028817,0.0327795658662059,-0.0904498697349491,0.100022724755008,-0.107872224236757,0.287470281102105,0.0443223484196297,0.198475676587199,0.108897758134496,0.0598313641957929,0.187590016273404,0.0235591517555207,0.0818143063454512,0.0366891928454831,-0.0308322849285989,0.0804881698916576,0.133244510371953,0.279578620452787,0.0564751531723846,0.0590927255429479,-0.0864783680096774,0.108126015323191,0.319866303561374,0.202446424472877,0.123317147460459,0.23835882589798,0.025705845043662,0.386193757004656,0.102309055826869,0.127803793818531,0.0895438375791696,-0.064210811795324,0.181776608611923,-0.0309538702661273,0.243124920250075,0.0300096780697083,0.177402543601509,-0.00225081270812813,0.197114873571282,0.0171836413306871,0.173249204323092,0.16351599147177,-0.0557640051584169
6000,3,0.1616022122627,0.197832459573635,0.122165070401622,0.0647167080806552,0.0269090778783994,0.124407051174852,0.0509080838476176,-0.0552369630328965,0.104349086614266,-0.120078723119408,0.00322884080413707,-0.0609468437733169,0.434293096895137,-0.0345088814333143,0.173202921271226,0.0410744922263463,0.106820363388357,0.179198212599243,-0.0225531268936421,0.113723895737966,0.0756103191614958,-0.00654186346514382,0.113227831008297,0.186659153192852,0.313237086960278,0.11496525399895,0.121853064842321,0.174962232308425,-0.0364029617869941,0.446885851331438,0.214169593776412,0.30273095666163,0.372457151693019,0.00406436299661564,0.189010849262234,0.0648828987326562,0.0268003132381778,0.159059934780479,-0.000506977665906821,0.135174657789571,0.0560278671292344,0.165382468598665,0.0899656682227396,0.322170987311231,-0.00395549972303275,0.0603270229274867,0.057295851757689,0.141692029985786,0.119228720845569,-0.0136911191646108
6100,3,0.0753034997621884,0.102586818351371,0.119133445399708,0.109529107528653,0.0314617169983501,0.110100378594951,0.0512847674333463,-0.135752554082323,0.0257407276764552,-0.0454608833861588,0.170129416053747,0.0553511263823771,0.387936920930259,-0.046122642985597,0.0870003364279359,-0.0375147093999541,0.127503297117825,0.149952520497392,0.0404943715521363,0.0122376137327431,-0.042956591284034,-0.0106783390551718,0.121389321047764,0.18757147223873,0.142480747251613,0.125433845771254,0.0434832938611669,0.21011060000787,0.124308739980952,0.277009011393552,0.198113729063407,0.245635189190751,0.5140844674615,0.0293149478984073,0.204178975420378,0.140575219078206,0.103427180257955,0.244601399927404,0.0339337175285378,0.0447423999954644,0.042559519342114,0.134120264614296,0.106246170426787,0.26633850316159,-0.0349301969953385,0.0225783430690459,0.0813532122985039,0.220541920469124,0.06129842116973,-0.0330346480780357
6200,3,0.13464735458659,0.0851266053780651,0.118795358089602,0.205308410814909,0.0256120028339608,0.132385379853281,0.062370685997256,0.0134911990418627,-0.00705718706916156,-0.0216164047678394,0.194189267123245,0.031968850666232,0.309958030744743,-0.0354839797621862,0.0880529489393121,-0.0719063935940828,0.124720444921883,0.147069855507812,0.10162554076139,0.0935597596536773,-0.00695181816402415,0.0320381960841391,0.0963006984005323,0.142297524150038,0.0921186860371045,0.188141880539725,-0.0540799619991526,0.191894251466548,0.205544328963125,0.0290433491117702,0.294556334369645,0.395979512482084,0.412199860951366,0.0867477463167478,0.243933342508601,0.110396063991845,-0.0103359849343705,0.237565656002698,-0.0871814292266926,0.173648714672221,-0.0297021126686658,0.0736224901864115,0.0778676635544312,0.321242573291744,-0.0329583918884484,-0.00141615310661855,0.0163819925639593,0.270108310940581,0.0819037240302568,0.16547933840288
6300,3,0.138749702633921,0.0408736503030585,0.11412439646082,0.218117946333325,0.0420488900017656,0.152733229975651,-0.0576413038835678,-0.0829317986174704,0.0424624310367372,0.0747473183620493,0.240702391288051,-0.0299189436314937,0.186368883312712,-0.04180149348135,0.0865394725148305,0.0119410010377448,0.0800940057127129,0.121053178183219,-0.0145025762225351,0.154675703871037,-0.0211363376642006,0.065706470766666,0.0436759909068261,0.155000702973037,0.0505247135521328,0.153636186948248,0.00152679075442,0.196797574813966,0.20954784386365,-0.00298443469360507,0.250451202068484,0.568578197771759,0.184082276141769,0.10328238260062,0.270819922525721,0.0662922371217088,0.0219155734287113,0.0836706752945808,0.000916099801770071,0.102101736445253,-0.136546819750421,0.088204078607575,0.110923446394988,0.293741641651748,0.00987922904134977,0.0174801753253445,-0.00721691052085841,0.163512165786075,0.0997242624039524,0.0956312998776494
6400,3,-0.00041818234324606,0.0643968448359859,0.141125869546722,0.16583784755342,0.0966312853069973,0.0945599483843954,0.0211121914938795,-0.159764799410298,0.0568864414547343,0.00588678102313675,0.101528245853794,-0.127675492538557,0.0277478147679373,-0.0564232408858769,0.163080935836367,-0.0302261258949769,0.12007687357104,0.0643559477160776,-0.181228324164048,0.211743437607761,0.0185773659667095,0.184831088324505,0.0385068707210041,0.117560416645386,-0.00437164356908507,0.177637391670113,-0.0103900835958669,0.136839594456755,0.325704421692145,-0.00212995022201698,0.299215647293431,0.343552076622146,0.114922349162368,0.084424049676966,0.433268350675377,0.164612113500751,0.0975152100236018,0.0105097503474788,0.0413647979709049,0.108581883122865,-0.106939392250221,0.207650028337864,0.143182065342359,0.233402537598446,0.0124201944108271,-0.0588543505753711,0.00612601038772589,0.141786857286465,0.0843495470932647,0.0308979650863506
6500,3,-0.0466076243144259,0.0907976721117605,0.0711663825895049,0.0698282189408409,0.0621361126223189,0.0506629488889707,0.0830499185431112,-0.13300891889656,0.105079588808376,0.0162394853014054,0.040921967028564,-0.0232466301053082,0.0310003869510627,-0.0456739973606368,0.27399606894103,0.0502004697013984,0.0858881650990829,0.125730577954413,-0.117758883383767,0.191712318369948,0.0825288770179459,0.155687418183846,0.0345045443175841,0.216245593539367,0.0583300740510769,0.100231718996912,-0.0089334397226761,0.16725130355847,0.374716338529361,0.0224981691180353,0.126832026520842,0.188628492195014,0.114719128623069,0.0978447293690754,0.466229855802547,0.173872758657896,0.110928135697228,-0.0493339694774147,0.141042859712963,0.144415180608221,-0.0236984121724099,0.217972473744031,0.180988896785895,0.297441181595441,-0.0426107166534759,-0.0901348992425565,-0.0215312187559204,0.134584067823332,0.0235466948789217,0.0435372851753354
6600,3,0.0539351604420548,0.0677498141269635,0.113438277753225,-0.0245485665349078,0.00793810589685282,-0.00837063650295308,0.138023804896255,-0.0638109554445837,0.120287510372386,0.0409754834256263,0.124895457651388,-0.0481163443222669,0.124799865742319,-0.00531048239948703,0.26161437968884,0.0779093836164294,0.0774112396644522,0.0719203465841058,0.101060550774486,0.121451489834458,0.0478483702735819,0.180299690825237,0.0275017303167303,0.212682677907523,0.120905069236358,0.0515508375736472,0.0894761527615466,0.200999499109546,0.314011998586134,0.13249947816123,0.106525736604237,0.181582927433005,0.123743867157084,0.0247829161601891,0.485304291877051,0.155052292645251,0.0495419441879861,-0.0570214893321739,0.100207184297999,0.138167221491123,0.0498894164662016,0.152750674122063,0.0886201327250652,0.258446875493426,0.00348194758213641,-0.054066398202629,-0.0131325174584295,0.0665575193701965,0.0724679561763679,-0.0388348056997732
6700,3,0.0070942589707175,0.010624784868875,0.0772483233698432,0.0380591636889688,0.0377457895863641,0.0226097367406916,0.14432349486251,-0.0329494278704701,0.122536448973002,0.185968476141391,0.323024905784845,0.00285625975069745,0.067741410795282,0.0247298668586435,0.156113641817297,0.0487396690437062,0.0462366005285167,0.207152632558196,0.175081155750537,0.0966785786342532,0.041231066267163,0.293682761428265,0.031589162271725,0.149835725810189,0.225805178466988,-0.0238422370344906,0.0701165592475035,0.179322529227351,0.137145271122669,0.0495103075484948,0.0975394488196456,0.279816674627061,0.125048777904702,0.119742333590838,0.406971497914778,0.0344876649771319,0.173257322976619,0.0349534478288654,0.173459906074361,0.1085511220877,-0.0161204140355842,0.279052460094007,0.138134771432733,0.234508516134992,0.125009284620158,-0.0848401177861573,0.0503889497827622,0.079733960905376,0.0905033584881017,0.00122873375419261
6800,3,0.043302461984801,0.0324306837923127,0.133159339116653,0.0714014517235374,-0.000593288411974618,0.0491474660155151,0.218286138117753,0.0429975625909668,0.114587459157087,0.128994841700178,0.204846919789294,0.13789636439235,0.0769075553985342,0.0152788947295405,0.0857599168802606,0.00131723254515229,0.0279456376385997,0.252891898180479,0.0693143751365663,0.126738186661809,0.000892378570475277,0.113596254161643,0.0310964234009698,0.173872488359221,0.192199306123915,-0.0570578570184312,0.0993325955651522,0.0381455939092538,0.160483923269365,0.268169541999106,0.164225452792015,0.0575951787028771,0.117324711889286,0.133799040909819,0.389212856892866,-0.0324791281029535,0.293865000720314,-0.0149290348331491,0.111035992427687,0.11969575906939,0.0843661709245297,0.134221006741554,0.0826032197480252,0.30756144765739,0.0108227621721071,-0.0346890666620082,0.158401838068207,0.22285310635454,0.174885458699839,0.0486125527100763
6900,3,0.00527025076499968,0.119763670916582,0.124096881870896,0.104705356934514,0.0457135485847107,0.0563481180254735,0.200352428685722,0.0236014942530808,0.113625005636294,0.249006541742511,0.0793298938343193,0.0994436803988192,0.166783308426848,-0.0328668672188775,0.0939097387899812,0.00151634262369929,0.0297701034336859,0.241544519971102,0.0757014528874526,0.0717903111275317,0.0735159232094381,0.0774556756667172,0.0690285986607301,0.10728110332972,0.208200174635611,0.00822092815736949,0.136211802998321,0.0972609136222184,0.197958906514316,0.368476421623167,0.0565969783085725,0.057719259699087,0.129695411240828,0.143861824458462,0.29443299883729,-0.0738073883288068,0.251235597894887,-0.0150166981132966,0.0805706295486881,0.254073875881319,0.0991079969253185,0.0322554010527175,0.011775213756041,0.235610850714041,0.0933784388200865,0.0461914686959357,0.173391176965961,0.174087962814793,0.136299593485963,0.0440940041486112
7000,3,0.0237636034486332,0.147760510318878,0.181229396677771,0.125732692823053,0.0116529780860585,0.1055607756022,0.192375933083909,0.0514772851948802,0.109173858590173,0.175483586548966,0.042416289970664,0.0803260399701037,0.0394172498909304,0.095456162433655,0.0678634490862352,0.0671984650672441,0.0370590565888625,0.275410846443901,0.177683787878812,0.118333646642068,0.104477807150982,0.0629504429559493,0.101088236423764,0.0633291420395199,0.248931954428768,0.0737480004010439,0.122367864688177,0.166527178485882,0.361082441603553,0.470123905241092,0.212073044413369,0.150098018566017,0.0830226915750259,0.104606108235439,0.442850165411378,0.0285518602746219,0.227687334924703,-0.0104464201797948,0.0286828764631976,0.315176960280848,0.0871617374754792,0.0939805703160219,0.100981024621054,0.170111778551786,0.065884531354855,0.0492286392786286,0.0391739938663285,0.0927840648553992,0.0595587183842641,0.0579641358176936
7100,3,0.134938851918129,0.0684199443674256,0.134389219837119,0.158015558138233,-0.00956829492262454,0.177604914335288,0.145297474587774,0.0448660590028426,0.173957706558314,0.118434559374885,-0.0333302542818109,0.142232463901001,-0.0754798463288983,0.114809885004557,0.0228911714018606,0.114436703874835,0.061894571087526,0.115774700404003,0.308613077344344,0.107754523532302,0.0508367069298923,0.231325753944249,0.0946362124354279,0.0563343740211189,0.117739804728962,0.00941923104252232,0.082222283464841,0.201657462283661,0.215701965386009,0.231341072594339,0.182038453914638,0.323659929126708,0.178109813821126,0.00703680724895533,0.438913283187446,0.0237975870672784,0.174906415155936,0.123221826448039,0.0456299572067316,0.356791931867867,0.0761042771814562,0.169065788919014,0.0379658086920514,0.372058584693872,-0.00376035546842926,0.0772537001767473,0.0775157092939854,0.161798630381566,0.0308769239236848,0.0857219018591608
7200,3,0.142805312821388,0.0780252456388735,0.0463630244861075,0.0991387070059866,0.0113179381278795,0.199041064581405,0.13306153844561,0.0173673086188949,0.158474669031102,0.103377870412039,0.199377266460138,0.0776982849764098,0.0151717001713981,0.0918648442656828,0.0638429175217049,0.191307282685645,0.000598316042654173,0.26447520298773,0.321225574795474,0.258334828921133,-0.0308842230204369,0.253080686125078,0.0525612330896557,0.0284398223766343,0.0568349785822974,0.0172442904334694,0.148560295902145,0.208353325212541,0.198405310858051,0.265963311669936,0.0934328356666029,0.291001739666726,0.235089692504901,0.0144171711432319,0.324896156833541,-0.0271208459630457,0.190411289945617,0.0343206912417817,0.0743377516132539,0.3701123180524,0.134307601449041,0.119630141011166,0.112103489864188,0.190269203929355,-0.0527484539836246,0.224791135902595,0.0591367246096375,0.19583439272106,0.0322390575848457,0.140249390888421
7300,3,0.155056515892571,0.205282816334337,0.032701746729311,0.159883007859352,0.0913306015114986,0.152901299720784,0.152530684523925,0.0835742446481449,0.089719160384509,0.16248772824178,0.313560842362903,0.139406158382592,0.0212662148324311,0.0734894303744874,-0.0664134656970662,0.217229759855151,0.0750227971616857,0.269737739377629,0.236940567753329,0.138659476942413,-0.0332385523595512,0.169247704043773,0.0243644448442167,0.0299064530612927,-0.0430712173758326,0.0227312969877744,0.116454603340038,0.0943623193672942,0.317768921428688,0.32572368771819,-0.0615195873849987,0.233903080571172,0.122406681672616,0.080588930020784,0.228106187463602,-0.0657850425818236,0.120160059257339,0.0651357802124508,0.0541935475291749,0.236299808827898,0.0691277786168167,0.0383201609323653,0.0859551322566145,-0.00973841497054664,-0.0356399093469137,0.144996896493937,0.00245389151453387,0.175731004880978,0.0532492794861758,0.0516798158924507
7400,3,0.0747167659305062,0.173638728683429,0.0712878587982964,0.114579513611964,0.0807440570907821,0.197919483322859,0.148437643174366,0.0345477861777444,0.0477199112989995,0.190435560439636,0.294385707128144,0.0180929787716706,0.187941546629048,0.0271503524376211,-0.0160924649167555,0.352393834163013,0.0273896099679152,0.280190769554574,0.200323474769951,0.094424421587933,-0.0304421836043408,-0.0810510856822759,0.0656082092755246,0.0572681419119488,0.0894703629386729,0.0770949628153794,0.0840622806524776,0.140283363176734,0.475205922888807,0.366917662354586,-0.0224600470799656,0.214649997555647,0.0893042447993096,0.205617965505953,0.0683123821036061,0.0839776631248557,0.290672208448444,0.175283518175783,0.128247171628069,0.15765581861862,0.0534590707980417,-0.0190432685843472,0.15667852047004,0.0403508397060913,-0.0344456717037757,0.052586090261871,-0.0209367974934961,0.316068642415332,-0.0121635251183253,-0.0165620662876771
7500,3,0.0475991041188733,0.12737581645389,0.111655464530109,0.0596105707277056,0.0921881647944768,0.111151392635265,0.134236720256235,0.0801950177262424,0.100162707797372,0.188216866980115,0.387753238349222,0.0817888330155218,0.365771993458589,0.0259649640334529,-0.0204583786151057,0.181570563825955,0.0308246276456619,0.229615459071495,0.0709605597383714,0.117628297332716,0.0435577591701306,0.0102124341240661,0.0801923630074394,0.0536904524156897,0.15325783730089,0.100991637320584,0.151165419304875,0.0489383065485906,0.610065882104919,0.259994586644653,0.0574182191901139,0.22576355510302,0.130321919419171,0.142075211363681,0.12678127713915,0.115199242736107,0.140485799420678,0.292598743480025,0.0936798666153907,0.212067161057565,0.135625106860192,-0.11750248460938,0.10909120385735,0.138579547113997,-0.0156471114544732,0.0191671455009782,-0.0183725968771016,0.33731439556137,-0.0134808838290794,0.136787573446799
7600,3,-0.0259426679889669,0.174501898180534,0.143485949596051,0.0180001722920065,0.101229688806077,0.134306442323953,0.0912194621089081,0.0440953680940836,0.150383373222831,0.135133464525433,0.143945417362112,0.0475186626691784,0.238961053030175,-0.0213147676679682,0.0449940334883964,0.055335462195529,0.0510452885957909,0.111710737355115,-0.0258992979434332,0.135360725149986,0.115985419766987,0.0950820877410578,0.125346193108786,0.0763445987589355,0.0587049534649377,0.0930674257290286,0.038957662707902,0.049138653463917,0.284420346337095,0.0523457787092506,0.0645118985358601,0.126431221909429,0.0821347482455403,0.08521961493898,0.161022956566613,0.187592869372125,-0.089383367793812,0.185537776957538,0.0525950510159284,0.245299737683847,0.0458717822909449,-0.0712592517069986,0.117377971176048,0.397532918434577,0.0189677692559392,-0.0105164209791637,-0.0831942954998794,0.196971704860025,0.0139771334539813,0.0804051898219111
7700,3,-0.171382303909198,0.265082950606383,0.17688520875207,0.0194074448985008,0.0991892230568141,0.0461993957248618,0.0890434201806995,0.0427158161829357,0.153982970546335,0.0137453530111706,0.200426058653591,-0.0625832861233692,0.193872081443116,-0.0153077710838127,0.0723171394186363,-0.0709346130915234,0.02987281290619,0.130076767998645,0.043828153109876,0.0235535246278558,0.0478886842736378,0.108593834462873,0.0364524282806074,0.141382314015267,0.0673544339632211,0.0692810522339713,0.072967731747281,0.0624811181397521,0.0966555741222927,0.0912910260586506,0.0863967313434249,-0.027315297276501,0.179489151091764,0.0315067779253542,0.439847021584022,0.172529696183778,-0.0106561536478802,0.339960131581509,0.014523435116906,0.173854086592363,-0.0305890047771701,0.0192946652084389,0.166561763289818,0.281357029618481,-0.00889596276825669,0.0177180199518855,-0.041826756961475,0.300278320088138,0.00334763138614644,-0.0267459773237683
7800,3,-0.183879074656383,0.14357207505223,0.184211600212891,0.0331817569313811,0.0434847580841487,0.0553816458743213,0.174481633439342,0.018346869696739,0.235885226248423,0.0820703909982351,0.0895383961223969,-0.043204266113262,0.106875630942517,0.0120570559143652,-0.103823728480843,0.0722141067478434,0.00693603626204051,-0.0877362623944501,0.0555902835809195,0.0367143467615128,0.084470203791104,0.205256474868703,0.0260200531301907,0.109041167414611,0.117397733128822,0.15713079365362,0.019651062975997,0.0327414579643593,-0.00324372135392112,0.0627118193499446,-0.00497085674007522,0.0140138327850789,0.0869014049683365,-0.0101646316314693,0.227582059473813,0.168082243811567,-0.208008135747272,0.13747981295264,0.0415019444283906,0.15048910134384,0.0740181355055966,0.0507542885184064,0.21323809774695,0.151344095514953,0.0375085465898621,0.0407521120891239,-0.0805868205719616,0.303395648951284,-0.0955410512447242,0.00789209412899664
7900,3,-0.155336106803331,0.0431428634466481,0.132882204766066,-0.0259334891142978,0.0531614497669114,0.143611175593964,0.121237137678522,-0.0314531768378719,0.158838804524679,0.188021700973826,0.0766572904607266,-0.176417792649729,0.11049007683563,0.0334235476299458,-0.0478871602604497,0.112406853802689,0.00313118909317231,0.0328145150322119,0.104247243182684,0.173929783480226,0.071172889359926,0.212798111918799,0.0017617626471059,0.0807161413501435,0.103790189883364,0.0979276969755003,0.0110655732954365,0.0861548165094705,0.0796893431015027,0.014237598374479,-0.141460267568975,0.053666328673659,0.181052873144935,-0.0150941817639767,0.130127645160823,0.137131333212391,-0.0534472445594836,0.127481467431609,0.103814359466979,-0.0040270764695792,-0.0512572101649954,0.236971022922295,0.196341622061734,0.179577282504646,-0.0107319759789662,0.0720827663200116,-0.0807790939167761,0.193639363377372,-0.0464994271567981,-0.0790114099014094
8000,3,-0.0880187433375239,0.0683285478547801,0.135956600094324,-0.090605094399575,0.00263066755443667,0.132425221360059,0.150479478034939,0.000156595103055129,0.169986962095893,0.231612452963976,0.0707302416747458,-0.00911009313488795,0.03877647487487,0.0982440220787873,-0.0285974425443476,0.0985242496176485,0.0598435798339872,0.0435270190269772,0.0393403427099318,0.146197261333012,-0.0135303936944084,0.147801791848586,0.0199319609972758,-0.0143476395502041,-0.041656403111893,0.022514213145032,-0.000297883360285439,0.00176472506645406,0.143529201940339,-0.00856719531894565,-0.163991894321515,-0.000927422127049687,0.114335147826184,-0.0566341980469948,0.0703065271104496,0.310872522429112,-0.0305496183467855,0.204750374673092,0.0804239814962411,0.0431364212225526,-0.0139571942886101,0.0923419714989877,0.132946795178556,0.203905581873537,0.0424611237364518,-0.00380379627886454,-0.0685420152479617,0.0811979949041684,0.0477626123495005,0.0899655601182966
8100,3,-0.00587695435985444,0.00232326229648325,0.0599121468179259,0.00516018829841722,-0.0401827882336373,0.100546531074202,0.180364888730416,-0.0265269579493065,0.10890762435777,0.281421053507969,0.270929895013435,0.0361632253986578,0.108115630203034,0.0587275511473706,0.0636070548810842,0.0925904602746943,0.0765332074875621,-0.00273976311207216,0.0646531514352303,0.239025754699936,-0.0277977422347701,0.0287075483720987,-0.0421337192979976,0.0118641535763428,-0.0154322421607425,0.0833756848101632,0.0625809905122867,0.111648533858872,0.135170717184158,-0.0109152857212002,-0.0670673434561142,-0.158663377988867,0.193059559384056,-0.024292507606593,0.140118387817918,0.248862107323718,-0.100207877411488,0.215618888374954,0.145465226487432,0.0450361663919506,0.0348031957811757,0.207617193282906,0.223578832421854,0.173068383005854,0.120837128868826,0.0266587347368599,-0.00553911895755707,0.0908033589766736,0.0578346231998892,0.128954429277081
8200,3,0.0337690821263203,-0.0527687812986319,0.0882464384168407,-0.0390732865034134,-0.00606610478820793,0.0413337191914273,0.128522978606216,-0.0770952379990618,0.112163654705295,0.319261966003181,0.096189583216935,0.0617658623322916,0.00311351059677281,0.00306735663021082,-0.00585155530109374,0.0637825830472493,0.0319100871625362,0.0360989588701185,0.0689509258394411,0.245396251914243,-0.0522455364996781,-0.00370066655880483,-0.0256347237095486,-0.032235583164039,0.0159421936415645,0.0880967219314162,0.119841398836088,0.155853630034232,0.0540426043256879,-0.0489821527208741,0.14449445079558,-0.392617193313544,0.108704200458942,-0.0243166484175848,0.205276783206988,0.249743102561638,-0.0316119903608386,0.201588061824732,-0.123140960687678,0.0719073272498889,-0.0269779002254277,-0.022793518116022,0.0900189675954094,0.0743354381098169,0.119245967463662,-0.0326579451944018,0.0313638913871673,-0.0582552276097136,0.0321864027633074,0.0949997449248314
8300,3,0.0640590381666091,0.0161807884199443,0.0431597058257851,-0.0987404556694979,-0.0454743582275975,0.0697612851168058,0.00733549825497973,-0.00557056489129773,0.0664794368278287,0.492247650447938,0.0280428529248615,-0.0932337533357674,0.0718203218978788,0.0127075022986179,0.0645646117491868,0.000550588786945277,0.0772570725261238,0.0892459996352371,-0.0357491151017705,0.294442847951584,-0.0978771870887986,-0.0130631932229327,-0.0496344183979502,-0.0481302919670637,0.0407180242767673,0.0817782400142029,0.18183383197293,0.0898649582529382,0.0940863285186494,-0.025759682716479,0.0495113581942932,-0.0797523994488077,-0.0259279607803734,0.0706812756327805,0.112175282738124,0.175096675392328,0.173092990580326,0.0293491454383071,-0.0336967135971238,0.00337890397216448,-0.116593808277121,-0.0877408590296397,-8.01436616551243e-05,0.133624961029564,0.131042841175716,0.0355854221610236,0.179773889845187,-0.0691152505263889,-0.0292497764441706,0.0782402346471353
8400,3,0.0283240390592613,-0.0611689364301444,0.00741710773701057,-0.160638294400057,-0.0400141937825867,0.0838459601485021,-0.0281460311545602,-0.0557636070301807,0.0382582280447936,0.348661881884379,-0.0732182887863135,-0.109464527948444,0.0449269597036663,-0.00994907141088827,0.00699546364825807,0.033872814608744,0.0329170008480474,0.0341229084306462,-0.067072280052323,0.274357527873689,0.0197170613241456,0.0633529059820026,-0.04075453478979,-0.00230902296851096,0.223136318019802,0.0139548137264216,0.13208079230241,0.0665464621958904,0.0195669325853935,0.0109219744997226,-0.112759856636777,-0.176611554888778,-0.0561091692335854,0.0555367565970375,0.0441214933090174,0.0384718515174495,0.0985895992097226,0.121559780909557,-0.00257159622226258,0.0188321114679215,-0.0252857954244133,-0.0584436999394689,-0.104188599866947,-0.0945748815384261,0.110620090081053,0.0804894627546136,0.144008812534523,0.00903342638639562,-0.00687254191338257,0.104594422785825
8500,3,0.0208388755245134,-0.0377951476942475,-0.0455577605607717,-0.236782514099558,0.0413165038940004,0.103227887806662,-0.101696905760957,-0.0504523964507102,-0.00719031345579799,0.213491848510282,0.0809727289271854,-0.147148594074419,0.0702179465792346,0.0309347562984154,-0.0858238321750423,0.0787873017271455,-0.00550390905977008,0.0402520727314842,-0.106483112275328,0.110957395989886,0.102115293928536,0.112401506943309,-0.0157267981416551,-0.0215698408559451,0.248723279126383,0.0591738944225544,0.0912835937817638,0.0290402266397069,0.0774079937881467,0.141071964791793,0.0870270731745117,-0.00158312281305364,-0.231947295999528,-0.00156341066351964,0.0327949912944755,-0.0534420233003239,-0.0518426792039696,0.137545044083742,0.00135867248853058,-0.0766942843072298,-0.0375918402825412,0.0443538500831396,-0.064841375894436,-0.0950500761396037,0.0706376236438981,0.0495267994863462,0.0638211260420485,-0.0340692183687964,0.0474082438390462,0.0786049541816377
8600,3,-0.0262964227681404,-0.00696676953048056,-0.0405108257592529,-0.213949482495068,0.00708286398830579,0.0397665495172192,-0.0806008351571154,0.00669238955054532,0.0852161302987947,0.180057702782125,-0.0717047753711596,-0.0563263180141833,0.289206894714522,0.0658433495273435,0.208920099534997,-0.0512143108393407,0.0221369174649436,-0.0372341120727591,-0.149623776763116,0.13815358472234,0.114775517388618,0.177256088366794,0.0222978868721589,-0.0789625935111711,0.223713292386556,0.123662372014446,0.0791703466219923,0.107122124702731,0.11727286118738,0.122668195056185,0.171637199153259,-0.0547266502217351,-0.20175550543907,0.0210204170630632,-0.0264413100372368,-0.0414418714327095,-0.088188556762218,0.126740430962986,0.0667042502954975,-0.220987898634746,-0.0448743026253169,-0.182151683487837,0.0127852495297585,-0.0944852449624451,0.00873952216877141,0.0130443252061548,0.0279845633192304,-0.158499910495971,0.0727873620435951,0.030368925120087
8700,3,0.0545628433892779,-0.00156393186393641,-0.0149631974312201,-0.0506254994579081,0.00835416502827388,0.108922048503411,-0.0445309479626258,0.0299423792529596,-0.0282358555750396,0.241335982773105,-0.087982952747881,-0.0176272952502656,0.252468058788274,0.203977007066828,0.123851332816876,-0.0587544394725355,0.0403776353754925,-0.0673895592667398,-0.12543307155468,0.0772270255517903,0.0992521030319583,0.000228500926181624,0.0357839888823432,-0.00690772157732664,0.124304779169054,0.160693317731388,0.0338523852152986,0.0481562594060312,-0.077284309135317,0.239090795246534,0.0645442491107674,0.111690662824876,-0.154183928498916,-0.0453260461168564,0.182347731255725,-0.103987903884757,-0.0521306238236695,0.273687091386417,0.116044712664853,-0.28465450574689,-0.191518088504012,-0.0779921892744464,0.050796532067245,-0.0173317654313266,-0.0596225710666718,0.0866950396895663,0.0876054398234762,-0.151743148163861,0.15042864946115,-0.0128929719289385
8800,3,0.0350674391733764,-0.0251929483062236,0.0655458674172285,-0.111721032405438,-0.00227961484307351,0.0895852194360154,0.0588213287367819,-0.00971162696624076,-0.0349920145420474,0.204359809076159,-0.175050730648212,0.170341571061604,0.205262891822282,0.265376596830731,0.0968748957501627,0.0391587408107334,0.0562494073156885,0.0375060197990027,-0.144581089753598,0.145424132588026,0.113455556031788,0.0688358971294226,0.0706159125354906,-0.0344051461036998,0.126802983150511,0.084667993263337,0.060425938766241,-0.0537400252417995,0.0160025446582436,0.206528518932793,0.051645350541337,0.0304172382318099,-0.124665124545259,0.0219919887274105,0.163540082570746,-0.143638300548858,-0.0885287407223901,0.36221670344715,0.0491913093724098,-0.298515977077804,-0.303187397684097,-0.0987247048005821,0.0309383695837384,-0.19863349428418,0.00737879075948253,0.0246010222381583,0.0662647761292868,-0.166519369645313,0.0671620656505776,0.0147866208254371
8900,3,0.00327285487944531,0.0163033179881727,0.0820855696763394,-0.0536594428696715,-0.00546664111214665,0.0552608947377171,0.125449913624552,-0.0265875946367311,-0.087966580878378,0.128384829935589,-0.245116548083446,0.0561551812691286,0.294590755788459,0.24415287911067,0.102633735077398,0.0280511410501615,0.0592195027485336,-0.169189238272778,-0.111741660274661,0.204091446983471,0.11719265672772,0.13026125241249,0.00747439911368644,-0.0025553759367142,0.132824741819942,0.0205144485419236,0.039076133223781,-0.00287381350572261,0.155876613379928,-0.173540372935979,-0.061208016361629,-0.239659129642855,-0.107828030499137,-0.0564034323496612,0.0796065624099192,-0.0593996687347994,-0.0464688827931753,0.416855367378082,0.14837766908071,-0.292329098293146,-0.131380468929062,-0.0691477859776217,0.0148552366113088,-0.0498540587630701,-0.0112403566191766,-0.0221544556580453,0.145094107537247,-0.10766866548445,0.00897192524651605,0.180827797959648
9000,3,-0.0240989972372511,-0.0622215125657174,0.0908477468139079,-0.105145846927773,0.00937247174539538,0.111732255952866,0.059108439960352,-0.0877610747003269,0.00571025786878152,0.0385662260767116,-0.195681169480085,0.012379807114821,0.299107516337141,0.207782521010292,0.0174666210369075,0.0489203682925193,0.0406114170653762,-0.250597594843171,-0.134751444512961,0.115467032013999,0.0754621157451348,0.0477228654235243,0.0138729299683733,-0.0126371926738022,0.0527419192229181,0.0246677122328773,-0.0288257555686808,-0.00301276862327501,0.123811409608682,-0.17029987621499,-0.103569407840461,-0.361123977190584,-0.112066369598195,-0.111600301459521,0.11449730000103,0.0993644294023213,0.00969206558459626,0.555108449113511,0.10184281310779,-0.219061287995193,-0.170186335260413,-0.172494832604746,-0.0300962989361541,0.107364236460494,-0.156455184535943,-0.0456101939972213,0.0947434849499732,-0.179991128844403,-0.00768679739712916,0.0469762878705543
9100,3,0.0039930118303502,0.0450266517709041,0.0148720515854767,-0.0685170526226624,-0.0731942927297689,0.0538635064602334,0.106893672308942,-0.0420110700001145,0.00572816201446011,-0.0802232893383996,-0.0485360396135439,-0.00600179200452836,0.303133901429618,0.186712609914372,0.0956778460918646,-0.0208032109146397,0.00301276852645724,-0.213296899419032,-0.12991779336425,-0.0416921578966718,0.00339542525657113,-0.0410559561246089,0.00573550906053852,-0.0571540700762158,-0.0614298597026282,-0.00735249282385805,-0.0255204602502341,0.0932434328101229,0.0697265652619611,-0.076360264644723,-0.146960235067257,-0.31632078127438,-0.0867455190147436,-0.0328819684094996,-0.00551986143525665,0.0067711711840345,0.190012860278692,0.399080313048683,0.0544495774074158,-0.0670333346135725,-0.258559948394096,-0.169718544565859,-0.0948743015039844,0.0900638943980329,-0.0822312698975215,-0.067685771370826,0.085335688974208,-0.16240595599222,0.0525627529783912,-0.0118451087621784
9200,3,-0.0268471228615278,-0.0153080184920887,-0.056078894904174,-0.0633833682545266,-0.0247429101892706,0.0574650633793463,-0.00252827694453253,-0.0318845616318982,-0.0388819821725375,-0.0348701887844186,0.0454696647232518,-0.207323723645057,0.148492168190435,0.206564336113884,0.0484707179945245,-0.0400411081474323,-0.0029997467670986,-0.0775031832435404,-0.114567867240506,-0.171811994262958,0.00661425268098567,0.0256931545460459,0.0123120355533668,-0.0563397562383808,-0.217850846051144,0.0115857225372333,-0.0247783577089517,-0.0729211118356983,0.066412950501206,-0.215847979214832,-0.172251958431689,-0.158677257042812,0.0104267819574942,-0.0534131019395544,-0.135529022654675,0.00622130895422071,0.21577871530606,0.0875268445717408,0.18370433869058,-0.0681387259291099,-0.12329842895932,0.0626641612197463,-0.153433516859178,-0.0888879704836199,-0.0564203407133853,-0.0305396797978849,-0.0214929762131401,-0.235038905872477,0.037387388655483,0.118978574721778
9300,3,-0.116013370833429,-0.055508294879738,-0.0618806997338914,-0.109537200275915,-0.0367962612697849,-0.0229832711296994,0.0212035263302932,-0.0376370366359709,-0.0669899712618014,0.0461605802532013,-0.027997040813383,-0.010843652927677,0.0339002772155446,0.174869502271725,0.162702102399111,0.0343328471349045,-0.0455158760985579,0.0529538026649336,-0.0309568041959385,-0.133820316842864,0.0113022459590393,0.060492292512772,0.0142451944815859,-0.083097926926541,-0.0975933008931162,0.00777723431613106,-0.0252071357835273,-0.0125993010135196,0.132288435580201,-0.132626993239323,-0.0441155245611456,-0.0177472999487529,-0.00593583969203884,0.00934498560300773,-0.133938036110751,-0.115065808535575,0.265925252287623,-0.0842118718005337,0.0452954028130589,-0.0760938325169338,-0.129273098048959,0.134042624244438,0.0159684688347819,0.010032567815278,-0.0675918659188985,-0.0569082176006198,-0.00976547771926764,-0.401026519593176,0.118355589624384,-0.000251711882399891
9400,3,-0.144700492162073,-0.124644834228597,-0.001671117558836,-0.0826549772799546,-0.00241346524616012,0.0247583873928111,0.063968905320707,-0.0726225451529883,-0.0533428820712933,0.0355405165421156,0.159989951167638,0.000841332808244305,-0.106107116697619,0.191683559851019,0.118674263355964,0.224462742594466,-0.0739165631044784,-0.11301633128313,-0.0411718640380214,-0.148499047511608,-0.0488631026987104,-0.0478846097041156,0.0197309036940882,-0.0598383492403385,-0.0934730211061417,-0.0405594857710588,-0.0314175187126728,0.0795419716470545,0.0562598301902455,0.0133047305358109,-0.0839400924046631,0.0216794689848459,-0.0267239310992282,-0.00601744351146424,-0.112988187888846,-0.217198625079344,0.13770579284304,-0.0347115432886051,0.174138174969437,0.0615067921659392,-0.0591536741192208,0.132167387397277,0.12473153655828,0.00288012467039753,-0.0451307348133834,-0.0703959893218414,-0.0634013957128621,-0.372038973557061,0.0585214932106141,-0.0182179966705787
9500,3,-0.0597690625077918,-0.0965091232528776,0.00654689088237201,-0.0490215267831285,0.0346680002550246,0.052277124745574,0.0462491338069417,-0.0758908649747337,-0.069210869701724,-0.00124472137324003,0.217378699177463,-0.0291383485883131,-0.206332202139903,0.133473000478272,-0.0163702414813578,0.130275467233833,-0.037302535957607,-0.145167681230411,-0.0803998811425403,-0.0620634852137863,-0.0543164666808761,0.0216193439123833,0.0277027696069596,-0.0596868943562849,0.0263779739022436,0.0676996348283018,-0.0567083430510515,0.156163174946652,-0.0837438986837577,-0.0160468127217131,0.0479993309874597,0.0853989943592731,-0.095080734572416,0.0139231387095946,-0.15162506580913,0.0196698829900256,0.0363541929904415,0.131164335105582,0.0242270351078524,0.0360261338141018,0.0684032189827002,0.124234654794545,0.0818610472113492,-0.0575485006214572,0.00678294741048255,0.0201634178845161,-0.143081042929638,-0.12952479674261,-0.0434694770296944,0.049395029620765
9600,3,-0.104426808465708,-0.0664682144221944,-0.0220740363718709,0.00920817071949506,0.0102337800875004,0.0634193168222456,0.062330606092931,0.0253012949128796,-0.0729970247884845,-0.145714115873303,0.0836876259493405,-0.0326697533767455,-0.138208170050769,0.116783453249807,-0.0196570625949688,0.0675788617950806,-0.0425197748869145,-0.00363552493965366,-0.138641171975808,-0.0750911654006241,-0.0849519214686298,0.102317787838562,0.0255002544430396,0.0568120749141205,-0.0139398763912483,0.0751882746124564,-0.0731128002747343,0.0213446942931419,-0.0827386588099659,-0.14570580980511,-0.0929358316104892,-0.0897700211449506,-0.0502670147848015,-0.108926429080858,-0.0867357785047,-0.00798969606298325,-0.0036644914153687,0.00539377725083698,-0.0698861507685019,0.0364212670194685,-0.000777710793807979,-0.0815221623104291,-0.0807987586720736,0.00975002256621169,-0.0404740105611999,-0.00186775512161927,-0.033336259132267,-0.0908309934426517,-0.114326178709963,-0.0600928420424398
9700,3,-0.0889978550857713,-0.0457070446047414,-0.0518337580012026,0.0332195152669622,0.0302930349525224,-0.00802838525655111,0.160622084907683,0.0141941470645319,-0.097142747020061,-0.108735104211761,0.00970694713829987,-0.157838611150112,0.0076456955459176,0.0183146056886817,-0.0037098162839416,0.0800549513419015,-0.0444352975313839,-0.15870400443291,-0.201912407259481,-0.174257418238099,0.00833240696911311,0.158434671177738,-0.00662343348540415,0.139393332616766,0.0126734881819041,-0.0485113282171388,-0.0903271590215729,-0.145707589762269,-0.263274722732698,-0.204870247266652,-0.107532882937897,0.119344289063284,0.00110205155777041,-0.0384446464946025,-0.0806067890336264,-0.0103836578453387,-0.0238801984422359,0.0175760013594801,-0.00868865538316979,0.0379306523921702,-0.0856071904622353,-0.134355844150057,-0.0286978396422079,-0.202245388595279,-0.0246225833105104,-0.0212764772237904,-0.0225491678108979,-0.13526846038077,-0.0443953078529169,-0.0951256369661986
9800,3,-0.0582626920468618,0.0590530896071662,-0.0312326087392874,0.000145245915968734,-0.0179349791598582,-0.0454572236313097,0.163068541851171,-0.0423220241140264,-0.103365146196605,-0.161826963451269,0.0497927536544465,-0.0853952487242602,-0.143438510279707,0.0517718714569062,0.0226825972211029,0.0795169772897632,-0.0262853209514123,-0.0944563785000453,-0.270058782059355,-0.194680450103096,0.0181262395164149,0.118901441084465,-0.0346316356450094,0.171623010549555,0.0503896741725284,-0.116542239868136,-0.041064948769716,-0.113645185086381,-0.165595899417895,-0.199693463601308,-0.216593688729853,-0.0262314331047495,-0.0351101390865779,-0.0467907724501657,-0.142333791562912,0.094674878897194,-0.00502667904831069,-0.0586924241619234,0.0264969537444945,-0.0268493041186417,0.00134229850098552,-0.227799752067971,-0.0484782466608592,-0.11788591879107,-0.0501126533554454,-0.035742131832018,-0.05020903225591,-0.137409424560646,-0.020125966023283,0.0403809874035065
9900,3,-0.0394220335658556,0.0199461366160516,-0.0344874716707013,-0.0676738272074504,-0.0925162304355561,0.00432762649453702,0.103471326643399,-0.115794360568366,-0.0877232172990552,-0.124904674433279,-0.0977543268405327,0.0200458683649628,-0.155491077979954,0.00694643558261296,0.0146244709162571,-0.0928085443956167,-0.0292760785971012,-0.0739985325821309,-0.329574596257515,-0.0856978115062615,-0.024362512192355,0.128809897204453,-0.0418625090190709,0.107000836546949,0.104207788681102,-0.177809062412446,-0.0157942887223131,-0.160095740755625,-0.0517602842950526,-0.0911360014435536,-0.0416299649047938,0.09582565864537,-0.0529957660451597,-0.117177354228409,-0.236235734214025,0.0976425208914597,-0.0726482513138531,-0.0572434575089585,0.0214929292690089,0.0676985861388509,0.00454874054864821,-0.00755175662941784,-0.0371717349177463,0.0877835095248145,-0.0378831226062756,-0.101323071556534,-0.0500903211214862,-0.0820443291804578,-0.0506465727531126,-0.0168225590362577
10000,3,-0.0197201644634472,-0.048213160117755,-0.0470828061465982,-0.0834966886580875,-0.0832590587765002,0.0574521454593705,0.0105703563812835,-0.0704901030927804,-0.0905072939857516,-0.256069985531041,0.055282012118497,-0.125274936182614,-0.255685033482523,-0.0340499005613172,-0.0387064188802755,-0.151824273519625,0.0424744083641566,0.00180926019653146,-0.16726067363923,-0.0646284481836107,0.0466413625832532,0.074111920759879,-0.0167373844080111,0.00857766866361384,0.0829981984880705,-0.200079464775294,0.0119698588370328,-0.124877473023183,-0.120909690642722,-0.124009375067047,-0.0669435393395888,-0.0520795429081846,-0.0889280347410292,0.126972656872289,-0.196743434326105,0.184279156362414,-0.0446823136656037,0.22091448814309,-0.0761196921611948,0.110219549478842,0.0126117689202159,-0.123659243765632,0.000800252829716214,-0.08332838452867,-0.0182101121179153,-0.0883369824500517,-0.0191307874973119,-0.210326994610249,-0.0878197042974649,0.0631606867133988
10100,3,-0.108204455552897,-0.06652033860649,-0.0469960058675255,-0.0910472038575614,-0.0526250043341452,0.0012053411796896,-0.167262126382519,-0.0145478817168071,-0.0883263686978087,-0.365774233134746,-0.0971504807979656,-0.182498558962029,-0.316523380192117,-0.0610897043302192,-0.059211209974781,-0.120186040521568,0.00152208585436256,-0.161835506815533,-0.0780893376470123,-0.117869486482458,0.0290317521153444,-0.0633063414027977,-0.0205751285221726,-0.0591252171152505,-0.0516759474126255,-0.0653292336461146,0.0276058668985486,-0.151520610372825,-0.105968382251197,-0.264559015535475,0.0799570028837238,-0.0812060074223284,0.005720101541248,0.0448513967120281,-0.410571198941475,0.122619320221862,-0.142224267452126,0.11876778254539,-0.0617108587547793,0.0185364068951282,-0.00574357355861785,-0.120499186744195,0.00244792494492288,0.0618677797134301,0.0171582457881798,-0.0781465958755346,-0.0348255449747354,-0.22540417087474,-0.104883434261488,-0.165498203509961
10200,3,-0.105037745582607,-0.134616008994261,-0.112357482553796,-0.103376277432055,-0.0646947986884406,0.0395073525498624,0.00305252985048984,-0.0514483891540996,-0.0527508304423585,-0.320179816734461,-0.174008834841438,-0.0790651410636098,-0.275128589199404,-0.0464261461508156,-0.164865593249008,-0.121162695561299,0.0142333858658094,-0.238737653342403,0.0473708666601289,-0.176761482369747,0.0303572935839812,-0.0162098460730637,-0.00499419941947507,0.00291777068453672,-0.131656161876469,-0.128168233645188,-0.0505158072642834,-0.0667781935614188,-0.285528740073121,-0.0396438845567382,0.032204657343176,0.152893531248932,0.0541050401825801,0.0582031518039819,-0.299130418513519,0.0917856807151452,-0.014742588296309,-0.0433866267318289,-0.0720199388264443,0.081574965451466,0.00189683891441497,-0.163914536417955,0.0895713814699183,0.0607808536555972,0.00104917361953069,-0.11297107467394,0.0100523648123884,-0.0976526640539281,-0.140082676685988,-0.222694254453686
10300,3,-0.0744459719788198,-0.119769335217442,-0.162411153744794,-0.0969821408219863,-0.109533955489288,0.0268236349910851,-0.0732093003508483,0.0441567170773257,-0.0315453456074549,-0.135189865670818,-0.109222901135361,-0.0551395284683407,-0.139439572188547,-0.0641960015075498,-0.0670497056021763,-0.114192086618711,-0.00197438042263684,-0.134547151651232,-0.0273387821597811,-0.130976103105814,-0.00282648928588755,-0.152286158057542,0.0458110452259367,0.0268410890476232,0.0951075135396671,-0.095950959635291,-0.058689231631384,-0.0230235812583144,-0.168008684209652,0.144836771964359,-0.0221982765130564,0.209414565369294,-0.0832874639767255,-0.0477943454934817,-0.110719610342746,0.00752661573941335,0.012063588366844,-0.0192863825754414,-0.101907249813366,-0.0388329701178265,0.0343114809284547,-0.340533088522846,0.0232489065167499,-0.169094260970302,0.063613450504163,-0.0887093208029356,-0.033513678032977,-0.097297809228279,-0.183063568439513,-0.169567668931923
10400,3,-0.113828423433238,-0.046729598156352,-0.107162901513356,0.0125102124233223,-0.14481796990326,-0.0547884116409554,-0.0879358641359732,-0.0318539052327211,-0.039617424030213,-0.17380142814407,-0.328955718766427,-0.0785317839375666,-0.161778205100466,-0.222152741794071,-0.0680960888732256,-0.214134465051927,-0.0284662693755241,-0.0118260204168828,-0.0445176481153353,-0.265148122951451,-0.00439192078643566,-0.0615676891511309,0.0238503031661412,0.0325678019765132,0.0953327411431435,-0.0671919966785965,-0.103809517000156,-0.113055785355222,-0.121949853467588,0.171124113842614,0.0377911258381078,0.0864396536856833,-0.136645620822028,-0.0362404466894878,-0.0979932222051805,-0.0657746274058114,-0.0727459649874859,0.0107342098339263,-0.0299162916138792,-0.0673891011916868,-0.0520877675288104,-0.217220640121917,0.00832093742178694,-0.192983804668338,-0.0170698947799074,-0.0519611475151444,-0.0443968689770602,-0.211473564622652,-0.192259312041531,-0.0489418451922452
10500,3,-0.0544715787752039,0.0369118085679488,-0.130248958150072,0.0326014098651645,-0.0795299872398532,-0.0611860440982626,-0.0420534176867566,-0.0783802112353008,-0.0549213495715151,-0.215372898215876,-0.370277014238451,-0.101140154041108,-0.0431859617622568,-0.238750625665684,-0.182065895123936,-0.229878725606259,-0.0352541668004247,0.0325652644470005,-0.272003243451446,-0.256540783550656,0.011687208539961,-0.203580692025251,-0.00663991372774395,-0.0741641480215619,0.0344664479148779,-0.0101561210847782,-0.00285930293086259,-0.234880365057173,-0.0195332162909952,0.157124146497929,-0.0456512016115504,-0.186173281167749,-0.153090967536325,-0.0656855826164859,-0.104331491715952,0.0473794261249582,-0.0671638798834351,-0.0542521999595762,-0.0661251022619244,-0.0208413425085761,-0.0278579331335705,-0.188382348657029,-0.0688221912951561,-0.372821260549762,-0.0253425236236747,-0.0264819877444458,0.00790430584664834,0.00958541002586225,-0.188863189037787,-0.160086022435084
10600,3,-0.0988171886677985,0.0296211670581576,-0.110364364031768,-0.0698841022734717,-0.0686557399241507,-0.0795868121614358,-0.0483461633638619,-0.137844162328267,-0.0544589583163005,0.00985931647465663,-0.331053074414982,-0.10975763410329,0.0738316467727766,-0.241300329683028,-0.254983338384693,-0.25509811876716,-0.0241113335787637,0.0115139649397664,-0.203148442430458,-0.20688159336626,-0.0109583063660002,-0.276088320509034,0.0744839854189851,-0.0641560067732422,-0.0374754267788186,0.000958677491540966,-0.0843952706014691,-0.237799622703277,-0.194710507464576,0.0330367888130491,-0.156535211784281,-0.266095909528154,-0.142736760564844,-0.00542326356403314,-0.0590733234360894,0.0581230060000258,-0.0276936929682609,-0.0562693320293397,-0.0201028813190509,-0.0192954928345712,-0.0521107918366626,-0.219306742208125,-0.122177884481366,-0.398581754098626,-0.148430556492629,0.0665092677897796,0.0370300798960647,0.0272161042733275,-0.147094222652495,-0.0590038392885088
10700,3,-0.030803025863171,-0.00928063866444376,-0.122374080759097,-0.0211775414298843,0.00852070938285707,0.00655153390057475,-0.205044535779439,-0.06600328824562,-0.0683945338525381,0.159437031004177,-0.202052663078601,-0.0228576416702619,-0.0825612024605534,-0.208382862206671,-0.139358039766468,-0.218791738548045,-0.0239705978943431,0.0891156633168831,-0.066023411134361,-0.0831073507967829,-0.0160380357370387,-0.110334454086323,0.0177491708709338,-0.0512325306478603,-0.0444266509269809,-0.0201751863737052,-0.114853783198814,-0.161104250594596,-0.300615917741758,-0.126124028433098,-0.251054503181004,-0.162032519135101,-0.120261746873695,0.0261775651825411,0.0257157269834397,0.0788262685058058,-0.0640266782699756,-0.146542981962314,-0.127272132826884,-0.223402878025326,-0.0955506718740997,-0.24908423674481,-0.0370868582075657,-0.341957564831944,-0.139567451604913,-0.039974377580166,-0.109074469267677,-0.125989540432335,-0.175370678721273,-0.0701430960436248
10800,3,-0.0863495933586697,-0.0732670233033804,-0.105140968896316,-0.130656848747445,0.0341308071021065,-0.0074357043630677,-0.247126288167678,-0.106666491740072,-0.123412269953039,0.115795280219479,-0.176983258157036,-0.154226973107023,-0.278164142819689,-0.165073840269419,-0.143814358179084,-0.0829134831452395,-0.0423332470253467,0.0798697521702411,-0.0497494120498862,-0.0940880033554591,-0.0227326204227468,-0.0688815369599272,0.0104213622132305,-0.0832816526620582,-0.225931324908323,-0.141723023310783,-0.116550251897629,-0.142632581662202,-0.256213566279154,-0.180928774778682,-0.198925163602069,-0.0378104529832422,-0.071247889480205,0.173175636610835,0.155125237599929,-0.0881778551340657,-0.0423550662643291,-0.132860671512132,-0.0991389675273936,-0.193836619667758,-0.0320105831648866,-0.317160419204898,-0.0270867797133059,-0.234959427573289,-0.132574507252216,-0.165447014729794,-0.0344129661825843,-0.156337170001383,-0.204164643179826,-0.195624331481545
10900,3,-0.120325766719979,-0.172712267954623,-0.183277145930102,-0.172310674080318,-0.0169009308647794,-0.0936135272803671,-0.194948146671595,-0.0973337465192199,-0.196221293363604,0.00320373615387862,-0.0367966424694779,-0.126230774442027,-0.238067162637185,-0.191891088358881,-0.220367583305219,-0.0115383200806611,-0.0594862169737108,-0.0564441277299604,-0.190043536593516,0.0222006903733718,0.0318955975803474,-0.0173262505525164,0.0418662600323871,-0.0688253897152565,-0.108053133866598,-0.145163481627825,-0.0546340043426257,-0.0358216423645488,-0.411763205003177,-0.0857625613303349,-0.267499643690696,-0.162744358169526,-0.232322240690994,0.0683118967722997,0.160166246728517,-0.161115243287681,-0.0866031544957313,-0.223324426471295,-0.12128488505463,-0.217335227073283,0.080581173037058,-0.249862468680298,-0.0778631336077465,-0.0646911713955539,-0.0318342867552856,-0.242777245560839,0.0052567424543096,-0.184545838906918,-0.163940730327862,-0.0902846338882452
11000,3,-0.154124583148083,-0.127026858910551,-0.182149164714398,-0.0915836542431782,-0.0569294836354048,-0.0931773743834344,-0.310405551764161,-0.0790723489922154,-0.166734991751793,-0.212949794889419,-0.196755610549715,-0.280717242224887,-0.138604916289515,-0.0914607676823058,-0.287873123907034,-0.061683107558121,-0.0805289234516824,0.0150221876568351,-0.166982264885302,-0.139445249278817,0.0311522360092357,-0.115236552590154,0.0412545162005129,-0.073481337633331,-0.0272397846477621,-0.103950366270719,-0.110532877876192,-0.151377668332327,-0.234587679029582,-0.148001422895838,-0.269977802748134,-0.156603085079136,-0.324548228670583,0.038284310345637,0.188687116771042,-0.259408378759157,-0.226456532830895,-0.294896669706179,-0.0920948555604114,-0.265075115705281,-0.0475416961083036,-0.228057315203102,-0.0529266883131034,-0.318757797391926,0.0128106598994447,-0.232246011094481,-0.12458384058603,-0.145184421382807,-0.152194988990919,-0.14505204298119
11100,3,-0.103383006824109,-0.128351799914541,-0.119524025477978,-0.0894472052128859,-0.0618295327339456,-0.0497013018593323,-0.373306287431363,-0.0826908358707862,-0.241098688439345,-0.0744908989217467,-0.22481563691343,-0.384806873190018,-0.141465916086972,-0.0307547275434565,-0.193276162571485,-0.0569371666907846,-0.0795967566972219,0.00942144224054062,-0.230058907985194,-0.0457116191977101,-0.00878188121326359,-0.0890036114939647,0.0547504768485651,-0.101069530828823,0.0461533327219021,-0.0263797499473575,-0.106300344765285,-0.124981952737185,-0.273740555755633,-0.0497188062294959,-0.168909210768992,-0.297787822232952,-0.15763228184403,-0.0666052759707931,0.112271732554695,-0.277568599519702,-0.176310098059661,-0.291295618289848,-0.0267630842042366,-0.256767553192636,-0.0765938869232631,-0.107328738323513,-0.0448522354017745,-0.551970246806787,-0.0815132463458703,-0.135296644861352,-0.160351418799139,-0.0835132845283552,-0.184682460593889,-0.0893072772909321
11200,3,-0.185045006182247,-0.109603792942894,-0.0712546205795274,-0.083136020528543,-0.119190137415235,-0.133317737019763,-0.363732675334811,-0.105134552117064,-0.199897905049653,-0.1181641946552,-0.299277895851456,-0.332504331916683,-0.200244320587746,-0.116410452675003,-0.139869995762198,-0.221922054545312,-0.178742361408803,0.00569981361115654,-0.281055419833099,-0.113324984399604,0.0264453721766132,-0.091749625292099,0.0112200304530445,-0.055478613445405,-0.00231315694568382,0.0331942314267598,-0.205662541243635,-0.12433895046665,-0.203961362199243,0.0313302753058159,-0.118256240999117,-0.351943718892246,-0.0632153219595478,-0.111659000641853,0.0211814216721467,-0.224112003346535,-0.197459598271245,-0.150001228160463,-0.105197436238278,-0.233639130622165,-0.16728238286161,-0.191050735418377,-0.103151700871836,-0.387430618031047,-0.0877974551039947,-0.119364868649119,-0.0344197253009318,-0.126728112871202,-0.179319755383725,-0.188813224192327
11300,3,-0.133962767921948,-0.0994807665834704,-0.038281533762195,-0.193598524405365,-0.104373400156743,-0.0772673584711917,-0.322011544697753,-0.120159614868854,-0.15614764059879,-0.407851591614249,-0.238581756193987,-0.241399287904724,-0.121977504245718,-0.135292349236893,-0.212243323980871,-0.231146653728222,-0.159161625097028,0.0650357960674807,-0.259033906040893,-0.146869083317006,-0.0429206126246754,-0.169939743833848,-0.021223788384599,-0.136425747667801,-0.16277188065845,-0.0154061527221361,-0.120179414257339,-0.186409224910999,-0.214949274587421,-0.0790295858127165,-0.261054463334693,-0.368212394188073,-0.154537670061351,-0.135146978112132,-0.0513292859050033,-0.117475961915285,-0.1983021790619,-0.108876105127865,-0.0904640577122004,-0.149856176125876,-0.211807675105487,-0.267367786092118,-0.174872577807008,-0.284679124076477,-0.14470969746251,-0.270417793632803,-0.0287310890586893,0.0174225721659088,-0.0902016850673923,-0.236001076763499
11400,3,-0.224031302407693,-0.121281715682838,-0.0840215364317566,-0.122706916791671,-0.0854594928240935,-0.0708265910991772,-0.215263145772425,-0.0625601738176305,-0.18270886236537,-0.242234261601758,-0.276544724667101,-0.249195699856897,-0.235113896253268,-0.175285388657291,-0.263464494015581,-0.282581951952692,-0.156041086641072,-0.145566246054526,-0.168744151830715,-0.160459942337476,-0.00830760355528151,-0.333943982081536,-0.0470822908017237,-0.140287051088832,-0.218112009950073,-0.106015688175199,-0.178628957333861,-0.200333583636978,-0.347085561060466,-0.229958763347322,-0.274901350990761,-0.455056305625427,-0.225887382608421,-0.0780668228960613,-0.124094258692082,-0.246121107173229,-0.292286458092936,-0.388583162003972,0.0331541722276185,-0.173507975039164,-0.187971518821186,-0.570928470522815,-0.0776547756360492,-0.30885935654719,-0.140148661351314,-0.270492443541925,-0.129032055686403,-0.15964360650265,-0.199479499106089,-0.277751816943899
11500,3,-0.28829876660011,-0.089619222081518,-0.148579460892655,-0.111961305929613,-0.0498510556222057,-0.0250155292829168,-0.196714176355625,-0.0921604934625372,-0.240440104674892,-0.347313664656669,-0.321979761774737,-0.245268155584158,-0.265293373402661,-0.15833961304633,-0.146952791224047,-0.436905455350547,-0.159104584897834,-0.0966277877487806,-0.177890299606033,-0.179610993742462,-0.0784293020910073,-0.308642268992997,-0.0869859479474036,-0.294888003548262,-0.321123382857844,-0.219340144876263,-0.135566659101741,-0.286932850293395,-0.327305060267026,-0.23717831893603,-0.306439890253063,-0.347559448550538,-0.23464299863657,-0.180304709789819,-0.267175537088386,-0.313166742699888,-0.364181562711341,-0.518211659789576,0.0101403369875024,-0.0878631879964546,-0.182708077313685,-0.505188978672002,-0.168918797029523,-0.431731588552645,-0.110841507904988,-0.254301771279978,-0.239483943831047,-0.269907357439624,-0.151878310056649,-0.17092636148025
11600,3,-0.244615820895381,-0.0682349203076654,-0.190254684113753,-0.21732542301483,-0.070917116560905,-0.122263680824798,-0.321129981804959,-0.169136668625964,-0.184545158027819,-0.189829579691773,-0.357255311240339,-0.248026877926908,-0.153788871793405,-0.040931032589836,-0.203672964475311,-0.360713632692244,-0.134145649253825,-0.0540008975357246,-0.379419314317058,-0.253482538143989,-0.171382980589043,-0.293685115961628,-0.114663300219848,-0.294486830197193,-0.350638663351113,-0.255854542758955,-0.101335722260034,-0.385222160149033,-0.204067067286059,-0.224990468384913,-0.352512517071509,-0.445073140301686,-0.278291451925036,-0.160338266597714,-0.328818251251205,-0.270523988197569,-0.275405216785925,-0.393637983145831,-0.0223091461301037,-0.115793234410834,-0.137042298419739,-0.565121108865323,-0.163249651834954,-0.488238001180024,-0.230975037171089,-0.294320183099822,-0.223028192336998,-0.262860879044258,-0.0974193952253501,-0.33819238706255
11700,3,-0.24399175784809,-0.166888742576407,-0.243738292337931,-0.36199793714251,-0.0947036216382529,-0.189018144134448,-0.244795856353112,-0.101617957118031,-0.238087899452263,-0.353421049247813,-0.256219680545664,-0.261992797134091,-0.322164865308162,-0.25062111140246,-0.203580827401322,-0.41297422089294,-0.215891547655539,-0.170736254983451,-0.257032397988899,-0.360877701877261,-0.191133857135385,-0.339570763812573,-0.106630805317274,-0.297144144395427,-0.398008999896124,-0.0819744191048891,-0.140047139991075,-0.373093144113512,-0.27042791665121,-0.37829103778881,-0.490205718278893,-0.484495973077041,-0.175557673802613,-0.182772913313503,-0.321928194010361,-0.25389434260682,-0.18523035075862,-0.279698455330071,-0.170886830287908,-0.12308286117468,-0.198267212736931,-0.373360990055635,-0.0879025069840084,-0.561929338078096,-0.339273844334769,-0.319600096887518,-0.274077660589892,-0.375484331183853,-0.21166455648347,-0.304869064558323
11800,3,-0.298001607079723,-0.295741836092792,-0.18433063797482,-0.3072660356113,-0.0757222452781476,-0.190863140493156,-0.146878908694897,-0.221114312788581,-0.214852401813106,-0.327499164977418,-0.369590480160419,-0.400039995924065,-0.523286774029646,-0.285397042494113,-0.298467148808751,-0.345770194742088,-0.249332206839664,-0.236164146375125,-0.300764799485457,-0.496874106826906,-0.212404434663127,-0.194758498418395,-0.110755056370363,-0.393511097225755,-0.34075714818039,-0.0121177943589187,-0.164478674548377,-0.435919825666782,-0.399782174076047,-0.587512125691568,-0.554588889003839,-0.392913124039505,-0.347409295661268,-0.297582775659872,-0.376633703533169,-0.198357264815558,-0.2103245555852,-0.36290301442993,-0.095459587734205,-0.249462593857195,-0.302061880956746,-0.579414956637033,-0.0866694518621981,-0.588132757711867,-0.382864871850759,-0.346240122168301,-0.209928347045115,-0.277704995574482,-0.22936816943762,-0.324196405736144
11900,3,-0.301004860101822,-0.309763707939744,-0.212535913075393,-0.269233111125041,-0.0996652615688582,-0.183561738504854,-0.188778835427428,-0.248179182304809,-0.164163272741806,-0.260287619537689,-0.576371648250138,-0.406490708744644,-0.516768887244806,-0.222703960522581,-0.38651988176671,-0.304884298094795,-0.220224755607789,-0.415919150033329,-0.322830048755067,-0.57797549915117,-0.144870892105022,-0.212102934960928,-0.12252229247023,-0.402375935786327,-0.316726252872493,-0.0655575415113217,-0.214964870832567,-0.257776850945144,-0.4280155939637,-0.484368467218618,-0.493414647247801,-0.539971973190486,-0.508699478399827,-0.374548844545021,-0.426723459386083,-0.359293053441419,-0.236686121923964,-0.393947033390194,-0.239373678671562,-0.286112758830546,-0.320037427854405,-0.54800549846522,-0.18061408132212,-0.699259478351116,-0.322660229630251,-0.395582590075587,-0.287993786331128,-0.346691369640424,-0.229920866253544,-0.368881760299683
12000,3,-0.255868859068043,-0.254872622029508,-0.242055212586732,-0.249119338873346,-0.130523634304342,-0.273853282634892,-0.229829073912516,-0.356983649814605,-0.164149997154704,-0.292360570139733,-0.619764013472269,-0.398978675495864,-0.51780216341029,-0.209996683230461,-0.106391136173919,-0.342258755839456,-0.216236543170576,-0.510591440296461,-0.334854523049185,-0.523813797037237,-0.177024138967548,-0.327980479401307,-0.144738465286624,-0.406101854200425,-0.336454288549029,-0.0369797849732207,-0.236756427683414,-0.367120590579425,-0.265034566920846,-0.528524558733177,-0.414455791236935,-0.594532044819821,-0.441699136752151,-0.441430269189142,-0.438645479502092,-0.51892501828016,-0.402513765729421,-0.466471544812403,-0.273015041654728,-0.3955766561101,-0.425330316725975,-0.737193554668953,-0.127380234657092,-0.644551032283745,-0.279461764348142,-0.309066758707379,-0.306423084085909,-0.388620432007055,-0.317108632568052,-0.305865952638398
0,4,0.134222227913476,-0.213772351755625,-0.361616131293929,-0.160895596348274,0.00624367434207687,0.0728010760957117,-0.338995351721217,-0.00437921236696925,-0.0961178542986977,-0.0444367447168003,-0.406832461524275,-0.199983944316047,0.240054759226906,0.0527437069691948,0.195932565665016,-0.418230268505638,-0.128491535981936,-0.0427167129716693,-0.18568511117229,-0.0692438714377792,0.140292144562318,-0.217852431058391,-0.00813558813514009,0.0523863644242135,0.237831705547139,0.0707215808305776,-0.0734763289042421,-0.218158985523205,-0.0549238950704885,0.139477088318822,-0.390512857752761,0.091224079162487,0.0138065770609536,0.0918886306567163,-0.0117037869905197,0.0686233701446994,0.255604375839788,-0.312858504896648,-0.165741057117331,0.0112422889162501,-0.274322436963243,0.128699493374216,0.218131272637667,0.275790829809626,-0.31739950486188,0.117695886916815,-0.340754120807643,-0.166233434081845,-0.00779448717839198,0.0681437221208264
100,4,-0.00917490194822562,0.0219270099774294,-0.119061494988098,-0.0502171726895985,-0.164695387112811,-0.14534395883493,0.00307559489069456,0.136485856586784,-0.039194571523564,-0.15531923200378,-0.069309217848121,-0.204087945355545,-0.0851444692928987,-0.0157795161032169,0.138862035339269,-0.152204875600668,0.0124973499371662,-0.0337676744636691,-0.00119378906091142,0.0432291741883555,0.0558936828165749,-0.260963535344297,-0.0957101349333402,0.0988114052253943,0.0286201542483476,0.0135307569122866,0.05172525935567,0.064089938948431,0.0751131610775312,0.00803762761192928,-0.22724845385641,-0.0584577741304677,-0.011488385122237,0.0740318322169493,0.0192663116572002,0.0402148343263929,0.14020496237931,-0.320842292837039,-0.0965578600145338,0.0666053764899085,0.060133583769548,0.106094185775848,0.0780272015230771,-0.279589615657014,0.0165073345714149,0.00119378906091139,-0.196679862946713,-0.225103059035746,-0.202738085575926,0.0108589260293346
200,4,0.0771149766325035,-0.135213995109871,-0.134603788568914,-0.437745334717332,-0.271525318526098,-0.266094621968136,-0.191572841825483,0.0652867645355771,-0.203068536088625,0.0348211407152871,0.0158941636965301,-0.149080450730114,-0.202183909076504,-0.0992567457727179,-0.192839455295266,-0.063221788358709,-0.285897091918694,0.134208650523608,-0.411221544855888,-0.179921818757285,-0.25042615516348,-0.447418855975587,-0.0825045261943416,-0.0194673351863375,-0.000457017360336376,0.0916238441505878,-0.0339158059115394,-0.214460545321838,-0.424244158259296,-0.279808122961559,-0.292507929286483,-0.0647463326100719,-0.148454045414152,-0.0680912637637235,-0.170543261288394,-0.0313198304228818,-0.201324854952657,-0.329465810804854,-0.187815808147395,-0.0239109879852779,-0.087045994969273,0.186560956797928,-0.012382202593443,-0.180265515146687,0.0279089433613626,-0.0264303367645139,0.00568401131910962,0.0889657839115469,-0.0858156921044672,0.0306437450185078
300,4,0.0568407008029011,-0.00135000407666247,0.143325492727919,-0.0902424180432299,-0.0586989256915741,-0.155570207451216,-0.309346960945597,-0.0608880932430299,-0.213183616655754,0.156041062715395,-0.124532988587483,-0.0648060148861389,-0.130679271835264,0.0281253606155645,-0.20160230638891,-0.106555703281907,-0.378828737043298,-0.127616586198667,-0.373308164106194,-0.118005591694729,0.0164520768885686,-0.152722043541046,-0.0176646473805622,0.0287993344493609,0.000241016699093044,0.0611638786078348,0.084316708313418,0.067241444672916,-0.0692626435025044,-0.32909105976948,-0.531459016304075,-0.425299407819941,-0.11192434764194,-0.00381742350722075,-0.139404598147928,-0.129935516599402,-0.0588194599031687,-0.0837439175947352,0.0554620212593071,-0.126774808401055,-0.00644637396111891,0.271414582811941,-0.117714620121942,-0.0216735190638435,0.177226865764815,-0.224471112682437,0.037755565444307,-0.00554602748391395,-0.183088881452646,-0.190641411303238
400,4,-0.0940599885712031,-0.0675098474413728,-0.0519770222642514,-0.0443342730290184,-0.00443405242838954,-0.101117968103375,-0.366928149837425,-0.0187676817746945,-0.303338932530529,0.054536628193906,-0.115502052009858,-0.0376690991874852,-0.0174674373584333,-0.00302318794446915,-0.116312920910447,-0.106599024776626,-0.355763999829447,-0.197977084707474,-0.320965169618336,-0.0304365541643984,-0.178851430386077,-0.370096030590939,-0.152449162452436,-0.0639089873320048,-0.0487151420672626,0.135519698906286,-0.0197076591463063,0.0800023880103019,-0.207416612373333,-0.190288083719542,-0.220309182382509,-0.171027070230206,-0.199739037153326,-0.18531468960645,-0.165380222755934,-0.102002934162487,-0.205008111321073,-0.143450163027461,0.200422633415914,-0.191747456422801,-0.122825854551868,0.144062567184554,-0.13408827230209,-0.0756785859018798,-0.124534531921147,-0.183266399466694,-0.0263236931187435,-0.108492862457062,-0.456324765434157,-0.260815109843451
500,4,-0.00337804472289865,0.0792859836283468,-0.113395139685642,-0.125853048521943,-0.149874624681325,-0.182895150417032,-0.105221574244,-0.0573656831142575,-0.38193097901676,0.0352231333547734,-0.250048412322599,0.0991882115101315,-0.0711383066993334,-0.104202079172184,-0.0690492412194477,-0.215309030378503,-0.335682666678204,-0.122526739333926,-0.0940861595597202,-0.214894142175568,-0.0328392795499603,-0.184862443036386,-0.285493325597279,-0.0530665523114066,-0.162549251841143,-0.125165034427169,-0.12331581253819,0.15101875153426,-0.129604031612922,0.0162012226122275,-0.0482147805294696,0.00456278841699909,-0.230166028034035,-0.127325329323555,-0.121100648065494,-0.270098392401763,-0.0426116799709312,-0.0417310865192875,0.113502226790863,-0.0768947250604153,-0.272859889974515,-0.076176823286323,-0.180486191388498,-0.0580191842715899,0.0563918112864245,-0.256426562727527,-0.130592922535042,-0.224420176047041,-0.258639857254109,-0.278077013477148
600,4,-0.0913454915451509,0.143928730049288,-0.0404765175708159,-0.198978466090881,-0.282115637642011,-0.338044666279257,-0.187982535080423,-0.0935888824835294,-0.440281861161207,0.0488606231177218,-0.285296629804371,0.0329347098560851,-0.104577487344168,-0.269131373047304,-0.176901232081901,-0.297541549485388,-0.327107171939112,-0.120457957907558,-0.141119591797,-0.271659877056029,-0.0926412885353287,-0.180206262427292,-0.335294956033488,-0.16260738045703,-0.103993644758124,-0.231018633823711,-0.159509650689264,-0.00258975158965158,-0.187558650724736,-0.0972373833427348,-0.106136161247536,-0.0223950512634666,-0.27763100621707,-0.0704696985939318,-0.096349883433813,-0.216160211045892,0.0251278964835828,-0.081000708359467,-0.142118404620837,-0.132457121298427,-0.2753358966021,-0.121901758613283,-0.194177471587405,-0.0129410012215919,-0.0721439050438559,-0.261138041280241,-0.180828014256753,-0.176802808306147,-0.247632695682105,-0.185083062409669
700,4,-0.232953834143802,0.104317605458974,-0.0343715705576942,-0.159984638333852,-0.279910839753337,-0.321107564541942,-0.173838504645862,-0.153497171303339,-0.374641190363038,0.0888446202288523,-0.355159342189336,-0.125319170007583,-0.0548798407798969,-0.260635973081109,-0.249398362141312,-0.441298763735839,-0.311984249163801,-0.133613149585202,-0.19552575083623,-0.215884458643074,-0.0127198101765267,-0.127454084931421,-0.164468406601724,-0.234650509458489,-0.113416796786396,-0.201905959927067,-0.251286658952466,-0.0922517153111202,-0.281723487231619,-0.116537311150565,-0.242499152079461,-0.000197324533408982,-0.376688877125381,-0.155599013639768,-0.280369653768075,-0.20159690601261,-0.0229933900270097,-0.0521517533950204,-0.0773015573295858,-0.193790001218989,-0.345197266374215,-0.13320195069115,-0.145316373811193,-0.064986631757993,0.0778181129183087,-0.120351751561024,-0.174572969206235,-0.309749625240839,-0.259129031042705,-0.24067368364637
800,4,-0.248036600280806,-0.0475031897395885,0.102706126137014,-0.0820387100092582,-0.204904403381068,-0.172570122787977,-0.214742465023534,-0.25406940367366,-0.340699406495095,-0.135477113736046,-0.344848281746377,0.0650696829066992,-0.131752750164502,-0.257320525921998,-0.131227929637442,-0.277107347769926,-0.318302754285473,-0.233809713984676,-0.171284770326209,-0.266848343164926,-0.0239308179993681,-0.311757257418025,-0.0513971788566651,-0.249662704585173,-0.0589880108879499,-0.167527828635032,-0.310006056459829,-0.124862269220466,-0.262467439391525,-0.0752209030092812,-0.152554093207997,-0.061009547638498,-0.361423223786621,0.0298829553833837,-0.365305374783223,-0.182315672360585,-0.168097165387063,-0.0324714317654559,-0.0829097780121303,-0.252516681678518,-0.19178970116259,0.0122492927270018,-0.193764202566105,-0.100550239345019,0.0575617224125941,-0.0383239590702495,-0.0970025067950777,-0.247573437237898,-0.116695979987638,-0.315632708110181
900,4,-0.156874873988087,-0.343169812520079,-0.119805741852706,-0.179127747782026,-0.343807477420117,-0.130660076671327,-0.299200361413472,-0.241011644693068,-0.277913659910966,-0.175538531985499,-0.318974845849619,0.0920733361857517,-0.256052929004483,-0.355028816353415,0.00906612092772391,-0.327045482808334,-0.291092110658741,-0.337277291280588,-0.198376555346142,-0.278387852617861,-0.155107774297948,-0.443426751150834,-0.0213207181391435,-0.215592750692619,-0.217878315973946,-0.0567511092904467,-0.17134560867274,-0.183972900944074,-0.180495295304151,-0.249981268289808,-0.0237070188367136,-0.111692531006389,-0.31317565843749,-0.0822960177438448,-0.300296542944476,-0.1430163177866,-0.0397379603261057,0.0252997176721788,-0.0135281947666172,-0.312875286940683,-0.186494139514234,0.0269603366294943,-0.190586053669853,-0.145860530214498,0.0890855748595729,-0.00550481845071327,-0.0785412862918231,-0.360471245512012,-0.0886943921909472,-0.255595532215357
1000,4,-0.239328717853159,-0.0852924439298752,-0.0294883376365549,0.0604917831593745,-0.136872341491925,-0.162853610950353,-0.216361333071052,-0.356622662831163,-0.178598460501077,-0.199336301627555,-0.101983820492112,0.0543735633775471,-0.176838261588159,-0.220647180850787,-0.13411824371222,-0.218447507167714,-0.161824462773757,-0.297488622446817,-0.25316497397803,-0.18615466229839,0.17883645289663,-0.0758338126790447,-0.019981289724928,-0.239917790233647,-0.114201345330126,0.0556180655510678,-0.241720655076217,-0.144601642507353,-0.0651170932885959,-0.243120541358217,-0.0440185233773676,-0.180558363866896,-0.293536123711939,0.0690613861768383,-0.258443200072719,-0.181014970306442,-0.026807034813027,-0.0766379490105981,-0.141507585197215,-0.308757344935936,-0.0867517197827549,0.133207157586633,-0.230404226094866,-0.17046338485709,0.0236281094929136,-0.126632773122767,-0.0980506168805217,-0.27847317738313,0.00824637963732316,-0.237529199084466
1100,4,-0.172350585052685,-0.00327807155926291,-0.0667638076441762,-0.110652929315624,-0.148730266494945,-0.0705699024781045,-0.145242351056463,-0.287573573957276,-0.199974195770546,-0.0872835351819625,-0.140685982294102,-0.113937882869217,-0.0976313716979436,-0.0657738710177264,-0.0778935852201382,-0.117797820167839,-0.0595498872262379,-0.256267254983652,-0.063336610866474,-0.158258732424219,0.235029593064362,0.0997452692284064,-0.0357795162944909,-0.0405480423015048,-0.134848413568449,-0.0273993771299783,-0.273955457627968,-0.127946638344334,-0.0944015184706147,-0.133656378963588,0.155202303199295,-0.195593539845665,-0.164669555262576,-0.0957817435466348,-0.24767364661042,-0.182588177902587,-0.0673793232761081,0.0129125187042063,-0.266241813519922,-0.248562934111873,-0.187124359558289,-0.00516114976961463,-0.231117529903084,-0.355006144807932,-0.0738453992879108,0.0573294156615365,-0.0904008804210161,-0.0439337085026365,-0.175075466003378,-0.114193854172752
1200,4,-0.258485799026311,0.0289651737893967,-0.104831273364898,-0.0919914455269676,0.240182091572704,-0.103474527632813,-0.113054335891857,-0.321652676362181,-0.227900436044809,-0.016240624595377,-0.11990909473525,-0.357032707644109,-0.0865872000057855,-0.019228740384337,-0.0507966099259881,-0.203937360641796,0.0435941228271771,-0.215101578129468,-0.0125527997288026,-0.115637090896987,0.0359209258106306,-0.351998407519326,0.00212730187243459,-0.165858641101007,-0.309232933056911,0.0109578389203767,-0.275213179058202,-0.183900345613934,-0.16314180085489,-0.0261929357945067,0.185265314844805,-0.223360181822416,-0.167730199396281,-0.15581652160873,-0.352804926986492,-0.156876006540991,-0.152629567903969,0.00143218810733259,-0.361307162143887,-0.113643595984614,-0.300522712919143,-0.0456590874489215,-0.25098754609725,-0.458678116991861,0.00277971835334062,-0.0593651635500691,-0.170778603789534,-0.100938304645587,0.00620789803144822,-0.103314927383881
1300,4,-0.244997135002599,0.05051228343097,-0.0771663603065397,-0.174184016134978,-0.160383245091316,-0.180255143634005,-0.156954736574905,-0.318215266201607,-0.251232948471692,0.0611502318154186,-0.211004106930219,-0.391349568471006,-0.088507665237624,-0.230442175754819,0.00100049865738988,-0.17306823643316,-0.180276550638415,-0.261847986093835,-0.121372264106179,-0.0918820062703661,-0.193149335368317,-0.387865773784353,-0.0919042824904612,-0.186823869902702,-0.186445727038705,-0.0466157812420253,-0.182555317989013,-0.100998070856235,-0.160401868126756,-0.0273184504446414,0.439298196064476,-0.291591859741896,-0.226837720446639,-0.103588441885141,-0.322434690242685,-0.16576859313923,-0.294268832380629,0.0219083430851909,-0.400229882218541,-0.108389203333324,-0.28163203719718,-0.0391811003301667,-0.288903511057152,-0.215639350768335,0.00384828931352704,-0.217191831824886,-0.168758281008231,-0.0679940488193869,-0.0970942836192338,-0.207093008730153
1400,4,-0.139019553060807,-0.0102023040813917,-0.0935918763616818,-0.286097357904869,-0.0162041602852741,-0.191212267829865,-0.164478606058672,-0.270242140574991,-0.19743566780741,0.0341849349591031,-0.226161584924732,-0.289034583520751,-0.159064567549009,-0.319912308793753,0.0665181148484842,-0.240137809698246,-0.28211800321131,-0.158169892625752,-0.156937103810778,-0.0688084460369821,-0.142891038882757,-0.124469862591259,-0.130697631637558,-0.27193015298631,-0.0979822454688865,-0.0155217019897036,-0.10595588256166,-0.156905754626489,-0.0583506320104701,0.0650719263857942,0.488387924336338,-0.292251775943543,-0.17460923457645,-0.156684804252788,-0.205668963473045,-0.180025938219352,-0.152406599774249,-0.0831725191466817,-0.322957300105932,-0.0106474167838948,-0.263761683102615,-0.0731900550471331,-0.217849885681802,-0.00228429490056914,0.0162500909009312,-0.126722410190321,-0.202958128355975,-0.022992413263161,-0.12507972773581,-0.152823334887019
1500,4,-0.14936761937117,0.111283119079607,-0.0500013293401489,-0.172957991541264,-0.187420868705518,-0.156505379472841,-0.166870340103169,-0.326119219379093,-0.137780048996405,-0.014417413511545,-0.267536825924045,-0.283811800124756,-0.158764280643923,-0.0927037688118083,0.0428467853287178,-0.260976177568566,-0.239331112895499,-0.0871163836061391,-0.154801799461921,-0.0891856560619552,0.0865915360063589,-0.249151785020044,-0.10746671769112,-0.129680639749589,-0.155592620809468,-0.0630113558760677,-0.251915285393692,-0.366926617380345,-0.167984006603692,-0.0638278677112381,0.122975224007633,-0.265927778538471,-0.189111384955802,-0.149198269895408,-0.378645508300346,-0.221656696701254,-0.14271492912811,-0.399065806571779,-0.396246022295109,0.0191664546839962,-0.268970073896702,-0.266337735058575,-0.259875655812033,0.0125849101569663,-0.118341842181299,-0.123337608029371,-0.228297281099221,-0.198476194982917,-0.137680268067704,-0.165181020278069
1600,4,-0.152883187805596,0.105065261087795,-0.259034454775714,-0.161833634840414,0.0378944840081571,-0.190661184749229,-0.0963237211341773,-0.172163161999137,-0.114279706620417,0.0236346209497428,-0.106961369799062,-0.125543823441918,-0.149179946059592,-0.228667887884913,0.121090937523251,-0.1616052410617,-0.328409111552635,-0.037195893791104,0.0449194234031672,-0.106826851800049,-0.00306637529002762,-0.213337175696022,-0.0463157479197867,-0.149825477254976,-0.200166822714718,-0.0945231225080972,-0.297283921328383,-0.430560012022248,-0.169775636863979,-0.0233818593924647,0.156626937180025,-0.0826650794011312,-0.153491071583249,-0.0504331804756777,-0.226793358150345,-0.192033309923345,-0.122501888576155,-0.229267165440395,-0.277675990551031,0.00088316362432872,-0.143646008922625,-0.0676479848644454,-0.199427742427681,-0.0717488164592697,-0.0956912090018323,0.00243950431428552,-0.218129084667061,-0.0274337375684138,-0.178367896589403,-0.088082492435998
1700,4,-0.172054610516963,0.0463076249360319,-0.200714733234144,-0.115851942156555,0.123117257049341,-0.163767176074934,-0.0546303273077362,-0.172346734913129,-0.074606231113449,-0.0117398878872278,-0.0459266988505616,-0.0783638642323795,-0.040856574135135,-0.141133121036734,-0.0242705948002169,-0.00585832245583545,-0.0685154110602158,0.00184415451256076,-0.00133402547365929,-0.0388285078860482,0.0157229433072372,0.0907389995703083,0.072347703636295,-0.0584905887650958,-0.229528119594513,-0.071843845703062,-0.0582528777374933,-0.387864403958129,-0.118734591942968,-0.0649136269096872,0.29855798214139,-0.264128756259758,-0.0699225435621975,0.14250992287602,-0.206907804779884,-0.151509563120814,-0.0291980937293939,-0.253812227328527,-0.226608668080978,0.00844827299338008,-0.10005521196021,-0.101487988789778,-0.129622673395707,-0.016926427530269,0.0123933666244448,0.0907393046118976,-0.210181407012839,0.148072805537604,-0.0732731036382751,-0.0934094684018527
1800,4,-0.147957717016088,-0.023902801513774,-0.123145121834242,-0.103839098914421,0.0699201476989296,-0.0941390495582171,0.0228550346281118,-0.0852539337111028,-0.0486741902531163,-0.0487340102472322,0.0423616411271147,-0.148293870194512,-0.0540272440339087,-0.179675121138583,-0.079099615281792,0.0085106220825244,0.00318667332302752,0.0153607531953746,0.0941866304273241,-0.0980892600708947,-0.0139896564158821,-0.0276688704891601,0.103914139310951,-0.0149079601098377,-0.389244660536511,-0.150916836235059,-0.0829386921581353,-0.372273369400179,0.0425216322405645,0.0797923649644268,0.0696446861578413,-0.421674317810805,-0.0799470131905672,0.0806346883426441,-0.236704693166248,-0.13863197699489,0.0191289068722106,-0.0350810962812946,-0.118540146540149,-0.0577660035285566,-0.163166030527151,-0.0986307384806273,-0.201578354968451,-0.0439168697871136,-0.0183009412387193,0.150473260585779,-0.13567528867339,0.0455730969351985,-0.106564890824007,-0.179453522952614
1900,4,-0.141158894875926,-0.209774060661892,-0.0892002975414926,-0.185083876044407,-0.0329586210472468,-0.078865171459826,0.0387318726443404,-0.0191034955778321,-0.0139817052342393,-0.0502833973608873,-0.0573873506911572,-0.149233452886413,-0.217570957144882,-0.310592556558952,-0.18822841899242,-0.130645064633723,-0.0657097304338101,-0.0657506673606214,0.0105068615024016,-0.082503274658556,-0.00821318030166296,0.0632743874413749,0.00369186811014161,-0.0185225920827404,-0.343464495109206,-0.0666203950806476,-0.130097308698684,-0.455661012386103,0.0484722323085923,-0.0167025363406377,0.179342548678634,-0.296748050397052,-0.0476172712904046,-0.0690137130529057,-0.23557251598144,-0.100714877002462,-0.0594640979556202,-0.146183009132358,-0.229731363008264,-0.0699455853183737,-0.0507627386856597,-0.2551593836185,-0.118597377904898,-0.0110473708992203,0.0578360516525017,-0.00145547098137511,-0.107105721926865,-0.0263615691862452,-0.0953851487801815,-0.160710605027569
2000,4,-0.0718027788589226,-0.190786972609947,0.0604458683928275,-0.186616718098312,-0.087647919541351,-0.152429317347885,0.0326467121567667,0.0282113800855396,-0.0518656652171111,0.0296057043650484,-0.0932694407087065,-0.281644560655613,-0.153486980205429,-0.236124726165655,-0.184853817086478,-0.173834390207725,0.0673161895066202,-0.101126747323421,0.0788198410451907,-0.0314693349780517,0.102443848618763,-0.0963650057947635,-0.0362950834653871,0.0184815011602132,-0.231309194683388,-0.0954203835592581,-0.14226234680865,-0.29164857375212,-0.0649357589288773,0.0909906640486758,0.257879846031552,-0.1334297318541,0.000574212728408713,-0.114032524486894,-0.187316938753847,-0.0390725598618556,0.00668399038025663,-0.139381933000639,-0.0909496782156716,-0.0680733552389197,-0.130469969642158,-0.242655349562215,-0.0556222729972386,-0.068938994929598,-0.0205795216740425,-0.053808113558293,-0.182599448028173,-0.00538311151430673,-0.191216486857434,-0.1138547537677
2100,4,-0.0203786762479117,0.116248480083227,-0.0122929181486338,-0.0849420219655633,-0.105068277546996,-0.151653005471215,-0.0580322846623903,-0.0366112720828801,-0.0653841082110547,-0.0585203391379313,-0.03554144963976,-0.204246312971276,-0.126967355539123,-0.182572294293615,-0.244926333446198,-0.164386857342629,-0.0163002577361945,-0.130706365362106,0.0343246816796281,-0.120996515317983,0.0222650466066198,-0.224587601783322,-0.126557022097646,0.0240642121601723,-0.122891937940327,-0.05327460182414,-0.117087712007963,-0.271577332908811,-0.20229641899177,0.118334342725574,0.528642131421313,-0.0444057946761462,-0.0258972641257439,-0.154323573579803,-0.194736778039205,0.00720845729845518,-0.119843615558782,-0.114147461939363,-0.129428288435492,-0.0210448661683543,-0.181953728701118,-0.172962661610656,-0.141490372463518,-0.104494438426311,-0.0161340327790949,0.031712958785349,-0.145992031153202,-0.0668992535119385,-0.266511782976179,-0.184179211811151
2200,4,0.104681308905973,-0.0463342046240749,-0.0115942888787351,-0.224211895576797,-0.284620200316859,-0.1518750634698,-0.0554558642033677,-0.098940571292796,-0.0253153271615746,0.109460385240556,-0.0880711798315698,-0.262841136015383,-0.0331172022028724,-0.194327106646919,-0.129376707452336,-0.137529217642799,-0.0351854137003827,-0.0891202527813577,0.0251972505745698,-0.0290511492194048,0.0259010068584025,-0.0354783281334834,-0.112631107122524,-0.0589789709253053,-0.131589872873643,-0.0557715721299556,-0.0554530100903864,-0.180803531147637,-0.198182661511866,-0.0155199118655821,0.369700095437097,-0.00867872669033443,-0.0613881419679344,-0.258260382797585,-0.27909162017082,-0.020515505593815,-0.0603373643756078,-0.128901871992803,-0.225612458238229,-0.0079112452081031,-0.0910485641064287,-0.353379160768224,-0.0796446990642586,0.0330536984529904,-0.000363356732571374,0.0500375289958832,-0.219752169678686,0.0520897531635842,-0.220950449204337,-0.200632497056527
2300,4,0.123686626058297,-0.398506904653185,-0.121917412644003,-0.185035974384784,-0.127506239594668,-0.0823392884230225,-0.116885922740322,-0.103065216318829,-0.0576188959274403,-0.0474286915233167,-0.0225807263294839,-0.190320262209327,-0.0114804682707853,-0.306906954947246,-0.0204379567285156,-0.0666332616590422,-0.015745765889422,-0.00927728292245011,0.0962485915603377,-0.0329474267083376,-0.00174385793195642,-0.120199722707024,-0.089254820302572,-0.083603476560034,-0.217457209362561,-0.059615380512867,-0.0704910027252721,-0.278046649282107,-0.162433928084734,-0.0159626174243225,0.185449926126827,-0.223324680518517,-0.0412071650478591,-0.235046100912534,-0.24861099025758,-0.0244707164912551,0.0121791828442229,-0.0667131722427095,-0.353011915412548,-0.0793127995887095,-0.0818751612084503,-0.338738593606935,-0.145663639864937,-0.0894550635328983,0.0788059254557944,0.0844187769655746,-0.178891568506843,-0.238579116285665,-0.224438090230587,-0.191679721436619
2400,4,0.0406382474255629,-0.243360496464113,-0.0297521734928876,-0.177887646370144,-0.239610256811247,-0.107096003834458,-0.164111913764408,-0.0717720718251455,-0.124034767712847,-0.12036702065573,-0.0371796470251275,-0.120252828246825,0.0294837432749986,-0.221406908354931,-0.158077013242686,-0.115154735370744,-0.0166641988495842,0.038795365640303,0.162777926749462,-0.0568304497429906,-0.00466471465512197,-0.186250592663919,-0.0608554223416781,0.0442391181964101,-0.232202826259921,0.0525005135321198,-0.297789211110792,-0.126129167718386,-0.176555780948794,0.0523288435628013,0.340926901598479,-0.316472186996669,-0.0910027939209138,-0.153370478177936,-0.0459232166550563,0.028058312393595,-0.246418450451485,0.0425609250410442,-0.346124818902267,0.0214532599227901,-0.192906396824873,-0.300927007415147,-0.142444038301331,-0.104420917895727,0.0409260567925851,0.132840388439139,-0.156710520781182,-0.101349362470359,-0.159462293682001,-0.158975772157406
2500,4,0.0432924947836092,-0.163086263742014,-0.137051311959933,-0.121496688158669,-0.0759883704030362,-0.0872174532509726,-0.137003411506391,0.0361308504739951,-0.0818352228813986,-0.149245415724655,0.010826629438062,-0.00127859713796352,-0.037788631116875,-0.161180125176597,-0.237262367847663,-0.141790964411114,0.00632171304048068,-0.0991945700917269,0.0485632278848233,-0.0969357858187844,-0.00299407515442834,0.118595855799254,-0.0962233278755218,0.0182411015280692,-0.143697083069417,-0.126752541030793,-0.0832856269023988,-0.0172375565660856,-0.351494339637154,-0.0202077898333689,-0.33518062365068,-0.310817823623289,-0.0859328673564198,-0.104346996997279,0.076166368914266,-0.0355337280094536,-0.272323450712019,0.168804022117564,-0.239679660248053,0.0446339029000864,-0.224235897772741,-0.116475723129579,-0.132792856094605,-0.102080747860726,0.114843256363989,0.00351855110850652,-0.101970885929019,0.00390578424686133,0.0327317880433035,-0.0824608504715227
2600,4,0.0619639456131571,0.0526579616049004,-0.0750393313497234,-0.0767890614538508,-0.0919696278107666,-0.0534064496263819,-0.08558492551017,0.0339269526134472,-0.0610683297806717,-0.269848743553294,0.231984393024755,0.0383509310441619,-0.0190116386783852,-0.0926899884846437,-0.128448277524858,-0.0964406026041624,-0.0516454929523261,-0.161156160101206,0.000615414190564184,-0.0793996303500394,-0.0898396503873807,0.0623727537905137,-0.144547041905425,-0.0501258638409314,-0.269057590826579,-0.0538552649078998,-0.0183499793142509,-0.131281499334001,-0.329369243229254,-0.0416354060814002,-0.12934067348108,-0.39012459667284,-0.0399925887568292,-0.235248366402562,0.0993864051439562,0.0113253502119817,-0.0621333918810065,0.18724727892073,-0.125719108041778,-0.141017289310159,-0.180442750606072,0.00557905029798406,-0.0590578627616704,-0.0883984566127553,0.0321678326242671,-0.0486913089915846,-0.104597831970567,0.150688787335385,0.0110906829039197,-0.0211575988632694
2700,4,0.1004375924614,-0.032887326457718,0.153405367866808,-0.106012321498346,-0.0435096088802291,0.0629983403969724,-0.0142124142923454,0.0107664566346375,-0.155686544011414,-0.321151321310321,0.156979363334947,0.0995605215514481,-0.077496039502037,-0.15824504830415,0.0212164639322179,-0.142069847310525,-0.0746391508459418,-0.0663085043786125,-0.0549611418469771,-0.0113268225278139,0.00157390221101789,-0.0437128779184442,-0.130998742517539,-0.0385589111288451,-0.138208510848212,-0.113758302309487,-0.057459309193015,-0.095893626159719,-0.208259570100676,-0.0795526378094247,-0.148974088772797,-0.378001262737289,-0.0373961657817443,-0.0758252079090827,-0.042639615975549,0.00824780367984823,-0.162921452993027,0.0458072736588856,-0.0890432835629272,-0.194104723334267,-0.151256304901299,0.0750615136905814,0.00656547964341719,0.1442601922898,-0.0575272514967126,0.0798522852779171,-0.0717724334414712,0.0707515472471133,-0.0311337932634176,-0.0252368215116174
2800,4,0.117575527384617,0.0328452007602253,0.105027283175272,-0.0421241254515499,-0.00674741914188351,0.0594869051796001,-0.0343415211318001,0.0186635425706021,-0.19696372699663,-0.117993523280059,-0.0583715650334738,0.0993949573084815,-0.12402749033295,-0.223100530652948,-0.0131754825042519,-0.228196406768906,0.0156265333714341,-0.0183887852109899,0.120786907024606,-0.00444222630272115,-0.0744999506182621,-0.0991758317717477,-0.0499548053831331,-0.118612644938084,-0.100164655135465,-0.171005177761837,-0.183685607297346,-0.0761985754472008,-0.175009071629588,-0.117847972176696,-0.155413336018554,-0.347967814313583,-0.0560229944938216,-0.0879749983377526,-0.00749162986818666,0.0243668907468934,-0.151551635166894,0.0311688428405507,-0.0347046312093779,-0.185223706490323,-0.129488634966046,0.0330288828909719,0.0410451560979883,0.163059701268454,0.175841689658363,-0.0933150102955264,-0.099112229474805,0.138624226616585,-0.066259865446561,-0.0509653220510806
2900,4,0.12502828574519,0.100919219557627,0.192616984847549,0.019567159721136,-0.0740450332362301,-0.00823466003421713,-0.0568260304263246,-0.0717567564910422,-0.0992295083284568,-0.0318693612202393,-0.00801469233350099,0.181154796833844,-0.142456634585212,-0.19873827342937,0.0384014746867485,-0.2537826441042,-0.0430744817804979,-0.00766362485694838,0.0953489542924492,0.0549410411701986,-0.202339153804078,-0.217880231154032,-0.0555475432312704,-0.167014798981775,-0.020407311653506,0.0119966641687119,-0.0209983391206574,-0.136379494148868,-0.189749641849451,-0.114484386003395,0.159604309057488,-0.271157855602091,-0.0748191376040433,-0.195434148857975,-0.0681776163094462,0.0232203390734742,-0.0383733979025851,-0.0233435854151491,-0.0718589397893377,-0.166780623846446,-0.204059044247042,-0.186391933161018,-0.0228873737195052,0.0746754944263523,-0.115646606879251,-0.0581032723333182,-0.11104484776526,0.0341870221737155,-0.0208309333724954,-0.0377137799573223
3000,4,0.0235042011496748,-0.0289131909324463,-0.0368819486294554,-0.00388199933931399,0.0860991690628624,-0.0595825872228698,0.0015063546528391,-0.0958226201748889,-0.0866037699100726,0.108344065377183,-0.105000531884324,0.143112351219687,-0.128613463580196,-0.235856121772127,-0.014158068064294,-0.150571306763744,-0.0103026783334361,0.0470940550312443,0.173516598364353,0.0104315613395273,-0.0645625990350412,-0.0916524227666444,-0.0917193679307562,-0.223578202818542,0.055470986319948,0.0734838088247953,-0.0198897226709412,-0.0389900329529436,-0.22171773152325,-0.127789562078205,0.217349700531038,-0.340344627437917,-0.119756549920517,-0.0407646464006101,-0.0349107543749354,-0.0168529263493716,0.0614506829704149,-0.158303197459466,-0.108126935224974,-0.120294602132347,-0.191380907152968,-0.151078106350416,-0.097356479090093,-0.00764789544729128,-0.286475648645555,0.00474913854334214,-0.105225747394081,-0.0634264657821413,0.035727456775231,0.0745024522732943
3100,4,0.0348236020068854,-0.0354538432033449,-0.0186483965279269,-0.0751970906302459,0.0820453915694403,-0.0866506807192997,-0.174934318321077,0.0304324469443016,-0.155679348276082,-0.0802349021772749,-0.00269595749811427,0.0193147273691661,-0.123860127254135,-0.0541801491568085,0.0257062413431901,-0.0907563312478511,0.112929088150055,-0.00433030788217093,0.090635469763152,-0.0844429881838719,-0.323721844190787,-0.126728549683347,-0.118405534641931,-0.0312957135405319,-0.0882463045622551,0.0972141718373778,-0.0496773153294567,-0.0325240641930173,-0.0835389156102647,-0.189075160721381,0.173677059691704,-0.0917985053326129,-0.171229084013726,-0.0906450844301389,0.0476791320062942,-0.070973767954717,0.107741850255931,-0.0846721635904221,-0.091144474925212,-0.0577303366935727,-0.3135762018924,0.0797150446389104,-0.172344202453113,0.0745741982819585,-0.157451508639405,0.117249569727839,-0.0645505361323465,-0.204547657035419,-0.0324456050674946,0.0338605355752901
3200,4,-0.0491202174312135,-0.0287445689894296,-0.109923494106107,-0.0115134028387106,0.175221372516555,-0.0545124541979032,-0.107725101813139,-0.0530934611064355,-0.0604055878785585,-0.0802727828095605,0.0407569556659347,0.00597322831265734,-0.134540793578082,-0.0360202406300476,0.0317571044408303,-0.141432468017504,0.200756001127544,0.0454799171797177,0.0362018443901185,-0.03457393246071,-0.0917379140124164,-0.0986613379571458,-0.114021596504162,0.0488391699372118,-0.0460161026835898,-0.0184414335323755,-0.0901189519418064,-0.0835625637845858,-0.0312724567568859,-0.0847314716340067,0.0529500047663917,-0.153027110860935,-0.0985236270294186,-0.0301885813313977,-0.0417032402679499,-0.187947154823598,0.110721129224657,-0.246714486934642,-0.0947361798202798,-0.0464950798984703,-0.222100916306776,0.217058990278851,-0.24090333419385,0.0869760949231251,-0.323085609681726,0.00358783285993203,-0.0989182041300343,-0.0618440484863154,0.0497063393964388,0.0239703223205944
3300,4,-0.0311811003348198,-0.112542956531576,-0.194604927891201,-0.0896470964100029,0.214538389985803,-0.0551435056114749,-0.137401537601029,0.0138705176319993,-0.0707442488423242,-0.110395572287077,-0.00690308404066925,0.0448787854474542,-0.0531349661280836,-0.120576282361193,0.0728200621501062,-0.159607466345568,0.0556752461926288,0.0317043645307431,0.0126338338642195,-0.0148829532221131,-0.13045831365856,-0.0926272050531909,-0.120792024852282,-0.0375995174357858,-0.0919443680621893,-0.234344763434806,-0.121908525951811,-0.0958331171821189,-0.086244453053975,0.0565471191543699,0.0782116669188655,-0.277348162587538,-0.0895387649002894,0.0053414830357596,-0.0114731031582521,-0.237275084217555,-0.0457563441295992,-0.141804302507078,-0.182353814518807,-0.0189646438178694,-0.180497809642212,0.159950642662249,-0.274573857248703,0.221947164434654,-0.276516086183805,-0.0291283286158676,-0.13716853019843,-0.102610884331125,0.0493738861110721,-0.0654984287577475
3400,4,0.0111205090144539,-0.177310820499197,-0.0859375716886908,-0.0454557130389201,0.484493711740792,-0.0894923292201256,-0.09343339509636,-0.054261200402117,-0.0316982744322654,-0.0631866170801817,-0.0856339572611374,0.00539259155060956,-0.0507069976404962,-0.00177332897727422,-0.0463807583851595,-0.199182600710758,0.0455086704751363,-0.0789114428348403,0.0519639015264362,-0.0785585498529585,-0.237809974105697,-0.15141082377353,-0.142885677005324,-0.0602850852782471,-0.0992004603317285,-0.281620662712069,-0.0227372341363233,-0.139305420886755,-0.0644332229672352,0.0769061502101799,-0.0804651110748917,-0.111827879243889,-0.0705561765915216,-0.0576133185830492,-0.00640388937830252,-0.182844248384306,-0.0228712640951907,0.0405125191524139,-0.110695834185649,-0.0142737374933297,-0.11479007411688,0.385194168084142,-0.198745666965259,0.19799244229691,-0.194299661311531,0.199986834640592,-0.101768268746073,0.0208410740274587,-0.0145697190327517,-0.0670965986158224
3500,4,0.0221229688459932,-0.258457085345518,0.0971555032436786,-0.0920466705324815,0.545214836605735,0.0124529160543496,-0.0617520578561738,0.0507654718795361,-0.0634342820166871,-0.0740046797871518,-0.0789101387045504,0.0702139217223707,-0.0628543032922613,0.113683475260661,0.130343546239385,-0.188977954346949,0.139433432511647,0.00139456053821718,-0.0355050915274522,-0.109739091859882,-0.141346253246402,-0.125934524279313,-0.111942596149325,-0.00165084072147698,-0.091654902553889,0.0192141724812951,-0.0518276283080756,-0.00606098566303481,-0.0590061275639145,0.0732029334343607,0.299925672519865,-0.0198608797735146,-0.0844315932805389,-0.0563723223128074,0.067032031963503,-0.0952757805696714,0.117303186447247,0.0717829249530587,0.0361623307238584,0.00246619481651528,-0.0746038650647259,0.262863650479954,-0.0943969889232608,0.328325352061196,-0.213345114893307,0.199031511661324,-0.088333263741902,0.0547615825511954,0.077916864454152,-0.163897996358265
3600,4,-0.0100258693232086,-0.104038332885036,0.0744190318441545,-0.110180137313823,0.464195671440032,-0.00291030380599294,0.0514688757134654,-0.0788682338449639,-0.081644569719018,0.101543602021013,-0.093070812981086,0.142271490248588,-0.0183846639255872,0.152630457041958,0.231245922611588,-0.154100713244248,0.185067391355769,-0.114662387387563,0.0553095007888659,-0.0668853002296531,-0.0290014210951772,0.0592757579037282,-0.0680510055332368,0.054783991591805,-0.127844045823031,0.0252490545497861,0.042534900661039,0.0187175747378961,-0.131184421402996,0.0238001364185083,0.425892064584483,0.0555722988593996,-0.0134047024305308,0.0355065578094641,0.0790305163615846,-0.00161428482809456,0.225640283674323,0.137521083034344,-0.113994900948179,-0.0078380017966595,-0.105740908697105,0.222210165484243,0.0135445474005969,0.407771467892759,-0.256242658948476,0.0623995165590197,-0.120488886144203,0.0145545453901953,0.0226242129420773,-0.0877473285809049
3700,4,-0.00645743466787158,-0.0956890115005515,-0.00457502203708821,-0.0707673979681959,0.455225172666523,-0.095356047433909,-0.0437954653072566,-0.0791895126513271,-0.0688953555879842,0.253839435485596,-0.0616328649629216,0.187499394015376,0.0612079953490304,0.121052918213861,0.298446743895916,-0.0598803876782913,0.16856783205386,-0.165351558792767,0.0840188102772362,-0.0262633473762271,0.15811706369296,0.131560304773084,-0.0788363618453696,0.0915331515260986,-0.0257611297381177,0.0128222947634028,0.0574936700474781,0.0925959933677337,-0.0674312354513371,0.079695599144011,0.120895101023271,0.0317588591492889,-0.0200807080009495,0.0969700978899766,0.102562336518842,-0.0952126911586048,0.177126228710225,0.0829867740465123,0.0403264340714263,0.0402956446886949,-0.117750256995061,0.00526599392854282,0.0417471342307544,0.317112080374314,-0.164271554083676,-0.0931849027924864,-0.0660675039134105,-0.12068566464625,-0.0252035817242884,-0.087639159449329
3800,4,0.0223065494050538,0.00870006710045779,-0.0894630338823816,0.0380615709417149,0.62352796590535,-0.0717394448896039,0.0888853860808159,-0.0298234546144749,-0.0803934398881886,0.195620673607357,-0.127332827611777,0.183193314765862,0.00894751163398216,0.132323767904678,0.0794837478631485,-0.0512910121902655,0.128017533464374,-0.14402047670005,0.0438375841604425,0.0436310753935127,0.0815500772056532,0.326290216943167,-0.0944201201448414,0.103528019683896,-0.0208163797380102,0.00335938378809286,0.108484718478166,0.041974331199749,-0.105775271158764,0.0848548224559599,0.346391016872817,0.313661353426253,-0.0611594346459571,0.117416435184325,0.263072100583003,-0.117240013692312,0.226290762425265,0.045122975401334,-0.0487720218315205,-0.0259460929869146,-0.0391218458067654,-0.0195423175429805,0.0126392864257228,0.27602352715572,-0.0171051897890946,0.0160098941235512,-0.0300612807561916,-0.00476371848652357,0.010730248557018,-0.153183765643153
3900,4,0.0778954384530553,0.096338670215499,-0.112073641622396,0.0342823336848844,0.311757916502683,-0.0119963893292977,0.224242049231267,-0.103775307021357,-0.0409600043939129,0.0815441872909604,-0.175379446471371,0.226938173272735,-0.0611059884161319,0.0463405433311075,0.0397032666550172,-0.0565078276952981,0.159452699614497,-0.127750302069856,0.0225478857033819,0.0551511652562235,0.0866050315407401,0.3164396106165,-0.10496531518749,0.16096890136231,0.0203996161245355,-0.0393154487222543,0.10899591380938,-0.155014117346203,-0.228292031294356,0.00068651423138022,0.269737549173502,0.167254746892365,0.00246073959471196,0.0142673551941341,0.288454228525559,-0.0966554669197776,0.216466515291884,0.0413237292704428,-0.0354083687526839,-0.0353884037897453,-0.0577012655209589,-0.0812124312981862,0.0166786900314232,0.253587118239334,0.26428986157499,0.0417291734730559,-0.0355218602095137,0.0800193618357005,0.00356673837352212,-0.184144844149136
4000,4,0.066020800694605,-0.0758308850965064,-0.0822370183156033,0.0125348642427173,0.301657804165675,0.0259918551148753,0.14602041814511,-0.107573073574841,-0.0433165045605346,0.0485734659115823,-0.104755419076756,0.33928107793324,0.0106886594911933,0.0398107820952968,0.222889251425753,0.0213996012539167,0.195747500788656,-0.149164326780026,0.0258457348576383,0.0582994517994161,-0.073009929681462,0.117163899973722,-0.0732556247385059,0.140538615460673,0.0741524248469488,-0.0835515327306552,0.0623298429318402,-0.120476048716055,-0.0195832847158912,-0.150992192075527,0.565823669258473,0.0659761431397544,0.0371373404454367,-0.0539515695619533,0.266659444291443,-0.0870786794341679,0.0531851351807916,0.0157425014887174,0.0629196873812488,0.0338035267465178,0.0132579404346583,-0.0319835931242358,0.0387336109125104,0.151702958114198,0.0131980799248081,-0.0634617511379699,-0.09800171283172,0.12979816823434,0.0094031655807601,-0.207721183051564
4100,4,-0.0444828562367593,-0.109804676182241,-0.186351538317794,-0.0698533078303653,0.250254373321648,-0.00936736046926984,-0.0198923087585381,-0.126998378769028,-0.0668827254421038,0.0479383765740335,-0.182063382418951,0.237762629641525,0.00556465728794242,-0.0389509689246653,0.16373741930015,0.00898072329912811,0.0832633772525204,-0.20390987441749,-0.0147743395819971,0.00164906744838686,0.0640955702300076,0.0360685303414692,-0.127773269467624,-0.0149315420363302,0.11252219000418,-0.212449068095448,0.106969425546797,-0.0879828464779341,0.0204569255911867,-0.192060635958938,0.712435655668503,0.132237426975502,-0.0209804114709786,-0.0291859490393736,0.297978805752809,-0.0705534414295958,0.0452188201390245,-0.109464703933794,-0.0707629361157239,-0.0329545353412588,-0.0549616975300057,-0.171354105129448,-0.0254201821721065,-0.00958674360825579,0.00406677291768792,-0.120278745370598,-0.122150600329355,0.0106071008396983,-0.00441894861007358,-0.120153800167965
4200,4,-0.134928196808693,-0.0718533918156226,-0.169538430724573,0.071998596013959,0.315567338117658,0.00782432126959787,-0.0718659856640103,-0.096759940821581,-0.0350106857801057,0.062258685120452,-0.197732690498965,0.204768066317464,-0.0422966294066764,-0.000391737243898793,0.115343158991928,0.0251410811401578,0.0456208721348478,-0.129022323159315,0.00784918255232683,-0.0356722740960914,0.0622715870509342,-0.0921990384262167,-0.148589201033743,-0.0613344341969727,-0.055044885950503,-0.280174985972868,0.0266095644421096,-0.032333937269086,0.0347420864231377,-0.151521098059727,0.450975120022452,0.00883143853041202,-0.0326495711792079,-0.0689504346466357,0.234164511965394,-0.0982480425039966,-0.10312103577002,-0.00597690672417911,-0.0755755166999398,-0.0851149769752098,-0.0372219378286746,-0.184445576190483,-0.0774021720022092,0.0942214067291063,-0.00499386892335529,-0.142414406689864,-0.0986984348976737,-0.0803537935814964,-0.0485354070397392,-0.158410227422595
4300,4,-0.0164763801204425,0.0166887504106025,-0.0606292689657132,-0.0455090079728523,0.266611757093181,-0.0629149870380477,-0.119055392643294,-0.136712717998989,-0.149772492054321,-0.035729545967966,-0.278801007968371,-0.030788157383614,-0.0632225123930188,0.030913926880987,0.00583356552070013,-0.0581925838532643,-0.0166063490168428,-0.107129654291528,0.0612967373812865,-0.0705070976937806,0.0595023543151788,0.120940324064834,-0.255222524552148,0.035121487232002,-0.108193287411915,-0.256723136561822,-0.0129458173754705,0.0311516315446117,0.0642369463321158,-0.130173607885171,0.0670179635774399,-0.0807073972521261,-0.0514749933170829,-0.133286492918901,0.246978879688955,-0.0889723903408495,0.0413777198705067,0.0735097925856043,0.104639736323096,-0.094723013679368,-0.0457118787252538,0.0880645752953729,-0.0962943390444987,0.260720695240919,0.0315528091770703,-0.128871207094618,-0.114168091972813,-0.151354714205266,-0.0562155730727895,-0.136345889943259
4400,4,0.00772637364642376,-0.0775035642943585,-0.0276353106183727,-0.113538531986845,0.533744065467433,-0.121704595415085,-0.0658444154063837,0.0268258328495792,-0.165018189548766,-0.0693328960571853,-0.25736335985174,-0.0585617653657777,-0.0589151796811203,0.0140076327373479,-0.0141117533761824,-0.0171822790644859,-0.00519656970761329,-0.164267570399299,0.214121243621934,-0.114088060292888,0.160714534846498,0.0734691374401456,-0.22915215207313,0.0712964053142617,-0.104010965155443,-0.262003907680593,-0.0629004954291406,-0.0502465805999675,0.1793043233721,-0.15038709985216,0.304542631510872,0.0257882766932114,-0.0442265581475245,-0.106318118097651,0.083166115251781,-0.0745407889828898,0.18267489681293,-0.00399132897625198,-0.0638929985223051,-0.0768523037648561,-0.114871541145815,0.123271961388299,-0.127197991205431,0.260729244036171,0.0719073576143473,-0.00974651070222521,-0.155662172016853,-0.117052054797399,-0.0102057663456246,-0.157124017543065
4500,4,-0.0799326756470659,-0.0974299475938619,0.0432627364664275,-0.0671347814478976,0.178277202796246,-0.117743925267382,-0.0754880057711823,-0.0282661173651511,-0.138571917732947,0.00353696466218684,-0.178980631915653,0.0214730258794089,-0.0157759522738787,-0.00364932912801941,-0.0105121502552689,-0.0547827035754461,0.015319983444355,-0.182691051306349,0.0951068678999298,-0.222968073269194,0.240874779379197,0.0396863332410288,-0.0824595818445892,0.158002525772968,-0.135682125916344,-0.206693058580405,-0.0640211109281386,-0.0367071610693332,-0.0263018151290453,-0.0663648646590352,0.150078058807918,0.191950862154976,0.00127743811707709,-0.0709535784598272,0.0373937141958271,-0.107083122519926,0.0892641410373692,0.168981195020034,0.136587735820144,-0.0571322116480933,-0.0918241394276585,-0.0414666224614818,-0.0614255751826095,0.347662255470331,0.158172655089871,0.0417672612704834,-0.198141953396165,-0.125466257495938,0.156446150871907,-0.103204491495235
4600,4,-0.0483984795232907,-0.0562414081172865,0.0170420891617447,-0.0286826096257371,0.100857280266038,-0.172107682796236,-0.120287282306838,-0.0468268313475285,-0.168438025331124,0.0805545427457116,-0.212254647952973,-0.0544310950372002,0.119379980506244,0.0535978884728562,-0.0146497933119994,-0.0170183152486756,-0.102502426745423,-0.0512881857262931,0.015765602674603,-0.2326323530658,0.250207311231411,-0.228717294458667,-0.0560616175151887,0.0522347674792423,-0.11726215859287,-0.169807873473195,-0.0454824656365474,0.00344591041058273,0.197372746294174,-0.0397456965740321,0.312055930535695,0.311516964928875,-0.0224431748610108,-0.0274999549810356,-0.0597466416369014,-0.165626754725098,-0.0207057489765981,0.0399120783409418,0.23498878278847,0.0331853369489933,-0.0755074839840904,-0.0657441613882265,-0.0498921919907481,0.288838925962944,0.161435727536214,-0.17698367206828,-0.0994175198250894,-0.239953526044946,0.0807770376510953,-0.0911685213468592
4700,4,-0.0375358030624929,0.108708213935909,-0.00406837191949649,-0.0109834072156401,0.238590549521237,-0.241994456487782,-0.115809321488073,-0.0153131267869119,-0.179836145132067,0.251951735237949,-0.249621315534592,0.117483287788055,0.0937006245909748,0.0884868881477268,-0.114314127416996,-0.0731455142775093,-0.123617509625009,-0.126977608189336,0.0921598553192186,-0.206176827771962,0.102823807389515,-0.0274989043969951,-0.0173757377148833,0.118413798656722,-0.169680521994798,-0.110990171888517,0.0241261287245185,-0.0693165642088587,0.178973807906777,-0.128808391207352,0.155712024929927,0.312664390171905,0.0140983961155696,-0.104816702545144,-0.0402057754983664,-0.137156338664553,0.126739140022233,0.0569580083519992,0.0717689983628775,0.0338201707252207,-0.0579870521728257,-0.0975339096910762,-0.0652002631276305,0.360031645200091,0.147758461241986,-0.173131066439426,-0.0829959565943556,-0.189330020049012,0.0489237724721344,-0.136705619355519
4800,4,-0.0228274953261769,0.184529990405147,0.0118313801863987,-0.0548654474744344,0.470098887651671,-0.242856930175426,-0.0518930093734372,-0.0821931038592942,-0.209536242038949,0.00945174423601491,-0.157971936870678,0.0256889746380453,0.00623650643323692,0.154104700566496,0.0696066530877149,-0.0783207355439668,-0.194468833206054,-0.174346880564558,0.0388715596234137,-0.216525890936167,0.210801691560635,-0.180923200410999,-0.0644406804262903,0.164583379960567,-0.0261179386710954,-0.0737487684467164,0.0699981561231487,-0.120170350149093,0.0223605407085603,-0.126824101669447,0.245468359005941,0.204679698330351,-0.00904817969213309,-0.0460333124979741,-0.112621244737989,-0.167461629967866,0.198638977178586,0.0471068044971011,0.0167859004512977,-0.0447476944480927,-0.141751210913597,-0.141043723503583,-0.0837460985949632,0.298476215589425,0.0281467942868961,-0.206460955046216,-0.0983800382535372,-0.196141503072322,0.0500284695087089,-0.0996372158188602
4900,4,0.0952509683925271,-0.0292314694371841,-0.122616299475892,-0.031463872145762,0.354688651646133,-0.0297543686166978,-0.0090894730782467,0.0201719506591326,-0.137968776706106,0.182350149881265,-0.0627146143644396,0.120556739835686,-0.0315122017201536,0.138588884524488,0.0723307683750896,-0.066911840268014,-0.127135990927391,-0.0814910938266771,0.052011181746611,-0.102100976907588,0.153029319446571,-0.0899940647703281,-0.0096217301020613,0.0377697716125351,0.0760188632754437,0.0843355777163281,-0.0256388600033032,-0.104731804396176,0.0862916649050294,0.0551013407974194,0.325906933294634,0.0573507833384867,-0.0264394393414909,0.0930025963323546,-0.210413843213095,-0.204606798505305,-0.031542457316371,-0.023258227818969,0.224322667432283,-0.0455199234823287,0.0147946061208386,-0.114569606302696,-0.0994998428194526,0.174325907682808,-0.0366441258546468,-0.175386632042334,-0.108834807736008,-0.183641433240641,-0.0437871051423205,-0.117634279703423
5000,4,0.0996951370451782,-0.103868703303301,0.00362824188461386,0.0476600088867816,0.391632292563646,0.0245092953522467,0.0336509373934893,0.10052996008445,-0.0847074385113039,-0.170998054911439,-0.0353295755977703,0.0802056959499159,0.0140289068514335,0.252151493921174,0.0286414446788465,-0.0714764560279531,-0.0865271335926773,0.0113131826334593,-0.0126896842621711,-0.00390047483257216,0.182976608934237,-0.0147175470802346,0.0982368526447953,0.119787612407315,0.0260247950194687,0.0356728206621642,0.000563153332868493,-0.166434230417619,0.0405709083588773,-0.038404080077754,0.434167704229688,-0.0714776626569371,-0.0147078784899684,0.0563980987125161,-0.253038802547275,-0.253680489032805,0.111780926828314,0.137810737023456,0.237493624098016,0.0557053839987343,0.0206075704694393,-0.0507319478161367,0.00301553455124554,0.0775084760531676,-0.296499129438018,-0.124182036930895,-0.0552862907117321,-0.132911764503606,-0.156666906845584,-0.117200552065455
5100,4,0.0935783078043524,-0.0748291008994203,0.0758515647438586,-0.0160275250592835,0.208476669099232,0.184650769550681,-0.0731105835446313,-0.0452665904371847,0.0435172130753065,-0.107967177827216,0.0628180586699865,0.0367594577822925,0.0324391205922266,0.276134585739377,0.0121777726509443,-0.014924186421579,-0.06491222510771,-0.0130705485785617,0.0539462788642867,-0.0428162169814961,0.213778186864445,0.0258727703082614,-0.0167599994270108,0.0803804807315021,0.0595664357135828,-0.126892174903224,0.124377256622578,-0.14507881517902,0.016899081199342,-0.0197484423087347,0.382755184551367,0.15144325682339,0.0201626161980502,0.0706092368377066,-0.212582914031304,-0.21408867395409,0.160963740439978,-0.0358052155676657,0.1910213546168,0.00882420397265654,-0.00811987418222548,0.0200971109745865,-0.0609684136115207,0.0298804376158315,-0.108757169630841,0.130064491725447,-0.0714546346310547,-0.0450045706389743,-0.108636769684641,-0.0386244900277913
5200,4,0.0175130813095336,-0.0563467587977385,-0.100516921268629,-0.0124171135226568,-0.02332485572568,0.223676336599557,-0.0721642624972059,-0.0853439761445133,-0.00929833780790967,-0.0770060244937839,0.00748059361917025,0.024138376896981,-0.111870081298454,0.15125204870192,-0.0466246399098862,-0.0866547507093935,-0.0256199569712851,-0.00387754736422707,0.140391815054393,0.00699798174656133,0.186977319151608,-0.0331327047183551,-0.00979341421090807,0.0940240099913228,0.129402470331456,-0.207142906044251,0.0615089898913058,-0.0945080832830817,0.091209193152582,0.0982072011935877,0.603781782046228,0.364790115487095,-0.0427476384336686,0.01047208418786,-0.139844857922513,-0.231949228404341,0.190710835799273,0.11669227299131,0.293063671997059,-0.00503654392662528,0.00401788720188084,0.0206253547374461,-0.0995172222641508,0.00628595004049987,0.0807962141850159,0.0742222451510923,-0.0434351390085149,0.003754662586957,0.0334584411320344,-0.00600766090341154
5300,4,-0.01745703350587,-0.129871734202711,-0.092036044694319,0.0273526324923228,0.0467012728061884,0.0900968506208474,0.0185436380503324,-0.0420547814962367,0.09339205855971,-0.0708324289960044,-0.0524574217690736,-0.148558828167325,-0.111153054344808,0.0649036336810768,-0.0113699021714637,-0.0374750918361697,0.00860048491911686,-0.0970642876116296,0.149848190983556,0.0427133419768047,0.0551764786824049,-0.0145061977648209,0.00836924815061796,0.241777129867243,0.0455493270749984,-0.266233479465599,0.133733716041665,0.020174301747972,0.0489126688144344,0.0134036402817619,0.437550829945009,0.270527751342078,-0.0144895227907408,0.00556106079317586,-0.0744203974726812,-0.233321083998057,0.183805875927893,0.00461997114175899,0.268252021814555,-0.0614277878425553,0.031534557546035,-0.0825562990269008,-0.0225434266604336,-0.05093732705749,-0.0273790475005347,-0.0537235207527385,-0.0336537723676423,0.0364997094130006,0.0259026601269974,0.00696664142984882
5400,4,-0.0248669101930029,-0.213084430919769,0.1021293146802,0.00491484099866801,0.035087268350813,0.0620211715874245,0.0189761255625567,-0.122576995789475,0.0324396144182209,-0.170017976197109,-0.0534983154496521,-0.0724520963576986,-0.143347424651823,0.0443107427871191,-0.104752137180096,0.0403348561152317,-0.0499664352030941,-0.108753825841635,0.0646007997501094,0.0104760271328048,-0.0172898961574838,-0.0891513006912761,-0.0376401994019527,0.201678007435155,0.074854316697391,-0.314514335105692,0.0254321505952726,-0.024315470157786,0.227001745177204,-0.154263905444921,-0.0377604257329692,0.22182394812041,-0.0669423349111905,-0.0111315051239048,-0.162122171978631,-0.148994060405619,0.076296636663897,-0.0563917454461292,0.248497798290235,-0.139695785409511,-0.0955033502387807,-0.00274737098456918,-0.0766782556671982,-0.135915631537568,-0.0538709674282193,-0.203106721487959,-0.114244558488649,-0.110546385016523,0.0205441923573143,0.0645941822018417
5500,4,-0.0579933290896076,-0.0946259880395158,-0.0330626964342377,-0.0127642136935834,-0.147970441344966,0.112884088983389,0.0910682258993807,-0.273167245382075,-0.0330722978700934,-0.152871424219147,0.00914635014805995,-0.037929580475776,-0.117328912540925,0.150693249750695,-0.182042374262798,-0.0654637462581782,-0.00786361928609791,-0.183013789106846,-0.0188983333904383,0.00915032118038139,0.0525918481328722,0.0105128167712199,-0.139495090580048,0.0569069308720182,-0.121927353530803,-0.316314981973574,-0.0452829039920495,0.0830290619896727,0.39616229042094,-0.123206283132224,-0.0622144178588774,0.0542572403833022,-0.0731799407861654,-0.152555878261921,-0.193046357457715,-0.158332556678235,-0.0228429397475499,-0.121517274169125,0.27172314912824,-0.158154631780156,-0.169343446806001,-0.0386239032779808,-0.0173495110251728,-0.11837856029612,0.142371546071419,-0.0142719170269497,-0.138008377692178,-0.0710343953515055,0.0255512262415598,0.0618108600463801
5600,4,-0.120473629003924,-0.287721621187804,-0.0614428686606274,0.0617076568655421,0.0541459160816773,0.0634791910576784,0.0423451742738337,-0.0793069025850985,0.0272549311507844,-0.0861637601276273,-0.1038896048194,-0.0481814979646109,0.0047084382277236,0.140774636002773,-0.193525823481572,-0.0950276062080514,0.0472660689944429,-0.235000791455395,-0.0668574477764351,-0.020469853501227,-0.0562772858117578,-0.0132809428930396,-0.118978465968725,0.0691195561361751,-0.19622665170933,-0.320814408222989,0.186239696914145,0.082995543904019,0.243765000184387,-0.15590232726409,-0.199037953574142,0.137782468228908,-0.0327596381206733,-0.0478069838278734,-0.235081421661019,-0.161482066737432,0.0273288804891249,0.0665167134767913,0.276165176188526,-0.229181625063178,-0.101289352586024,-0.00673293876753861,-0.0864693347738725,-0.0998965742046693,0.151945638083858,0.0221742992187339,-0.18706818471716,0.0202251489152049,-0.112717141702435,0.0418918047369531
5700,4,-0.0943101736396101,-0.208926058776481,0.026162952610174,0.0781776786031446,-0.0370297113029335,0.0231940828843083,0.0155101196286117,-0.0288439433479993,0.0240982753104936,-0.107896109138119,-0.250769380266654,0.0214174118894324,-0.0512666088707902,0.111669824009211,-0.0894714156465644,-0.0451433335925317,0.06988158762091,-0.254730308090551,-0.00512402954148874,-0.0147866174852057,-0.0774275582313255,0.0957775739075434,-0.119744281201769,0.0213421793888975,-0.062850192998209,-0.248620380287135,0.00892664986886549,0.0844276627797271,0.276269418035651,-0.22756991919538,-0.175587038158528,0.0997429611731957,-0.0372692460918475,0.0125413836689421,-0.253495280044453,-0.156272128747676,-0.116366617338893,0.011381318666163,0.285917925784116,-0.120904589969762,0.048376182829366,-0.149095737714406,-0.105505410661752,-0.189313221659917,0.0255731358638845,-0.0605559801816842,-0.0981629531178343,0.034273115820033,-0.120589301419067,0.0776991074180798
5800,4,-0.126245982395169,-0.176427747911094,-0.136934762019929,-0.0403256607031445,-0.170465503101674,0.0512976747432085,-0.0938949988180431,0.00213046697844838,0.00611028463624952,-0.0357508933946201,-0.188302274863183,0.0152054626076081,-0.0303127288303077,-0.0658761371690447,-0.0905074359522438,-0.0784605260960448,0.146830887593594,-0.06888180133931,-0.0597656165000975,-0.000463130007876678,0.0666559896680634,0.0439797321004693,-0.153242792009158,-0.091510129000599,-0.0895286383421956,0.0636459662842066,-0.0501422259988804,-0.00920565403303891,0.161278262947083,-0.116424122065469,-0.0653036616636013,0.281906855773142,-0.034437245308052,-0.0941206178585449,-0.184701015361136,-0.144392627980523,-0.0180075502931801,-0.0502946028163214,0.0713100045573187,-0.0548827696966596,-0.00858433696836314,-0.0417266829922717,-0.0691252525163258,-0.162464670242559,0.156534259237503,-0.0725719420293114,-0.0729139170401654,0.000880729460575963,-0.187832022888526,0.0386576075410661
5900,4,-0.142625282314395,-0.257492451931765,-0.0884202570048782,-0.00175849582679755,-0.218914264452443,0.0468353838337426,-0.00269670359237609,0.0502225670128655,0.0138567801394932,0.140353094209381,-0.00425114402357138,0.095015996289578,0.0330061560042687,0.0164640370674148,-0.113880119318699,-0.0255186460929862,0.0971618998918859,0.0338285709579918,0.0205140243379972,0.022824250084413,0.131830804989065,0.00965178546748086,-0.0734183662412075,0.0393460519423748,0.0433895737856926,0.0136167267263089,-0.0860470974528366,-0.0381054803397121,0.250842896558194,-0.118096842729339,0.0928369898531538,0.260630959989008,-0.0598095345624867,-0.0970011350074708,-0.050390774169685,-0.162175914347536,0.138486087699115,0.0981939888876676,-0.0551303829788688,-0.109807333489463,-0.0125409856752255,0.0129431455707967,-0.00789327789009081,-0.38092294133242,0.234405588616913,-0.0288568299371385,-0.0433584641115112,-0.00627851283845579,-0.231528447993667,0.0258075974864024
6000,4,-0.165738227688387,0.0476822685743906,-0.120745910951455,0.000846839051310611,-0.166852760694044,0.148062737905517,-0.028080205888824,-0.0460864555869132,-0.0148487459579117,-0.0189379175064104,-0.0247434042957806,0.0602109507394746,0.0391336209966666,0.0856900233714283,-0.0882680353811021,-0.000323155242738987,0.0342664480557318,-0.00157058953558775,-0.038573015933537,0.0395845776018706,-0.0276096998277018,0.430037509017945,0.0192731643834884,0.00681055492011085,0.00228004516142244,-0.126382260389524,-0.0200110048763583,-0.0336876292783342,0.465798885499618,-0.143436362119981,0.352609091102922,0.261680232411694,-0.101889700107546,-0.0857088680100658,0.0017726353278022,-0.176735750614325,0.189388952129659,-0.0578038368892775,-0.0476503652817634,-0.0630955174359842,-0.0132020456090051,0.0489062565916802,-0.0140640591974097,-0.116180155307549,0.348795504714921,-0.00694085200344152,-0.115744021467278,-0.00926560459022516,-0.282187208447566,0.0610631150702196
6100,4,-0.208408183351409,0.124263493979071,0.0849786055484184,0.0977528549003598,0.0900700776820666,0.0882878391286002,-0.0983608447959261,0.00844389552696839,-0.102175689593016,-0.00551421570252331,-0.0110749345730114,0.0723418836772224,-0.00451046472145261,-0.0343961035456959,-0.175850762807524,-0.0256401394727319,-0.00395230960295434,0.0200761591047174,-0.0504397206733304,0.120619862075909,-0.0465689900925532,0.287754140472129,0.049337052587805,0.0675348145863284,0.0274006920527798,-0.0369483175591358,0.0631618235681619,-0.0597664893261643,0.321043492082347,-0.0361459144997216,0.43725163539713,0.262932832720674,0.019053479699759,-0.00474853284240356,0.00370715391179074,-0.0388013032233091,0.227895263467651,0.118153179303392,0.146111084053987,-0.0431066217018533,0.0550972650836061,0.024044489332545,-0.0875689240992052,-0.0917156653465949,0.304790906617652,0.0959688363541786,-0.0786209655825682,-0.0296872512612665,-0.245029901577554,0.00528710668418059
6200,4,-0.235296843353031,0.13947341426227,0.11072165846491,0.138180488929878,0.295990086796158,0.0239580126344842,-0.111781352237778,0.0345974378332329,-0.037395942004556,0.228740384095084,-0.0161859570064018,0.0843897619424877,0.00647548128033126,0.0253536190473192,-0.0672845520386833,0.0154159874960428,-0.0943140150043293,0.050222388368129,0.0602550646473427,0.166522441381886,0.133093268165171,0.086669859724061,-0.0333201066190258,-0.0392351254095645,0.0684405367607465,-0.0517196717404882,0.180545206878998,-0.10962803230958,0.193899124235587,0.0522066857501795,0.593340124102513,0.321396369154172,0.0259245108564386,0.0409092449737573,0.00546343702411692,-0.0854885869733447,0.238115547418728,0.23915959401732,0.179805232409903,-0.135028106951205,0.0604139510446683,-0.0934177624141772,-0.0853896712595661,-0.218380889671795,0.166228378197246,0.101655874000047,-0.0152102556540154,-0.0252018639841936,-0.201737379382065,0.0436928026034777
6300,4,-0.131146125460098,0.224660830381422,0.176303932807084,0.110409449321398,0.386403125668443,0.0352244841729074,-0.0302944155565877,-0.0470431203791776,0.00537197791263222,0.179819611169346,0.208395868275322,0.0600217558071808,0.0173404021027638,0.00518226294766877,-0.0863440235523994,-0.0349897468273296,-0.0301189456053876,0.169325273003492,0.0577960131028259,-1.90701174114793e-05,0.137684822905139,0.204896524310231,-0.0055843919135562,-0.143269258185926,0.103354325717667,0.138374773495392,0.177964407367806,-0.0121120514079966,0.0998698717578502,-0.0534496017778941,0.465693686038845,0.188442457435939,-0.00555252749038562,0.167470279813056,0.0257774132944077,-0.160756682717554,0.185999726739876,0.0823222860359575,0.211904597557482,-0.169614875300519,0.0975681144357943,-0.137516966907301,-0.0422688821756391,-0.16602809145365,0.209342582879664,0.149348030449345,0.0391834254147297,-0.0612360052931965,-0.119796126071467,0.0288907435246825
6400,4,-0.16975887455373,0.282544260773187,0.0691947641463956,0.0682903306026832,0.199202365399594,0.0290154212959977,-0.0749476884813611,-0.0226750763657463,-0.0619016648862931,0.120422632541001,0.172953756832273,0.032916974802703,-0.0053882565421669,0.0917745224181489,-0.00667589636801319,-0.0879736386974773,-0.0914367376435611,0.280364163751865,-0.0149549020154094,0.0881358924298214,0.0924318095198135,0.19021462247031,-0.10962894724538,-0.0909082036550402,0.0961951026179508,0.0964612899089063,0.0810203832052007,-0.1166307560778,0.265611072988587,-0.126595998392802,0.59330166162765,-0.000446805181727072,-0.0465805574925957,0.115166611378298,-0.0482435464609159,-0.189486727842413,0.169078793339432,0.127117456839424,0.158039267775656,-0.0380032334556751,0.0731491936198104,-0.063191326834115,-0.0845648109332995,0.0135506629362267,0.31169375850895,0.112131476230986,-0.00163285883555936,0.0674838224783853,-0.134767381941105,0.0233755397591379
6500,4,-0.207986951433995,0.271827650894201,0.0312698518625247,0.0243989702265089,0.165889362850557,0.0295880066263058,-0.0957134561446447,-0.0698285219447766,-0.0545705603686222,0.00996582675069335,0.11889494570052,0.118394187993149,0.107255563537325,0.10231582487455,0.108611284662926,-0.0104971835693306,-0.175192048358227,0.128295360795319,-0.0615295337577694,0.0422687603373185,0.051473141993073,0.380653922707077,-0.0862168818746228,-0.0366546401553265,0.168069152270394,0.221473516550668,0.125334091737651,-0.0310284029269423,0.112922114294882,-0.165531451766718,0.465977775959387,-0.0404029528694288,-0.0934209890191984,0.063644472664393,0.0761970840521639,-0.180192050895595,0.169043455174454,0.132137247247892,0.217505531689843,-0.0204342702250795,0.0954402763980726,-0.0845635815835923,-0.0208104205704922,-0.0420366559080053,0.399035586260218,-0.0648077430196025,-0.0641590446099131,0.00585401515322706,-0.161165820645283,0.0888223741834966
6600,4,-0.133274564851364,0.12735852075204,0.0307892797843259,0.107204654422327,0.0620950942546959,0.078629081251302,-0.0695254859846045,-0.0183043080773655,-0.0259654195319483,-0.00138556622046143,0.06132948393082,0.0359229147259579,0.102993340896233,0.00946051177062107,0.0884736841041064,-0.0474905180683969,-0.127809510584634,0.13317912652798,-0.0535937506087712,0.0730272992413656,0.147859000332747,0.203511567589589,-0.0794878206560473,-0.0136516544017601,0.184330436949016,0.117746180471422,-0.0185151832145384,0.0179755550069746,0.0408242855569229,-0.0586341869227239,0.437223805399988,0.132300551268073,-0.117689921927316,0.0412826894489601,0.0556005810261428,-0.133357896364868,-0.0102843401987414,0.122361182709819,0.18211979079279,-0.0502874407783913,0.0265629832680721,-0.16445410135074,-0.0120837813220186,-0.0700973343083692,0.701888774425465,-0.115739213587938,-0.100215158823064,-0.0304476742566806,-0.0300232625941672,0.0385903320254572
6700,4,-0.209238096698654,0.213191395095104,0.0233051408079947,0.0991668226836431,-0.0499083870396752,0.175057446679449,-0.0478770476703073,-0.0182527190059112,-0.0606562960813616,-0.184605251050051,-0.00535110732321389,-0.108684782813871,0.0248797201246739,-0.0520609569485782,0.112206916089601,-0.0760793331215411,-0.046366681536851,-0.0145841599543013,0.00312386871072479,0.00853494570251725,0.105297832057126,0.0851285978193591,-0.130915826930647,-0.0499139257148345,0.120460036806058,0.080870693870387,-0.0708389780876196,-0.0745046286846038,0.213621075862647,0.097454849769927,0.367786230666162,0.243302394030107,-0.0564777801523708,-0.038250250726423,0.108139221747752,-0.190921831877668,-0.020128878389103,-0.0203663865396954,0.096855455092205,-0.0449000186080147,0.013960946018876,-0.153260083989276,-0.0284781401954898,0.0649831903353706,0.628401643763393,-0.129847983141115,-0.0830425046791672,-0.0938867889996822,0.0427622421375466,-0.00668459089917162
6800,4,-0.142882675230278,0.134392905792683,0.0997973516093538,0.0857475007985007,0.164781453255051,0.0334372301302659,0.0533713370669882,0.0700092687772753,-0.0798357044111267,-0.37534168601332,0.101950281571585,-0.0221448856640477,0.0226938354538867,-0.114653576063433,0.139426150454266,0.0128733422762586,-0.0182127871236296,-0.0210245387558589,-0.0950417081509335,-0.0660985843925011,0.0181312073377581,0.490770578380795,-0.107623387096518,-0.139591386204351,0.10822387012747,0.166118332505928,-0.0278952210139327,-0.0301187278340414,-0.00446696401654489,0.0884202540047412,0.249851422896891,0.0997319353204196,-0.133985288626466,-0.0228989804809956,0.0168027520833767,-0.148742328587668,0.0742234892504827,0.0124721398542914,0.214070445610923,0.0248736032575936,-0.0106595405906759,-0.202588856572702,-0.0909218878347688,0.043868995938972,0.418139837951662,-0.109873843369829,-0.0484698723765803,-0.00144130181096269,0.0596725613800281,-0.0603791473597751
6900,4,-0.148520419961982,-0.136515542631404,0.090643026752833,0.107659588417231,0.0254523098479804,-0.075115021940263,0.0311927106168681,0.0530740290207838,-0.0530888033387795,-0.331801133787746,0.0628655739178255,0.018917379053277,-0.0771946482258035,-0.164445059975722,0.112565357693587,0.0299655242940122,0.0372611573500481,0.0417840887982013,-0.137927653235214,-0.00629114613610895,-0.01470981615677,0.339444840497707,-0.0542909945802318,-0.0490950649431394,-0.0236219715219863,0.202087569587974,0.0960186446540724,-0.0702698717049633,-0.0738637076800745,0.10535448967288,0.414153916061922,0.274551516421959,-0.118244046268227,-0.0102704996329031,0.0276921586506801,-0.0914636115478635,0.0234618624194876,0.0108160038804756,0.138779008522906,0.0163348075282355,-0.00946782950647007,-0.162224724319615,-0.0342840954908148,0.0265624611754782,0.150161395401897,-0.0150746410301258,-0.0303450070234091,-0.0491623560561137,0.00703942675218527,-0.0764719693752356
7000,4,-0.108694584172092,0.140402596365097,0.156521919619102,0.0698108809108611,0.212572180898464,-0.112357370995428,-0.0109041890959452,0.0389125369813285,-0.0715190223954033,-0.253567316130877,0.0828734142834628,0.0674728369698787,-0.0635483628711485,-0.0356630100811259,0.132637014276955,-0.0805167974885872,0.0740164634499236,-0.0712800279740899,-0.0199813509002405,-0.0132386621179307,-0.146483663621013,0.300310113822538,-0.0519564929795267,-0.0253881886425347,-0.06438913043178,0.150651239632276,0.0570125449291286,0.0603345891089758,-0.256126841539371,-0.0268458784253784,0.555119089161592,0.357285654440668,-0.084584209981278,-0.165695701906727,-0.000651081070078163,0.00435259188061254,0.14171836232541,-0.20114003020953,0.000245413073231449,0.0660218262327358,0.040185008379767,-0.11444412582605,-0.0662603255173326,0.053422131999289,-0.0144382328409949,-0.0556870810710951,-0.100844394458002,0.155730688473725,-0.0070568015478803,-0.017629506015621
7100,4,-0.156663467410295,0.239662908775075,0.134777331522694,0.0203005330678815,0.259444261214405,-0.00992051709692626,0.0133580659658098,-0.114232415571095,-0.0846260156374561,-0.225631346513842,0.0281085271873604,-0.00960830440396709,-0.0865073103630626,0.0429494659887488,0.127476506204055,-0.0606242840587572,-0.00364330601815016,-0.0364692978398921,-0.0159602388393423,0.0665286555215899,-0.20115525551247,0.103021527698159,-0.0542451944486919,-0.0092486851487909,0.0678111103737081,0.172512189044437,-0.0673899806893935,0.00910981859959736,-0.26864645266677,-0.0666811437452178,0.541781062326666,0.0067483431941554,-0.0698003379428856,-0.0309852796437814,-0.0315933793254569,0.00305758836063824,0.159327884864157,-0.0820726439736613,0.103906044870514,0.0171037148362761,0.0487646233382529,-0.017749217949285,-0.0412871457907694,0.0589574164375743,0.132824772444762,-0.103406859628931,-0.00853788530449251,0.0290375045414899,0.0300549476842593,-0.103135022254837
7200,4,-0.043017819961651,0.192759457223916,0.201735965099767,-0.0516046162865794,0.131086569318762,-0.0616667911249907,-0.0126247818869095,-0.0475988373793052,-0.101111331115496,-0.205260531417898,-0.00559308599576941,0.0812009987418813,-0.100055856108915,-0.145602529269188,0.0589517568544178,-0.0771370333748467,0.00903008220280427,-0.0956725893576902,-0.171846760761352,0.0500495369556802,-0.179991948408407,0.274255715667728,0.023605519178843,-0.0154956683386069,0.0603779633094963,0.164179566634343,-0.146014720206994,-0.0168940570102353,-0.2049797038732,0.155720212189858,0.206890907616154,0.11387211545327,-0.0361374618358298,-0.044304973183493,0.130919778598267,0.00512108015971441,0.0791740540983006,0.0384912855128269,-0.0150832558792353,-0.0579368704834639,0.107727549217393,0.0352154946798223,0.0254284917951285,-0.00485253028807114,0.233935070227463,0.0138628029739549,0.00532427591406687,-0.0918082836616806,0.00116608387203648,-0.106624798051572
7300,4,-0.0134429513482873,0.145836984865247,0.124020231223744,-0.033911369142576,0.123542441850993,-0.0259829462580058,0.00051380505440346,-0.0483374610551429,-0.0351731139000482,-0.143295850099597,-0.0136843937903576,0.0286205114299186,-0.0812325588722511,-0.139490946417514,0.10090733795683,0.00846514115502298,-0.020540330998663,-0.106071281969317,-0.27826407018832,0.0397050159525383,-0.119204889147169,0.215973488244889,0.0456983121852434,0.100959171920668,-0.0391312709977755,0.202259168834229,-0.120035413630651,-0.198988314284846,0.0236017605574049,0.203601004779294,0.216203293990997,0.0746593241756921,0.0827656228646737,-0.00269126978348155,0.239908032447326,-0.0418158309039054,0.119816050773022,0.0142102439386628,0.0551914875607174,-0.105286709204766,0.11731163670997,0.136208679349268,0.0807588427095152,-0.000421578926528055,0.287751383024184,0.0219828307003039,-0.0501446003700742,-0.0699200854562438,-0.00521000441151004,-0.170738108220684
7400,4,-0.00517205100814772,0.207738947114378,0.176266496606428,-0.0112418335823098,0.138027087685692,0.0467058379120046,-0.0300587277350091,-0.0757285776562007,-0.0704524615699166,-0.0548632928324447,0.0472064670376752,-0.000962517871810953,-0.0299488208148954,-0.255455378928861,-0.0284194567907085,0.0872251000483799,-0.0486900047411854,0.00534381149096341,-0.235631484608656,0.0593150605877246,-0.178392529369843,0.247138529061803,0.0745951422652076,-0.0495216262426799,0.0259847294080054,0.222905192724486,-0.121981823055298,-0.152122878525588,0.0763226955740718,0.107875354695018,0.218167487504771,0.0124366338813352,0.0212151845189006,-0.0404599189198415,0.251071214659734,-0.0658671816093139,-0.0976888121890908,0.0231421457802594,0.0120154620463875,-0.0430912581141001,-0.018124957426656,0.100016929147404,-0.0496059767795469,0.0890084721985252,0.460281918150946,-0.0329248647148733,-0.0314867571080436,-0.0211891664668766,-0.0676585945053112,-0.13189387475792
7500,4,-0.00728058850638669,0.0571459472808849,0.13727674699604,-0.00809078856887602,0.0125133698134472,-0.058878148958399,-0.0413482094003487,0.00892938005336819,0.00628840175463086,-0.256956995932443,0.0392004370575452,0.0304447754212954,-0.0949374306995123,-0.219036609893056,-0.109188998021494,0.0126018466311894,-0.0216634709771487,0.0365125969162649,-0.197257063614028,0.0569000752307178,-0.300509124773193,0.122676886451073,-0.0175044649585304,-0.0701019059741525,0.0188692872552388,0.210491620222473,-0.162503233087221,-0.181383430910818,-0.105176054115457,0.0513300493612021,-0.00909145216946827,-0.0235604091152095,-0.0828585773786359,-0.0984511017256298,0.168119993227367,-0.0953222249206649,0.00161084309763709,-0.0660001911192061,-0.0691071411979631,0.00491709416206904,-0.0558966850579504,-0.0959499682955459,-0.123264566880651,0.0676784391741712,0.511592548267283,0.0131435795487654,-0.0678264514358874,-0.0454437212323789,0.0324805287357717,-0.146864166355369
7600,4,-0.132714193160349,0.0540695385055621,-0.0407047543528452,0.0471998592239739,0.269128505762245,0.00638837934361455,-0.0145902338125355,-0.000220719703641292,0.0990247578558457,-0.214203561116188,-0.0189697633680911,-0.0736580560335967,-0.150349376556338,-0.140912656707878,-0.0759368701920502,0.0432086967608297,-0.0946904099955092,0.0445345357576506,-0.0807001478064525,-0.0532630879787454,-0.243908746261594,0.207500957883819,-0.0412570655326561,0.0117228652332598,-0.131040987628941,0.220382358391824,-0.111597891804409,-0.12452404415664,-0.123834692082159,-0.0102604619934853,-0.014421984837576,0.0435592681775435,-0.0876389397564101,-0.158623931736691,-0.0186151934482353,-0.0249392693499857,0.0806210471410462,-0.149100933351887,-0.0446947246685665,0.0264024193708414,0.0259941303489358,-0.140523650053253,-0.114225387295481,0.218081254640129,0.434254335349918,-0.0881219184118414,-0.106712119693205,0.0157270896431112,0.0357465466791591,-0.140196738606662
7700,4,-0.0756215239922157,-0.100829157956733,-0.103570461303325,0.0563932600693452,0.040279760157766,-0.0525954073665986,0.0993728024159353,-0.0237266986473775,0.0466135656118158,-0.193999649363503,-0.144555322168231,-0.147594998148852,-0.199437665475511,-0.0749445268025521,0.0809913850319137,-0.027670522336162,-0.199668727717901,0.024982941983984,-0.013429274230344,-0.110248232886956,-0.0649531076457428,0.0550196917019826,-0.0712216355530315,-0.0607231046985496,-0.220160967831287,0.0206793844052279,-0.0533112285123231,0.0451137621440958,-0.139337689503258,-0.0417192411078027,-0.0154681786646655,0.00485645093117076,-0.132210821753988,-0.161479059290586,-0.041493800749223,-0.0649344751441694,-0.0824289298637619,-0.163843077510272,0.0610439041148348,0.0161178236780793,-0.0242901397867975,-0.0596251152830677,-0.0960525200203881,0.161444677765651,0.408965107795796,0.00245180468777395,-0.150200892132491,-0.0969622280279496,0.050743792684943,-0.116783742791803
7800,4,-0.0195581577437276,-0.182153034550101,-0.15131332605843,0.0449650950366128,-0.0787077637283791,-0.096014120296441,0.069216574858188,-0.0552863558529832,0.0857397980841544,-0.321845307799225,-0.201512991364167,-0.257673729079193,-0.155705159049009,-0.0638267411667152,0.169365216915728,-0.0585171110882178,-0.0576439436871417,-0.0548869135150082,-0.0312190733551274,-0.104786271429678,0.0505407003761935,0.00369791372136657,-0.0841916738739206,-0.133726999535719,-0.210836089926028,-0.106088995196585,-0.0736373009660972,0.0571536672176111,-0.00779834140268687,-0.12130278516068,-0.037383331853697,0.096662537735343,-0.160074498161241,-0.127517040058029,-0.0155157341975366,-0.00361405963340969,-0.123866900192384,-0.225399774800832,-0.042658301064914,-0.021976074637481,-0.067144001477933,-0.162140700753042,-0.108884833001206,-0.0547315328047533,0.125788272392552,0.0197633905562825,-0.216997447114771,-0.0276248519386352,0.0703549263411647,-0.130588898400258
7900,4,-0.102750659921014,-0.140876652653135,-0.167696607490463,0.0209373233071985,-0.00643646104157702,0.0083955262201211,0.0683678045100549,-0.0436270934724151,0.101090982260743,-0.203995692840428,-0.187146254879227,-0.0321786148613372,-0.128690092720022,0.0261292443490413,0.234796055283959,-0.0176369646523674,-0.0472378462142567,0.0636508395966633,-0.0486967858152478,-0.108551081367959,-0.0489901619232157,0.140794098985468,0.0319964396754834,-0.0579126371687022,-0.176921654637108,-0.213778423310957,-0.10549373285941,0.00603392335751957,-0.0332935630448659,-0.105443411450109,0.0264514025625035,0.173017523671075,-0.197584135495063,-0.0635993382347526,-0.0272105035740749,-0.0587014139580294,-0.0733698484397072,-0.10056953430056,-0.10993906128649,-0.0405229266937737,-0.0820214945100237,0.0271421533086426,-0.127226945612743,-0.144086361137305,-0.0461381898712425,0.0392023535717161,-0.100141157672566,-0.0544804472187843,-0.0227968892994473,-0.0952758439800095
8000,4,-0.0675149693821084,-0.0852853486462908,0.0427188646131825,-0.105332527712769,0.0507993086353234,-0.0299286059753415,0.0741614540466868,-0.104336766660163,0.116516525456646,-0.0998826467868926,-0.266932940802447,-0.0392347916613163,-0.0493087322133001,-0.0262794079346964,0.103624254847984,-0.0702760416236581,0.0167334247992257,0.0348381834788709,-0.060854853443481,-0.0744792778305478,-0.129153978090721,0.0272593091812887,-0.00554057195607388,-0.127825184154024,-0.203692121952415,-0.0917526851999809,-0.0957854811064481,0.0188874457245842,0.0941092159484894,-0.0715235793939027,-0.143849164051291,0.315494666162318,-0.15748071553909,-0.0780802540416925,-0.0407207631660381,0.0368242352983346,-0.0407582848289824,-0.0980385023877468,-0.06635418972532,-0.00599429817398905,-0.00251864707064078,-0.0457323458445185,-0.12051629853866,-0.106557118483969,0.0842791594322527,0.082253018071704,-0.0637572401934485,-0.0810951647265204,0.0283213829754979,-0.125997676674713
8100,4,-0.103968477333243,-0.0344442931484714,-0.0204258086304627,-0.0600356150232177,-0.193695595055217,-0.0212351771327695,-0.0991095488609603,-0.136229525920759,0.124666466097332,0.0450639940936141,-0.137600667570062,-0.0683609718570989,-0.0424067885634104,0.0914544613720535,0.0167226574474325,-0.104101194943857,-0.0355061295873242,-0.00411828730001823,-0.0299917121232058,0.0116388817898098,-0.114265133170396,0.110478370320554,-0.0343480013513913,-0.105007957827252,-0.136238082438994,-0.0706016063209032,-0.277402250799551,-0.0123929021977381,0.173938268242096,-0.304230949069828,-0.14988325556953,0.342862827708113,-0.108035489500945,-0.164345518347741,-0.044803035289191,-0.0415377142458668,-0.175586044694297,-0.196622198127574,-0.149353525656745,-0.0821713536418723,-0.00482918379156816,-0.0257806709593231,-0.105485275225648,-0.166248378626198,-0.231868931297901,-0.0369949744357559,-0.106145830678308,-0.0588054832003288,0.00975541007911634,-0.0461304719714906
8200,4,-0.0324959362586084,-0.0810470112222263,-0.219927930259742,-0.122344867211092,-0.178628044191728,-0.164484074239013,-0.19502975597688,-0.0559554636771107,0.0765231367226643,0.170606987179903,-0.0863645682879965,-0.0117344503064482,-0.0801960594373783,-0.101697458576269,-0.162510036245983,-0.124554515649719,0.0622007553059089,-0.138563502570814,-0.125815863361448,-0.00805187865648888,-0.115768221130811,0.178002912921089,-0.0951078652326428,-0.161352676465472,-0.11408783341861,-0.0176062926630289,-0.225470837109974,0.0754930106521041,-0.0361423862416975,-0.29798599118723,-0.266861314247911,0.313015674773354,-0.131749561956268,-0.0195401216665372,0.0216977919357404,-0.06262178636398,-0.150923297672478,-0.405095482111991,-0.223087201872378,-0.146964701669335,-0.0354788538850171,0.000992202390960206,-0.142974478707826,-0.172190983106575,-0.368171138938751,-0.0618785630953856,-0.181969720470051,-0.125306195811829,-0.0873339201429662,0.0217317730414743
8300,4,-0.167817235662684,-0.301198981497623,-0.288634740551449,-0.0321421146870398,-0.346921361715733,0.012114895363556,-0.198090436936175,-0.0456745406600259,-0.0762970831276631,-0.0476399880077434,-0.0934725955401268,0.0979030308010196,-0.151238903688221,-0.208979344145587,-0.165852062384658,-0.0558951400734252,-0.0689474342498057,-0.141826594825292,-0.109806001102993,-0.0217769614797066,-0.094618239263121,0.314314021748912,-0.0830279283707201,-0.0911465356320677,-0.172184822373032,-0.0833748261582708,-0.21667434838842,0.0683269178506412,0.0452049140818141,-0.215948294507564,-0.34875197894691,0.403935277937727,-0.026003301946088,-0.0872060724154303,0.0255136676052182,-0.14155198410358,-0.131593065688596,-0.418677790243026,-0.105176406505477,-0.178022343325037,-0.0872681325625991,0.214720114063465,-0.0767218372186138,-0.241808408647162,-0.323263678441183,-0.0263148669277301,-0.0908990956416639,-0.21817341585554,-0.165145802240872,0.0239090102329555
8400,4,-0.178781245530599,-0.274515081525011,-0.293627558563141,-0.107006195113643,-0.225789254812588,-0.131696861101252,-0.171145649349461,-0.125756422575533,0.0581422511517616,-0.0709817984130531,-0.125275847148281,0.246133495770664,-0.183560989526274,-0.102873184802359,-0.132452017790498,-0.0189987172448838,-0.232299038139311,-0.156234979664464,-0.137264488071173,-0.000970915223739016,-0.00905939906306863,0.125809389095291,-0.0714151965909616,-0.1632571739076,-0.184731530594657,-0.100692447423456,-0.309642472449017,-0.0695599861562662,-0.190813287963736,-0.165518078325406,-0.294562421034019,0.16748780468937,-0.0985744675003877,-0.206861834790687,-0.0376616942465101,-0.180949968914814,-0.0980978386727688,-0.279411152627082,-0.0956123041115945,-0.1264392443976,-0.230672705396369,0.0579467923923851,-0.0781494757775705,-0.196848521165571,-0.175666078217534,-0.0765677548455581,-0.0871838320014543,-0.197938559638801,-0.17739794990517,-0.110486132716676
8500,4,-0.119336175528991,-0.31436139555901,-0.221636742550221,-0.229350199463074,-0.329959470912814,-0.0822492444566603,-0.139326079637904,-0.111994499501485,-0.00398602466024345,-0.104188177694381,-0.216609554481292,0.114178240033271,-0.226208316026227,-0.100538859221011,-0.128823717816247,-0.0685595392693068,-0.240446579923895,-0.181762903361631,-0.191301053228014,-0.08886645442208,-0.161806579092758,0.212632156824987,-0.151302524377966,-0.124312430450107,-0.13425867735532,-0.0217596866601334,-0.289110580464505,-0.0563590297132414,-0.0683300690087804,-0.193703878204482,-0.204008764681323,0.0374189858131521,-0.108358790116328,-0.297847968215271,-0.0868675676387222,-0.134733431056432,-0.177549101482858,-0.145638295000338,-0.031246052489647,-0.124866547591133,-0.275875489874079,0.0180879277268319,-0.0871715672086515,-0.171288671146914,-0.0820276104570796,-0.0760862739355633,-0.0700944708352573,-0.198357513070858,-0.202302589141167,-0.197690662539132
8600,4,-0.175367071736631,-0.211774633973547,-0.131395950180284,-0.267893665529083,-0.555038864597757,-0.0651430500098235,-0.29435463044097,-0.112152112169164,-0.0617133236232586,-0.112113358645041,-0.189801245965159,-0.00323478447981945,-0.163600889051271,-0.235327378874863,-0.253088656626096,-0.124647924567098,-0.32640833170494,-0.217635137763592,-0.275694796619411,-0.0637271665834756,-0.181303836375952,0.234228188986099,-0.174616869216301,-0.215513456691324,-0.235459114521782,-0.157103727564548,-0.1905941568336,-0.157795607540664,-0.157224640338881,-0.222676315390798,-0.378018830505639,-0.0610973801268757,-0.145042127747661,-0.34978733933224,0.00377883896116901,-0.1195283770622,-0.198382422667079,-0.00510538943754596,-0.0964909228519085,-0.211814683294454,-0.198685547771102,-0.104335535086363,-0.137923708330724,-0.0920453784423849,-0.15920242046133,-0.185534559723908,-0.108142212983154,-0.253586302631668,-0.177564226303594,-0.149760061550859
8700,4,-0.261885845690204,-0.111471286520317,-0.165591323538467,-0.269380074853903,-0.591250881300939,-0.0355622182223774,-0.326072971842081,-0.0890870049544339,-0.124028597167741,-0.0768393728105135,-0.152127791678445,-0.149487547654654,-0.243381562579079,-0.275950915946895,-0.202066525882184,-0.153512595962346,-0.301726857169626,-0.316905442583847,-0.175418986167644,-0.1259804811662,-0.295654203236225,0.360527948914959,-0.258714911124168,-0.240232061435176,-0.281685744615293,-0.10990868874794,-0.114987275853933,-0.0749014740134036,-0.238798617698868,-0.196493262947582,-0.503075022245031,-0.0945198420641515,-0.170398978140906,-0.318835549297828,-0.119227632652526,-0.139535890946048,-0.237903831141032,-0.193232180690806,-0.197292531270129,-0.238328766828937,-0.23746038260951,-0.108996994659181,-0.177697714600296,-0.0746050895932264,-0.119134925966891,-0.232126688183179,-0.161845541790219,-0.462172611934104,-0.0397824032734526,-0.148969202226348
8800,4,-0.277996104631561,-0.233831269556003,-0.18647604987769,-0.223252320491923,-0.493944208857338,-0.177871501153125,-0.254422766293369,-0.0785363983677708,-0.163476732638441,-0.0790395706875548,-0.0689485765462814,-0.18128427849237,-0.215590388632448,-0.133452336347684,-0.090615979027198,-0.0346524110862487,-0.302581380322079,-0.190244971270075,-0.266754793178498,-0.241301169659072,-0.247342932612841,0.329149326680171,-0.230352566230638,-0.288379658536057,-0.364340156300725,-0.0766870937264102,0.0127641570349712,-0.113576595306174,-0.481324976726504,-0.219612086415894,-0.25379318448631,-0.0530655863635276,-0.241168752782513,-0.279181519440534,-0.144266649111054,-0.126725770322186,-0.32177894985482,-0.222498903095776,-0.216268383959665,-0.239526235008795,-0.219596091445087,-0.259509891372935,-0.13098160956434,-0.260193669820091,0.0395013909668603,-0.279471441178219,-0.143810660943493,-0.372631681661605,0.00185322776459557,-0.188890142061137
8900,4,-0.270180292494179,-0.302671942705066,-0.219266731751452,-0.186550888533555,-0.346609431095005,-0.14150655720983,-0.284543654818835,-0.129438880441722,-0.148565979780134,-0.174024817891475,-0.0380586463974354,-0.343161896778476,-0.234089420136449,-0.080348643480496,-0.218233456776007,-0.0108728049171035,-0.269678820531239,-0.124766240271164,-0.335725371171166,-0.333252111355194,-0.236384839361813,0.196690203657464,-0.229725708997768,-0.363252271328177,-0.253969263259655,-0.276746167660586,-0.0335077906429476,-0.142689893003087,-0.556594296078611,-0.369072331354245,-0.364630957911893,-0.138541088167696,-0.168956340575433,-0.238381571208526,0.0272524796407211,-0.174493369519626,-0.326055984089576,-0.153032688140717,-0.242462374730081,-0.244323590282736,-0.295137911686349,-0.342649466278684,-0.136754794023654,-0.249708965038285,-0.182068332077967,-0.214600058223015,-0.222118908262389,-0.237483312801456,-0.0322538987669477,-0.162864005959992
9000,4,-0.278034287251559,-0.138410919465737,-0.219614586913582,-0.118655703049242,-0.398642348977891,-0.156274080612515,-0.239769770017724,0.0290829435553943,-0.16046314802419,-0.284855864052636,-0.111983872095248,-0.440147311555601,-0.175707147444031,-0.170602984534937,-0.364481324787841,-0.144471509752506,-0.269595129621669,-0.185779664868316,-0.213560178598304,-0.373461964628702,-0.203904644372088,-0.049998239619072,-0.290756198611169,-0.240930999996363,-0.215730622927124,-0.212093694426584,-0.11657604825573,-0.130920430354324,-0.278359680342214,-0.416944516761188,-0.243510041010048,-0.0754641177895973,-0.155800161425439,-0.303522077314357,0.00276154733829964,-0.143858136301779,-0.411552871805826,-0.270915041445953,-0.397782113077666,-0.205069747146348,-0.23369670050415,-0.421531770452064,-0.111916333657012,-0.200163866470824,-0.353628531176593,-0.32039297232156,-0.255076997266665,-0.259558183379308,-0.0845153235778472,-0.229412998030456
9100,4,-0.270400315969248,-0.181191959894272,-0.222699196817009,-0.230501041156036,-0.167251423185811,-0.201970591929554,-0.264081240434293,0.0149965383927641,-0.214975992482235,-0.297460438494128,-0.136550404585254,-0.247416417800647,-0.315922770175716,-0.184570680950406,-0.232858071257461,-0.124230482826853,-0.276471923800028,-0.159491822389249,-0.194288797398114,-0.408722249820765,-0.12719929442524,0.202526417587716,-0.247238489174776,-0.410533141326942,-0.271221995454495,-0.0770696392843127,-0.241173035971824,-0.144892929663434,-0.364589267646286,-0.48920049403634,-0.2551244651103,-0.14056746364761,-0.201105252082594,-0.352348292906909,-0.156034772475179,-0.144281379790108,-0.479946146330037,-0.297323653758907,-0.292149496528895,-0.164112980160522,-0.232610198896802,-0.33900776418875,-0.192461265446121,-0.246700359285614,-0.0879867319851124,-0.235072966815495,-0.267942617754236,-0.349441265083627,-0.00519269968513125,-0.149214098495151
9200,4,-0.253964671834883,-0.243014256869128,-0.251488185264302,-0.134856668866829,-0.351223411141217,-0.271109001707201,-0.280734808754718,0.0294631899796421,-0.217953226379595,-0.209012236913454,-0.157835703361893,-0.258894291365203,-0.317951340277841,-0.112144992601696,-0.270940722664,-0.13192460150885,-0.404905984422145,-0.113178155935868,-0.103110125276268,-0.55226847450901,-0.345619950335617,-0.155194864063962,-0.371712864954541,-0.380575380330624,-0.269089693025904,-0.18088233906501,-0.195128270607776,-0.149790086173615,-0.353418195463072,-0.442430470669974,-0.396594927881474,-0.155724791412799,-0.154769420386148,-0.382307899226196,-0.283935639314078,-0.151500031827814,-0.330639411715075,-0.241508237568847,-0.386598731978167,-0.210382211916322,-0.29404288454636,-0.16123074987959,-0.224367903475364,-0.400062205027625,-0.288542847609451,-0.36141867160561,-0.31877498366869,-0.213267169741167,-0.0760139989609491,-0.193742748078802
9300,4,-0.234137665876967,-0.244743415344044,-0.419759785223433,-0.128610715633418,-0.375770626088015,-0.248319456910921,-0.336305299013667,0.0320299780637441,-0.242481560358004,-0.249512357624877,-0.15864209135833,-0.384182873073288,-0.31350110082439,-0.246632400286465,-0.131430993667299,-0.123017047802879,-0.425353629230091,-0.0699990081456592,-0.0440817006303675,-0.512280841378234,-0.253648764737544,-0.185380542691515,-0.316665161915866,-0.402871919354087,-0.363751100265859,-0.142011106312016,-0.168175568050711,-0.216143513290537,-0.396991943349542,-0.223422535995427,-0.39030258645802,-0.355373876227612,-0.229828240664579,-0.310763916185472,-0.437731479801688,-0.120197081078338,-0.366908892926936,-0.234646429609627,-0.392622299045164,-0.192929923479451,-0.277990737349933,-0.214710954622266,-0.211343401345275,-0.285586519105524,-0.527157105654371,-0.464220243583776,-0.294819968707879,-0.226045878279655,-0.0543940135687075,-0.171209795769288
9400,4,-0.253959952024113,-0.310570958981047,-0.517678679921957,-0.150722132674309,-0.173396976128403,-0.164217187713589,-0.315862725773973,-0.142988914213056,-0.248081816314152,-0.298318648034472,-0.0743282264816094,-0.310702066118045,-0.368598797870925,-0.285167001062539,-0.286139938976239,-0.106103806458922,-0.341811737821189,-0.145197834854556,-0.225313662075742,-0.409977392414245,-0.321879144779666,-0.170561537882486,-0.341364453921407,-0.271708969652399,-0.381953123289092,-0.44529942082628,-0.233902560768118,-0.263560936767382,-0.37837982594527,-0.228653622182225,-0.321386631705463,-0.301726514370071,-0.269163037631399,-0.456643226358039,-0.427722949468438,-0.108820617582243,-0.414427561581991,-0.181055780932685,-0.319019152883774,-0.237114706690092,-0.288824926397828,-0.175724106588984,-0.3340327755279,-0.35850793521481,-0.519041625065761,-0.403900343964137,-0.266181145103472,-0.197481375967513,-0.0642929140684209,-0.180318948237137
9500,4,-0.184654743460367,-0.348239194514958,-0.342148898019732,-0.189625200758575,-0.351474104198789,-0.278957307483853,-0.309774954050696,-0.253371880420281,-0.19771606996556,-0.465598599259471,-0.181311297738,-0.325984215426981,-0.392299557020113,-0.246460031646546,-0.346379815610495,-0.132941331378679,-0.38116579535016,-0.151814752351169,-0.342718051682872,-0.294948825717065,-0.252924628627597,-0.326090164400752,-0.278096571948422,-0.328766967440819,-0.302537425011848,-0.516494462592153,-0.134438134181462,-0.224608989684845,-0.320673968371705,-0.269202334329448,-0.732540723832958,-0.00817378640462446,-0.1832846283072,-0.411656359928217,-0.352092665904397,-0.159664243574008,-0.484514253703609,-0.401716453032685,-0.367300237952516,-0.350192140581423,-0.221457481026308,-0.171253808452811,-0.259724096948357,-0.390452449707072,-0.535105347755175,-0.347286835152273,-0.279929242815752,-0.264279980812887,-0.0614602024806542,-0.131950621980769
9600,4,-0.20047139631689,-0.384085779183771,-0.491663419903112,-0.207193937025149,-0.524300353044602,-0.377906899196077,-0.310859925662163,-0.25866608711535,-0.253313853682228,-0.479123852234116,-0.189676650044386,-0.454484684954373,-0.384808665595201,-0.256410436494743,-0.490139857455545,-0.19565105763139,-0.26623065426618,-0.0922627142219581,-0.311663113810954,-0.311354948412813,-0.0974733648882678,-0.382208937717393,-0.295610178794293,-0.338375242861514,-0.304636409718496,-0.504437461146142,-0.311278100826519,-0.197419223114002,-0.274731629152524,-0.335242985090865,-0.957404999571308,-0.0559217462987537,-0.187451067275635,-0.264063679955749,-0.420219763290356,-0.224584902285944,-0.449889688277405,-0.50105866574092,-0.339784789639834,-0.41018312045382,-0.262368119626242,-0.295824254618765,-0.237287050608718,-0.393887946993594,-0.660725217085489,-0.373852350207949,-0.249735888791448,-0.181002044932925,-0.235428142828606,-0.152846494971894
9700,4,-0.239384869403727,-0.44015380910402,-0.41594979786735,-0.149052634555675,-0.672333941739367,-0.317029643324245,-0.340508323554666,-0.178622447559163,-0.263289558228777,-0.453001610537881,-0.240273228979344,-0.472081008673346,-0.43761069832135,-0.230239385095162,-0.479652272521995,-0.206489846105383,-0.207707776683623,-0.0272183627545393,-0.224837848325139,-0.360331021307513,-0.289017862453736,-0.258303136522382,-0.305295534281193,-0.273018028184663,-0.341463479394886,-0.439712817824506,-0.309471322018499,-0.112261684580831,-0.291657839477044,-0.372260566859914,-0.756635970736803,-0.145711977290408,-0.261310728909722,-0.188687106451609,-0.278008771298012,-0.159617461297279,-0.317227701593836,-0.366336574382162,-0.328300846682496,-0.353378319961781,-0.240153125426311,-0.392167177532689,-0.189645952132824,-0.390957697830956,-0.634691462245207,-0.37873421995648,-0.116134456862019,-0.114951430962798,-0.382717126705108,-0.138151772593573
9800,4,-0.355695423201977,-0.188510545447307,-0.425855862204342,-0.129018701997051,-0.690269711436225,-0.334215048679263,-0.269251491209496,-0.219358983463014,-0.338165613276515,-0.382462011751021,-0.304936234987084,-0.386155839259106,-0.462102170342784,-0.429112403348437,-0.406050625119236,-0.183863327220649,-0.323854765455344,-0.0969481175005027,-0.330374816853728,-0.338743648487393,-0.296457659738995,-0.427113917576525,-0.294812466366088,-0.280364009257089,-0.383791060696274,-0.380939741971997,-0.186927024349885,-0.154928869703106,-0.443275525573241,-0.2411115913023,-0.965826651330459,-0.215378493929527,-0.346762914487518,-0.305861975865054,-0.23391494086248,-0.218634940183885,-0.415773928413795,-0.311557068051347,-0.214300279099892,-0.284562028420552,-0.249747354959151,-0.478441676045202,-0.218405147058761,-0.261296734312922,-0.748135108758958,-0.313314497345307,-0.112569142815639,-0.407507559526875,-0.416188605209799,-0.14064788478866
9900,4,-0.358457106115096,-0.230734615087363,-0.39653913830089,-0.169599426411834,-0.550996163284243,-0.323892798094389,-0.310986329356944,-0.318238053084235,-0.23665103775709,-0.424262288242868,-0.296030718336911,-0.33506386299397,-0.382919723749915,-0.494790815107449,-0.324226337989177,-0.260816913737059,-0.291171460738875,-0.241950328534951,-0.476870934060569,-0.377456958894978,-0.306297977233512,-0.372579239445326,-0.33076909355995,-0.412885538426825,-0.380446264282653,-0.502367122256274,-0.149629097410694,-0.080447676620581,-0.386987274641435,-0.288294428621749,-0.776144967032751,-0.529163345870441,-0.320040411835313,-0.254897205400359,-0.24451478963928,-0.273197992581359,-0.532980891027636,-0.350143584923072,-0.365911754207143,-0.192269592363011,-0.213124967372695,-0.472892558237313,-0.262016292660975,-0.230628650139641,-0.606051094535373,-0.382833301633929,-0.175386138950311,-0.452094204974374,-0.407275778083409,-0.243572974774679
10000,4,-0.357010371562099,-0.234244377367855,-0.393070714642577,-0.156558734705829,-0.449189553162916,-0.194444779455616,-0.349587546740109,-0.374994809813643,-0.255269679386497,-0.257049408601351,-0.282090083058445,-0.491159364286895,-0.388757573124533,-0.475530500714896,-0.37629060093305,-0.233753423778909,-0.294002862911742,-0.436722398189681,-0.413779363581328,-0.486752800837378,-0.180533133126873,-0.496374879470794,-0.323912213476554,-0.321695531544303,-0.382756774000068,-0.555602631215247,-0.222576962368204,-0.243545710143393,-0.341778859165047,-0.252385109027263,-0.688923154941619,-0.728422748813644,-0.251025760107658,-0.247976456368848,-0.343566761509677,-0.22224847435672,-0.538545511217355,-0.309564132133647,-0.535651890914121,-0.228669160427753,-0.219288737234841,-0.364615555592218,-0.320589344525811,-0.287741436231024,-0.6114349918346,-0.305679189675584,-0.163642330091218,-0.311789318751627,-0.389082785568905,-0.295889207917215
10100,4,-0.318043113972691,-0.415529807758326,-0.406491462941717,-0.240199148745925,-0.510322118546274,-0.17562956198814,-0.3176748279491,-0.48839397018466,-0.191669903312748,-0.334334342926418,-0.236823222774293,-0.527279518601615,-0.364831359155736,-0.392947348336882,-0.289829756014857,-0.210103469614406,-0.227631326026566,-0.475760166081275,-0.387324227562848,-0.517470402345842,-0.324934458662476,-0.469248389617207,-0.260402502617363,-0.294401285378171,-0.264697278025767,-0.375231973941934,-0.435121950957781,-0.279422250796586,-0.229808128669282,-0.277878282404549,-0.6370710316441,-0.558947837816806,-0.288953808475723,-0.243725373530551,-0.448436597471281,-0.205568465739714,-0.535912368473107,-0.30510121865787,-0.690973701994632,-0.256872519692773,-0.208489052588624,-0.497584663884296,-0.34086149812971,-0.408565732235227,-0.523277777546811,-0.397135262614832,-0.160161307293187,-0.228370721162602,-0.425927616632387,-0.352523406750453
10200,4,-0.314771729181092,-0.434944636246353,-0.418969473992586,-0.424565270451471,-0.499642888031462,-0.120324089663379,-0.384987317656261,-0.436777390136391,-0.233242596165624,-0.355991320106386,-0.359393354039136,-0.668466603577187,-0.3077271455883,-0.316220942219418,-0.49549128981936,-0.30015715113013,-0.218995835493085,-0.359921351169904,-0.464971669387685,-0.550645593194684,-0.236893000430867,-0.415378019115286,-0.255725829187569,-0.375398202070561,-0.14873050852414,-0.365652116795881,-0.388903941291732,-0.158608827009399,-0.273847147157521,-0.237993179702041,-0.823808724399497,-0.669488368298813,-0.321848613417739,-0.256933514169185,-0.388393836596092,-0.258328510432197,-0.608852524031242,-0.289392038546304,-0.510790030386489,-0.391562981176905,-0.257070896984999,-0.475799637136808,-0.252005154469955,-0.525912214856626,-0.443590860878797,-0.366700502317054,-0.221906514063697,-0.0761875753251252,-0.400185842549078,-0.3887778843813
10300,4,-0.303000752503087,-0.414570980149116,-0.322696979835009,-0.389418009561756,-0.477361965309873,-0.130538469738467,-0.290183839463019,-0.551978876307208,-0.120755414350486,-0.238488106624257,-0.313365214128761,-0.599048941888835,-0.401158801938375,-0.416017006944702,-0.637879893199002,-0.322289520062578,-0.309231404651887,-0.376769043688969,-0.545470654987336,-0.523271498557718,-0.392864241454051,-0.447492749001054,-0.263658772549734,-0.397629435762242,-0.242336184836018,-0.438385908649613,-0.504609277004444,-0.181701319853512,-0.337720981189364,-0.154479258183668,-0.98619470260714,-0.776737409201001,-0.262782769902137,-0.360270360360915,-0.268254777604348,-0.273794163525641,-0.419031188198015,-0.298375692520252,-0.508613727937575,-0.433666485043858,-0.299426578708469,-0.368004041550546,-0.305552713645008,-0.527433918207472,-0.659340511536828,-0.461153620018839,-0.216779400285431,-0.131377772488771,-0.329872263505543,-0.460910726643174
10400,4,-0.259563138203633,-0.428247369702512,-0.253497477069552,-0.444699824691412,-0.573889594094681,-0.306613278751863,-0.273620139175961,-0.514186450942158,-0.200246457854526,-0.17760876346155,-0.37714767790841,-0.598225889663934,-0.396154436188356,-0.412660509228513,-0.605016230710938,-0.364863538555945,-0.230007716887423,-0.338365102696052,-0.488044638464958,-0.540440203059942,-0.418197111612346,-0.409434434562511,-0.298209065715159,-0.530001803727195,-0.184726071163106,-0.364613163922017,-0.460231846695975,-0.21905615637722,-0.56797227185859,-0.272249733673088,-0.759436458019822,-0.682105986923078,-0.271136370926068,-0.374726957341588,-0.327864908547275,-0.277440179477487,-0.471679457827614,-0.352367094717694,-0.465510160323673,-0.48730166592087,-0.189484093468612,-0.240773675393846,-0.305195848603964,-0.597718474654163,-0.681527539197417,-0.401382477437402,-0.216152475991324,-0.0843886978830289,-0.404169210541891,-0.525688463555101
10500,4,-0.330425846547418,-0.286627388470688,-0.482687170300323,-0.503417240981361,-0.581256350734268,-0.287490820726922,-0.16689324279406,-0.42458928302521,-0.303550363588054,-0.0945791999318165,-0.288708669243463,-0.520546857096035,-0.385041075323535,-0.495164801853209,-0.74782050762891,-0.29293596696624,-0.275167584824029,-0.375840989882456,-0.65589228083009,-0.460991087508787,-0.528122114433945,-0.795883067577165,-0.31418184346999,-0.410198522079841,-0.251369222326875,-0.116088126799534,-0.409899739116052,-0.221470849531474,-0.464902238737736,-0.3472960779815,-0.837091147717725,-0.665031097397839,-0.31553510158195,-0.337894567717224,-0.358479319753948,-0.230438600392077,-0.499149236122297,-0.364196823367824,-0.440425927112782,-0.454351284115965,-0.218486601134086,-0.207145824162756,-0.279429219907127,-0.544397325949346,-0.579575102702937,-0.323272226560961,-0.229904856717188,-0.189761345541756,-0.427913245210617,-0.5068903080669
10600,4,-0.347790551709275,-0.366406088122819,-0.426137113347775,-0.518394793874811,-0.565272632978845,-0.245654342217938,-0.218070891377675,-0.449538389186964,-0.359976040634798,-0.147992171332237,-0.23065959976883,-0.436343391006668,-0.403467911412358,-0.48936997619405,-0.686439844575634,-0.412300887159885,-0.355210501000419,-0.486997516015107,-0.602720681329589,-0.45718181050349,-0.483822285334768,-0.933179073262747,-0.346193850322891,-0.449925928933979,-0.193168830160687,-0.11152861782986,-0.392664536070403,-0.390242804645758,-0.230852358626448,-0.42307646916052,-0.684944040916555,-0.783054665906989,-0.311271130884282,-0.279876720902084,-0.538959680886095,-0.182034714753766,-0.704827548274072,-0.333351879338523,-0.311623805716712,-0.390837834614949,-0.318186821555487,-0.353006542442643,-0.23782115112238,-0.623068861258152,-0.674288858590802,-0.169790114923645,-0.201352898215019,-0.244748519154158,-0.514936819856248,-0.401137628597419
10700,4,-0.460477514565958,-0.387509160091175,-0.366669364908887,-0.615681391538329,-0.503902996298,-0.410341512677316,-0.255957454651456,-0.519684033567166,-0.329177847437083,-0.184843926366879,-0.296492493177282,-0.371438945579374,-0.354133850406032,-0.333212783786157,-0.58380777259462,-0.434221362286074,-0.422362647658441,-0.3821571641022,-0.414123175611504,-0.408008351926707,-0.617189046117733,-1.03053175642412,-0.325457009953701,-0.596669394773624,-0.244832081533671,-0.213294976130081,-0.38767511924344,-0.402947628231845,-0.333346886982742,-0.366490943516448,-1.00866359093123,-0.767385552808638,-0.323708458923943,-0.34589408246639,-0.58435513797149,-0.207430702201793,-0.589925417448996,-0.435472095112204,-0.473486115789234,-0.431618512136022,-0.322176133391269,-0.367117934589453,-0.33597605595493,-0.718089038229319,-0.811805300903886,-0.355694842704493,-0.176941272296125,-0.22305522658997,-0.591549132268747,-0.429054005082848
10800,4,-0.486723854362398,-0.462209580898602,-0.344704929575215,-0.540128694068761,-0.42293028748166,-0.512751793762223,-0.321054481937515,-0.480843188668162,-0.413086916199819,-0.245151520021029,-0.380497841711498,-0.458802062525499,-0.336657835412479,-0.367993167034604,-0.608277718710944,-0.430087184779239,-0.421136799274776,-0.384437290029016,-0.414994805167778,-0.393989727369397,-0.603224598619111,-1.0689495225323,-0.348151178062932,-0.633651852571557,-0.364764085009327,-0.351574744845046,-0.532821170880287,-0.335307814258474,-0.229566086681411,-0.451341585957172,-1.10232703341761,-0.4338952704752,-0.35459998722204,-0.377310246913387,-0.451527151520352,-0.23840164127427,-0.415003897547216,-0.455879881484385,-0.400169319898076,-0.377988426124753,-0.347215116655084,-0.299956702694814,-0.385887741921808,-0.885218674028135,-0.935085044984445,-0.476330430149666,-0.270489196695175,-0.420007188900817,-0.458520247972869,-0.377263361896199
10900,4,-0.619065616386072,-0.584453939188968,-0.526924173487696,-0.545018991430448,-0.49621448848446,-0.612018798724216,-0.445063517032805,-0.488403797312634,-0.402664254557584,-0.482001654231738,-0.386549535704359,-0.54821298259799,-0.352436587594294,-0.462168501966662,-0.465189762168516,-0.435496682316447,-0.401407516988168,-0.251089170336521,-0.484079037834928,-0.319568280816102,-0.562557534338749,-0.968251976161037,-0.378679186565584,-0.554687830607722,-0.352597691816828,-0.400920523935395,-0.490651664860041,-0.274986489236715,-0.306747362029759,-0.471207736570304,-1.08376581247679,-0.515695024378759,-0.341963369002551,-0.22094587675649,-0.5459860471318,-0.23141092132214,-0.379814741501485,-0.533752530011384,-0.562107184402219,-0.398941158738383,-0.404066320413597,-0.296378313814773,-0.47389151675464,-0.78610016774801,-1.16059992420365,-0.54271884024883,-0.28580623339741,-0.434399293883715,-0.494415939750615,-0.385537086520178
11000,4,-0.627912418295399,-0.646349283785688,-0.52420341101212,-0.443072200409096,-0.548575721492326,-0.626953340843469,-0.530225154708834,-0.386115216882857,-0.365043956189093,-0.635669716398733,-0.412105946308852,-0.446229680841713,-0.358671398589782,-0.574605021562752,-0.486611408258697,-0.468185145664716,-0.617121828201146,-0.248822973552746,-0.46219043800624,-0.327006405874577,-0.857333689372239,-1.14248666134442,-0.434181444022953,-0.610743254724994,-0.401088649030749,-0.554414880484356,-0.530611411643335,-0.344656622251057,-0.390622463466342,-0.385721561864994,-1.3756216876844,-0.479573673751596,-0.373260443466295,-0.269644785331703,-0.435876796084777,-0.29546372669448,-0.595512406041418,-0.520409957159468,-0.562864244378064,-0.361578606829594,-0.358919961303929,-0.371135020494417,-0.380792884380753,-0.548800499786354,-0.725610925288584,-0.485281649551721,-0.270720549351135,-0.368441980981683,-0.455461373368661,-0.315446933845624
11100,4,-0.534323054049931,-0.607648515850092,-0.47387436585323,-0.589018745813624,-0.860882057707436,-0.676835794755119,-0.585992729166758,-0.476905837109609,-0.444304321927413,-0.624143939759858,-0.401818405348569,-0.525769852677651,-0.41651710654185,-0.618958162209833,-0.550047384329965,-0.479799325453306,-0.536283531550844,-0.393330819552241,-0.645409661041775,-0.256326043546061,-0.755563430750029,-1.05645676224822,-0.448683814582042,-0.675631822863566,-0.493389760439947,-0.525794443410036,-0.483582357213344,-0.519825513630857,-0.623349858579847,-0.383199096979182,-1.48340263382361,-0.544862337957665,-0.41136768130822,-0.39934028933204,-0.22579970210748,-0.3198727903444,-0.746603356404833,-0.330499822425523,-0.47042738523373,-0.400307730812108,-0.345496378486326,-0.630982983004228,-0.404379963160192,-0.648559406627843,-0.822921752149763,-0.443761987044218,-0.350313878906192,-0.464718590843944,-0.492576450695498,-0.361921531675474
11200,4,-0.519166006800895,-0.547765906195028,-0.507203096999423,-0.548973188841958,-0.943460209922037,-0.671806115780851,-0.51392364467161,-0.551232340495262,-0.458847854712609,-0.538642959754705,-0.481051902406676,-0.61631989709231,-0.388681325917207,-0.731728692919008,-0.758519100322184,-0.522465866276619,-0.485210767445713,-0.471081070042485,-0.682676096663102,-0.353476472542448,-0.92063395808285,-0.9795318875982,-0.501197703344721,-0.572326988925487,-0.485459776813859,-0.639971029560974,-0.421002747907622,-0.747898136319297,-0.613689005669556,-0.507118730760149,-1.24187381052365,-0.912471849776975,-0.49643752324307,-0.492259508561756,-0.463962284118822,-0.369454103966038,-0.718298763277515,-0.626626849955062,-0.657307274017678,-0.370630284942916,-0.305068540001461,-0.587256605752303,-0.345409062956089,-0.652556091460706,-0.786402792452803,-0.601073357190988,-0.439271414002854,-0.608123290309911,-0.410274914146182,-0.31716265423798
11300,4,-0.466323064519292,-0.512414386777755,-0.565990302933481,-0.615821863153707,-0.898466551514998,-0.620593206820013,-0.431849262604447,-0.647616753336696,-0.533285745767355,-0.678881375769148,-0.618774608394226,-0.747081882238128,-0.462542130707925,-0.644779854419807,-0.596451082465775,-0.473772753032894,-0.376104203576354,-0.583228273059533,-0.600506343444218,-0.480811307862393,-0.874420949011808,-1.09380021120739,-0.501173444958,-0.598903867479357,-0.483659466303758,-0.662770359331575,-0.662721547498112,-0.661482756596278,-0.750834296190211,-0.512443854290858,-1.23685543514027,-0.90480343065312,-0.496014701844894,-0.574256795334687,-0.633106752072756,-0.382094094398352,-0.789478123733069,-0.727413951823762,-0.693170180219616,-0.536977905901812,-0.520275403107108,-0.848549374687404,-0.444960104050591,-0.772010282496191,-0.844843778104506,-0.733721351338276,-0.427759940178714,-0.414605905960499,-0.33269544317846,-0.33458511918059
11400,4,-0.480643784648813,-0.642426638574998,-0.635876543460175,-0.737785043623269,-1.05494000845043,-0.530609174871348,-0.482400757306705,-0.655768551174346,-0.482354310459458,-0.632573976549104,-0.604153114298726,-0.78850806955651,-0.428402644785744,-0.67754443356143,-0.784622081423572,-0.537032798962346,-0.521405925583616,-0.666527289375599,-0.807030086686947,-0.472064338242441,-1.04637454862824,-0.977342180074135,-0.472517965230758,-0.65141549469737,-0.435259018317414,-0.691215100913882,-0.704828271514947,-0.644263797302624,-0.686077731303967,-0.593788712484278,-1.36163801964243,-1.12464417082347,-0.4158812861572,-0.610704655049221,-0.639684746713371,-0.409505876341,-0.900804243332554,-0.893071579489811,-0.761246718495351,-0.48346444954603,-0.525287410578117,-0.901448048209555,-0.474667940996501,-0.762029071000351,-0.926412936626729,-0.767882683858577,-0.428051334374863,-0.443449335986261,-0.478563888719009,-0.524499945128334
11500,4,-0.483099675665874,-0.632029257730692,-0.760971564776119,-0.7402418208534,-1.1281584558906,-0.639920046345297,-0.376607206530557,-0.683985004321823,-0.532943947273164,-0.893371562780013,-0.509298933808378,-0.861530795133024,-0.493751621496378,-0.661102250523539,-0.80584829736322,-0.449844659975691,-0.593518471562382,-0.627335227442006,-0.852206047590991,-0.519560037201105,-1.03918144855627,-0.849467445876225,-0.524614091397515,-0.655558403290339,-0.518068477891177,-0.667680950994898,-0.665656919280909,-0.604974759010266,-0.794766978843866,-0.627243961376771,-1.24454812270934,-1.30565504635209,-0.405748901660795,-0.644467140518379,-0.628319865626503,-0.498408859245542,-0.89954949199527,-0.885432604353444,-0.733283181336905,-0.573149398209077,-0.480924442891263,-0.89863828283264,-0.480200486692507,-0.86206818029649,-0.890153380411026,-0.811497261985051,-0.396019077357349,-0.695482096846836,-0.57319229731121,-0.537154967377222
11600,4,-0.540408903151917,-0.725647458424979,-0.770876137013471,-0.741093009638905,-1.18181764204199,-0.685314163177613,-0.467597768863238,-0.728578587147439,-0.595052155191664,-0.986988414996397,-0.613795239431135,-0.998274820911418,-0.517952280658844,-0.568958009126623,-0.766910117035339,-0.37628219806514,-0.769777805973748,-0.694385901107203,-0.797508619637474,-0.587641070379699,-1.03171740342405,-0.867680297606748,-0.471520286647451,-0.736150996906833,-0.50816515826784,-0.801524269828221,-0.67295947449285,-0.631262380822572,-0.876634623870512,-0.626867699038025,-1.22801077035861,-1.18807753579181,-0.556789574311373,-0.587787487992437,-0.534580322684951,-0.568906436448345,-0.9267668326914,-0.917255925651839,-0.801668247414018,-0.615625781390496,-0.530830509850872,-0.892726472948192,-0.515262770995284,-0.969078825991219,-1.00790145338103,-0.955131698242282,-0.422043762896988,-0.820518766342672,-0.666092862866483,-0.488526234240613
11700,4,-0.589910422669428,-0.912544763399525,-0.780098688110302,-0.764579230461689,-1.23185377611593,-0.779478273036384,-0.5864685641115,-0.680593637697628,-0.649378488046105,-0.965044977804851,-0.698703877540185,-1.10520519699945,-0.569987170121874,-0.481817072889513,-0.850832435725477,-0.446643280025914,-0.750732718516026,-0.850897265333079,-0.773424100916214,-0.526514928429868,-0.967350007748604,-1.04294941111477,-0.61980787803806,-0.700013182613204,-0.501910766431376,-0.818905229983762,-0.61737215673213,-0.537917077038482,-0.880608718042666,-0.756409287351051,-1.33595129541349,-1.22442136210578,-0.548057278428302,-0.562698690884244,-0.776125090300947,-0.541371254248163,-0.910162942627609,-0.693194408247713,-0.826309671015499,-0.646231494728715,-0.568702333662656,-0.914938700095451,-0.533829416903352,-1.07344834061036,-1.18587285142417,-0.844190294863384,-0.490269329682693,-0.876304262575064,-0.76949023521798,-0.474095603686606
11800,4,-0.649184333715825,-0.940617340570052,-0.92400982052993,-0.833050501781194,-1.40743299254336,-0.890925537384565,-0.723366970414867,-0.73193175398275,-0.669673608801906,-1.00099195014208,-0.674117149594162,-0.916138468389563,-0.648569507694914,-0.48938933156648,-0.734875023514596,-0.477794581498658,-0.754530682304148,-0.844686978274606,-0.748996880552151,-0.571314286497956,-1.19665583880644,-1.03784466589074,-0.678121675940459,-0.729755256602018,-0.643998176242622,-0.852901933414256,-0.641640031899791,-0.72080939928665,-0.727726303580789,-0.541441665015145,-1.64631102938113,-0.950173471903397,-0.595099815441376,-0.67753248764661,-0.812119278789232,-0.569126609595337,-1.02806381203334,-0.669854574527605,-0.828753593211453,-0.708778433592206,-0.585690718975084,-1.03191596406217,-0.562174682377615,-1.03711139253243,-1.17874191740012,-0.795532282218527,-0.558414348659493,-0.901557168304606,-0.69070561285325,-0.510354666871475
11900,4,-0.652183744258816,-1.20754863358146,-0.869632591040626,-0.822850254013789,-1.45332577984419,-1.045622793633,-0.699173978407704,-0.691463780095166,-0.719546507704361,-0.832548562077761,-0.639942337473236,-0.851620885424231,-0.645088178230958,-0.577472660531881,-0.870322478463422,-0.543427584247064,-0.804252507068135,-0.787192146031322,-0.64587984711576,-0.579799246611789,-0.983245922855498,-1.12933291972903,-0.558637291998635,-0.727504496587422,-0.73261783365479,-0.888315448446837,-0.808467280838929,-0.90706798583289,-0.858893671821632,-0.69710959052118,-1.63382403958767,-1.14642303077832,-0.654410994765562,-0.862381085241708,-0.854388700950782,-0.537702778837585,-0.862606459518744,-0.594148936999701,-0.768667195599293,-0.619561361189188,-0.497245493666945,-0.939232433652999,-0.556218222297159,-1.07744981393481,-1.29636331208268,-0.857353538066306,-0.542483606176925,-0.851452215000468,-0.761457886193208,-0.546256100697034
12000,4,-0.710553595441114,-1.22986329262774,-0.842004241746479,-0.890592970871103,-1.51425465356935,-1.13947281813525,-0.683872598876009,-0.588138405903344,-0.706531532572216,-0.850690611809612,-0.648713733906474,-0.916518631324718,-0.628399783303376,-0.605806360005327,-0.948326705520225,-0.552735444413758,-0.695315476401378,-0.825935486809261,-0.810061178422282,-0.651892567472209,-0.780551690144494,-1.34774709193056,-0.551894804790952,-0.898633277173783,-0.795334815253414,-0.908083310033721,-0.91331425158179,-0.824062658976042,-0.901450383846331,-0.760866521702054,-1.46362697069934,-1.31493977900191,-0.634620795386122,-0.981108936131397,-0.98419862678293,-0.635835232658738,-0.901851418994311,-0.713469389162859,-0.802045091912467,-0.623204373807225,-0.467451627169692,-0.773518184245188,-0.597618044083861,-0.918080441468409,-1.24154713914749,-0.883984376210591,-0.57255798769377,-0.841237070048824,-0.892065234457485,-0.607819235377982
0,5,-0.0018315416114888,0.3329149652275,0.0815971097903381,0.184064970827518,0.50779030421374,0.105677702741611,0.0471212061206861,0.0319074344775441,0.00638336828884351,0.34824075275479,0.0975701036379218,0.178909719899329,-0.308553491618158,0.125398294534292,0.130685271609045,0.183036607749081,-0.0189599702797957,-0.0831973457340057,0.23246983741079,0.251927511684063,0.280776149609416,0.164890896982546,0.0503577342692711,0.158048639579445,0.0354868434200398,0.106493578410155,-0.0463264723351335,0.234362249514649,0.389089348195353,0.177290085709734,0.253351004562286,-0.0328690878863334,0.159345187766325,0.346813526131596,-0.0484356298455202,0.373553149257253,-0.0412210503130835,0.391116360823841,0.123990504927247,0.123557945960612,-0.0281126214798209,0.24755289707578,0.284840077143916,-0.00275325618569561,0.0463816071075661,0.183672184062917,0.152274864522937,0.290697654744989,0.0629260384343494,0.241779775990662
100,5,0.0786357536433472,0.114585090773854,-0.104498222741229,0.227323536168995,0.341582970372947,-0.0720986710692538,0.200256418304693,-0.0940642212946481,0.123810198058105,0.250340842282078,0.0776128590781408,0.0711277578906469,0.0202628243814808,-0.130747380366901,-0.1663049285018,-0.199613917700022,-0.0043547997405804,0.176812575186991,-0.0215569185592464,-0.0719760710505928,-0.122655876437255,-0.0513391524093068,0.0043547997405804,0.162208753465351,-0.028253438369333,-0.0172478852458939,-0.16831755656013,-0.169394538188626,0.0808715168404797,-0.0219335606556132,-0.0263592084705588,0.0194028189194397,0.0971417956490479,0.1524561450159,-0.0919518519666753,0.0451771920483647,-0.0825153017784489,0.187574868207386,0.0401264469219573,-0.0449304725039945,-0.0702189887290098,-0.32650899444585,0.126568908819768,-0.0176266469273365,-0.0560613639046179,0.168031011533762,0.00835717430847505,0.0547431931991615,-0.0220857180455989,0.0255813508220292
200,5,0.399862981459838,0.225066398139583,0.191402325347635,0.183873127535155,0.245372555141309,0.152452094696956,0.0681295751085767,0.0899849137850941,0.33188771280397,-0.154508896808736,0.397877819328845,0.154342826310552,0.0327818544862576,0.142822889885583,0.192527252592536,0.149029029056353,0.170098066777941,0.359776676450285,0.406449220324586,0.102353642796477,0.0125695447837513,0.118708893265928,0.122304772970479,0.161656321174827,0.110111842815507,0.259835849648604,-0.015677595944454,0.0574005448599849,0.169736336638295,0.192572808421265,0.107461785642844,0.212126927338364,0.243115923009328,0.152528821868974,0.122292892454298,0.121660199184565,0.220749960002192,0.494709472306096,0.214783588361996,0.247159006109608,0.0530184903441985,-0.041957298861695,0.342864147757329,0.003098818088002,0.0612283219656563,0.329352192185657,0.229195963194148,0.182005055216438,0.30853858590365,0.142707246977646
300,5,0.34546758238542,0.157909751230083,0.432151545618842,0.213135862743107,0.255464169489236,0.342582821631507,0.219355246235378,-0.0751669086996687,0.37692567133992,0.164343059125162,0.254263223240054,0.280649009115665,0.0835023343417232,0.254683503292362,0.296653294842125,0.151617846540223,0.325087080834962,0.26313502806237,0.172804263480907,0.168003938005091,-0.0155171204710104,0.317409290829952,0.19062246534905,0.0766636030367768,0.11216330370244,0.371704814336145,0.212208511081553,0.0644558133079242,0.135997717184256,0.309457478685444,0.208642128503552,0.30783056555738,0.296208877302988,0.0787820235794015,0.106278468681216,0.149008495250701,0.148792391775255,0.544447125491532,0.322544019102157,0.332356635231443,-0.037637780932354,0.0287641963503213,0.278216567995296,0.17578645450043,0.195208270093978,0.440193920007101,0.404994222347085,-0.0365347069965097,0.405939724177,0.0379188527978295
400,5,0.408732359155816,0.144573850915163,0.469047099630929,0.497624656429393,0.360432771091235,0.263564319051665,0.232118659408167,-0.218468929522764,0.565142042625206,0.419900711300254,0.314278216124465,0.284191278859666,0.0368736093305778,0.49977154851723,0.252895927385377,0.211060358829563,0.467135734764133,0.491900084824181,0.121860795805363,0.188657507720447,0.0624520649632632,0.519287278803979,0.177280380348181,0.159695773412105,0.205267665653564,0.39312037971149,0.00606612094977316,0.0443009405438889,0.166053728387589,0.356309659097489,0.478083022702344,0.372106497778315,0.458511220098754,0.199104705194833,0.104477870086189,0.105887255120864,0.123424723161866,0.553258772190056,0.351464275273581,0.313688414027572,-0.31494522746881,0.0602700325175693,0.094288262632181,0.220521266494385,0.0597791497437486,0.428477712224037,0.414663348196887,0.0521533478151022,0.250475779358106,0.00949544419497633
500,5,0.380202574119518,0.317723454773177,0.270846836663509,0.377812419405105,0.273999394857173,0.0821709690780844,0.542352298646229,-0.22701927942406,0.160536074523856,0.190436876072772,-0.0515393276109999,0.266207159080846,0.123379744565719,0.389931758930907,0.226949039700513,0.171052249547143,0.217102474644625,0.473604461097804,0.207230602069051,0.232318945075936,0.177599460472179,0.324315285947087,0.258375122550828,0.28486003384264,0.304021255647894,0.353597803494107,-0.0550435522291884,0.200195668315434,-0.0026735252443848,0.168944500580258,0.36737703592236,0.312691546692515,0.420638669922234,0.145214101176679,0.15039557016693,0.290841657995798,0.331719082376365,0.466383672052472,0.368117948844024,0.331407089535528,-0.032068086373956,-0.0992436029428463,0.0804506616626002,0.256774628273295,0.200470458296506,0.26359691890794,0.365506815309838,-0.219447257968585,0.359436491520067,0.168034420909508
600,5,0.430151891840332,0.279155092837169,0.385069578746151,0.368829301467884,0.349675619026537,0.275817078909509,0.258932071318846,-0.176892573460718,0.29215243567872,0.153676595820202,0.0365957212682039,0.33938683122303,0.296946071178625,0.41422238931067,0.44318277411147,0.316079360422065,0.282920105192306,0.303229027099158,0.492054035818816,0.244656192572052,0.385208759564374,0.393165375940704,0.2932384033068,0.437000970346955,0.36818852028745,0.423562989955915,0.123557023197825,0.442946243047225,0.340508471029714,0.308088998064646,0.476613053328565,0.284033227563082,0.505374459454491,0.28743314309374,0.305131454405445,0.187320295463508,0.542585561128888,0.323519038183306,0.448020116856994,0.382071629287045,0.287300060685608,0.196072702112826,0.191664942603102,0.398380122190225,0.358796946295209,0.253594027162486,0.356781242293486,-0.0128088607338384,0.497655104549296,0.146411649967349
700,5,0.442834708518734,0.500072713118662,0.274401497714539,0.466396970632135,0.359458384543878,0.278328226035644,0.402431533322976,0.0178390760965395,0.400155657743239,0.0144955215305435,-0.0313927887166062,0.280599663079591,0.229758904974723,0.358393919242608,0.295215061949493,0.269277281129403,0.120809739495447,0.363282305135696,0.337204404309681,0.190208375074675,0.309713133835318,0.314828537482062,0.235361247464797,0.359604433857826,0.353000565127106,0.291470469621924,-0.0273305725437842,0.44220836747718,0.467390205134662,0.332095104857538,0.416739439568629,0.311951505050797,0.465770117035377,0.272036890398687,0.299087168688714,-0.0403513671520538,0.295264096178085,0.0349769010045625,0.503346687431087,0.34118844067188,0.230373746165181,-0.0970801718566688,0.194643458103765,0.41554918885098,0.377534584290528,0.251595646762134,0.249109604449608,-0.136075850663062,0.38127532499715,0.132742186979988
800,5,0.393171408288643,0.546585346848437,0.054357629682191,0.369152262902221,0.44511385139377,0.220344715952192,0.317043520501505,0.250895327491387,0.251098286505404,0.128258617111104,0.0859918321315895,0.332900053158822,0.0801838779941487,0.204918758715957,0.463179928489207,0.249886047686988,0.214675337763828,0.374004208159826,0.465624941811152,-0.223773314214266,0.44104799788512,0.191176498077104,0.392099992684364,0.403811344959823,0.379880199974057,0.134218200196391,0.0598123141415718,0.191345552000622,0.353553501179023,0.305133535221079,0.495333242636139,0.312638160469411,0.449332946912082,0.267931598340141,0.234889712163129,0.0593230328142125,0.102070827556909,0.156133838389561,0.578092706593216,0.311698476508344,0.0994612704637031,-0.130544161916681,0.377833124011439,0.397525904580931,0.301674287675353,0.210595911915557,0.400807680606544,-0.301382474823263,0.318066074226244,0.160192959509084
900,5,0.577528425047037,0.592149305906189,0.17826653060177,0.53225350446764,0.497373940781612,0.328700093829548,0.322351297650419,0.234062916192068,0.345859037235349,0.309496598454534,0.255147408258885,0.407198033267227,0.0721590183094924,0.312837080675706,0.467840363064269,0.378500986588049,0.213602397756873,0.365567592204224,0.420878387193537,0.293759271647944,0.275647383523018,0.247380921282472,0.425526553067002,0.541935421453299,0.400076208888368,0.276438010066718,0.263723350152229,0.264939413262975,0.367629199638103,0.437217936696243,0.629094095630304,0.309732902195199,0.570722463957773,0.322458349715654,0.383530635372715,0.345759585368841,0.250189649484808,0.311911580466873,0.473550735542503,0.307050825830871,0.0657631929102209,0.0820248670747859,0.538095035336697,0.33254768196373,0.386122300052763,0.376592147573531,0.409224098469183,0.0288629293187186,0.426353349589402,0.446081500215254
1000,5,0.572885737571918,0.576556921652049,0.266059978961428,0.54273572502661,0.761793931732813,0.441026529277274,0.285937603228936,0.424455901898794,0.476661155422197,0.122704899172549,0.527554323647123,0.531821520718337,0.281261282772257,0.340742402874875,0.584756606368136,0.330879835246486,0.430322352049363,0.360448693821567,0.349375849396888,0.166668697534681,0.349839149317593,0.538058943782627,0.446317044854897,0.542904515110141,0.477091045224385,0.227523435805186,0.412433143169302,0.226438246744137,0.526027698510929,0.679017248104947,0.557417581125658,0.366072666168478,0.660134726174334,0.539127885963433,0.430110562725903,0.377464033451551,0.216913069193794,0.206569064076965,0.497401372575275,0.452051095575542,0.113689122642591,0.194881588352532,0.621826798708481,0.486226066500746,0.452361266494597,0.549916549986906,0.452431576431427,0.118300168900766,0.519645703427871,0.686071691052282
1100,5,0.444227146046349,0.606553777119663,0.232602656402692,0.700692100069078,0.701721889532898,0.563196393336139,0.546789924916696,0.513538762712926,0.51518759447794,0.0781222077304835,0.528835928204625,0.47867164499559,0.287355824921334,0.410152090416987,0.534545544743286,0.451548750081191,0.483956446705551,0.50411101902935,0.327647714429844,0.09526180066865,0.604480228347764,0.54276046455634,0.473791559000288,0.468592480864743,0.474410648654576,0.313842548156465,0.513049716665108,0.336564226582359,0.543597831716939,0.751681134965436,0.556589392900996,0.408899412081526,0.687596210189824,0.514432620143769,0.481120860498946,0.38419221095932,0.290117973974898,0.507636834186067,0.47653195800223,0.395430578682952,0.238757447103064,0.430650857279199,0.558102507114944,0.510332554699079,0.410535978169935,0.638165707508865,0.353295619924914,0.106959050898744,0.393032115160022,0.629879200652147
1200,5,0.282926985453388,0.557364574541811,0.299526491788084,0.671483439178405,0.683124793181411,0.439250642854539,0.872894016423129,0.505410731458466,0.475769893947867,0.322803240834543,0.564150522799019,0.452899301668438,0.32030389289683,0.42856651855492,0.577711206861395,0.549815255004632,0.491721278198995,0.385712531821133,0.342867371022675,0.334408232887438,0.391353084610696,0.524498705071137,0.554172266697486,0.433435790535925,0.524429602608913,0.488768514658379,0.356339602311366,0.223389381287555,0.346049908900991,0.690763060744223,0.527526279806127,0.441871740446595,0.65495264032677,0.586383056118537,0.55552483199656,0.543031957115668,0.254851846392708,0.57034870796201,0.412296576757714,0.364163725334842,0.39086267634357,0.520526537401265,0.459200013574813,0.485225805029285,0.443581555542781,0.583051771893266,0.569660560561377,0.227678597914219,0.417738016099359,0.469168166055026
1300,5,0.307841815977355,0.555782608489537,0.198602927607972,0.594913270246271,0.686895286210678,0.312052230578019,0.677441696760781,0.314950610367104,0.199093122094663,0.312481312948863,0.578416122265317,0.492247130473586,0.323267242563031,0.489490564194414,0.633016674800574,0.577235939917224,0.529451839167345,0.294830697996516,0.373757259233422,0.350730435402523,0.671949373260187,0.491303095341016,0.534222764800387,0.493067275813095,0.495986313635905,0.372722492308293,0.281473713319557,0.172987167247842,0.26749588111336,0.554177069122485,0.623241029183704,0.400253726574917,0.603236116251491,0.555725855997872,0.455765008009322,0.479714880702499,0.125666299187561,0.321490855173257,0.428176689023649,0.310194050983782,0.229184107794721,0.622210932085882,0.497962314858709,0.5861470838888,0.315725093149009,0.544551542936859,0.341186728761533,0.280767664468818,0.565211095496775,0.329325676170919
1400,5,0.0948711879921958,0.555421762792518,0.264394722289478,0.617362072354765,0.612228995889787,0.25778725027212,0.685521860771058,0.215245524216437,0.342804426230562,0.32902775154286,0.758037360949005,0.524410869490718,0.316333244763639,0.591164583321624,0.677632507540762,0.507654305684963,0.548229460693358,0.213621267710804,0.557400905419008,0.562637915613444,0.526131636282365,0.351246456052889,0.473123576922186,0.259061493397126,0.448768571921174,0.403672225872596,0.485831346720534,0.153062347165989,0.300493931418848,0.399465636630646,0.601380073116787,0.332756812674756,0.50716631076875,0.683064605735171,0.549812821565338,0.554843129614274,0.242717102680687,0.46353134629426,0.379860474150569,0.338184252400439,0.294044421140692,0.699996346782453,0.538631068898585,0.61727543235445,0.548173280953796,0.442585371989262,0.281258072614234,0.305319353225949,0.48316226768361,0.173584371178162
1500,5,0.163531409981593,0.382475124810994,0.208669620524194,0.536937654378893,0.551495442114996,0.273502315111157,0.342450907921455,0.224337692094462,0.0425230066547025,0.645353610586129,0.685684994498595,0.520543441287974,0.274157300874624,0.396994445005578,0.465410195537595,0.526883792502757,0.584214181449871,0.347743162430229,0.403047895333233,0.0805330317691492,0.142692501802642,0.337211396521266,0.446302196931392,0.438324703654195,0.463927804832769,0.435238961822536,0.443417200961773,0.293133913034666,0.195778663783101,0.275908806664008,0.300435070832686,0.399473025620236,0.519995050752829,0.531430369510698,0.532538691600892,0.546604290338338,0.193121537727628,0.430069839848138,0.380409372911919,0.294389645869471,0.386899169516213,0.531520288102672,0.541986075661911,0.516000871193036,0.31908018193367,0.445643704305671,0.129829541468796,0.317535065901833,0.477443508580137,0.2108438769278
1600,5,0.264195167243933,0.465438308669877,0.212589047177669,0.652137655666192,0.409422571519198,0.462159902873894,0.39991989161543,0.289803834750975,0.284829719331058,0.618489618454438,0.492048358185753,0.579473001588109,0.134921458401617,0.460649037451084,0.559444986251276,0.458822872052184,0.600159082711332,0.309172830980577,0.548279490713099,-0.12305821195798,0.234419216320553,0.432831902519014,0.407007679268083,0.314660341102785,0.451022127025107,0.520837324950879,0.205076208418271,0.31829620348429,0.0987366207773499,0.127229875110468,0.310544364974538,0.452566162844412,0.45518903192947,0.412891996548295,0.638917669309712,0.668572347257741,0.230716412645968,0.44035932522839,0.369795240431325,0.338192161094138,0.22945454629139,0.43596272184693,0.554022498364011,0.649904633089631,0.398797511934483,0.260283016265958,0.111901333031034,0.420462518158816,0.464010171012847,0.303348266047294
1700,5,0.235417957021122,0.443361841781665,0.2127605158108,0.424101065596201,0.377888421481395,0.464858250673486,0.131542663823181,0.280472666998935,0.219679767072194,0.402023616530922,0.86830124434677,0.588844342791717,0.132316605538882,0.35513087232055,0.480324123442562,0.478612861131555,0.683916876022241,0.292245141510407,0.628549686845494,-0.0775279925322261,0.191071051736507,0.520039971018385,0.369205541435399,0.333105539368355,0.364033362339413,0.507025710251288,0.167875406192272,0.240854997573564,0.174320930513904,0.141733053409214,0.568372986774374,0.370472357160404,0.413346457770089,0.302327441560676,0.663136401280855,0.612539333483869,0.247659663093562,0.520255109370394,0.404119210601603,0.17577357150697,0.400858602214932,0.404567109904616,0.42439589788447,0.631798621912955,0.420255168050285,0.296788252960393,-0.0654080601452217,0.38481653011204,0.359268088053774,0.525751532564009
1800,5,0.189524172123694,0.459195670262177,0.193018182090061,0.365653440453445,0.37326884903057,0.459412356387693,0.0241813158712768,0.193494514829371,0.19840978283268,0.246054057461237,0.610630945996113,0.465055750860262,0.0788583410236747,0.366877809979087,0.460975254724298,0.386176569456867,0.586343905104213,0.371457616052021,0.456605896988836,-0.0408327430883365,0.361050984169354,0.465496583505623,0.419618249754646,0.417212154825025,0.330696194274415,0.64418732136979,0.555274936338892,0.342833610944045,0.35022991371603,0.135588221938881,0.645205569514426,0.294513721111376,0.401100951470609,0.428331163922229,0.735890000184662,0.50772452841683,0.335412071835901,0.703964886246864,0.340558476239713,0.240207332244914,0.373959610138057,0.320912913081205,0.266604735294815,0.468112878109281,0.411263191021008,0.379737566986146,0.0739869021167123,0.416997087027963,0.425363452250088,0.381570084726732
1900,5,0.171243705570996,0.37466545310917,0.552171961127719,0.244737764843705,0.273924196804866,0.418360283821512,-0.0360806172276526,0.299060697199412,0.380595534872921,0.382699818635662,0.588732297417771,0.532975628611536,0.218686951541306,0.355470625619398,0.400550385487363,0.413405445964845,0.418805820174024,0.351615434521717,0.42952059523682,0.0403879960061472,0.330990209743014,0.44085796519945,0.452523614673894,0.371912901513687,0.31059821286482,0.655282854484361,0.512225215241149,0.265360311816225,0.0871159696734258,0.0584667307854133,0.430158347421015,0.288740254881822,0.359345658144858,0.54102852781567,0.594398786680688,0.459649320625168,0.30219321890823,0.460310805001898,0.324020444286423,0.184620544300316,0.269873160062814,0.29092167566973,0.232325119468244,0.413740914028812,0.472539333642217,0.485762774690002,-0.106052998444654,0.345433854021441,0.636196918399854,0.198969230079303
2000,5,0.355507536533596,0.34901111775391,0.573519763856616,0.371589860090305,0.343287389223617,0.579597836196699,0.0411645877751283,0.380661354556627,0.0168475298079543,0.237842117446958,0.679045750752146,0.488443341048098,0.351903995633655,0.345981859581548,0.352866991985538,0.213946073622457,0.402315695642276,0.226901580449805,0.537169291590104,-0.0930208388841268,0.154509158174775,0.353698289608797,0.390304506165899,0.257167953590581,0.381672340760305,0.742574164682408,0.446661758209971,0.378042859056212,0.128660821966602,0.102319985324626,0.418718356376601,0.399359014282009,0.367364320636976,0.558279903852702,0.431860910931838,0.58204636889842,0.389482762547844,0.538413374278825,0.409475884086017,0.311539717459461,0.177805475433181,0.316373436483304,0.529366306637101,0.469757924372917,0.408598223722112,0.515570672891151,0.340370620753673,0.305894778673737,0.616026973598397,0.212251806448306
2100,5,0.499389359541849,0.368973465842658,0.247099992921768,0.392661798713746,0.356952146533814,0.485404958298594,0.214458435803739,0.635529378900347,0.223684403053273,0.38543550170144,0.703661388686802,0.55645212549534,0.264244294240929,0.370348707848203,0.304378003861226,0.366068368127989,0.583823751417287,0.244962262159018,0.568018521925973,0.0319272890531924,0.588678628665272,0.527419356047543,0.387721098680385,0.273005886615952,0.3888827846369,0.679874753481389,0.543152708387309,0.494514461670342,0.102928541625659,0.0854998978772908,0.518998634907733,0.436723527699437,0.437035082370982,0.59273477954753,0.410826178956695,0.45237844371367,0.537361245245096,0.363773925729655,0.455618526526334,0.334034751411959,0.534566113732308,0.329251665133007,0.599606665155703,0.373552161479872,0.363024538519212,0.442475690451599,0.420921942248559,0.35380188612564,0.560748326818288,0.467171380208208
2200,5,0.543177991972279,0.521747669873527,0.539342416114585,0.359406712167721,0.220234282763128,0.354799703031944,0.400301526992779,0.571652275611088,0.476497695323546,0.554651399268262,0.342489796754147,0.366950682137737,0.340158306493561,0.272068782963567,0.317788177917121,0.406722846470752,0.389809970501885,0.236422830625495,0.541254382044037,-0.0591929917043751,0.568650677920417,0.550369353478605,0.41049417692855,0.350107476906238,0.389078768567402,0.558745765216858,0.44101978298814,0.451643331156764,0.196368717217437,0.160811312524315,0.333633270180295,0.36459396944724,0.428070875838872,0.5106267522786,0.356455213643647,0.203696963685363,0.277156624089657,0.54359165385035,0.346527110003972,0.281224691624924,0.541719179909467,0.264069114973505,0.394376997904811,0.315219630174019,0.493260853404978,0.520951969315652,0.0610318947680654,0.395880026826849,0.400778206773383,0.311250964277135
2300,5,0.66856218190605,0.410843510536205,0.400910058283269,0.421595664231094,0.058805838837009,0.313566382588179,0.468812740954173,0.432289442543703,0.449878311735645,0.519236594070007,0.376895117640959,0.33541763943569,0.546887640720174,0.557105891029934,0.397194299765224,0.368649369269803,0.626327168797531,0.384049632564625,0.369706097187017,-0.0765411256104658,0.58853266113829,0.498795768231288,0.530659036896957,0.32708399794338,0.412273505784188,0.521724854919622,0.498623450979086,0.565933708446801,0.225429170184269,0.338972412871681,0.136901397310115,0.418622818748335,0.358667251034736,0.443227770217988,0.467882139819356,0.00131145324259269,0.484308308229412,0.604534504010004,0.392456690763408,0.273636620503565,0.607390276664433,0.585737902559708,0.444505779813375,0.314094006115387,0.421001553086032,0.46167146082721,0.128790464236118,0.411984573450532,0.467047273712592,0.559727890648661
2400,5,0.460579802432211,0.449783736592427,0.258685311861127,0.245071351014953,0.189355056029021,0.231338780092623,0.705236364329298,0.393546284758943,0.492306256062399,0.348722740204606,0.30035329233818,0.384123354707054,0.458214399505955,0.582189090711111,0.350329925525486,0.352683306457617,0.562704069894403,0.461368349410524,0.46813444111731,0.239166525019909,0.585819973661624,0.546021349132402,0.478005708040433,0.265735142098027,0.372244006214405,0.493616049374929,0.454096672279139,0.612505316676583,0.284545496676422,0.581114895266255,0.133726922260818,0.473378483795671,0.326106705890345,0.371181430283945,0.569112007299224,0.149829339897535,0.359255122842991,0.510567402036524,0.413163677522624,0.488273218049369,0.518396643774161,0.416821691339624,0.498140507009994,0.282882450057872,0.43503340818247,0.437716287254626,0.23291316581048,0.369619196779851,0.525698270459176,0.462236679057414
2500,5,0.30740629925988,0.398448567558265,0.144363434661578,0.135861454245165,0.445717599336251,0.31637801876223,0.62847134250217,0.462766549441799,0.1998186289034,0.597672629640499,0.185906266733562,0.317869434890262,0.558307087326294,0.651963728381889,0.411860951148875,0.30665413257186,0.627434995635926,0.477906057454735,0.49588687502735,0.639523466263643,0.456430892303103,0.459743955415067,0.449033750238391,0.266596720350834,0.304481632991173,0.516548460015306,0.487353723170949,0.472673917043448,0.299842743433904,0.656849554626928,0.43491793073275,0.457063476157719,0.348417888824169,0.44088563970456,0.456445763847661,0.395046113277042,0.183408009844293,0.715936425613856,0.429460097669694,0.492572520995443,0.340404742013299,0.371822429473976,0.385437271714437,0.27922317185159,0.451478731424504,0.500421140114814,0.358066610584526,0.361979958330111,0.527617776749727,0.586254678541343
2600,5,0.377397881916714,0.448364758103825,0.199245222668208,0.175122644030778,0.449719196628396,0.228904364303709,0.716743109969933,0.290735262645011,0.124539128673941,0.25615576330846,0.17800049113681,0.294715399466223,0.443805035017038,0.649574011587776,0.334012018463285,0.521780100963057,0.735309215551286,0.414675754825056,0.525143808874996,0.39047660961759,0.298384699226515,0.505362727168658,0.481381668873001,0.437694190733542,0.328048370637907,0.328297304802079,0.389911811828216,0.383324244488634,0.406361273862896,0.634889276402947,0.36717505584214,0.433229461288359,0.472177081214358,0.444567472113154,0.504986813776946,0.202157758544271,0.277083978604191,0.890730323409375,0.518953406877956,0.399324102405001,0.247032552712921,0.437584295390063,0.308795676994054,0.304494613870279,0.466142030506602,0.55148894085316,0.518384515743309,0.517250250910609,0.514740469422807,0.572772859950788
2700,5,0.413346600244125,0.289621944596923,0.346162066904145,0.246707879960283,0.378466872654229,0.345465758432484,0.674999420558674,0.415051193371167,0.137874712807745,0.444516717508356,0.204295924151842,0.286311176638754,0.385519340935121,0.731089494482377,0.409787658627493,0.307493720287047,0.522893499239541,0.355481990217485,0.315457112330926,0.521569225442208,0.434761125180794,0.495902586693343,0.53066263356664,0.613159197116784,0.432486788063478,0.329613472300612,0.384851898483158,0.22663972036334,0.395834701703673,0.687502259581895,0.256817195719869,0.427309913327235,0.369532144399047,0.219645533080486,0.587716529628473,-0.0261410176538214,0.304060988578384,0.74090014412063,0.515912634118089,0.170383102436381,0.31537835409236,0.571538721888469,0.323552269480193,0.141703725984272,0.525244244176674,0.386400852428334,0.26015928184984,0.517170143761338,0.389159654674566,0.51359030161793
2800,5,0.321024061655373,0.34515097396147,0.397618180159765,0.173815733238292,0.389667838576701,0.275949943578143,0.504079871893451,0.525557620244682,0.0518373304685392,0.376027126089469,0.255121368028847,0.215961747743499,0.447794623115395,0.486910510903276,0.372325261650831,0.19737162545483,0.374758958566497,0.352638177420986,0.278254976871333,0.275087113839533,0.481013296354969,0.41128315863561,0.573183929131398,0.572192340885146,0.461104715555684,0.468315788847241,0.345180450877529,0.364138510448448,0.369730939676791,0.581201569416891,0.282551354179813,0.361622434732697,0.315848538775006,0.262128246048988,0.49703365029425,0.0713980957353714,-0.040715999457848,0.290978797245166,0.386661424629566,0.304419002747379,0.500677718480787,0.413770262619403,0.223575194614881,0.235571542520288,0.365238096188017,0.258889530774046,0.370255957456234,0.298866070717478,0.381127796812021,0.469392523118621
2900,5,0.466876850029311,0.379520295511274,0.221089026243334,0.290248049654438,0.664770997241771,0.219286272262609,0.723236209295216,0.422302926790207,-0.33030305423434,0.557262424249535,0.114290872105499,0.297204283946704,0.441350967556522,0.315213283041193,0.274788813750313,0.265702400733027,0.509605260861092,0.397136815343899,0.279046478277742,0.451431248816401,0.53346140570734,0.547108677324619,0.521214942189843,0.508728477164435,0.450590378900299,0.404042670632195,0.412763513466635,0.469390689203373,0.287351264184264,0.607688905114265,0.431101667608025,0.383845386388306,0.355028600546888,0.320769549505986,0.562420366775949,0.340384001760677,-0.159862968183356,0.337186071043647,0.438543496942111,0.440861075121916,0.582742225017549,0.309343933012431,0.145506214586179,0.250245188090706,0.465337731143005,0.378491560965281,0.449368443693696,0.386720563725406,0.429321010053873,0.48360843940873
3000,5,0.630563275860769,0.351761338945736,0.236076907207647,0.405250164534851,0.799404028515111,0.219239205227925,0.588064258304425,0.460872987612919,0.235424558208048,0.615032523741084,0.419953487970413,0.274217617471524,0.603625504106315,0.21932017418281,0.353271554603139,0.285470631643462,0.256001369562271,0.44246318569004,0.477358033112725,0.135653948478797,0.702159087443804,0.457808685509652,0.547053512654859,0.502735817453249,0.491777180787663,0.3817691058565,0.431981659206654,0.678542543972493,0.467988779960753,0.577125837553664,0.403504696807628,0.406147345088836,0.372674504241326,0.275038232362876,0.55511714988473,0.40215780666324,0.0168268641917084,0.600018244460781,0.502987911272257,0.414970943456353,0.634956665040258,0.389132833118669,0.309022686370035,0.20612592121027,0.516603036739982,0.55669946800698,0.48404182448198,0.573536443419073,0.554622329506631,0.3763017367894
3100,5,0.766580229977713,0.461249389613663,0.311733522097156,0.540975688130424,0.71319918284892,0.525576298002054,0.280399141211464,0.53647304612499,0.749826613665134,0.638876913432513,0.294845951603562,0.356662092281443,0.644801909340203,0.362032707652008,0.466837652336935,0.442944229019855,0.260931277342903,0.35290638123231,0.639291772695787,0.0711853584983118,0.883186739749564,0.498313049919339,0.481054625534572,0.602600458897652,0.549104184694279,0.443138008453497,0.503687410457794,0.705879548159301,0.564250898793101,0.464315971328877,0.577706948735877,0.459400295599879,0.489336279860562,0.233618859139435,0.684994083082423,0.450083450963284,0.160809354397422,0.73895421310084,0.500023840844532,0.434594787298613,0.68237909521023,0.577832574717027,0.322045627102852,0.375049791778523,0.442093828952647,0.587341762025232,0.53785366169546,0.555939926822689,0.439887478517697,0.405144986199901
3200,5,0.610214944039551,0.622385109867057,0.381236883802396,0.493027860376005,0.796886044591018,0.414816371829476,0.187858062802635,0.691601876359442,1.03752346292893,0.926133367605321,0.322434800107425,0.348573069498855,0.616865235484069,0.664870063041765,0.436242048725128,0.368608050066075,0.319225913440566,0.463012619301964,0.536252601908108,-0.194439059380471,0.683699905025973,0.571974542532694,0.516684066437602,0.620434703809902,0.500403896441409,0.466925807962525,0.588360194887385,0.594479808811047,0.620982523771673,0.458099792691178,0.410492892354539,0.599083085445078,0.513445129092566,0.273500027765629,0.914361328484928,0.452687642127998,0.293755008645661,0.679365551546095,0.501361697741997,0.427962143321798,0.630297187796358,0.568250135807832,0.329161205446538,0.602832131497165,0.390353900852185,0.604723530103281,0.479883258623574,0.61107359728261,0.418823194274927,0.457287312580438
3300,5,0.584148364440023,0.481885760913256,0.384123224959884,0.623341120490891,0.541311777550564,0.260103079444534,0.344672723298995,0.662146339952381,0.812975703440262,0.699558518196306,0.396003954323487,0.368286702318405,0.569717668976378,0.697584522663824,0.47575140878168,0.264839084556152,0.486493401945725,0.360396716943134,0.781876833285625,0.0851237067984049,0.593407810036991,0.523258424424564,0.574865110228163,0.562928067522508,0.451947274526303,0.324187033156209,0.588116164359022,0.442486298023215,0.745831811927492,0.477022504397862,0.21336934129693,0.556322993286072,0.334865755426728,0.488202564480595,0.929586028226726,0.392262903667152,0.632431709565885,0.627642604980702,0.429654970923779,0.359361956462181,0.601410863666188,0.774434456955007,0.318684880010441,0.579645894958173,0.340641641057602,0.607068324085787,0.57398089227999,0.742014042338954,0.449036569119605,0.573029367178157
3400,5,0.414786492694373,0.556097167644332,0.532361652495095,0.599787570973644,0.494830884913574,0.21684780246845,0.254266724551205,0.665890477622207,0.551294911677946,0.497759490172967,0.451327451091101,0.272638651215443,0.624669025592286,0.665466147713431,0.198544234825245,0.224480252884919,0.277757053235863,0.502818110384995,0.543890582243451,0.527206891103796,0.502201373572909,0.450449868326581,0.558730358347471,0.541616525542463,0.499877702410588,0.324134915075738,0.42492986746976,0.507350545615925,0.458716485883489,0.385057892637329,0.440841633714695,0.564959568997122,0.329548242952522,0.31032790902712,0.84906075148299,0.437258224568597,0.627204265942353,0.933705737777331,0.444556844449026,0.361811242235675,0.829823134888029,0.685890458018748,0.280731474211545,0.546558472590559,0.459254279805927,0.625148086264937,0.416230431127664,0.690971665987344,0.443239262671991,0.657453712672809
3500,5,0.538537874550471,0.68378369659905,0.360381524575991,0.589949700835624,0.576615305742693,0.18038044483981,0.42727598983528,0.645707612628056,0.798688137191401,0.825799731972532,0.599934687486922,0.416181037268349,0.659238908394951,0.681518036188238,0.244486555332095,0.423055107027373,0.358863767289102,0.556705795280948,0.577702416029919,0.459182616351739,0.414922315876049,0.513287808928845,0.611791728860188,0.54360447308622,0.475145242187854,0.551637128828635,0.577447012620724,0.558657119702968,0.463846174761975,0.648441450158371,0.407700369097064,0.612559956305396,0.482622139623675,0.412585594844426,0.935052748604899,0.595513436962908,0.502192922566904,0.788402545841769,0.49464738351953,0.42750539885542,0.718536826089973,0.982854339007806,0.301574894991263,0.616634732204767,0.509963933198805,0.790410494551811,0.67027637415152,0.675332083902605,0.321881701397835,0.667279445766696
3600,5,0.572481520894728,0.663367418722184,0.347425109213188,0.604770848385913,0.438326227453663,0.231111058151241,0.322621467756013,0.645293145784889,1.01600514656603,0.954861784870811,0.659408074079143,0.472839671451086,0.805453059060594,0.92034110762107,0.276128721086391,0.338039404332086,0.602643928676417,0.519783613102303,0.682745753114112,0.691142058631508,0.498523517935956,0.572019568125728,0.611988262920113,0.645119638086325,0.418904526893414,0.562782030911245,0.827945516729526,0.712077771904805,0.596784676740543,0.548615947928982,0.591618605035465,0.689921585117222,0.467957091635111,0.509719926503592,1.04872770805896,0.553548423423863,0.606400270240554,0.75723412151327,0.480717016967942,0.532330918113598,0.942940975666564,0.875910677033289,0.332987810986371,0.662658693286008,0.530529710485198,0.770126047457218,0.64215702983748,0.748183566666353,0.417526414644597,0.684607504847554
3700,5,0.638613587066262,0.722368614506583,0.492202762911773,0.698309140926474,0.391761988756919,0.409510885799764,0.478778177143673,0.737345869282175,0.880616651674822,0.965269332704133,0.917501737376618,0.44996361704854,0.825337335453639,1.04153033910737,0.434575540806265,0.578401171392357,0.795413038359452,0.419327981884905,0.701156777788583,0.955217521535287,0.596973156378106,0.499943407131426,0.659843332192504,0.689951525945929,0.522090672675177,0.420724546132615,0.9742952500886,0.854505500516405,0.450768095263057,0.576236648328649,0.297381053981036,0.633492401444012,0.551815679731615,0.458265139743167,1.06213362980543,0.644859429766173,0.345184351561111,0.853292590897942,0.520015698569725,0.574452226448559,0.916636228150958,1.18090578992482,0.446351034365208,0.624813637489085,0.561429262073445,0.788941855368612,0.783863706584992,0.845274245141924,0.566005797177498,0.748978556209067
3800,5,0.594314015509374,0.743725050759365,0.570500283371087,0.569234583004558,0.689159280566692,0.559989919694184,0.397089679311619,0.604311957572166,0.93867893292579,1.227163306405,1.07694449402543,0.58893306019817,0.818282162663043,0.90000753975933,0.506576065842053,0.619787503384035,0.843580393416936,0.392624370799855,0.702288418617811,1.21174729229426,1.09121314856474,0.544975822894854,0.650846661292098,0.76954621118444,0.492631625132906,0.631180715550577,0.828890840735089,0.579631431163606,0.592305589001541,0.746063262605115,0.445280663354431,0.601770004035634,0.73774546057942,0.586477719932499,0.941987493629646,0.482528902820519,0.562604580419584,0.88587080431734,0.451319078854888,0.536944044638755,0.903510641106333,1.09723453734003,0.624921172736077,0.65124277325386,0.536827572559401,0.6958824012004,0.767033047301742,1.03095805157712,0.569392743279912,0.783265067902631
3900,5,0.691511935476166,0.693692385799735,0.510376152698581,0.50364109305363,0.547187959760394,0.630155164703342,0.601304306598308,0.611534706978606,0.738800029598083,1.35202927404901,1.09617983666848,0.546565809113914,0.872689829663029,0.781323564662277,0.579991747998262,0.576211730502721,0.871918580545031,0.379784323400584,0.72212567760139,1.50975034686711,0.840153125774209,0.659478358918075,0.677099882005076,0.897833104576149,0.57346752295673,0.614507866979304,0.88783729498555,0.661330545106267,0.573847775800022,0.48864399671106,1.02059493082346,0.503948261265833,0.742209696128187,0.560318091579475,0.945787195268247,0.688799457800743,0.635965996537362,0.628471354099807,0.467886088682342,0.558339445393762,0.765715440503503,1.23773105410674,0.537317375861087,0.572889953439986,0.673316296247386,0.57561962346724,0.697869813588771,1.08727262737327,0.665233408738776,0.543671747686342
4000,5,0.728311085654461,0.688729350730409,0.687525270484032,0.572674885748719,0.456979298722362,0.658516540411204,0.617680911289216,0.676814697430728,0.526498733343608,1.42540085653683,1.15789283547188,0.47473455719267,0.853649692884282,0.988061182070969,0.645410126530879,0.48928777312246,0.824302164278328,0.288243113330936,0.784729238911997,1.79728900528803,0.654557865262278,0.664115927903612,0.671278266590421,0.690387098250073,0.47181582616753,0.781975844836323,0.79825628765044,0.625687308706246,0.600616521111495,0.507743499397233,1.01222322822008,0.541140956256178,0.686649678993152,0.55030729843532,0.846641102494743,0.749172014887317,0.948400781427887,0.89606258935176,0.435631643971167,0.665688268047263,0.712650834807945,0.837129268037416,0.638896808646108,0.512884865914069,0.616566836386565,0.580470792321588,0.499576974506445,0.782625921260482,0.63454567410829,0.58900803000324
4100,5,0.690055644108089,0.553339164512911,0.575780688017834,0.757709165706634,0.602416741688668,0.491314979842816,0.624569874769124,0.900465631805795,0.502503080140403,1.20603526452205,1.20814697198998,0.426586643605569,0.620267536126254,1.00464558809663,0.619156129373021,0.578190087605072,0.83173634615171,0.413291740875844,0.846725926662176,1.6924048699998,0.655712843244511,0.597591971290632,0.68619761036704,0.55782267171947,0.400332731190506,0.809358034239992,0.81539462239918,0.746466013625329,0.816541875759867,0.571300185385096,0.952910753511795,0.537405649532574,0.66093792869626,0.521676270146513,0.932891026503718,0.716429153470909,1.07484747241084,1.03554942878382,0.448818483411744,0.526641678498363,0.832992637269869,0.822790051899791,0.616990294248155,0.526366926566617,0.553286021208719,0.650809178631544,0.550785792753946,0.688117373154751,0.680727823975522,0.532112574244541
4200,5,0.790743603327232,0.557189910087229,0.647707669959517,0.864711094397654,0.739424082691945,0.57326503864264,0.858576424054439,0.925514025280762,0.734966229259569,1.31119983602733,1.24198753060505,0.535985836206309,0.65692758651266,0.868221890275849,0.634567468739699,0.735127020745359,0.716656094796762,0.443741877927268,0.702004098447361,1.69468720400175,0.822860953725111,0.507954842374303,0.643918000921521,0.655768577355177,0.437952768725483,0.874980030746177,0.749929327919536,0.841360315664239,0.762054366194722,0.507795947091659,0.964576238258157,0.470286310111398,0.630325963981055,0.546958953806645,0.708004674704527,0.725357468261289,1.09101327185911,0.884913204940651,0.496211200139146,0.465417746769193,0.729153662306071,0.734092873456107,0.619811705111761,0.501752506332693,0.758138117965863,0.726528439295657,0.79364539415445,0.986449066378746,0.658552876922886,0.423900167248563
4300,5,0.745477087507982,0.566186350052343,0.772505622625639,0.751174672166116,0.648377297390013,0.759535973304201,0.936678724754321,0.751992000674235,0.781189231857995,0.814163396419971,1.20129791396404,0.583632969010682,0.722852195071938,0.886671177148817,0.748999647753655,0.733452150470676,0.671042829652963,0.488227102895791,0.909719149122328,1.51983826539694,0.864690948653985,0.496421264731049,0.650245160816282,0.748633828271913,0.377928488184631,0.840217302948115,0.853265054226654,0.645977017870688,0.772738036466118,0.39873298801908,0.923496974699117,0.507300316622893,0.555512615085914,0.419687677960152,0.711596812898948,0.68968586452497,0.926351340346787,0.811458278763235,0.414094906389985,0.325393479052118,0.662869054034616,1.07570560977503,0.578458884511069,0.768329036166745,0.812440731224954,0.730999302555055,0.694806010563544,1.04917696640303,0.600427302427798,0.459210199828507
4400,5,0.757048769985788,0.453483744925609,0.841478372606514,0.748712722651529,0.592611619981104,0.784105104597397,0.605499101715426,0.784892444886251,0.888886478228246,1.0578731852273,1.0983894190961,0.647226643482489,0.674740162974186,0.888098142474989,0.720851166654738,0.809134071059731,0.669810038697567,0.435428742767356,1.12372433597575,1.56462084912665,0.979690562450931,0.579093113704229,0.682962546637536,0.740004744553975,0.570299308753582,1.12793758010061,0.803331579307325,0.73288490353779,0.705473825808171,0.553927780055107,0.6885644871238,0.531745033208312,0.654886574117335,0.421114762477727,0.683976385055492,0.883262051095095,0.935968119245719,0.712071367614276,0.402122785621156,0.499326883062626,0.685309697838696,1.3192984316147,0.755348454171069,0.722718868411366,0.793166653037384,0.702471632752476,0.813812728125181,0.88557692156427,0.51196522606204,0.456235673886714
4500,5,0.724237853445891,0.567423602515741,0.809710841196608,0.714423903167891,0.725540697165543,0.83479534819045,0.708148629776329,0.70555889876787,0.620235436716615,1.50554535173079,1.37637155944727,0.647641225607481,0.56125692850884,1.10779197806439,0.673308490296645,0.892110478433773,0.884085085128273,0.380185509570249,1.20010785255268,1.86184021695452,0.939087451111297,0.725013912329933,0.76843941928191,0.669027851926435,0.585955298014016,1.07073110611996,0.750465560271359,0.828797055145321,0.727225444137151,0.916048886140711,0.664419587813208,0.596550877809743,0.612566475506737,0.483073691740232,0.566113252183438,0.856396069675381,1.1652670383674,0.807332095693683,0.461934583583584,0.764273221412248,0.761271881134843,1.21820295794958,0.653511098265801,0.834721123096873,0.633851953455637,0.740409865300253,0.771231454850913,0.831713695574776,0.509537970352016,0.318063894873987
4600,5,0.794916856916556,0.417571608380061,1.06686997049246,0.734999602453714,0.840650105084435,0.82594141448312,0.782793199314685,0.53481416159609,0.793473327434407,1.20577602056939,1.49371231456757,0.586574773687626,0.472903869340964,1.2162811127548,0.577800320039204,1.03908826673087,0.874714817125324,0.502006766996348,1.32218131669144,1.59832526106448,1.10925665742796,0.695019608743638,0.608422859683717,0.752751830852664,0.563660433553262,1.01696700857334,0.632510371352424,0.815260062327539,0.762032622310446,0.795994008126887,0.727225570080437,0.660075740628757,0.702217862910636,0.446566167706954,0.57688215731662,0.81790989284106,1.243166418597,0.940553376337423,0.510589157989441,0.745801946047169,0.805522424995764,1.38655173111649,0.711862688918294,0.865782347789773,0.57845356349117,0.732145943817639,0.854557455259205,0.740398956009024,0.47511060092249,0.509438977295292
4700,5,0.960447237832205,0.608792766825126,0.988941315169569,0.749916047710519,0.995387856899449,0.973772017940789,0.646227877686183,0.5811099854255,0.823445494774214,1.23364849019782,1.64678088137885,0.565897611731959,0.662851929848369,1.23776980619317,0.638037870271255,1.06622142999437,0.932745703849195,0.484210690018305,1.18462939443181,1.59078184404792,1.21847496073417,0.806263619038245,0.585373148393774,0.827615335520452,0.617859008489378,0.919072797377217,0.495002693541052,0.564410797806598,0.927728501251924,0.864269570783056,0.833446109212939,0.662703964771531,0.673509554609074,0.690524968700039,0.7780070370048,0.998057820389292,1.0147613023937,1.03871991922028,0.607045406800265,0.697889282302747,1.00025863719475,1.3349282550151,0.742028589204975,0.82653994400177,0.530928857790322,0.784214494862666,0.777002058452492,0.686499686187002,0.737639450659994,0.713215731326796
4800,5,0.907470403073912,0.787190754969808,1.15977270093669,0.826305241298856,0.999034175693474,0.982437425934481,0.834979379796728,0.908003431945563,0.88264104250581,1.20482385176074,1.44093843347814,0.582396337259736,0.841639039539647,1.27156309276006,0.517324804938902,0.893233250414829,0.874261602568421,0.575984541586906,1.41477947232108,1.46113617018776,1.07886243378688,0.752455204515126,0.49234766274413,0.859366599952861,0.704777030844662,0.912797277604632,0.790809188476212,0.746396470715064,0.940362681467096,0.766066086366202,0.837677091141943,0.677130583527374,0.7157315505968,0.998203763838951,0.817622009603567,0.924756113897736,1.17556689987268,1.24991666747431,0.662932359950453,0.752334272295535,1.09002335831709,1.1916555377074,0.859289647946068,0.846456151679422,0.566947723541805,0.855716311627983,0.79068339927783,0.794724487506358,0.561702121956524,0.88490375355257
4900,5,0.78521897096457,0.728077244784007,1.11829791576457,0.774860747992916,0.950135571026209,0.857149418354641,0.896091448117136,0.950846598988146,0.787822752857362,1.34036648081476,1.39259230251205,0.586029289962763,0.7495132445879,1.25706207669602,0.625617021569014,0.926671545766191,0.767366097181304,0.638206366036444,0.729085185734963,0.966403707611304,0.922889561247414,0.935345547784098,0.598216663485321,0.834650102578378,0.738301690602819,1.04039680604794,0.903375873916776,0.806173401259006,0.900219588526067,0.910931014161716,0.928711486114887,0.595413157904093,0.636868786811882,0.879406665913836,0.750524550968584,0.697576767812857,1.11967056366448,1.20803594114008,0.746289264099621,0.857186283587006,1.10000558102483,1.23089329668619,0.826578090395673,0.876628777642197,0.668753542150975,0.737585762778727,1.08960542435801,0.917239981455688,0.617116283219284,0.606395064443054
5000,5,0.806929016354929,0.78132093276489,1.03339347963496,0.757959557725751,0.819962569215017,0.801938347339069,1.36215267706323,0.852403340601164,0.890264851700289,1.3043128936626,1.2620616928085,0.58271923779446,0.850697710288622,1.22221555104702,0.598530357103486,0.909238692530173,0.856026905283265,0.749897700648819,0.898958215408757,1.15831065793623,0.802780040188336,0.789746781389124,0.633276225068229,0.772551800601279,0.753066690847146,1.0552491022999,1.14458212836284,1.08770412823236,0.867261199280539,0.826605015112379,1.13640353511942,0.496341968793278,0.641936108584095,0.973337396047941,0.695600438373224,0.740561983480661,1.04098193932722,0.997972360549822,0.691776371451264,0.958792682804853,1.19424521657236,1.28056621463661,0.856420955379797,0.953688724348013,0.869681986304536,0.702242343120047,0.83974421255941,1.18388251298801,0.668469289848285,0.808085749936282
5100,5,0.928929012827624,0.812748854863079,1.12705343870214,0.856572851639688,0.889077304194596,0.779777417779775,0.838309187303497,0.73604806170676,0.795721238075144,1.28162626139728,1.15990631768104,0.714278222585643,0.959284699613667,1.06339657734937,0.779470650433668,0.954919005689406,0.710616862922082,0.836495303035947,1.26320525173213,1.05898550655185,0.94250973697706,0.599752610485141,0.505864629228091,0.792679686318088,0.676066320795346,1.15189244006946,1.10710485406095,1.2698741300251,1.03371500288336,0.771982188574425,1.04069305585548,0.547215551480755,0.610570134394828,0.817257091376561,0.599993261717966,0.582029464393619,1.15300484719578,1.11373909349849,0.651789106733016,0.954380287292251,1.29916208820414,1.47273857830492,0.810147645556112,0.997150353891448,0.963278110262902,0.710269079616386,0.958752336894934,1.04028261470937,0.745741942458656,0.7094060190297
5200,5,0.802761339536498,0.88502718886758,1.0716137588523,0.894740423623011,0.857682874173572,0.875981932644976,0.863116258319302,0.772751835641791,1.02279719845447,1.19936152338162,0.970070235580439,0.851372904198108,1.0974955720225,1.08421691702755,0.841382057091496,0.852021639168289,0.883700030239928,0.805174775990672,1.0663286767498,1.17922642171873,1.08431807215869,0.8139718566237,0.742847204104435,0.797874592261007,0.625987546991021,1.00010793199796,1.21994768364259,1.11731827441685,1.10781606677267,0.855829712220797,1.0101915500835,0.59004060748806,0.727410198806787,0.839708306632755,0.661085287448972,0.63524744108301,1.18120728098538,1.21374063761568,0.674802652745356,1.0471093547419,1.35908164274052,1.20089712161508,0.95644167149448,1.0161393214617,0.970331313747937,0.855893315570643,1.15816527532225,1.07692537871384,0.720528619872284,0.668951123999207
5300,5,0.829308618310479,0.997941028117978,1.02235267202588,1.01261188651481,0.836520241412342,0.909125918638961,1.22329726384084,0.563548353579261,1.40309672044141,1.48604917024424,1.05404204643981,0.804133445893447,1.14336636374202,0.887885587043541,0.817416709280145,1.0635060823827,0.97789152439175,0.950876251211763,0.978558954456256,1.99001809581888,1.10137813461805,0.741268576106374,0.80195776877222,0.864299378986677,0.672256145872,0.902629393846058,1.33664994848628,1.07873036817478,1.27544467988393,0.845862480833813,1.37434632652483,0.691702080879043,0.710670780920216,1.03753315578016,0.685018138280557,0.672780151698619,1.10915756482649,1.11122145805264,0.656227963706367,0.831388621597459,1.10713175533949,1.12095879817484,0.919537059638598,1.01383691680659,1.1098612608744,0.979506718696628,1.24091576957281,1.30099787033867,0.666851949847589,0.876037094935255
5400,5,1.02278607063712,0.970849063388781,1.04090138297505,1.12056451164244,0.76846441513441,1.07343321516868,1.24581574157167,0.696589267611725,1.45987087345601,1.29209722382415,1.21312108916161,0.824856589570396,1.11790044526608,0.949823183198993,0.854085939738211,0.928957251684547,1.10750021503705,0.94480531992019,1.12572352926495,2.13544419120042,1.34180258072597,0.797331006485295,0.6937230987606,0.985239573466595,0.741659592201037,0.924761576420521,1.24467184221891,1.15147376759307,1.16542614385553,0.962585691213989,1.18093330620001,0.730800508244877,0.758143880668598,0.984271386946337,0.862721874419951,0.843527097149509,1.2910548596406,1.34323883343097,0.63983519553678,0.815780742063826,1.29908266433457,0.824219344912029,0.861109248795364,0.955161436807805,0.919076962786393,0.9092871818641,1.18270213571175,1.47192357089497,0.839179845906561,0.869685423990035
5500,5,1.00516490660887,0.892918355862171,1.06117671842534,1.15628534790548,0.777093000544118,0.971424937330773,1.34975136033421,0.921344884009683,1.37559965211521,1.42137673041958,1.15484616759355,0.876649328385394,0.879091382471889,1.02236962063375,0.806599361593265,1.09049577923307,1.12592340557303,0.772856328241947,1.12713934835482,1.95433924079795,1.34806695391363,1.08245655392479,0.753582655889841,0.979049002330276,0.770258324778129,0.811086210262503,1.27828964133904,1.16937346249208,0.977023974056647,0.828863737946777,1.18187861021966,0.668049682107002,0.788560419350067,1.0379454596624,0.86472748981827,0.72128285342359,1.27243470009777,1.40847356266024,0.566097870676519,0.919938439877693,1.30473216456018,0.74488564151823,0.874901587674233,1.00204318489216,1.0354219863677,0.916331630809095,0.986790843912297,1.2805795204665,0.775276519516336,0.856468222194676
5600,5,0.919804634966694,0.920671131710655,1.16805477797183,1.12594432135862,0.732136742756514,1.04224663006733,1.32373541067887,0.872438020007821,1.66665074012799,1.18392125015538,1.20284790519316,0.983341446395616,0.82612561509581,1.11902613995466,0.770519872608642,1.05105988017742,0.861418015239769,0.776245612213811,1.03926844457256,1.80645976652946,1.54290692093152,1.07172001817834,0.866031628013323,0.843995838418853,0.75853732739467,0.744698564518478,1.34661344109318,1.19968329694187,1.11553942993271,0.89832446844329,1.256289722031,0.727113401347798,0.856787063323349,0.981823058223547,0.766280287290279,0.819442906092549,1.26257367141301,1.39880705948276,0.540307375812004,0.992306337164053,1.24396807455745,0.54603884493252,0.960306684528019,0.935070444810377,1.11311684310583,0.820792124239644,1.05031995785731,1.33064530397483,0.673214984377296,0.921407545082746
5700,5,1.02128066965456,0.891219889112995,1.13973568132883,1.0525136843078,0.584766955643796,1.1824746651384,1.32959836089335,0.919230959561318,1.61068699928454,1.14699316057903,1.0800591911377,1.08200453034584,0.74944348594455,0.983571417604857,0.730547199662918,0.905785328520367,0.877305699133051,0.892107288356969,0.504441204772838,1.61043764711704,1.52385119423449,1.0107813385885,0.989158706931209,0.903623389569116,0.776993619386747,0.837252790236968,1.20887895995761,1.22624507386207,1.052792059889,0.991111336459951,1.11985990859901,0.681548046678248,0.80948353367476,0.880532760644075,0.89194596330561,1.06134079294123,1.11701282186141,1.32262767116946,0.546033498425577,0.771701081821572,1.05159119605684,0.324834280314769,0.763539773033135,0.881428684478964,1.09960187732158,0.917514066760978,1.0699837259591,1.31844642049778,0.838527331875714,0.903794557013356
5800,5,1.14435623247987,0.830835193653936,1.22185259903915,1.02284727913244,0.798027248401728,1.19867747555637,0.993752957951377,1.14350601061013,1.58287984408702,0.898489260475905,1.20551942127401,1.00626580872058,0.933588690411119,1.0134382693,0.99646513172306,0.992344058291518,0.883652124862251,0.928214413269001,0.743887767266495,1.24378287922244,1.28360465979067,0.923747144618576,0.887334450656078,1.05320559520504,0.851996513315559,0.674014265819359,1.48934121903633,1.19022865566756,1.02818089947643,1.06677355090052,1.12068994407972,0.721905642822405,0.918042258757764,0.831424613556612,1.14599453157483,0.994411661566464,1.23660636873369,1.5667594879081,0.60108441891328,0.796841631679348,1.01770233150061,0.425335090266421,0.903053913082021,0.808996525270222,1.0785050264484,0.829017565887286,0.898861371075221,1.22338241647874,0.927747093201611,0.8166543139927
5900,5,1.04946667922049,0.854874632335788,1.08470953939553,0.982866734062466,0.96374294223619,0.998948087779649,0.85444021288787,1.05868288297878,1.59190032467281,1.33430330091022,1.10347459859566,0.98221093850026,1.08838272304164,1.05888015863165,1.23680983027484,0.993281424734231,1.2548622524644,0.821899450849082,0.871876300693753,1.32450577097755,1.17957501013576,0.895834915756428,0.897565327502635,1.1514687784795,0.866758902955181,0.633418516438195,1.55699478740059,1.1880964530911,1.04570889074438,1.01704213202048,1.07185755860966,0.675095882293566,0.930107349142229,0.822600844040161,0.920221586262477,0.840534550420163,1.21912323595286,1.38604314117264,0.576979347729704,0.777804110962664,1.1153633099141,0.795480799462767,0.849249297227115,0.80402008579978,1.06875507682781,0.76556613166571,0.825697160509556,1.31871903235076,1.07671363679071,0.790292732273133
6000,5,0.879372222245428,0.819013027493912,1.08330616203303,1.02274775268742,0.86952791074914,0.990458225573759,0.781573311659239,0.841540041262275,1.64466751248074,1.19164177848436,1.3129918257676,0.970839031044144,1.07459852781751,1.13323407211593,0.971517115303093,1.11377665569206,1.26659484954742,0.713471426167653,0.718942370585366,1.20405759307949,1.05064664198202,0.833524935462452,0.855483787188879,1.18164814499845,0.801369098106585,0.745797224700552,1.34062387017843,1.20332284437255,0.848127493490125,0.962926056718044,1.16915151722245,0.692849065421429,0.92849726880384,0.767745587862512,0.829559782675847,0.943289461014903,1.02437083488831,1.49938171447288,0.624842286587866,0.955962461742607,1.16080022524807,1.0838561923042,0.984004795946028,0.787550276582856,0.858595900753422,0.784660578540415,1.05582150173249,1.35513185067822,0.955970891243377,0.810676700456583
6100,5,0.861013923368301,0.832163913080741,1.34656140139391,1.02610773620918,1.12479947376402,1.14172162425526,0.769097055640599,1.09720140211857,1.65044029808933,1.15309544521215,1.27031541116681,0.859406924364462,0.991251278236161,1.06874168882374,0.838417511820367,1.19916330664204,1.28814761514796,0.693117298922607,0.766809151745634,1.16029777881716,0.99435233560257,0.93066687136937,0.773553779076656,1.05402864364916,0.839046280346828,0.807929338720461,1.47582307051992,1.17350998285453,0.966682123831991,0.840285142074767,1.39304547767643,0.693308201817175,0.810657741390207,0.913033026938908,0.844303755255595,1.0840240088967,1.20420691196803,1.7011135228787,0.679943064046127,0.953846443723677,1.05285067686716,1.16728054612526,0.88322444701886,0.890679983809575,0.872271469373645,0.751528802912928,1.27565405720277,1.23729658261322,0.928389150104828,1.06383663580523
6200,5,0.688506601743395,0.883874061526954,1.18283276380073,0.864642230526122,0.992974263559504,1.06332104517565,1.12193281381655,1.24014419571898,1.44197871408683,1.39184324934641,1.35054696349358,0.8261966941958,1.1070861741139,1.23233897159029,1.02123689576304,1.29825412634199,1.34100570947708,0.778339687844622,0.979007977557019,1.07103592465188,1.0013262872672,0.83837120478397,0.819605226785654,0.945272986951975,0.915308536912188,0.701852128935721,1.39598090858934,1.14075543876027,0.877552627043352,0.64966653287287,1.31959163755954,0.719964445776851,0.872777673235464,0.850951590302352,0.888710335555031,0.927593392282518,1.10084932384828,1.24681188600882,0.669704946427117,1.05633179024138,1.14073272972011,1.20731649143265,0.737750818751975,0.675902870049748,0.817410330037296,0.77937704299873,1.05208128316844,1.14572931012402,0.999030148720003,1.06619163596926
6300,5,0.790753111257502,0.815791368348937,1.01625484708194,0.853723840831079,1.07488360785524,1.08754113968288,1.24961675110622,1.25678119813587,1.43581982724639,1.38820549796578,1.27598201313883,0.792333142568211,0.963102533983971,1.05456044955359,1.00233276126974,1.16746161341426,1.41195119500428,1.03995484241676,0.961060936370482,1.19858992594826,0.892772769369877,0.712121714709312,0.832504444859474,0.878935565653841,0.849811726395712,0.8548493286566,1.23788612695349,1.34781066909895,1.0105589696477,0.582475500434338,1.19662998407785,0.733616450919415,0.790085011838035,0.891792780392936,0.901577838048214,0.88740903214637,1.06160830218548,1.25873128394487,0.661290744604752,1.082252941736,0.936400664277664,1.2417157980644,0.724073772387828,0.785012509644573,0.79024622914398,0.727609122122892,1.24253301299811,1.2065205626404,0.94024387269764,1.03897007400389
6400,5,0.884965928119963,0.948401927286621,1.14459209147005,0.972790639903272,1.13006562953698,1.21987466184175,1.36706934484463,1.2839811712593,1.46432410209597,1.36041558047089,1.14372425553996,0.79756242409694,1.00632965585459,1.16565885921108,1.10085849636775,1.13414964385543,1.37631670891107,0.926791093519617,1.28473941236007,1.46355392161675,0.914604541024128,0.850463984532602,0.858144632164246,0.841193425113531,0.776169168532464,0.961316131987801,1.2744894632027,1.29931718769781,0.866395687912656,0.613675215961673,1.33705759314739,0.783866621077594,0.899131928648411,0.870520441668207,0.986018064005908,0.897783846516448,1.00279557707282,1.30761369451168,0.665366709851484,1.19473737187426,0.914593971144643,1.34862837376895,0.692247581365847,0.925619933217151,0.782722555469072,0.750277285198533,1.25009605139304,1.26949175429878,0.829063321811932,0.952511219072238
6500,5,0.849101758357996,0.7951406140705,1.34953929165825,1.01096371012554,1.02146789668828,1.00820175693362,1.3797193340067,1.24679310038352,1.55811587790421,1.3688823899324,1.26638732732548,0.718921529100499,1.26473080983936,1.1247837300533,0.964141195238409,1.00071912683096,1.06135399385764,0.846729113110146,1.09370853385055,1.36891808184857,0.892513601953662,0.860619518661766,0.844824418080247,1.00612967806206,0.814129908231747,0.749678435756328,1.21727960415351,1.00655489128733,0.780276747822618,0.755661659531808,1.64931558866752,0.8282870745182,0.86844392077094,0.931156867159355,1.07003793189162,0.974155517897908,0.886811332516786,1.39995072609642,0.651073683877931,1.31614249320723,1.0961208598679,1.26346375373732,0.674401094570815,0.786769825634673,1.03673748644734,0.820404946496818,1.24325470262296,1.18028908813052,0.903169905793012,0.943730111758231
6600,5,0.840155068442547,0.797774858007347,1.33780353834223,0.88631811371526,1.12096019285765,0.95193615848626,1.30211097878718,1.43731640778885,1.46480836959221,1.42885499103814,1.19332293894673,0.714030446775356,1.19736199042065,1.00975181994289,0.979530599444722,1.28718625311814,0.78871165554722,0.662702796557074,1.28007654521959,1.51438373587221,0.990128499584981,0.982057702847467,0.738220926851113,0.868961878147033,0.7637074542134,0.844181290280057,1.40161222813979,1.05244893013167,1.01160128588334,0.961637073400376,1.58576094828467,0.935936405215551,0.719238120811371,0.907409973389375,0.881734884541577,0.830662504040097,0.926854479154715,1.16037217475756,0.666354521053635,1.2305242919256,1.31283102227018,1.29348040943842,0.578318401365802,0.845211837936568,1.0482905288096,0.987201866080337,1.1178321146209,1.13412220809791,1.01873949202295,0.999599496682982
6700,5,0.911122766099913,0.735508990855621,1.32172370976651,0.796505110767627,0.949633286348039,0.911986421142126,1.65592958175986,1.11962164791587,1.49696460377923,1.14050571580944,1.01251551895466,0.74515049849704,0.946168206485672,1.10523276148743,0.931234494343102,0.978810172278092,0.746597463787674,0.600047736997426,1.09952131760865,1.60184400758679,1.07999299535498,0.874081086505897,0.797193840740475,0.858924463566067,0.729262623044577,0.786340754488844,1.20185695408722,0.88915242583842,1.08456397164262,0.96888293331516,1.51613358451134,0.82563068961577,0.71241196934062,1.06762346671111,0.7852723949814,0.949874008515134,1.23650544321677,0.874845151425663,0.659229606956027,1.06270694872702,1.05014699205485,1.97385818981358,0.71832597975883,0.896662829127256,0.935181520096485,0.948084997221286,1.22595093918949,0.927252046232703,0.945262570789266,1.06658810512372
6800,5,0.828109079612257,0.850986383739309,1.04164502498111,0.928684412422715,0.946536171343982,0.770805589453451,1.79778062007555,1.12112801446482,1.48318624079911,1.08098343000737,1.31494694908826,0.699386178142275,0.911575383541769,0.962530448544421,0.876227077646097,0.982136791970362,1.03128320757882,0.672260207622223,0.985611104656082,1.46283658171387,1.13616036209749,0.709162332084745,0.809009118598356,0.96628633046642,0.681551667674204,0.813941845214429,1.04892697900622,0.768797937411124,1.06156207441539,0.938400701127829,1.20178835311015,0.62998254251146,0.636731685777972,1.14905070153626,0.711093117952824,0.956491526636994,1.27059232301604,0.948384778997775,0.740091381857551,1.09399241136591,0.970841242677746,2.03769641308475,0.651827646560616,0.823371019439106,1.00543925566799,0.921202525561433,1.00378255837433,1.36316307521345,1.06784104437004,1.23943114096668
6900,5,0.813617588442005,0.787457310331346,1.06958822044966,0.9869045704854,1.08051388180508,0.838480668664104,1.49928740759995,0.891841062791158,1.39427687863827,1.00030440105621,1.53416824611167,0.72259063339397,1.11584469951025,0.836156358982345,1.02975119622762,0.850654605380637,1.07623319658151,0.924847096992242,0.885892797461826,1.27305000668213,1.33482601946722,0.696458922618724,0.808460418813225,0.95590637522702,0.631734219411399,0.842905224672385,1.20350604347888,0.848376758034898,0.949084709685447,1.04496030117258,0.960887064788127,0.442906837845722,0.580751020843939,0.942899473937173,0.778679894055381,1.08589840938523,1.23660498456272,0.916717725852294,0.803691038547209,1.02151410815109,1.00206130588552,1.73181944568754,0.841310759948469,0.883847925402083,0.812882848057661,0.852305158524354,0.950505879648501,1.26844043014109,1.01736138870425,1.19616373806091
7000,5,0.958455677416778,0.827495009201555,1.0116628306536,0.947788139177368,0.934670267044644,0.905355247948919,1.48188552492942,0.907244568433268,1.36895925507732,1.28803797380739,1.52537672218119,0.87248864777039,1.13505999673663,0.963556005607684,1.14365455631874,0.736612376241416,1.24710322666246,0.970471433856753,0.8633771529791,1.30216130759181,1.43681834536628,0.732430750221322,0.86211337424216,1.04794564472383,0.656903599287233,0.721233554074918,1.26121203979559,0.814911879002332,0.842641295931832,0.937914540027773,0.804872976764453,0.542885667454319,0.616569847308679,0.961141379512044,0.608690856334216,1.0918924718436,1.35508062828249,0.899189708638506,0.710609471784972,0.982945853365713,1.11716632543931,1.3996329499665,1.09301153798313,0.899178378862353,0.860384875911568,0.921061756049653,0.952998330220902,0.989248530109869,1.35308930976968,1.20327170008588
7100,5,1.08119526814164,0.923490897300033,1.13556995755312,0.989649463425561,0.901832913315558,1.00998867631957,1.53718535530765,0.91386702271321,1.89551198059361,1.45521293169647,1.49816210430207,0.788047577903648,1.06730700933086,0.972967299833864,1.33507010778284,0.71871109051624,1.40260345432341,0.953228971475022,0.609481952330472,1.4253196008246,1.43618170708955,0.910368532419987,0.870388976327606,1.01422251167095,0.651330273798935,0.685537199387362,1.39453989454726,1.01570568550966,0.891965289026856,0.950958914002767,0.69864959823944,0.626324860560092,0.673465429593981,0.93221742179394,0.933915742343153,0.855269314026806,1.56499732711904,0.913185033272672,0.740452300959763,0.983766925292876,1.07421588957519,1.48145013667493,0.96425829643628,0.825901150914003,0.796057384438613,0.944529562304814,0.945166854124169,0.798997342540199,1.16157299500304,1.21721557029348
7200,5,0.979353255875708,0.86299945106656,1.39362956409097,1.14227768304541,0.781483955071151,0.917009692359393,1.68372994727022,0.870650712834061,1.81841598225545,1.53869110679935,1.49058957355972,0.841622945919252,1.23601933027565,1.11670097595099,1.37211334603953,0.841167278621958,1.28282283984664,1.00540719890214,0.680605100115815,1.24639923820481,1.28277483043085,0.838323145240679,0.931235317556969,0.870035488662943,0.716349659018491,0.701243372942762,1.17494527258581,1.0076968587988,0.87530599235017,1.00258288167479,0.750967359950755,0.554984106005994,0.660191384166145,1.06620689424762,1.01109978214053,0.873442791039888,1.28522029103432,1.29518597526993,0.611330383454945,0.97005660291169,1.28498373262053,1.45760478864806,0.998775645065941,0.73040079941962,0.850702089363369,0.945402003061467,1.18240845639852,0.843274820850998,1.12089865300264,1.26445817951084
7300,5,0.786804093862481,0.813612935840783,1.30028906167853,0.946868420813129,1.00201280098074,1.1556924318996,1.57905046567193,0.998252037236727,1.9826289591962,1.36621796792734,1.75012123795486,0.823139296859281,1.29211950764247,0.953420886164664,1.33745496845996,0.794134214784399,1.0890083196008,0.942549622924605,0.549439619426874,1.33599168994757,1.24831356800228,0.85189788764951,0.85387727538968,0.875102194034445,0.623130746432408,0.676775865202738,1.17950116799423,1.13026575720925,0.707043067366465,1.12162977532562,0.951479546739743,0.568091835920904,0.624696435486154,1.22558644082176,0.950429965071315,0.838334455379668,1.11674403400799,1.35772618221828,0.558047157418817,0.920142019386074,0.950747416150806,1.13958959657416,1.01728021292421,0.725069390803614,0.86976775996587,0.822833799494777,1.24582847271334,0.929664889664846,1.1414665794784,1.38207029040217
7400,5,0.798638951734322,0.87109019038156,1.21695783462763,0.998990812161399,0.798530305782132,1.0412582145126,1.35931489199264,1.09161027086078,2.27448215048106,1.48500985262639,1.33553275060853,0.817604323463368,1.28315309309507,1.05621862024996,1.3360666610807,0.964867057951433,1.07668860548708,1.00516532638162,0.704327404335086,1.16092631007851,1.35644311367297,1.01033134327999,0.923817489331936,1.01660661827003,0.629400156699406,0.593125338562867,1.25193910651695,1.18965788357948,0.949400942669785,1.09158038426895,0.80247535910126,0.638156614487275,0.642052851818922,1.28125483686108,0.933843152467432,0.891195217729066,1.09141286214294,1.40884737270862,0.580580307752864,0.933428029752854,0.826880114027036,1.15912371744369,0.902550699787589,0.754758465813943,0.864903262215366,0.975688718040923,1.3365652604841,0.950852753294718,1.12250903471608,1.24551554604647
7500,5,0.79238453043004,0.708551830416495,1.22670731835826,1.06759173830838,1.00087067797709,0.909161716346927,1.35045382250266,1.00532982926306,2.25705313033154,1.73771017071666,1.18767009242127,0.786841140019539,1.11363870229776,0.870190405067703,1.34278652801313,0.86251287866312,1.1667061184307,1.18037450615155,0.785905925532358,1.30827479603983,1.18117819123647,1.05797167180014,1.0358628272896,1.06017262432468,0.688206313219532,0.565371585738949,1.15007757005038,1.21680498970834,0.910750825436045,0.994990733438924,0.723434660922634,0.688721372843892,0.798390443637854,1.2635123204011,0.818496510067369,1.04701699326366,1.2410200013998,1.36601904281467,0.68730325244594,0.944891854677156,0.949589033439631,1.28592136329734,0.75836843908829,0.801068556724782,0.65788738891563,0.856530151245674,1.32561904469295,0.775939859138515,1.18211909508482,1.17901107637063
7600,5,0.727581043863166,0.666658407759227,1.36567033680651,0.946673896990018,0.955123453335948,1.11985471612833,1.61439251447366,0.988878557169975,2.0954124600568,1.4924764667257,1.19538810220017,0.773624019497061,0.897699517519678,0.829683067674587,1.44021433147691,0.85829274510952,1.00776704238173,1.03745357102514,1.05458814481827,1.49703017355544,1.30451969079504,0.953243594031318,1.09439117626355,1.30861653614904,0.664984208534446,0.886125565979196,1.42502987767567,1.00048834905473,0.827380557366749,0.869843077174624,0.799433604024328,0.670571772360387,0.678898254432039,0.88964358425296,0.767447174425975,1.11373822491376,1.17223102845882,1.44331653886772,0.720975597979158,1.03571895500629,1.13311700563653,1.24315508742614,0.760046194817495,0.825698936595692,0.909764043579753,0.795149937824893,1.22897109671608,1.02533594058601,0.815636967648584,1.19924909345296
7700,5,0.989161244554635,0.63980919643511,1.32846922117856,0.890996913716824,0.945856438398636,0.974751992317684,1.60639729174668,0.915946056783196,1.65191218256762,1.56030847563481,1.18322452731242,0.784217515434792,0.902007231142438,0.808668976385382,1.27341455418627,1.01311630682457,1.04997196703947,1.2069572627904,1.02722810996114,1.35194503660937,1.08239958968195,0.687257684561173,0.941107466432396,1.31347434256407,0.706656947238873,0.99180555208785,1.54299994759388,1.26646534040055,0.802988462460538,0.995018809120878,0.738179829448971,0.731190566948733,0.624991438367805,0.869987858138559,0.880064680839228,1.04214035879887,1.19035462815257,1.19944409279365,0.697928041173573,1.01780804866497,0.967256480137562,0.933329853592601,0.759928898392315,0.763715092143445,0.894413160530736,0.858839220206874,1.08419706286639,0.8134336451618,0.891550064761182,1.26650382636525
7800,5,0.904096120525468,0.670653470449595,1.24587057988238,0.753070089681866,1.08465581766611,0.952134337053542,1.40946434653583,0.997892616551547,1.49190457676133,1.65261968666677,1.17685462439325,0.754159852467762,0.848813123028016,0.88235785640383,1.19750727406488,1.11861730693306,0.957132895179131,1.19651148677043,0.912531469949346,1.34678030942971,1.18923293988332,0.793646299494273,0.880852697202249,0.999428907969478,0.655687945072347,1.05924154509895,1.18164183596585,1.0430388057086,0.838975441246779,1.2283803779707,1.08222572008292,0.73287922480554,0.662433099656988,0.916384658057012,0.781840173291767,1.1513486495051,0.895625616886482,1.43653585825022,0.736466393389532,0.931717548025055,0.93527234669449,0.936080185752224,0.787625282272073,0.884458130629012,0.853266398253469,0.727096712004911,1.22542087568504,1.09608676629405,1.07391688903003,1.07995909334273
7900,5,0.83674277967578,0.614646704713021,1.02108093477759,0.751310699277546,1.16068202279743,0.749006055628938,1.26235578034099,1.14353411587754,1.61657483460334,1.38774620698519,1.1589557764487,0.676179255741323,0.657122728439541,0.73215632643922,0.970133949224806,0.879274159097909,0.603373558213863,1.08342541656823,1.11167080733064,1.42046836653449,1.20892341101447,0.802971166145178,0.762307643855139,0.964656872508153,0.606974944048987,1.03206609260699,1.16878510587585,0.898969928234299,0.633977340031094,0.992399679744125,1.16501168367681,0.712303051592541,0.58777752799086,1.09508855043191,0.761185361317036,1.20020948168741,0.859759618181905,1.50895190369737,0.729638165668823,0.953181901732752,1.01921796618516,1.14504008139943,0.994254002862301,0.997248272692428,0.637696362917347,0.677978630965147,1.35723031141772,1.05949225902734,0.913125226069779,0.885875625985398
8000,5,0.64161753822639,0.740783335799586,1.08154178803752,0.868852795035745,1.00371071376783,0.498585226209077,1.30635482537623,1.1646322303849,1.36794829912087,1.30799691706578,1.21523699421041,0.658916479679351,0.838879765919299,0.932583460147148,1.12553527076067,1.04115034540792,0.466163285975008,1.13648447060718,0.988969808750688,1.54912537667102,1.00464640253591,0.84205258063129,0.780880118272539,0.941147096853785,0.655026986856654,0.898059716781983,1.19172752525814,1.11409282102166,0.522725882643854,1.03249185699859,0.924252674164034,0.635139012375849,0.582988342434461,0.896854361662253,0.777546025938992,1.09871904213918,1.10821926564091,1.35062350345199,0.753923613959198,0.771230502962516,1.02516052603743,0.983927774231216,1.05351420068441,0.920252896496603,0.585389722460519,0.58681442559323,1.0355528666863,0.880127710169617,0.952105678295848,0.947393390145896
8100,5,0.717612625011625,0.626070734426233,1.15327807324137,0.912421339892115,0.959249019956633,0.808937620401536,1.53837284182332,1.03937013074762,0.922356660086563,1.11682809719819,1.1460444611298,0.449241865934837,0.700414693868291,0.936630243526786,1.01767891418408,1.20113632145577,0.649824228428299,1.05620890888294,0.95452497139559,1.53247989444895,1.18958752698819,0.679305328038965,0.663165884747153,0.879018669339636,0.608928687307634,0.866919996397909,1.05058459402285,1.02437062825141,0.65826052004618,1.02225149963607,0.984945192863177,0.431537210406456,0.612178622965029,0.622323135481538,0.848594765599077,0.97874486413459,1.13513275241897,1.36705898535385,0.707782528561271,0.564065203607976,0.884963863026021,1.1312083036614,0.83395738221856,0.870634098232641,0.709311972091523,0.543653169784612,1.16416828708495,0.747798627282875,0.770550331108241,0.905148156172954
8200,5,0.878244456566833,0.560512512342442,1.11523986990264,0.850148751616082,0.946814179923138,0.743881223212944,1.30732687349947,0.818862625639918,0.713612092572215,0.99105358179367,1.10067918803914,0.424135718479406,0.709620073404437,0.6535349027525,0.918597827002602,0.834372422782846,0.541692515294771,1.11655237180621,1.10673851312139,1.30322394343676,1.22191684212547,0.692044190005219,0.694950925049321,0.679078346679691,0.544926720387843,0.754066675482178,0.956206168114913,0.993334298698595,0.861582450275442,0.858868264188143,0.994160784253541,0.593505824496091,0.572809808688019,0.777470816991251,0.87742821333177,0.883797951148365,1.13731210249779,1.24800634613874,0.70095455956833,0.656940899285908,0.746743016861319,1.01962888958593,0.852618933630567,0.804268673996002,0.711567618519696,0.468747669437563,1.22560556343318,0.893828789214787,0.692476736989558,0.888502180663476
8300,5,0.848548109160403,0.572132240302658,0.878011358467968,0.839590346648139,0.978513100830799,0.752064748053563,1.04771305419738,0.805724066557096,1.00387880965772,0.781231425764746,1.41795270534576,0.415035107855347,0.707277678673365,0.5058118280135,0.870287507886472,0.976205327774747,0.407484890984956,0.929390032577323,1.16539636909872,1.15060161852393,1.11494888497761,0.743855216191933,0.775308802242591,0.797110211816851,0.505165761068831,0.480231762322458,0.764765562066433,0.944555317669543,0.8584356455588,0.790195137832632,1.19826266209575,0.53788745227232,0.573820500124583,0.895731961526289,0.886097056460813,0.857596093214366,0.982616727482743,0.959811652494377,0.629184835469747,0.734840236796071,0.757063786342371,1.15802587516028,0.877858204905561,0.914667718000568,0.734765026941192,0.470211177558031,1.10017062794769,1.11513524604082,0.762525587006687,0.878754659350961
8400,5,0.687149257023808,0.517691237794189,0.50839389512549,0.739443941490352,0.938121702118048,0.669850125288613,0.85244835788603,0.363594529804579,1.10961214115784,0.810021586414128,1.18217912250877,0.415754384514507,0.695890166955483,0.516760585801582,0.898850610551778,1.02334631092042,0.471457557089122,0.805596932865618,1.01964711887605,1.43250507925861,1.09350394426155,0.63898140645303,0.634015168287756,0.775937104580912,0.469214197928193,0.426251884551239,1.00045499577387,0.812019369252929,0.669079603834153,0.91895404681566,1.19603420692757,0.686993791601886,0.534705387914024,0.81318960063395,0.699390845095057,0.967472830191573,1.02782846736163,0.99291922785108,0.610039520601979,0.777922451210039,0.845793238993173,1.17846820481132,0.74293962213267,0.584509644889098,0.7877212021326,0.491661791671914,1.19884322410084,0.771917028630509,0.882199833525401,0.893269180712341
8500,5,0.772424253682712,0.443184159387603,0.526639194727625,0.710659526068505,0.884983601232551,0.494721412317007,0.725857802295591,0.430016802302607,1.13484308973505,1.0565781361219,0.977519385105527,0.427692398595821,0.744654032189039,0.591478831918284,0.690684583672303,0.896053576265184,0.485832164418644,0.741824027961558,1.09947424986784,0.961532393862432,0.897858137102987,0.61696383750538,0.552153852726643,0.718984822205315,0.576880733573551,0.366944593998252,0.801798797643469,0.584986741898859,0.659170585667267,0.784922003630312,1.23102275145891,0.66148530571363,0.532096443871152,0.542253266272014,0.782214925734356,0.80859324151693,1.32983105748252,0.717886875543138,0.594606802304385,0.854643654552145,0.718197096262388,1.08724101068925,0.642108558297284,0.695634692600942,0.648576910089513,0.368539999762893,0.915316354642586,0.724734296038354,0.77215800227915,1.03011513316292
8600,5,0.708640205619442,0.351537554120262,0.613918726580579,0.588991829881075,0.864962854891088,0.656734623642553,0.57511055546147,0.37429989730601,1.08700296631457,0.896373816992838,0.758385071687131,0.43104522789716,0.557690666044072,0.750785555210246,0.640115832581311,0.844346723957749,0.547493738608698,0.707319866815488,1.13536009869133,0.83757183050462,0.85538368021803,0.627798598222675,0.64342178491323,0.348248285012871,0.634037359298547,0.399050768081004,0.671684059924126,0.387727053860046,0.682738925645643,0.649294571288574,1.1384179813688,0.507397107735545,0.506903882896408,0.388329998720629,0.663627862026946,1.13124822023741,0.868710054146478,0.634576430114365,0.487213302863886,0.75346261392681,0.723161968153495,0.759443299780102,0.611726350337767,0.71394396940833,0.940282085922118,0.273428094209018,0.860677471396273,0.683830382625028,0.486218660683207,0.72566228487173
8700,5,0.613334162726096,0.385463040463066,0.453404538866815,0.56155453787491,0.752387726304848,0.543378148964272,0.819389119078723,0.44478011012815,1.02240640045401,0.548920477120238,0.627145196410339,0.390693988526546,0.768694200899979,0.588364638360082,0.3224972002918,0.643997213813149,0.617280599588814,0.866102449909907,0.967788791208985,0.669957110663341,0.77611165000662,0.655241348679441,0.573100024392625,0.341007650101596,0.410529917748478,0.441785552400208,0.503403559191159,0.32750235883759,0.652380606959546,0.576099793916065,0.746012422600855,0.461914043718109,0.488578720375703,0.364700159799721,0.650312869479352,0.837151299345504,1.13143553824007,0.388334597172858,0.453968720379694,0.550119652116503,0.605743327874993,0.739016075760072,0.473425890476335,0.661681983025219,0.871740357526439,0.253610161003132,0.739589509132683,0.857099387706694,0.384017934026672,0.668305603617981
8800,5,0.393594317695861,0.261362435924999,0.458606209852393,0.443774921471648,0.664094503585235,0.467129842322156,0.355285202969672,0.521633421004359,0.893737195950154,0.889575667378642,0.630917298851009,0.517481157705776,0.648561173001011,0.567489973265392,0.495897890411386,0.698647824512929,0.668764260129388,0.859126724327665,0.620364381360828,0.884753124238001,0.73198395389259,0.552740442637039,0.50557190873552,0.3292468071405,0.413551386384511,0.303718919899159,0.895147892533668,0.415509058755703,0.668078273188175,0.481247633439667,0.810713394365198,0.409854265527382,0.473145836796935,0.4670298918583,0.530998741701477,0.787893788443446,1.17897340735273,0.500935451580885,0.403877466437985,0.551103381079462,0.711982918861741,0.659995883755228,0.462086662862537,0.651209790293821,0.62657573311029,0.395574869222869,0.831294698675995,0.595257058695807,0.374197298536815,0.377892202048257
8900,5,0.364917630576875,0.505738581751242,0.597205044638165,0.346341394490166,0.51984483032012,0.291081300820023,0.343903515787887,0.415536691488872,0.58514216944133,0.86507960042034,0.283798743459321,0.531261257627126,0.49488343641842,0.171919258042449,0.588373761683588,0.434172914131287,0.876092553615591,0.667764748613952,0.518439145228435,0.869141299374005,0.731195388129831,0.636712724844319,0.418689346760472,0.187749843254327,0.425087837391705,0.533082709543773,0.820110026664454,0.402415065238954,0.288716132279582,0.713065482959049,0.792544295142125,0.343449871146995,0.488642194388379,0.376333518251055,0.439578567183104,0.855021540563095,0.944322082915789,0.628663603770027,0.445946380896903,0.421899306507375,0.702180174638029,0.865008906347498,0.395691283624482,0.620222326848697,0.72491497779276,0.370390610920712,1.03590461795835,0.718296265338095,0.409628092991282,0.421392239014096
9000,5,0.351082642046898,0.660720254305942,0.657793907475821,0.499110912001941,0.566157468251676,0.119790217471352,0.197309779621505,0.460466206026723,0.670042200217896,0.82615038231739,0.222235751516491,0.586307252525497,0.813354893459172,0.238856843195589,0.718079558488244,0.452699530723956,0.888351349858857,0.750803035435329,0.19903349017201,1.05494499123375,0.392699730096316,0.542506497927386,0.356827914463625,0.40334447969814,0.329820798261264,0.506315255679404,0.602546302560982,0.381270281520696,0.242929057014529,0.734478899626181,0.563208649491205,0.395653334488462,0.419002993572627,0.434235954051658,0.41819853909031,0.757393249055116,0.465245046295656,0.574097764376597,0.437087182719357,0.384758242645686,0.655627004347592,0.565155309702136,0.406367753541954,0.506503136740663,0.768982304179538,0.559881818501054,0.59447260416115,0.602415970814729,0.364415162038098,0.637716593278251
9100,5,0.476639505435607,0.633363123503801,0.678363210312092,0.505742540060079,0.572803856551363,0.345824367320337,0.276781752934774,0.0736362560883628,0.446687274408253,0.708320077795143,-0.0836498592737168,0.628264503618371,0.814433487993255,0.308393487407537,0.65800176124162,0.415173155549869,0.654455550532675,0.736775937278168,0.447868579286047,1.12527674106146,0.394303637092583,0.451772178210046,0.261476835392376,0.284248712425413,0.342695298261491,0.745717323831338,0.439479196738026,0.448788381925472,0.24879997438015,0.481894438108837,0.213874724459949,0.347944031862213,0.42582592802617,0.417989953876809,0.572398517675736,0.984523466748645,0.142802147178639,0.698450311300103,0.499968208959542,0.555625730153753,0.657215953259852,0.585608294490892,0.351284013543072,0.630084829530495,0.793721066787367,0.466284234486737,0.456099651643907,0.49047193232767,0.134800070319125,0.791004374605348
9200,5,0.331942355694988,0.563566188672013,0.5886958902675,0.566697104101686,0.482133263006802,0.326216295117289,0.44763484669491,0.128600854117797,0.627898737497537,1.01595054937902,0.0897977974543135,0.456458733681551,0.585614805003286,0.0999209970935256,0.701486321863742,0.383956384869614,0.776535505749424,0.611161496591474,0.519971223473787,1.00975487915973,0.519750223241324,0.438694061524691,0.317494215789164,0.406377960646052,0.302913595552535,0.7394918299902,0.562495530628996,0.551955728268894,0.471884713365562,0.495889312433326,0.0834243359544533,0.332756220167752,0.337353876704853,0.526506449041189,0.604618588876102,0.949248786005139,0.223432067673391,0.650878183572502,0.513734525124522,0.595001911562268,0.674265538524475,0.563249505727354,0.415922033348059,0.549394420456721,0.80409971428239,0.520258683360869,0.356548287158706,0.78129838590075,0.397287084098959,0.672504030176201
9300,5,0.425958544241209,0.455307552073914,0.747988776271806,0.670122712876554,0.336870155730708,0.415467890726467,0.724812920110696,0.183793318390384,0.402039203066732,0.840294331612213,0.172322561997871,0.396653180840507,0.38142973870534,0.226092232272627,0.618993661950965,0.359434779789031,0.966872641344951,0.5320631290518,0.783392236823337,0.730433598429308,0.489686340441164,0.282797806936855,0.472629451249152,0.384636149284243,0.389916013600525,0.721877800400013,0.662551826350155,0.402437348006028,0.420804066861718,0.478195120206821,0.101640324733122,0.472088758998551,0.331873601096008,0.821862258965171,0.398219574319652,1.08297340621314,0.536248007020562,0.796083389280972,0.522202107265572,0.669859489039676,0.561111222492607,0.255771550266718,0.352776551472053,0.685428810782876,0.791879541557975,0.504212141846939,0.363273575821094,0.649698733813021,0.408391113044551,0.449888520260773
9400,5,0.486240042277609,0.329012611992655,0.805190489413912,0.575287402090058,0.368356946484155,0.399152476225943,0.619358567939427,0.155639321633007,0.225779924979937,0.631333500073252,0.0897057816488512,0.41491105274211,0.428856531952463,0.210798761110386,0.78441245417034,0.388196954583955,0.594639159234188,0.48129542821331,1.01746084650457,0.568495057184791,0.613374687734822,0.320044374946983,0.221022830938525,0.344350144188285,0.371771584639845,0.701435242150978,0.454307863156409,0.273559977574796,0.488462356002154,0.389558316668895,0.271669407817105,0.398173762435313,0.33264520713989,0.861826479341165,0.323104346108112,1.27363040355872,0.472264895352462,0.597095289448079,0.486060510754071,0.581599924220348,0.560142248825336,0.441487261631057,0.434160820805275,0.662748353280392,0.714732065474072,0.626778257107074,0.73523646875608,0.506013012787352,0.339155444663387,0.528756379869498
9500,5,0.442884572877177,0.273501844925104,0.75572834031783,0.579593424169442,0.144252153579504,0.311557961715808,0.432043488361051,0.331626759953481,0.108358898699004,0.513864156346731,0.0967533936633097,0.441284891073748,0.430286260608657,0.226023868934534,0.335788662254671,0.429820246168333,0.64612767751027,0.460496281414025,0.836099993275424,0.210017449723092,0.523975101551682,0.304032539716821,0.222300816381736,0.285004999073417,0.509433934142026,0.716159841557776,0.293195164901282,0.122047200810763,0.461928119514338,0.25120284628428,0.299893495423179,0.554083730906303,0.341115573268704,0.60727382363183,0.441124602217202,0.874994547857328,0.108285632766848,0.375992574117987,0.517325581469136,0.757979990435268,0.782192641961672,0.246362917635483,0.349448560376066,0.518673553539393,0.531343595473568,0.573261022606109,0.709491930466278,0.394380047338331,0.602656259289316,0.480267968050605
9600,5,0.372029788344632,0.158922503788229,0.652379359781287,0.470366093692888,-0.087482158980122,0.265173610508102,0.443178449269527,0.338864669781455,0.408228240703467,0.366270913035412,0.120508176009245,0.449494901222619,0.691698508048476,0.145680093257803,0.13563357314019,0.25901837400066,0.466187335582194,0.425973092675419,0.638417625516651,0.232830406968808,0.592766885974771,0.210105547857091,0.18376706026529,0.250436064056641,0.493967763755065,0.608876647650399,0.362322591811148,0.141976293876712,0.401436745211401,0.323551780455297,0.061663647943903,0.470071986607887,0.27908450723519,0.553389215787952,0.291889819441623,0.589264578500739,0.129764521838313,0.324807437828722,0.505420012529449,0.847074327976253,0.801705335065788,0.30717008368626,0.288981730865927,0.389418550535297,0.407359122352971,0.487369549346561,0.488907482858388,0.318934271427175,0.491864534650686,0.333946534586406
9700,5,0.45193044048479,0.195000043568406,0.633234574164569,0.316523527444807,-0.0631588321637206,0.249380663733861,0.424882981860756,0.397914758671512,0.100970900293329,0.305401383429845,0.31678768433086,0.462241387216436,0.471526677315796,0.304760102374752,0.426242676824897,0.215162894062011,0.324081995309509,0.461125258189392,0.682034006315152,-0.0767702328897624,0.702208016812787,0.0690199128965213,0.286545080564693,0.254219182529453,0.470581616678586,0.578406697652017,0.46820714847719,0.315040521528137,0.299670374327512,0.277961182855406,0.249923615455718,0.406466379068928,0.258069007921644,0.574703134706153,0.186197061485229,0.301312033247413,0.361941323732708,0.14841411470874,0.478474524398106,0.840192908782255,0.656471551620341,0.190891891503943,0.427778579912111,0.385416708024131,0.147947724141833,0.325502468060598,0.357599055479875,0.124140698759825,0.287650773129482,0.0723417025828545
9800,5,0.312915000781507,0.477079571022824,0.534703504058431,0.320235869070256,-0.0897305056823503,0.371657827677203,0.572475024736786,0.445271565278052,0.182719273919046,0.101554517714666,0.0520748441471312,0.304615693186246,0.241052154630627,0.101009966349211,0.321018729092117,0.368251861525625,0.0970062224941686,0.605035119508068,0.375981782168092,-0.136508604061216,0.229431510899668,-0.00558245280832803,0.198839480440277,0.355946994957674,0.584878832382127,0.585013066667713,0.338235975713503,0.32285120587203,0.273230613114377,0.410122791169233,0.124123930142786,0.392200843839985,0.284306432235412,0.282095646900988,0.123844543990121,0.182296471634708,0.356381583292467,-0.217883621572468,0.437439325798861,0.660762802360194,0.423160392594277,0.0747587109017036,0.14230541607561,0.322400883564877,0.195711031911332,0.193571130322229,0.505921926868774,0.351451523014917,0.491703744632734,0.170781602766699
9900,5,0.0484883439284284,0.484413114543758,0.408135426336613,0.322649366287575,-0.021357443682118,0.446656360903538,0.298571529378825,0.335581071272525,0.89293753948838,-0.0126728561329291,-0.373614122403492,0.302332200838143,0.282094238759399,0.22054483518337,0.106842032944175,0.115440897961043,-0.0357266778753665,0.525798744643334,0.432945617841651,-0.0260361804071122,0.0159648464277416,0.00756755345060345,0.12132681257169,0.26555006012745,0.60985098800492,0.434429675990621,-0.214644782894839,0.492922576039963,0.172387182602602,0.272141297175251,-0.288571565108409,0.355206473444937,0.251219523027329,0.227754886903911,0.12369607832987,0.218901740907217,0.364486026435858,-0.291863540211271,0.407216991960561,0.355628901420553,0.102167955716191,0.400667712251201,0.156562221754575,0.00817012670441625,-0.083613188085112,0.24811061082549,0.426858610211749,0.606488732781546,0.566203148509599,0.503301530618116
10000,5,-0.00957321974905778,0.410681386738947,-0.0263941081238156,0.0713254231212927,0.0501052714686051,0.345678895825323,0.185672652058817,0.335090634715006,0.786711812502718,-0.0851501882871274,-0.380146304012493,0.305904227026695,0.288059566074103,-0.0550213433989468,0.00760120275053056,0.178408058208427,-0.143254668012627,0.35757520016172,0.325040125873676,-0.158708230767652,-0.15500017255633,0.0173557059982615,-0.014675310794328,0.0273710042769629,0.550723011643937,0.197134977143343,-0.00337227304396531,0.439997276941388,0.251324790497387,0.237728308882174,-0.467151085287743,0.279269674721149,0.2425959247871,-0.0100779295275675,-0.0159660966069922,0.0472899084054487,0.377102923905809,-0.290904345720362,0.478798925359564,0.4009447186249,0.294312964558106,0.409867109626737,0.337299216899541,-0.0116508626642672,0.125473958207143,0.180054352011329,0.214885802760038,0.633508157794962,0.408120607206445,0.227238451336792
10100,5,-0.0789287331614398,0.402029115050538,0.287644897533313,-0.0970742416478074,-0.102414967242296,0.344305849302367,0.0117174273339547,0.372195705349716,0.64969403945693,0.198443406701007,-0.1519774977235,0.166607675528303,0.296552976079425,-0.138039295593007,-0.130581335673455,-0.02961700737531,-0.124660575923441,0.397474420340275,0.37087015248604,-0.0884119900120376,-0.227798977395205,-0.111815310329053,0.0351710303104568,0.0644147103335881,0.374464795968363,0.173889999571439,-0.0137758389691293,0.267225086191913,0.0311799532111294,0.238490229414697,-0.330980734577461,0.210110713895242,0.215449614483021,0.195770913685349,-0.0548993224564568,0.0200754000172108,0.348885875791924,-0.372817378091557,0.375339159512012,0.185408271923498,0.032170154613854,0.195887319949228,0.406274756012293,-0.0134095542773917,-0.0635654833492713,0.187073496979244,0.185337654130856,0.530698734025828,0.336328836560299,0.121619890929517
10200,5,-0.16011086753565,0.272380194255896,0.188784048287842,-0.128775518338567,-0.0355098154127338,0.0403407322425087,-0.0845408090435693,0.205512480262658,0.305980405494231,0.248415118589251,-0.409137850118947,0.151254895413568,-0.0637675419450787,-0.275375948767748,0.052092970025607,-0.257455133029582,0.0778497310105134,0.0673386153720954,0.422602633252334,-0.216643921668623,-0.271269959935122,-0.12760919195022,0.025395219975641,0.00555110282116883,0.234705941060097,0.176051837343795,-0.127702015918197,0.180551521400459,0.115872165099637,0.345492632100244,0.044042830761482,0.208743326309486,0.0606008073502409,0.293496736876185,-0.130272434402607,0.371214678737573,0.345209511345879,-0.424078816291383,0.240824711695819,0.224658260314872,0.0083674585551522,-0.316769642376093,0.364419992127553,0.194798759643232,-0.129013801875669,0.285402600991207,0.0271717748186512,0.289495850141594,0.0186921878067519,0.0409049195523685
10300,5,-0.195644636895815,0.325144689848919,-0.0716747965320484,-0.047468598505048,-0.035086949763568,-0.0166087234380804,-0.149349630148056,0.10335929812981,0.259493467938819,-0.105649453277561,-0.527829639556433,0.104860221790561,0.0693022949795299,-0.507861496368168,-0.17372637820477,-0.107622248058515,-0.205495793819669,0.0464317836238132,0.409283169208912,0.0758576533048918,0.109314013117289,0.00672378687584196,-0.0204347894146097,-0.0699879058624659,0.214441290439783,-0.014297773104656,-0.294394117340917,0.0856918692953792,0.0816537715758283,0.29002212412065,-0.126338244956193,0.261825654860506,0.0969482931657626,0.441035796136917,-0.221044502749137,0.00459095477564347,-0.0772790782587169,-0.677632410737558,0.292499155996288,0.269672394275363,-0.173766413750611,-0.245874487975083,0.21147545297062,-0.0415360788436315,-0.0597285721987372,0.0599978584698869,0.167011069487529,0.266835747526169,0.0391215605354968,-0.029283728005075
10400,5,-0.0974658358686172,0.278376379770956,0.103430335850183,-0.282685923209671,-0.266200314231736,0.0386403993947229,-0.48844580257439,0.167924381290261,0.202410374656735,-0.312613608306193,-0.723848114699269,0.0589419345065075,0.149514241791103,-0.431632470616935,-0.361519514747913,-0.0386390280886824,-0.649282225143109,-0.143748968925713,0.243453847156973,0.285002166170971,0.17357895866447,-0.0573820826334864,0.0103759614621899,-0.358091884973574,0.0469740347804069,0.0967928756866899,-0.216198860581198,0.0594340257502491,0.0802293672273457,0.112763415283139,-0.0104704532101227,0.294435015914538,0.265182618153192,0.382723855084842,-0.398340302000872,0.00149054891758676,-0.30608567921812,-1.05480888919166,0.235213127419752,0.225139279199131,-0.253817429422467,-0.221923726499061,0.082119686249082,-0.15872814260459,-0.0962735657347328,-0.117887321295591,0.152610857066915,0.239467031493198,-0.00191013978588217,-0.244051118859916
10500,5,-0.182176590851097,0.0818014243525884,-0.0122819525280824,-0.253936086351644,-0.127951302536872,-0.0339730156936748,-0.842986575097355,-0.0181993832585955,-0.605555263225201,-0.284218075586867,-0.605997866526379,-0.0388864006731669,0.0902180969340341,-0.338846327879379,-0.150052733514145,-0.283981684398137,-0.697707784676712,-0.38280005871082,0.132677448887095,0.0560728247905342,-0.0758330849917426,-0.109602294201435,-0.129190135319598,-0.243118561936682,0.0402659588893819,0.0745777794541252,-0.200907033506646,-0.0682451597811751,0.0884586112764578,0.0323517472822038,-0.150119243241658,0.298417387798676,0.329037845861403,0.162772800671928,-0.30969554407877,-0.177637153035277,-0.399259255654811,-0.952410025244859,-0.0468066982284944,-0.0473576739439631,-0.648893322526619,-0.313987986574962,0.106567703036324,-0.17489716854907,-0.0660708120285742,-0.220739150178358,0.014234520468237,0.123431149470644,-0.0111260852498885,-0.426306637974835
10600,5,-0.237699475764572,-0.163775722593918,-0.546360494768181,-0.479643694204513,0.0950602032466992,-0.120596524327066,-0.337949965727631,-0.22212974046273,-0.848896159874958,-0.479501497513028,-0.447886458451419,-0.0810944711576646,-0.0711727897798305,-0.591532836909948,-0.134233576724715,-0.282278594107236,-0.45989456865304,-0.306980016648279,0.0886942577773456,-0.829874011240889,-0.167943510115963,-0.00281178663510018,-0.123183199343197,0.0565999390744055,0.151382073997521,-0.0568657848498788,-0.0974848119727028,-0.357257593625884,-0.021136511990002,-0.303368503252734,-0.201104907787361,0.0951376993479126,0.121427834453874,0.130852614971388,-0.0968271954180331,-0.40759014471879,-0.370061432120881,-1.06051467659867,0.105635272267194,-0.303276573942814,-0.589204989981256,-0.690563529813624,0.0221124516606256,-0.0693892209906073,-0.0712973743993542,-0.166528365735722,-0.315122875090993,0.0501630448707976,-0.359395610928051,-0.150995873252652
10700,5,-0.115455900866592,-0.233676328496021,-0.530480755018679,-0.435260702190515,-0.0647003599003109,-0.175381733087383,-0.738304457135155,-0.402903155116828,-1.27500795934146,-0.891095855706755,-0.51670945057269,-0.208232651598003,-0.344373111888082,-0.311953677662143,-0.0747245525829613,-0.333346223942032,-1.10524127223955,-0.426777992876647,-0.533266410192122,-1.08918661747216,-0.648104489613619,-0.168412139254932,-0.313900319130372,-0.330552066197986,0.206809880673335,-0.399681689363913,-0.182040209188839,-0.533775337377984,-0.146897799979081,-0.355215275854977,-0.245140279490584,-0.0857703142825901,-0.0373118846166145,0.148587785015942,-0.330973542185847,-0.851881320535794,-0.284048516336835,-1.17404279203308,0.0364800503815746,-0.329463415917866,-0.453942679747834,-0.546014974911199,-0.0019527725595036,-0.233069368581169,-0.376615020888669,-0.246754601880001,-0.810526831467392,-0.360397732302999,-0.228753851481016,-0.0843818030683374
10800,5,-0.472720458104683,-0.318203261748728,-0.567990787549109,-0.641384173486015,-0.339558313245952,-0.240937701367983,-0.708954788402574,-0.656773884992275,-0.987464143601286,-1.3160594608564,-0.821713614064576,-0.217417866106299,-0.513533842382714,-0.430749817953848,-0.0323067575474388,-0.421939399115154,-0.954965721484152,-0.416116388318889,-0.779990688825995,-0.860127586576453,-1.0055641896262,-0.165026335728482,-0.23093429649013,-0.404954833162765,-0.0126745977913569,-0.608658811749123,-0.378885969308969,-0.53917266566914,-0.285042532878348,-0.25633886767325,-0.667796486533326,0.089205608269486,-0.131401375516489,-0.11154707508615,-0.29074226523472,-0.8145750688174,-0.680351366437347,-1.5977442902306,-0.0417760679464665,-0.11465445104592,-0.269287852464706,-0.794428849204842,-0.0361943048858226,-0.283637962275801,-0.574695831955548,-0.217576253167115,-1.04034760451492,-0.496296748351206,-0.383654373674307,-0.173537253988681
10900,5,-0.275229464296195,-0.445880767673555,-0.69503515379845,-0.726530999418852,-0.29706266575789,-0.289639971736324,-0.804278053588502,-0.388803862947534,-1.17978561712882,-1.79872890390385,-0.52855543479715,-0.250911256872072,-0.59294963625163,-0.456742553444194,-0.0439768771075646,-0.443324334001872,-0.607371449114868,-0.205270447551144,-0.788732598916693,-0.334204238389616,-0.479450767756738,-0.14850923934573,-0.361550344594364,-0.25913089222523,0.125371181074693,-0.722806573784738,-0.39071220827337,-0.329287768574518,-0.24422881459174,-0.462050926331167,-0.634871729095332,0.077162180633659,-0.430782035768875,-0.455719448796248,-0.147978524107173,-0.486598509252242,-0.850046301244498,-1.77352039501803,-0.0208568331091458,-0.41505423963207,-0.136945992355086,-0.981825931368109,-0.257979416354281,-0.244631168130738,-0.561682785339504,-0.418224183775212,-1.22685239939469,-0.386077250464782,-0.339154060552088,-0.392654773024774
11000,5,-0.374357562967981,-0.255056912137824,-0.769982415981174,-0.759927791859888,-0.541306304137707,-0.454957414088228,-0.698841465642026,-0.850597182090903,-2.2465779984104,-1.62512901549429,-1.04689170269494,-0.0917327012316849,-1.3090696416668,-0.618556705858244,-0.361076557173582,-0.725267079457965,-0.514568920688803,-0.321314915178295,-1.09761919682739,-0.870485742090845,-0.868972137640209,-0.0986574194016746,-0.114015066807297,-0.316686923674041,0.0200730255122738,-0.891204757760589,-0.664754982838343,-0.262174482301033,-0.586748645598529,-0.792887268439621,-0.510103473704506,0.118408184516395,-0.486960952403452,-0.676102859566503,-0.393614094562282,-0.164273480423164,-0.719280057668971,-1.42559523505638,-0.207374066835916,-0.656806060677154,-0.733499232063815,-1.22565646278789,-0.518147492885652,-0.484690770536993,-0.3503119071175,-0.71770016700298,-0.706610934898458,-0.595106420456658,-0.421365148979016,-0.59983806101226
11100,5,-0.46313601053828,-0.368357200782231,-0.661873272289489,-0.857065179043476,-0.507414526953111,-0.641597189168204,-1.23282551897939,-0.879725255410836,-2.2719557131686,-1.59682703416577,-1.40298366603082,-0.174693234624391,-1.59751254189436,-0.62364988724246,-0.84838748872261,-0.711402227242807,-0.601561253173826,-0.240060692489098,-1.10579585621959,-1.62879971480109,-1.30065989463702,-0.371050579935336,0.00484432605050467,-0.456763511513157,-0.187957912703245,-0.78315911050906,-0.797550184449669,-0.119323105527441,-0.585453274913185,-0.46177842500062,-0.496194359642693,-0.0395867196102216,-0.483891565298529,-0.720817167421106,-1.04327115001875,-0.42523047581076,-1.02087531905013,-0.958126624906119,-0.157458670207011,-0.492341876705344,-1.1490552435618,-1.68204997548385,-0.402465373578837,-0.651182187277625,-0.200134744159251,-0.73680918980578,-0.571566307287448,-0.722220524952052,-0.287697177338014,-0.930842257758981
11200,5,-0.618320662582239,-0.528792868792801,-0.821137160829727,-1.04508480162922,-0.682080170248671,-0.68150503162956,-1.23883444873102,-0.932556802234624,-2.85507276953227,-1.76926570783319,-1.72936566842892,-0.396307084128393,-1.52251398896237,-0.77942501489838,-1.13419226951176,-0.69321625488809,-1.02560366086847,-0.379478167051487,-1.05993182986303,-1.99650508799667,-1.17404206498638,-0.327487313672134,-0.358257756809638,-0.750039107796161,-0.179954601702502,-0.753018385958048,-0.9102195417207,-0.835112348304067,-0.658911368410593,-0.764621421370743,-1.26251088290656,-0.0569211106834627,-0.393327619024031,-0.878701989067217,-1.3268468956931,-0.931899182943335,-1.19259640303893,-0.580272311302906,-0.360910990309345,-0.493405259847467,-1.07987955583914,-1.98365916755984,-0.424890603233967,-1.04303335045811,-0.318080589950607,-0.674941292194192,-0.747855985039473,-0.719608345738462,-0.446497665139527,-1.15806233545895
11300,5,-0.640126768623313,-0.584862100767732,-1.01575034250536,-1.32776684690158,-1.06828246096984,-0.706140784218698,-1.41362043560145,-0.989338002496255,-2.40448383672372,-1.66593325718524,-1.63249862220569,-0.504286102913087,-1.28777288928237,-1.19994850161637,-1.09864876312733,-1.08029779321533,-1.11060492864056,-0.652166867647278,-1.04723155775958,-2.46340199270519,-1.80312083231539,-0.401727920614339,-0.539717590875617,-1.43098814514086,-0.305853451172706,-1.22556359447892,-1.31591440573971,-1.0790485826757,-0.665431681264363,-0.909300409842244,-1.58137469731869,-0.146870885191598,-0.317370530869528,-0.861380254585101,-1.50908515011382,-1.10325458806212,-1.29825316817398,-1.33427200414675,-0.48020131724242,-1.02528564799533,-1.47429152287428,-1.92420230896142,-0.705685383660116,-1.00824856635922,-0.820975681630239,-0.673203298801222,-1.03876042627845,-1.18380857505,-0.76893389741901,-1.12788174469058
11400,5,-0.640680048609318,-0.959382207902139,-1.50610837931953,-1.22983229768636,-1.05904686862875,-0.595493086445024,-1.876738359652,-0.930839390464655,-2.61149340806773,-2.69961767303207,-1.83883011953724,-0.485432185917955,-1.40756322306446,-1.57554060354861,-1.49476758832595,-1.00078236969664,-1.29972611065416,-0.973475349932387,-1.11089070211904,-2.40989963645607,-1.58659365306565,-0.529784864137725,-0.460110126602935,-1.55713364082749,-0.361180785328493,-1.21119327147934,-1.61484544327061,-1.40623452763057,-1.1553507759572,-1.23937669698347,-1.34391800838626,-0.288829435422196,-0.621791510994218,-1.10157724566706,-1.17184776579512,-1.30250090027038,-1.63531687454232,-2.05136215686662,-0.41543155594046,-1.33482260123942,-1.74577339070132,-2.46093559881626,-0.698271045163148,-1.21738833823306,-0.664339597661576,-0.613012606519886,-1.68650415237263,-1.67845682506874,-1.08856439015099,-1.05079423868002
11500,5,-0.73798851073931,-1.1725188695738,-1.77269976435781,-1.0302475860123,-1.52133950107231,-0.785719213721705,-2.17881612690376,-1.21848875273384,-2.44950888158805,-2.81790285686262,-2.52585675092381,-0.602601471199713,-1.50699939950944,-1.82692446843133,-1.71046444094326,-1.21096407285525,-1.22934257078291,-0.906877763597377,-2.05056662954498,-2.86340320384366,-1.98764698917629,-0.653696580712596,-0.530999473899419,-1.27896420621045,-0.450358584322651,-1.360205237658,-2.24726557029815,-1.59355890143575,-1.46725752475862,-1.18591329531611,-1.41248398573168,-0.182122881829639,-0.737530851724959,-1.48578821971979,-1.16979700005711,-1.46243213380383,-1.78025351365643,-2.46286893323543,-0.407949027200588,-1.52350689483186,-1.68461278709752,-2.36906213057242,-0.717125100977361,-1.08474507842543,-0.74724037119491,-0.579796132437917,-1.87324816942981,-2.06936682851481,-1.13662616998542,-1.22126397088883
11600,5,-1.25818879308839,-1.1708495872514,-2.17088336588241,-1.28867109888995,-1.50168610170782,-0.989554658115785,-1.88930458355641,-1.19059582930949,-2.79939645494636,-3.5258590280432,-2.78407793615005,-0.73046200112525,-1.30973828990834,-1.29275798715207,-1.63439707674354,-1.0562378258962,-1.66831230412227,-1.3807156896707,-2.47411150445736,-3.45977239499915,-2.56913756856957,-1.05568559164718,-0.714265576395039,-1.55973214040053,-0.742076505766412,-1.5149437433073,-2.86268527632071,-1.63377775449941,-0.957939509997401,-1.31511179522939,-2.381867402475,-0.489264477404921,-0.712161191675365,-1.32064816168769,-1.44243293335672,-1.7449368622784,-1.89823647014894,-1.97689194898111,-0.482793209862338,-1.28035540675889,-1.60707235407344,-2.04563164400096,-0.86277430521915,-1.40286174369114,-1.05329850508071,-1.04705740279992,-2.21560013676566,-2.99077152201171,-1.38368604036882,-1.20656927998185
11700,5,-1.51027179972436,-1.18667397521867,-2.56898710431036,-1.54813329370103,-1.90139039228853,-1.37962693741913,-2.1308629718401,-0.913937963843099,-3.60178406219624,-3.59588051413229,-2.92481837216214,-0.846119703907879,-1.17870909718151,-1.60492173064585,-1.76355897707927,-1.29000318634188,-1.85655029749276,-1.33039721647227,-3.2225420917821,-3.81246365403421,-3.69694173107981,-1.26462544912592,-0.780919861022328,-1.12093265411639,-0.981921900099078,-1.19020267011683,-2.90057826008165,-2.23974685559301,-1.05472809785178,-1.6178879198479,-2.61062722483255,-0.867634153619429,-0.938391765975556,-1.66050086098174,-1.18206047950418,-1.95335867984712,-2.5675264784607,-2.30166443643224,-0.536683798694803,-1.58031070596613,-2.19282535523284,-2.56979029012571,-1.28838856123821,-1.27658045588893,-1.4780690805556,-1.42965367305514,-2.4776792673047,-2.82424155174827,-1.80144638509401,-1.78280841391223
11800,5,-1.63200526898709,-1.19259282390118,-2.55554948034333,-1.7334465651035,-2.12755920753029,-1.53197731719171,-3.22845834684216,-1.09467318229159,-3.62802597502722,-3.51118986410571,-2.67934350039214,-0.688664429369645,-1.20765243516227,-1.91570855203962,-1.87485439570231,-1.66694177433652,-1.85960227455437,-1.4839678501605,-3.30751321529209,-4.45819682177311,-3.04426036365397,-1.41777536047241,-1.34491448214172,-1.45908688227615,-0.901557715874446,-1.70518375541326,-3.54769964581512,-2.48763371352246,-1.09006129958151,-1.82731032034066,-2.53008103592162,-0.950921152216616,-0.903061780858352,-2.07796815778315,-1.09375956040998,-1.94731228147211,-2.57492134667891,-3.33161785360178,-0.634894854270801,-1.93177759631292,-2.54486876384167,-2.95490014017395,-1.52466904310847,-1.32930515554065,-1.55967744209687,-1.51246243887348,-2.65507445323863,-3.01195037876469,-2.00126341056509,-2.21440144063737
11900,5,-1.62057740795987,-1.29595158854422,-2.96130211915098,-1.4472854936929,-2.30272307430398,-1.79884457819239,-4.11007600371638,-1.17548748438027,-3.5707737138011,-4.56090266477596,-3.01932887792081,-0.946040601915982,-1.55148082624499,-2.22454444897947,-2.11892252445555,-2.12031786341537,-1.95444944510539,-1.65239971767911,-3.35395890404482,-4.46329361734866,-3.30380408865151,-1.9056499960451,-1.55541820791823,-1.65281672035953,-1.06825051693099,-1.38901957513212,-3.70269566953809,-2.76924914971206,-1.54744342351986,-1.99928595753054,-2.67122963235463,-1.0542412280041,-1.06050167030903,-2.08711533388513,-1.67473525766395,-2.29516464536076,-2.84649041220551,-3.56550800033448,-0.875436694515754,-2.30018336959819,-2.4638382539571,-2.717233418368,-1.61939705327576,-1.29055793215888,-1.99819440190133,-1.49042762904926,-2.89403126966417,-3.11920170517666,-2.19185487216469,-1.74191005123123
12000,5,-2.12474073852916,-1.71696394083602,-3.14741766628063,-1.74072026346857,-2.26109728070193,-1.73154097620342,-3.42401762131716,-1.92702345993878,-4.46251494759398,-4.81895204603361,-3.2661274478992,-1.00507109245085,-1.08925972173609,-2.63843414124693,-1.93273109769192,-1.96588855371006,-2.59722763835078,-2.03843154557592,-3.62372890404717,-4.6240453043318,-3.39345152275938,-2.0635409841346,-2.05382816462285,-1.57668719598622,-1.13082067422777,-1.64469371624294,-3.39866187551464,-2.51120311568455,-1.96282329472831,-2.12304599789815,-2.4965392643784,-1.04192181274481,-0.967846672470823,-2.17483345299613,-2.00611742974602,-2.51956515271939,-3.06962494523964,-3.65285140904258,-1.01823331764312,-1.89951251281241,-3.03602369312782,-2.8164864937538,-1.75001246272681,-1.2450456936052,-2.58973928486123,-1.52829583883074,-2.94593527727895,-3.24060846075596,-2.07555631948011,-2.06687172180789
0,6,-0.411094497129582,0.476939395644108,0.761779741837255,0.208560091212262,0.270221303561605,-0.818890617559045,0.667348322313048,-1.08047159928337,0.0743345921370326,0.50605740116929,0.433358385239424,0.0244373716596742,0.3105004575337,0.51493161569576,-0.583401274305761,0.0485919594225146,0.0613737401504102,-0.10807414259699,0.258605085516508,-0.12948808781527,0.260044354305792,-0.557690352940902,0.156860695096966,0.422745121845436,0.543196879027528,0.143145633900461,0.864853976905403,-1.40766413055655,0.125390980877159,-1.29195896593001,-0.826360206914349,0.744341076782855,1.03380206324668,0.373948373407948,-0.00699925208505481,-0.11256131065778,0.394883842633393,0.0400637175989356,-0.300751487313912,0.605926092977806,-0.0950112454534973,-0.292541017679685,0.23534630352154,-0.916406471901261,-0.193793192054524,0.507581267485919,-0.119990898094587,-0.0893527403661569,0.407542313729046,-0.0853293531720809
100,6,-0.641795651201533,-0.00192807132515993,0.44623072429978,-0.368361754294493,0.0952300942903744,-0.634401071017473,0.747135066823685,0.00192807132515993,0.226245845119462,0.218970089687076,0.256026410798743,0.255978816108323,0.0359926280279796,0.291617748315619,-0.772013955378516,-0.219127853589688,0.34331540386353,-0.203121912103554,-0.241015100342944,0.373723889103154,-0.0737181331294596,-0.909634880873158,0.516998958249839,-0.477209489812349,-0.214031115813866,0.373477371923638,-0.200173990151811,-0.374603293127348,0.241670441798174,-1.2603288179317,-0.856156451409023,-0.16332020393063,-0.268293195267416,0.201879976807993,0.174719034933858,-0.213929222646941,-0.0160131673906472,0.0602051205859688,-0.737822211028732,0.261526599820346,-0.254805406397872,-0.196439792863628,-0.163472873668753,-1.3221792966794,0.0584567965237466,0.509672986175684,0.0308216776844956,0.0610191708248229,0.705374513230402,0.252566508872751
200,6,-0.3823906558741,0.0943608318382168,0.766149996756654,-0.00663300181197579,0.17062235998979,-1.01203107915465,0.434381772109084,0.190395298755096,-0.32666556212968,0.230113200193641,0.26978120320918,-0.056641282375,0.248300180086656,0.40276062168192,-1.0673570904358,-0.0365097317620215,0.389399901557384,-0.194029559133643,-0.0625222523682771,0.177128334042745,-0.178836279536241,-0.65799954181475,0.957633077304493,-0.283074079013716,-0.0533214941530946,0.0193115530605474,-0.409551357239629,-0.777067278486528,-0.616854812206446,-1.22223858868631,-0.22765665749244,0.323531823534136,-0.188674584722608,0.160630339486425,0.327615184028899,0.00143333612627661,-0.263843693029412,0.0833272960211083,-0.917137145875033,0.187389816149933,-0.0497879746975229,0.0805757854053629,0.56515696158835,-0.589460393156265,0.11707580896315,0.530301797749254,0.529108476885605,0.113414429287563,0.264328308606252,-0.0578088597380535
300,6,0.149746097127057,-0.239846250467739,0.572846671637299,-0.103030684309687,-0.0456731143520395,-1.41818582242938,0.715587872356624,0.00121211645575947,-0.416819060645419,-0.0771425341276901,0.297963263491035,0.227107869257308,0.62888921194122,0.0808492190818819,-0.785341515958558,1.00062165195969,0.392925192587555,0.168594138309623,0.232863061254152,0.241237149249931,0.217171392948548,-0.236865625032538,0.990270417074386,0.0988002787692085,0.430485740125332,0.000106475634578329,-0.132132426569001,-0.693173789977961,-0.116652242100287,-1.03326617218391,-0.740392724714593,0.0470743103899229,0.178312109358337,0.246451546778227,0.607113564321284,0.0841531157352914,-0.747558863125892,-0.0460118300865024,-0.29997030048013,0.313624474405754,0.0159694794748375,-0.0812804736188066,1.32216209124609,-0.639100672432438,0.100234583531528,0.259315002768796,0.506897332684726,0.186146987628235,0.152412999275357,-0.373349971975101
400,6,-0.548850343872772,-0.577431723833246,0.329905649749066,-0.2477507992609,0.102348289397504,-1.5441182292035,0.493720014331753,0.608765411120712,-0.509386486349559,-0.39467507841412,0.413920706057301,0.29343019347975,0.779974743618733,-0.234267869442014,-1.55158900090468,-0.275798232009231,0.418858757157544,0.140136715105231,-0.137298125671142,0.0986190399025244,0.392574955606798,-0.582708850215054,0.839476526529114,-0.225079510082859,0.172135089803287,0.356014039548197,-0.194449175959893,-0.319490592091935,-0.101463753622806,-1.25321815279325,0.0606726413520233,0.180552303825132,-0.314010575145652,0.0653460314882599,0.521373806020011,-0.123255551584891,-0.257795443330537,0.385984142433408,-0.865557245061628,0.39412218079465,0.0657376708873199,-0.222697560230704,1.00880382539083,-0.42653078567116,-0.142050697120444,0.165071265309813,0.39256850723194,0.273618237487853,-0.33414902414526,-0.171273037164847
500,6,0.378282993111966,-0.302478570522993,-0.0818365646694506,0.327898703823108,0.551166711799666,-1.11588109479331,0.986912155389234,-0.113228109759855,-0.387674013190028,-0.232714790993105,0.813853374897506,0.33641547274607,0.992180888872854,-0.0353326829968068,-1.82288962287042,0.124575582956318,0.275918323677082,0.703295149312419,0.330469211700697,0.511364167299207,0.715115421086725,-0.534115182806173,0.764791921359115,-0.197091418521628,0.422795985636287,0.48900845340127,0.235395265346761,-0.617458795712975,-0.0999825702750912,-0.845085843454263,-0.258681786574137,-0.0649119707883645,0.446531670266367,0.411421874741848,0.254729511075833,-0.0803576066405143,0.242571725882568,0.982409978455909,-1.48044098839028,0.691455652964829,0.143901055051331,0.250368057438676,0.765473869790559,-0.112783438783674,-0.170891178362324,0.613573883393175,0.288414090914358,0.439678780530965,0.146562761019524,-0.176204774598192
600,6,0.525504331837495,-0.432914971257912,-0.203700745172486,0.254617128826219,0.440334203769172,-0.410529873768395,0.888777143343224,0.152770685065639,0.327242667269677,-0.0333689163457811,0.753743675099799,0.6978025590564,1.07263049300503,0.504812908670734,-0.89026469268274,-0.00606116622753672,0.319348504518168,0.628580987686935,0.513632700523672,0.658632064938801,0.734227713739936,0.230673857954764,0.99847775167269,0.404683640560313,0.968360198014198,0.522048485121175,0.30790362211462,0.16250120924903,-0.19839964961789,0.0161101112038091,0.19047516391192,0.246065957557765,0.622740808964245,0.474612880284494,0.795691204471186,0.419920173879151,0.760783348436533,1.00318369538325,-0.378690945423472,0.795565336506187,0.779678604195193,0.274793622067715,0.883341925727729,-0.151473546422092,0.459109587120146,0.970651363035668,0.569620753874902,0.598286711561504,0.245782627738214,0.601098704968743
700,6,-0.83078506300354,0.114849438732953,-0.121805023850836,0.435917707433465,0.507541075265235,-0.85272065909531,1.04091796117278,-0.318662680106012,0.458164191271368,0.354403074549233,1.2223980910568,0.877652961711205,1.15427187964156,0.93152194121009,-0.974794784025507,0.68125519874892,0.784855993379734,0.485760644319115,0.514088187168221,1.01327811721195,0.921549607819023,-0.296834332679245,0.364381600389367,0.358226783505151,0.75643886888711,0.805671479643245,0.273140105761048,-0.468349270780755,-0.296485240784165,-0.73887539702286,-0.146232737313749,-0.107598062927966,0.0639925643168022,0.576048269642759,1.01607492748423,0.551828601620827,-0.137154979608361,0.904171308933837,-0.347913866670128,0.782938707718182,0.563502259909181,0.418530724689979,0.831358841994322,0.0924719951642065,0.243678136079868,0.998560376273685,0.786009351009588,0.806876681564938,0.120039390323866,0.710409350416751
800,6,0.084977428089358,0.320629830716402,0.0589406914357851,0.691797704410961,0.850399449816655,-0.512890079107073,0.885869097672468,0.610516634627106,0.167076920485783,0.579816698765469,1.1267346476329,0.712378730519163,1.12732939573599,1.10309187185264,-0.802396644814271,0.319112589008491,1.00912310098138,0.692597091401209,0.785504999181969,0.469314605056645,1.03669251901835,-0.279334356214713,0.19534762119493,0.792682198250006,1.07257480943105,0.798348631719748,0.596096723341486,-0.109059357110506,0.464552054027605,-1.32468908406312,0.32831588679594,0.0222195285356568,0.306211221624274,0.588209561184818,1.22571138873183,0.421028763246048,-0.000494855364632452,0.755246864450535,-0.838206790025781,1.08046657868186,0.525800588615123,0.642321334431151,0.649736592313277,-0.385983337558188,0.821340592784445,1.17480009085504,0.966222950348957,0.990395754893245,0.293612904381525,0.555506654863621
900,6,-0.221667427197657,0.408052461229155,-0.177903959482412,0.64493799701221,1.04332320164499,-0.883004580897671,0.525139847428817,0.0558678317044505,0.302770810778756,0.238846697498903,1.19167612452995,0.753166642187232,1.06114526252796,0.725930405786246,-0.480740463436692,0.0733764633108749,1.02404414269713,0.534625223115357,0.715542096612138,-0.00125646786816014,1.10437620344773,0.286756204610965,-0.118051458263369,0.460975885605988,0.865071502072235,0.703168117769835,0.509372312833597,-0.545797623512864,0.377029734602999,-1.54568233374434,0.20956665204101,-0.338306763976001,-0.136876000974731,0.430109726179216,0.755253369611467,0.171871352918461,0.157467514134464,0.928287331081428,-1.27395057417007,1.02128019305504,0.64067720767025,0.823002277094749,0.881967108586907,0.0765407188216636,0.817550951051373,0.857090727243925,1.14576985900152,0.918864189697642,0.566485461601091,0.75694722610938
1000,6,-0.377073894544259,0.810525305095803,0.489641162587618,0.325667894652536,0.938932118425679,-0.774949124726,0.457713108628155,0.566636682240023,0.548476820633017,-0.543856859200263,1.13307433902378,0.634988040042833,1.10177484246129,0.555728048426139,-0.368375334298421,0.0627568380918111,1.1758239862645,0.674946779133759,1.10535072969355,0.248910839671229,0.78600059107294,-0.0171475906841008,0.536168581151753,0.356130681033298,0.752189023355665,0.873203250237013,0.149402613389678,-1.11217968614044,0.56019240115971,-1.37374047743416,-0.0602299257661083,-0.213263010732307,-0.433308666593833,0.797172851472726,0.949144524176546,0.728871649869136,0.391088045825987,0.688379392385738,-0.383901350418785,1.01016347351068,0.597147668488497,0.808955861850377,0.197742647950698,-0.255428087999314,0.941687317496514,0.86214827660964,0.595654734372115,0.827923823706469,1.20746414003171,1.11522360141948
1100,6,-0.435242514219795,0.342940858602971,0.410793949177903,-0.031183251807767,0.647127771203976,-1.31177811061388,0.333338814706912,0.25766388090104,0.65948915565241,-0.571959418781657,0.985452492761819,0.120271329242872,0.956182843286586,0.449003835295322,-0.0103961766531575,-0.777250004358524,0.686073354951309,0.748673163582697,1.16451318136643,0.242929327415162,0.838139683293927,-0.768491160113437,0.12856107815523,0.458305482021579,0.813488325510305,0.495316904781619,0.277684616435411,-1.56939373502357,0.012971453291972,-1.60411901556068,0.107324494299328,0.35184129673217,0.0798818353196327,0.933103865174425,0.861555299507088,0.850352168414664,-0.00592311880614305,0.712292746218816,-0.590984823851315,0.748593911595796,0.504387653070432,0.400974851618707,0.693591569130455,-0.337956585609455,1.04963141627666,0.992275573084863,0.876694909769714,0.603696346216493,1.12269453728246,1.39943379325262
1200,6,0.671604335882949,-0.505833081890257,-0.672959906732903,0.291683072701561,0.541460941622117,-1.35192637087152,0.588375133077889,0.394689721008336,0.414220575310232,0.304295597357782,1.02384585169461,0.538866061353954,1.09597496130492,0.480889062613237,-0.404945265719711,-0.240401233205481,0.280663682773876,0.764371920041802,1.02185132274187,0.0743939758448176,0.850587202846518,0.148058840149663,0.241476650215581,0.269257570288642,0.5443544873354,0.594561891046194,-0.340663966554992,-1.95860308966741,0.459701777466692,-1.61120174189928,0.0642402451499029,0.465724259881501,0.0288075983083116,0.691830227359333,0.696218191929782,0.881822173891221,0.0953534753937575,0.461417156606106,-0.862535651939539,0.623055447340549,0.519075431220912,0.259578938296383,0.579985753833547,-0.904792220429942,0.933440429158116,1.40606169176413,0.516615004005634,0.553754684925435,0.352965574750697,1.623952627709
1300,6,-0.164275175507097,0.0225182566799413,-0.108901660030382,0.5868653465467,0.520023323890127,0.389409692904443,0.61012568857486,-0.314210499640882,0.00385563126803845,0.319441273246964,0.797411567349561,0.854182041372374,0.66367330409121,0.684525398278846,-0.268163980322153,0.27971618899075,0.929726498577401,0.623773595066265,0.745858886838131,0.0255651358971789,0.821745984386336,-0.0892085879801521,0.098717034042614,0.162254547650534,0.394949948417026,0.898729816780103,0.227707545150179,-1.11755505000966,0.563200668318871,-2.34453693376908,-0.341972250442749,0.0774653188333159,-0.0441994321379544,0.817462908175575,0.783425721235808,0.34722671128508,0.137733498575612,0.667798929679383,-0.259090014142601,0.696384387005253,0.696935620385434,0.332387070602144,0.293353969609041,-0.601213892858534,0.610456786212113,1.06191601326746,0.49678842660284,0.734596165450109,0.440830082838308,1.60877693521061
1400,6,0.0475016327958417,0.251505820440838,0.328224218597953,0.682485673276697,0.596748182419627,-0.148044891617702,0.399575289351779,0.0358692643363916,0.325017186455529,0.165578022359466,0.704075351936571,0.778274767491513,0.211941056379218,0.517436620520047,-0.0579546031936677,0.226254055288497,0.989876400643845,0.243910983424969,0.551579057672678,0.423931982506148,1.0259184209676,-0.000463637324246591,0.283305532748094,0.653444133796238,0.529792415076648,1.03572660864948,0.536351251805681,-0.305715167831617,0.420295159389664,-1.25365444876576,0.128943973940675,0.377387929487563,0.0363830654142279,0.699244759497002,0.6482692483363,0.287464114859256,-0.523980503451426,0.698363453346831,-0.493905770383458,0.993257277281628,0.691976542554859,0.195542411229133,0.239358848234613,-0.57146053979871,0.936150097642434,1.26795074947775,1.02774325239817,0.876361528455324,0.535433784527749,1.36683195375067
1500,6,0.352114456414306,0.243914541361084,0.364486255337463,0.545562509261716,0.768973153867072,-0.117123534717342,0.647421034514926,0.337698123055448,-0.323336509048958,0.142767405608543,0.969579189565239,0.913539558185611,0.388645546271722,0.65338967442509,-0.0869644377485106,1.0174771868503,0.92061232686484,0.0941804850886067,0.638996633037949,0.366593444668375,0.827143304024229,0.485526072887802,0.715129199368195,0.636666508523415,0.859144214411034,1.08550602755989,0.793924660446193,-0.476311166926022,0.353917681497369,-0.539328835883508,0.191380455404619,0.87913639453547,-0.141146439713498,1.06718648342776,0.815702847220762,0.53573659158337,0.00572301392172503,0.83175393667564,-0.313677823236758,1.15474259112675,0.544412830123981,0.0854097477622225,0.725412769512525,-0.354178157573098,0.718169627626917,1.23446474566151,1.09239735093119,1.10875282843181,0.202965415973151,1.14058941357325
1600,6,-0.196904024505764,0.187905341413416,0.287787507947345,0.395892652110439,0.796985738915055,-0.69018023372113,0.600235984550026,0.339285127553013,0.285833872216905,-0.0882328730938804,0.824772874201076,0.931810684699214,0.373617862238254,1.014240496544,-0.458501658852546,1.29723275555486,0.751369919021358,0.532839485869832,0.948214984794413,0.432499895416652,0.635775725379009,0.326707013839233,0.674269949697653,0.353944291126416,0.633024886121753,1.09499348827419,0.553889939762343,-1.09613302092837,0.254349948420654,-0.153133906015628,0.419879477489525,0.871990093857259,-0.234664946854318,0.789648987208514,0.94443451271567,0.431230182797144,0.821315805179155,1.0830535283816,-0.526568000775007,1.21492098971929,0.769564152014745,0.351207549120562,0.736281083424918,0.503889910956,0.497564456513745,1.12749592378903,0.70081610989125,0.810187311025705,0.612996628520948,1.45363437643443
1700,6,0.378317410126056,0.718151343597354,0.0512342265896084,0.498957434807526,0.879409132803347,-1.04920106042429,0.666960294768169,0.107792624038173,0.762726253653222,-0.476974283918816,0.663133478793057,1.23480728913506,0.586129136632901,0.934494378747661,-0.591296843806672,0.830419973813845,0.90516961475011,0.983893213245838,0.928796417098168,0.516062055584607,0.46872558514118,0.591223926362718,0.648651221768742,0.802906377441357,0.91513785308675,1.00072427589463,0.298632698690635,-1.26521538838814,0.417608938910036,0.396715341878396,0.306497977513991,0.922836075777481,0.227111829294341,0.610713280058319,0.764622101506981,0.368233043388944,0.911834996330591,0.908954625646905,-0.385938410083706,1.1348222096081,0.509937048663234,0.54790726983849,0.67163509647549,0.249646176643944,0.452766598746325,0.935939500155036,0.355289916603697,0.926960608324784,0.766280040725173,1.14020573759737
1800,6,0.871718990542149,1.00189957297926,0.264061782123894,0.838370950121316,1.13963165875926,0.0432098048594172,0.897830232286808,-0.628906213997796,1.49270056397271,0.0377811539610886,0.841809071912984,1.013615712437,0.639724377817275,1.21250454838318,-0.0378603410326293,1.90569967053402,0.989055608920516,1.08948352606351,0.549899454344131,0.776443437037059,0.807168788254703,0.463052201918805,0.854373772376477,1.09297958105035,0.947839965749561,0.82601849178884,0.494927077042138,-0.514930257142727,0.809229344953848,-0.0741564040305831,0.435386561522581,0.936934593750252,0.763387540304764,0.886292939110486,1.03739847432702,0.251834479558871,0.99446742444572,0.752331931150735,0.244744251910873,1.1470263699943,1.12569823780964,0.53702204528384,0.657209961617045,0.322295391507343,0.80123944303474,1.01914930004924,0.888223287512484,0.998752170803462,1.4386575623182,1.67075907539038
1900,6,0.869097684430955,0.944943491354541,0.0605694444688958,0.893798175033112,1.05797760920082,1.2418785976564,1.10315360679075,-0.762772921683567,0.973034009234512,0.746839224095748,0.879520423424955,1.0962825015371,0.641617895785348,0.861665579445702,0.560684438426175,2.18117954778158,1.16127257657927,0.951495861349487,0.649113679960229,0.631285782507438,1.15680259462661,0.66576224300101,0.973232173234996,0.549362494518264,1.05955633080389,1.08182800312448,0.488226702220433,0.193938650869557,0.858077854528247,1.56480944621053,0.668811073700405,1.06611614340682,0.638511104194042,0.88538084374997,1.04103224374994,0.383676277636688,0.922736870344232,0.980960466468792,0.0334281830575915,1.34671616675221,1.10957689598877,0.924650210665501,0.798330106004625,0.602536282469027,1.00658811153843,1.08892460692038,1.12927823725589,0.999081706259315,1.44726675973975,1.37219054846483
2000,6,1.46248876456491,1.43198329891667,0.740902103115849,0.639630118564979,1.08036070267826,0.577171877153135,0.967193308976189,-0.379396097478718,0.690030517188236,1.16851381549466,0.955016674829135,1.13392650795744,0.80565281947391,0.767228791259252,0.108678715592556,1.8231104725065,1.04993481916575,0.934021017445682,0.841773644826514,0.795274140507634,1.41237067949726,0.698376683662249,1.23310425518223,0.44530457289338,1.3630656359277,1.25804496720349,0.78822573764729,0.743546900341462,1.3171180943379,0.491030714466829,1.30240421867215,1.2560634752345,0.519724433153292,0.962655436741683,1.1484565400782,0.577387683455738,0.496590745401317,0.795617520510292,0.196647584202374,1.06092170365491,0.876824899915326,1.25239482245609,1.22560125500751,0.383663563585102,1.14624154869305,0.791213459833045,1.57790053265673,0.742902852006339,1.61036981249353,0.702654049596391
2100,6,1.65059289883296,1.67903396660556,0.69912629261701,0.962640768717575,1.29515314539951,0.564962074547247,0.904525701412774,0.656527841673548,0.758800201950678,0.815964242302916,1.05543069367525,1.06874792683421,0.676005410450863,1.03558737512844,-0.639396590355062,2.15103544918217,0.604575384483042,1.23712615079953,1.03650862110726,0.371109567779134,1.54027433607312,0.923295197429321,1.52344388798864,0.402689410067999,1.33792056806193,1.17634346722861,0.942051502095097,0.537473655031515,0.990192080789757,0.737126124769795,1.2688795755571,1.27189993372096,1.28554251310361,1.0392604279755,1.05697632890602,0.434940562615889,0.177079132955556,1.14999028642949,0.368909313138908,1.18129419757845,0.908237175673746,0.999868889772816,1.03307383812458,0.948821483155228,0.91118220419274,0.961304910447685,1.38906399310004,0.747279667510342,1.09100458374572,0.844636046882145
2200,6,1.80550523726379,1.30088052952439,0.180500618810662,0.902656584879348,1.40525590747166,0.419497545408009,0.597636588200013,-0.188111490217197,0.492943671473108,0.66938832418816,1.15495662882154,1.08263516085542,0.812787484086177,0.631798223864846,0.367157145360758,2.32466763005441,0.554712497743474,1.26215576015337,0.840821955880584,0.784571889456967,1.4526197332539,1.18828231930247,1.34275040047551,0.81281909809969,1.12470780422317,1.22961095302264,1.19243837186018,0.512945083217037,1.33366679683562,0.623729009397986,0.597979588528141,1.04582392250693,0.575093777264022,0.911672701367655,0.940559068174736,0.373860908563995,0.526280775114083,1.39495112544969,1.01631517306523,1.27495371676228,1.10747022062526,0.957485545848794,1.06694334149942,1.22552004300699,1.19787503419561,0.905908372949152,1.01377304814101,1.00170857649694,1.62412674288277,1.2515056699872
2300,6,0.738670947605237,1.23225237257376,1.43007546513189,0.849288697907081,1.13134558597444,0.0728208397732215,0.662460586778144,0.086862288817662,0.534098007101966,0.967133777082972,0.884431022889573,0.641558250291646,1.00385281606457,0.901579380656476,0.589180728781104,1.06065458653928,0.755800279685405,1.17496104672662,0.915833585331197,0.938493449821355,1.26674490734681,0.694289337181349,1.07174633343279,1.11407106680308,0.806906365354327,1.16620436697279,1.07822878295364,-0.293514702513194,1.20158148280647,0.773914358681546,1.22042535480517,0.898395223957277,0.401294341728348,0.696558158024122,0.541671719765367,0.533686891360256,-0.165031382630746,0.932661674064505,0.110973955985667,1.41821009770969,0.991769663886936,0.882566522540074,1.13283252162834,1.73332985330606,1.11334810231958,0.590954502839609,0.823548535234472,0.753530830960868,1.43181559942141,1.30852995761139
2400,6,1.32540054484443,0.671792834479241,0.651636496722761,0.894973392719055,0.774074864497854,-0.983134084127128,0.566000076003018,-1.22618312354184,0.427144973377794,0.75503637528421,0.973300091984879,0.513126820348169,1.07821032542122,0.887640215848548,1.84713520387725,0.533248290586192,0.868454138772266,0.88968296936706,0.826666054830778,0.634527156469321,0.944987207575818,0.370020498079196,0.88460258214448,0.623268408454969,0.337612164179221,0.974534266860382,0.419699587191853,-0.390653929065106,1.0962183743481,0.724071153953943,1.05338202415764,0.274192587011017,0.00973085844896349,1.04474344894391,0.449426806880624,0.894007917705429,-0.287859938894477,0.402932752730198,-0.32456085658321,1.25592757860226,0.778171908298452,0.615413185114927,0.871391349908826,1.51507923669729,1.02341873449758,1.15038999987708,1.06258598133003,0.710385315802446,0.707964760041706,0.49268923670611
2500,6,0.532672845837506,1.0906574615534,1.80381849771934,0.964663929767104,0.77747630295586,-0.335500655516725,0.696882000713434,0.00635531823273916,0.316058255989594,0.850355326219615,0.912987087059515,0.877465571432425,0.879670253365822,0.895586627867576,2.9632859857034,1.52031095013491,1.20487765827015,0.817094596948618,0.763194218521424,0.543281784122988,1.29614224344346,0.388652505046398,0.728450018370116,0.951551972035432,0.767907651323227,0.84697891175134,1.09560797782713,0.00417733335548021,1.02980502099675,0.738630634882742,0.980278572316127,0.338465536880613,0.421851577761086,1.03768853540427,1.29765365316261,1.24274469048088,-0.174234925398017,0.867256500218754,-0.163485565800634,1.20993891968622,1.03609374041275,1.27376560172829,1.17179557886686,0.720861092680302,0.961656935855412,1.28071922780204,0.992199675990328,0.80739246297039,0.785025010054386,1.32709757051229
2600,6,0.964687837986178,0.768011191856499,1.71822234982696,0.423016450833599,0.657821341264551,-0.300246684229615,1.01495205232546,-0.445665941625078,0.535888634239003,0.863060719259501,1.17985536242745,0.981186117332515,0.997087875995228,1.01986749470435,1.72391191333706,1.10806585313513,0.4165743634565,0.788693819195984,1.28254325739856,0.515240337931486,0.939996006868906,0.213646429387533,1.18991485759517,0.830820392314411,0.857662650477482,1.03240149048347,0.59889802617292,0.0724924211910318,0.891006579385921,0.665262514732565,1.11690418478494,0.367317345138419,0.920627830741915,1.0890036245296,1.45040990091122,1.21913186164622,0.696724920298735,1.09564900740611,0.0295789668433191,1.10011349397318,1.05594290452062,1.15313418363603,1.40666214187457,0.642829080066419,1.10964620006591,1.22361177862049,0.873370603706481,0.70069752230976,0.370916633389336,1.07118776005524
2700,6,1.2111831547309,1.18930403306136,1.24707552180731,0.780269949020471,0.899530705280045,-0.222997039842461,0.831384032806137,-0.244561150560432,0.197844708776242,0.710568084884074,0.95599515985584,0.589656619339796,1.13250277542765,1.04843544585169,0.950864929935074,2.03331768911009,0.567253077455308,0.873229965787442,1.60941134028152,0.715296301519322,0.986008138311137,-0.181283776201564,1.27784290169848,1.37473000083234,0.803759209838267,1.16816916569509,1.27206030516971,0.91349604854674,0.891877867789091,-0.255397725897101,0.443069543026876,0.308289535715727,0.447931146934566,1.0150445703565,1.57813148974702,1.09159883282302,0.533226940008932,1.41153294221871,0.415227965144321,1.17970729623346,0.905049002037569,0.690689376668782,1.84182832132087,1.16558651946226,0.952513269715767,0.946379002586717,1.09152761678736,1.16153492511577,0.674830867371341,2.33290012812767
2800,6,0.6597692948455,1.33661645930047,1.31251629836561,0.640330022194541,1.24857302254083,1.30741359343542,1.00692933285591,-0.376371959273021,0.390300078523327,0.455179841021703,1.09384402887012,0.674245299711592,1.42216273886639,0.918861907382015,1.31621955100622,1.43127045307305,0.600209719561548,0.660878292494634,1.41751438029334,0.699628480667027,1.0070075059639,0.256580525884922,1.04467837995543,0.957270729985335,0.951180337505713,1.09813205715406,1.59060371025277,0.494515355553835,0.55457891517623,-0.321008873284472,0.424199763718664,0.695686673494996,1.23014585772998,0.925484222155878,1.0399027543054,0.927615963645178,0.762211787555634,1.08363839572782,0.467839126546377,0.998881442823308,0.925502868774203,0.619319018524647,1.66359359697931,0.540221400561061,1.09374394628603,1.02545121082371,0.973492054075526,1.06446101993031,0.263271160217616,1.12587902207877
2900,6,0.657288675461417,1.10598628130881,0.695204218589569,0.845821273597333,0.792501579720983,0.691524785800835,0.771162620293443,-0.506068722979709,0.583148707105521,0.504358268257599,1.58727374888038,0.781464741985177,1.38122757605369,1.07628754798573,0.488880097805259,0.273840057190369,0.79071637427775,0.586295392100939,0.992691283596675,0.854978214909303,0.628409445062715,0.217665769514462,0.890496728572344,1.04719952109439,1.08144280336788,1.16121180055509,0.763848641590461,0.018490836492796,0.933180881464819,-0.923959025162244,0.735793017560041,0.74233938192576,1.28899080315394,1.01367921652918,0.466092147218414,0.847259242395362,0.76884042835565,1.14648453781084,0.28729063924598,1.09252511058911,0.875302144849852,0.504498876751718,1.12239746238615,0.626344200225135,1.17577098283999,1.01511968921037,0.548835456563437,1.0068101822757,-0.0700305832990702,0.995054442786429
3000,6,-0.014667702539811,1.18497392625068,0.861794536055578,0.703777012786513,0.608879747206272,0.657662109101351,0.895005782069182,0.130972092991606,1.01208378292129,0.316190899800728,1.3210816848303,0.897670463932501,0.997008229559938,1.24119237366171,0.699651262311266,0.474665609651885,1.21837443328579,1.039267073869,1.2549657002887,1.05858519087537,0.873630870556072,1.00368716281242,1.0639046363347,1.40845451945163,1.24388328462834,1.24536034398433,0.507529819570536,0.5668912600794,1.11062431897223,-0.419955340638828,1.1102363181104,0.878204461463009,0.722905034196198,0.990627847802415,0.457168483236287,0.579285437646663,0.746362511432208,1.01676900614695,0.323748650297259,0.921631667159671,1.01871838329499,0.757114055460978,1.35438308024721,0.154858208563578,1.14925776543161,1.31357914057791,0.775319435435454,0.910970233204846,-0.318987041211708,0.96278037181107
3100,6,0.442303117034338,0.867057884426264,1.13006149406314,1.13282891265451,0.414969494158417,0.48231544815909,0.9529132384204,0.163665667042376,1.28199236433026,0.131920216791625,1.10793395746663,0.762221675573528,0.6978197293543,1.23396582193361,0.610068157521934,1.35452198890346,0.93487711682245,1.02291600351448,1.47850052334478,1.08928974009596,0.947723206028918,0.974871050351584,0.807131001917928,1.13027723768699,1.26913995682269,1.21479736894904,0.72617373675582,0.9433049402451,1.36081060473542,-1.04663963741902,1.6136538231512,0.974618789487483,-0.127938173484068,0.967987385463088,0.974076658853197,0.607856380374771,0.580835328298314,0.996137845468123,0.275332494212402,0.686783058923012,0.850111930330785,0.850615568738886,1.27342655366932,0.481903492500405,0.889938505590354,1.09131520163461,1.01027127906966,0.899477755087059,-0.464349216451306,1.27253520131025
3200,6,1.30904179363799,0.51480088526702,0.805134232357091,1.57761192411575,0.831620410273295,0.8006165074911,0.780523914548809,0.56938097673346,0.976621224065447,0.500895081529925,1.17369869629386,1.02411431879007,0.753323959984788,1.01859021191013,0.744056479771354,1.63999693513958,1.09848528553429,1.20168533596238,1.39085566996374,1.00960818947232,0.8380280292858,0.742629320309898,0.904624694030338,1.10731776652258,1.04153677140141,0.894559088319098,1.19497063059847,0.0947480994322781,1.13890253504004,-0.0577260762801999,1.27647337593568,0.721127251010867,-0.188680589601663,1.21353532036481,1.48727354189452,0.424475272471914,0.792802308532318,0.851346407325491,-0.505514583942694,0.576676948337568,0.908608425649762,0.970309803206999,1.28910872324967,0.235995245093214,1.05808418082753,1.01914306870816,0.625502545853514,1.013190852472,0.286246560089653,1.83500537476322
3300,6,1.51512359455062,0.154111356045283,0.653607977318584,1.98464674074983,0.8691857727562,0.950992758335511,0.927746154672923,1.44611106162711,1.11456684621598,0.507097974094154,0.894238516070923,1.43762855876873,1.06187076411338,1.00061804066796,0.956984528783049,1.20470360792213,1.05448200273358,1.08772788381728,1.11433348868717,0.552091332408385,0.869595525782128,1.3497372409275,0.885519368672389,1.20516649003333,1.15009784700753,1.04736908307311,1.31523203104914,0.843515329674556,1.42582879648171,0.865869836603513,0.983499498046348,0.814468190838129,0.358838902789029,1.23867824069452,1.25444570981314,0.877639988861018,1.36219490357957,1.10661222125377,0.155328746792806,0.794355848909702,0.997821622253193,1.19086217511844,1.36966121488229,0.835423482454125,0.908216593330024,0.763035747450193,1.40441910315757,1.06990299271977,0.375957408790172,1.18253872283155
3400,6,1.73452625949077,0.303667790033576,1.25248990752806,1.89180626900798,1.0090065150541,1.0080310165892,1.27708793023091,1.75690453562047,0.957460963749495,0.262925057983579,1.15013379611618,1.26548689712811,1.07959888006543,0.854682767413941,1.80664534015618,1.4414591852719,0.912124457172702,0.949352663963527,1.16433408253678,0.808541017295099,1.02078809595093,0.765151522147594,1.16640641775003,1.22894754942893,0.949613644701889,0.787943630684559,1.2441700902139,2.12230292899569,1.02164748195344,0.804060065484303,0.82575106735782,0.79041838262086,0.370926183536833,1.11406069133682,1.32295895479013,0.748503686442176,1.75198077082823,1.26168465938045,-0.408045608499227,1.01502066679512,1.20679336258442,1.0682958028999,0.496088701704396,0.472605976128595,0.555667447130983,0.781450131201375,1.03530840991165,1.15354849022471,0.441471907652435,0.532418101105589
3500,6,3.09289537657124,0.412454964548164,1.16626922932739,1.4056347945137,0.830972250079915,1.0646675528389,1.68388164514395,1.13609258909175,1.27775447731262,0.868231604999726,1.05627742149201,1.40811482278117,1.06384356441987,0.731579300499946,1.40229037905238,1.39917716152011,0.989743638030418,1.12539527028492,0.970958678863868,1.24767789177792,0.800606503272322,0.792835312094775,1.18267909292111,0.820882768139064,1.0623817276049,0.963965358403419,0.993337259229789,1.60696632307021,1.01012240075727,0.560804629322525,0.820382125384121,1.01578479082533,0.906809477969767,1.14800531068928,1.42515403933747,1.02662349803966,1.65343296817966,1.17252477701777,0.544611174153941,1.24121315715729,1.24902502663389,1.00768783186262,1.05831671807106,0.282746342532756,0.990349338528059,1.00458875167808,1.34196332994165,1.19133331732361,0.243576358689167,0.768785083466082
3600,6,2.85844876002157,0.240544092321376,1.14241638683335,1.31013085293949,0.735097629576797,2.11296389992776,1.68200575951323,1.2328913457814,1.31954173725262,0.933778781282083,1.12325142563949,1.08599499477678,1.2652592554309,0.917999712859292,1.81525535643501,1.1971098532546,0.938910771329384,1.56812566470147,1.20259848528563,0.980849147913583,1.17358073803162,1.43797759388079,0.972455538991768,0.788814447453861,1.22725567092909,0.889728178791213,1.46106419036484,0.910327920235799,1.05817776646075,1.18669004983944,0.695857617196911,1.38661677566348,1.02006955213814,1.17241282934119,0.825604145999162,0.97860659837003,1.37705421077944,1.39231927026939,1.51885415224461,1.04006297727774,1.25746621957564,1.06391809607399,0.968147017111073,0.875781403200244,1.08724330595171,1.03602767541058,1.65872339973252,1.22810749984056,0.497001466315768,0.864216613753909
3700,6,2.16645825700419,0.865658612518774,0.930118651656131,1.58861896013521,0.663980770346882,2.0204346666756,1.82500586536275,0.871346382890996,1.20186681853415,0.969377763901598,1.12282663469113,1.07088076780618,1.33088387983056,1.21623996558193,2.2247838972315,1.3390645362563,1.14057281691503,1.32766264801958,1.49481798545832,0.912464756034159,0.933297981462901,2.14760321054396,1.4164489020482,0.956132468017694,1.04775079128461,0.828944492593865,1.52075885241727,1.58936309014696,1.35878860743539,2.18012032449567,1.66699629979426,2.17473619304342,1.37341762870483,1.13957903616547,0.818175649598554,1.09999751584241,1.51907013592402,1.22269071550297,0.993954164875985,0.879911430817756,1.02740692741806,1.17134230617557,0.821528153553022,1.15953818436731,1.08123329357179,0.894679857912868,0.997490707892879,1.20492729736928,0.62199490791393,1.94941458892455
3800,6,2.24147543528684,1.06486363308655,1.57552499628548,1.50220498063636,0.808654784155786,1.51814195625156,1.75917300735186,0.588100723279283,1.36936173988749,1.45116057756969,1.04360729940695,1.14469402272237,1.44453189961047,1.80701553658933,2.59879131518118,2.72738092592269,1.26319433450759,0.948840066326368,1.97992321445071,0.877891708943251,1.01012181501326,2.20414045727455,1.27663646790058,1.20885087584998,1.20768180007389,0.838503761583502,1.89477578268792,2.11120314001143,1.83540441792249,1.74996195910068,1.39442732087719,1.63734753725062,1.47635885538591,1.31486618405552,1.32771464715371,1.21000878833131,1.67187229563687,1.59818295190033,0.867671194937939,0.834173313589311,1.17833354055718,1.02988813578397,0.778881142365388,0.901547313216079,1.3057073299881,1.02443495532672,0.637934614164998,1.3610960371784,1.24504660484925,1.99538014187076
3900,6,2.49153289548813,1.43097212824243,2.01003263446503,1.6563161729372,1.35355653756196,2.13916442763867,1.50445969786744,0.772190714551327,1.13765043627563,1.63582271724662,0.962735907177806,1.20165452420319,1.75343156026155,1.49098552607197,2.1923822180988,2.87565337061459,0.987395240328078,1.38562404354996,1.61325022548259,1.66061950816652,1.81920331522639,1.7107941034449,1.51916250978262,1.43001192887496,1.26397017264768,0.974104906632729,1.33152971798163,1.33643405873435,1.3630476685603,1.25626345819718,1.85028298714561,1.37891466647441,1.97326527916893,1.02407007047937,0.943552648311206,0.963538474990702,1.83134157800125,1.70106182237227,1.28351300527552,0.997362955888976,1.39917936177152,1.0541955230764,1.03620353826373,1.14531406794212,0.868944216887598,1.22915813249622,0.505675418722459,1.49206601553783,0.998853049770568,1.77140220433517
4000,6,2.87335593689628,1.29738064098681,1.70831502031529,1.81613217812267,1.42933812927402,2.33981265976355,1.7928970351317,1.43626994551488,1.21675873117001,1.64410100654224,0.864969637891232,0.907520930928155,1.39834089238531,1.91669879943555,2.31147336251459,1.8668840768819,1.18623993954283,1.5147365007708,1.2297360882023,1.47371754622561,1.41270603312364,1.71867885881324,1.8308545859134,1.50511254214984,0.938548053414398,1.02911586413794,1.58441441341466,0.995939144606457,1.38339437449055,1.25464137583606,1.43541687893504,1.54846561721121,2.10231371454695,1.09567098339669,0.630608425564232,0.873807239155114,1.4320890540284,1.34817745464834,0.90270834979158,1.28433124681791,1.0760075673993,1.07932150907001,0.950327239382588,0.478193361631362,0.950297446352518,1.24771200284958,0.866708282827554,1.52136766653685,0.907124708893398,1.50333340362367
4100,6,3.48665981254949,1.33529899679859,0.888361081287249,1.89406087140994,1.21465034961137,1.91802897421853,1.8088037329503,2.49528448604948,1.41220686813918,1.83508600338222,1.29052446812085,1.48383860585959,1.41003664358842,2.2264326678846,2.48056434680974,2.03604257132203,1.211772550645,1.55519236430617,1.83791362579141,1.3797862535628,1.46734349853249,2.81452716505846,1.68317208303872,1.29937080511866,1.19234141476373,1.17461863803262,2.25967767376611,2.20982927763551,1.48778690794708,2.54491387309078,1.70281109097279,1.39272747563316,2.00028425653812,1.31533642010375,1.05442777181438,1.34379634451047,1.90114944384936,1.64178312844037,2.81716175712452,1.25057661847933,1.61434841456855,1.12233411193057,0.904628026857817,0.322446792975435,0.998159362218942,1.18591547531487,0.93866313045648,1.37591365230135,1.48702619506366,1.35326459365701
4200,6,3.49381559639931,1.51521543525825,1.8517038501128,1.60111163596006,1.39516360224759,2.5747905608966,1.50642400168613,3.04232372477195,1.57780074461883,2.15762891707422,1.3058450111546,1.46237675767013,1.11426526648994,1.50883617184285,2.19722415054393,2.03252204855772,1.01550435103775,1.42677918217872,1.34780828410456,1.68373979269876,1.76272267164304,2.19385755879777,1.82260999209313,1.54586869111241,1.21501641375557,1.45929374546984,2.12775613030456,1.70180223468309,1.37301314246514,3.50093461292381,1.90329815550962,1.3995131121293,1.61905484219502,1.19162383214817,0.713851481962609,1.31318740534078,1.87128363500712,1.72616662925889,3.37421054422303,1.1473590017562,1.6977630528313,1.31613018946197,1.1442948133055,1.12295579143139,1.39366362214093,1.1731288292881,1.25074214730082,1.59431114396056,1.26511089778177,2.01701547631282
4300,6,3.2486593063123,1.69394286012209,1.89898565122415,1.43483908072626,1.43302911495996,3.00264055390182,1.42968895981236,4.0900875473265,1.75532261358868,1.96909553609098,1.50754663685324,1.57904835037574,1.26418622889542,1.62796865566583,2.3743693206231,1.82472252694214,1.02027151757385,1.57590137850741,1.22931566975104,1.76564980556609,1.40080918819697,2.02901817531833,1.46628614145809,1.41066233298432,1.51425159218328,1.27054562430718,2.49337214740558,2.87049073926439,1.2001560719078,3.7782518780213,1.40405235838882,1.11746790030685,1.78543002159627,1.21078978254983,0.805926521867822,0.819647445117061,1.58319624883174,1.56147304011691,3.41336195427902,1.32887356963583,1.70884325090872,1.56380804105386,1.45028339853354,0.779789030780746,1.51711917393387,0.943901292811759,1.021106564343,1.39604173600875,1.15990990025842,2.39983602655214
4400,6,2.44797272799394,1.91232551904159,0.613876487196984,1.53404232771493,1.43597571752038,3.38518129384512,1.50777910391546,3.04371298355224,1.47199089917132,1.10101489946897,1.47767979949363,1.64847283795875,1.11634355990554,1.64060611055653,3.42948389828957,1.31962588550914,1.23807186399155,1.73106576642242,1.52294048249217,1.10277929305307,1.53808488303925,1.92159373709609,1.59645521314702,1.09830376965284,1.55555675672094,1.30959023542408,2.06841008128982,2.53136655821622,0.968397852193442,3.33749442512151,1.676012213153,1.09036614885324,1.18580843309051,1.35984615180687,1.14633793784188,0.681811879584714,2.17287989573417,1.35132637338332,3.07780993056787,1.44994534981313,1.348932198534,1.07855783415863,1.23039877152454,0.917897101694303,1.31700054047369,1.09281598509631,0.823811706521822,1.45672890249304,1.28536102972377,2.47538986841491
4500,6,2.41727751541038,2.28486633321301,0.994261121867683,1.64675522934265,1.85260857059601,2.37658640820761,1.52693329310288,3.12362031600866,1.4656453723303,0.949631012478764,1.35601392073602,1.65384788582912,1.07076661764139,1.63395034358434,2.86805226930566,2.01063964228883,1.33307676272333,1.65861386892046,1.8018725223827,1.19482912843297,1.69479551257923,1.7551961605158,1.62942772244709,1.38099234668363,1.38903313742633,1.54607416774538,1.7719761713401,3.02452765846344,1.09499329757628,3.96539314872587,1.89599229321421,1.02321963930641,0.933649806141077,1.47025289476813,1.46995919799336,0.806158591716083,2.23053240537458,1.35725570741886,2.61049540280402,1.69283253567174,1.41415595604115,1.4861449201992,1.24518190104509,1.58659470833807,1.54203663202999,1.14085014633034,0.909900177098738,1.61080389928366,1.16356072461437,1.79137775759139
4600,6,2.14205929859213,2.01610077760447,1.11866488838816,1.48084969276535,2.2578856710703,1.92647936328541,1.71243772003279,3.12327057046278,1.1580511457197,0.383464787901998,1.18376265913405,1.59344022660866,1.21472412004198,1.69019542337702,2.68984405910108,1.58781618349425,1.50783126283646,1.3529799386901,1.4212309850417,1.17658581813692,2.02141794928309,1.21419582389429,1.45290922020382,1.19667877381153,1.67096815147897,1.53352869872044,1.53552774150996,2.73953139247445,1.24030845504746,2.53826875486526,1.47313053260983,1.55881395758366,1.43476193259936,1.19584153489056,1.83219304541278,0.810807604750129,2.29556117834609,0.98223091313663,3.06027246177737,1.48892214424774,1.6402504753318,1.71986705898257,1.61183217563993,2.35979692633257,1.4381328048416,1.43286569276631,0.746592397098827,1.51397070409706,1.71294866620479,2.12094290356041
4700,6,1.91461048954039,1.69757960672421,1.84698207545239,1.66224634501311,2.26269966340525,2.24711346317993,1.50394772332226,3.66371026070422,1.60644403281827,0.729437343346975,0.890300947605758,1.3232807308954,1.58320419963867,1.9105889874408,2.54553468903434,1.91391947977776,1.55112112281932,1.32023532486025,0.996794910905605,2.12504417017732,2.01618280413142,1.5722164842445,1.55902290501966,1.77668132060499,1.99317620567024,1.5986264107822,1.86376324736531,2.90833738594237,1.06304070159698,3.74863557344562,0.832553714102776,1.83531408404294,1.95242026561612,1.13963341608708,1.70398472943484,1.08895763494559,2.54050976471216,1.10716931219891,3.05755462356543,1.37276143249605,1.75346377863172,1.58111393328982,1.61497430486157,2.904153182014,1.87729214330728,1.69946151377454,1.34284949544891,1.67028316597375,1.9773150883047,3.01903963922465
4800,6,3.32416784179856,1.38511054751722,1.81862486028975,1.74421641874684,1.73899239642942,2.76546678376485,1.76296414071279,3.48064146673536,2.1136757889386,1.15589561543871,1.11980470627228,1.14181725693843,1.36106933967517,1.42905488866388,2.12818761100196,1.86735055809482,1.36224186215419,1.24068529874095,1.24846788102031,1.64446315204633,1.49132779123246,1.30127578639556,1.74340143844141,1.4094344917988,1.7161924368616,1.91572440230143,2.21931685436616,2.96866155608119,1.45159329680329,5.11499260728449,1.30590428745193,1.54318275449103,2.21610210253848,1.31184638914852,1.12817501881844,0.970681188131551,2.20507794967896,1.39890283463845,1.84626635428099,1.54227946267038,1.87779969269752,1.73522503148969,1.66204044904175,2.40704959587641,2.01088795948752,1.59655185699938,1.68716184835677,1.70525158643899,1.39339096477938,2.85908852739335
4900,6,4.12337951504971,1.33381488286159,1.97108308333498,1.61500484651858,1.10534321366846,3.56966012285941,1.59060043019731,3.34569986525504,1.75636974642745,1.26432817319548,1.36866164626999,1.63980801691397,1.32696995089939,1.54014279591922,1.78705258894193,1.22431002292341,1.24627189411532,1.31258818418374,1.68357206124486,1.40230759120677,1.12346418468416,1.59461444997074,1.35313066953548,1.267632016996,1.56448685645396,1.63760394793534,1.84285242060242,3.35842752227845,1.44242731485735,6.30696562567691,1.70919872945932,1.29381881826316,2.43734992054349,1.33835862844144,1.73557552446498,1.07943465049235,1.4822633908715,1.50502679928413,1.96557791831828,1.66956563256404,1.83176380175603,1.61905056628686,2.00045949734582,1.9686230373235,2.0988591291604,1.36941826611559,1.93442021310335,1.40328522587431,1.64509731795005,2.41645887361442
5000,6,3.58991403557382,1.69741627442013,1.60325610244343,1.86856863778139,1.45880979217442,2.84979677537715,1.60064404983108,2.80110105011397,1.83781437889694,1.37343076836861,1.19105240349676,1.39465044499123,1.40365021730978,1.52945944977253,1.72162767141942,1.59574322498909,1.07528486631224,1.26128735831065,1.7140782364338,1.43498816613155,1.11771484953108,2.28605563113385,1.60017076611164,1.20167844210154,1.56735353872671,1.53847925808618,1.66957971574082,3.23293031843267,1.51653846974162,3.79979472515634,1.74264630410484,1.42450311478124,2.93335298915562,1.26540050375585,2.06946154376164,1.21183276457136,1.71844639043723,1.43176267754714,1.91469050596257,1.63017549420764,1.85941253870339,1.39061325768101,2.22194616683951,2.1889188942519,2.10766290231431,1.24503601021681,2.02018962524969,1.26133872094145,1.67396034213006,2.79990390683661
5100,6,2.53112816978358,2.07190187029572,1.46061331781105,1.92778104446822,1.43198014164228,3.29933517599977,1.5748786906499,2.22464723685903,1.96602481192307,1.2994581822225,1.21272101137099,1.5765401166867,1.45425238325645,1.57781228340735,1.94287438377894,2.34327660107944,1.15484310150996,1.52183430566404,1.97885868090336,1.61488874921285,1.3362039967283,2.3297113561311,1.69876823161061,1.4388717534059,1.47256674019862,1.35444855551292,2.10283663088306,2.60834745646423,1.21571129353877,3.09213606154001,1.96197358344189,1.49237166597909,3.21410589970971,1.04813316102704,2.29036028934033,1.4778689066394,1.38097591676565,1.89848568016486,2.53995312439842,1.79916870683883,1.81914465058637,1.93207290549549,2.15083305945409,2.05469428506431,2.18428318760734,1.28071563902316,1.86134223588836,1.49795371297203,2.17838749665892,2.62043800415448
5200,6,2.7497569223969,1.5664582785513,1.40877556535888,1.8182617004415,1.85377923410762,3.11849155674987,1.48896753883305,2.21680788425545,1.57802006409381,1.30578196538607,1.15085319279971,1.50336847131503,1.39046055125796,1.37838137943478,1.98847175270203,3.07699163389944,1.34736421142907,1.62441190692426,1.69892086693163,1.6798491534176,1.60138971023297,1.47611646064889,1.87625577384719,1.73832922839687,1.38138311509978,1.24774328928109,2.03948892524091,1.13041093235856,1.43904348000755,3.1676926744873,1.77408826584822,1.54157762428976,2.67226935579664,1.0817360025935,2.28275760882557,1.47405039543798,1.7022805976667,1.75345743353389,2.97429529544315,1.43563329597166,1.89982851049668,1.66536265789842,2.18509911434407,1.72868522882921,1.61372263078435,1.11964847207859,1.54446535621395,1.48987753445449,2.09485305452454,3.29258033118717
5300,6,2.32447170192053,2.14839093294679,2.2122589628368,1.85637379617258,2.00829659263517,2.98793530866503,1.81035795240223,2.16819441187108,1.8283951119447,1.39881043147304,1.27720283850245,1.77096908493268,1.42931020077345,1.86758567441338,1.80078061776432,2.43558348353558,1.64690057193294,1.6594593759436,1.98568948054949,1.76095835438918,1.96596836004123,2.56967693232258,2.14660670623414,1.44561567863592,1.5660370164646,1.33360155407184,1.77572014135504,2.35700193127774,1.83062174269752,3.87147007329251,1.30505308663555,1.53313200065659,2.96109081039939,0.978068981244299,2.01984069317206,1.47713817454569,2.20406536870906,1.68527522527195,3.4141497181739,1.64168030982012,2.03856114039186,1.19173003406431,2.14829349491346,1.78032287243994,1.6032813581746,1.51000520165562,2.06309514112532,1.41875111400234,2.48559534108622,3.224824558545
5400,6,2.34414464567935,2.48974725572522,2.39966295917666,1.94922721814517,1.93929800053436,3.41393326051571,1.73220831480948,2.1459920814688,1.61639499132796,1.58096777487103,1.09406885984071,1.76698351856136,1.46507509272715,2.1960558695995,2.22722678677247,2.71478591525972,1.64081931521669,1.81851645100674,1.66446674649285,2.24072019472962,1.78012673342244,2.8201475606689,1.92086070086073,1.60354432884107,1.44342212526251,1.4359362890978,1.8798900771847,2.19038352491958,1.52810750571607,4.32111262530296,0.766521485371946,1.70516807304186,2.49140707411861,1.30639432229896,2.26019424988478,1.4275253939384,1.78852866345437,1.45152005667986,2.58698734035096,1.70715877433422,1.70962428952566,1.55364510015708,2.13714435873851,2.29232624812806,1.71920343875838,1.45158222709688,2.30163332107627,1.55593074482172,1.99590593610571,2.89001944417137
5500,6,2.43592034722423,2.19927875353731,1.76437187468213,2.24104328112029,1.64013208442717,3.35170737820465,1.89333054160115,2.56448304472569,1.73437105553862,2.34299446170993,1.29428362752282,1.66379560873377,1.60031378779314,2.18195130896907,2.50551305822082,1.88037731159038,1.84893525907811,1.63973383122235,1.93628881015556,1.88890997271827,1.25351036821325,3.02691220078818,2.63820121387429,1.64787866769633,1.87385843559817,1.73034314669628,1.52463500977464,2.13349575155882,1.50572900083548,4.69879604199131,1.69275774163792,1.73776180707213,2.7386656475849,1.37180894662584,2.15182220745021,1.68703447687856,3.01570501396616,1.24295607132557,3.03180111191507,1.68563657111669,1.79042524246756,1.59314250071021,2.01935948698245,2.72623685812337,2.01111642702723,1.70847192859086,2.23719684184468,1.48088831957614,2.13588615982564,3.87984923622147
5600,6,1.93192865820372,1.76139045929484,2.31984009531371,2.22019084842599,1.92302877946377,3.43154933921004,1.82071728379449,2.46505152661221,2.0947934019895,2.02305899688977,1.7815562595812,1.44118786275136,1.81408088105954,2.11931318375786,2.92701901015855,2.77043472826513,1.7927692885855,1.43748612704167,1.87552038628489,1.96305221888249,1.02008153276226,2.72784012171642,2.43333990543888,1.9109704585009,1.65133918206288,1.81880689409438,1.59329801231339,2.15027565024318,1.92186546009291,3.33266584832054,2.19650677654559,2.05058514482154,3.30917474964663,1.4334478847141,2.16943482882865,1.68360135901442,2.97563239966365,1.39513486157166,4.32659625638008,1.74798652400936,1.88999736825957,2.03317926301867,1.83096422061341,2.8569121733344,2.04912113740536,1.78838960555942,2.35701704568682,1.53025025467418,2.66282453600548,2.22180454379618
5700,6,2.39876133221715,2.11582821234259,2.54010250334963,2.49847805005529,2.16024831676323,2.4089592698141,1.23136370160113,2.81569456507097,2.48152409150945,2.16636468783635,1.83431127398476,1.53228212480231,1.46184763468017,2.24403702809959,4.24789422593931,3.18649772435242,1.93484069943613,1.8001355966459,1.83827362568229,1.96146732544644,1.87690899513581,2.43705940184102,1.76139887870103,1.9799306278509,1.29680957623429,1.72127661777642,2.08312460171834,2.49980908367821,1.94768497528456,4.16401464826343,2.1427578458929,2.22815427516438,2.81439479234921,1.64627484000966,2.30920651609685,1.61652154074181,2.83596952758339,1.78377411977253,4.15631783914671,1.61551044389909,1.95309424633061,2.08283676133473,1.58357071142168,2.53959183688104,2.32617433501355,1.87018360702039,2.68622867630376,1.83829092067855,2.48371688177315,1.97179173480305
5800,6,1.60583818976472,2.23995508667795,2.18569787949574,2.45863989317486,2.20443529319127,1.31918224687441,1.33296313974566,3.5281582150773,2.25300201844491,2.01790539301972,1.65392441721421,1.69412134063481,1.67261947322617,2.20770826497773,3.03831595787172,2.84826108725703,2.11520607051466,2.02848386618918,1.61331949400098,1.89842915611836,1.76433029613824,2.36991452128511,1.56415202543727,2.30930293321645,1.63379403734088,1.7114670408977,1.88302521465352,2.60989140869158,2.09930976413593,4.23043332566896,1.81539260506067,1.97214374489517,1.82479620296553,1.51377154667067,2.11382183283417,1.41215950743981,2.93834426179124,1.79116522976404,3.40398052840658,1.34134197277916,2.28638820141364,2.3464865073397,1.54000872937215,2.29297641919952,2.6801017186335,1.76243306076623,2.51646373377495,1.69678021550419,2.19602002243895,2.67246781259321
5900,6,1.22935885541587,1.81941203342064,2.75422737109034,2.14824658553956,2.02647107943728,2.38886899207397,1.38458543365812,2.54373378623694,1.61025915989995,2.48538131166325,1.60591948130673,1.87036512282515,1.58668055085782,2.32657552155405,3.62205198389666,3.72226086683202,1.93005403692997,1.63113967306384,1.38901578727986,1.75640546086114,1.6755304811301,2.67639034759992,1.22696935921265,1.92962489884096,1.5957139242815,1.52110408307736,1.97189819294713,2.88359703424983,2.23222362651103,3.7505541416459,2.45146775409399,2.62559933453487,2.01456058263768,1.85412578175509,2.09971784546204,1.72303394128925,2.96555710595121,1.35679381793559,3.52064326527545,1.468463626038,2.04979948421582,2.14867855809952,1.59157777232556,1.44653445967556,2.5545321428439,1.95165104669924,2.31936888108087,1.65661420426485,2.0926496780857,2.47299905009413
6000,6,1.51746990779419,1.6842563987944,2.30747203143166,2.53086656294858,1.73526370677768,1.6257837139285,1.45718852181741,2.38459260154147,1.91875417496997,2.26175790938799,1.61463051754359,2.0663600604486,1.5760989468585,2.40223556831608,3.16608365838224,3.85600305658548,2.06921508040806,1.53539972005464,1.83996075584135,1.73075261357887,1.72667496249856,2.79023487877054,0.999598508567529,1.65679002760843,1.98736123366241,1.59424835820903,1.9989348156626,3.47568970444993,2.4956313721733,4.09372102715769,2.25706421744866,2.67643152550831,2.49828251310623,1.86356069021207,1.55203563694205,1.64770423207058,2.74464927781487,1.33575869072309,3.51910486157849,1.38471021946866,1.86096411483744,2.02324031367855,1.48355999645778,2.14535730464318,2.40820363606369,1.61859115213264,2.49366614209019,1.79685633865235,2.47301986108977,1.64465016023849
6100,6,1.31174560938792,2.33571889198519,2.24217970320728,2.33544060336942,1.72112773721702,2.72146010545472,1.4536728090686,2.26553950918595,1.47370729195875,1.94123400359242,1.89747328393276,2.12085599499933,2.08200332770767,1.97390417500804,3.17445844761995,3.39134536126019,1.93286760169268,1.58649357756217,2.05404039444039,1.94193370908398,1.62746240369756,2.95260575317068,1.45493162621293,1.51525008246959,1.71961266704203,1.16697511158457,2.44663122296219,3.16271922036139,2.45566938429407,4.07936029873079,2.37491181156498,2.52069655036473,1.72079313173065,1.9462965912721,1.87075499443363,1.89215635119377,2.10988611782353,1.3994822420218,3.1441960778145,1.57600800291482,1.35791281872996,2.27669849768264,1.99207549906519,1.81950859579831,2.59983187198657,1.75183617961758,1.83659819780947,1.86193599632086,2.15028671188646,2.26253530679137
6200,6,1.92943805427343,2.58898451527052,2.01867800000033,1.76827670313013,1.74745356490858,3.343333519369,1.61529752773976,2.58102000032264,1.52406609171871,2.16727785191413,1.8534658576269,2.23638084905292,1.98248699374114,1.75383401983406,2.75593867326206,2.61007698391115,1.62297924700079,1.91519910198974,1.70649447127436,1.89827209291346,1.47735992241085,2.30817019558495,1.50976443654814,1.99229524630086,1.55134906180225,1.29005676306351,2.35952773288063,3.19314529438124,2.24332235481221,4.07259310535657,2.35810837199867,1.9441657303567,1.96187929575445,1.86454524743513,2.32526948526042,2.09278787676102,2.11820910597403,1.21920734958758,2.64490703562224,1.66557303142358,1.36684895407223,1.74239827530471,1.59579534815822,1.79320097958762,2.09634084678889,1.90470093163865,1.75825050442958,1.82121393897985,1.96887617131327,1.85655820027105
6300,6,2.65206315706932,2.29247539319073,2.22498808838265,1.57353987231531,2.07615290368419,3.32186981968167,1.50365571312783,2.97300083797761,2.30690776699757,1.72153491318949,1.86242610739456,2.25210392399665,2.15752072209331,1.59349468528883,3.52740522204824,2.20579102691544,1.77660767874046,1.4215681776852,1.55949355888723,2.10492722469909,1.60559994154979,2.19634441369851,1.65086769082434,2.28930766440598,1.7565579825506,1.10024105567748,2.6000152574122,2.13329299058777,2.0760733482236,4.69884006219109,2.1809500355866,1.50021770931371,2.41963968088771,1.86470114894698,1.7454021593107,2.29203113550072,2.27633405044585,1.08142132811323,2.78929281484251,1.38284777416653,1.63807066522971,2.03442923626054,1.65626455137713,2.01259671812221,1.95521672238052,1.83827974436791,1.99052404236943,1.67874149403597,2.28705736605703,2.65860091475916
6400,6,3.57539365317813,1.81629486249558,2.33233166485274,1.84362430714104,1.65825350116746,3.08341647485155,1.64879853494911,2.66275603948768,2.15999931945963,2.1104831853329,1.79775398657412,1.86445531060559,1.96671086002943,1.3596700574216,3.03397170488545,2.77037261871049,2.04826052967503,1.25843195850728,1.57122428480319,2.21564515298137,2.27391560727619,1.88608005990561,1.79880026690499,1.91540251267345,2.06117999931393,1.35276895198973,2.18372319716017,2.38330921948318,1.98517450811051,4.12893749813858,2.869266795375,2.41733622452775,2.35554828147054,1.37035451100158,1.86067930632137,2.21079838546539,2.06630786153286,1.29748529291503,2.9916503212106,1.27834146513827,1.78715549198612,1.93401744199062,1.73557455794015,2.27332154160689,1.72135817286728,1.52792988524848,1.52567104216106,1.60244764139655,2.26649515248171,2.63130685145963
6500,6,2.44684165403954,1.7637934226805,2.70941826774392,1.68579317029477,1.27916100205253,2.25956359575914,1.3954772172129,2.61501509197035,2.34677285717001,1.81381693424693,1.80032443514531,1.85932270037005,2.15411636466313,1.37848219053913,2.43667349894013,2.6733599686304,2.21264825007831,1.548141989607,1.76168304789742,2.08475888642985,2.22201101657496,2.34491309893397,1.78890523847237,1.63202683004647,2.23555736890627,0.998641912054276,1.55677827534052,2.39855889845678,2.01128069530866,4.80325974646494,2.76436069173832,1.89518395761008,2.21161889369918,1.57385596620413,1.71779083625901,2.40920396622872,2.28899745474096,1.49058628635098,2.13149903058796,1.35295202030293,1.70112337842923,1.4842682688736,1.61425829344215,2.45140386203841,1.96092966986459,1.15421502904093,1.65843365106965,1.62873900191883,2.18501930238848,2.65652652234694
6600,6,3.10805314117712,1.5765437393391,2.65392573298504,2.18819518899012,1.7438686142894,3.00167298433962,1.27028197274729,3.34476776117045,2.37700755832903,2.31035654637164,2.08141879946744,1.54076763218793,2.37458191723597,1.16037933711223,3.18049991084095,2.6356311968559,1.80460071640994,1.59141820526041,2.04835536005534,2.15347219028592,2.16023027041256,2.46665987096803,2.02655577271946,1.79970465918981,2.03058577698196,1.39201990160234,1.95327995871279,1.90283325456904,2.28125799788759,3.77972413048765,2.91679127483818,2.34483556367184,2.86943014654689,1.63896686157519,1.41747995450549,2.28484879635,2.52287301032677,1.70232269075203,2.98364527314386,1.25404175603159,1.8690813475788,1.39873949381897,1.54016177204988,2.44327445706432,2.43608121889293,1.23381387036668,1.47275465046172,1.83125965412755,2.34424264524012,3.06926573437673
6700,6,2.87311167942978,1.77750126521446,2.43336110054938,2.19511854200909,1.554145814351,3.10206784299112,1.19569556904214,2.82280640808791,2.04687573981721,1.77687153102876,1.82705822375606,1.61408143849805,1.94269200527309,1.06595817162001,4.01607563643788,2.21206986224028,1.41003162457458,1.79781550015664,1.64904652618364,2.52631899125313,1.39585620719922,3.25387332235651,1.9208045417407,1.60102721199763,2.36226952814278,1.23696635403472,2.01461414868751,3.38850211059749,2.20920360463687,3.00299191481041,2.3633947658917,2.54094257001438,1.43154963923036,1.68447926624923,1.60408850576676,2.00823983234431,1.8948731670223,1.44053533125379,1.91883759569898,1.46527809427083,2.18623266635655,1.14323337260117,1.4532561276918,2.64918572504776,2.1544044722758,1.56044027321742,1.60176224178412,1.75613242314237,2.4941626450135,1.5859414917036
6800,6,2.26314719597286,1.81477880494541,2.32114693769706,1.45872290141241,1.41216959378653,1.34049909531047,1.20858671131045,2.47525437348452,1.23885206866118,1.90968579286953,1.46709973909449,1.82743352859709,1.73072831795734,1.31121306263251,3.87262145473425,1.69724158023821,1.45162610267948,1.5034399757825,1.51846700512642,2.41048787923626,1.3547990322042,2.41842505139128,1.59095830380665,1.47156336007604,2.16570512108725,1.49788186171113,2.63552448239051,2.85055648926439,2.18202851934492,3.68505995524077,2.38720965092616,2.67398650157749,1.88177836249465,1.57357560310107,1.69564378676512,1.93082364299657,2.08906090502498,1.42608605833978,1.25414114012156,1.58271470590248,2.11953909744064,1.05977963134062,1.49494028644977,2.41462860784278,1.59223880247851,1.77120276556204,2.11092262561601,1.90199469129319,2.27937863586206,2.93154878745915
6900,6,2.37701107151647,2.02454303945483,2.3849379549116,1.44363990718501,1.5925514551765,1.56458174332694,1.33765630326156,2.72323402507913,1.72482496844623,2.07705805282512,1.52435436710298,1.59159416780929,1.65421004886038,1.85674670157291,3.3815734329959,1.10170180091022,1.80553115324746,1.64398792092682,1.53857628795299,2.25401179598288,1.43300396654445,3.29339337288689,1.38469791817004,1.58189010239541,2.33887547175971,1.56622816321155,2.35572576444894,2.75336216261346,1.98281422619309,3.49981024375623,2.03585068487089,2.80409702190014,2.5274692212021,1.72971750338466,1.30472231952509,1.47744738683411,1.8909260518463,0.961900030683515,2.13898273848636,1.78381824891382,1.96902465284973,1.67846483148956,1.42051004697723,1.83675045273825,1.71760145190762,1.78693020198347,2.46226594823579,1.69967501142146,2.48202559958132,2.3168954686897
7000,6,2.21221882027427,1.48292662223512,1.99951468318858,1.80363134340824,1.6367783906075,2.19665368573969,1.58761618432739,2.62373161527778,1.56306341605818,1.83870859910399,1.40341064286949,1.67935166540677,1.57125578840437,2.13807929380747,2.29767765279981,2.02453561651456,1.79699409243249,1.5809864563397,1.33552475938014,1.70257305425803,1.71438184309385,3.9963927001765,1.2260907778346,2.08334010380139,2.37213605515015,1.62404363984417,2.51902237109354,3.83788283131667,2.19803656377265,4.08497015197503,2.20712075738396,1.59147389329455,1.59839993646208,1.76503411197693,1.31659212243067,1.82970136545008,2.5099551759559,1.79539060377113,2.82167977980494,1.69071206461712,1.94499168794607,1.6131714815596,1.64798352964775,2.2814977165237,1.9891788737097,1.40683411116324,2.31796188134681,1.69385731640502,2.75781896169097,2.33208475297754
7100,6,1.55995411810492,1.67590646734921,3.08621995138032,1.53649161735659,2.26338974948804,3.88736309683161,1.7622904762108,3.20143259740787,1.8699402971453,2.12070401272214,1.39895835600029,1.83131155673289,1.35683996078673,2.05002779943447,2.63680985341512,2.37984061278923,2.09369325283429,1.61189318926919,1.80476557118783,1.68020447636867,2.43932138606554,3.66255675345303,1.62418995325894,1.73391016952857,2.18710271744518,1.63795927851095,2.49019058387096,4.08635793187642,1.9744530156007,2.97196077254243,2.99260355236023,1.52451852102045,1.69633639539097,1.85455320730919,1.64536440311989,2.06342353721512,1.74781693583199,1.84792784991688,2.36230433961895,1.64906167804994,1.84584135358271,1.62836505115677,1.60796001297443,3.21560826430333,1.82359803423169,1.73904138936761,2.51513310294514,1.7620183718287,2.71463954248017,3.2618404262585
7200,6,2.30761316623855,1.65739272107879,3.96608838527078,1.66762233107017,2.29876579649475,2.83360585053352,1.86370670667628,4.38382201248854,1.98916992859175,2.61795548884951,1.52866801968019,1.63238686072532,1.5684297403767,1.90460690705227,3.80992814614503,3.1629182394659,1.92536617515837,1.68920381230174,1.91604647473305,1.77587069831333,2.27319640888774,2.85688421660339,1.89834374479648,1.55116981540054,1.95005955017911,1.63430429092748,2.18379996038916,3.80744975404633,2.16373563367806,2.99322997644494,3.24786624899959,1.76624678487297,1.94298163042302,1.88399653588432,1.71441646828429,1.80265305197026,1.83778433053882,1.66840233778633,1.97557557850587,1.58015698671914,1.80150139038023,1.594364639113,1.00447273201645,2.30557443206515,2.15237727875552,1.68038753984138,1.92479372439508,1.59547351960284,2.45463517616558,3.35284401916261
7300,6,2.99106678502839,1.99030082948354,3.69486506797479,1.78103940317249,2.14262876470582,3.36800040369834,2.54253414938062,3.26856362114653,2.02011932144083,2.07801399129092,1.5167969397283,1.81825786273384,1.82838446499136,2.15423932341204,3.6306094545898,2.222633254905,1.6078639284055,1.88574061457532,1.53417925039875,2.26395499573301,2.06364410110245,2.85376977813298,1.95956329309742,1.51431070175185,1.85508144330535,1.49270948223349,1.78138046623412,2.52624041250205,2.19267227130998,3.55659668681155,3.24120470102365,2.0147758017363,3.11082938380911,1.79166535554599,1.97674370914029,1.86838489353913,1.35102549272395,2.13890395864988,2.75887993854767,1.58968674667781,1.67328851847683,1.67791400540745,1.15411735085037,2.10797569058285,2.00401821561219,1.31821231932386,1.50423955937635,1.8226186221674,2.5159990953646,3.23316144529189
7400,6,3.04077935829617,1.74949579585329,3.22606698344923,2.39708488750995,2.29400946679624,2.88987110170407,2.18509014950391,3.42315170952969,1.96789427624893,1.93379187774611,1.59294399894374,1.9973993760937,1.63766942377948,2.21324427363705,3.11231478460236,3.60034021713752,1.32565287263631,2.03019335263347,1.6183227440811,2.10632864153871,1.88524955133564,3.08508784020929,1.44341457774691,1.62919851396702,1.88604026987743,1.35122254684299,2.38944425881207,3.64587107660798,2.31317471979557,4.49810068583095,3.15818988678958,2.23634836143901,2.8566159212266,1.78114923721617,2.2475620979456,2.31148933825437,2.18017209075514,1.47309444365726,3.24475965441407,1.85627898073516,1.74938648688042,1.46921700069253,2.11262337431902,2.75678745354885,2.11771608045857,1.18200854443207,1.31492145936194,1.68189712789515,2.20220640590859,4.27197617294125
7500,6,3.15154109606326,2.30974907757605,3.11250526163718,2.49239833561086,2.02493855813943,3.92662259565738,2.37518028792965,3.45122503169025,1.63216018900102,1.92861588320017,1.66402170292161,1.80622008025312,1.58844570191082,1.8402769547322,2.69487978953922,3.14724965911599,1.40520033260384,1.49662508374325,2.05481974847266,1.8832605177496,1.96279708406931,2.99598978859692,1.70136399181268,1.2597961168964,1.62330488025018,1.5273307564216,2.5093792390453,3.38374855115753,2.02575328734701,3.71031428865193,2.95592562836902,1.2871201460566,3.28481054239757,1.60967570824948,2.28319276013877,2.66647070819687,2.08422349333009,1.72407028501257,2.79082281171545,1.78162520235971,1.79048963156668,1.78618750323665,1.82576443378708,2.56866513695916,2.02549808039643,1.57605669489808,1.82017215279952,1.720178243935,2.41523232335156,3.17882015378918
7600,6,3.01734082200418,1.89241316091111,3.52235032632264,2.3163144601676,2.11221656214251,4.68638159208269,2.11446218331316,3.39966245108748,1.92864978243746,2.05172748607792,1.8414023897414,1.72612262155473,1.89311541262283,1.50261844972741,2.87282807851454,3.08103226953909,1.89522942602446,1.35205805008365,2.22947586576678,1.27881313927589,1.63083266143061,3.36791929289938,1.74406188743902,1.50996634612388,1.21254999071848,1.58160299914097,2.59416325560634,2.83867802813224,2.0065095088267,3.76220004765278,3.21411018827378,1.64955152549274,2.63196284010007,1.70223077413771,2.31590225790467,2.53352450381753,1.41709980018941,1.72829070012002,2.83180041851033,1.59475742958382,1.69596324242098,2.16906440138585,1.69641845436925,2.61878011134195,1.47296617731647,1.54678235978802,1.7182589396028,1.89728187433747,2.42585462109945,2.81620201587769
7700,6,1.97484569805783,1.87799876280319,3.79976152028258,1.79412157809884,2.00362422185274,4.28746767175586,1.60416642864839,3.01735454565485,2.29533187720103,2.57160693588221,1.79233441527127,1.80177539689813,1.73798546646122,1.43633284450572,3.06381072351023,1.89733163908532,1.83215715947619,1.70992110129885,2.00910454938836,1.38502019007726,1.23615423132207,3.8570859803668,2.06447444381675,1.87622621814541,1.78485712662777,1.48639308200829,2.45619335668462,2.55248273546825,2.39499436284581,3.99257728002098,2.87797292344246,1.57426610851641,2.60464087281675,1.50345963701863,2.076028943727,2.50704793020173,1.58732213930131,2.28386359672338,2.86667078215035,1.29819396132883,1.55559665686547,1.8327344339344,1.99184313900482,2.49824935398736,1.27476168563112,1.493384318992,1.86271058486879,1.91193822626604,2.05032776969548,2.39051699241947
7800,6,1.7888212271959,1.66588972161243,2.89190689390091,1.7221361292171,1.84599750555259,4.20629461665689,1.74647713560439,2.9227211063906,2.3886753728262,2.59563159236138,1.45695048559161,2.01122543117389,1.46084946228955,1.83983065256108,2.25421998847317,1.70535085065152,1.88898409937371,1.52045278549009,2.0650399127136,1.69670782376457,0.565232956361848,3.19977713295363,2.17054875418612,1.57851525684074,1.86737951275034,1.56939123951963,1.88865691403699,2.2343746997643,2.61173316709456,3.67013427034147,2.63171707014147,1.38269159543289,3.58341779131611,1.7141719629335,2.05944784259223,2.21352655646507,1.65168851759494,2.352441163736,2.75551958085789,1.13488377957973,1.85223940518271,1.48539119336321,2.08733889146949,2.54910862179271,0.99587368600864,1.54826307420966,1.42074161280959,1.66560120510971,2.47225158272837,2.56938531785983
7900,6,0.905585231232762,1.50424618158089,3.47376755740989,1.82201107020408,1.62269786682937,4.41020037025993,1.49495544426821,3.20269208680507,2.51740967679707,2.21191801585368,1.2966633872156,1.76067361227915,1.28369604701607,1.63946660561539,2.20633903174179,1.80029788698299,1.70444303160856,1.64997215527833,1.738378229386,1.27977655249469,0.820596350092996,2.7301219472246,1.52788150989982,1.3917013783025,0.990287433001334,1.60827119521799,1.41448262765975,2.6970431804952,2.14442759091991,2.74786796525629,2.31904263309943,1.26434179638729,1.79756141799999,1.49965681935957,1.96067772964272,2.62435000387892,1.55854777823687,2.09855091032473,4.05735966094697,1.18802993229307,1.38666962067462,1.58225160305031,2.10028396517838,2.74036875010057,1.09729505511416,1.62262546715096,1.46462457061091,1.43078515925215,2.59346294732731,1.96417821582932
8000,6,1.26412382479529,1.7332870082976,2.69822141429475,1.60221055918495,1.86930369263453,3.18516426265296,1.2377311090585,2.10530410716371,2.27497246350479,2.17549107234133,1.1444241280594,1.64743787123943,1.4971811743092,1.17240432714046,1.5889964785158,2.367477633132,2.05348207023718,1.44175083515349,1.77848542996841,1.13803880139096,1.15671090427117,2.49605513492015,1.45426655412272,1.37217627096971,0.937202776081273,1.63158330545995,1.40880988083893,3.15500042317428,1.85084890214515,3.79186803602363,2.52958284567908,1.14505835924908,1.3349561040901,1.44451712470676,2.58507967189507,2.11123805361587,1.75930395324268,2.1734140533044,3.33993972493164,1.03987362622654,1.2927748154731,1.54572017986797,1.47615259741794,1.8254525200831,1.12828756187808,1.90532884085661,1.68032456059079,1.43387681108074,2.15944819134235,1.76394999007053
8100,6,1.00258785292347,1.56214499058072,2.6340047949184,1.65918977555237,1.90482350222684,1.44361579489181,0.979716006365776,1.69651871209712,2.08169012585634,2.40205875190707,1.26423345487175,1.43132799944277,1.33746164629634,0.915243615388174,2.50837456754095,1.54103825244114,1.59410214626256,1.03677546338811,1.30161086146255,0.809265714996369,1.38767468215897,1.95423677429065,1.75213438416659,1.3068137269719,1.03236255582129,1.61229196792694,1.21895195027698,3.0965083439563,1.9163419282698,3.05856376512984,1.56765672501446,1.22599710507609,2.00466610650495,1.55782878046897,2.05771458419454,1.72840071191483,1.43010756221089,2.02612123908787,3.11073727851925,0.88754908538215,1.05842745347712,1.81742360280785,1.54454065805774,2.48788030122362,1.13704078721291,1.91256996639439,1.59841684934296,1.56939499177386,2.88355820657483,2.74982138215204
8200,6,0.888840471302547,1.67690297107174,2.0517699685317,1.8178554088595,2.27933924960114,1.31019460950403,1.02482248306718,1.26796096683305,2.1405416323291,2.06115820419853,1.13818350083358,1.3044654956112,1.04416204265732,1.28993278254014,2.00853137309647,1.22662641558921,1.50385384198109,1.18005367387272,1.16381466512193,0.854563953470382,1.64837196602848,2.25049684598441,1.40126404293047,1.35566862464168,1.00182505457742,1.52681899429497,1.45251415629585,1.84619317055182,1.82136793955084,2.31454882195719,1.78440012745996,1.55428911409008,1.49350620861678,1.77959209562042,1.69046040477765,2.00168698968886,1.56232707009828,2.20340201429022,1.8368760770659,1.03475913279872,1.09411843434332,1.23100599301521,1.19223976952972,2.21329715659123,1.02503929552643,1.9611440502191,1.67519083257399,1.41201957091911,2.85019794849464,3.00090658428877
8300,6,1.61919458142687,1.89781216840406,1.85854276409855,1.92756629068614,2.1686946409205,0.55551909335202,1.42809965674856,3.10731490136221,1.56966371705389,2.40129333009746,1.12347656980613,1.67657046678863,1.4832776388447,1.62761926880617,2.22592362157645,1.01050853970348,1.1934722943117,1.30604767914079,1.07768777751416,1.42164350293547,1.81099214578005,2.39241129904193,0.830699538027785,1.35051960425791,1.05798886689487,1.65588637755194,1.86705709636927,2.36216080550147,1.80667634722147,3.17368939800654,1.55513067355561,1.78385931329638,1.11742621413599,1.68853370193707,1.6094029340433,1.91751266671403,1.79802538059895,2.13632596729507,2.05492640586056,1.35540316067031,1.45544854273924,1.56192722132086,1.25658314414538,2.10523728496997,1.34999197799295,1.89722420224382,1.72419787510596,1.49338852416159,2.59380906411562,1.97943324020762
8400,6,1.96364848692323,1.27069862095449,2.74718846740457,1.64352631793836,2.30255829133813,0.707983438797213,1.22777150569314,3.44939993040246,1.53435913403779,2.31382034159333,1.22007585217549,1.54697365182818,1.78269907759675,1.71248170103557,2.8405236103068,0.981123555910767,1.3624615728107,1.30464523578499,1.34734637437944,1.79421837542472,1.76453111178718,1.74803383204843,1.55268163983134,2.08567964435288,1.02429852530622,1.57608729436105,1.29151388901881,3.5322491549222,1.67725666744275,1.91804151691375,1.73134999651157,2.15864867805028,1.84423701516519,1.78436813993433,1.58238880974509,2.06248344116761,1.51010624617298,2.12709037280116,2.72581946098975,1.47295303963737,1.35460097527012,1.8847877913591,1.38809659282941,2.68857391982415,1.17652090389202,1.8601209523778,1.46790528583736,1.62637593560119,1.8976188030115,2.71393723311225
8500,6,2.25737911816542,1.30709419809085,2.96803617762218,1.62881752771285,2.33285017325834,0.815543421741959,1.5548044391479,3.72773054688953,1.39091723000094,1.68932645435582,1.39123193140784,1.42589937726524,1.86032036092863,1.6913171275189,3.18615181399749,1.52198276907419,1.17654564715012,1.35923404058714,2.00943325445297,1.9873058871195,1.75105850131906,2.00897303797597,1.4243168002776,1.85191669261678,0.808440669726621,1.61085480337189,1.40380715663085,3.10540634386585,2.06865757949185,3.6023190529118,2.56803365868982,1.55088415544839,2.24504689501497,2.10237331838242,1.45910224185877,1.64591188630174,1.02543222630449,2.01518541701711,1.83254888165601,1.57042093600089,1.44048597812786,1.98385293872409,1.53691326645929,3.35575884618161,0.963286238484371,1.48204244582592,1.61091702535647,1.78407163196192,1.79532168892898,2.49414049113482
8600,6,2.57883438011165,0.761447253005976,1.95436883565817,1.81052813827625,1.67103828853363,1.5346676128692,1.04699990563561,3.7065375535767,2.04903452247619,2.03885872154327,1.48257768680472,1.81423691157431,2.0218693779989,1.90115074493622,3.67918590111091,1.82012465546682,1.46313699434848,1.22267712917647,1.94735591848652,2.28755144738905,2.10436201848874,2.41733665099987,1.93009325309862,1.99784590959623,1.20377985376977,1.35240200738977,1.22767760423188,3.05558566727067,2.06267482658979,2.42181966256368,2.15238764876299,1.89696377177646,1.99678590677062,1.75791632795721,1.39747930717403,2.0833504576915,2.14785056298562,1.95866053825606,1.77500528113696,1.15487044860785,1.61355576723017,2.15998317879878,1.02321161575373,3.00374289718893,1.21185054780915,1.42967993310445,1.86359129774591,1.42050854291215,1.6702220186122,3.06361954850142
8700,6,2.32519044599586,0.789962061144611,1.41669382190155,1.91689141395534,2.42353239094636,1.43469092576141,1.2627761335374,3.08307291772181,1.35133049572893,1.92274653121795,1.50513733933311,1.61104763160729,2.17246817509957,1.68346801844929,3.2740715755073,2.24712573470179,1.48575551863494,1.33366573568064,1.88748983217614,2.10142653296396,1.1703554121499,3.01694307449199,1.89846516721325,1.83770152692031,1.1288192340084,1.48691768976364,1.29079749021302,2.46794854352374,1.56010500714756,2.68830797909428,1.81802747364778,2.10211626614916,2.66507104057029,1.95143356690999,1.23263484494058,2.21144946816964,2.41954337570046,1.74483845259294,1.58827221303256,1.31091830857261,1.66998616772024,2.3603382905066,1.96092330411693,2.91057437614974,2.16821468899217,1.51337131878038,1.70740311091782,1.54861310978597,2.03027100260686,3.21582038420283
8800,6,1.89472470389341,1.02443240129136,1.31268213482475,1.79048256822434,2.01746939084072,2.44648514685542,1.37661111799911,2.54139681883403,1.32357603972755,1.381141439745,1.58228691571864,1.6787019648964,1.63429704067345,1.57821432039641,3.13638246895378,1.0931311570608,1.72836063796588,1.41306904956465,2.28431133331228,1.85404147825968,1.24876803480457,2.30030028707227,1.43488871874928,2.00714452845259,1.48120895783765,1.66761911518362,1.64552867987496,1.74202310681193,2.03132439817585,2.19803774003744,1.6836882076894,2.18045512243948,2.62091599552906,2.13014034515424,1.61986287009864,1.89557823322588,2.5581174681769,1.6362062982213,1.81144746949847,1.0426759157916,1.6298028340452,2.18678191551872,2.08162388662445,3.05673897321378,2.42948220490354,1.43396823639962,2.10401929280187,1.77503393423601,2.46205887843297,3.82110752391673
8900,6,3.45779919619241,1.4272197467105,1.83228882509677,1.29376247280317,1.77774784250476,2.07509682630027,1.43951041328498,2.3274535240274,1.59700076970199,1.789208324585,1.38962614612782,1.57338113319482,1.1849708723842,1.84675576313348,3.33684166076372,1.37164178847657,1.57189390931246,1.27438512956058,1.96134536143684,1.70737925431841,0.939460905733034,1.74738411365867,1.89603189232926,2.36176322248326,2.31121425954683,1.72364104494042,2.25094152142536,1.87056611773576,1.88273475405816,4.64964815437493,1.84607514965534,3.14205969060752,2.92946673175709,1.99829293770973,1.83989324158232,1.86583410335885,2.16280925957947,1.36419490946697,2.58882720077763,1.38094346891328,1.3671039185377,1.77043714770277,1.80825176059329,2.31478536353129,1.91066426666724,1.41631714749429,1.75793144063338,1.49358101169656,2.19124664398818,4.00905465384217
9000,6,2.08470130512222,1.70356826721399,2.15559905466737,1.11856294853762,1.99696169663604,3.03894417493151,1.52950877411211,1.67493596133879,2.04585265210797,2.09597248633985,1.22309936719491,1.81154508562923,1.25597262088899,2.39316096924204,3.94766057167452,1.79280918164977,1.6735472822078,1.60379041116408,1.72747860739909,2.11642776755758,1.00084298402856,1.58300423101421,2.11060394431335,2.02986410100475,1.54729701656081,1.82647736633123,2.14885441056761,2.33995984429961,2.39481372043997,5.19131452381372,2.54546075088548,2.88448209337008,4.12469244336343,1.99547930281224,1.98009288841443,1.99546102571724,1.87738045611336,1.36451553386716,3.8630884519541,1.54004603210136,1.36068279760421,1.73254031740399,1.62626276315356,2.02629361541493,1.45050190693194,1.34378459266235,1.75173611103877,1.48867621515687,2.04320672373534,2.66084649678794
9100,6,2.69591177555622,1.50093920562844,1.10813840622984,0.798784683803443,1.58151602571718,2.34522392636634,1.37326644919678,2.021359411431,2.06345857119224,2.31862745087332,1.22320806682584,2.33735282978116,0.813671080448902,2.16536503024346,4.41154670491471,2.79019838923297,1.50615855915474,1.68044215380486,1.76225645416923,1.74832515660455,1.32173016764748,1.5731083378444,1.97301225974075,2.13768537120217,1.56765234822386,1.82679557899309,2.5439902417758,2.59217210714103,3.22854919880901,4.10105615762438,2.33631216436045,2.77531541546973,3.67054530010457,1.79769085756995,1.33154929085209,1.87820890317463,1.55640086952822,1.18819416490208,2.36381294283149,1.57074559567147,1.60667967690476,2.02869124773781,1.42701183105157,1.72282832488209,1.43388662207465,1.52298353533966,1.46002477859283,1.6321868549106,1.97559427870091,2.7076640285404
9200,6,2.57631205707891,2.28177214659684,0.733355185480031,1.03219630274652,1.84408967770132,3.28971934514519,1.73613940083334,2.39077525340627,1.86228006845616,3.3638031433303,1.61093829966695,1.85955026247227,1.51514815455705,1.90633422435169,4.09543862527689,3.51125798654636,1.28843440840604,1.59866141891514,2.00298925529518,1.60761964273148,1.42432454812801,1.35182756133307,1.94162150698226,2.41021438720459,1.63560015735484,1.73143891115772,1.31148494170805,3.31927126771733,3.09657373078686,3.39421354924454,1.78609497602125,2.76320403358999,3.42829974449021,1.59563449662993,1.37283633187513,1.93932752817904,1.43253662715612,1.60205147197568,2.14538952607531,1.68142039549185,1.71172748361723,2.00959402465325,2.00253010990665,2.70930584615559,1.9011634309059,1.59439359877662,1.60494568329077,1.19901189080652,1.8328016797461,0.690319528656962
9300,6,2.17652270684439,2.55396941977456,1.58684771827453,1.41429274060173,1.9700405675223,3.39264678187765,1.70583252491846,1.96899338766158,2.49821553845862,2.45598501420034,1.1721450341019,1.67761738985762,1.22448305824404,1.95863564699306,4.59683424461373,2.38088632387201,1.57726135082945,1.82915961830757,1.76637505100478,1.53473969175895,1.68784224639323,2.10798591773682,2.09825380285846,1.93448067580472,1.61301442641973,1.4706761985218,1.09103653801912,3.79327971690676,2.24236297150836,3.62975515460711,1.83105202816749,3.33229914163727,3.33485947946313,1.79121007506278,1.56129987601512,2.16474050377895,1.68709886195157,1.76032060839839,2.28151916918431,1.76417807156926,1.79691561143221,1.92022875458099,1.95781018219176,2.81944832220469,2.37779257202386,1.23491180529127,2.18544714321843,1.42091058945479,2.52722149598405,0.992164620908055
9400,6,2.76859271601327,3.04838373070859,2.73899290572569,1.31436752441607,1.79494948435439,3.1560733550467,2.12335325205721,1.96863263250913,2.27651245952899,2.79322652699445,1.49918538914714,2.42939589845797,1.47689773691982,1.79428228419971,3.31145702064814,2.48287290433868,1.8715078148931,1.96949340996501,1.65153751133381,2.03899094810374,1.87951092239552,1.78357421091702,2.11444930498595,2.04342965305683,2.33508963799917,1.43800865715963,1.50109046609019,4.02988152951261,2.58502014412044,3.83457173230635,2.96560480584969,2.80154658574738,3.57409870079431,1.46120941022283,1.69713986408267,2.03213591650634,2.41766412306007,2.04562638133364,3.76266220330849,1.98320201346297,1.74398419575578,1.83140785184019,1.62924018784584,3.81615597759186,2.14638791783804,1.04116732087363,1.94332202036293,1.53282593897789,2.32261759315694,1.53870237428564
9500,6,1.83173185798663,2.44447197422316,2.51893313784489,1.55778812763765,1.74115862337414,3.86274819503142,1.70028179138703,2.48696357437023,2.75198481424492,2.76208767513201,1.73862221398554,2.79242636772404,1.28993514340722,1.76777177490237,3.01453742276371,4.00133637371314,2.14719124801219,1.9327901290839,1.59626012135336,1.77505527543004,2.15872832840447,2.53503276566122,2.51888683903813,1.62876812375336,2.47864905525087,1.39017877650163,1.88615779281021,3.27452704825409,1.88952598635844,3.50365351653931,2.43288128959848,2.49001162514593,2.08238252357479,1.4962973441929,1.93843623570993,2.15018818671229,2.51719387278329,2.65581672185195,3.46631205933061,2.11607514239026,2.09791451604356,2.65215896240542,1.99000366080969,3.15652434191502,2.00056325657389,1.0647420518372,2.23068532675575,1.61043663145285,2.40124612595158,2.60673822038887
9600,6,1.55303821690163,2.21258949328287,1.79423685344323,1.53158651044441,1.89433364451021,3.57109616447727,1.478791320224,2.8127924020704,2.91488387662607,2.59599443186265,1.63905033228377,2.6623575925526,1.21916188988926,1.71837585744862,2.83084327951161,3.11902645300254,2.15541675714889,1.75433577637373,1.82458866630563,1.9047706336523,1.84660556760436,2.32182102953082,2.12966041833465,1.78981764905959,1.62549755674811,1.41174158711558,1.54825781037495,2.90491982391765,1.61355742911996,1.66092428377154,2.97529010664102,2.56464485032304,2.46408152298763,1.51430889141265,2.29308173248153,2.04886825087943,2.95182246698846,2.4370667940293,4.32107186858673,1.60612758700211,2.20254167073497,3.11841109695764,1.45118002708288,2.7192898306643,2.02780568323068,1.20206257486167,1.90347590845863,1.62006124036377,2.90267271364606,2.97929800068346
9700,6,1.67726820205934,1.62273735786956,3.1333424567497,1.33192427876673,1.70373974844532,3.44646621972404,1.73133315117002,2.95656638834479,2.46243441284644,1.75739171273385,1.42625399900466,2.05817329375467,1.66809374753238,1.38753344443379,2.56317871463502,2.28326343801824,1.89330980125072,1.98770652189087,1.77274300253035,1.74632140755056,2.17173042688031,2.16885785331781,2.29893406439439,2.05454132957816,1.82508512476953,1.5191504968505,1.30262254255014,2.87999294139284,1.93151200844835,2.36621613010454,3.06374074787168,2.0210472176909,3.1676438526536,1.2297391201398,1.83223705935737,1.60859973038325,1.79952026774471,2.13885101016303,3.64136811118674,1.3764338399271,1.92518482601224,2.64129815725829,2.0922385294458,2.91104305747965,1.82705955290026,1.4109302575939,2.48770730234186,1.43809624284942,1.87881441420993,2.18930944827777
9800,6,1.93820017362443,1.90222464985139,3.75638037920815,0.846049183133722,1.793868732111,4.75096533478015,1.42975952710445,3.41778738766456,2.18076280102757,2.08756085034707,1.20063706852414,2.24044448905825,1.65129621762899,1.4758922227729,3.83479391253135,2.41656060188873,1.14085050670594,1.58381611291898,1.90199960466461,1.88830362187372,2.43952383113898,1.59500039182985,2.30427067202868,2.09119835306181,1.7477684653923,1.41692888584942,1.84662754424753,2.88851279588421,2.2254264435355,3.72490782905078,2.03086314582308,2.70079640744777,2.74911513938953,1.23968912575945,1.22727284256658,1.5295707007908,2.23020483679841,1.68670446616506,2.8606116882181,1.43182241311828,2.07158801695391,2.35009281011153,2.4425284673572,2.20009195661311,2.00707099776314,0.959649271010683,2.53433295385361,1.42475020080516,1.92050493767784,1.84261326742954
9900,6,2.18765638928917,2.32925366291377,3.69079020928983,0.759695048930298,1.68176119272809,4.08321273946849,1.79176024891292,2.3361456246867,1.90979801763751,2.01530743809819,1.43303089300916,2.4586528145065,1.55176922325107,2.29536632473095,3.40804909380158,2.13170850159146,1.40298132005133,1.88754381569201,1.80821844778122,2.35199006527323,2.21514041027123,1.79184382329099,2.29040886487831,1.74458634486725,0.998429784241343,1.42549639334213,2.36851581696558,2.50057913376121,2.30246833696178,2.04537472517633,2.23294173235822,1.64325518912967,2.05826917678491,1.25011332987293,1.60833082986683,1.96105889357288,2.30003119779796,1.76245336089744,3.10647718167967,1.27806747133792,2.20474739569687,1.9102261096638,2.01031867524041,2.37062114582418,2.52639300754718,1.20089609551394,2.29405707441739,1.52907170807165,2.19733254134121,1.15348368602973
10000,6,1.52167058372368,2.54849475815283,2.31784570987449,0.821878001446609,1.47058978345345,3.32056611675486,2.1390493720998,1.94284899574099,1.96703023765681,1.57103469927925,1.49539134285895,1.67880132560863,1.54279152891098,2.11426729671434,3.50119995162194,2.48853846238187,1.53334045920998,2.23957845709992,1.64390225578276,1.80161434746593,2.09899688545171,1.6419910645451,1.92058736183858,1.40935288258357,1.3108517969061,1.52461879222816,1.97519168884579,2.98215598544274,2.3024524854299,2.66818355935938,2.98841515882079,2.08964983573818,3.54323121221881,1.55243582056858,1.10196490507862,1.58690821628226,1.79168382761661,1.20505353768955,3.53733290072925,0.966513243752487,1.97875458982508,1.61262889740862,1.37380334804623,2.69897658008316,2.09143903544291,1.4023555832547,1.63790529979286,1.40765504829406,1.95576993196182,-0.0633410388755093
10100,6,1.61888136321679,2.60358642051605,2.5615240373404,1.29181864917599,1.66399770835853,3.17489227429131,1.87103627800826,1.53280397021099,1.96490097360059,2.07246022793707,1.72758199441367,2.0372216289339,1.46277378857274,1.91098387157727,2.7851662585596,2.47138504074039,1.71531279614607,1.91370587424779,1.63812880128967,2.13278402938411,1.72817126879858,1.34995940517691,1.89356863424016,1.5005544897383,1.61705240158163,1.21246135757784,1.10917336207594,1.97412536588269,2.3458690124368,1.44784666574275,2.01246146207822,2.25943366154579,2.70841388984309,1.1558219718735,0.911154215352682,1.80897318945003,1.72018146927211,1.20038679796254,2.07937562688123,0.596715945650153,1.9907705606619,1.97896602723181,1.61707982365945,2.45273079544596,2.15380902150239,1.5086987486291,1.19981111271802,1.7779954251096,2.56422126355355,1.63188480799055
10200,6,0.844177411725556,2.33057159473208,2.77530521448195,1.20768325795153,1.29791612028488,4.11710323855424,1.61861860458885,1.96393772217681,1.51255182383138,2.30858477482093,1.50505383577744,1.81642575059737,1.22053934580987,1.46242837647687,1.51049698433573,2.24930123575565,1.57793927917708,1.77840539737188,1.46564621311059,2.0853167879426,2.08020175365457,1.68930114889876,1.80743946449032,2.09967478343752,1.4218532632855,1.26257994132699,1.24612772462305,1.59695933135141,1.59009263238786,2.21301728997943,1.80822035560893,1.9445451850623,2.23728526775711,1.22970321159781,1.43416967668753,1.79868704326089,1.17323791683597,0.712667507325572,1.77052175579766,1.04563231093886,1.59835440271789,1.3320147462909,2.11671436964756,1.49950367620375,1.36317593489431,1.02114655111152,2.06301096441971,1.67972073727815,2.23923389407811,1.80822855711105
10300,6,2.11157452269459,2.36160262287552,1.56149479266241,1.47571755549189,1.090728097117,1.56547195972071,1.01987908256275,1.68441280986002,1.40849686749211,2.40478682246613,1.69320407666987,1.17050495807462,1.23647992219159,1.0242115627555,1.42177697942302,0.839919814025639,0.999544873127641,1.88607627566154,1.56673509126702,1.57426732066803,1.64100617003832,1.16558139961788,1.22456968448523,1.43359855256669,1.13139453774915,1.18969461054275,1.32129058979715,0.403316181799057,1.59366134343788,1.72704348934548,1.12840533085261,1.41099641311253,2.20353407776104,0.948164859454496,0.992817763593711,2.2454965798284,1.09476097877346,0.876561025607622,2.55084849210931,1.60822707355201,1.37496463215456,1.34111787095338,1.78409781159758,0.76359848158564,0.911569618229938,1.2626343887431,1.43523422857229,1.21832716573741,2.72331801165253,1.11637405956344
10400,6,2.10834901099957,2.07877618065233,0.887905303961415,1.41994970064207,0.973836273717673,1.15406578249955,0.940917505468868,0.213694822665705,1.8710769721345,1.67626583958388,1.42620483062266,1.45463515882379,1.25754107558727,1.0497082060969,1.33462019033047,0.50512177129588,1.05466668249802,1.08930257983035,1.44669393989011,1.52751920125683,1.57593882028976,0.995695713691994,1.32396943645571,1.35444376432776,0.963919009538357,1.05689073192951,0.865302987901387,-0.672195600530761,0.84280317256789,0.578025368645224,1.82307660575085,1.46618988060019,1.71150653956453,0.940840534632878,1.26142875131857,1.60788542980062,0.750903198949915,0.94470605682917,2.93917601966306,1.71828387617346,0.909030313920224,1.42934556392799,1.80971451116122,0.688525491752858,1.20231584375621,1.03773083971173,0.865588335384803,1.02486847229711,1.4893409783795,2.68367442785041
10500,6,1.81487288767328,1.61806781545669,-0.559762333369891,0.710313140144088,0.71282399707081,-0.636119902950141,1.00886237324439,0.160942455942908,2.59284491250834,0.890100630234396,1.44828136906499,0.869367998650485,1.11685391163713,0.620586783562587,-0.477926967126591,-1.49176265277998,1.17301675067869,0.852661714669358,1.04615190411263,1.46103985091393,1.8549611742167,0.339709522791377,1.11925770227038,1.14709030594705,0.630310293273729,1.17062880733445,0.937015618945749,0.636471897339591,0.569440496447537,-1.96984182547767,1.58234865816375,0.3980833656528,1.59222690166026,0.61068242695119,1.04048818383394,1.42733644121421,1.43048717486813,0.819854762929095,1.44044353767842,1.30282826171973,0.540058920618398,1.30304299728217,1.30724397594889,0.853516998894571,1.02445837547635,1.17904742594407,0.320439090870678,0.51781662240784,1.30615257795305,-0.0752691737321585
10600,6,0.266518768205851,1.39229766685694,-2.20279480803888,0.265206235666677,0.624412697821153,0.0337510047012806,1.21908575077418,2.10584317373992,1.3561360091088,0.985038427288886,1.21118304702787,0.570995185711774,1.07024688830777,0.587810760672737,-0.912683334680918,-1.71251142821618,0.984649044114659,0.327180065732707,-0.0232443456487499,1.0290916720938,1.49330099631219,-0.688079637900698,1.07398028797894,0.654438388736571,0.947741135531074,0.883378626217058,0.993227918543683,0.982071896170173,1.33097432535447,-2.1615494462363,0.862583172180219,0.501029732535601,1.26251614112514,0.539440307933547,1.02120078735086,0.940490409132052,1.19642793709365,0.853087276560196,0.637583106577238,1.40754361519222,0.868731326431578,1.13174593693828,1.38268238137656,1.83864870720112,0.662699978054499,1.29448421269813,0.692930782667482,0.628484787371778,0.00460164762184134,-0.384209679213642
10700,6,-1.18219703903133,0.488645385791712,-0.68528985684891,0.432730807238826,0.243783410867905,0.0751447222708654,1.13472300767193,0.0155533176436324,1.67633182053934,0.371006097212703,1.29995065482678,0.569944142494712,1.07313498747563,0.107052126389877,-1.43317264499372,-0.574057976604119,1.04204867259774,-0.0434915143031367,-0.24650722573628,0.553450648278649,0.835802211161245,-0.856269015323188,0.864175049388195,0.192177576000385,0.539270732587859,0.585336888719245,1.2090225992289,-0.330069072568633,0.682335028468166,-0.746983796320526,-0.26289249041455,-0.0550207818142856,0.708090221007075,0.916091644226544,0.961381398038921,0.858497966941248,1.10529250860969,0.23243451902077,-1.17976856777397,1.19066167600659,0.480126882867835,0.816987571927829,0.782579028304628,1.32131478939932,0.29635564825122,1.20119383293771,0.628535971060977,0.513237685283847,0.389523898398208,-2.67111902401804
10800,6,-2.31078592344045,1.04853881407141,-0.516311186194162,0.161499172570187,-0.121148382635931,-1.49580863873007,0.305229669876579,-1.33013457039458,1.07792043179635,0.0561431725301633,0.991927861801825,0.0909614417116685,0.279802450754626,-0.163362430187129,-2.0654530185451,-0.853627248757713,0.984014124844151,-0.00688784290445343,0.18591026160608,0.665144694294188,0.647853128549222,-1.11399276323813,0.920327012289241,1.03115425691005,0.247071034458878,0.509942446328149,1.03873351000713,-0.861736565217964,0.469162647793518,-0.546234609543306,-0.79046615154292,0.514698945438564,0.705195817828913,0.609075355443652,0.781180954100586,0.709698524101213,0.517991405870639,-0.329637205088767,-1.42099900856101,0.596023764107423,0.0388169811738601,0.730707624954474,0.387964874151087,1.07453118581385,0.484863397032927,0.973932318223337,0.148461556164532,0.518691353765722,-0.117008908449215,-1.16891961372352
10900,6,-1.88160334653016,0.242328531837218,-0.437458794667146,-0.618600386855161,-0.392412906702501,-2.58612330047384,0.633094495402696,-1.34833096371315,0.273304652492271,0.147866911476483,0.57485883374351,-0.350604339177412,0.461749340373941,-1.05062673118855,-2.74829262763385,-0.889388758077672,0.335997748601416,-0.382680150401305,0.132005643064522,0.700258594727493,0.557217386055752,-1.20758463631127,-0.563901672747529,0.352594743094761,-0.67135156117145,0.161806808860954,-0.32569015370013,0.479036650071928,-0.56151892132018,-2.14032584602141,-1.29431883028324,0.141925803138424,-1.17212800123522,0.725091793235311,-0.35446092801765,0.577316212142433,0.105482324297544,-0.737664789251613,-0.587560666449058,0.498852449830931,-0.28238915449037,0.617553232306125,-0.265710744530542,0.858623061893411,-0.0597221056719215,0.409876822839626,-0.989825575745795,0.248620655441038,0.329425280109807,-3.04830511645069
11000,6,-1.26106785697656,-0.71969906850534,-0.268385462801547,-0.85587182158191,-0.595130800125626,-2.73258006574022,0.527847134013599,1.22524990449961,0.134833856465273,-0.782787740538963,0.513587173041675,0.0130604785375537,0.0463463326083131,-1.38150742390678,-2.69001364284045,-2.33755642027114,0.0904235991891962,-0.0262352397191934,-0.394047131447147,-0.429157477338256,-0.205281526028034,-1.88504889977496,-0.73334249794718,0.0512282427071367,-0.829298575925813,0.427132060167956,-0.372062079507028,-0.632788929717915,-0.52355091711301,-3.64068726956132,-2.43261808859487,-0.47903060989529,0.283250272257444,0.598972367274893,-0.805236960184643,0.172538672034924,0.878781651545844,-0.509661413987298,-0.481958182148959,0.21458534400395,-0.499681257198087,-0.159007393821865,-0.248876720793459,-0.976399095133732,-1.22939500340179,0.0937351009247335,-0.838364093372929,-0.250766601886649,-1.42994472530305,-4.95405521138624
11100,6,-1.45188364007376,-0.849187109156863,-0.556308750829992,-1.01834502053639,-1.03905072900154,-0.974718083110462,-0.320466558090733,-0.84736698188829,0.18519456083233,-0.740406621471569,0.340743188827522,0.24551812489771,-0.0477739984245575,-0.761082333164939,-3.71187576698225,-3.55266482791613,-0.332999273070664,-0.162103501848055,-0.596477945223291,-0.438144476294091,-0.102497342702728,-1.78949332933693,-1.61074754176409,-0.19112188019196,-0.397267347338586,0.186043287330683,-0.7854996758874,-0.448405486779313,-0.361238613774294,-4.78499310193859,-2.08957503517244,-0.249935508741963,-2.36345370120416,0.559213455736399,-0.0802022638318898,0.150229723658609,0.387934096139692,-0.187080418243854,-2.83721183419421,0.109240970265325,-0.0111223389138098,-0.408187311440427,-0.287576283212818,-0.993808140089903,-2.14226621010216,-0.559006974683591,-1.04915132241908,-0.708232441186188,-2.87353015600954,-3.89480741247274
11200,6,-2.67272037109786,-1.27547342295703,-2.2272981800404,-0.956627606837568,-0.800555335056,-1.96643022973303,-0.608500105305307,-1.5764016478659,-0.850168647239196,-1.88606410489227,-0.262742700647897,-0.391128625126307,-0.00954133402368385,-0.788530409324519,-3.53201568345237,-4.00756114519134,-0.285011640395822,-0.438844553721495,-0.982490400780548,-1.08123633938569,-0.978891797662049,-2.14306097123099,-1.62109021691296,-1.15989887793184,-1.007091662236,-0.447641828365819,-1.91516060855687,-2.04729542561338,-1.79028294871765,-5.2192833986287,-1.64683488300097,-0.207812035899912,-3.95779984534642,-0.0414095445799807,-0.374382352300498,-0.418849980105693,-0.694264166570328,-1.14714124249661,-1.78850387488391,0.0720125157403142,-0.663405575347511,-1.05268444560819,-0.0126165360593851,-1.77297667859832,-2.0449042943868,-0.235074555364443,-0.982434621679141,-0.584193232174216,-3.63386724153272,-5.669312964433
11300,6,-3.81166929424096,-1.47356759774625,-3.27130852571878,-1.47639330404337,-1.89895590039388,-3.36757155060688,-0.341075313678938,-2.89466073866445,-1.45308986886053,-2.48526977376319,-0.712131609251102,-1.23950677181191,0.230296185479516,-0.401849722940568,-4.87336082835237,-5.78141435039723,-0.645320509245316,-0.21772481738594,-0.750675879900166,-2.1961421997694,-1.62680501928645,-1.91670088549756,-1.30276779770653,-1.09111161313247,-0.809289768401341,-0.349874201331253,-1.5698234377966,-3.53161285410228,-2.37968827298982,-6.88902128117093,-1.2211702483671,-1.6045440178039,-4.26052113016207,0.0142046613464852,-0.749451037157399,-0.833925381459189,-1.45187021020485,-1.01947583944673,-2.33972652121697,-0.0277143358866485,-1.01953099403143,-1.24032198834008,-0.830569848382567,-1.57509790590431,-1.83426978982195,-0.422486816398999,-1.87621990346245,-0.531309600285609,-4.15927174408953,-7.31777538760063
11400,6,-3.59850790210839,-1.27973970698275,-2.79084674881929,-1.01899207146654,-1.95766082149422,-3.87734396952818,-0.235180187102504,-4.21891525801535,-2.12689155548519,-2.28699890088565,-1.34783072796306,-1.62271488818035,-0.152279642462036,-0.174609892079983,-6.43547646538266,-3.463972416878,-0.278900750957159,-0.235761889890167,-1.54596587593903,-0.945656178879796,-0.949977751646724,-2.04182299083652,-1.58601922688013,-0.334832222315084,-0.462132786422733,-0.0546204678595685,-2.62128802489365,-3.69722229272631,-2.18542525741648,-8.25144848907006,-1.75631720744068,-2.47842709633449,-4.83606363181703,-0.342165330412241,-1.2165153919326,-0.502765629887671,-2.32896520644063,-0.976497316095753,-2.92381862142216,-0.435457766114712,-1.06502537099455,-1.08855935002288,-1.02353178762332,-3.13906808211907,-0.791820371062958,-1.03023710503878,-1.4103993882135,-0.735187293964279,-4.43275775860327,-4.14848604379721
11500,6,-3.26974789648171,-1.43909854471221,-3.84701695865477,-0.993121267850095,-1.06106279571591,-4.49023928715183,-0.900649733444303,-5.17286625221457,-1.9389688727917,-1.93508841038167,-1.14995220753236,-2.50986566035367,-0.474230135485633,-1.14980286787091,-7.41354093067973,-3.78511483938685,0.0474094465741051,-0.484491753812935,-2.12307665252733,-0.949777231129459,-1.27354367941782,-2.18553498049508,-1.62036686859886,-0.0297095403839123,-1.25352968644286,-0.333186216687748,-2.07415862118241,-4.60983005425742,-2.75327202922591,-7.17523331321635,-2.6040755818608,-2.9886791760532,-3.44875416290979,-0.65626592707926,-2.46110738124501,-0.827193627308055,-2.64311609534096,-0.357499952050236,-3.46245155581018,-1.08330749286441,-1.49896365295224,-1.91842453611143,-1.97467271535496,-0.871088748484715,-1.04971309577221,-1.20171854960708,-1.69089807129192,-0.915056933256411,-3.6608135898277,-4.31888228306267
11600,6,-5.84747170915545,-1.98983293047325,-2.30249914546861,-0.549765893918434,-1.98657264529932,-3.35632182104055,-0.838478174096188,-7.4641870519363,-2.24146285421611,-1.42074103683555,-0.691103401878949,-1.99083327511131,-1.22133567590152,-1.69711148515786,-6.86091420524084,-4.76090357127612,-0.898837427839111,0.0879329528263394,-1.58819960692927,-1.20615730120008,-1.59287294828482,-3.59718429400295,-1.46065992956927,-1.53113607046987,-0.794689526994525,0.0839934818574357,-3.21753967929496,-5.5605836293014,-3.01821333533951,-8.67091775747599,-2.69065326738279,-3.10860039931088,-3.50549492227406,-0.834790546114136,-1.88321621312539,-1.0079216280541,-2.9566792159127,-0.736504788842128,-3.71940663417372,-1.00795915865578,-1.11326429941071,-2.03489202076137,-1.99945002028063,-1.34526142086822,-1.44858380113405,-1.08779437244989,-1.66765952543289,-0.202135753268531,-3.47033047389365,-4.98263850809035
11700,6,-5.49190704711087,-2.57002808346185,-3.96728002713552,-0.921748048369951,-0.962296867431178,-5.4743013873504,-1.81088367456661,-7.42712465168234,-2.86125390300799,-1.59128622551703,-1.00369133240184,-2.33385821132205,-1.28350828524554,-1.22820919512664,-5.42970194266824,-3.22709452166222,-1.69262060361805,-0.231760198570517,-1.98251126719946,-1.44856268396781,-1.34185588866358,-3.3521538905678,-2.49754451854421,-1.02773193998413,-0.947879228056536,0.0789226919393917,-0.665912285749096,-6.9089775059916,-2.92294217966253,-9.37115826414423,-3.56939655029339,-3.68717374901678,-5.81866103849202,-1.38211367623192,-2.96201472907731,-1.08652054153581,-3.84934121927368,-0.961809990534136,-6.76204429675564,-0.809994468346975,-1.29477628394694,-0.987916518367158,-2.89475567792639,-4.6460342109925,-1.13883669296831,-0.833221332997944,-1.02520759244862,-0.42859838580772,-3.38990637128276,-7.24257475594805
11800,6,-5.01950883653883,-1.07023474197971,-5.50195620201864,-0.891495310261145,-2.16415116897271,-7.35329814518345,-1.29031636762646,-5.26992126323791,-3.22775673752944,-0.0489342162243311,-0.8474871030626,-2.62584781673139,-1.73297967668789,-1.68659021729374,-6.10327885105365,-5.06083456319769,-1.91502324279269,-0.598888869500658,-2.08346922773372,-1.01952584314405,-2.75447996807706,-3.041178874073,-2.56102223929462,-1.0618516453326,-0.48083069030972,-0.663331280661881,-1.87713151096139,-4.05437276732164,-2.22300381768112,-9.05763926233301,-4.38111786165546,-1.69008321108036,-5.31650876394849,-0.739386220186295,-2.76744874952419,-2.42986929085099,-3.84959655317357,-1.81612624335899,-5.24005364308262,-0.901546077374435,-1.57273643153135,-1.41145728703607,-2.64093204194775,-4.89762686868312,-0.923116715450023,-0.791615205901176,-1.56617756850267,-0.832309377891184,-3.05752024088991,-6.7531186313725
11900,6,-5.7360939940246,-2.58076538701922,-5.83222802115986,-0.943507036202245,-2.76720638725092,-8.21201619106404,-2.05120712334255,-8.27452833448094,-3.11152434602138,-1.28577535455495,-0.849972144331724,-2.30207369763663,-1.91967281324091,-2.37497116043151,-6.5127475495864,-4.78089745563873,-1.34629034202014,-0.217260783648701,-1.99266556605092,-1.31821868085019,-3.08174070902983,-4.08942635837177,-2.41993861574281,-1.27835928182243,-1.20513015714609,-0.767285577899534,-3.75607076010829,-6.2489640701329,-3.12729933399263,-8.02695823695857,-3.74641876879408,-2.53468006194075,-6.93377373186577,-1.10995597021632,-2.37728170849092,-3.01712619865569,-2.90788087856104,-1.43463530603891,-6.84922398631785,-0.856675438253565,-1.78082509953635,-1.57701712216541,-3.01500403675197,-5.65240905289258,-2.32260318081793,-0.656356597899135,-2.86674182493378,-1.23368663409549,-1.78666314930498,-5.15883430792843
12000,6,-5.35712694731644,-2.58572882587065,-6.70354884943376,-0.916048876099767,-1.96240334574303,-4.95413586696188,-2.85576814338349,-7.90578470241339,-3.2288706367869,-1.70910987108588,-1.04322833320223,-2.03778053168544,-2.51820015285706,-3.25621448350097,-7.70525516933642,-6.48773247258902,-1.74511405819151,-0.988215930013176,-1.64437689313418,-2.17132066354499,-3.31363228916532,-5.21901915517035,-2.49988157244785,-1.41032173006309,-0.0731425586136305,-0.892070825480543,-3.28734328008742,-4.21232365383323,-2.65155991258497,-5.72593463492566,-4.01469811087288,-2.96172458841859,-4.80868401819314,-1.25291956142187,-2.369290511087,-2.36509330865463,-3.56928137658083,-1.65841582836315,-7.57363203347333,-1.43905317403754,-1.32847026775877,-1.50199808669028,-2.54148784621304,-4.43937178646696,-2.91362409391519,-0.700878529790932,-3.21426460148682,-1.24503412894567,-1.44961125571313,-6.32206119338312
