"binAges","band","ens1","ens2","ens3","ens4","ens5","ens6","ens7","ens8","ens9","ens10","ens11","ens12","ens13","ens14","ens15","ens16","ens17","ens18","ens19","ens20","ens21","ens22","ens23","ens24","ens25","ens26","ens27","ens28","ens29","ens30","ens31","ens32","ens33","ens34","ens35","ens36","ens37","ens38","ens39","ens40","ens41","ens42","ens43","ens44","ens45","ens46","ens47","ens48","ens49","ens50"
0,1,1.28094348232431,0.413727441826692,0.477560038861627,0.148305170075915,1.127191782321,0.628649413161956,1.28633081765872,1.61045819031109,1.40300454903772,2.02229452595457,0.671545356366161,0.663475752216771,0.942287432507596,0.85921601752838,1.92588238719361,0.73251963059327,-0.138628750991944,0.436329316975547,0.0311436261539663,1.59033607056195,1.10437060814037,1.18693140814357,1.65346921900302,0.0673105634371208,0.874743848027774,1.12342178278625,0.786452139271898,-0.0429302610221467,-0.348044765129475,0.737635798337554,0.620579589639331,1.37494675286291,0.773299481710212,0.745899997348208,1.15333357527995,0.196030293378954,1.66945789963993,1.40117133698426,0.198123878293373,0.626020235212461,0.59852618577069,1.04119560414933,0.63227646328932,0.220373535863056,0.873348265556744,1.72856186801803,0.73192468108562,0.823387086664589,0.793408528027976,1.37966057157694
100,1,0.522445179228662,0.118718288164605,0.429929774161704,0.639744682267592,0.131316057599624,0.176893760695584,-0.00713617395007704,0.323633139029584,-0.126029775316432,0.246564587690796,-0.301909904197589,-0.316880998991409,0.237136613649402,-0.484331049081277,0.517125672134094,0.296332981926966,-0.758015087362546,-0.920192940366344,-0.306292445509118,0.190219569222064,-0.161874230964828,-0.0458598672019015,-0.824748668634957,-1.2984290000242,-0.227918302853712,-0.993971120802652,-0.131480052806678,-0.285695447048532,-0.00802785406024831,1.05192011233556,0.391512978164967,-0.0379156457947638,0.317982153339017,0.00876545319584277,-0.600255340407408,-0.446122864561598,1.37857761078301,0.10879732171962,0.733035099491032,0.180434874716124,-0.231869554105886,-0.680087140567061,-0.146924394612468,0.382028307703215,0.382425264102736,0.00713617395007704,-0.0352896477165545,0.361566463633223,0.104196054423145,-0.468278591889655
200,1,0.777782437646068,-0.0785191908852108,0.731587743336354,-0.599667924805259,0.358694764432348,0.608336222950901,0.500846763804837,-0.500710031000154,0.111454689910184,-0.0768200492129212,-0.807235875121814,0.258658240505869,-0.394897591085362,-0.184196177341923,-0.334200616390063,-0.889714503167185,0.126265932009928,0.172358831444483,-0.397038045881001,-0.212723134962443,-0.393640806425043,-0.88138470877888,0.40556585163947,-0.23337542995709,0.222353818738075,-1.97305946699842,-0.226695058770507,-0.00410153964515181,-0.0832763229138964,-0.496670329243089,-0.328893395655057,-0.2214682199701,-0.832988694755809,0.342858637681968,-0.486625746675002,-0.295962540589024,-0.160021536935301,-0.134192678522761,-0.914375376646577,-0.478951535491089,0.692499810576251,0.509572229346872,0.724740368876691,-0.659700878856368,-0.929192352172492,0.315145654821363,-0.306865515257596,-0.358999834841558,-0.17398891652829,-0.0397480200919913
300,1,-0.444730073356717,0.519476602184351,0.580496804580482,0.95071429065597,1.43604159415015,0.26727719898576,1.95951915016824,0.0855726099467101,-0.294170417553648,-0.462405371170734,0.139316420705355,0.503710476542049,0.0843563799147948,0.151303347531044,-0.114374141126222,-0.081266108862049,-0.504401386191023,-0.115798824082449,0.128444648314013,-0.744949463585515,-0.0754489123293456,-0.428231946707708,0.278427566961086,-0.379831128933084,0.620350198854146,-0.259053407513381,0.0644494012028429,0.394530463726437,-1.04154862380232,-0.510631820740902,-0.187828410039036,-0.594570752153613,0.565308387377516,0.774149394599133,-0.133451567896397,-0.0524455680013964,-0.347829382022691,0.701826932156432,-0.436365538613172,0.14229144534877,0.058525060313254,0.0309961146551736,0.38015410789896,-0.628604589239085,-0.352711231752604,-0.106475602731828,0.117456194327523,-0.268848873267916,-0.54112680357451,0.257026091578507
400,1,0.386216186785596,0.990655731376626,0.769114744970239,1.34036913335503,0.157194027339314,0.469030660423276,0.645098448326934,1.05975069768931,0.996791240262892,0.548689261090853,1.33616402561516,0.687882847581258,0.145943816907811,0.191200877633935,0.933780688326661,0.734669027387375,0.978724019068782,-0.48882906248903,1.17480821700906,1.19607936792518,0.892745655920545,1.09736682168709,0.862338710925111,-0.0587982432187217,-0.324804057252263,-0.305064057362552,0.589282868656506,1.44776412410164,-1.02267282041534,0.523534989989236,1.29454458657396,0.655851342538556,0.667574160000091,0.327791622848682,0.426174536574418,-0.455959481698266,0.689213103739788,1.00012276238412,-0.241553680945856,0.334102156435157,-0.191788770781306,0.40440063957262,0.704356476100147,0.425798533110715,0.0369767143781325,0.12229795867017,0.780464657005798,0.0503497256378183,-0.275428517848136,1.18705936811643
500,1,0.803601944489891,0.593744387756569,0.437276628575542,1.36834086346441,0.832668188605185,0.497918715756239,1.63560092119423,0.153582088724347,0.715936534955622,0.626889657674014,0.444789841756655,0.696188107480944,0.990893901383813,0.445983332475386,0.374355245201348,1.65525760799159,1.28393382591782,0.116222191073257,1.28753353177124,0.957698555704467,0.0999166462048461,0.87199155551553,1.08126223011713,0.0936694581239048,0.421552783193058,0.664065262362241,1.34889610564734,1.11062707643354,-0.522546916489094,1.47669753179378,0.902578685771378,0.918900553493402,0.535239434439158,1.56201134350808,1.35105607010587,0.040527457053223,0.690135397407325,1.0440908474279,0.727161552492733,1.2695168400588,0.434929201277474,1.23500201647193,1.26812798311195,0.337734914247854,0.73448011974437,1.09761871723762,1.02958581915601,0.20446886627995,0.0716696118965521,1.0397612311048
600,1,0.891768384291872,0.908879108388487,1.11570204056123,0.500857070381326,0.669180656830687,0.647657305352239,0.83236801883667,0.296470163175386,0.934112261218349,0.779364582695468,0.536355927792377,1.06503202419994,-0.296321341141332,0.926730190666368,0.825396020377692,1.03707483101953,2.22233420792615,0.311584135064599,1.64157179939394,0.230812067602291,1.06918228873221,1.01608067556763,1.74822525741382,0.783257511511908,0.790576753054867,0.0120375029112227,0.71780933054574,1.16221174100892,0.63533983542677,0.796547690669756,0.469217418305753,0.451364662906688,0.656330799384051,1.2360577170791,0.759824132142084,0.229946810590679,1.00531700340864,0.891168508755554,0.46099587879021,1.36727135048047,1.35127374734842,2.27146175039689,1.33284242728245,0.45096973803341,0.600533402568668,1.88165383877918,0.43593253417741,0.89449351818515,0.36496949360039,1.63001963263825
700,1,-0.28057496749824,0.711690442086593,0.896019749015755,-0.355011495568505,-0.110514252793488,1.84109345847395,0.942613379841877,0.579234523866518,0.906133726345605,1.27472398643858,1.50093126946374,1.16666818662216,0.223536930981151,1.31634660996396,-0.222375431735572,1.40093192130973,0.770076769082803,0.610897132455667,0.312249280587233,1.05789169336542,2.15265974743568,1.20294575310319,1.15624143154094,0.450424444636957,1.40738349667422,0.317392670375624,0.871826188287118,0.433431421112287,0.762905796438045,-0.184042378944576,1.62925658061034,-0.249953815492135,1.07601482117033,0.944117621147562,1.19351565306197,-0.233182550774705,-0.703750236899884,2.0498293686687,0.406517780907581,0.755318015494801,1.16571359418981,1.86768364609015,1.61806263215451,1.38835507334867,0.404111835755802,1.06831050557981,0.478451675000208,1.39186196471632,0.949432027269781,0.630523842574198
800,1,-0.280491566037449,0.411158663470197,1.28145341386205,0.287761821782804,0.7578541523386,0.491966618758279,1.96788102232995,1.10820426979828,-0.0906976192375886,1.772626053702,1.30252226895903,1.76040995350241,2.05622202919936,1.22365759762391,1.69396845273613,0.944057117970336,0.734983393416007,-0.136385864751495,0.908285377284903,0.696356981875054,1.12981873310724,-0.174925933035255,0.92240289486719,1.0912510011684,2.05536060214203,0.962880394410468,0.331358763895954,0.613280830888868,0.43257567412529,0.140633423527034,0.745133335076353,1.16213556090616,1.38070111384949,1.25316670617965,0.943138275463366,0.948261828136581,0.432855822448261,1.39508559564105,1.61554819794314,0.234635220973104,0.423440411184288,0.394586234103679,0.851926349423762,0.0721283072592164,1.07502874536423,0.883732725183208,1.12189338845721,0.555286892966202,2.09279882527184,1.08872277037592
900,1,0.935451253368853,1.19333448179999,1.81648523739649,0.674133525952579,0.532652913035954,0.279452030551714,0.338024757449995,0.361815320258319,1.42122121642618,0.780146366889417,1.01017083206756,1.34765859541881,0.823752915781293,0.855052758636851,1.41568244584361,2.00632231270868,-0.189465199486331,0.471291979101675,0.493308098100416,1.12307577531946,-0.395553398634904,1.5746461480697,1.23249411011275,0.968524647108262,0.208755235943245,-0.0278980753600266,0.471922064542076,1.06525352641152,1.96111247003347,0.380136717785026,-0.241768047521687,0.895682869566667,1.12361096282584,1.27276542186749,0.655559133713617,1.39282791512188,0.414862819805362,0.412703513719141,0.595643597417444,2.19326244281668,1.91603647941254,1.15231563816045,1.49756889247709,0.85134280069196,1.005137323891,1.26729957631297,0.758457106179455,1.76388728398112,0.859089015945801,0.491435878741091
1000,1,0.665412874857752,0.733882323438923,2.05209802043859,0.399087095627117,0.840637203867966,1.71989973306315,1.56057323704773,1.50843111821503,0.984259712198019,-0.211546505521256,1.00273499682521,1.67756171813524,1.03661365775669,1.45685360486391,1.07663629261263,1.13081295259857,0.722161809891695,0.556730950885451,1.07743544156085,2.50756259589179,0.296667421368004,1.08890936661395,0.171952093973273,1.36126694039855,1.30266152061619,0.891610608301244,1.72204754369362,1.65656955987288,0.682102946587084,0.823078925391062,0.536990314961711,0.99430687710687,1.81964354891622,0.461871801160551,0.700291166129964,0.180418546235671,1.4535411725079,0.746285823806316,0.5412534035668,1.17185651187026,1.61653179849844,0.742843728161494,1.33699773023833,1.37851777924707,1.46422680629586,0.527946655343319,0.987279248351498,0.90841901874106,0.531047745411519,1.24737245622374
1100,1,1.19169158771685,2.08724991060216,1.46610003442855,0.874836584208166,0.573171996082918,1.12570754082891,0.698051216540092,1.24340330489813,0.348506206741933,0.981106192387772,1.64954086269238,0.976958028438618,2.19705698937955,2.53278077452204,2.55153386072432,0.537206433456739,0.905853947171121,1.08416682383618,1.4731113989651,1.15393399832779,1.26329158058906,1.09430141392944,0.601786486412608,0.7131657970039,1.10661676533719,2.62613889023343,2.1078290960309,1.82616157695892,1.6237535909315,1.10670726609934,1.78544829029047,1.64353649375067,1.16553514319061,0.372693611462733,1.57326024150823,1.22067525454884,1.42940230833022,1.10365883597184,1.64029928008439,1.11218276359067,1.15549110665981,2.56567864043715,1.22647567020676,0.400960342953108,1.14736327409479,1.31972438527822,1.3789600914804,2.05526564421672,1.60786703454269,1.12189225308144
1200,1,1.03014170228008,1.2711231172287,1.3894641456142,1.54782750185716,1.70396722229058,2.21593793775299,1.74071525146261,1.21637659232769,0.89417458851055,1.66847290711076,1.32887236093508,0.757050389894091,0.611728703412979,1.5363058539599,2.36322728097578,0.837770430114135,1.86381371243792,1.20317296335232,0.844486562414249,1.65065177193453,0.883411582396427,1.82077567278762,1.38159768057844,0.762088319426966,1.61002585998452,1.57753721976714,1.95359021578535,0.824422306489216,0.927171848322331,1.3967469013887,0.892797776328767,1.82471926272755,1.72480210315917,1.24724971107533,1.82648716050974,1.48798561774687,0.799397390050195,1.46975797766376,0.844803447419679,1.07272836356447,0.475376749861187,0.849917291000202,1.82936137682193,1.13580550353224,1.63299159363966,1.37225486181174,1.23203077365194,1.72175400139645,1.06658398686644,1.33505622755181
1300,1,1.92164806666907,1.43800120904723,1.73011559393581,2.04100117573264,1.71528075192513,1.61612730401373,0.457142073075345,1.81431559572815,1.45928965368203,0.597117546671408,1.54114180386941,1.25967126800965,0.703608747149964,2.12398434721036,1.53886288070374,0.000247153875083561,2.09987688286339,1.37124295541287,0.932229141968822,1.72479661351661,1.32495391421842,0.675189701559681,0.789989605227193,1.16954838361167,0.969128358507628,2.18234069292358,1.39942261413695,1.10913122246766,2.50800400924015,1.81451054745409,1.01120981759108,1.78390541382216,1.19985851040179,1.58099390685045,1.37888349061072,1.60110540691848,1.73840986085113,1.57131157505359,1.72621589462918,1.77958337239554,1.56046554933756,0.706237343785354,2.00644218169206,2.10442341367775,1.66415130137465,1.14150089756661,1.19562333430057,1.216085406889,1.13486245962325,1.79542305581734
1400,1,0.404725950370362,1.11586548788045,1.52934171273863,3.01673046366792,0.676670333396885,1.49621434654945,1.12965375603584,2.20228362789337,2.69995576357292,1.72469230086786,0.969505819025861,2.38419462330419,2.77228257470449,1.87261218111566,1.65872605250401,0.68702279804516,1.57996376652322,1.58477762569392,1.20335703671194,0.967651291602797,1.58269118264512,1.3944070663026,2.06138675479287,1.13359340475714,1.52076248943537,1.59903922457832,2.33410941261352,1.58743844522574,0.679523865536861,1.89157862243689,1.61515618503182,2.0061083522763,1.21701084036664,1.56694012336479,2.02155020578165,1.48089600869339,2.6389261486364,0.920016983082672,1.2740841718436,1.56752594866999,2.22388624327463,1.43286376387578,1.31720213200077,1.38833711626064,2.29505489402329,1.31780088129399,0.89410060747756,0.907489493831484,1.12804977431552,2.20480009294554
1500,1,0.594216076604141,1.41228301622198,1.61387430588108,0.691460351931088,0.698935198309389,0.00679505055692731,0.885885454845749,1.20519758615109,1.73095377150481,1.1281825063161,1.23874592042837,1.35520496387151,1.75874378915342,1.91431426323235,1.32204424285683,0.916391946467831,0.47697648529846,1.60891767347277,0.651013865457684,1.7562053199752,1.12468592531465,1.43866209891145,0.877610350679286,1.15165887682603,1.26678555479382,1.07981967067468,1.95924997452148,0.0412833704435562,1.24973000016125,0.883044160801554,1.07466872063452,1.32469578486507,0.974459858342483,0.82309571284736,2.43802829115695,1.00380268007138,0.499975263081299,1.6352972144632,-0.00223079464710874,0.886184986676958,1.74984160318664,1.44364682399393,0.763223901264169,0.258740035162828,1.79674315034267,0.996106613250719,0.88701762981398,1.21629494394742,0.423352219334672,2.10552957892749
1600,1,1.06503851657621,1.66147674676693,2.18651927782678,1.07635780181603,0.851430195065322,1.35924401600365,0.128668956233948,1.07005178077865,1.02794664283655,1.50067154911866,2.57944905485489,1.4732484551871,1.97453832933928,1.55734663362304,1.41045708472668,0.796749797283243,0.835212183334358,1.17725282476661,0.680476939772148,1.07109899699504,0.621351876704576,1.79572003642222,0.927694141318353,1.26946186452281,2.74071027057028,1.55807841442492,2.26267536253906,0.632314629354498,1.08719819000877,0.618741387039461,0.0965638890543636,0.633924576615805,1.01269044735955,1.9645060497939,1.90923920922082,1.35278166760697,1.45566770412395,1.51080954731849,0.954408901231102,0.780338952076534,0.526805361977624,1.34530421724495,0.839070588836445,0.704107521076315,1.47579128155312,0.692262343160851,1.92265587269441,2.16332625889812,1.56181565824997,1.43146229437132
1700,1,0.203843154991468,1.68111484909445,1.67681033601063,1.24198232700163,1.22618398159677,3.13797209001111,0.623055240699769,1.68110296332953,1.55873319627302,2.36780893082098,1.89493735272734,1.90471810121454,0.906924438371031,2.1258510260981,0.735030276919536,1.14976867672658,1.25504452360864,0.885967773258281,0.538232462190936,1.36357700800195,1.99192259384676,2.14497188401617,2.98802451769191,1.62103732975003,1.42753837794745,1.15225449349992,1.48277062508614,0.92982432440587,2.56694696060103,1.6915443649925,1.18342734427849,1.17987683799956,0.706229807645617,2.93538633304359,1.52569574764174,1.54079391858759,1.86782372748411,1.27461378535051,1.17758665051408,1.74194436140563,0.538482093805368,2.13700535290164,1.95604194485456,2.28158594711977,1.34126061866126,0.186486592240666,2.62276158959714,1.82065337462305,1.92944623791767,1.70331163744247
1800,1,0.669387897329634,1.25642606877712,1.51852314264254,0.488103689245392,1.45344288655414,1.5906723342187,0.229901508658351,0.427324974659667,1.75594644753029,1.87527385471855,0.951824465673508,0.984037391036963,0.531409812422963,2.12611127775226,1.00462352914008,1.70440752202882,2.18845797487309,1.31931958099637,0.558812136272549,1.50113936689293,1.25510807497978,0.858603006658915,2.08928520545798,1.50876714657671,1.64550861992994,0.89133010875493,1.40084057281545,1.26804042186448,1.19316317140017,1.79505139819815,1.08427856160095,0.951058788897548,0.0759452772863652,1.04816536995486,0.748466717752829,0.874621448183339,0.397051248018601,0.660932047677945,1.31932567886516,1.05142855593953,1.06902464276474,0.853439308891742,1.89091603156275,1.36421650574016,2.29541526809914,1.8234694707882,2.17481379557064,1.3626998998882,1.57210892590795,1.41563911549595
1900,1,2.02518569635548,-0.450490414491442,1.56499265313747,0.309783115322292,0.754760096412277,1.11739841677618,-0.506443201065199,0.60874268269845,1.62034905705383,0.261989089067534,0.826047278554293,0.494131138144268,0.982851636692761,0.61941845627088,0.56527718172908,1.88709650350303,1.75658781641163,0.993456228525472,1.2550083920359,-0.155405727497881,1.86164962771414,1.48038193937995,1.72950285465723,-0.0698270259209195,1.55300471334078,0.542044726196995,1.40961094265017,0.501685331493103,1.12145907315921,1.51537546822971,1.44762066379133,1.00643557567399,0.610074971256893,1.42969835411721,0.323451205154101,0.83024456890852,-0.522048780950377,0.686876692879585,-0.0897437478769245,1.18268507362644,0.957478876253845,0.618107967810362,1.45704924335435,1.56337446748302,1.65982151261558,0.419572290664927,1.14578689141128,1.13502602062049,1.22258026874586,1.00306695820294
2000,1,2.17975957892862,-0.150966780697643,0.310046544171404,0.962374637566782,0.0740848935625271,0.692893906765724,0.303262139277391,0.819485457992047,0.324671518202796,0.014502480946511,1.0690915210363,0.099753500757228,0.499410405058851,0.917551743534816,0.0636384679699462,1.77195909605799,1.63606612334065,0.83409665775991,1.8030325022042,0.203644578478343,1.46341456951282,1.62561068230173,1.13653945719479,0.301804374796121,1.82532998365525,1.33085316439831,0.27474736706553,0.918781314951526,1.12953819569445,1.7380269311192,1.65784504364647,1.43186985108387,1.20298962395706,0.376614443791829,0.0523430199419017,1.59756360267504,0.449989812075836,0.801449945076261,0.667792653483248,1.03797224292508,-0.0663058711578643,1.05789087136055,0.835659984277576,0.513882369870176,1.48367322827612,0.22933113459708,0.529810046831603,1.30597781147043,1.31387354654413,1.00743226192054
2100,1,1.44845348239744,-0.293175397916482,0.931350609055048,0.811830324969782,0.942167414333281,1.2526252501007,0.71830038156071,0.258825678827964,1.31086984941758,-0.0115916987828096,1.05264266324732,1.4595012205852,1.69987379981416,1.28151204038381,0.548901405640424,1.56536290823441,1.02011515038151,0.607631618235099,1.44579346940646,1.51934083849337,1.42055858009304,0.828374363208758,0.996626358890851,0.715067882864592,1.25776683594633,1.71095355888127,1.03199494903511,0.413868014292199,1.78231636470046,1.84148084504052,0.798638012979006,0.85872035855918,1.67757442837772,0.198314976041121,0.153647903954635,1.63874817379985,2.35914995860652,0.588462326192933,1.98748369576207,1.26851563758935,0.502326429970263,1.53860960847327,0.992315928856371,0.23780419293211,0.159899636480386,0.458174932556139,0.894318853680848,1.4306440341839,1.65147418928473,0.449592747729986
2200,1,0.466255007493455,0.926972677264401,0.822230548228711,1.73666892934899,1.12551627183897,1.36273472137768,0.749138585225379,1.20600628427062,1.41247509424725,1.12782681943198,1.61286377268574,1.093315799299,1.41320946008951,1.76925351060773,0.167283703841847,1.72960456892296,0.860592079781314,1.29217939819157,1.12960628460756,1.79702872559825,0.716507650758185,0.784784376153633,1.63897808961875,1.50498904449961,1.43689598832013,0.893362904672849,1.17831969488716,0.707262429545312,1.17216495507872,0.859761677359783,0.54253358672347,0.939552599509762,0.280661811366467,1.07311471111052,1.45033655792858,2.43579000007989,0.627931641962073,1.55906187386002,0.585774810027866,1.4035639228763,0.361384776676535,0.919851388293093,0.769745884711819,0.545792338859704,0.0172355843114221,0.745689255929339,2.02973870306689,1.71023799477531,1.30599521036804,0.714765508805053
2300,1,0.812232217465788,1.31061267191047,0.0817604812094314,0.489072407180646,0.485044025352256,0.270379151773964,0.636633776106207,0.404210911851841,1.13608484665942,1.17637011936991,0.677235138742971,0.2769627059317,0.956622105261261,2.2884305519413,1.61549128813799,2.44528714149179,1.30573673018326,0.78368826847568,0.886747942214452,1.41814883912078,1.41878407320213,0.975514721062652,1.30315523081196,1.63416777949488,1.16529591211966,0.610710093934587,0.740614581853748,1.29206692885608,-0.378174992832541,0.617449202207265,0.163523761270327,0.702946771849731,0.464125531255837,1.14556823438202,0.833426642764752,0.383658066280883,0.786284263214256,1.27656128720819,0.904889386134382,0.343767469049187,1.62814910531779,0.564573724654079,1.04919160273754,0.961479282201552,0.0133914956026038,1.09366130175647,1.80906893774353,1.17272789751215,0.596594183153883,0.947212760010613
2400,1,0.782966362453837,0.876464089468402,0.0851015305209855,0.0196542193362598,0.58767787047166,0.89012523387351,0.676241353571986,0.677790185452252,1.54267946708192,1.76508048731354,0.540732037033917,1.26500297632955,2.11064589571957,0.46634502945737,0.974893239301622,0.175655435700222,1.54071477139723,1.17588573471572,-0.0461903314580012,0.662611344702615,1.2187791519726,0.196743122922305,1.27324821337149,0.471548389731127,0.565999762622548,0.375284397233635,0.893070450467227,0.375659772584615,0.0921735500977685,1.99960845481794,0.748606604450072,1.49728095848664,1.55386211443896,1.3574517194705,0.577896718011483,0.632039893885574,-0.0657832698003353,0.308225086073159,1.10125379120074,0.560725883537077,2.12615267166295,0.279930359837603,1.05498292801252,0.579151614300214,1.5278796316781,0.701464167406915,0.691461828816366,1.02513034687541,1.60518065578558,0.348478890182715
2500,1,-0.35160771906111,0.182524336386508,0.89344310653038,0.790454808863188,0.307483192156877,1.37370588617673,1.01056411011691,0.822087059039308,0.52147150210004,0.911205080549598,1.39868423604283,0.606760899470103,0.506297995979588,0.0471831650775825,1.74203301984563,1.89719552409848,1.84314345489638,1.00677539097644,1.21969787135161,0.409027022850688,0.513318895525367,0.0458382370458488,1.99128974582894,0.939180666822445,0.338861681239909,0.654260186037257,0.547232317818533,0.736623923672492,0.306312730164303,0.912664318481219,0.831384582369097,1.83601718052998,0.863405171840947,1.10543109725985,0.348166915126616,-0.0861007259227355,-0.318710189953535,0.163175948431637,1.25316666984096,0.0519436392552718,1.06928976877164,0.838603728389439,0.898204505641257,1.02613843230023,1.54518759249777,0.200498334509949,0.532271079647835,0.493914662115809,1.63051356477693,1.40837388801521
2600,1,0.938267995923096,-0.668044360636708,0.39416046218869,1.67392514467636,0.814665421311837,0.862614280309152,-0.529117137319937,2.15405201085131,1.73450686870775,0.558107188402729,0.173330165375599,0.945121802639818,0.739817550350337,0.426440922639151,1.1532552888097,1.92233461389775,0.470377170672897,0.658832629317925,1.11027529143736,0.463132640196205,-0.0710303328538999,-0.0626803446603099,1.27767207718089,1.2765548507317,0.504288313055664,0.530313957163547,0.901978798719685,-0.0490786044849816,0.28219753837378,2.19150930935665,0.56224830051035,2.04639220623338,1.05647740754332,1.09569659552971,-0.00830392911334532,0.340002377984092,-0.991778323972296,0.0926239509957121,0.419411823546526,0.858789062172451,1.14922835336968,1.13223905742063,1.04997514311778,0.880093952359695,1.06923495753606,0.105294495436999,0.16135343887358,-0.0130418871643845,0.763625104878401,0.947333746968238
2700,1,0.90003074138494,-0.0402095951164481,0.545147196983386,1.35100243449346,1.45888536089849,-0.26821574477283,-0.124630540555164,0.589134790710345,1.42241390235096,1.61914172715119,0.879896936050677,1.82253230392267,0.476392922828401,-0.140331205965636,0.0220294659168747,0.357354412588717,1.46634501362307,0.506533119291811,0.957425159761062,0.569499463377948,0.535359910006099,0.879641198512342,0.954803660024927,0.428309068408105,0.900298996335965,-0.141950331263275,1.51162043026891,1.1004565301955,0.221432720349165,1.60171389727302,-0.73547075028031,1.41357985559358,1.97632619691428,0.955458863042576,0.636109970232354,0.138416067108891,-0.717232343783133,0.393568557278105,0.748092600602793,0.932037251101975,2.64632596763827,1.05804883155412,0.599523448357551,1.05992349893386,0.0616848387942741,-0.328199534424459,0.744751234335062,0.71014249159133,1.18532901863704,0.164536583790234
2800,1,1.57319148077876,0.920414772786555,0.58499041716933,0.820682338493173,1.30479413496126,1.15763315748205,0.430645025684592,1.54832319585541,1.26036475054107,1.67702449113229,0.771374635308745,2.01320245316766,1.04105624610305,0.569679203486113,1.88652976372967,0.0827449411709176,1.94740173428402,2.29614678076174,1.02041266424648,1.28913855692414,0.399475091187763,0.752123922037428,0.420396951814856,1.14110319521001,1.08412777011928,1.90706975974622,1.59876777710047,0.505027754047055,0.61406611453841,1.16072558700041,-0.171009080769001,1.04946033465029,1.24515992345761,1.14266751986533,1.04485434823156,-0.117471291547945,0.398480396526476,1.28384607777847,1.65079068675828,1.52976525249503,1.76752600512634,-0.561893475846849,0.391291595530897,0.645450662307006,1.1247382847724,0.376914924918003,1.44726909644205,-0.0878053440026569,1.63300360687407,0.896517373491216
2900,1,0.766048093820775,0.962597553011131,2.5874846144168,0.727707070459448,1.06624197887704,1.16709599110858,1.4256889077179,1.32561069861126,1.4605782639049,1.64046071955633,0.825966605358625,1.23897151709421,2.06526404140537,2.19411776398005,0.889784320279983,0.564479738629399,1.22529316713832,2.14921711898651,0.232796639029041,1.16790323403447,1.06964677649452,0.793051170257409,0.0493025398593985,0.996707454834624,1.51860109159059,1.57009479904138,0.764725245447294,0.054209840663983,1.33533179185452,1.06618405693684,0.189715011499101,1.75626369451766,0.836712653191035,0.781542385757282,0.433979838878876,1.35423715974332,0.657737430180148,0.977061956810515,1.74286293984467,1.9874160798069,0.772352402647034,0.446086362699615,1.82729221057999,0.939490530496885,2.33024149340965,1.36625732399926,1.17929640247396,2.36580378806637,1.68279032401692,1.62678255343644
3000,1,0.720818399822384,0.97645649655272,1.90166661210811,0.521418832713675,1.17521992402364,1.46668619108764,0.999702862663754,1.467459096381,1.78278619437842,1.86015557698228,1.16725323583866,1.60419883951777,2.70240854218659,1.85733795792762,0.812490052491797,1.49233886990409,1.43096079440129,1.08260685071776,0.972080206365534,1.28792856263654,1.96559960165504,-0.0362100249784232,1.42596060726104,0.815658829072846,1.1639728320115,1.57500417580966,0.261964531035448,0.50974529284757,0.805123955417729,0.758223496685705,-0.102657472555653,1.33067619892541,1.23107204921506,1.30243237370492,0.213031202446575,1.47552698226049,1.68511555856366,1.09077698119222,1.89348824271358,1.87588992187478,0.606596700934726,0.944816444847598,1.821827309592,0.63918763138904,1.65489637810727,1.24122546025154,1.73419368885338,3.37845334167072,1.22680927173058,2.41567933147033
3100,1,0.889672275653338,1.85321226373191,1.61001947792172,1.53701737081877,0.711428912332655,1.66953421157723,1.40057799612286,1.25065772521188,1.51069294021423,1.85530769567938,1.0831783174286,1.14404857550833,1.21421703591356,2.28849093641976,0.999389165309232,1.50194728858755,0.176502464546763,1.56055784444818,0.930295308103012,1.29470503088812,1.08254932405785,0.557146780274671,1.53948229585081,0.416614524302541,1.23024664268345,2.00710299684455,1.04898569080918,1.51494708925081,1.59231594359048,0.616806280510822,1.46314905360386,2.05111951491203,0.173896490581143,2.17799627178813,2.94935006590215,0.435981818068794,1.34059368649075,1.73093159360107,1.8185757772444,2.29954051310895,0.402662890040742,1.52204998815057,1.20251741983204,0.615359693467824,1.78114408985604,-0.1015595231533,1.96379650154511,2.6945617211485,0.670615490647905,1.92482985477332
3200,1,-0.0465904779168651,1.28498031764264,1.22630411098898,0.637850106876723,-0.00552130264851325,1.59597847556503,0.7437462839605,1.06855494276626,0.0911691694702639,1.64159970776045,0.601746423800815,1.61802895946047,0.158348924667219,1.99212250728159,1.23473832515526,1.53948644617412,0.0975234964082836,2.24594885144496,1.1219766968889,1.61529121659163,0.444055018021494,1.27303506430668,0.886483063679518,0.108606793861546,2.67970471401678,1.28714451254748,0.481190630246284,1.34586576954028,1.91342230141496,1.22349667980467,1.23561461796509,1.6911180441365,-0.276342662531502,1.44320852026225,2.25319809524739,0.365499355595792,1.32289110579383,1.48006014454514,1.62557629238107,1.39617561961788,0.111565592330226,1.85298191608271,1.47065747162554,0.62878000496257,-0.357524810907859,0.241500150265566,1.00168700703214,1.56666189066365,1.68096926703506,2.62329735857616
3300,1,0.937863700158585,3.01108097827207,0.334780402726416,-0.165014569124579,0.842140204701652,1.75898446864574,0.995416309907879,0.658420544715744,-0.321627223039277,1.70348693954987,0.498672737053092,0.554984999344415,0.487322637369967,0.598770854332696,1.09378409965721,0.703279466240362,1.88836211831617,2.1278211143508,0.956006979545327,0.159811776850102,0.793501243931437,1.56816286986754,1.37257868360574,1.57945104797798,2.16441614613373,1.30671837378266,0.159421161844668,1.41442184246056,1.02094894727739,0.89156675704199,1.65356133897051,0.191667737593155,1.4206262959746,0.821296793018101,2.20063408566636,1.2405287277403,1.07007191957521,1.36393908841498,0.311710556578875,0.755945379418842,0.190424946352771,1.58704596842411,1.3352734200038,1.6837888631084,0.0657139220392056,1.20601898474559,0.530075709312121,0.913793045686283,-0.0927981491270016,0.881864598442889
3400,1,2.02332156862834,1.58559365471897,-0.113398283213449,1.33874478681923,1.43701323912497,0.940154218284193,0.488403812641339,0.785735142357269,1.28224401695513,1.36020328057822,1.50108692565329,0.678787518368411,1.4575533824507,0.989141210638857,0.529164676252089,1.22266454812264,1.57605555475168,1.10319962115077,1.12364591979766,1.38813060450447,0.966062742477373,2.66644726991373,0.540359401130808,2.41032053655911,1.15956633880898,0.839739955988947,0.614062182858513,0.955521282552876,1.68470799828385,0.225588470579113,1.37396077912085,1.04432875490976,1.55688758155198,1.13126659832119,1.33532856594545,2.05454940521828,1.26788013685499,1.32876018244553,0.52915474235329,1.84530338986221,0.695856744175368,2.18153503647438,0.396151873620263,-0.0815552104115147,0.210591407460167,1.80733521210611,0.559349460536708,0.52355154785974,-0.492303394221912,0.698638087442422
3500,1,1.09129741449434,0.46013199989412,0.618764483054227,0.506335531600362,0.867942594203959,0.773075725670092,1.04672026076521,0.797021898658479,1.78503005755893,1.11792324977139,1.23715306717333,0.295102464784594,0.757221662101961,0.570251435649803,0.980076478967146,1.10131424681801,1.53767322294546,0.521852229591726,1.85744835054285,0.929594156835529,0.552053257976268,1.02772520400488,0.211067321165238,1.95851756531195,2.26862927978291,1.60100246475986,1.32213068707187,0.0331969394298084,1.39172753643996,1.93943045017702,0.25456618514579,0.780708428486431,1.34033133676445,1.01111113386534,0.894593158303674,1.69842813438726,1.4546066155443,1.5002340442252,1.34726231369479,1.77095146158326,0.322626756610566,0.534636447638687,0.761146418425414,0.223286391498415,0.40477005096137,1.47306690200587,0.46542419411677,1.72393658062152,1.37926409632094,0.4019935447076
3600,1,0.877369488970987,-0.121098061821315,1.23373913398275,1.3925052431297,2.05649263577487,1.77976460276625,0.51616717492953,1.29279493597097,1.07989644307683,0.838942665129439,0.840880048757564,0.782666767359797,0.410315944678046,1.13083266954353,0.821296978230923,1.91749923418517,0.613093862137904,0.630893285584757,1.93042380654749,0.948185251643945,1.08177234648169,2.26365679374419,0.519032289592786,0.975956869551059,1.45475756054422,0.786863946080181,0.461842008795688,1.03659999379361,0.716873058870681,3.39945835272333,1.12928216960201,0.720695749547829,1.28523899083692,0.117027077495637,0.0102124204263778,1.99791908066126,1.29497190527159,1.07308483810506,0.614902043630619,0.886060666603135,0.77694621909717,0.371636226792374,1.14681027209135,1.40397348420186,1.04905070657241,1.18307621120635,-0.0395456141433193,0.559361582761677,1.51909562387171,0.353398032914195
3700,1,1.80188014173311,0.187289878710914,1.26273031915009,1.64187018537495,1.2366322559398,0.694950243362196,1.12073358496,1.45996778642864,0.848678286109808,1.09751980187602,1.65031655743711,0.467336585173517,1.80474473466416,1.3459821888323,0.786060307218243,0.941085597163665,0.131135695242812,0.571602099637411,1.69996745670555,-0.0751533184174307,1.64141937596511,2.99805382104728,0.962082930611715,0.395709633468631,0.662921136787464,1.07829076337879,1.2864759156358,1.27820102232802,0.96562626027206,2.06810363473425,0.327435470786843,1.18003750354104,0.716715952417371,0.293246655250332,1.03184801881336,0.836795464718234,2.29431186309357,1.06118563016517,0.676427622905473,0.807048891840386,1.93348262971833,0.215580566930329,0.117002394920421,1.34010877706518,0.609255223795813,0.0277872618911488,0.51553876824654,0.834803447319209,1.43399243881792,0.529106318195928
3800,1,0.693489290869836,0.591859276290707,-0.00964081092616231,1.66113729586697,1.30731287523612,-0.320915006592455,1.08347801128323,-0.0805647371934108,0.217221774416904,0.839086470202133,1.56976045012647,-0.661274681497256,1.15511558881348,0.937725929440938,0.343395080237967,0.138106433593023,-0.123982306844442,0.431611538156544,1.04023916776055,1.56180054838057,0.468141356637618,2.39771861189439,0.552362813810492,1.21233062016393,-0.194815081850112,-0.252932089000496,0.24321752822209,1.09800743846051,0.871884723073219,0.859563613487892,0.309857299255049,1.48425573502208,1.43782015584009,0.386109885537095,0.0872399444303642,0.590275707474703,1.45990203358461,0.753997413996226,0.481437613801528,0.558074304734964,1.28425834637056,0.338577527040914,-0.361829765315443,1.17996105596787,1.3557920935431,0.436967764226771,0.195502876539289,1.1483871070731,1.01825147657012,0.368381596569503
3900,1,0.77075032012111,1.33044353513481,0.307689540608462,1.58289685617723,1.03162834604244,0.825902603590848,1.08415579831131,0.404482683607458,-0.627637970812752,1.02424994624168,1.42662015848118,1.20535417519517,0.371412579406544,1.62619260718258,0.663074098315879,0.00313518466508778,-0.212969685968526,0.237352335340751,1.17663533047458,1.28124804341354,1.33565270838121,1.72732104770995,0.086819717569671,0.609799510143273,0.405055586968706,0.373729585811262,0.703497317438418,1.71009653901102,0.10356942005845,0.419951016693243,0.811786471712927,0.989595817713125,-0.0731093359188246,0.38873451781961,-0.0313756726179746,1.74211464520962,0.911155632729017,0.302243731593393,1.4462542257407,-0.148218878475789,0.903519497886761,0.114726474987095,1.13977424488042,1.15892009292269,1.58093914953846,0.259618129751667,0.941561284311128,0.287539613419284,1.12519317922133,0.732616526455347
4000,1,0.372109462696497,1.22121049754062,0.00845792729053541,0.832296906256587,0.398775739737447,0.706447067762143,0.586960627788172,0.490397397271791,-0.717402616552853,0.580649798235142,1.12077159982399,1.37099989070883,0.833764368700769,1.10210154810424,1.48523974455596,0.0610182551851117,1.41043753098706,-0.306916805414313,0.5772007647269,0.600047808348235,1.43341179436524,0.242129298617226,0.58522676055504,1.09976095353775,0.154095972392559,0.644999852476276,1.22220925284867,0.197082924691783,0.762819904203504,0.715475222831909,0.805276082687297,1.2826726355662,0.0578099005111284,1.12083203073529,0.469715327101126,1.67903679704865,1.65267977919539,-0.647957883319252,1.22493461512628,0.420133988274945,-0.208445356402186,0.916347134428028,1.29273312847874,0.938458773021555,0.888600471102645,0.14650407016133,0.61147010190921,0.662356303863706,0.620632491025731,1.05397193975854
4100,1,-0.0275758158266133,1.53512376228513,0.698112484712938,0.197350613788501,0.576962874371033,0.345909942575996,0.834258466863254,1.1468954645452,0.945850575143514,1.2398757705566,1.01676022162112,1.44832578161989,1.47965189769729,1.19632204025588,1.26267261968936,0.780350851575142,-0.170600048114098,1.13570960369141,0.921351811334133,1.77448657804072,1.59536345913008,0.590158447995126,0.758287627603553,1.25393174709407,0.40962507610863,0.481419203497454,1.1047695760585,-0.422647205268004,1.44113860145671,1.09739097686286,0.490117443508097,1.56833856238002,0.114236447246431,0.0614124057706837,0.822055891829928,0.896850326702751,1.1039298914401,0.620801930515033,0.891580708908633,0.487922846136189,0.272144519503562,0.544247436211158,1.41995607404293,0.955298239803349,0.791727768777688,0.405507455555902,0.439177461999424,1.43804883094711,0.721892244001261,0.612093498624215
4200,1,0.726138667070281,0.769331609781092,1.12439910955598,1.14890418976673,1.10438065747315,0.0212963020213235,1.40342696911768,0.940071400109639,0.559453210778793,1.68209788616779,0.600412706247494,1.14655999376074,0.528206574133212,1.53331442515909,0.808442200419864,0.844369728519043,0.45533464687588,0.767343182914069,0.882737264845938,0.341233792533435,0.240844168877876,0.81577557790412,0.973110400805338,1.57454981762342,0.81892439136475,1.06505970657829,1.70619177600177,0.314516584993611,0.633943410259191,1.12874762539169,0.495396927673032,0.420588061824339,1.78299640796367,-0.173878967376474,0.684716235667211,0.537913365534355,1.19702414607493,1.02334128155151,1.28887007478356,1.09690869453378,0.396924611741126,-0.215727964794526,1.51394936354884,0.973842008903442,0.626165371715192,0.880019051040014,0.369651796083101,1.15110027572968,0.803242211713812,0.711192431195005
4300,1,0.788240496642295,0.600145722455354,0.641126070814153,1.30000413701275,0.610494555009065,0.0320846844252963,1.28155245642511,0.442271155865373,0.472187433518857,1.0611313488488,1.53320091176638,0.877039224545061,-0.171206565916865,1.36675975159895,0.808058334990595,1.02018834527251,0.965498903787485,1.07141880948049,0.713486701146969,0.355863595399217,0.866379882207538,0.557443642678112,0.815624699397023,1.36074925685435,0.35022255181383,1.15438534357573,1.16302156056419,0.801767758527941,0.73205164987726,0.782544205259891,0.355356322097902,1.17198651524733,1.19166726662822,1.1386836058199,0.47221855299348,-0.353315410267278,0.609495282054509,0.798997391016149,1.37797267160341,0.942923841400224,1.63184957940058,0.290460004429444,1.63313808739973,0.083409661862104,0.721686778500683,0.56370082672308,0.412735807750031,1.26226640887416,1.33718285373959,1.80265326185118
4400,1,1.02655493648893,0.713071779808973,0.344735273333542,0.882374906523847,0.530004873359838,1.46633602899864,0.986034887866538,0.369685225323162,0.374521695404274,0.666505336415242,0.697427165357075,0.28634336213939,1.04777576037692,0.491982840394355,1.5975715703454,0.635197609750492,0.598759435198571,0.421592020915357,0.429534932830205,0.543079593470403,0.734453524928273,0.443190858396754,-0.188907523738618,0.0433104467379044,0.888817601553751,-0.0247726831895836,1.09405986088279,0.167127383117879,0.305107338281468,0.649435329754515,0.988519630041722,0.715700072801844,0.735879606533291,0.111657146183066,0.589875278733445,-0.698458452678849,0.609978902409126,0.788628477718763,0.651062816143823,1.04263718881829,0.781448450159539,0.621904537148164,1.07035568476937,-0.286378525346202,2.05387065845358,1.47513569423132,1.17111050975009,0.894576926738694,0.604883860904478,0.609968997385732
4500,1,0.666642361477122,0.0666213796636376,1.02764515772873,1.42642945520506,0.312637619456678,1.30336731722652,1.28908345743923,1.36761370035299,1.40192747059887,-0.304073119413534,-0.273560711486628,-0.424881330938263,0.128649470363304,-0.103600261822844,1.54281968131588,0.94626477013585,0.742218804263789,0.279993304525077,0.899282801963967,0.899896475529218,1.10074575658907,0.730741165470657,-0.11449496723706,-0.680739934509147,0.97362512019633,0.733921536252571,1.28584306565295,0.956274862644909,0.541551104420887,0.560569630930851,0.842700793071455,0.597540597677945,1.14481173083622,-0.3799604110578,0.367204208408956,0.370336461341716,1.06670942551933,0.904769232682155,0.298391442004735,0.721248524532578,1.31745171465679,1.01434344842848,1.07393322239853,-0.199500833286278,1.84929903121012,1.4998365466345,0.473472164610431,0.53251904921916,1.34953750296368,0.306054433129266
4600,1,0.472574436865019,0.363306922714171,0.958111425090878,1.9162230024284,0.186999596881017,0.552783152849618,0.00049143253539774,0.772091215268415,0.769009750425493,0.347216418545405,-0.584812863099391,0.96311650203896,0.0748183447211122,0.775390888220649,0.78034367334224,1.11612393640812,0.697538053628606,0.429917125299164,0.467735737244611,0.313887233611893,1.2940936267165,0.622700260382974,0.482125193759072,-0.534636401975497,0.823584582886836,0.447026369234049,1.09850787969877,1.5530185380379,1.01223548028172,0.661140958824449,0.894868136545699,0.208605452736244,0.494530963478398,0.786311555130389,1.16689033044183,0.267712405251254,1.00121752952643,2.07313945498186,0.567212242525768,0.7555664498495,-0.243166444163619,1.21961026387529,0.204923251542498,0.563864720412484,0.649221320311606,1.91534292341436,0.503669379316054,0.843393855637912,0.615960903570782,0.793851565918998
4700,1,0.244714384019487,0.838487078932976,0.710124571577383,-0.0332115271629052,0.247343447802462,0.616602225911854,0.372965408342817,0.844329010765917,1.12677956222721,0.32140105834375,0.16272101766611,0.186968758165631,0.35254065437721,-0.541268856792253,0.371550703388748,0.592628941669622,0.366014767523949,0.842264295268303,-0.280004322226062,1.11977272163088,-0.659252515731845,0.469115919911436,-0.165223328917914,-0.252394534279061,0.761271628109465,-0.0484513402487865,0.0564608135556901,0.940023318226215,0.0840350404829,0.429864741403679,1.45840260908575,0.279225139668886,0.634724239687628,0.721128389116476,1.06792247357998,0.697481685714161,0.21388787426394,1.10238522011021,0.651434847310413,0.459601158546038,0.53926114449551,1.70974957175082,0.812125324475722,1.0779792098265,0.229803365422271,-0.0692177495985982,0.512701151592307,0.682385456795537,0.725976970694396,1.48883440919955
4800,1,0.532529383041437,1.6132217883872,1.18814867038248,0.608677846894263,0.807146955703042,1.0902307454588,0.961270015230405,0.838188402408244,0.597380066205745,1.36958682235165,0.404194712707536,1.39774469223458,1.20212642827731,-0.773125766219194,0.741162326170105,-0.0179706049406015,0.568201095243864,0.402973310148881,0.586332224393301,-0.219518800860248,-0.585550994953125,-0.104614851568822,1.84733045186866,0.032783908904181,0.998492174955939,0.0631634862891741,0.739308861297764,0.953351069985175,0.878131144514776,-0.0695336719593915,1.39442407347746,1.42955680946979,1.99742724845456,0.389948451579647,0.247105430295206,0.353007693404801,1.49130169173314,1.24148373135209,1.12851120758733,1.33188357859862,2.01200802664601,0.474692358585575,0.454830863546485,0.238090811466478,1.8796517646133,0.810952415343305,0.446713365819693,0.204913202330789,-0.197842454065328,1.35347546517672
4900,1,0.0109810647568724,1.00252119329321,1.71650272588179,0.549639097188817,1.62460735096368,1.31306742095347,0.513599982406887,0.216551933241943,0.0653772269707622,1.24475862556083,0.880335567646396,1.3768104561337,1.84474451773429,-0.0416235319192992,0.955964431357696,0.00787340375195333,0.726572132896889,0.23603995491534,0.643026422197469,1.00849775302929,0.858435223609144,-0.200947596795547,1.90904668051537,0.178048406239174,0.852205434613834,0.620094348853848,0.933783232487909,0.168631234903447,0.1613923125284,0.805584831799937,0.830117487257337,0.572540242205294,2.02446047346776,0.792293593864519,0.610583007383972,0.991895858067355,0.167635189830758,0.918413952962994,0.23118368113978,1.2226080447865,1.42062464289204,0.89199374336222,0.429085412173224,1.30749735474131,1.27885996856837,0.73699553580718,0.497043393007423,0.94228525033276,1.80926660437815,0.885182907220439
5000,1,0.655214054420003,1.27848157472536,0.569819893061248,0.802642120284744,1.21689461353405,1.09004984147301,0.411601094233308,0.900938087279196,0.641707050478503,0.645807891673297,0.795162571609646,0.891175508426556,1.6309149819283,0.738475445198944,1.03736662329612,0.053763334734649,1.29092362156477,-0.515930132119688,0.773633011321818,0.908172133046933,1.30673463849807,0.0954689133039491,0.820619583903863,1.09111520436702,0.296716724285228,0.884993991753964,0.437194335563666,0.42242582757069,0.442400945731519,0.97660197937735,1.18872000008959,1.27198597588758,1.14913431535388,1.04041773274731,0.917802999525771,0.608561660207155,0.19422574664211,1.06498525229614,0.255715523386394,0.747410217211961,1.66928842511356,0.601684011519216,0.798845466437658,1.64616449087664,0.634313815757624,1.09427510807693,0.392262735027804,0.630837983847388,0.802970464028199,1.47893562759702
5100,1,0.870105738152591,1.49114988388912,0.56552478722891,0.419206459126036,0.372853613018406,0.955528050508986,0.452768518803913,0.658419623731782,0.34204043478805,0.599411871997559,0.749059515151697,-0.270752132277927,1.46399598138615,1.2460894524196,1.06986577226732,0.604031610104,0.291983353329313,0.702487304178543,0.64155160289559,1.34395324840865,0.762802369270333,1.132912096721,0.692425694185108,1.49263876735092,0.637852647239524,1.23955321050487,1.45903347544845,1.23799572049359,0.129653621068004,1.03722523759108,0.970466260340171,0.809253622715139,1.38651142718112,0.950621188950996,-0.0135322403196885,0.521651052622806,0.694776512178076,1.3973377486069,1.05504736149802,0.588297541628814,1.53358048003643,0.361731189871775,0.995697152034606,0.908647033168935,0.00792238872941942,1.02843630632122,0.186740518659765,1.26292070435469,0.0669799654304521,0.74644171926977
5200,1,1.25953272590871,1.81434393078385,0.884587525879908,0.743703018947656,1.34748513176664,1.32883686930023,0.873413552343309,0.996523677791491,0.0976780863298341,0.458317569937955,1.48375100444775,1.10347552392883,1.92802788489678,1.75052470942544,0.526743767496557,0.671052207882891,1.03971049132877,1.04277837588967,0.95329651982556,1.15643718793441,-0.25713061808339,0.309033382873453,0.522294574219484,0.968943911477887,0.509387261154058,0.612998630791959,2.21038534946873,0.261106746355561,0.401769459285206,0.930892950883816,1.14238157390692,1.73915039503136,1.54206627091872,2.03556702497668,0.269199077116245,1.57337852026432,0.701287637974972,1.01156425000401,2.85149534703452,1.40970937938689,1.26102015471259,0.946381688647776,1.77179864120284,1.89887919044238,-0.603002351254735,2.15824670271116,0.141520282790706,0.645677804950191,0.212891085645293,1.1570318772499
5300,1,1.12194805236527,0.724367268491918,0.0398989000207625,1.07618088608649,2.28250037992743,1.25418609247133,1.69001533491758,0.171677103421205,0.949481586597401,1.43496826831408,0.58497478125585,2.11680758529218,0.890602031741722,0.726177391007667,1.74225588292991,1.74042703235155,1.15121508936478,1.14249209471941,0.601632591210679,1.15480745100147,0.743889190686643,0.367201868403519,0.627849468973544,1.65343981928782,0.798725033970344,1.89216716410118,1.46722840567707,1.18193993143502,1.70917869067002,1.30095374395489,1.30224766272837,2.69075672774698,0.635786302639527,1.68974999719685,-0.406653441321417,1.25425071740938,0.0364222162636045,0.217698437409709,1.18991623603491,1.37768528666195,1.75151518085522,0.31953826906008,1.14479661408477,1.10651711014573,0.638688687335228,1.86264780375037,1.59990643532516,-0.593021768634529,1.0398163855056,0.0898922886557147
5400,1,0.524569165939526,1.54017113387695,0.51729898720654,0.358288399387574,2.22915810565509,1.74425559137262,0.277178421339193,-0.225391482464467,0.263040187447115,1.11771046858728,0.670714252010902,1.21158806102619,1.44751449213519,0.00459006852880639,1.30285266217869,2.2105874424287,1.37393615252497,1.00695414385055,1.4703260884049,1.51683435846033,0.928845013125579,1.38021754742773,1.22175164005196,0.979722150088328,1.26656807131642,0.434511253870887,1.49467626625767,1.7382758444764,1.57563414116828,0.468819886628421,1.94200351103316,1.5047847563169,1.06768367198017,0.238568754130371,1.2324604923945,1.7157369127178,0.127703678932142,0.876053349420361,1.39603662262497,0.722098994059056,1.07406681564097,0.350642474673556,0.529166286706227,0.40107279280739,0.939161367764025,1.62989845029296,2.02041213874854,0.182639442156262,0.634471145625368,0.0226628332007539
5500,1,1.47247784359071,1.31410461850727,0.558380007917715,0.607693301783223,1.1041891758457,1.64150326585122,1.14192399406027,-0.209340748209417,0.140212860709267,0.855168018343849,1.08988326182593,0.482769302004194,1.95104302905033,0.20934758711613,1.39665354925601,2.02478303833895,0.466024623762079,1.16026979312583,1.2569018822501,1.07420161950242,1.78304969776541,1.53181930702359,1.45383761442774,1.58236645646828,1.33481897904587,0.346205591375863,2.30317536320944,2.43255856847314,1.80078120545456,1.51886355606608,1.55205577695119,1.04907541008009,1.41087639115504,-0.0546110840261114,0.745603899607897,3.07671775053697,1.17657207708444,0.907113456148172,0.0609660174436096,0.399597476363911,1.27775027410634,-0.438225876765814,0.813765930438124,0.289122777354535,0.968699475040317,0.980916580135585,2.06362231858377,1.39855862498658,1.15323933005702,0.0410783205694253
5600,1,1.60437687837618,0.765668124905651,0.183246349231745,0.329387079117071,1.4104179556945,1.14943229034798,0.827766312251998,1.26945271071926,0.463521115793534,0.723731843911489,-0.209666985234592,-0.614098483103045,1.3913153794656,1.13249623805419,1.01306049117997,1.51260067543158,-1.20181073593902,0.954446225602637,1.23665818332892,1.39000544747188,0.90196480900698,2.50891906441174,0.113808880673488,1.73635488584298,0.365711536983204,-0.268494252395633,1.86469269355477,0.930161575525558,1.25083189795932,1.33098626053119,0.461779778249333,1.66181568636046,0.796232151124438,0.892108422781296,1.03168944768453,1.21066851150188,1.39535640086158,0.356828705467511,0.844598820749718,1.45219781464184,1.77112375145398,0.117782982359079,0.751556617918601,0.483697427771944,0.683829391893489,0.942064158900942,1.6450469365421,0.738476489533104,0.68411269044891,0.39080017103108
5700,1,0.916172735152733,1.82373218277381,0.473840188126251,1.73824867645707,1.02448520497593,0.974854382813272,1.61609622487882,1.16341571272364,0.984445455120853,0.457260589324855,0.359091315188951,0.295564702680874,0.756164196502945,0.533765606021331,1.15138433229328,1.20344927073977,-0.0383977621180778,1.69664340737662,0.339149702307518,0.864711797974208,0.820851669187182,1.57049990021933,1.38573093140659,1.57053556393007,0.772748660643205,0.583716844273136,1.54714826609515,1.37636508267098,0.73575758107192,0.98626081171121,1.26927792614377,1.04642186020327,0.965537442911107,0.565240791284836,2.29623647159815,0.805311349170657,1.01777284064445,1.42910107952238,0.811827792012913,0.874870822280749,2.16358272296266,-0.245793939724825,1.48890152501692,0.888803320864088,0.82361794392004,0.642121299840998,0.520816255247146,1.36895975724269,0.66758834371282,1.10566557954048
5800,1,1.20473149943221,1.10697067739108,0.033055373098833,1.67016375591338,1.90186751081692,0.578953210294469,0.56841118280145,2.33520584993348,0.219683969705216,0.818242583983022,1.05190703884706,1.56229862573775,1.51739063975182,0.479654022423054,0.637818681867371,1.57722661734082,0.660939519437407,1.11242006898341,0.773187307492963,0.998565024422518,1.00704761473937,1.27125713588798,0.517581087363857,1.76005065395886,0.339761328602199,1.26918211459352,1.56044565662563,0.530634747387329,0.400186377005829,0.65506314720701,0.83149104643848,1.22308659189629,1.27991122390355,0.513935551087158,0.84476071517221,2.11431132785461,0.827914838640921,0.803585505433355,0.17629996598547,0.573226854819721,1.53892387266678,1.04750935981766,1.04508072289576,1.14207130071404,0.749807595348793,1.11056658644,0.204415824201694,1.44177629028386,0.29409289088873,0.58559497956635
5900,1,1.20314365818129,0.603227541310144,1.07300001250951,0.739652209263171,0.780394842117457,0.368699642043604,0.798763535217181,1.49508592502075,0.153126150249674,0.310164920864495,2.30653013476543,0.893379517804744,0.315416703521824,0.751069476368495,1.37510947211671,1.14226755614555,0.796583511483193,0.550638329232433,-0.238613061254819,1.39601140160996,0.842186474353293,0.0826641719799803,0.109933512147257,1.14081231286465,0.63072842618149,0.993571353371807,1.24397508482539,0.568451433030999,1.5079330143833,-0.0359380126940463,0.571599077807014,0.980171617411493,1.93297247800525,0.819479583769367,2.08937570374527,2.50316729334012,0.809292060489806,0.439748276202576,0.675363494410437,1.59597564607717,0.478862339176091,1.00136594995428,-0.24662975256723,0.861600761528357,0.952332958374714,1.19915911990073,0.441711930668655,0.368837646075221,0.680257135531774,1.142881136071
6000,1,0.990204205991516,-0.421522707733654,0.0986758303462759,0.347694720164941,0.208725314059255,1.19926353042557,0.256326910033757,1.69416760236482,0.75617096382971,1.14852351369031,2.52725158431576,1.3551386636251,0.202251343087406,1.50789689512883,1.70200122239442,0.387695626029764,0.959307216741778,-0.299530124171807,-0.779272032905974,0.443839578480554,0.847763447278312,0.0405957189407757,0.534187781126622,1.39249418879378,2.79259783111483,0.667725560228206,1.04625382321897,0.382456791312255,1.24862457262948,0.0545340372709389,1.32359322174791,1.06634842680823,0.434851815225308,1.7183117589725,1.99906496519643,2.40781067261741,-0.671519758243726,0.727255058762541,0.451145978729177,1.61563728832458,-0.057767121035937,1.56533602056129,0.102139588625045,0.798489107487906,1.23971936145697,0.32782803840193,1.29609326421925,1.02936800410773,0.102101373114134,0.311291572598813
6100,1,0.817575762881343,-0.334993730370381,-0.21641089164794,0.970940223026849,1.20750100874847,1.52287517125757,1.32036552853534,0.756340719083404,1.17712683607491,1.94240930354505,0.578246861894283,1.14450878789604,0.617988449907479,1.4411841264189,2.22222839630431,-0.0952040417227691,1.50665075005251,0.206972317404222,-0.688006401565901,0.56376057288427,1.57933483420114,1.30791437343501,1.32376269481702,0.627877361367319,2.12173560556251,1.03504418889799,1.17264174887461,1.02073924929189,-0.00972879391764225,0.833246046810872,1.26380971177073,1.66473932397115,1.44764797081635,1.43119215310413,1.50260386549866,1.88599868161829,0.837885642036737,0.915424888213367,1.13245841343713,1.50058957781478,1.01770816005888,1.17336957604432,0.787515314838242,0.595777837633121,0.910854167237835,0.493826067334217,0.859891370239334,1.31460215653885,0.825606642761019,1.07396576534363
6200,1,0.221893274225627,0.640947943710706,1.10024818742173,0.876218503088748,1.4175197310222,0.819845605041396,0.760149177775351,0.890285179345819,1.69708176907632,2.21251487303331,0.648242663706746,0.696440083461224,0.973831311566205,1.48754862748227,2.04116329201482,0.941311714819264,0.658436556458333,1.24961986074577,0.284489361779325,0.756885620921429,1.8381766804412,0.935182462864022,1.75339784501873,0.771558403200112,0.610666727903395,0.803722260092651,0.720246895071854,1.32932826303275,1.02199702365333,1.48062996011204,1.32111743158568,1.77204067704855,0.802019801839862,1.19978205016949,0.895763945506723,2.07393495777861,1.52250980837362,1.15326920067914,1.18404963844538,0.931238702215572,0.620483616378974,-0.282415246788386,0.424139274638511,0.616390566947604,0.0572743335384319,0.950086342807251,1.47056184971546,0.680876116660135,1.53466044667457,0.372529350453383
6300,1,0.19999950716192,0.910303842064296,1.94273577619096,1.11684875588172,1.43704811159474,1.48476807809922,1.05811808480706,0.370356955122424,1.25532320851886,1.00069339950499,0.38088892420842,1.58398607750763,0.451182088756253,0.271328201584134,1.75672471719422,1.42148179317956,1.70316034968199,1.90593912909928,0.157971896190432,0.806171033428938,0.937788860244663,1.72133922034652,2.24131885887813,1.54242432265489,0.998367991658866,0.627715411398245,0.490091807527914,0.761831758880107,-0.133492128687801,1.90703047862731,0.961192381505603,0.372178700122453,0.533890288670006,0.985785285598747,0.556012764560636,1.84360985566773,1.68885965342466,0.276403957478075,-0.326922305750978,0.190918414029152,0.979101452128492,1.03807618315005,0.870989018566056,0.580627849277907,0.0684540227824598,0.534430343840154,1.64155872478241,1.04181879692798,1.9096321863742,0.38845278808129
6400,1,1.26637630363929,1.53558466392506,2.17398675209394,1.26646458073261,1.13271289519201,0.792808423774075,1.15083962476045,0.974262048024853,0.313558753850694,0.947422499084784,1.6027614695889,1.25034807389646,0.452820377223131,0.975628030579684,1.20129514105928,1.45012901323355,1.37431259549934,0.887303708924537,0.806501479601109,0.261181543622199,0.557908410208102,0.44679152763348,1.72911196971023,0.740346870080415,1.22042735064879,2.50832478486459,0.120890468676144,0.372050818154673,0.0779743053873264,1.48829460627412,1.40637924492294,-0.410157602235486,1.31156728183071,0.158782308209809,0.393053067794933,-0.0632690487178831,1.27839357381302,0.499902975719231,-0.0834106590600499,-0.107231103916546,1.35317010688517,0.79280359073975,0.245529532151546,0.608427003837595,1.60172811077763,1.23869061067037,2.71550080092345,1.58011341009879,0.763749043978962,0.978081178121097
6500,1,2.40970779372236,1.13234108873017,0.811375738333881,1.1448954335024,1.16552786072661,1.41780795173239,1.03232695567834,1.60605762400929,0.752592146343284,1.42572943143436,1.1563251417022,1.33276488595932,0.822186860858361,1.22596760519894,0.761541233491145,1.04982187188693,1.28513118104047,0.636385903921448,0.611514180282963,1.21826659668114,0.547178733724951,0.194381404374879,0.550781673673725,1.99710954258925,1.11733661034822,0.935204305920216,1.04140402902158,2.03609084881551,1.23091976581061,1.96799800334397,1.51026233758649,-0.0344871029221767,0.830580061464259,0.608903462202754,0.686552158793043,-0.170033397807535,1.06091591592081,2.02657534168099,0.285122259190502,0.619387636985018,1.4052933811774,1.3563764270369,0.453008891282962,0.47859638608849,1.64867435983992,0.437467098767245,1.71903823886913,1.43157291211831,1.63336595971654,1.25847205048374
6600,1,1.98192999593277,1.84147999197288,0.303767451642518,-0.056608779679445,1.02257843493798,1.75776763604793,0.849427608358834,1.2493146631717,1.26677462658958,0.378723052143614,0.850573848178528,1.33888668655829,1.83233813119064,0.738788464223415,0.773728935802124,1.03501667780694,1.15323690906541,-0.390612776958816,0.717314766916115,0.447243353538927,0.348523319814627,0.626615079852252,0.966571260136316,1.84166729310796,0.754083842015487,1.71852087406647,1.04072865527762,1.41603724225997,1.95183005245884,0.680236720959757,1.82639561502925,1.45521485280654,1.09904095980603,1.64366080279049,0.749493543437139,-0.0965540343071007,0.204845993286781,1.07541280628075,1.24039235553224,-0.0565911103577288,0.867470048133981,0.991040998107577,0.0543757919769932,1.1574257942051,1.08673494001749,1.05553443835739,1.09008465920688,1.56461554021653,1.16973572047388,1.32765330379952
6700,1,1.96328124326778,1.014064057514,0.289000561891751,0.457695281634816,0.350161481227347,1.85922578386597,1.54409635288557,0.532822548403018,1.78645365170661,0.344998225188007,0.671780060739625,1.17705792152044,1.88927674572036,0.874806963306556,1.01304748147533,0.901319533275123,1.29511720779317,1.28912001576689,1.21616700794591,1.41111887438722,1.41475932511657,-0.0814947368710723,1.5435981995774,2.49654889391589,0.777690587983762,1.64992619857058,1.68742440452726,1.33174498770104,1.71808625791751,0.789330276605409,1.81591296799009,0.887769411624969,-0.338495659614853,1.2062705922272,0.873030730669107,-0.0430701984693689,1.87959081231862,0.650771291255576,1.27394603727979,1.13630676420301,0.997045916252564,1.30925883753398,0.211016462287184,0.723920652664466,0.495976124516179,0.666955875513211,0.890184555413469,0.954362109596556,1.7431217324431,-0.972457747354037
6800,1,0.274679673028174,1.80283826687073,1.49759651495839,0.531481541909428,1.50623355303082,0.73865589319266,1.21815293395753,0.936768760538505,1.03880743195343,0.972395607075754,0.928644925611228,1.66498592733545,0.262394929778588,1.37912140760614,0.165472527771343,0.0553666606448741,1.17375235772885,1.72860679646939,0.599555334413487,0.865671560940606,1.69168185002857,1.49378195105538,0.0287768109413269,1.24867592013216,1.08300305911762,1.05796102553273,1.27074182550495,0.292716571752747,1.62158341181289,0.787910888725947,1.58979682916402,0.0402193371932098,1.36754934562964,1.21306919668255,0.34690211199823,0.957379735759736,1.80920175792213,1.33792191322685,1.19740069593798,0.83524413957627,0.245720682110475,0.996013419295028,1.0084723663527,1.01988609021248,0.937086938706385,0.1998191676206,-0.657513004240348,1.39124586109393,-0.652363732922235,0.674376582848361
6900,1,0.959976923419272,1.60139426240612,1.52255977761256,1.35214791967192,1.42604382505602,0.995709359837179,1.46440513288267,-0.406388886767179,1.0444194543605,0.895131381691832,0.477479321132684,1.53386805254769,0.660866371484771,1.6823492724038,0.256999385649108,1.59392272339011,0.778998385605351,2.27036136759663,0.0115649630843868,1.42479889004899,1.98109232436756,0.138602025306674,0.267802333430765,0.827508730795168,1.0121664057837,0.719857394438117,1.1668993249338,0.258182935278057,0.784686960510542,0.523147742464555,0.811378548891114,0.266448349050998,0.998113011583146,0.872294648834033,-0.32454705374969,1.78071800442203,0.28101480625597,1.46416386562501,1.13529283166206,0.596610733309447,1.2096583327806,1.24719059021067,1.62592761376846,0.942464201079637,0.620243781910369,0.80028478378563,0.931518794409246,1.3441255928511,1.72548688116945,1.34891836111944
7000,1,0.883622217810871,1.21956008372404,1.59474929790235,1.64922468723482,0.74637701548916,0.778656282843738,0.554813515836832,0.633245661893263,0.580595892018725,1.1660773183489,-0.0415783553581031,0.813482694933386,0.552578700155896,0.478314712786984,0.843971513756351,0.560030596244501,0.932252193057666,0.891900085990317,1.12536565915177,0.58940167405854,1.41027557381432,0.122314902086335,0.555822871570685,1.97216409579612,1.38173121998468,0.533273805723567,0.646131770897962,0.992710089088149,1.81048688999013,0.309203925376297,0.6145338796097,0.711047885119527,1.13689612533856,1.28581170760286,0.812064020774977,0.626078613081,0.103545232838829,0.958300003459865,1.11697391198466,0.98709359974435,1.70695796234573,1.19248185815236,2.49756599813015,1.03991076536793,1.10655062196735,1.39186674520308,0.940551495352297,1.84708603846765,1.61982334277901,0.606937506218
7100,1,1.33778270773202,0.752599988266916,2.53812246819796,0.821965785991747,-0.394868852263364,1.53578774569216,1.09803434772698,-0.21136133057767,1.74388830464687,2.09584924059936,-0.0624989652590946,0.591476614963413,0.578727273864906,0.91972413897451,0.290200306357619,0.385864354821594,2.07335433567454,0.656110862041599,-0.117718401630057,0.45103715398092,0.983822206662323,0.815566240710356,1.48468354409044,1.68111602999581,1.02757065867468,0.459199018137418,0.923262950488543,0.127760035927872,1.01415028381313,0.543235154688277,0.625188456482834,0.651047939031605,1.85398841682248,0.218481148938465,0.231971871303979,0.281090438946043,0.38325511661388,0.591779208799956,1.2588902525327,0.672486331107059,1.04675435431401,1.45500256035343,1.47805634000443,1.04999684590395,1.38214110679217,0.00667830067772079,0.664198208895865,1.06944185675635,1.36729278456753,0.370913425261473
7200,1,1.63551061396908,1.19526309834736,2.22953800038939,1.37506163072085,0.259727521110557,0.762600927471799,1.35424277061146,0.888545859504079,2.50999856454639,0.923345785385703,-0.110107803901271,0.954182783753052,-0.397682750105199,1.15217145502845,0.302640031780118,0.467946139493626,0.806647706655424,0.734564454531065,0.715814647880478,0.672257945735739,1.65768755722341,1.65000881686325,1.88313558978867,1.3089949856735,0.287117754467568,1.49625869468344,0.848910809736298,1.50666740520066,0.582743249388269,0.685355663478457,0.577569273131305,0.982163907946588,1.25486594050455,0.361868397950634,-0.836153768593495,0.923470374590043,0.556190259530603,0.600100787137469,0.85012746689775,1.19921024818338,1.06355851693374,1.98427230512467,1.56115106094197,1.10240532229014,0.287071563998743,0.378778411485451,0.875373327903654,0.923545439989091,2.27404048546472,0.401141068529766
7300,1,0.169586175500773,1.01864816726734,0.963886028960127,1.5360021924485,0.599098635906994,1.38029855799874,0.465113077604767,1.11499192710717,1.62078150834809,1.19472432323006,1.3200832827147,0.399726036268283,-0.122117842516001,0.330832723178762,0.803424288477852,0.797118568933922,1.0453345752425,-0.197097834191137,1.23010282653369,1.20372200244691,0.0264767467619731,0.942091010916761,-0.518154284131466,0.731900385021138,0.364508173143922,0.840611346805163,0.742719583418423,1.05370560463338,0.91636951125496,1.20433184815876,0.7643059836373,0.243303879254794,1.63434189270841,0.464771369572346,0.333663305562111,0.604402213667389,1.07018542746314,0.881496540857655,0.111407778053192,1.4934544155707,0.417041086078223,1.46486827117584,0.0282370537536318,0.464896442010366,1.00193604831294,0.461439800535227,0.803512291871626,0.725586880326071,1.31123931801749,1.02530462088774
7400,1,0.185393634745707,0.673572548994055,0.612095921123256,1.09726343180792,1.52299401661252,0.831763903062296,0.320850514341592,0.0731706866988553,1.51577363971936,-0.0062124517122818,1.08925690535661,0.401857141990542,0.530328694509035,0.987386629513509,0.432233373011335,0.741647806491973,0.551120028695033,0.12662803593764,1.09058659275772,1.31534453624302,-0.205450241204971,-0.0276054172601001,0.533590774019219,0.969185975744758,0.588590543869495,0.960946889781022,-0.215441618538075,2.20251344878763,1.08284135738579,0.686260949244068,1.57288748788139,0.435840632301419,1.21038437357067,0.901226497374823,1.02857150352115,0.967758815285307,0.558832018606937,0.204502532299519,0.898449335535739,-0.258928386281823,1.34991744343171,1.19134677471153,0.144680694742727,0.723436738863199,1.06557456282629,0.460946315673136,0.0619985571350909,0.518638647912986,0.979496997711597,0.649959602337749
7500,1,-0.219889002907816,0.512959078898944,1.59098791462252,0.510811286720662,1.54285363971718,0.245171573754507,0.869351605766747,-0.714374079106412,1.3666185833956,0.00799267977944063,0.590094578394958,2.09069349002116,0.436910441056185,0.401146091243794,1.91937192171795,0.443026053101115,0.936736180722842,0.0439317894494202,0.750261992292792,0.112761584740516,0.564563790982655,0.275459938295125,0.317855544110283,1.48533595019049,0.360623249129623,1.59371380827229,0.98740441819818,1.51211566655091,0.234601848720336,0.534253780638486,1.85455134329957,0.271202854386687,0.652691742301259,1.1032672479413,0.719849368147235,1.04051351373585,0.668270157061567,0.254971230652289,1.36050746538062,0.647277915434273,0.908754943071015,0.518273941618355,0.0762128316804759,0.434946951329286,0.214119643434433,1.14840043457724,0.993890976348513,0.54869482746977,1.54515291587627,0.632800908217628
7600,1,0.547426865444534,0.415443499524761,1.02267455324673,0.0995704208730323,0.605438553285266,0.771439571619015,0.134955015928856,0.124907563528098,0.285862583515531,0.683619627400824,1.28694044351412,1.91850701725204,0.582207533920439,0.373347072556714,0.368139121992539,0.18394223318007,0.385632690484861,0.487604575038607,0.393769588080123,-0.0178452353430437,0.402502213256523,0.275061538742338,0.180388106092541,1.62245020032514,0.816187597666659,1.8244192874029,1.10423707163214,0.143238690486253,-0.24814908968778,0.527796326023713,1.33110045164471,0.0751292050553435,-0.00160125411075029,1.05617518452351,0.448708415685331,-0.175475286607464,0.611639206637923,0.647645466829635,1.17153998945401,-0.120720209112262,-0.636892479713017,1.07378961334473,-0.0658535116987606,0.766120655733828,-0.155177777353342,1.01823485897267,0.713131621922523,-0.112298107959357,1.70333997777067,0.635161857586177
7700,1,0.997775725501314,-0.266831434175579,-0.563488405983262,-0.416423959718186,1.07894289284576,1.06717816269074,2.40093537248305,0.359025718157732,-0.0246980865415294,0.24494466280363,0.950180875502824,1.71734166082649,0.900201053400303,0.777396669682739,0.438107916397045,0.939094383946822,-0.0965920369687601,0.715932220834509,0.766659328996745,0.38696643579857,0.827308523997511,-0.54455466144901,0.376015267354195,1.28113388331481,0.0801305482418262,1.62369721127931,0.642493190849847,0.270669994130437,0.881506311585798,0.065787493450021,1.43515529349915,-0.317097048392667,0.700756178029986,1.30436878766001,0.685565431979958,1.08504986594341,1.354199689723,1.20470076984604,1.91330094924765,1.1220501725925,0.675840770683527,0.864550459000515,0.115611135731569,1.50204039047759,0.597929379558403,1.02803722729792,2.18639088026164,0.0281379069044345,1.8724168446744,0.627024207330072
7800,1,0.0473231419500086,0.0874021342440416,0.00423790814453817,1.2088112677252,0.291891262424782,0.747129308321316,1.97932572287826,0.948880817411656,0.190020475765684,0.354887230082654,0.862383495562752,0.424841775694919,0.860217640823899,-0.180065477226143,0.177817145519066,0.795591014457062,1.65889523124714,1.4035845184406,-0.0399541483870181,0.819999126545825,0.460236940303953,-0.40313806566267,1.64519418607216,-0.05979313367517,0.0230414244406538,0.37938656740378,-0.981137501090018,0.920108515167528,0.982306980405166,0.055516712883722,1.44184212711897,-0.365319853139317,1.47847065785241,1.47002397634553,-0.504867376447514,1.047350065647,0.631568885247581,0.631686907716225,0.748077132697039,1.76928133302276,0.564917592312507,0.278894337441043,0.550946866168179,1.36778588621668,0.219699634325654,0.0942944475865185,0.973063308341011,0.19310219966412,-0.409367033004211,0.583264971634898
7900,1,0.338721818138849,-0.0987021865796693,1.92371853954944,0.901370688811271,1.16288944723499,1.33454294936561,0.730106718461303,0.49741972711786,0.834588551619417,1.18885321867246,1.19442603708892,1.42997625996351,0.594119818854026,0.547246382748198,-0.0293016906471149,0.0597767661520198,1.41321685989112,-0.0409379280870941,-0.292972616024371,1.14325116469071,0.878961170008382,-0.0368008624980047,1.89209787781374,0.0265630430864994,0.423255355051584,0.750823586556603,0.298498366886277,0.868018405119506,1.18718737913281,0.746510595025093,0.97946460584332,-0.127137202597786,1.15924618917709,0.0311433126030702,-0.657767294188098,0.404189879442219,0.527287029970444,0.112770249416458,0.379410602872175,1.2858336465997,0.115389958488475,0.855129224135755,0.989815431625817,0.243939343452992,0.9659029968439,1.19236899361126,0.184905974808253,0.337859966753237,-0.322684472359502,0.278561642310309
8000,1,0.00281483727273746,0.801365014407984,0.91154390745693,1.17840523918645,0.653975722632476,1.52686339078954,1.19409924803962,-0.0285895107676524,1.44753158389856,0.267954366606306,0.237442630798645,1.97421957001486,0.34823224118731,1.03055347654559,-0.0973218048141371,-0.0594809865210748,-0.161433463380436,-0.0913646225900822,0.614403144288197,0.0371029308506159,1.50162383547781,-0.271083372325412,1.1374846889673,0.340245754457648,0.893454477928918,-0.0864240285562987,-0.88800268840011,0.288780373037647,1.09272133352395,1.53917961331838,1.18698304733054,0.146550829812791,0.61865774665223,0.43352153706274,0.854052054978146,0.238580048101258,-0.798636756047081,0.818447938579487,0.0549348767243618,1.43063322173129,0.60387859616891,1.04956996318385,0.932101237784715,1.24360012847073,0.534992628213134,0.781354193526455,0.314644825985754,-0.472271175903121,0.504017325303614,-0.960721191679548
8100,1,-0.210265581055896,0.755968500629029,0.572131719408035,0.966770458835905,0.172946341599474,0.248432719225923,-0.160110079471555,1.17259645160004,0.667716821672903,0.585721173414618,0.722766633537622,1.81401751052463,0.704275441465193,0.0914855189065535,-0.0141905275199343,0.758442256059196,0.291043477066099,0.310113319358208,1.09974230545792,-0.0714176774464452,0.868952671495549,0.68170765123289,1.17044636465929,0.778914287195842,0.518687622012601,0.219854537128633,0.425871731482458,0.557166286747634,0.667377591747734,1.40521178560562,0.817627550920578,0.185622658272471,1.8883915486461,1.16509788992274,1.18273866179651,0.147716433624682,0.115726314077378,0.162351485733675,-0.313045111393771,0.620680641723204,0.337014363140284,1.02824710493502,1.97344397701612,0.959310710895054,-0.219224691421735,0.240089038124315,0.541265560381362,0.345561543168745,0.145021919125394,0.232061426003255
8200,1,0.132603022974726,1.30828946128298,1.20366125599921,0.164325969292879,1.43541171433024,0.942670409290782,0.439090482146355,1.3304084341259,0.874825927662697,0.773877747893545,2.1209204688762,1.45680942039069,2.25428351582811,0.694873985666882,0.634497626426551,0.188886997438595,0.355044883791908,1.75775616901914,0.606940245214458,0.702405375490923,0.962432060007383,1.65762371179117,1.41648090200832,1.49901817017079,0.37575079917861,0.623971986606628,0.431225616093565,0.284473406441091,0.605693875167041,0.75195725253874,0.708310028413465,0.262794152765703,1.72376635175954,-0.292342370674703,1.35462314453055,0.553711303230193,0.988574129427105,-0.177828899056207,-0.0142321743797804,0.467338359643679,0.69578157049926,0.546334642923497,-0.00622596025530464,1.85425960233541,0.597181390611925,0.0190297210676132,2.2129603773135,0.67257807755585,0.144690879093325,0.410854196045675
8300,1,0.686939547808471,1.99667317789918,-0.501354958549417,0.798549992634858,1.49510637393059,0.0334485881190444,1.43842941611687,1.51757900627865,1.03941851880258,1.21167560295013,0.871677444058754,1.17637724863924,0.797773551227655,0.859670944912911,0.70857256533928,0.0795932391263393,1.38002331939456,2.32059538082087,0.987162501925556,1.1886478348848,1.01887944222626,1.25160845622268,1.2208537212784,1.21090733146777,-0.040041800547205,1.44358811430588,0.984774725990911,1.40806021899191,0.853248908090001,0.991440251362323,0.745043504756815,-0.0283223380446682,1.09296456737927,0.872029566906926,0.762460218943442,0.555308883765968,0.735811742575684,-1.36572614110974,0.515483854649552,0.939206289542135,0.148434907169648,0.862692299529075,0.320973008326772,0.677728033538716,0.714504852864645,2.37968913261327,2.06855681287721,1.55201988508821,1.06031379473462,0.775428358183969
8400,1,0.906439855157312,0.356649919304142,-0.272682958221109,1.80137132020535,0.213007930547182,0.168607906250075,1.82302925572849,0.211741553712904,0.490279636527141,0.631840543442961,1.2582860254322,0.720464301796736,0.0925926323937321,0.300172215907297,1.19688811861836,0.168054981881661,1.34840924080746,1.11793240645392,1.48278349065579,0.174749659850168,0.986009434788692,1.05302588674957,0.399722508457517,0.680197463347519,-0.316425779660371,1.29493515734822,0.319670545140346,1.00596952967518,1.76973954660778,-0.204788424727227,1.21938961606913,0.628343986354085,0.578453231221295,1.00303464998773,1.23845512761541,1.18367046134713,1.00932557950532,0.960890993426262,-1.17915052613462,1.29479313469101,0.117690467110663,1.75847469667339,1.5270256858404,0.0287052384610559,0.502341360621928,2.28880239699487,1.51969994998592,1.14352354665098,1.35122168426576,0.802325850723805
8500,1,2.06223939071146,2.61841955621459,0.544092813070089,1.63586291658419,0.477012452565752,0.330806127255386,0.372979669645124,0.870795117636598,0.548398818265056,0.379164829400468,1.68950351827882,0.380517434918378,1.4606832753413,0.724385113709458,0.707837843498381,1.23893878012985,0.397887254522801,0.670833726828813,0.80996817466307,0.158924211577519,0.523581872551463,0.887862924825686,-0.105451834745246,1.31121332595172,1.43091681857101,0.569604296114397,0.140854158115829,2.22730122997128,0.390594000626761,0.987579444894685,1.33451264182907,0.584348345912362,1.03555206083408,0.383803827169933,1.41487445093353,0.977892610616191,1.12532519371328,0.484795449468537,-0.0372414160503818,1.23779082227103,0.177456857220819,1.68082696460476,2.20281783945104,0.769504493553952,0.291282169101409,1.02333376516829,1.78554475518396,1.52562544076285,1.1718284428833,1.06435721647736
8600,1,1.15744820008678,0.421697815138565,0.8312025346546,-0.0159683960954083,0.904584024747745,0.710347115118359,-0.664559281311457,0.367845980404849,1.00444145233569,1.44485751193698,0.817522681580744,0.68314975895146,0.643043966095698,1.2396584491303,-0.197252889410513,0.496074119382723,0.534798055016694,0.786593135476577,0.93912006746001,1.2837391017175,0.430493545782083,1.17648478749319,0.400012080806729,1.36133083638078,0.82012089713701,1.5670389299076,-0.648731427258689,1.70045095705872,-0.225021790958819,1.45911864655562,2.08370442657065,0.258345747316169,-0.0341520504030621,2.14834761885306,1.70765759112895,0.738767633416679,0.987096837577822,0.857353858457576,0.830380795809327,0.619765013090073,0.822015581693444,0.754054622741176,1.2690320379046,1.50436914025163,0.216790659873406,0.42766578696416,0.574511984241458,0.500551728876664,0.723271461128568,-0.0572377829436239
8700,1,1.91917912115744,1.09280924179435,2.26993494881109,0.609952129617756,0.477044645244651,1.13782214770877,0.514463943227067,0.526495002932019,1.94666034716645,1.41422236902288,-0.0767363497645204,0.672871573698742,-0.0705532985385888,1.26466457660373,0.367024447099754,0.794269817885737,1.71341292794686,1.29527770484365,1.03202971424218,0.760696424618534,0.28013436964657,1.03288045012558,0.505044135062071,1.65513790967032,0.0649419215505435,2.41059356392558,1.09938512257214,0.302499014077577,0.915185374789051,1.44784503789271,1.48318262903337,1.67032474735315,0.715451188375828,2.18434745455298,1.39938203218927,0.337681042078027,1.7894758657003,0.543467634505519,0.896055900821431,-0.0795960777092051,0.799357348778179,0.822773336748653,1.14234581501835,2.11116999795003,2.60986629419989,0.449848160963103,0.575328460835973,-0.856132051668998,-0.475302964552256,0.785540353582074
8800,1,2.13620440059575,0.416006504010378,1.8313769463996,0.94883952259468,0.73330168364012,0.627960157312241,1.11818690168495,0.931618638031859,2.61158449571763,0.821068055910999,1.75805250393738,1.49018978000642,1.38768480419445,1.08640852305883,0.829142449425244,0.978061578174572,1.38240675338762,0.812350237928895,1.46170989546315,1.1719371911406,1.45819359597109,0.620880459218681,1.83927511030017,0.652494219198682,0.323829925687212,0.805842524912041,1.57787149356342,1.00563878527991,1.67446521109698,1.12311910523931,1.04820420204549,0.825143215788384,0.827257533030793,0.88556584019167,0.696840902371547,0.935079705314451,1.66800281446458,0.45588300934097,1.03755804441145,0.684260062209089,0.284450777062816,1.2847544791798,0.868390449206804,1.30800438934047,1.43825062062936,0.278871524497833,0.504090918629246,1.13845014813017,0.436074852896342,0.857076605918226
8900,1,0.720500317272764,0.90376162165403,1.38226912432766,0.531116729733095,1.47528960895118,0.977001135657378,1.67855931216065,1.86600481176726,2.26828533322502,0.613971275030222,1.32566657287788,1.10124015405985,1.72450353159433,1.31234668298468,-0.466199261231319,0.611975259913391,0.730481717625852,0.449341181769624,2.53037736762254,1.526066738852,1.46248135794109,0.845208024350297,1.56147265307105,0.723973576386544,1.00200587507112,0.696366546725594,1.3731006404549,2.46898183499999,1.76722738493774,1.76586542937519,0.874590972146395,0.769929071675557,1.94122333383301,0.816590809997847,1.69502085088101,1.37753443192403,0.0171669731448265,0.548406160198831,1.97655316986764,1.28559771492009,1.74972360685289,2.36198963590621,2.14171189685628,0.579367744947447,1.33644657088846,2.18717390303917,2.10134334505948,1.5066909448047,1.58776785936895,0.919586604813682
9000,1,0.836555930105033,1.34280241447542,0.97446685239192,1.06198142744201,1.7375566502822,-0.121948660166393,1.19821152630808,1.16069186116447,0.576384695017869,0.880581517982968,-0.0868581895408855,1.32106474812722,1.8408482865466,0.415177868119584,0.829689918427832,0.680523622896879,0.274097877154931,1.81175124816881,2.01489748034286,2.24079361577482,1.32774696727718,1.70274170360513,0.75727459095286,0.734307072159826,2.81651733605181,0.172946063679125,1.09427067997654,2.42794614351645,2.10928653800365,1.99551584057628,1.04353709109891,0.58589587231035,1.48202606231496,1.72954136028012,2.77443903231919,1.63720136459876,0.845058186340834,1.82631110595372,2.01903770549687,1.7938614405417,1.49192871587081,1.83909444168671,1.10817703123745,1.47210718359202,1.51497236042631,0.764655521203434,1.41883416188906,1.31468718518906,1.35134052607901,1.28525623053851
9100,1,1.24777543765042,2.59218486908407,1.0735554877778,1.30619221770172,0.953842997791868,0.525650318609976,1.1343611921222,1.07025002975064,1.41224966026664,0.846523672345022,0.851524152749603,1.79484287696035,1.77823889220226,0.982564621356511,0.951530148161492,0.282594664910397,0.707711365648036,1.48913281301884,1.54567656428666,0.836319753129893,1.37859115167427,1.60843934164721,0.356453695070108,1.20709295609902,1.08204199430562,-0.00442981399453546,0.781262241908387,0.756380445276356,1.17228112915239,1.36226497293875,0.788970662997787,0.837326906483517,1.57762431934335,1.10607995768218,1.54778983007963,0.885851976863258,0.469706192088727,0.252590679651509,1.41582911277612,0.708855268465796,0.981321622515489,1.92173936534614,-0.133799701991393,1.80204223676721,1.44447624620386,1.28612864499416,1.65547522114875,2.13990836032142,0.464853455394887,2.10834374480587
9200,1,0.963151308491521,1.21181633359085,1.41750221206337,1.42346465455101,-0.129024205927619,0.790866299787323,0.979323057731379,1.78701974957556,1.52063679505282,-0.0510823933306808,1.09368942083123,0.6689356105218,0.651527952611788,0.548861116648035,2.46708271695586,1.44505306274456,0.640611268154429,2.5502194807357,1.24649394826728,1.26237313206328,0.644249874964833,1.19300591357857,1.28164907109262,1.74603782325674,0.501506494720315,2.28283388118104,1.21753644929912,0.89828588570601,1.48021857066904,1.63938151395839,1.21869523502102,1.6045537693192,1.14143594333641,1.1181632655548,-0.115798862682395,0.950070783058305,1.69327658374345,0.589628952987337,1.69814904592923,1.29552270844881,2.37461313635843,1.12267701609402,1.70075595893735,2.62590518655829,1.72116931876804,1.61437316254946,1.85126072750223,0.834736332396016,0.813147503113647,2.58486810503585
9300,1,1.78850074313819,0.0108798866633616,1.2929384137042,1.19053367897083,0.282664993410472,1.90334505721432,0.987472926024722,1.75090586168111,1.24508463556933,0.442977917098396,0.798978758495154,0.298649492870576,-0.218914289642079,1.76188922453706,1.38167499256218,2.21259281343437,1.4702617733833,1.97704173820759,0.520255365425024,1.05260020988847,1.35846343536092,1.52140061615289,0.799231325405455,2.56548256447518,1.81169122092774,1.50809587502617,2.04638254936657,0.388055068396335,1.00147806406461,0.925739050691054,2.1269780706717,2.88575891323712,1.51389555265034,2.31174108955679,1.18816602717632,2.12384899874748,2.34451659840417,0.195525017159598,1.57943499267074,-0.00485191467389934,1.29128250340651,-0.463651148696118,1.68638045241568,2.09325707024879,2.73282230894356,1.24702675754205,-0.00473042996493678,1.38899796293768,1.90812027992736,1.50996717695282
9400,1,1.27107375225756,0.0812382718467347,1.24370961428441,0.78538925571493,0.779234839950802,1.4704747880626,0.957762032841771,0.234813384741228,0.99814315386034,1.35158723500101,1.67511954024522,0.0994281826026989,0.418446550617165,1.08992637372191,0.744962838615441,2.71756719866447,1.3925549249421,1.53581007275739,1.48463896698954,0.996592404597984,2.32847628254934,1.21993790797516,1.64691150321087,1.37419002550255,1.4057416159461,1.93491149636513,1.55165223895539,0.879557384558992,0.644044283772686,1.09303477869466,1.81402661858806,2.72817397023602,0.744504877349458,0.968735657008989,1.77551032985051,1.93304294428427,1.26402743975729,1.99694328473943,1.93640691786444,0.456140415769592,1.37588892072232,1.39953563110169,1.45146054039239,0.872528358676493,2.34535287456745,1.2069692483203,1.60473835742344,2.22876829492407,1.05766887677326,0.535169655744731
9500,1,0.687778655837066,0.606959728501278,1.41890195356844,2.08474898317373,1.64272497852544,2.74320578031792,1.64951463306158,1.2939693109432,1.68154572056183,1.10060618360454,1.48918754655705,0.553483281272028,2.52254984862146,0.971062831315231,1.2036980354604,1.33745466834141,1.51395668715325,1.34137404708546,1.40053853362552,1.47449712561497,1.33864308622945,1.30731133466959,1.50644014828261,-0.0570212596172071,0.935616066767949,2.23804778937503,1.12801856674682,1.76478717846216,1.80153319199671,0.878519969682389,1.17418038174383,1.08030480785751,1.67637115887412,0.39882246773182,1.95506887652684,1.02290154040336,1.28433609854648,1.97100474331357,1.74848987654866,1.07573409170821,1.30508285952132,2.09871007081146,1.03318807184404,1.28111314089003,1.19883850150567,0.759076106035488,1.34277497811085,1.70098051471703,1.67740274651938,0.700262912411052
9600,1,0.456145588763278,1.09528246545255,0.629475274149372,1.16965166927025,1.79387797658566,0.598092605229357,0.721389895506785,1.41980197023214,1.71584466819181,1.71841374011076,0.800948481993565,1.70545996135976,1.71186632089635,1.57366414191321,1.34832498300482,0.653284120156488,1.79919145479142,1.37637373229301,1.87354315963902,1.5293638138476,1.16111414115809,1.38805476684499,1.22596776641022,-0.468639722545221,1.86470394972363,1.42919869208438,1.25093508782605,1.68467434357284,1.66886447902805,0.95038427155618,1.45867612368103,0.39604096260301,1.48057706425067,2.00991453925392,1.5885434962043,1.23877092669504,1.93292768842518,1.90872190761556,2.31140771801718,1.05676164963656,0.667426880349075,1.26099429475171,1.02470395135792,1.54159565775076,1.32770769853686,1.16867403882066,2.09311817190218,0.764866873142872,1.41725836380025,1.48878646720118
9700,1,0.574631261447312,0.889694802967588,1.86912366481724,1.48744151771694,1.72868544683279,0.797636931303149,0.465752606320763,1.45951964408292,2.18291443215485,1.04136618144239,0.814040644125056,1.18103049336822,1.86213068574673,2.48485504185471,0.466623658484728,1.16598277066665,0.271119697915753,1.89988793153994,1.52603875672115,1.59066149204649,1.85564424491618,1.35296993679482,0.543750775026721,0.738868100812166,2.42359340262456,0.931334191548948,1.65208213037456,1.01015306479671,1.81039934368563,1.12994083328972,1.64756138090756,1.19436449100224,1.91144708441101,2.44073163936115,0.709221511418979,1.64916673921082,1.56717559564117,2.26011097750143,1.54298708757989,1.09887985469273,0.691772118852749,1.8739829510383,1.32915710423702,2.27753475302683,1.86793780437216,1.79315383193447,2.6695264577591,0.50683219035573,1.6159476825978,0.664479110867829
9800,1,2.13476879642543,1.23970546230068,1.92056604951391,0.264465617299277,1.48315319154297,0.705967411594322,1.90738006099654,1.81949210592919,1.54014909317281,2.19988927949256,1.32908213767726,1.16791835274478,1.28404046482999,1.35325747720315,2.03176000313698,0.16604719796922,0.925053733028533,2.22478802725296,2.59715170214543,1.39522191881737,0.834403850650668,0.663088502053027,0.93071969066781,1.21213851634391,1.93266513857228,0.864039109394785,1.5588504939284,1.45386504939097,2.14755013819802,1.35752359781188,1.57309779918696,1.30620307041039,1.87758715407641,1.78569542339033,2.23859362454211,1.65133670998877,1.63465224887101,1.14842970988768,1.77393024974137,1.1781182930177,1.13007051720207,1.51697907663116,2.51673062012559,2.00819163202879,1.00427176748076,1.27427583944882,1.9637282745971,1.31397290650051,2.30668458606155,0.981843392038638
9900,1,1.94093597077802,1.40679347429998,0.413222887264104,0.155984048850206,1.91529168783258,1.36723756756741,1.35256495768515,1.44074739316305,1.39447362625271,-0.143738474855802,2.2584938427419,0.804450476222523,-0.21518867711555,1.78160602045885,2.20429963339436,0.453514254697599,1.80677032376578,1.3721983943851,2.84972799832295,1.62990850786127,1.36476223553767,0.982357324839925,1.13854842513315,1.53250245220595,1.7397839923833,2.21139294165281,1.65910488555964,0.796804509416968,0.580738211393069,1.56687533056204,1.08730942788413,0.502543926045396,0.134785049529356,0.704318495899462,2.63066498172015,2.51500986750716,1.59075043215133,0.736066632379548,2.75824975858505,1.18375965980918,1.73110619897385,1.29784833260726,1.5390660311913,1.38187591678748,0.133733267481375,3.01780499896914,1.64719268657014,1.03162724318397,1.58451473492951,0.790677327778107
10000,1,1.55220291551141,1.31002415061288,1.75353015059948,1.19405609704648,1.37915587369646,1.04023149771246,1.50164015919428,1.55948328512869,1.48050368985354,1.10829196764718,2.27759952897337,0.746420891926991,1.10329067981891,1.97046493647137,0.918973582503343,2.54430240734701,1.38399346151272,1.43594431194902,2.33019859423807,1.43881434855644,1.43482850325755,1.81530720203508,1.05101222795921,1.30456591781323,1.5760937345138,1.43073275735946,1.67723779010548,1.55501686318599,1.08150611828541,1.34221093927792,1.08314891367912,1.11900389920215,0.808646991212018,1.67614805059957,0.59545633620097,1.28754509818947,1.5529385125767,0.930011179382357,1.95350614642157,0.608963303239657,0.895466664322238,0.795109895908243,2.7614541210378,1.37776250322662,0.692505539406669,1.27042658805594,1.27882456576574,1.66308894348159,1.48547484061946,0.865606572896431
10100,1,1.19889626900982,1.37415391983996,1.26504003486779,1.67231158771877,2.01713577656612,1.22374473750345,1.27043326201174,1.71168163092589,1.26449648332953,1.05134927263174,0.954037777910494,1.18479720859165,1.40686164377719,1.34746617227361,1.94261229422027,1.93603291593323,1.95648791002334,1.77330021313114,1.35881456832643,2.5529969629812,0.791542977062123,2.24495220483051,0.751395609331459,0.114658922018447,1.45085181762208,1.01703783420386,0.223902668754975,1.87896530071882,1.68731314490939,0.84395209355439,1.12325259495175,1.24582370011137,0.667267677966259,1.76940909844436,1.88516054942298,0.948883023075836,1.24928363182727,1.69729799970028,1.06793130715596,1.54232958448871,0.891819853614895,1.38560351780081,2.17581623142059,2.38937527322792,1.21438963014164,2.87707076714442,1.63903705050059,0.531464847182388,2.34291743706778,1.67438064991438
10200,1,1.28025012631924,1.6767150012655,1.73801424731188,1.45662719178572,1.18086876265495,0.347308927442407,1.38160823852493,1.71595574783181,0.037015751963505,1.30795839435312,0.835551834747042,0.639314781329901,1.03354176008543,0.051584080554253,1.77173852138851,1.7660652663061,1.84225773299955,2.55103671174538,1.33169213265576,1.34578302119627,1.64313950508033,1.71868184136185,1.24431068975468,1.42644070770744,1.7653196834622,1.10927679604897,0.233316538541222,2.52228021669291,1.77260396333133,1.43500964927411,1.1726357007327,1.2460552511297,2.28441377152995,0.314533512706009,2.1325273115737,0.95241872299079,1.02481810921416,1.1469133693158,1.17769709202408,2.02477505387463,1.32737553438703,2.05060245997791,0.570638847845751,0.532236017970511,1.23981252253345,2.92134653402975,1.20324168040785,0.249756253755479,1.1376474826934,1.92806310870565
10300,1,1.83308198620655,2.07215831646889,0.337960610413237,1.25476813319192,1.92035238028551,1.73048317743645,2.0520045410018,1.01029225046757,0.670346396028088,1.43427417345312,1.75041718343662,2.57092697436166,1.13176487365026,0.971236814873597,2.26801960789976,1.66335958392742,2.21343197059765,2.24864072713229,0.577201481188811,0.664422876742827,0.913899094539858,1.14727906940626,0.617425602233673,1.37136451040689,1.70812655350106,1.32531508938655,1.18237888357863,1.93892103492387,1.15768536356087,1.59417389330688,2.45870050746584,2.08895270764482,1.45097555005488,1.83200598646791,0.544079466093962,0.96412911173751,0.970267806258557,1.75600155740427,-0.109569232104543,0.528352195100645,1.79429431696162,0.844073962784267,0.727078173871137,1.03077850263795,1.16313859407786,2.25752589695345,2.54224462472214,1.36972768932457,0.277832165927353,1.97140111317878
10400,1,1.14401656783672,1.8772431024528,-0.40529448609057,1.51753976637671,3.10642457568933,1.82381421647765,1.88570466601444,1.61127521735285,-0.101831827680134,1.48064242194605,2.34402864555512,1.33910191627395,1.06120883305003,0.731921148610679,0.646301764664618,1.8010382396977,3.19331629310412,2.9527729269613,1.63003337300899,1.88753370609641,0.396207770877536,1.42641335838905,1.36293511365892,1.67024449648613,0.996726306830478,2.20336308268666,1.42726447877614,1.99619561612808,0.767494585267445,1.44501647056364,1.97061297783859,1.97649819278126,1.71169193034661,2.62592429740301,1.37013156077952,1.60567064544398,1.26932594929176,0.421812243811091,1.60726929027532,1.33793255418878,1.05263132160296,0.432274715491957,1.22904937350801,1.96666223662179,1.78071106457213,2.61402238525398,2.34884063558039,1.50403907597985,1.3409233483799,2.38129291928898
10500,1,2.2845822776558,0.901785436503939,0.82193036765892,1.462153164991,1.50063165941376,2.47898533398027,3.26731851027598,2.24601724257013,1.91217155461159,1.03877938006916,1.14222041634544,0.53519431250126,2.17528955123035,1.76307145404709,0.860868475103936,1.57249133591815,1.11532538993678,1.67530824833829,2.98777251650646,1.46872195281291,0.947674087057736,1.48537994670096,0.700272477473612,2.58861850976077,1.14785251406567,1.9655219123433,1.2629615475556,1.1211625268852,1.51923279055185,0.74542911034905,2.15018283520058,1.39799874415635,1.5549073191587,1.25653859498103,1.85148074995975,1.40127997278754,0.846974004960851,1.76860146975242,1.5866209621748,0.373687216027124,1.58298044286109,1.175336656255,1.36461866316196,2.2448788162607,1.24169092104141,4.21393403981947,2.2675518782836,2.87768064946943,1.87561364056015,1.95413752145206
10600,1,2.10620951769259,1.56935293714077,2.24239241401284,1.74739359698452,1.30267732335173,2.06589198311997,0.401427295064344,1.82034500855737,1.97606824618571,0.955336414847119,0.0479785440743179,2.20300710720865,2.06621930675297,1.88778707997736,1.00057287863879,0.92496982156837,2.7072868516049,1.28202151565713,2.39404881492775,3.05924494391621,1.13576088732084,1.60476639727981,1.32339568088782,1.54618920697453,1.24660337786,1.49729080594466,0.611431995456245,0.747871276441663,0.515877931716737,0.597328708048707,1.79231186059725,0.518588242461782,1.04269543745297,2.0862188548565,0.843434968193711,1.84697462933642,0.859122404829346,1.38588678119498,2.85744699656991,1.87153910675437,1.10771295023102,0.704224401410117,1.44855673534052,1.15720278550976,2.62373068774344,2.25509731923595,2.13133169328909,0.434011520347875,0.760500314841964,1.36486302018636
10700,1,1.47592325369292,1.3707259753334,1.95978965506499,0.586755702988822,2.54061708568847,1.79809639842294,1.85186960517432,1.37357453836696,1.35153510908178,2.25023781265596,1.33731702622115,1.83367108109794,1.81305195449932,2.47101925498139,1.19618639388736,1.07346270468006,2.91762093039621,0.698927343200399,1.99619970471223,1.44706146095473,1.50081460727248,2.68504293058456,0.882942711643339,1.42431606980084,0.440853613105948,0.629284946641869,1.37577128613903,1.02118377404351,2.47937715399412,0.592586756496996,2.09984872231586,0.772826431335787,1.43232136701501,1.76621305451285,0.91867625838484,0.729894671125684,1.19107778585664,2.06412870117611,2.85571089010138,1.53717434859153,0.595711287913149,2.11828135337956,2.1909232958562,2.16928082215985,2.24225110232994,1.78965276263464,2.06567869109552,1.7722947245491,0.33427491914525,1.43058361458866
10800,1,1.3142096238496,2.95318521214272,0.580732430124756,2.4127916094747,2.68390262710713,1.62458830754972,2.07785223809137,2.66286055236156,3.12575812043381,1.45730715638685,1.25359906955156,1.70218410457729,1.33817791896302,2.84417711625186,2.4271846988114,1.02858945304889,2.26991016596142,0.126184308247244,3.83405857381332,1.46701242247248,2.4044110712882,2.53800696449359,1.52205039048527,0.539806165912858,1.4595263103507,1.06536219805001,1.01959249326306,1.78362574715708,1.21191758459037,0.279851960175893,1.69357164666729,1.48706804570981,1.4181779198735,2.53558778397986,0.396863918840962,1.80911805528978,1.7843393428467,2.75719352929118,1.37641146533618,1.49720803894588,1.37302516969325,1.12222435448017,0.232161479560727,3.15255913322693,1.25243032349309,2.27539521246611,1.45512847648471,1.82040547442181,0.0816112180715254,1.17552536842013
10900,1,0.874588805488721,0.706185468281645,1.79749322711098,1.40362289096943,1.98507780543288,1.096944248306,1.49405991185012,2.65016610346956,2.18291158593559,2.08970669574044,2.22879954892778,2.09444790567781,1.28617426440434,2.14160352164971,1.05193774756713,0.160519739378199,0.766492805402326,1.77410110726746,2.02479781615428,1.2272709553059,0.583383847260806,1.56179595294289,1.11846558275562,2.1058364022105,0.211784322903269,1.34187875430926,1.91057108533506,0.94713062198537,1.39119848751256,1.25870874208329,1.4931093777205,0.836484518149437,1.49119910937548,1.59656897033545,0.750588870078508,2.65844346347595,3.37631938476899,1.29941193541384,1.881435174261,2.66940344508176,2.71316464928329,0.956811385577806,0.529024902971249,2.18971005210464,1.44940902721868,1.36708433422122,1.87296146862396,0.755165510222182,-0.0536636191686364,2.51652883974655
11000,1,2.57155225975363,1.99104619520434,1.94482089591174,0.983368356164413,0.804360075864642,1.48636883273198,0.474117061643376,0.147286764452816,1.15812042039687,0.256171898614641,0.58978636114293,0.299670264444896,2.35446655669249,1.12445077989528,0.818800303627686,2.49669874049246,1.63535470904206,2.90473710152216,1.41674764058941,1.14295570685799,1.68597953391914,1.25246755300357,0.837274816994635,1.91544419994789,1.60665075314119,0.878639243022935,2.00176818299808,1.65977370429381,2.36672104560362,1.39532632823344,0.460520107992375,1.39795401022816,0.524149712950403,1.14256556622696,2.1787146968524,1.58994881537726,3.30384178377387,1.90096072676984,1.87103649395567,2.16323763842129,1.65980144820252,1.21485819662719,1.451919812342,1.36422085966676,1.79149762771856,0.882641783408516,2.48917778205581,0.937557947386986,2.4859832335429,1.66953002198834
11100,1,2.15573496820428,2.43278066633714,0.720950495250799,1.68607793391617,1.73246776617146,1.20858370215069,1.2273199011609,1.34492864936472,0.97853029594864,-0.296835936863176,2.03375670608628,1.0193965914599,1.21558278031132,1.32470705836708,2.40483867160265,0.572927995928224,1.23577257654649,0.860487789969437,1.40295154647142,0.924235158948404,2.1323900278301,1.03320985071655,1.00141896891486,0.589322641338858,1.2238786543867,3.21893004126662,1.41842150128823,2.28524583321709,2.55776528107434,0.474928763676497,1.57384604505306,0.720988527554486,1.9160883477858,1.20879204275015,3.43833979871381,0.973951107180462,2.38223862847616,1.23947802375553,2.05603033035047,1.53353557375165,1.13968995954251,1.35615560974299,1.53131763049308,2.25025075704669,2.02884547362264,1.49044566454248,0.72402644065197,1.05786088838955,1.50770713306352,2.14958915011002
11200,1,1.82790436021543,1.22863245849898,1.04713915832009,1.72073970696686,1.7492659951236,0.898809214282146,1.63545297583321,1.87558921629244,0.115902573469115,0.556996148625839,2.76771424788914,1.55558954686824,1.21688438060141,1.42702103052719,2.08713469244602,1.2888887835498,1.77253031883471,1.43229259813379,1.6929942878937,0.850353240118061,1.58369619356355,1.29284176430048,1.19967202790394,0.522456883722821,2.28651075810806,1.85164710849697,1.21621392916897,1.50973774306798,1.66302436174738,-0.0605265443050473,0.274789721905428,2.88669870270607,0.972218367563549,1.77188608234509,1.90137288000142,0.239834114458689,2.09101380454175,1.30498006061219,1.30814020367536,0.726720962658581,2.48984858482361,1.63287685943695,2.2897530023827,1.82404208191476,1.17978196453098,1.6172462110915,1.82643286006229,0.778656607536296,1.27715306620652,1.54221740645982
11300,1,-0.112006729736658,1.79041296171618,1.70615113396079,1.63465117480903,1.77330590697958,0.925670355800382,2.90193310196502,1.41791197940257,1.14706936317119,0.115285767075477,1.83433626827747,1.36760097730366,0.740567107649305,1.93911582741296,1.03592595619418,2.1819746336885,0.915949840447544,1.07913030035305,1.96183784812841,0.816431899302071,0.756495995829741,1.96096446138491,1.77890816079124,0.0834036484884205,1.31253091623418,0.633822945333055,2.28216561378932,1.03925797318177,1.67403080477103,1.93635629662842,-0.235042573786849,2.32763476371843,0.80092634360611,-0.0105326095273832,1.35280817803273,0.252281471421236,1.92271715408677,2.99800036902607,0.584553768353866,1.20369921623915,2.20962795122647,1.76191989627364,1.01981645036085,1.63865835261935,1.36905122307942,1.33685172530632,-0.0781757186461052,1.18349925478043,0.207988406775734,1.75431443362779
11400,1,1.97658385820779,2.0942776424587,2.10972385230373,2.39933246552902,1.0032626280559,1.28153460801417,1.81148162727646,1.05803161771498,1.5278766463309,2.35293645893151,1.40307607222687,0.253678435811265,1.50884520645502,0.970740094858269,1.02759459006115,2.12923404204965,0.827811220473822,1.56079157896348,0.310161573077053,1.84280735440607,0.243000400940705,0.281714485808535,1.93274071769631,0.101153239786836,0.241442076799825,1.73609789073703,0.129487651688015,0.722444536318121,0.925433912963309,1.60866328055253,0.529985092768714,1.53183400488111,2.08418081703005,1.01535807358334,1.96716966761783,1.56461617357325,0.869774100130019,1.24553582215914,1.91700510215259,2.18465399285599,1.05008162534258,1.17366761125347,-0.084138120748968,1.87825521696426,1.03152360680155,0.364155948642118,-0.415640974415162,1.24782921971431,1.43939320449031,1.56931066542002
11500,1,1.56819054743511,0.426648653074423,2.41179846927389,2.00428735329074,0.179985505725668,0.242177719094627,2.75055368945759,1.82087396600097,0.262858616509367,1.67353729424857,0.0611492199214022,-0.749814505145453,1.39832807260759,-0.0418882450195399,1.23108040466431,1.86061766585985,0.429667990779095,1.30087653648964,0.870571466434414,1.21637234631665,1.09097828864535,1.79929166319108,1.28056916409473,0.926425978218872,0.880763498007727,1.20900186730866,1.02396743945728,0.247864693935091,0.797092528219141,1.20785137734218,0.578267792712697,1.13250034309687,-0.470236087490098,0.300248356797289,0.542810581390608,0.958693384675964,1.06159271884429,1.01631321710666,1.89172247312897,1.37659788204936,0.845481431757873,0.896812529264916,1.4975253049428,-0.0583295643401176,0.303329006842074,-0.917492854876498,-0.459478927107291,0.414488969429743,1.07520553289848,1.07981907174879
11600,1,1.05130461391879,0.960823148278087,0.45004998775955,1.87761389872091,0.295203587193209,-0.928383381908889,0.345137076840786,0.636085763025021,0.630864927850253,0.4863052016954,0.840005867823681,-0.733671570280613,1.04329693436938,-0.729760722934722,1.02944726011774,0.232351806954674,0.588597033845769,0.619103073859753,0.803184331116304,0.115671851243527,2.3948480806589,1.36319856451659,0.137016511036692,1.02522630843114,0.787836911456406,0.497661533109534,0.202393226078478,2.66433216961218,1.75236788450406,0.730882321395183,1.02652018752772,0.0462578832494555,-0.82796347087317,0.501642241102299,-0.147798853589265,1.21277856565397,2.25426912758244,1.60854119786838,-0.0329161048465849,0.261222893212188,-0.670906567608588,1.47464475352116,0.510470402837811,-0.370053110446589,-0.32231652435811,-0.368861042364707,-0.783607719310355,0.391322289535153,0.0628611560422125,1.25744428523677
11700,1,0.211684946878584,0.869632895640724,-0.126375324134981,0.825039502172561,-0.490298151608681,-0.0734072482651018,-0.155410597142568,2.22144758830108,0.446829389680451,0.947819379045746,1.05965571928236,-0.0769506437250536,0.698252867288243,-1.22236573177235,0.958888678367131,-0.782869350726084,0.155155414925454,0.147175152866892,0.702353508863369,0.747397400321647,0.88708667047623,1.72849752980282,0.702948731691737,0.644940131787125,-0.206674209995491,0.354429421952275,-0.0772074148720026,0.711679754535707,1.62842558249066,-0.741164076642362,-1.02924403579963,1.04909088774722,-1.00326399164068,-0.334693597831272,1.42788567767222,1.00368636697137,1.05503131293117,0.55130892627403,-0.268134067297044,2.27584002334732,0.311354444332947,1.50971698284059,-1.53084717380576,0.193572641467073,0.0714208417368152,0.2676242548668,-0.830117490446164,1.08417846415061,0.898557103054888,1.61634411871198
11800,1,0.923448401830835,0.229515706178703,0.0784863767869596,1.03022783985428,-0.28783299037041,0.463535962550308,-0.00963987164280611,-0.0570935619738548,0.350326598883092,1.56062417747185,-0.0535626289701889,-0.545631249224038,0.127052183565866,-0.338343705603326,-0.406395005045226,0.246171156679579,-0.613966088108026,0.290563830659619,0.392243065849305,-0.116024581061822,1.77484394023792,0.678928667899693,2.02793291022036,1.05507040464172,-0.467460290855372,0.516919767338531,1.85674952412024,0.563354062351283,0.114363924006271,1.06445606673351,-0.224541195046414,0.656403868731328,-0.313425600233677,-0.401297925847581,1.92022730297241,0.917246914614895,0.479387114219223,0.180582768754352,0.404380843677238,0.565651839221261,1.14170061440105,-0.285990097865227,-0.517110379250844,0.331762606120609,0.728900381569602,0.997312887358953,-1.35439303842303,0.285643697832875,2.09057984431536,0.840051516253364
11900,1,1.58748717894936,-0.0755673133769206,-0.296127420868394,0.0817714257004704,-1.01237882004813,-0.626099286182049,0.355609632583248,0.746207779698064,-0.230455096874634,1.07218428830147,-0.695080390805745,-0.159192646813562,-0.530214662891028,-0.671306207648394,-0.659204726815437,1.73982218097268,-0.268860697908669,1.22391928351399,0.285831741822094,0.303676553964933,-0.074884829990078,0.232693547939038,0.85669938939387,1.17551374054748,-0.151201981544939,0.953473424740286,-0.163795945381514,0.171733621283738,0.280118305605368,1.47759479090107,-0.419472184969286,0.664224538665719,-1.47008402058917,-0.463158200847584,1.6534516124395,1.07484255558376,0.478434349182868,0.951091373951971,0.629439948180883,-0.754236313840878,0.181312018433273,-0.517516965543669,-0.298468916629326,-0.0182708844654987,1.46009235534267,-0.611309168021269,-1.30782759044526,-0.057428971033852,1.11108571906374,-0.752493539956134
12000,1,1.71395352600527,-0.254827670191671,-0.543299988206169,-1.03789640754214,-0.914027687093356,-1.16258607543632,1.34638036677366,1.20400653354801,-0.599216298434414,-0.156935026241407,0.752589582276476,0.372346754893779,-0.528259783889482,0.44453131585341,-0.279410407459427,2.04474550819871,0.00523228944854148,0.796296332377373,0.0569409505449592,-0.0292763259797937,-0.175809322481266,-0.259826552109958,1.25613085511827,0.765293969311985,0.535601863812581,0.722877360181614,-0.950594604570869,-0.479627995905801,0.485788838976563,-0.790906370732159,-0.63983739757356,0.157737046786863,-0.406069922502918,-0.812416576315123,0.507862410225357,0.444153413465792,-0.604998820114335,0.728539041156791,-0.182110053639252,-0.896368017407501,0.215002287211737,-0.0264571740676398,-0.619516364019547,-0.486406916051751,-0.0149605180271615,-0.545320217328807,-1.25474932437823,-0.476019239182507,-0.920239241883126,-0.170166794359135
0,2,0.871169249023517,-0.148292992345412,-0.21790916166498,0.33293516595847,-0.225472703926015,-0.102793580760239,0.108330007156406,-0.476964781929062,-0.431380984775176,-0.248441555988293,-0.345026186932018,0.293051652572645,-0.188299401176591,0.91527130371575,0.218490780066208,0.2420336343423,0.0950955738214015,-1.13704826183721,-0.0304985945498518,-0.0156762902962415,-1.20009878696164,-0.275114807656263,0.0415114024162754,-0.0162054921203427,-0.160670635244396,-0.100478918145063,-0.44707254623639,-0.150322423280382,-0.715991910474237,0.312931011385052,-0.115282574975493,0.0625663831744692,0.47102593281635,-0.404278874806419,-0.515717499662956,0.0925367712952174,-0.548272483784589,0.298768861580272,1.09268939957228,0.0475758306724732,0.755773927790684,0.348908286524675,-0.0177361085876031,0.393979875962017,0.0697582749229311,-0.145256111238704,0.0697618377375078,-0.0387263102948202,-0.706191985745534,-0.143737543298796
100,2,1.22916450615656,0.511637592080652,-0.19852476332207,0.297387191422007,0.122640621247818,-1.04295785112298,-0.692492804962307,-0.175228736890652,-0.155703583438424,-1.40706880298885,-0.542247259673242,0.371640013852566,0.120826821698829,0.285265757141411,0.0139470489686445,-0.397769242444864,0.541976006765223,-0.904619382861346,0.13874000597907,0.205764900970924,0.6367368354739,-0.713782414924571,0.0221730088620821,-0.630252704810699,0.332842341699615,0.772283919917943,-0.388699617869327,-0.834399611285404,-0.557412060480488,0.157035776442651,0.218697652336824,0.453737015449095,0.313695876631416,-0.0868421399206997,-0.307171336416952,0.137419917077196,-0.664146549128139,0.48950202622224,0.0458179084102327,0.0028423699101241,0.925147249401629,-0.0116122201863383,-0.585618425085097,-0.0028423699101241,-0.818479666315056,-0.139685415111966,-0.056471997309152,0.306585891100468,-0.174324683626506,-0.794020208303677
200,2,0.302971422007032,0.428961679420718,0.00437457982929401,0.0229572526017887,-0.414700856310059,0.311260466541379,0.726405041812374,0.201675971023509,-0.0179592437813751,-0.536180869369147,0.387401403445659,0.531766176676942,-0.0309461699914684,0.503528585659747,0.1463969897602,0.338259785777579,0.500709161066497,-0.7491108172793,0.0617998378746556,-0.613555654434014,0.094064151408048,-0.0970057026736717,0.669208233440878,-0.0517352741938205,-0.0423378496381578,-0.159063817469504,0.688967422912609,-0.135357407371314,0.0431271720982365,0.679242313884177,0.560836353582293,0.665088950024483,0.584597379044366,0.377598646094564,0.692877158845712,0.160554503867082,0.468663919536762,-0.021569509311178,-0.0919579144934974,0.337934127571532,1.10936345431804,-0.0696632757025007,0.520086383286725,-0.7597389420711,-0.276207495018821,0.0428692768597467,1.10234144426992,0.434818665523447,0.596123062205432,-0.0146179375848408
300,2,0.00556762843332759,0.287314642465553,1.33119493054183,0.103649018609852,0.342009159441991,0.424518207827202,-0.0707033409758223,0.924892309837745,-0.200459053251314,-0.0777064108936047,-0.198812097968297,-0.470794516061863,-0.11606090581649,0.467079505762455,0.279056228781364,0.0626791079891044,0.137710819786175,-0.662374783651491,-0.0485473677487278,0.0778727344877135,-0.407232342659862,0.28126199414835,1.04693649780188,-0.158583590635,-0.255922800086517,-0.446989251670695,1.00138529452272,0.705060250416973,0.893368741648902,0.941996666793265,0.341669727249901,0.782680290425924,1.22975903490334,0.42536224497691,1.04071519781077,0.340464498179419,0.7857255835109,0.567591775335616,0.586249097227607,0.632820164394933,1.22003817832346,0.0252687418611141,1.12998846372135,-0.150755112052237,-0.0327571753158626,-0.101054980202451,0.616815689738019,1.49600284044771,0.494490290480616,0.391687594676796
400,2,0.0693418910089051,0.6773941677873,0.516183291716519,0.532338302471113,0.17808918865711,0.54787300322955,0.211476925925909,0.990666469091185,0.41575235701959,-0.20891916739482,0.334791562757191,-0.650987317133278,0.019017830686665,0.948207317050311,-0.047189720653775,-0.427049195326711,0.72554668455256,-0.136271940372602,0.532812320395311,1.00185392405525,0.892684653502669,0.725320114353881,0.0111213441477925,0.570154505802915,-0.999029958835448,-0.135604387057648,0.56987395385318,0.936170223617489,0.682971970844117,0.44537727448422,0.897941032492147,1.20798700882531,1.10579083518236,0.490388107689043,0.724083379687447,1.0948627109148,0.658219055943747,1.13643360356488,0.661958184877037,0.337233967026644,0.928021635823603,-1.40884154129557,1.29145173565936,-0.0584990918820566,0.47432829125322,0.182449257575691,0.628401987772644,0.523710035887812,0.47194969565105,0.24555235589263
500,2,-0.493401956855434,0.588662815946069,0.418798913290209,-0.00922471235574518,-0.272452487225003,0.12207256091804,0.0533539664027234,0.750767883923171,0.591050325273003,-0.710558009839383,0.58371617876756,0.731569050645845,0.325764704204308,0.838904479004256,0.658860471183616,0.295616186821132,-0.261555211367575,-0.342152618405,0.585909823231502,0.892993792979023,0.51076950710364,0.823727485982215,0.192251122297004,0.695429543481453,0.141130015013274,-0.289362763305865,0.961636815658056,0.491460718740162,0.748954938189266,0.0326652507074215,0.732638480272049,0.416165075156805,0.595985271959766,-0.358222354594821,0.327632568188116,0.523285836404052,0.495855741388406,0.463050544084791,0.286094763892365,1.34228431814323,0.947023173660193,0.610867974162987,0.804640907929276,0.299823637703483,0.361166250923845,-0.166447977389039,0.59428205863537,0.692370577217176,2.11766839317427,0.847937724972555
600,2,0.251822763036081,0.610763455696958,0.75142136862159,-0.304603451643054,0.286991243390469,-0.160339083040303,-0.253911030034615,1.10977034607985,0.326157990799518,0.286315954860162,0.553293141376692,0.432170517598859,0.0414528053239429,0.358572286277724,-0.22921581798832,1.22785855858791,-0.433468907502173,-0.0944875325687987,0.875851304571853,0.585017829685305,-0.222229832078242,0.133915634451045,0.888275418548818,-0.367273285136316,0.441756894027661,-0.321082039031632,-0.105267437042621,0.184564601298169,0.762452226301563,0.334028443920989,1.16251320263051,0.257429305321819,0.806152307879981,0.404837803177403,1.33205361132634,-0.255236903758639,-0.146471668836096,0.412518549391152,-0.0647887926146623,0.316560676697326,1.13383202988468,1.00457082537002,0.449286982199739,0.780771665222105,-0.140588339473967,-0.518572036773016,-0.416413173006932,0.0887378911822748,1.41073701589428,0.0637994531299388
700,2,0.428968464244398,0.782790021234751,0.858433657156198,0.730923365546527,0.315716207319302,0.500316917691875,-0.0833278638224497,0.492796292402509,-0.166570015206158,0.511334757341093,0.146190116913917,0.890843504697606,0.131453375014275,0.391921431607064,0.159001245163232,0.754629924759765,0.0458950877505218,0.675101643487609,1.80552969573345,0.790657205026274,0.291354861173901,0.642946311860348,0.243452158290992,0.0573026501876625,0.0502046908712536,0.0629803975924711,0.587863040243403,0.338810530103088,0.426387521562854,-0.204137971902897,1.55193420100085,0.2488928559748,0.62814698090202,-0.0527088932475771,1.17152605547681,-0.393351107628382,-0.178288537019117,0.294675694529991,0.433528990876744,-0.0833032718499465,0.578776577942706,0.672037075456986,0.320409836888733,1.03353939273822,-0.338496272531764,-0.0707361614908034,-0.22773535574495,-0.077081656452212,1.31106405700068,-0.259311605221682
800,2,0.389921849263327,-0.358640702362169,0.332799385414493,-0.219373926266852,0.0745559443822399,1.53471184637789,0.11582248112421,-0.349162245917955,-0.0292185718100493,1.06433247249209,-0.0827562168227591,-0.0562725386992382,1.16670428356898,0.205180537318981,-0.347514957428782,0.223130378278962,0.554449836418184,-0.357648682993911,0.42914581653468,1.13912119183859,-0.0631550942402538,1.06707906629196,0.186055873874394,0.164360143184746,-0.140244641139756,0.652058768921553,0.051275527706493,0.27261039325455,0.348869060868846,0.143699240114063,0.390267461176472,0.653035975283376,0.541453016555307,0.97686042023293,0.607766422799793,0.313385988029182,0.415471804660025,-0.0954172869312768,1.09889608611251,0.491761150330899,-0.10936750545875,0.40111923678504,-0.108015754494255,0.246019585074758,0.524172337532142,0.606331311154603,-0.366896587146948,1.46719086883893,0.142493268750864,0.672066280254867
900,2,-0.146336722516957,0.55175293145043,0.820759893292732,-0.392436082730377,-0.166774926379899,1.37171531362796,0.660438409289775,0.264333547710557,0.309183411503721,-0.0845822043988126,-0.07059101068532,-0.344458304514215,0.737904000614154,-0.145420301770223,0.273167468444447,0.599862411839005,0.0464485058433659,-0.336513540910628,0.311296203984713,0.896215812515083,-0.109912054024395,0.665396548955889,0.647436415768356,-0.183096419070447,-0.0344909535335379,0.909478194427728,0.421597429635279,0.287659468641793,0.245777862841631,0.196927233792445,0.853630228245021,0.596252510570822,0.300372700310565,0.143056802335657,-0.255197977316812,0.78395463589634,0.832642750528294,0.204887639121082,0.460632863080938,0.634619729360427,0.00748168065139887,-0.234101424265586,0.0627535479995788,-0.610642359305959,0.391311235838961,0.642023996694532,0.707576914275748,0.883240075313009,0.612568210449531,0.375432688912359
1000,2,-0.242925624142413,0.40940324825016,0.309176656236677,-0.222251846262941,-0.140378402220544,0.0907801666161584,-0.156665542465505,0.135347087051726,1.12746315319222,-0.0946409519969635,0.236973517713616,-0.338999039728668,1.1111586953857,0.378863419485847,0.509254579761516,0.354066053643329,-0.41954793923867,-0.212932471535878,0.52862312218519,0.813435225809588,-0.490246404465756,0.207915970372268,0.117428342410766,0.0925597609640131,-0.34004476961841,0.709082181726341,0.306176755729888,0.171023442202227,-0.204948078909859,0.81521974568527,0.739715028455705,0.339215693201474,-0.346480466132984,0.418504121861334,-0.281508902804474,1.37950878496048,0.169694811250593,0.0788321635352925,0.767541085212689,0.519144280192427,-0.317211125231906,-0.0426706845984556,0.194784692492191,-0.173021924029139,1.12408346745452,0.174189223706579,0.065531539864605,0.536580657148026,0.422117686976964,-0.0179099059021658
1100,2,0.54153609854883,0.632631081030825,-0.0361851401516322,0.152973520640256,0.577754454832413,0.187232814007534,-0.0664827097408992,0.546836182282603,1.04089010740676,0.0602389248097203,0.563985152300682,-0.100854653878838,0.560247183535641,0.126976073454822,-0.305424526277706,-0.0547496040787564,0.149108045931438,-0.282830234869447,0.271360778354468,0.117123896755018,0.0939001430734832,0.0425439749525929,0.747710916314981,0.0900250299394726,-0.422906900822889,1.04444615500671,0.261129118173298,0.857598333300303,-0.276047366742091,1.06729880301639,0.496667087401465,0.870169929581364,-0.181262376631601,0.467519665766285,0.440141133159201,0.494500345200634,0.874604729069548,0.989382108708179,-0.223154611264961,0.545344915597648,-0.432700291517755,0.0366772351614506,-0.581258692512275,1.10576004976363,0.597098412539341,0.1728364806366,0.70366221885428,0.460112033741999,-0.229745811851477,0.67873769342267
1200,2,0.341168990516307,0.800953480140771,-0.0840701264798122,0.188053882608195,0.544247219819316,0.112385389730933,0.0978210371526926,0.732823344141332,1.00688741810792,1.29495514350915,0.599708319036828,-0.0699089897000263,-0.901271631979979,0.876793622888738,-0.0992390147577614,-0.345133292770252,0.0597435813888941,-0.0093133924299531,-0.184664405939604,0.231294385332568,0.194563609464808,-0.689422935524674,0.220231671451759,0.651882099387345,-0.0156231874344617,0.910853733579793,0.644199060508955,1.18929072968607,-0.180111101511548,1.18573144236605,0.386166183031865,0.842775761053539,-0.385045060150756,0.266710774282773,0.3321741354885,0.0781041917677751,1.48093137492124,0.859216173483893,0.336400046077151,0.105006801820682,0.704547066162496,0.343584733063196,-0.25532840803593,0.238949870793967,1.21462591937017,0.237969509824391,0.222232967750447,0.965765685775358,-0.0158146985930476,0.406201440566705
1300,2,0.923244463868839,1.34678621538769,0.0867620757368199,0.548697037272756,1.01691228736528,-0.404712809198876,1.05162529481996,0.224535673277259,0.320753755732818,0.329010052573354,0.253575632675502,1.1143551164578,-0.790825997118705,0.719394120171075,-0.124827406327472,-0.621651049915433,-0.217906105803857,0.908364689835098,0.629650534680823,0.821881421418409,-0.115679629738719,-0.0545201244280139,0.990841117086325,0.492693406466847,0.909402087416494,0.0369954287608492,0.857765854488233,0.768918006630579,0.407159008022179,0.507458664360741,-0.147781848634134,0.345793140590711,0.363368471988883,0.777968588035434,0.00816456083233741,-0.143012257394636,0.845044831785594,0.492263696802872,0.580552917484407,-0.744124328678295,0.773848781052682,0.127254562248872,-0.831892917028046,0.62575006989398,0.592268512280374,-0.0617018693402485,1.29078816031696,0.78527446667037,0.524231717351597,0.534841038673477
1400,2,0.165037117433024,0.985210081360264,0.293173899895773,0.462415977139788,0.740943220767172,-0.565234011576454,0.974172077708936,0.708274610497282,0.243336676085471,0.124044169255168,0.467349507461482,0.691915609178691,-0.447523106721217,-0.586070617231414,0.415569732504105,-0.395750565082242,-0.0582204313783028,0.805599154909962,0.39185819119485,-0.152031820466635,0.132154675310238,-0.125375096569714,1.82405573110914,0.368011944433346,-0.0296624927032356,0.31074146783934,0.883849566467144,0.17154393250803,0.683890224211148,1.18842527212846,0.219392210971657,0.0694330264777421,0.436992313026009,0.932460991978595,0.173068261018648,0.286320416281984,0.557001681970431,0.325411001343673,0.978800887344274,0.692983067350044,0.841937913160673,0.0293251753522888,-0.170874725796831,0.143989618181915,-0.14332231156189,-0.0667852043577349,0.390775677702832,0.666960971483501,0.730806087650132,-0.0826559226637299
1500,2,0.177408017153543,0.163956141760066,-0.647961669019616,0.126223626317419,0.61983297715076,-0.145598656790652,1.64025904134799,-0.284410553353896,0.315499689182632,0.251735437723397,0.392373943146303,0.243527945089865,0.274448254316016,-0.4416851337728,0.557182868196555,0.701035763166849,0.837430399779093,0.734936533220031,0.0826615618895904,-0.352654849789057,-0.108785666749878,-0.190717141723525,1.16636232994295,0.0453119520107149,0.52885755771389,0.62500070382297,1.13513534802458,0.638395769739238,0.213936880563338,0.699549942620284,-0.545590699708832,0.980385986553435,0.238987368281833,0.170627573241348,0.025453641995659,0.782404929382022,0.975798985633345,0.0779457801597317,0.24580008132693,0.372708800687214,0.202860415063105,-0.0790635057399978,-0.0875074559019476,-0.190438856793234,0.757091213664763,0.0519448740597673,0.702378647211298,-0.0159604276440678,0.566769712747432,0.510193536191818
1600,2,0.43981603846861,0.220593680729013,-0.169169253155276,-0.216308898082171,0.743036807004306,0.226499331599806,0.284477140676827,-0.466256757268924,0.640073748853374,-0.0524139908750977,0.431135937484062,0.215259664676725,-0.0307663067837609,0.13938331810079,0.633218741603918,0.555058666582126,0.0106805395663527,0.0246287815657874,0.574121017393813,-0.0771079643719805,-0.0561231554097998,-0.224164924995735,-0.17832356107931,-0.0577396921954606,-0.0468143323406189,0.751397391586652,0.957527219699416,0.401528270102893,0.168655096666986,1.18337969190311,0.0138501618723895,0.487758346266361,0.583373975131559,0.0192140564082609,-0.00666045011920113,-0.0125916281806698,1.16895783664859,0.938990003431364,0.493127364971002,0.126281256286412,0.102235171700402,0.633115279741807,-0.0474834138565412,0.339994230534634,1.10382057971222,-0.0976137807340114,0.418333738108677,0.236710080622045,0.328081239213822,0.577966783708612
1700,2,1.10127962790973,0.334569330701509,0.436484610513313,-0.274701133882498,0.64346874302728,0.416518279734451,0.179913634507549,-0.336419607154904,0.40742287395577,1.41287569562324,0.307690941082475,0.461090374339101,-0.459596939557369,0.630542794189362,0.502763143263525,0.632577851755399,0.492087402289031,0.377804922133217,0.985762391037815,-0.0439682853225145,0.0897331673591749,0.675658370042677,-0.759083261633478,0.518518685483643,0.149877571832052,0.574881658341257,0.832547539220288,0.845166360009884,0.485123151769363,0.797800158978319,0.0322136494533724,0.432236958150836,-0.423428231133018,1.3754344710162,0.113755367146216,0.530984545399175,-0.235643117546861,0.249510389088828,0.909979358322922,-0.113886047945497,-0.389293038217818,0.48350599326303,-0.0360540604831977,1.45542826968279,0.546983140125235,0.0349378222193575,-0.229941308386146,0.164923137491814,1.13822503043972,0.783157942881269
1800,2,0.970673457312622,0.188018666085308,0.689367312938335,-0.293915519698545,1.037088931865,0.780674798919453,1.13630548344305,0.171764515228017,0.186477067149957,0.994818179747724,0.475174179028432,0.416688022090563,0.259481282940851,0.627801484994414,-0.383244686014859,-0.139353527758271,0.0119131763245502,0.113660717966528,1.2040022321187,0.425673233628348,0.703838970337174,0.151344472043651,0.256583453852076,0.0499135484729084,0.669182369826655,0.183497519749955,0.27365166307414,-0.1916949971882,-0.0432873468397884,0.103752335573608,0.438723443472585,0.500031886518938,0.331097005075255,0.590430803062868,-0.0549359012820687,0.328601025232736,0.441566841710751,-0.0236515610006213,1.14982334650942,0.480834190719088,0.41684340409909,0.426631258698571,-0.0874767871226477,1.07999660817864,-0.10291270314506,0.0120614288091064,0.262777449374626,0.535464506797632,0.791742445277407,0.353836463358275
1900,2,0.992255275459474,0.455860164600101,0.847503117236176,-0.092966788862122,-0.0800338080831692,0.542311814504416,0.599000421192769,0.512376770388281,1.04290109917287,0.236318113797269,0.712424855821343,0.424704694690327,0.656517650101335,1.19926548721429,-0.234686353907041,0.663284175876102,0.177916739696477,0.645746894643084,0.907683630645231,0.30919117217275,0.661545171238685,0.586664006106476,-0.248598954504961,0.676460225032204,0.140570540503661,0.491894302264045,-0.013769389917253,-0.18656078823047,0.720225568900306,0.714548093725945,0.601633581544923,0.482773036605479,0.598788097704317,0.270361379337845,-0.179633471536085,0.0804304861978602,0.811564785718362,0.229824600850246,1.31114725073887,0.576093653704123,0.543783633502453,0.491357087971937,0.787649595240405,1.08517203067636,-0.218813652357723,0.403524389348563,-0.192598242693995,0.255103571597771,0.984284448547353,-0.076650390235918
2000,2,0.297347817733684,0.773905636681348,-0.206448837885908,0.241264922948766,0.232796909495293,0.438040556976534,0.653912480564223,0.45791065495702,0.790421257022333,0.390421225180003,0.0445626078271476,0.0768022905264764,0.462707650477075,1.16298497824978,0.216471227894897,0.0514617243740412,0.181482751744619,0.47741536239629,0.884354061587769,0.141494836709804,0.480097285127221,0.634795890174476,0.289616977888982,0.598312725790997,0.0766149223644544,0.598195961520013,0.643423224119604,-0.047763038423661,0.0644652580367056,0.354451968461853,0.882480768686804,0.208019429876428,0.547328629432712,0.0298352133802671,-0.443456805140851,-0.375516364769668,0.686704898809004,0.618104635688729,0.730364564042724,0.23429704741932,0.0270014144639456,0.41883091826453,1.31046540850692,1.64304944735471,0.911575996086163,1.05534601544876,0.161782791079388,0.686844493280449,1.02906002180921,0.383406914436573
2100,2,1.05006171470658,0.203082108458289,0.61268698142944,0.0275044597766644,0.955082964116302,0.649536376584682,0.699558943269879,0.640417386874258,0.211676623093028,1.23048843975434,-0.546639144046738,0.369833244302894,0.820505944954681,0.927292787929551,0.207035398666137,1.40079914561569,0.148219268360651,0.428096208146292,0.494830891374049,0.317460048626682,1.04090678478631,0.150944760124618,0.333842608030017,0.95379687479742,-0.391347431703276,0.856490137320115,0.434459290346253,0.487109706584772,0.000280159303556626,0.698221074236619,0.948196036550377,-0.023347903943465,0.657506398808361,0.284973376120636,0.47410643386865,-0.305268280926332,0.986347122713579,0.146907487298705,0.216149690478819,0.0372664631356412,0.351282945087416,0.161456091658232,1.13824832413309,0.379488594650933,0.140939156747148,0.921444994600288,0.634179780110974,0.360706109821003,0.521903947073695,0.940268550823532
2200,2,1.16493771987159,0.329441900935345,1.13655645627468,0.684618785882189,0.788106025915446,0.549671670200909,0.185488798426841,0.598467071309953,-0.418539339167305,1.30677961093242,-0.252815814879929,0.530905255674956,0.554272973231377,1.02328102672943,0.227275359739924,1.40415068668148,0.581990324879125,0.0193487609481735,0.390250201173514,0.572799084145408,0.816278411174995,-0.0345066142296859,0.105468996315543,0.330066141524059,-0.630320207613904,0.687488124740456,0.122734220483871,0.878431364815643,1.05888031027219,0.501921973127107,1.53342297667711,0.569189742805115,1.2302933685774,0.290412023830599,0.426566981037079,0.240007956957115,0.103477068366244,0.301168618092728,0.338423175608323,-0.518593743240399,0.382619216500674,0.957442920275334,0.975980399510768,0.181839524991152,0.521291611519539,0.669684548923312,-0.0580164644320187,0.37716990602979,0.234174463704001,1.24350355909912
2300,2,1.20130543712647,0.663195193095209,0.3860467045709,0.90474774260543,0.63475853173574,0.353391621738622,0.150521266651466,0.452708316920829,0.224589748054082,0.810992678346528,-0.142770048595262,0.608597358301298,0.681474201952671,0.716185394895439,0.626963239189604,0.890095494997585,0.273827898052194,0.90577501789422,0.68958216257051,0.449827852735968,0.916023307659357,-0.168674768255477,-0.0114634747499908,0.869840781990695,-0.171618863019969,1.27269680405502,0.433124727481537,0.52628637062203,0.70360511208874,0.395778817724966,0.675306848053015,0.563738082522124,0.801579598097286,0.26780674297817,0.841015045477948,0.236351611509031,0.632039654458949,0.503227455434212,0.0699710245390783,-0.510464694436909,1.0759020839333,1.0287297813154,0.411862640544063,0.833944884484023,0.751045359623688,0.234136744948053,0.0210154205488101,1.1542568536014,-0.176267032217542,1.26517188873054
2400,2,1.27648622700117,1.01772005989344,1.21965918932399,0.306143494035164,0.464121637141572,1.3706897239505,0.843957379929569,0.592199753465865,0.0302174793342042,1.29494015312951,0.455268575939615,0.125584539119761,0.499989025746283,0.77959044598138,0.518784463180991,0.720518312348454,0.852404393642204,0.665565696559447,0.950158305390072,0.307281021455976,1.04081584117015,0.155437315340622,0.856299457242345,0.169562957742845,0.828033030640776,1.66183716099989,0.371532760217742,0.342617070115794,0.832530697798215,0.28660762288039,0.545118719446937,0.340013701840324,0.704577086627377,0.281082702012435,0.966533615268446,0.22872139006372,0.619438115095691,0.777300930731243,0.533513007824087,0.801034274123373,0.588903631892059,1.18351070020292,0.859107177564921,0.415816422592303,0.654903005324872,0.196143339904127,0.205550342405917,0.110568750231015,0.259296595077303,1.37161456742605
2500,2,0.895893643027795,0.20403909762526,0.844171495924235,0.544645828689893,0.77347472330769,0.359627236075498,0.824643807477961,1.01947121368719,-0.0254161732742312,0.994340691206204,1.60565110957647,0.779877297552335,0.758437892759937,-0.0495107073354742,0.431528938888349,0.0255160549036181,0.211608824859901,1.30958553625173,1.09044528148942,-0.00311884815051544,1.10427193037057,0.551776715877269,0.921418871305646,0.443961598113211,1.08522265368763,1.42867882082453,0.761683376662587,0.167102289705934,0.637706525638694,0.691295810949232,0.841509695970778,-0.141627483909048,0.656037386142451,-0.175513011044072,1.05012974099091,1.03657426627098,0.902691419760081,0.541866942551172,0.309287417577583,0.666432964624281,1.29825643359829,1.02645455048933,0.475156620185292,0.231881322059162,0.812258191088294,0.469775960884445,0.472312084696149,0.136468090742099,-0.157220377480181,1.16060145732993
2600,2,0.55897002874808,0.0481857566489431,0.246223548705552,0.802519628568164,0.729733957248276,-0.164456485395843,1.63467555016456,0.420989620293328,1.00752222626722,0.412453114285747,1.39544876167553,0.517390019462482,0.353431734723698,0.178267868803178,0.448116514085467,0.442582935242956,0.0544579650873578,0.733504495802713,0.459016361712133,0.438931858926154,0.49294825899154,0.823244213939346,0.00325230129616394,0.537951321106697,1.42990076658166,1.08600628826081,0.0993914936644363,0.729783563692631,1.14750089817858,0.445555015542496,0.92810670833862,-0.185386544645971,0.41337566336426,0.210260287035478,0.962044485312624,0.287881029770547,1.31043472414356,-0.174401549746686,0.449921177253511,0.563098564172376,0.724474817794181,0.51026515779066,-0.059612867302349,0.072233461754318,0.756715252815678,0.108839233793026,0.266110373916489,1.28291811924317,0.090338152180017,0.812169004748694
2700,2,0.326002550000431,0.00388793369674512,1.12163484597668,0.467799683045579,0.613592530151071,0.519376417121304,1.11119279650026,0.760599058663944,0.182106749322152,0.066671090862745,0.645527529410842,1.10563853240164,0.165904371633545,1.37437484380516,0.385645694091616,0.885359384566777,0.783000854650608,0.778542053440129,0.914868248384635,0.766558572135229,0.320342035505464,0.514953951406057,0.81747595816648,0.681435068390961,0.770730299342398,1.03603585960031,0.0123785405110071,0.504100235330438,0.647357201362159,-0.206333076718675,0.507670451140231,0.0756799280304219,-0.032958933029461,0.648677631372645,-0.115893072512748,0.287962670105117,1.14829796853509,0.493310709813469,0.621100231397924,0.764979992724453,0.733420571176136,-0.0261578218004098,0.875790977619641,0.285870440000669,1.4778332321224,-0.419178843732061,0.653081049780623,0.830936616181329,-0.0351053898716046,0.662728187748229
2800,2,0.379696631063999,0.297375905235073,0.928037023562018,0.129998687964301,0.330067783995686,0.408197220771435,0.737654410470776,0.909558645810027,0.380932222892165,0.304729119334434,0.802780263582026,0.447827623736563,1.06829361607817,0.867645276003546,-0.294135416584114,-0.0144872942766728,0.62227277315245,0.250417736781694,0.942268602921017,0.652478173695646,0.185963512334074,0.864091270699773,0.725556302311177,0.0602058877158284,0.630085641342155,1.06275114798306,0.556391299176656,0.810620081873244,0.503770080813306,0.432774342683914,0.66050371750651,1.28787543967606,0.442937237483643,0.883347426455452,0.306154157300563,0.824842327374265,0.962846904431704,0.521488660909196,0.079924663165046,0.791450750168674,0.56887075175638,0.65813017918845,0.781414409665931,-0.0455300306154983,0.935779705745025,-0.70098033557785,-0.435367556152591,0.24926610938395,0.732317321716716,0.876584990699179
2900,2,0.928299787596987,0.687645251787684,0.118929027170788,0.549337003811606,0.814062156898139,0.0488286142890332,0.54246020711201,0.85172713604709,0.712207705692445,0.311652123914918,1.01038731509901,0.671908734317121,1.1257934469093,-0.804029716700891,0.178318223827082,0.631065018020016,1.26913002251721,0.840304599400335,0.867887409548138,1.23548942743442,0.135779758200966,0.220381300309277,0.732003999045679,0.299836195201963,0.517650805300732,0.454927458262257,0.876921397937681,0.555988850166943,1.03789326902421,0.497957936234007,1.11151631623036,0.781113851541385,0.138235000530634,0.89764304185252,0.516875720516489,0.810402744470683,0.641760302392577,0.981117126854492,0.448096277526622,0.147835744944758,0.300134160331942,0.586962788992221,0.992164815924889,0.292603830633219,0.558821037758958,-0.51218404850299,0.410618007003891,0.228873608799157,0.0694531231072789,0.885375895603671
3000,2,0.897290628414891,0.741110413590327,0.0241168360259653,0.234746362133601,0.602945173611721,0.423068471199786,0.44006299219593,-0.0984086401368806,0.682981904057111,-0.240687204215344,0.075781383762674,0.0637351838790869,0.94496410761518,-0.520032060795042,0.0831212588423951,0.944250641856261,0.496204379499199,0.907382932908119,0.365543473563853,0.828032710757643,0.0937146748652141,0.548902397907364,0.950771115076751,0.478113159850059,0.524669243281835,-0.0265261491356465,0.725120564542401,1.16693922682822,0.813105625531226,0.505029539560956,1.11394485026786,-0.0942665360788371,-0.0983500821042574,0.909473538081274,0.118485219803408,0.611787130564512,0.385821321336656,0.19417756691916,-0.145347940403016,0.168555727809125,0.573033827234504,0.110281948335572,0.606532073548653,0.329349201756579,0.620941813770065,0.0442732581745494,0.358436036050201,0.324924400207075,0.166783146096239,0.387547139984788
3100,2,0.878781171070313,0.927386031801113,0.469553235259311,0.0520143057054135,0.764271917456975,0.289756984705303,0.520949428166434,0.689009694396992,0.84323462830412,-0.198951737297702,0.659955657667628,-0.37319079065973,0.46936332532386,0.0246508221377673,0.275376293570705,0.121055771931974,0.463002801111076,0.606810002483729,0.0789196171693662,0.310945530635547,0.744118626106674,0.840116113486721,0.0209871450659534,1.35725592004093,0.540630398612904,0.258598725292917,0.520347410442077,0.521543887612903,0.612489243315655,0.157734734096774,0.565992173693269,0.0980185004096492,0.859390483181628,1.04731308703042,0.0537379948609298,0.501995966784923,0.618655261624093,0.324342331753952,0.0131131936339002,0.0729431381294977,0.840111211948176,1.31683747784803,1.14895367729666,0.850598893586026,0.68903422106913,0.688234962109474,-0.20677266994675,-0.0817479165369497,0.332368441113948,0.433205995220064
3200,2,0.856224909110715,0.716147796877784,0.776336759675817,0.888221400483044,0.71458760341239,0.393730421751069,0.715346002189727,0.697701152363974,0.506148777698007,0.0288631172056538,1.17956273121326,0.827159902788022,0.210756880516504,0.451163213479111,-0.0471791779122741,0.282250952847628,0.51703123733893,0.22997978270665,1.49580955773883,0.527891610468604,1.07217971115645,0.676280517786834,0.84679411232678,1.5848873466388,0.502697485441726,0.569216975796415,0.831619810770014,0.666492794519589,1.03574866291441,-0.0316805450165233,0.852255318477247,0.459990827511456,0.581138526058842,0.630607256520871,0.973107703760504,-0.201122732372743,0.497683916361471,0.693615758318497,-0.0943474448751868,0.479114511689695,0.279027894947471,0.564123418012408,0.369932372077086,-0.193782954430806,0.378069303502793,0.753389191141314,0.169086512721213,0.470945471968949,0.722210776193312,-0.451892672683384
3300,2,0.502536049793344,1.42274088128506,0.594737153022619,0.287604080190226,0.434614072337531,0.205505061977708,0.0230004242458022,0.527915167873082,0.804176749704945,1.14074963715514,0.703011103906896,1.01461248818722,-0.559318292673053,0.124024671930234,0.631728172952399,0.288532340820295,0.84251052990048,0.518808763570455,1.12839427892403,0.603088568301502,1.61639454590883,0.0232756554726439,0.972405282457968,0.598245705118567,0.586762722456869,0.524602348416297,0.758356211887078,0.870479269890404,1.06416711310144,0.254406676130672,1.25998009250637,0.937436129139077,0.414286690715564,-0.146948251310814,0.58220649469172,1.19442090340462,-0.238734536724985,0.75893855882068,0.536272950832566,1.34220262469696,-0.257059828347148,0.501083907085706,0.997537365331116,0.327760696044487,0.682546133520463,0.513255782285074,-0.368143511451595,0.84377854101028,0.960483655454518,0.630812126643976
3400,2,0.121780990282271,1.1539292428992,-0.169380398425841,0.292414390192544,0.984791654293462,0.352505106290229,0.264523098990921,0.878909581503587,0.484669068151283,0.846973485167593,1.1684223470656,0.944772450019682,0.247058946980159,-0.0698175501239364,0.952871447657246,0.972579879404095,1.03654622066837,0.307542140909083,1.34216075169186,0.514221002569558,0.617729526596728,0.853168847886975,0.615424359123448,0.75258943903887,0.606190830177319,0.284760435022696,0.463946603969375,0.972963207371067,0.617446903942189,0.104243392026676,1.07703731630316,1.21501909550401,0.541335755374784,0.783781088822431,0.437816653091159,1.48333793196414,0.363249245375828,-0.177895685704882,0.669390892301978,0.666308295836312,0.316404238168515,0.0409900960975401,1.57005706331873,0.91754106432874,1.58490446955016,0.113844332872362,0.384702853258841,0.877088076268406,1.12654509067869,0.673504942391247
3500,2,0.806170447310877,0.350648874536613,0.1634791653069,0.641654796857259,1.33568548775086,1.05531077340004,0.597113927333426,0.487925602442195,0.552616048738877,1.42936289050198,2.14473688992864,0.471104469034807,0.412784226950532,1.45736437947784,1.27185166269167,1.38060599427755,0.615002304214991,0.611487946348227,1.40176069206491,0.57327588081988,0.622256247256351,0.674912935636266,1.03472942164121,-0.0409418103659032,0.722552304053506,0.643367116172733,0.681387709036757,0.448975505461272,0.524401938919984,0.125384368774851,0.715141285644392,1.04337664746762,0.319646263204614,0.269669415879947,0.752768128584853,0.753330635056799,1.57193195742925,0.396138212349467,0.557962483630387,0.193176909857326,0.846176053259746,-0.281963673921189,1.20615443494293,1.13074251052935,1.26639821580396,1.08386358933699,0.878880250427837,0.182404936549238,0.781019849210676,0.750404204000717
3600,2,1.05066229201131,0.256319110252609,0.315241853570785,1.34374910630464,0.982889165793471,0.216713103015431,-0.0582758080784823,0.00571961606509075,0.463335605608181,1.59709417968588,1.77754314287574,0.438720809306959,-0.218012186802021,1.44568834682245,0.309235686959512,1.22280990522336,0.574844127202613,0.763093204316877,1.06536124797578,1.15557046437229,1.10914018499547,0.834112761473864,1.08760396489378,0.392164518242089,0.479328143378098,0.674020942812221,0.196016043700138,0.390773479117,0.304741078135779,0.757315845364581,0.569871930734,0.986432407415443,0.860180546455736,0.375914082593356,1.22525997475462,0.422479046165686,1.13840218086409,0.288604211509178,0.682106432855302,0.161474508831322,0.0818864591776415,0.194862482414459,0.776129491635176,1.213438878019,0.786011275835219,0.899819902640227,1.16889717698433,0.464705719725882,0.244451351702829,0.26761053568568
3700,2,0.304384167174289,0.716834719154305,1.84729353182366,1.09331745413594,0.441972987752822,0.863759392693364,0.821314511581809,0.620331126222532,0.538729828633969,0.780053039599013,1.38235667930299,0.936427367047145,1.22254142515389,0.898511944446628,0.668639801723261,1.30053835080299,0.239621345499221,1.14472630071095,1.15561012425955,0.674594353900604,0.142851568878945,0.842246322164785,0.821161520826423,-0.0204966222470472,0.75663098204046,0.769598831604576,0.667218194267538,-0.339875549028301,1.12641110771354,1.73232035212091,0.942832537274558,1.00266638383091,0.588638903472775,0.607086094212842,0.447025386209403,0.426090748101841,1.46973282977331,0.256366936278033,1.4432969749376,0.397670497667171,0.441794379800927,0.773436332363295,1.30988367375692,1.21215516582755,0.375936298757407,0.272039972822444,1.74331646424909,0.387422769210593,0.682421323857101,1.11764915643146
3800,2,0.851727884537325,0.564328352391827,1.77613192426636,1.30579860235095,0.479815865112264,0.872459371781827,0.888772827075448,0.585387255379183,0.616978228157379,-0.00248434087657945,0.564533654214452,0.757059304645341,0.544643950732779,0.166414257377382,0.744328392158137,1.02072818563642,0.62519000940967,1.11772059052296,0.601656983954906,0.12266063956479,-0.026795928587684,1.46815569684007,1.27299846961246,-0.111274507923239,0.887333848938919,1.31234006414269,0.948368161923262,0.0850087291199796,1.90097920950132,2.04994936931151,0.682129645784953,0.976102335045556,1.25845174591211,0.451699974986126,0.378709292267312,0.32908084251698,0.979526976748388,0.849705128886123,0.405189880321626,0.993500547134118,0.520983627800359,0.0829000755545134,0.606933412026488,0.436255091402811,0.741103475765588,0.222876173019097,0.611086745109154,0.953675400490023,0.733884480746367,1.16707634781286
3900,2,1.15988771791671,0.210367591804929,1.27340248156589,0.855556658401465,1.28974654955831,0.69202131031295,1.09395828115793,0.501593484709745,0.258455450375642,-0.0689321807342916,0.536531866094398,0.324933323726975,-0.147902110314099,0.0431630465314832,0.798235572007563,0.614453964476426,1.04105751304379,-0.0934903145333584,0.871271273387402,0.183280396398357,0.422268178351787,1.85659430560961,0.913554775374792,0.232748869546658,0.926015479297644,1.26137349547956,1.10889889123918,0.634301495227809,0.883567580106163,1.44213090171917,0.625283666509564,1.05518902128953,0.923460314901678,0.513042904256539,1.12888919937118,0.951465746767914,1.24168031978342,1.51476189071978,0.0500144395700979,0.490007817284904,0.475536802886649,0.393411270058227,0.423007903519353,-0.0996905135828602,0.353839397038476,0.772387125885882,0.354425105492755,0.648731194473789,1.15736257863739,0.730217949100769
4000,2,0.444370768688827,0.311706086545427,0.288616686201781,0.299170574107519,0.577958079903549,1.37791887927018,1.26042232771391,0.487875998116044,0.677446397320667,0.231929552855563,0.294416768284473,0.677893103128464,0.707862796641216,0.606207923290778,0.829189373745417,1.22886682981009,0.84944710278722,0.1352552804529,1.40581692387776,0.278181981496177,0.783868426980797,1.01285929198711,0.338115929848613,0.917720433095101,1.11265717525719,1.16966758304864,0.651105956794454,0.44792911211333,0.887677316880404,1.41842374168585,1.04934851174469,0.938556171079841,0.460597393154888,0.688177050402811,0.873580853740588,0.560166655793831,0.821004820630071,1.0027228742952,0.0651980846222688,0.863961174826466,0.831719054803048,0.660315382273758,0.537964623596396,-0.114025452305769,0.167950862762862,1.1514732435062,0.412881715353067,0.789326583211637,1.53033714917781,0.873653163917271
4100,2,0.525334709224379,0.5645087796804,0.711017398766229,0.81514167519483,0.590888264396911,0.893491164260584,0.997724249280978,0.679625926653205,1.66938319052371,-0.0264531332734782,0.115594894034338,0.432711602440375,0.724349956123755,0.725708645135124,0.284616314822666,1.34572103898721,-0.264702106867679,0.481541695108746,1.22999393226586,0.841867922182791,0.314291331879548,0.231157772934506,0.929147700608246,1.21072533648048,1.13967600160889,0.584013845541929,0.801125486372728,0.724250135373698,0.116279648676548,1.22148323576252,1.28186738093971,0.357814591232574,0.717312351269555,1.18939176096095,0.508313575217491,0.159422784563175,1.15261658103925,1.05315664444535,0.0982846004026475,1.07295891114664,0.57783590816474,0.521659122286964,0.992829282584489,0.390189076904497,1.01082483278482,0.783070386089144,1.13589299653717,0.433470612114453,1.48185833529778,0.552875414439584
4200,2,0.755894429387004,1.14560430040035,0.454926787347039,0.512690781302218,0.546972453099926,0.607844297293556,0.557985371950134,0.180081080440805,1.14708010962031,0.444736988842077,-0.174191127711127,0.830998135108139,1.08962459891119,0.319972149581261,0.770152698526594,0.775954886138995,0.717198248232482,0.394362351355969,0.655486655771455,0.437007157125602,0.718919715404401,0.267681352602697,0.945406339969321,1.23245913470437,0.820268172833369,0.464686969186239,0.819692710118886,0.386574823772421,0.223442212858841,1.47772144908946,1.0174338004118,-0.120701803942004,0.844521948125838,0.34323949805549,0.0823458976499526,0.397493346444275,1.55906055182734,1.22988977657141,0.516034917052192,1.41011591136241,0.720272341813391,0.8437469971382,1.08307635823458,0.427672255058277,1.24910742675552,0.715822382901262,0.912371194933521,0.650592883403863,0.631489233791218,0.367452214301997
4300,2,0.607317476299525,0.881533991024725,-0.0316127521753199,0.0828763060782175,0.821146555359665,0.610518851353404,0.131279405301718,0.179368091646396,0.938977840406433,0.613041217562471,0.410855303912006,1.00187329700766,0.87166087412214,0.622772519276066,0.969813566692627,0.251756102981126,0.526983419622868,0.0315778595135756,0.370093287708051,0.603469035354067,0.90222405428856,0.744490680130408,1.0179238206516,1.17408798317745,0.723213825881865,0.350888577556298,0.866335582562647,1.03671533507171,0.534744179100038,1.67830980299391,1.39170169414959,-0.177741582121533,1.41528334578742,0.361095424922817,0.0643765602040052,0.637217867736445,1.50040857674829,1.01753100566358,0.842349806939747,1.28822062494691,1.66812191754388,0.280105026468552,0.368732507611355,0.998313384236236,1.138306641,0.816272961271326,0.863092643112963,0.61396351147118,0.172772167740975,0.585494384209664
4400,2,0.825481532399961,0.845950708312736,-0.468341617495396,0.413102831603135,0.815763944420972,0.541123754384779,0.782756573702497,0.0801668272575496,0.610047493261331,0.542080576415792,0.601541874875363,1.21167149105039,0.968386665063343,1.52544096434077,0.737849324468002,0.46025279444114,0.550085830658166,0.381713699090543,-0.0571307129998891,0.861901031845236,1.61306606537326,1.21886279759405,0.812903341296221,0.471436762343396,0.842347110380878,0.54699270646269,-0.0488645962930762,0.434218683310875,0.694874049400059,0.809745318670109,1.4216429943822,0.229600619182933,1.14690195119357,0.618159895917331,0.0846726319246361,0.808190569056612,-0.0171011892328482,0.969600186637088,1.59521646085006,1.38718396985411,1.17307843180379,0.404390937990319,0.811464399468616,0.743724903705634,0.66633266266779,0.905167701024735,0.902347486626755,0.889680538857498,0.34563501313466,0.310063447188483
4500,2,1.0301275243907,1.11777811423144,-0.234062776739182,1.02913005326057,0.772801594468395,0.235741975714549,0.694430987402713,-0.0439393756942439,0.619334647902907,0.413722479117772,0.556036290092687,0.816391749570353,0.969935277116372,1.16846575160597,0.238894018766688,0.678397046429355,0.752535974641734,0.344173743345479,0.0586204136613473,1.34449036366547,1.19570069898529,0.626183476144496,0.684017278731474,1.35326846805955,0.517860106318293,0.975204712624282,-0.482564339038797,0.371037390265521,0.480789894240369,0.77417454982647,1.10831446154326,-0.331585133952425,0.193636617399175,0.391189035318571,1.08543049544704,0.580148807149912,0.467912678572489,1.06188118559726,1.85576739276671,1.42503493754757,0.584414573441995,0.0976327394480992,0.588929773802443,1.35809656414366,0.80960355215745,1.23344163932967,1.07541273517094,0.887653541459827,0.0387979373595256,0.380467317353356
4600,2,0.385149944525899,1.11597964352473,0.756948913091882,1.28199321541546,1.32526112383796,0.581047525261072,0.533801676953149,0.333466735341013,0.435308069392931,0.896030573058243,0.343301303548038,1.07743369436408,0.676125328194747,0.883363163014779,0.358804836807899,0.920354853352767,0.885051106287195,1.13514787605393,1.32205716401703,0.537393102128963,1.44425421657943,0.831527025673823,0.971096034022906,1.45533305112636,1.24923923090218,1.34552601070848,0.265355784362818,1.12971158292692,0.679530366932982,1.2060317566003,1.02238436994817,0.413532137831794,0.141695944179454,0.186687040128445,1.99584708697673,0.344110126164514,1.55733673323711,1.12484911264777,1.15892736099001,1.35268025782096,0.781235266782369,0.589111069206889,0.406163295066732,1.37106506759776,0.71826812249073,1.04467034025729,0.882336582721459,0.772881444416627,1.32114903165679,0.17210340054879
4700,2,0.190334984550526,0.629201471833441,1.25460636031373,1.09079974448628,0.859614954874446,1.93168754858372,0.394373993690799,1.02876457948818,0.533842061513287,0.837467353171846,0.387828068024843,1.34895697752023,1.14130242023271,1.05150764203751,1.03506368952229,0.574761348890367,1.02539343221908,0.812777498442777,0.572874160944192,0.237283406531432,1.0701763217239,1.16065878384177,1.21689120871265,0.638655419095547,0.683407508811512,1.96409981150271,0.188849577772435,1.14321746022974,0.36937235105781,1.5046579144867,1.22846412501742,0.737245466046269,0.232116273049204,0.180940701280352,1.26933740136583,0.814761013906415,1.28380558058041,0.807528871138266,0.93744751404604,0.93879905901954,0.5844722077584,0.468420994421302,0.822180684060755,1.0314029132205,0.660273516462928,0.774335414380961,1.62917615299991,0.837608592769823,0.861427240126512,0.369723629182609
4800,2,-0.123443476067942,0.615004764829994,0.950372878454895,-0.0427312298701865,0.819588863280946,1.76229519187093,1.09677117399797,1.4396256093603,0.16719669037526,1.66332381761882,0.344485217000081,0.961377889957083,1.44707935832881,-0.0796516127611119,0.467866852071341,0.30985039382749,0.850278830523399,0.888450258009242,0.460768117166172,0.464227566204516,0.433071235347706,0.937307321424877,0.934133474047728,0.404989760522691,0.311304779510408,1.78344022093692,0.887536950531933,0.776599239178132,0.38893372228183,1.42615224740989,1.02610682519844,1.7714724035676,1.70115202227805,0.233168298719879,1.50682207817696,0.842997674179115,0.917052527913939,1.40958761768917,0.984949106142217,0.89559823661029,0.830143887796168,0.114962942115616,0.284076201305448,1.12015998376009,0.49529707979095,1.54239527837167,1.97949429562617,0.794111574173583,1.01505941716242,0.033218461832653
4900,2,0.821488752837393,1.51476958332652,0.941269607842206,-0.126490788394968,0.410938928396169,0.974029555826148,0.568240756899022,1.30424213815865,0.59055962474915,1.34291418508139,0.578623762978003,0.541310496051145,0.879616504098683,0.239527362845018,0.821457041609527,0.663645708394754,0.356554211704435,0.366853443250038,0.674149975226259,0.817519767466621,1.1052360366543,0.193207084952914,0.719850276707693,0.569080742393036,0.467339944140879,0.883560527113639,0.660312980559853,0.824584608917685,0.539991032053435,1.68411965073284,1.12729431953563,1.13839786374463,1.65125361093758,0.66952208046381,0.960745411731053,1.08776470945626,1.22517130109399,1.47949772907513,0.851417851940978,0.71121558568301,0.280075572396577,0.643253763489288,-0.390408890318069,0.341784928199328,0.387541296463683,0.694084866821946,1.04140550732387,0.439198995745815,0.507025568130216,0.694535467379972
5000,2,1.40830232281776,1.26069993500778,1.31617607907622,0.634435428915562,0.261283136471408,0.888989675770505,1.1523610637049,0.439161315640037,0.254956228241333,1.17334321704835,0.404881493711751,0.798698946526929,0.531313195420818,1.26975074608269,0.95746429406377,0.734970248128523,0.970118706741063,1.0361899346009,1.22773746099828,0.71766101266979,0.157318045007455,0.911398335727935,0.452942803015499,1.36950943447928,0.138404669731921,0.404700889044096,0.288871752802416,-0.228831403374325,0.581953332869401,0.793906084034332,0.722817082364472,0.880700507973682,1.15853965917384,0.574786792332786,0.604776975751503,1.71939643639716,1.08088434788693,1.2878094963808,0.477217978911718,0.38057403257007,0.350129105412354,0.845548233033851,-0.0451418671362053,0.754250472801725,0.212643125919825,1.50133868243522,0.608318074940299,1.01970569010158,0.658986867494798,0.851838504372184
5100,2,0.888902285663873,0.515439052427414,1.20906249787844,0.767095709689859,0.036643945983979,0.678737516544485,1.39217927024923,0.34357620519749,0.341385701324374,1.47386585751084,1.09861011508496,1.33694297585971,0.683769696091664,0.562420823568344,1.19638280281408,1.2361194595166,1.14212657661354,0.490819803151133,0.905464455061473,0.330479800911859,0.657914179761802,0.899183881217351,0.805727570423781,1.35931416699756,0.191413870316039,0.855987473982862,0.485806992696871,0.0769022501794013,0.448322196186922,0.712172129183059,0.343239255518835,1.682173863645,0.93630347265374,0.636844155682918,0.756732210744269,1.34275796278473,0.365522113775193,1.25234104295172,0.43478564027191,0.312523788021524,0.0367782342935261,1.03724173725467,0.914410214512288,0.849327746765389,0.501060198417067,0.973823227723276,0.497459776788361,1.07051498525886,1.10810119796886,0.300327115166703
5200,2,0.648193085213311,1.34784488071233,1.83346539538319,1.09954549711741,1.30390206065342,1.19550398657353,0.728478218574634,0.748312969970338,0.846470316140904,1.40894441287544,0.955763201602793,1.0853577440055,0.852079327635193,0.811790364579104,1.02182956629749,0.772081092701287,1.06352696647728,0.91902453590431,0.523991215091037,0.422625172908332,0.828020498247725,0.763462845373557,0.500599960698011,0.756266658795601,1.07256278192785,0.358245594470852,0.390361246137284,1.22585378513008,1.22074207745564,0.97341188537489,0.228513768972642,0.960610235891342,1.44968006819772,1.17101917315371,0.883177653052753,1.0607092656774,0.70244911705485,1.01592307675676,0.187157021374179,0.990877494593558,0.513072721651727,1.00041123491737,1.55449840636247,1.39194054664902,1.43267541030941,0.0412392484035986,0.587248686680975,1.3044912250305,1.14477530553291,0.19981262952943
5300,2,1.07770783514331,1.5053975747508,1.09111281064997,0.696097461892061,1.74535751886824,0.874061165173727,0.759114098458073,1.62341406592807,1.02140024915945,1.28984163060366,0.71336468855677,0.952066867012974,0.352680274272806,0.641218276761345,1.38804784145732,1.1219233370672,1.1173426419323,1.23580176016331,1.40186539789476,0.868337178189068,1.25420724099613,0.563762149717646,0.259040473179535,0.879488728903065,1.55517730966917,0.924453440989599,-0.0173519554519824,0.877524695463711,1.30209905717098,1.4990024127073,0.463320445351132,0.744333482208515,1.28678066548473,1.29582454161655,0.880812922752288,0.34471080664126,-0.0449278001109538,1.16244765469954,0.31598156072049,1.05188003326053,1.28842126202945,1.06479818619211,0.938586386995343,1.10243279518366,1.73935172466192,0.841604081709186,1.12222310347243,0.755638523732773,1.29757773447571,0.497083149368004
5400,2,1.29395868094557,0.738112449066384,1.28062794412563,0.172472124651828,1.32133378468002,1.20043564961523,0.52344999447327,1.06055633567363,0.590544084878589,1.25556548215979,1.30304520999084,1.24476655804529,0.159295557559876,0.237515561721682,1.41552677668709,1.09981100069089,0.973741370498228,0.584293201467776,1.37967278094971,1.20489428736268,1.08639598017475,0.88458088331403,0.954892358401693,1.31555279199362,1.08372239385883,1.4128577220801,0.268752592467243,0.316216387079991,0.87754579992353,1.54787036948894,1.28380696393349,0.720502393855666,1.43991971407764,0.790125562685926,1.17466034786695,0.878449131815363,0.162694155128973,0.959018341492993,0.364086269222682,0.825709127330973,0.642592601562173,0.883173070977279,1.03450091527024,1.14017417420655,1.10306696139094,1.50278694736194,1.38271903594812,0.662783351275929,0.738114212785821,1.35220713650041
5500,2,1.21520181042773,1.23451914970887,1.53919824314293,0.698215022124659,1.35379195514589,1.02382159203427,0.526672718048541,0.608920221435964,0.695076855288364,1.22148196279383,1.27695058479851,0.678689690886488,0.893231997860003,0.720029535991357,1.06090091582612,1.06017320704697,1.42351843815626,0.900193925149547,2.10729454923573,0.451455413699661,0.579601382466106,1.39345881289859,1.11793685699715,1.15660697003134,0.950080160959084,1.14406014774439,0.76883100944349,0.277434294690683,0.7713771736829,1.70094470699354,1.21714983344857,0.585350123645666,0.973468491300071,0.291654732097321,1.31073498211503,1.2794223899291,0.346726611920434,1.36760604212077,0.249583904887535,0.952389008697942,0.836930368491828,1.09325802623012,0.998360754596097,0.89192091433745,0.961031979786475,1.23480238594406,1.68982950658289,0.915724550272651,0.588462456000278,1.41480131200237
5600,2,0.661547450330483,1.05502271232131,1.40216256017532,0.981996092299326,0.879819671267705,0.310209225853426,0.132406983841716,0.728357427105503,0.869960040851427,1.03485807396701,1.08036296365716,0.754720764316447,1.3717365893116,0.532291024099443,0.622504207977155,0.693620308494585,1.24510354090849,0.751444821882009,1.70624940473762,0.452012942701901,1.23130565370694,1.2056815947633,0.754406406601762,1.25441845131618,0.318041316861261,0.0645057209751512,1.30265440183624,0.721245743965495,0.917703685612895,1.03456181733671,1.46491138314764,0.462305040926758,0.687659819314328,0.619387750345699,0.476985091650924,0.920070645264444,0.316488462404719,1.18417926658622,0.50949459442356,0.449278989394574,0.791960194004779,1.60968089348878,0.983486126376691,1.24523674818663,0.746376401234601,-0.0405773468237569,1.40352764842456,0.213292349543664,1.23483087345667,1.47231973439537
5700,2,0.673576810422621,0.760657181512315,0.576800411020556,1.00833354641161,1.47125592239276,0.648282346636809,0.684518310026756,0.978974415045904,0.499661569565364,1.29459335810319,1.11412776551151,0.109552958848983,1.57046185070335,1.06096545825429,0.862917542915392,1.34469210969632,0.911225576711469,1.24369288465416,1.11501921419505,0.827124416237636,1.47151217407948,1.04210762117625,0.519914491986751,0.315094781841702,0.694775393811987,0.133420665687105,0.952374048015423,1.10796593110787,0.746855359995058,1.39119204164098,0.969070147119461,0.599148965026501,0.101418754167997,0.74367429921911,0.206080913535263,0.757489656108631,0.404206137168958,0.884978576064728,1.08772687256552,0.843376764286332,0.856221164693168,1.02834023572564,1.30053007208296,0.887073696706211,0.102678672069636,1.0023550131446,1.0503273520386,0.552442860045027,1.77900416246887,0.885877012923909
5800,2,0.312955801125663,0.948695366411247,0.49267899526647,1.38904709416898,1.75969117728414,0.364185096670658,0.134754264192075,0.803790116858188,0.905709930683303,1.64771199419861,0.807881929969121,0.51472988087477,0.521560871038958,1.41327570271416,1.11660526490424,1.97994295386036,0.582215137897037,0.793640134873999,1.00279803719445,1.17179788128575,1.33782407728522,0.910229408712934,0.94370488942308,0.565525826036974,1.36784597621133,1.00234691179479,1.22862075088933,1.18754621459234,0.475886308328319,1.80694688749494,0.818983034736466,1.6431165272767,0.452100502668704,0.627174384476252,0.566731892847209,0.193811606053624,0.571317529469818,1.30167462152976,1.03688684215096,0.879938586659363,0.497396515018723,1.0235031279509,1.65636515066269,1.01412958340862,0.457764884760474,1.04223871385441,0.284335823255214,1.43366149633565,1.12634296271669,1.31393600662179
5900,2,0.47755988738376,0.917787738161758,0.687198340291527,1.65495733144931,1.68464603742674,1.06598435706291,0.692068777042805,1.71805835427984,1.04156387168096,1.23926684300681,1.28918687128675,0.29759935735806,0.435952196980481,1.42835310349723,1.03327614358724,1.27588725738513,0.44273249768807,0.834163392632262,0.779417605710684,1.3494552303188,0.925491525516507,1.37447373219856,1.08835664098968,1.43830301426596,0.933033003123099,1.79351773455524,0.70261475084643,1.06338289884262,0.633471731957474,1.95962292990613,0.637093966672211,1.28429225166583,0.191023338869059,0.848750867841813,1.48239520732764,0.518563883029145,0.840779390683176,1.17786556840447,1.27788937654839,1.32997089103804,0.512392652004628,1.06225033381102,1.15210444996243,0.864072975329748,0.120401806072779,0.788968371566096,-0.204280483468495,1.75585386047588,0.948936190862733,1.25879184321684
6000,2,0.410855472939306,0.608028598880846,0.964990378346192,1.97298111259722,0.983172665409534,2.11659936123455,0.583076885112159,1.31868216838714,0.73899226014073,0.119332065315518,1.9227526514867,0.741867516886302,0.34450941623338,0.88656741109985,0.516434078345871,0.953219211539239,0.778619941402374,0.383361879064183,1.17298746045685,0.977263574388415,1.28222052190706,0.841768761415542,0.948929607145309,1.08338537777974,0.827322565927957,1.00628914403489,0.316541581664045,0.281536043533544,0.807840117853732,1.55819238916956,0.525397131954326,1.5957949450805,0.486269424793107,1.739630298912,1.66062641685568,0.273019848772309,0.338202494506231,0.465771330208091,0.873567845783425,0.856181850989472,0.778965053940393,1.31257777835991,1.04313629211475,0.353036257250224,1.36201217713448,0.950174103174244,0.130894307217386,1.21214015616124,0.845664969031036,1.36814751841075
6100,2,0.596421709013145,1.19396775730713,0.963411610689152,1.12744879543022,1.17045988462025,1.78357367627713,1.2360297305457,1.42178045700642,0.866645379956476,0.223490891619334,0.968765355040579,0.940799922295122,0.226590899199815,1.21520088303499,1.25122716956544,2.02197990431677,0.693695437741356,0.553621323540675,0.597082671104342,1.12158869567374,2.15570102736892,0.576611671534433,0.615158051661798,0.975688558322208,0.978177217133767,0.868894506436459,0.781453348945786,0.637624652904012,1.10993495637821,1.71991383330882,0.817901777427781,2.12891331912191,1.15200913795961,1.40564350089883,1.25382570878679,0.719264195639805,0.769925015133599,0.351788726794484,1.50562432629095,1.04452419453953,0.730252221458089,1.54374574509914,1.12416270601247,1.02007047558619,0.773036073576507,0.331714311232892,0.91058312267569,1.4304852649578,0.866046820645633,0.414574064540968
6200,2,0.810068415432745,0.941517798895985,1.08449910904508,0.306707931460169,1.34325566822192,1.039086139222,0.796605037332632,1.5364959238919,0.360586403714414,1.70837390879852,1.14820018684904,0.994107129289796,1.45072686833326,0.674112162363861,1.2596841006965,1.3915378818933,1.0012724167523,0.437001839659823,1.05715139350022,0.350875237734372,2.05205375047641,-0.0546304183716415,0.0290060786697325,0.422193117210724,0.848594433047813,1.29691056351609,1.08748985633834,0.635138411275514,1.17547304446465,0.897911178010709,1.20792086100407,2.34846058568241,0.506019107423095,0.96718833317614,1.20824323824648,0.602028860984657,0.7122666948233,1.1794373619456,1.92772780783265,1.30833379030523,1.22390094202224,1.61025769490159,0.988270887457177,0.482850660501268,0.744088869162428,-0.0176670033525107,0.318608184555167,1.08799907500087,0.831179346925162,0.0554497612942684
6300,2,0.621832322713796,1.26872536240116,0.555188114567707,1.00389542595996,0.798257415908044,1.45112420515496,0.626484751050092,1.78202678798465,0.763382512549296,1.92596450111049,1.23830716338739,0.645847834241461,1.452470836871,0.690063575382795,1.21357181179746,1.25128354537426,0.715212769704405,1.47375762896599,0.908578964422151,0.733825906052382,0.648871395111286,0.732118052821776,0.380452500161071,1.20580707617901,1.26531374192798,0.596568342588855,1.3535234539337,0.83300943520092,0.818990408286906,0.298581341508367,1.28630844822249,1.02079364546859,0.284402354360697,-0.158435663109115,1.16765628566616,0.604925659743636,1.04073848420028,1.18334530609956,1.2278593133747,1.39434124925982,1.36889642123952,1.5718883066592,0.637948687041398,0.833556894484283,0.8672888059733,0.163613702206372,0.582449080274844,0.291642855522305,0.512861221767163,0.0538203384258795
6400,2,-0.0140432141646113,1.53623869870515,0.571904993589422,1.14459182355498,1.23285309809824,1.37678508046515,0.980621605729532,1.63521329883131,0.816526465434207,1.35180441194842,1.02847525691374,0.427121475783465,1.19379285735396,1.3447326664591,0.729712885424671,1.57327875847055,0.242995716343585,1.24058448230408,0.63880812799065,0.915027087006996,1.04493763319661,1.44496359303283,0.38262965240492,0.864029597344966,1.10135738800988,0.432543007838974,0.783328526569062,0.929342077297022,1.29691683090282,0.679718930819068,1.33623161931453,0.844176604507529,0.940310694134487,0.884239423130668,1.31188245677942,0.867735176467316,0.291352953454011,1.62148496277025,1.61354588825836,1.5446877988883,1.57661602297266,1.37097860993547,0.51879558677547,1.01585392063027,0.512201830183884,0.114887141028414,1.00447662577979,0.278523594546081,0.207318207397778,0.0417791273809308
6500,2,0.381013779558032,1.26526201059649,0.421110415324338,1.72032720657116,1.61068617157165,0.922219854904987,1.09388603385849,0.586231499547577,0.598051765424665,1.18311765014278,0.376270064812327,0.502427670871379,0.710459337178462,0.487476661193228,0.193372843855869,0.946291258857334,0.405694995410016,1.30489466363122,0.629418238815316,0.97403535643827,0.919375344168642,1.28134812330522,1.12056884983983,1.55516120461637,2.23521969722969,0.918232349817471,0.376586933023597,0.97344497802028,1.40007813633201,0.275807274349642,0.822348685783123,0.905946002598418,0.729086025033273,1.33869712041137,0.405206521420917,0.0123011490846791,0.499766742879212,1.71456098289194,1.13704779141455,1.31734175954313,1.29286125444559,0.933950024190068,0.823486691453071,0.879779966939377,0.675196095563092,-0.27526345683014,0.373527075221275,0.395442678889446,0.418888192208749,0.392157983933779
6600,2,0.897086813294005,0.707641683744504,0.221735934855833,1.50870012793755,1.70036317247496,0.998329941552692,0.64292842774396,0.966791567049549,0.777803596564668,1.1196612223631,0.63219278627431,0.77542297577044,1.08263010084268,0.772867758054088,0.561000384196007,0.598715946183596,0.436220707976597,1.17509241689493,0.43620560125954,1.13014809183415,0.739444540855128,0.661957909870017,1.72698718330477,1.15158255626968,1.04020268918733,0.677754624968264,0.857920942229753,1.0679541024731,1.10610883404377,0.453701817310447,1.23812198054203,0.412347209612871,1.22857909081386,1.09719487400946,0.472254306196535,0.862411680031014,0.423621130316655,0.91847195068786,0.723682599878571,0.833906905991837,0.756652507423073,0.540598564659921,1.0573225800662,1.05504740334621,0.710286495760658,0.818857678943277,-0.0475359883848174,0.316274259584892,0.193119027292116,1.07720716502402
6700,2,0.937693219889887,0.483922048460252,1.01790097628359,0.825842649886979,1.36553518126079,-0.0698021147507898,1.23047373018858,1.31624250869091,1.15334543570544,1.69605935623364,0.57634728225104,0.536367950353063,0.973728505280803,1.08718216155398,0.336485645744555,1.04017374431216,0.0435192927094916,1.73584086208037,0.312760044052405,0.944589426851555,1.07469739001232,0.130259047061038,1.16536612800357,0.839278370664826,0.201389175587583,0.642646623277919,0.320217048997364,0.952013556072742,0.508909858957186,0.20246916664085,0.732998131290466,0.400199758366705,0.947292837863379,1.47124460166827,1.29781861436128,1.54742978360724,0.470919838442423,0.680754197061383,0.304859417659836,0.167040050734582,0.552313870822084,0.946943484375564,0.406680346370843,1.53291449613644,0.435906878085388,1.28653251364665,-0.486157430106807,0.871664494174774,0.0107743091888597,1.21539396805915
6800,2,1.02217079613476,0.439637968269179,-0.157989829318307,1.24325702270988,0.78386360319082,0.148626022744947,1.48593586109806,0.977044684284442,1.17129073882481,0.893394251613692,0.348681034737988,0.586672310108967,1.19516911378605,0.98474379436193,0.889011856442002,1.18647899286616,0.51463479244573,1.18666990298958,0.300995053599146,0.749509185076913,0.99631080559035,0.663045719308463,1.05830075262185,1.34806828311415,0.2326883926958,0.901852859431947,0.936289649129111,0.723250629966279,0.856004900865543,0.021487482185038,0.893454972501676,0.357847024698566,0.261761463399143,0.215514437219299,1.11896008314015,1.28810193707511,1.43686146708256,1.01162077985483,0.985394695108661,1.38896737355817,0.335904506739499,1.08835251202415,0.358420588224585,1.69301620228873,0.471898150435193,1.10849210939163,0.530109063509071,1.1704202008302,0.660963598137722,1.17290728481212
6900,2,1.08994707742475,0.495095770851939,-0.0193361591634194,0.589519534912778,0.94008203056005,0.189617409127094,1.63990424268289,0.336388798611412,1.00173183507155,0.808647511472615,0.31259609734144,0.736614686408736,0.90385840221374,0.332485880719187,1.17980929687989,1.11745053206942,0.621897429442695,0.793386575202104,0.975571951926116,0.762986250156407,1.23811181674033,1.0016116387085,0.880029788029696,1.48029669755835,0.992020306879697,1.16425675539075,0.764407596934734,0.751962066138925,0.533320518772369,1.13383513590104,0.898354993799757,0.405119755288527,-0.00408499985798938,1.18797835393327,0.80125473846613,0.849072575337979,0.735508884202598,1.57701194842096,1.60084211926853,1.62836016630591,0.254370456587054,0.886751081065168,0.781626587844834,0.748934456958049,1.18464310922025,0.438926809440415,1.08767804696196,1.18232000942798,0.527936160998373,0.38201681527841
7000,2,0.587924676661348,0.151253484929932,1.32571994518509,0.898569313228476,0.584662299288285,0.585998301398103,1.33684843681847,0.551587961836071,0.623590568548894,1.45307660983843,-0.00470090567027137,0.752896519111106,0.894152046346164,0.761031766358333,0.467844417849204,0.732977284519476,0.143790468027704,0.148508898961117,1.07735998057297,1.48214985632303,1.47412722427847,0.942364126372479,0.624493371887813,1.17198768102807,1.18810164856195,1.37917761102073,0.821162354399164,0.833415592612508,1.03638709003085,0.717448962151938,1.16451209812652,0.635675199258053,0.329780666981398,1.65294882374834,0.881376011773993,0.677956656662428,1.4279947915226,1.99155864006387,1.27049221139146,0.855802685865153,0.352659548049505,0.545143630426142,1.31615972880067,0.378192194236086,1.22910701884309,0.146259892949064,1.40288784529755,0.436113750523721,0.581230462280063,0.667600432817534
7100,2,0.299042500042255,0.34464111564369,1.23361649863415,0.894137646356139,0.500093174992992,0.614512561880437,1.58336186014889,1.08876045926522,1.32756112811923,1.13047555302025,0.233180284078768,0.0447443559651088,1.55292580654558,0.474315247136525,0.170019318605139,1.2372884829506,0.0129011421394675,0.35074247752228,0.798468251467998,1.43704188930851,1.19729854822206,0.868579199534799,0.798742528553047,1.55018989969438,1.52304517598366,0.744766113359454,1.11360706410907,0.684474477149666,0.967951443016019,1.35029243331956,0.812873649225459,0.0435946112212544,0.227164560430939,0.813248497795003,0.617981997287708,1.46583495122867,1.39682041895542,0.846568237597853,0.674009137090534,0.449644285322894,0.406051796536589,0.350201398745062,1.08514326818214,0.252065433599058,0.879104527502308,0.862920006284749,1.6670042181116,-0.0812466190497404,0.726655495071021,2.49709818282683
7200,2,0.00426656907022627,0.788405854213617,1.14724691839788,1.98768237221699,0.752764184334609,0.581191585129562,0.986498404977389,1.49119179980797,1.17153838258514,0.7528979271312,0.294784251106986,0.670867991983064,1.37665607391452,1.33675841686469,0.731514422921787,1.03920047884289,-0.183875316830599,0.370794501997983,0.956601442461497,1.31645498629698,1.66898729113938,0.674371210362311,1.12524830006822,1.41312688799586,2.05979191385173,1.01398947113372,1.44793188292477,0.882028841462063,0.870784695700333,0.873657643823586,-0.0376127089084908,0.795952083619812,-0.0676845801309078,0.858733865889993,-0.126571884590481,1.05782091662179,1.24744993165582,0.602675965060639,0.518609145956821,0.939545740930978,0.186602568309072,0.910786758238605,1.30822448080201,-0.0331673455818724,0.484221849699294,0.927662512986461,1.271381348896,0.688177983453672,0.815002302818787,2.17916578032619
7300,2,0.715952647510944,0.634429448087501,0.741181987458445,0.943246236176999,1.27536653726981,0.235011792777413,1.35857327509332,2.06549338601649,1.18220598443012,0.470828837001077,1.16805652233615,0.243748302268367,1.71238216926917,1.49820712408502,1.14445968837535,0.91332034447319,0.697403513018931,1.01178596883766,0.563814382382614,1.85395188190495,2.46886506154557,1.14840515493795,1.2024085043653,2.41999352064914,1.44749006381195,0.287710641499919,1.25972732347506,1.13024985854854,1.00083544683796,1.00274866072788,0.0865604190657444,1.06567837618299,0.61537622321412,0.276307472310559,0.152297842826053,0.662681216780255,0.0310817866646266,0.508991333281018,0.930943351049401,1.16586645801455,0.419719699538145,1.05358093563276,0.810943569978514,0.374929842798158,-0.0671789054761927,1.73692942504177,0.529650744927389,1.04379988560633,0.781565991923121,1.85788010121087
7400,2,0.996773350598404,0.404839458638112,1.19836016850656,-0.0443403044853614,0.72056715152281,0.807132369724978,1.01480901755863,1.87780019072465,0.905939354999282,-0.112901226670376,1.23844145647187,0.111282343155212,2.2656122794919,1.21073950232816,1.12351475062998,0.774507039166412,1.90498290633829,2.09183216081094,0.920970240730943,1.4266397887416,1.60569116259186,1.67585070061451,1.15998705439,1.62154224287738,1.14803910464019,0.100468110634824,1.33893350740936,1.51596900601743,-0.0680814543837058,0.91088060950244,0.238633822363764,1.60262670538201,-0.139316496648313,-0.0104740584273906,0.200839988020757,0.538905875564302,-0.251722212861658,0.771158260170111,-0.0555839300229641,0.573270626500481,0.462870313738547,1.24099178849825,1.04415321571484,0.670557324687753,-0.282331808381283,1.8930162966413,0.672176177032385,1.99946285869909,0.63090764795032,0.449195286545961
7500,2,1.45364173861217,0.767207882087676,1.10646689139235,0.234278914961327,0.871163521879724,0.3882580845653,1.18712599615421,0.56805928982716,1.12350654614408,0.212028671568166,1.5179432077689,1.00044314354112,2.38533308277041,0.665787380567994,1.25220301816038,0.201202520747929,1.93751347072296,1.71553446102035,0.897330824439038,1.01164284692712,0.816785336374324,1.15050978437547,1.44666136139046,0.251402789128173,0.950579615207224,0.583088008172855,1.0344315672187,1.6926011097946,-0.51476176733299,1.80043821222191,-0.270684816626244,1.44455376059326,0.889134526428107,0.704792847711179,0.30585834589737,1.05207592166058,-0.220634677617892,1.02735528307139,0.873545815343888,1.56156190816725,0.40371625759819,1.56679417478014,1.43443278281769,1.30097847030736,-0.113708390053781,0.960598149794958,1.07151964014088,1.80346229544614,-0.126367650794824,0.512530200610059
7600,2,1.35115137775543,1.52437860391299,1.21951539850398,0.00171810916839121,1.28437297547224,0.254212524068768,0.902244516719167,-0.023786127980295,1.01640377975594,1.06266574585636,1.45571441233846,1.56671218227009,1.79023919676594,0.881206107495041,0.592071536260252,-0.0543983784653645,1.5610142569956,1.39622336792377,0.573938398184794,0.304084316574922,1.34170982623737,0.489422634727501,1.28312143267494,0.554647982095221,0.762083055384938,0.477141673862296,0.558048772125216,0.95035559844053,-0.281631467972334,1.56608468921053,-0.229045102507994,1.43461270083493,1.00516046417005,1.81072686195307,0.130129909951501,0.599520649753727,0.187227032674012,0.94843471013962,0.237203853425853,2.30615794677338,0.468718460760956,1.59512371359838,1.67235429586779,1.25763685340398,0.103341661630051,0.835831909940052,1.32727688015913,1.27528358649554,0.064954756632796,1.11568523465334
7700,2,1.43280131216288,1.61684118764062,1.109088486928,0.542103686233354,0.651074921032189,-0.0272926745934675,1.02127847054846,0.783401946206416,1.39026182871865,1.01007963399885,0.907612520562583,1.09900147123507,1.35456984347847,0.306499854222332,0.759267971477221,-0.262383290577619,1.34503884180666,0.375390392497573,0.427478991953205,0.338060244396845,1.3199614543334,0.0842957907695561,0.410248982846165,1.74471753645381,-0.190713129497599,0.64690612157147,0.528281008531636,0.78428170623658,0.999463836209907,1.30883841801291,-0.204303329150705,1.23916100790031,0.932994221877211,1.36858937990218,2.03587345304457,0.282067984630572,0.323345864425982,0.606124189077882,0.78619255455563,1.29509486801503,0.6104142361877,1.87196837517419,1.38836452513932,1.43408635598985,1.30946078322758,1.46011139176644,0.90872887174762,0.571201197294616,0.685623466624744,0.0621193612300782
7800,2,0.054059634622983,1.88660813347255,0.632553290681104,0.00030209734043618,0.0108293908547219,0.10884430465451,0.640373986518702,-0.129429413358557,0.732445262299926,0.847726870761263,0.636939894686566,0.98761879883821,1.43743177272991,0.679476757872826,0.935407783352789,0.781543590209502,0.842295260019611,0.150243668520965,1.06926840513685,0.994418495699089,0.0254464477407118,0.415713533361298,-0.117217278696441,1.82540777663574,0.398833671061745,0.0494248644927984,0.78313719484732,0.335791030607595,1.43449963330987,1.5330939123304,0.404122843455282,1.42813393834764,0.804655899025461,1.14412174148428,1.55184213379574,0.0789509884368045,0.842687271242467,0.361829628057766,0.827967921394933,1.08839742721854,1.33790750933336,1.50361538774509,0.456517585686444,0.973502113803842,1.40561317013242,1.27124498735862,0.641672807231865,0.831148169978994,0.567862916739888,0.68093206699684
7900,2,0.117290444279735,0.540352983447116,0.922067350314167,-0.350528060001937,-0.0503625072571374,0.550057399207859,0.886924884445835,0.084987963325486,0.626501870206409,1.09977661651532,0.10460926912375,1.05721944131888,1.53207952434934,0.748073892788791,2.06530863034225,0.401231520151107,1.36616514924721,1.09854896165749,0.542599053443602,0.613686656830808,0.276616946558571,0.664910501926606,0.594898582963973,1.50828527430255,1.0568258034877,0.0709162885114415,1.10125038160489,0.000513540148076586,1.12551312450078,1.00856439799664,0.668763594612372,0.843719040397408,0.635354608693149,0.926349238150241,1.47391880417724,0.780568832430253,-0.0374239232001071,0.436497108931431,1.44273076386112,1.50327556396083,0.843712440434201,0.536195426965345,0.15942793855233,0.914334988969917,1.00078367661126,1.00029345345622,0.614397961810505,1.01174257857103,1.01431291067181,1.51661343065716
8000,2,0.324484913610637,0.372244201859879,0.759988352020534,0.919703450632,-0.131151679313603,0.436429020643371,1.7445714977143,0.99763829402668,0.623360199073535,0.354974604188089,0.181706143916153,0.910850790488453,1.3582112824321,0.414709640172488,1.69141935099142,0.472601165232835,1.70131937764701,0.8569603214207,0.48681889509446,0.881188532531276,0.712129232279148,0.592241695561967,1.34985388547779,1.15355336396819,1.30335913569609,0.65259729657516,1.21200558126487,0.461240433661788,0.769093687074251,0.553119506025273,0.634544513172481,0.451726998753612,0.897335394591593,1.03998445122134,1.71686142057277,0.854290802464376,0.158704579764663,-0.196077847144661,1.35075966708219,0.283365758116693,1.10892536135674,1.04548518630023,0.270283701630631,-0.0322809099554855,0.378570505002661,0.757717682156133,1.12133768136315,0.983890592076423,1.24354097422389,1.84581210657324
8100,2,0.533898284989709,0.571860724900991,1.38954253787802,0.865233552550189,0.215911392062419,0.803664442791835,1.96489246490401,1.10613323937689,1.14768142808705,0.759436839517854,0.224185281421748,0.976269435243179,0.986961381218297,0.0740304842622639,1.24965568875174,0.707324753315183,1.4943061280141,1.16614194214441,0.683021577721388,1.68050894104154,1.66216313053814,0.394188276631986,0.554660982743289,1.05548778729114,1.78901247933892,1.77753145187355,1.45489001823442,0.708143572753509,0.978214390027736,0.715024927004788,0.241950667784272,0.82382294642755,1.535180492321,1.60060632691802,1.51996009725825,2.17077278490871,0.520220760053123,-0.240473429471961,1.96246220346272,0.489723481828449,1.32300518173796,0.92738544887462,1.44714574935112,0.826159991378481,0.855567314026458,0.689400802550813,1.22312838266703,1.13905247847406,1.29598732572297,1.73608175546339
8200,2,0.908290530952993,1.58219127344352,0.916088650648558,0.968351640593954,0.82851825630247,1.35584537153718,1.32583084793036,1.05403612505152,1.66737973425935,0.639985667715133,0.331602701432938,1.26744141639975,1.01092648580136,1.86405076773133,1.15747125070579,0.435747701192143,0.196280900585695,0.935320816430421,0.664185271922278,1.08649399562607,1.14277964401413,1.35478206386045,1.24281809242918,1.29776243627883,1.27730577506127,2.26389808145547,2.16124652273092,0.386619721760847,1.1660183299033,0.884715724770076,0.559621029717963,0.198879300315257,0.94370001615688,0.802069136678248,1.00380452501854,1.88674671337391,1.5462044603996,-0.408632995729341,1.11107133540186,0.833400743606496,1.94619040317685,0.964648650791902,0.926651102012325,0.763870971783795,1.44215545573054,0.322340035075326,0.939400051469512,0.82440021402161,1.59555528560568,1.28008599484626
8300,2,0.875368471344628,1.76704391477125,0.945582002932772,0.61252524407166,1.10592925318526,1.9188706764709,0.730963838505398,0.872074601888865,1.7082996758662,1.60625817092925,0.834612937798263,1.4553612497459,2.05304415563089,2.24212332157921,1.46144444692601,0.893147604967656,0.981014454944684,1.52787813267085,0.308274384693231,1.29173076656427,1.16359752762585,0.962423832534917,1.77519191272615,1.20189497572142,0.917761428018032,2.15881284152163,0.535370397964722,0.108102098596119,1.28985781016726,1.21288734309043,0.44376683115215,0.596511426246413,0.635552711090799,1.41185687490375,0.972843651598314,1.00416392833388,0.647071992047394,0.123137365151257,0.96722049707063,1.306513042096,1.14774833187914,0.865414192470737,0.315351427295545,1.69435220722317,1.51353467564681,0.276861296523708,0.745304510126272,1.06375557633362,1.44736828207961,1.13505878387632
8400,2,0.700595085577227,1.53510574541952,0.828766197070513,1.28644560754898,1.27684310386076,1.75135986250006,1.11986998940347,0.416545771377152,1.38892338210073,0.737244817283476,1.19801610035201,2.11715997036747,1.49662859921104,0.611675211324667,2.08098117801166,0.950918261914966,0.631918143614868,1.39430820638177,0.430939298658182,0.304771181532337,1.65442155756702,0.357630104168519,0.945445168379092,1.09995492561964,1.05450337321189,0.671619831531645,0.742976504190518,1.53088360485757,2.46522890096285,1.7042158666307,1.63382004222984,1.47162966892784,1.06104206627902,1.70142717502881,1.22665554323918,1.88270462690815,0.641172271255253,0.89172902044723,1.06832223065018,2.2605136946184,1.12715072916071,1.54759852080197,0.611745527586814,1.20386690485068,1.23366944404455,1.48372843561449,-0.149075193495078,0.3013106483338,1.5210398043526,0.616866433079431
8500,2,-0.0545835120792418,0.619103797895278,0.79049333576508,0.654266796290633,0.393150362801152,1.17773487122582,1.45540566960089,0.478003276917217,1.10561482485317,0.771084757378145,1.94004700899956,1.92488278979048,1.18849722465773,0.268593184775399,2.32320080033521,0.79808383702932,0.911521950797963,1.09315091056932,0.83017085388715,0.698916106940925,0.64628785543849,0.552416293491771,0.61855401296445,0.929689372068034,1.78566041913876,1.83663496518401,0.940673454868684,1.46245799365287,1.19214419049333,1.44198188088078,2.09447915321617,1.62423784937621,1.29862492625686,1.96614641695959,1.43087220494715,1.19946047263973,1.00039123915529,2.37557292989607,1.23588287762206,1.84088458474629,1.231145762206,1.2580425310154,1.07337485116849,0.804753329345151,1.65295586963889,1.57818005439416,0.668846896759298,1.06730723669468,1.19698542760407,0.577104684296295
8600,2,1.2018106190662,1.13871721185993,0.857053976477944,0.433937187869863,0.000367922952517308,0.625010139780435,0.996081423616421,0.943565745768584,0.55501476660772,0.961714835767705,1.75835971813061,1.31359306237098,1.09168404671707,0.66134272124537,0.6806746666481,0.843123945639064,1.30836929502343,2.07794931273088,0.642567169659387,0.896981273402626,0.750777431273821,1.77269365958676,1.137541518425,0.558149641115657,1.84163641970096,1.56894790087502,1.61150202516469,1.51676973945655,1.80659558538633,0.982604908054363,1.41779843805403,1.60596561572018,1.29750021463706,1.67277685866342,0.319050268912749,1.61553925045929,0.81666921093565,1.72819356439329,0.651925028032675,1.14676585317722,1.38514216466161,1.28204885410958,0.633432348043836,1.18277293981237,1.5360297743635,1.37990350520415,0.137384829896534,1.62344098970139,1.32485533071335,0.81248643027547
8700,2,1.14672888991817,1.77366231354543,0.569810968265523,1.07162804969545,0.736523355380364,0.27689805946434,1.39712644797438,1.15828771397381,0.337733233763345,0.351440185079824,1.36601486632561,0.897414756322441,0.349257014490959,0.884181744458606,0.276070921447658,1.47477131588204,2.31738351872539,1.80807151212345,1.13548641661224,0.556377520181299,0.689321542153125,2.15377243774748,0.913470855532199,0.189163191880393,1.81333993846834,1.32088237847737,1.86147107331882,1.4593321115619,1.73098056193724,-0.190396161410245,1.41332064874446,0.744118952999063,0.568802345428172,1.69177418223485,1.33065781060041,1.44802289707549,0.610733551046508,0.92770163961557,1.10417857731947,1.12041690000098,1.78645425403459,0.992185263784026,0.866549350678794,1.23543980174071,1.01222167463928,1.00262768409587,0.0678688985170801,1.00830474049582,1.46119872076064,0.95600490003239
8800,2,1.08509039117907,1.65504740911547,0.352089292507682,2.07730253067508,1.04049447961743,1.08501885873377,1.87557112254728,1.75425451199877,0.53619162166643,0.756069993887787,1.70959881220288,0.758326238586242,0.682826108786885,1.53427587578238,0.957866450610425,2.23115218486241,1.65177371126964,1.4591056228055,1.18863223977382,0.629542044868841,1.15743424401654,1.14755428221825,0.74990097148658,0.751586242019001,1.245170133217,0.534057935034792,1.51423517476006,1.47872034787197,1.98948507948593,-0.323443639467465,1.30860664974965,1.10969874464244,1.32515447867886,1.5442722999355,1.94491820673271,1.14273864115474,1.26174020708529,1.61812402053919,0.315288702064792,0.909194584652645,1.46525155826169,1.23127805941437,0.834052418269164,0.608646043317459,0.996451829651861,0.921733367432463,0.26950658353804,-0.0617165388815677,1.17353224896464,0.854483862886044
8900,2,1.1884199974875,1.14231138484076,0.753165033795191,1.92091294609541,1.06692065570478,0.879795967591587,1.45700992196131,1.38248646667876,0.553659815900033,1.08973494281811,1.95488074363509,0.862775731973068,1.13658835266505,1.13214309290592,1.33149956891955,2.32322607191399,1.30472181294451,1.30188488239661,0.976008378671298,1.14759589895709,1.44605799171824,1.09943572805373,1.17648606223181,0.392855722437207,1.20884121495326,0.438132603622871,0.0224022901381991,1.16456110358732,1.94137164700323,0.753465340915369,1.02586334652034,1.36063799169638,1.3577677919355,1.50920014126464,1.75085975618201,0.627964897217147,1.26918356074712,1.83371287170015,1.39470907599438,0.464067706459063,0.997606066966061,0.460928946818988,0.82367457154264,0.590620908619266,0.992826938251941,1.41708276887906,1.21146297036773,0.885495773954511,0.44012288999531,0.391642135518302
9000,2,0.978775540888897,1.28827988319805,1.08206485906012,1.69754566731966,1.0708493182278,0.283118382007325,1.22975337871415,1.11073817592166,0.679312280343054,0.955410836552572,1.98091979113513,1.22508055666027,0.737841718703023,0.878363831516219,0.188236821288407,1.09676872164098,0.758036986646596,0.726214066986306,0.450838934822493,0.451033160832991,1.34391784699949,0.367901797146695,0.926471070488409,0.857532643969339,1.21241765287147,1.14109119941655,0.529312054331662,1.4821559199371,1.15455830976209,1.10085611480132,0.821666015697904,0.832771769529536,0.733834109171824,1.17016926363934,1.33727101864165,0.578320051379833,2.16523335074424,1.88992074503476,1.29683483436625,1.11366464264413,1.08400253219089,2.03930646372799,0.922313683475228,-0.433197656211206,0.787779732649927,1.45982140809026,1.99516621566342,1.54700854275821,1.06280626016566,0.335281600049801
9100,2,0.440001376376442,0.48189604190279,0.913847113664094,1.40573019087555,0.579794226198527,0.0368524675177663,1.44460999398803,0.690761547249872,0.636550687381571,0.677120034871712,2.04606866596951,1.66113069792667,0.538651614189453,-0.0727285172423729,0.86569363699548,1.00201696638224,0.64902707424526,0.601974627353099,0.829632347316131,0.884734293765207,0.230579502100682,-0.0917888170637027,-0.0994339908780429,1.4713009522626,0.639141063279984,0.794588428397637,0.474388732809368,0.508013825263722,1.27546292280938,0.397549632161327,1.04730080386331,1.13318638669599,0.727852090012293,1.39633575242797,1.67860811510248,0.853417557028735,2.14490380548383,1.52190458647238,1.10679892760865,0.235529150495667,0.875383923368084,1.72352829933508,1.52215219336214,1.00719051918331,1.2999533871141,0.943697799169079,1.55770115749384,0.664404275308227,1.16054565914707,1.14883216353728
9200,2,1.05389568160532,0.347739828931987,0.775132707959948,0.792032270804047,0.0254552303791225,0.368197543285645,0.524882746905409,0.520531119603916,1.5176794969333,2.30274742790754,1.6119220601488,1.07117157418985,0.781224024571573,0.87611857383504,1.73726752977974,1.16777619248786,0.802593306083145,1.30523830755634,1.25648733976189,0.483029339781311,0.322045703090249,0.20633391138616,1.33745147183715,0.661311792095013,1.8245672749918,0.846656880762347,0.202750862113388,1.03175132202097,0.672360633085383,0.816673260596672,0.837952816713495,1.23698590617409,0.997507290579406,1.57800781672849,1.52221961384525,0.456269680173316,1.01662564253167,1.18872302450491,0.907977282799008,0.914931314428206,0.753343398064104,0.618662051058295,0.827678905781339,1.49777809952148,0.478506603371154,0.75438921857342,1.38522210975828,0.700414313794897,0.985394784806791,0.236704512545406
9300,2,0.481498977182076,0.426476616124303,1.19678178736884,1.96128925634456,-0.236109028220674,0.820823504820229,0.752415629952278,0.132044758376486,1.11192175850683,2.0606764319445,0.45343894099415,0.964320723630892,0.731143630713894,0.936089110343832,0.740095358326538,1.3308142929912,1.0509007756745,0.847893938238371,0.636032612889514,0.585376184260442,0.606817186244056,0.819925099669678,1.90727487186775,0.110931231303232,1.37392109184336,1.18801144977276,0.670716240576061,1.33540718204911,0.257568442766266,1.05731040244143,0.231002688524901,1.12501474515432,1.10642905493853,1.50947960404684,1.38291156975389,0.766855120798878,1.48759624613926,1.01972675840996,1.30713676822585,0.458236534462181,1.23486991688957,1.02858396762293,0.211109217250961,1.07859975366856,1.45758140396573,0.675214448023198,1.19568062610848,0.69231596249112,0.50755856374936,1.28658053231521
9400,2,0.714887740869762,-0.22855592026298,1.55346574884835,1.67461386377174,0.600140283082987,1.11678896371503,1.0709001198181,0.785373068112462,1.85766626003801,1.26565898571927,-0.0471090422927839,0.16951221671365,0.25315664538438,1.18695926873491,0.921472006931323,1.64486900932589,0.861409328825378,1.11162416275757,0.360154244709744,0.773073100062851,0.564396506458707,1.06709720813903,2.04227110321276,0.726408117733611,1.25065761484456,0.244621649834686,0.751797629465736,1.64114697995794,1.27356475662669,1.20745485555148,0.267959001721652,0.949318654623158,1.08362812010274,1.11231368363766,1.51698093313796,0.796437473944241,0.758443280268466,1.02952730109659,0.515955877372629,0.936245158399835,0.734242526715454,0.467420323178601,0.674416970477079,0.451354996345961,1.19551864001873,1.29416945260763,1.44087596718068,0.758074358662848,0.597536104260076,1.69937872839872
9500,2,1.53135903359816,-0.0250175334111843,1.44373977277361,1.76571303869131,1.01736892049585,1.58181775605309,1.02578179353931,0.868248110738221,1.58803821860057,0.781579405297997,0.615389412970024,0.796929237997891,0.402274897033456,1.29748250681446,1.10704724849686,1.00950554044343,1.03584310508725,1.18944650005871,0.69341191048619,0.310646856917735,0.290154332789095,1.25862954974067,1.43593241239365,1.4287892412811,1.33072053377115,1.15607613918833,0.575611462267857,1.3352396934165,0.856693560272124,0.709478744811638,0.136923492683772,1.37443145188147,1.65232304644405,0.527500500916376,1.10601445223825,0.729831251427712,0.62303994634892,0.497187639759756,0.157002770833869,1.59632710441268,0.747147616828205,1.19773931056737,0.539791817742392,0.792125834634818,0.375040928207372,0.682529328813677,1.35242679115335,0.0996727817986971,0.949631622646816,2.00847740898328
9600,2,2.51887079305185,0.0557133928534091,1.5752489933013,0.625906494973409,1.29973106167352,1.50834263771271,1.17972191884552,0.761818708393866,1.07222764538167,0.72458978169375,0.892280539217342,1.106272875404,0.957117918437546,2.11488784651577,1.19250868710464,1.14388809998417,0.975718811761507,0.679029394358442,1.19199328432119,0.344418191484529,0.864782820074152,1.32123764366346,1.03190527018236,1.21285547513452,1.63842963356978,1.60881500053506,0.055987740515292,1.16659739276873,1.03503236345477,0.15399836667249,-0.00997825106911776,1.05086699083105,0.621250813974106,0.342421061037028,-0.116197288861655,1.12097066793504,1.36932099191778,1.27637280801371,0.807777194672045,0.812106948205673,1.18770767655794,0.886074384350444,1.02316968942651,0.789580485631588,0.533633351885936,1.27445439717025,0.790028658009133,0.464292014764313,1.25987700393646,1.92881233394464
9700,2,2.3059371130977,0.621719169850149,1.04159331650202,1.14490309021555,0.9904342040862,0.309023164039375,1.07788779003071,1.81965308073296,1.5865976737976,1.152684658243,0.870481540728299,1.80732290595954,0.589505374627878,1.20804292842826,0.530222427721356,1.00466021919245,0.682049170388826,0.862372595426531,0.800337049601867,0.361834530141947,1.33794997001868,1.07157894735231,0.916110875047224,1.50397431375413,1.26266048098181,0.730950721269356,0.642959316395777,1.29907868536002,1.08339947389287,-0.417054708155841,0.849269922135181,0.563443876007754,1.6076722851927,1.02779747615668,-0.0763218446069913,0.827850023620151,0.954942545410215,0.73329405950397,1.19412168637009,0.7227009030387,1.74665969165907,0.765154839391071,1.19943796433936,0.81710826270479,-0.766850841699853,0.839249271690223,1.83492765771382,0.607152776448893,1.30022908013688,1.33873510533682
9800,2,1.69386278022666,1.0775966308517,1.22020759956771,0.561728282871305,0.213724740160503,0.276878029912849,0.832863445118867,1.56706273482279,1.76063180014527,1.3755613454109,0.746769225046079,1.79297400388205,0.287498503820163,0.32698166592626,1.27797195443963,0.365095422509784,0.307543604028813,0.849762735956367,1.30109516756336,1.36232324338653,0.342940956776385,1.3310893576866,0.863570212791638,1.08466516334694,0.906414740196767,1.14989574745779,0.53967868684728,1.40920221585943,1.73063457828719,-0.265020709988863,0.577950095867307,0.68332788324019,1.70209016559996,1.12382760730933,0.104534497862754,0.585418832382822,0.947736433605899,1.08815152138863,1.45720628590029,0.754329613445864,2.05525880293036,0.887232471450492,2.19707043390779,1.19673836924559,0.17659159930426,0.884315321364293,1.71085287984172,1.05349181600761,0.731493332324311,1.22935053790313
9900,2,1.20581120405598,0.460837922615372,0.12854317577403,1.51241778529149,0.28991740359242,0.708331415278527,0.285224263066781,1.92329327681737,0.794692129320983,1.07926729975011,1.3497818821656,0.312425254675767,-0.35293216881014,-0.117197147382465,0.219910576175364,0.714703355207713,1.27019189977965,1.33963084025082,0.125557933963906,1.55364257857599,0.99442861585095,1.27226734515744,-0.0185800661862882,1.40561580380531,1.19705129828444,1.09147503740517,0.0537980378721564,1.27880305255736,1.06611524561288,-0.756738793349105,0.328662529876693,-0.104198443316057,1.38440836888552,0.965444113351662,0.870146329540699,1.55213332019246,1.11131682771514,-0.201232839415127,1.28482110235853,0.767228133056105,0.749703272153508,1.14865019704862,1.93705009423034,0.816522653163452,0.457087794818581,1.0453311674237,1.54891636521821,1.29281081200474,0.610440318810186,1.02878363288623
10000,2,0.970372073347115,1.24091274274861,0.483210512088121,1.529736802713,0.668811990921806,0.838285944731054,0.260528596068057,2.2398082181906,0.614499130595204,0.881942876684956,0.807750436686798,0.515418202388395,0.220482277004523,0.273565345417639,1.05857483654856,0.3115389291842,1.14918265708026,1.37451349968375,0.262597668737622,1.37881116352548,0.592178520140612,1.3384573031837,-0.00668463066917269,0.839569892310433,0.398230604398777,1.01741043457367,0.459922488776627,0.846500278943636,0.48673345888554,0.726058455895881,1.19895932250802,0.268112223849437,1.39269765531669,0.924486026660511,0.560058370150244,1.38407184578681,0.47015084877166,-0.172615346741582,1.30298368795873,1.46357779995993,0.662009947216473,0.85681089792886,0.372485883188337,0.240177854244276,1.24270375056272,0.833919465612184,1.13931075348851,1.59266131071813,0.894738222283634,0.513700004317114
10100,2,0.527646688077483,0.904166464826146,0.506950766408932,2.25938423287869,0.634082344827577,0.809751270151567,0.422794065110182,1.12090355280343,0.802484843336133,1.27341976747533,0.45915491502568,0.813439229215297,0.751880548451884,1.49827915113012,1.0928055713567,0.241668364287734,0.402324595687662,-0.0390131883442051,0.778597486864996,1.56384584293096,0.659110462985507,1.31992265484933,0.332334060959358,1.22850137389974,0.381017973864743,0.148538421455735,0.852030060447947,1.04461386743787,0.702576386808938,0.60623847601431,1.56466815172614,1.39070139837318,0.547608850467745,0.154211279840365,0.398540295127662,1.76508921328219,0.398832862701402,-0.0342560601082422,1.2765280224903,0.70076402002496,0.761574493272016,0.565158807855217,0.186492638656154,0.769432990208885,0.970535942170315,0.691848380244783,0.753910053332557,1.05198023691251,1.12188820179279,0.20378167546888
10200,2,0.478185260810018,-0.0224705906883679,-0.013625480548219,1.88499953411718,0.368342298588037,1.00964734681375,0.451329731785907,0.532819123151769,0.440725513276959,0.738546398499937,0.943645934271989,0.438852099726413,1.20932247558319,0.748233477742245,0.568855815816205,0.240763738418066,-0.0343441558246529,-0.309470645219569,0.945573008538911,0.584896027913664,0.453136144692803,1.09554677021768,0.627727443716892,0.678692787713175,0.802834555957679,0.367713955016749,1.50040604049009,1.47839199690104,0.0212342582490951,0.510495565515642,1.65059984411385,0.618841035951476,0.880716610119206,0.103934654438031,1.05204176176506,1.93465550414723,0.803824631374811,0.10414018054176,1.09816617884705,0.993500235925586,1.52675487671004,0.105652998853109,-0.773624313235299,-0.268172742631943,0.428626510476222,1.55613133215,0.763485533137744,0.525192653967565,0.601357648199973,-0.0456731146412801
10300,2,1.0934161714216,0.469242551637564,0.0727988715194995,1.67576189570385,0.948628093099331,0.787101145635287,0.595131431677642,0.880435540265709,-0.0278117442914578,0.742284334115433,0.623348089114279,0.5661239990215,1.57855354718279,1.19485860412674,1.06568089430818,0.291595283837425,0.749818141767809,1.19404112940454,1.36134374181356,0.535001190171704,0.730556951365752,1.47350518841373,0.0754974606219792,-0.17938086137904,0.942641186291654,-0.301225687679842,1.64314688911097,0.551959632214207,0.242390482292885,-0.0583836695469203,1.10714658599372,0.118708363894583,1.33470465867467,0.0414051921314272,0.7271573705604,1.20360649248013,1.28058669271135,0.180189761909911,0.369537595910692,0.627558204388403,0.929737322446805,0.897240220072268,0.364738039296664,0.76084987136785,1.11310377096652,1.56492852609287,0.219344286908902,0.473307365783472,1.18271341497311,0.0141975736166476
10400,2,0.608946493293726,0.697380994276996,0.444868450038994,1.47533613101253,1.44324038945283,1.20278618296744,0.662141980126003,1.05205952527816,0.0817432437928036,0.966873843041839,0.795918525023266,1.57392160392141,1.08258953118288,1.77368282350882,1.02065844257394,0.593585782798635,0.731765245273943,1.77998899525153,0.890205204204191,0.523038134911218,-0.622352521386578,0.920385191172358,0.260723515180597,-0.473372962651685,0.206791098744323,0.0291229169633135,0.814239672547602,1.21116432716201,0.46602643779547,-0.0474235154109598,0.552812994166427,0.398564002715706,0.904543078683119,0.877898844119345,0.607084415472255,0.857147210941077,1.70711861717063,-0.156250754497788,0.0780707052197186,-0.274596578807558,0.877164582961253,1.282452948529,0.80247107364699,-0.0944076612735559,1.33358758512917,0.929158642072023,0.501579584629235,1.50682876371826,1.17757490402123,0.484810973225544
10500,2,0.949711511719249,1.04781571331036,1.24462046663774,1.31942405187823,0.618795649124266,1.68643988275726,0.297037088209179,0.986834949315673,0.0686708413815144,1.49008503200493,0.820638828550057,1.0226975366217,0.370863885135446,0.986475154703333,1.21541514761097,0.803451892443819,1.39624006032086,0.652474721105364,0.209464582026543,1.17663592195519,-0.608248803765591,0.259291929781004,1.07587034764244,0.222252942076267,0.914023054802476,-0.0191035848230627,0.80618654103413,0.885389775664111,-0.145416259386888,0.172236564265004,0.772436003446137,1.08189399456776,1.1223547000626,0.996769761350267,-0.102825827301084,0.506893182661012,1.84200959223801,0.276426825087933,0.38725537492444,-0.0785048487819371,1.081153252797,0.592247386091488,0.921715167315605,0.067863278467803,1.76788056997077,0.654029701475042,0.455293883940433,1.05897501011881,1.48160632786236,1.49052624979887
10600,2,0.309416876830924,1.07514549682996,1.24134688151689,1.38460811404483,0.0030355791160771,1.50462508663631,0.0444234688543709,1.43890234087721,0.238834751093045,1.09247984461643,1.01013497604032,1.1988034268797,1.12865787424269,1.44048970963606,0.946450659444489,0.333371852484017,1.4151753838122,0.360538816272354,0.38506947250472,1.72625425536498,-0.11253816336655,0.740629338351708,0.0416370729291747,0.0201094054291001,0.114136396987416,0.000162290432876078,1.34078413489504,1.20474463663247,0.341313914036603,0.178435309449312,0.924054191047005,1.16262298802027,0.70552197678191,0.587393056247507,-0.679138170181749,0.4854232237817,1.46222347769982,-0.164229207432867,0.350734270901007,-0.198444735817504,-0.103606498890897,0.64147765789247,1.43046082460723,1.06419603428352,2.20699136953225,0.720966978214475,1.41812012001142,0.730261395849678,1.39977462012499,0.408745723395327
10700,2,-0.463301757142949,0.984800917827459,1.4841444841024,1.12800247377978,0.612407665211724,1.7478267242287,0.305475171826301,0.418762513167329,0.500864718966117,0.939346151226816,0.895072723293887,1.04141423905186,1.03152906637748,1.16022624098452,0.733844412034886,0.239573710455803,0.74064498028119,1.72536749959882,0.620351736010374,0.956661447407339,0.475732612896432,0.873222471738651,1.30835020364304,-0.501646566253503,0.782671114942738,0.327661539575395,1.09947656224816,1.22832836033118,0.418290187475879,0.467918710149105,0.556255773483597,-0.404698992508705,0.118501502531723,0.529629424190014,0.385786785396344,0.91573939884901,0.674283866127637,0.218044807623872,0.410071875618113,-0.22629307996512,1.18284734075218,0.520211614216742,1.64058129490594,1.18059725247104,1.35329049530821,0.974824258080611,1.55801227078098,0.776911281593791,1.17283661181413,0.883903677607163
10800,2,-0.318275978196218,0.969407612748106,1.69207627671345,0.106076535382675,0.24047185862624,1.91019812904974,-0.277601559004077,0.531110672271209,1.3051224511262,0.16251622970534,0.843023800135216,1.17553251046884,1.16689402505468,0.746707576699276,0.528574995023535,0.266423858618718,0.69402241045969,0.973456831799148,0.635314811405061,1.44411301333885,0.344683460295205,1.00273160663528,1.22918246531315,-0.478707387590145,1.09239050361901,0.569578423487975,0.929231996731741,1.04011483391554,0.596815511926886,0.660578328918239,0.368903806338948,-0.404878390537738,0.818434054404793,0.654215421462234,0.294149465914149,1.62123059354937,1.01577260961878,0.685967454601316,0.28691021490398,1.46287568253522,1.1218253511868,0.756184575564887,0.50268489079404,0.886447288099479,1.30470631708565,0.411463430557396,0.895689112767465,0.980098442358788,0.471680238783638,1.13849049137095
10900,2,0.869733101652688,0.925192869948498,0.562789542226992,-0.0952412520620103,1.15775831528178,0.96884001440689,0.0265838470508494,-0.764579120746254,1.07542157551792,0.422882597765904,0.733868769182169,0.364255178742579,1.19466194387621,0.319984742303086,0.908612940622473,0.520542058969778,1.59418146152223,0.974610810038836,0.21452590487783,1.022224875922,1.03577268079454,0.788252935307615,0.970237766665341,0.151689126836493,0.946028316098075,-0.159145618435594,0.559861111621091,0.978440319029759,1.00614912990486,0.898615950237934,0.843995834775354,0.424734013607345,-0.101041148660516,0.212713905018026,0.904289830266686,1.24391709228525,0.85945989094762,1.0747438401824,0.731946339917945,1.36389110968996,0.979334813645457,1.20570051468795,0.0254542763503685,0.307215183510442,1.98345378664508,0.910222433613254,0.706764313683553,1.13107130677176,0.626686716415334,0.378455862686923
11000,2,0.925551549602444,0.454932244776955,0.351150380990079,0.530251888599953,0.67874704246156,1.38109864941125,0.615840091565905,0.130065347217035,0.880101950035825,-0.0834835373260794,0.428422931629404,0.86132243656564,0.720894442970364,0.673259210048297,0.429238734034058,0.791670347565269,1.56720226443069,0.82964881393616,0.413433177395783,1.95564991413028,1.21182291934817,0.558787381852477,1.13394353503984,0.817306556497887,1.24628889693543,1.28483431575166,0.718552951839792,0.36819461215815,0.408157343027125,0.908208588857888,0.33289205560769,1.04536121858662,1.18905235301139,-0.143245230261835,0.867136026750351,1.68051486107184,0.663251990199826,0.669399561252121,0.540156251774744,0.666973042541544,0.757007227152165,0.762139239560292,0.381970806580501,0.816172956536834,1.8188186972731,1.17528237965757,1.51456100094334,1.20584320294667,-0.0152112539428084,0.562639999015817
11100,2,0.781241849133343,-0.363780005713789,0.724376439466145,0.828993480993241,0.564657805634614,0.926970603785255,0.991865633173836,0.428421676282896,0.79066485133692,-0.517390214454823,0.620212578702968,1.07504071703915,0.656142394738905,0.148697517176451,0.587642523415516,0.320604895182147,0.949673772737041,1.74632470909898,0.452979607338791,1.60167795756884,1.45936638603584,1.1118145486328,0.785254343975802,0.95414036995739,-0.20098104008089,1.26225062405347,0.343882458163116,0.862718950681381,0.856689185513509,0.764348256952252,0.484328676994914,0.578827951655609,0.989852450284607,0.0142235582214227,1.43352128941877,1.1090843466766,0.00242568781296526,1.04566170189483,0.70107806944256,1.0512001709861,0.200150450728651,0.200803791194258,0.594571468955163,0.758755560157434,0.956506305386423,1.60372129235004,1.66581425037816,0.897380735078553,-0.40688322878572,1.00538050341976
11200,2,1.2722319160355,-0.0420409262145308,0.692180204424077,0.270434325611484,0.390766118755975,-0.445159219921434,0.443682325946778,1.66612549963237,0.719468409609661,0.312587954294769,0.517428058450409,0.295380470147083,1.27588222818665,0.403019085420809,1.34060334628132,0.615319135731703,0.804301346822687,0.462134721571854,0.973255192780262,2.29171395048362,1.29080321623912,0.787056871201307,0.536174682782265,0.497881399944009,-0.0450106857507345,0.122786845464543,1.09841383102524,0.874447144283009,1.37116768598223,0.142234527100657,0.214657376686502,0.541305077275594,0.858425552518359,1.12215477199824,0.808735001049265,0.646277142291928,0.813223958800148,0.978243853902893,0.436352845693825,0.906004590807808,0.361309058893722,0.776963303913508,0.397224584716978,0.948638707983946,0.192820518655412,1.71657428589532,1.20620484315745,0.301387969975087,0.332999959144665,0.742786864418902
11300,2,1.52924174023792,0.149503432204577,0.658696998742813,0.29984867817035,0.804798077375687,0.214127028024767,-0.392268448218843,0.803270719759873,0.487839476290477,0.56146035117394,0.691656553307102,0.397853772300327,0.60905721667094,0.348014685405135,1.09239921819023,0.376099965069275,0.866701577678037,-0.183156462285418,0.200789469244798,0.554644929745977,0.349226192628093,0.76471452029025,0.606710449041841,0.198844968602653,1.20530487592178,-0.180436465741985,1.28518721131507,0.305406567304724,1.52530539224194,-0.360871619832812,0.533403596221164,0.51770451410696,0.9775057927834,1.0774666488235,0.140997356698199,0.724325511282002,0.467582871169104,0.311120147374957,-0.203949874006689,0.592728222685318,0.371566884812115,0.618952104253806,0.162189457887232,1.38892965651089,1.06534249153839,1.73910832373489,1.74331716541277,0.412594936251515,0.188097517124471,0.273290087382611
11400,2,1.19874632127652,0.120208924079296,1.61706651166182,0.601839290026889,1.35191299830003,1.2548680090991,-0.485242877558214,0.358521558454172,1.28909316704434,-0.0234485221926797,0.941805835409218,0.951782052272516,0.420062491814664,0.400399328963945,1.69430902498753,0.865649134002384,-0.00870305530870352,1.39050345127375,0.391918052315338,-0.922076984706567,-0.0290968123431781,0.49835314343114,0.593702472476911,1.52840629943781,0.813540770939156,1.3199688238809,0.84892036451079,0.600357985373358,0.273372409289266,-0.00680241750911714,0.130815795257589,0.97520898402252,0.435965767694255,0.665625233775421,1.62368584400013,0.729748620880401,-0.0145123095341696,0.882732893645002,0.266343515774233,0.300996790533138,0.647000282810514,0.106171215404428,1.03989959065011,1.40701964443769,1.11413683413494,1.91353807777757,1.75565664746912,0.178122070646647,-0.0111694702848731,0.60059772182752
11500,2,0.551673020219181,0.282415261797149,1.21275390667112,0.570881430795538,0.950522141385905,1.79535036459283,0.521490293822963,0.838854508776137,0.61103699879683,0.136326277175864,0.751235119846605,1.11268767636227,0.272267712319457,0.998449422363092,1.96802611733473,0.607927594194793,0.846213205161353,0.872672682565145,0.112990427167112,-0.0400559821541748,0.343356093265603,0.964150669506619,0.0633977821829471,0.917732864113024,1.01225174910384,1.48842845067029,1.76456725165996,0.611591748975104,0.392888862585705,0.192893860904782,0.8097909584697,0.694076860080735,0.33214090299597,0.938935383314754,-0.0516161787121959,0.132714366277863,0.961687447344276,1.07711829161031,0.794130740478292,0.146890687681129,0.22843811164528,-0.229428000803672,0.606710875654233,1.47952728053973,-0.120210712260166,0.79923287047999,0.937523377937068,0.12604866771677,0.465927380239062,1.29605274729441
11600,2,-0.535117868700074,0.928098442109966,1.58981056214476,0.761087389588205,0.277915388938422,2.08153696654113,1.59141951679483,0.65451368481892,0.152727574839531,0.0365126921071144,0.255713332410107,1.04826119170782,-0.255560523199551,1.24618404034826,1.46382883179406,0.242752940624058,0.806856424852895,0.51325873750711,-0.394474196281336,0.711690412569381,0.527261352648309,0.0924466690948929,0.116300572231425,0.611421472521201,0.729072525752411,0.495397967818883,1.2167704501101,-0.177445611437819,-0.0980137710427994,0.0945105899016231,-0.241918487171935,0.295533249027303,0.139139180484648,1.04301608026621,0.134905194603432,0.328195019361476,0.624453428785795,1.08682050667164,0.845891135891164,0.640503091584158,0.576077899663207,0.00393602202589716,0.564319284508507,1.0666700659757,-0.626220210559016,0.897333996694757,0.170996008380072,0.243911561152626,-0.147361407331506,0.734516040117991
11700,2,0.198041007448731,0.879479115820578,0.541074398993423,0.879356575435862,1.07661165227888,2.07851705901015,1.05218063308051,-0.0793700035723583,0.70570322024607,0.538997316751651,0.0774974231020938,1.02654564980921,0.148577056675013,0.220001337727941,0.80352755726662,0.831233592177666,1.01991999255224,1.34530860650657,-0.343615425330853,0.602457691022136,0.635985998927376,1.16664916240164,0.496069916638647,0.873489723845964,-0.222236036883647,1.01992404301481,1.24587906581566,0.420509383268189,0.885577004383542,0.555496409194232,-0.0124912337104526,0.0461553553423732,0.87948197645325,0.779485600568528,0.889394327647146,0.465307002214598,-0.186594200789676,1.06347530900237,0.867764761638596,0.559779712916906,0.687310351684574,1.56699201766178,0.937851169776946,0.976069153740723,0.235566845444103,1.41370976135881,-0.357992893897424,0.0389689979309966,0.943093875126293,0.776062923686473
11800,2,0.590872531269629,0.43143705886259,-0.0405230426067344,0.407372334351255,1.10279138475864,0.10811683825875,0.597456478907006,-0.251261776148283,1.50191849624384,0.540920385878981,0.358966249918867,0.499967048757476,0.675156509463241,0.439394664283577,0.488472370100758,0.380477664712855,1.71921245407906,1.65680830631947,0.460849964177648,0.414271751129889,0.655192184225598,1.15302730461139,0.201144180978331,1.0785478083809,0.0288927272824515,-0.510191548031002,0.526336579893266,0.134816347460181,1.20391390064457,0.421274193632786,-0.00458521473036289,0.539312884993414,0.878995057169177,0.365242496009062,0.777586688440282,-0.0925351788812908,-0.121361773342359,0.214622968560687,0.348776042389955,0.112383066220644,0.166968016643503,0.699954611703364,1.42036953343001,0.864213746809805,0.188881840669377,0.534810358656381,0.158539968077327,-0.426170964733117,0.818331230085955,0.169502493293961
11900,2,1.09412769628573,0.420298750857206,-0.323156007944146,0.0789380955956361,0.623032886853431,0.390046030848687,0.239171966904115,0.463074689548467,1.73404382253955,0.492315885827231,1.17616564141433,0.138228418049298,0.267132055481045,0.450755468115912,-0.791434777066628,0.624016213984153,1.17300514068718,0.380319218076961,0.63940735833388,0.495868151855294,0.00829874970918509,0.743971894390062,0.22551671105428,-0.0615460457227591,-0.149372212536891,-0.617918703733211,0.280106302530884,0.399666835723011,0.0470825188050811,-0.0828625241371835,-0.0364325393680658,0.279770133444061,0.347401009454228,0.394078193301339,1.0298398069368,-0.112736953836315,-0.257473288794191,-0.334564792937455,0.547752389375038,-0.227237190873859,-0.0544121681530833,0.152687396178536,1.17164710567458,0.644054317628263,0.290276239495956,0.801351705758797,0.0759065978605946,0.0616497891845117,0.980913684875394,-0.211625612895693
12000,2,0.835827846049118,0.416387617363075,0.0480392497222509,0.0323071489569586,0.915880418408942,-0.0204026471264102,0.377107487685683,-0.0114033605372345,1.19018658744547,0.37217538395023,0.221683342292058,-0.0139419414654077,0.470460995409136,0.80808904544315,0.0186741090192901,-0.319310840631795,0.914129128229311,0.843954482188342,0.87123589445057,0.0717646958188688,0.760324746524241,0.822375643192219,0.337787835955111,-0.00170891987141297,0.352675651586549,0.154094466260057,0.89087559409576,0.753816378552452,-0.166578133336579,-0.897660237938438,0.319102612250195,-0.305972578116477,0.180585640454432,0.562782740842923,0.505851591710273,-0.0305253523276926,-0.612170455440742,-1.01956086695113,0.156175331780236,-0.681957882483375,-0.462888270139599,0.354549449271585,0.47388396250974,1.61415922451044,0.536104165371846,1.34668653883224,0.209101798707524,0.968055235634508,0.531101469597482,0.190705392455169
0,3,-0.254359023725213,-0.81288975939162,-0.890768962730331,-0.144673770647867,0.176173381562909,-0.316257601488609,-0.545642938887514,0.989874487665251,-0.27580585974124,0.846731739478044,-0.599836788410002,-0.668128153198722,-0.877132934596921,0.468242253143429,0.7388651640762,0.51467949188218,-0.390934104537487,0.0623320379057839,-0.61815194993428,0.11881359796163,-0.569883655530617,-0.441447486414815,-0.637457455277718,0.641567588299279,-0.611480196148701,0.193798374478765,0.38106642825551,-0.685701225208473,-0.638189823999552,-0.165830598130779,-1.04050829057827,0.449943014166857,-0.213949092286759,-0.379842038155684,-0.401350947768258,0.0634292433355272,0.732767305334536,1.0775420055309,-0.28080407706163,1.29850215085921,-1.05046571362238,0.175853194572425,0.206305185653227,0.138595161700245,-0.526122445205377,-0.730634556967984,0.453287702913701,-0.50952582673655,-0.71776422677476,0.0898780292748369
100,3,-0.167949214101557,-0.136240715674149,-0.852261200932246,-0.193056169183228,0.649461006843563,-0.473984875217642,0.183068184565679,-0.426429715298835,-0.0155433587668837,0.407277578155129,0.0777089188321287,0.0155433587668837,0.201207026057315,-0.21295675805709,0.407545953574824,0.377328980081971,0.426766490319609,0.415187944152646,0.0411830442233667,-0.151107316541439,0.594403880345741,-0.344234106039951,-0.543306938711256,0.480798883694849,0.230198209068464,-0.36835513700922,0.235403645825611,0.167152212289206,-0.455134206311211,0.0816798776014204,-0.197084514639658,0.0412000421236766,0.297183150940812,0.502104925253494,-0.0382413883932241,0.25465086901306,-0.120443198616063,0.202011478985251,0.289516972497555,0.908357849538819,-0.0687092887159681,-0.125060574275263,-0.247626086068484,-0.967837205826802,-0.643121888808251,-0.667885868841575,-0.17443662489717,-0.447435531484677,-0.159371862519247,1.01398102198893
200,3,0.483801802386091,0.168803961585244,-0.00786880608703845,-0.0453841916255154,0.403841730976881,0.476730594050825,-0.0140590238359602,-0.0908072690426962,0.161055151890412,0.446343912061718,-0.01267668553721,0.167472975649653,0.717993549271778,0.156541935095902,0.00620546796265849,0.452426522555989,0.835412153536603,0.489428454933229,0.165985991392968,0.00380781600223436,0.480011564262679,0.0405890640049976,-0.262524370990131,0.0576302166324584,0.807649489189588,0.231300696448389,0.488658429770152,0.179421379032178,-0.290893011997758,0.295667919748,0.429546714611367,0.54674061928776,0.450380240404911,0.612611943138304,-0.268021529908023,0.452925284135408,-0.191385980721432,0.125205079552842,0.0128244097927088,0.571733752150599,0.113041754347054,0.0541160610055928,0.336046910527061,0.0191486202164175,-0.755562267262779,0.107864668582996,0.208955388770086,-0.17285687525964,-0.0117202542415166,-0.394665489947283
300,3,0.601976049656515,-0.0623137414601652,0.0163440576068603,-0.255810923356261,0.110434424211087,-0.168975992925549,-0.309740704261651,0.388253608259704,-0.300648595880541,-0.0403211908540713,-0.190857928067094,-0.260490598849908,0.572604003257183,-0.00189258761771764,0.346611030870678,0.201669950823082,0.149061754378068,0.335414693985093,-0.109554952942122,-0.17645400037847,0.325252701751045,0.274833297031249,-0.49953566244321,0.0298936636191906,0.0777460571116865,0.429165426828618,-0.137076713306291,-0.208936089851766,-0.421605070445222,0.240928854060686,0.426467957874172,-0.289917261598086,0.127014533790572,0.345677910652702,-0.13092585037867,0.212750799968264,0.370881111617347,0.641497657467629,0.42557917204455,0.0344209785736805,-0.0905636507421451,0.310354373644645,0.119271510615241,0.237432798619843,-0.372967808314328,-0.055131737113895,-0.451201067567057,-0.0861445934483234,0.0327288562403181,-0.649121801789223
400,3,0.24856772454682,-0.314304652425406,-0.27070111470679,0.148392195740161,-0.334729226262045,-0.175922713169599,-0.209522481939298,0.536836708017398,0.0329610848464855,-0.439697041864184,-0.287569903547307,-0.429171370432902,0.459569370290123,0.311644336590862,-0.37012511444204,-0.113514673882899,-0.202216666860376,0.0101166513281496,0.560311453246172,-0.0765651671617976,0.0827256774155046,-0.214775959676701,-0.35675855700298,0.0647006101365436,0.268926261222428,0.0825465782626436,0.553391413887726,-0.266882692771398,-1.07084889768228,-0.0429058925913047,0.0868546712939147,-0.293532276403549,0.205535686135471,0.591850982753245,0.17795081603878,0.377888140466459,-0.287089185828639,-0.00264273493870193,0.977136944070911,0.44759920558166,0.444960548137899,0.11003396079914,0.142041542556751,-0.0723389861959898,-0.179087365432777,0.0905771593739012,-0.494500747817592,-0.200810531935789,0.179790432126218,0.0636477798755601
500,3,0.161694575298704,-0.231196847640025,-0.127458889931228,-0.3915251780977,-0.0628711282368355,-0.0222409784531301,-0.0280993736544388,0.00309190855528979,-0.750214992324871,-0.362371708790048,-0.699045747781586,0.100300901329953,-0.277202448307872,-0.547320001824042,-0.0526412324664815,0.417373327784358,-0.19632106007345,0.0807902458772387,0.105379023417664,-0.049529591927185,0.433390414961063,0.512737497196658,-0.147075163955902,-0.0532409335557757,-0.120651171795521,0.296495625931476,-0.113851031864844,0.107875026472782,-0.580050852645149,0.247392804006403,-0.581518135349241,0.57097927050709,0.282155289207414,0.265945114832924,-0.367990295081746,0.354742426002276,0.0519498658502427,0.191332731341154,0.37268617178899,-0.326504785596862,0.388446904320803,0.147664820587662,0.97329881984505,0.149336788720212,-0.384061170156422,0.218571919308548,-0.428210736301756,0.109159788295206,-0.142878583678907,-0.0360320489677182
600,3,0.356862878309258,0.011443639504939,0.323026095341903,-0.233601877626876,0.0948480299628397,0.805502013956661,0.0340897638150904,0.29174747183075,0.0489413487250178,-0.291448682545995,0.35015213297932,-0.197391832557589,-0.116482857719196,0.0727539702792804,-0.0252187032457785,-0.279775699561543,-0.61190550537069,-0.00914757042827301,0.235161844211401,-0.284951517401692,0.0500739375568517,0.478036378623013,-0.322171077523127,-0.0776708735050325,0.119354302940938,-0.417752646006998,-0.306542700934289,0.248691831643051,-0.450058716670988,0.445171282514684,0.0951105279075888,0.608995847363309,0.044641091115155,0.11602315877674,-0.277188939173424,0.0266731559173999,0.187772396410594,-0.560765347243744,0.128112695211139,0.0321731208253594,-0.348494238373512,0.0390182672285036,-0.318513747603115,0.301203614917925,-0.410184296158063,-0.231230350457392,0.149144716521015,-0.264398382718194,0.280947605329361,-0.201963683349641
700,3,0.522109067653809,0.168491862021399,0.203904587941042,0.0534768628886899,0.148837911330876,0.487240067484012,0.0703196546802744,0.388377877823989,0.347211449125371,-0.718475033734528,0.278264359098842,0.0115670137122977,0.106544669626715,-0.0195221416645009,0.476442239973463,0.0852776561161064,-0.431462601792249,0.262577373689055,0.328876516392396,-0.00929938254436251,-0.237593614906781,-0.073064661157434,0.295688015904098,0.166915899207585,-0.357990708222356,0.0940171085169274,-0.320083231809752,0.247556911721234,-0.0844253597222475,0.0263911070154724,0.33738780521348,-0.135266803618365,0.344870751002684,-0.00823147650432902,-0.0685275007231235,-0.297285707739357,0.389911566425068,-0.106392910654075,0.267425344663735,0.137407429242166,-0.0460942163430068,0.0388742479313215,0.288959062057232,0.388363069877167,-0.0682015419461765,-0.263093250324522,0.142914733487342,0.54243184567755,0.443869380056247,0.309868956592242
800,3,0.202009118197601,-0.0368746716390846,0.239990696027668,-0.24694968728737,-0.00605148527156019,0.379113559800311,-0.190021420594512,0.328179635696827,0.211838824871348,0.197733635572669,0.322215167615143,-0.00572677929551384,0.03923253589678,-0.317189930919964,-0.283866811600221,-0.041479536964537,-0.207248918806327,0.677562078378382,0.500666004399744,-0.0973437920679848,0.259455627801406,-0.281919223492133,0.447858567087728,-0.0971397680336683,0.519282497509233,-0.644767041636255,-0.255389731031174,0.640199015652222,0.46918547139749,0.170578756795421,0.184133426848023,-0.18827132028384,0.251197017033405,0.282787410652379,-0.0122552499167064,-0.0293824968653732,-0.0657911414601777,-0.05570922980079,-0.103988008429305,0.0836869843200052,0.246898566757773,0.262832963511839,0.560408480790367,-0.0829089711311438,0.301970201495138,0.200557446286133,0.0840637128636895,-0.200735724840781,0.203985917176811,0.150607992055438
900,3,-0.0704487836724134,0.17310003836567,0.54926151177866,0.379295898026104,-0.0701208562637487,-0.182848118994708,-0.028291377110568,0.181772158351031,-0.321733050766466,-0.228439820667995,0.308284040562929,0.0681038820397542,-0.0328979921021485,-0.17453518033315,0.259877647703702,0.297508127624593,-0.612125322951925,0.367591016251946,-0.0251640329258497,0.603188259955484,0.00517512207797047,0.434291136202976,0.0179214259669965,-0.0430950898915624,-0.169232835166695,-0.413800369762311,-0.163885209805259,0.546976260964069,0.0437459079716611,0.414779966114165,0.0762257516441474,0.401991279779709,-0.302072558126325,-0.158715961994091,0.02596601379116,-0.0864928895913371,0.249790030129542,-0.123079833676278,-0.213075220348886,-0.119197778952462,0.297000905489368,0.206058414833536,0.609892687282999,-0.114023759818685,-0.257344123129785,0.283754178552576,0.201513313237658,-0.00165915887182636,0.0489017263213506,0.440030510109948
1000,3,-0.0195069613890699,0.109329124988153,0.316706714457008,0.443236955548744,0.0131524526942955,-0.0748111283969445,0.749240070645745,0.351758904381333,-0.0716674384189264,-0.289022250547812,-0.0902420647173363,0.560504728066172,-0.294303495058506,0.442415514194932,0.325253236799378,-0.110185701973982,0.106662657963887,-0.219307932662215,0.127313978022781,0.374200752466789,-0.265009561581265,0.248050969870655,0.240427234218187,-0.254105179346174,0.00876739857841948,0.363317244756498,0.0424613680049687,0.370587880669245,0.148848154944559,0.022546235532384,-0.321896817449562,0.548177604515709,0.43546903973172,-0.0618970471462338,0.114563123134454,0.167719874665234,0.53192487964205,0.361144187082116,-0.0431741388989019,0.0974526794404221,-0.0764298853253301,0.344183036372482,-0.245212282736823,0.246715657703219,-0.49013037982819,0.160320134548225,-0.00876683341874647,0.211321459716499,-0.0236803098880875,0.206675416992483
1100,3,0.0739130769007052,0.588098095107733,0.655352838728798,0.0102813186777705,0.438293655954896,0.760447766031547,0.246231978685765,0.478480388874,0.765800382455216,0.0174033529582246,0.343653149344371,0.398283943163521,0.23102595994832,0.438807158992669,0.219597300829484,0.139045791000637,0.207429624963286,0.395219191530212,0.301973636375972,0.364423692326674,-0.0928670394252744,0.396062301809141,0.0444445288927091,-0.0625794087287299,-0.12237257790613,0.241088573277139,0.11018042077861,0.24840487313361,0.349741512467394,0.102412211408936,-0.177882068833745,0.030603978685135,0.0318200324699072,-0.156994417326843,0.129884247734615,-0.0987732960373539,0.373155664555986,-0.237159608102685,0.526789031573964,0.292352738280384,0.33770365481958,0.00716075535887797,0.203623160049398,0.453807805854358,0.278940984737631,0.0236629794411164,0.596514848210295,0.617382280998448,-0.248865482509847,0.170722144118407
1200,3,0.235484485339971,0.219796104016081,0.42769461654165,0.251125067251773,0.310476387047389,0.0518913725717683,0.180702745811608,0.818879213881559,0.132354587179278,0.377716966471132,0.628777982489199,0.312380605846838,0.0444210425208821,0.127710734303394,0.313296279854939,0.250294600956955,0.345342084903183,0.169346723019798,0.502912467591379,1.2079229196919,0.413678949427685,0.231175145655216,-0.509898117164267,-0.384299273605917,-0.0450037044804639,0.46084558972455,0.22233040402754,-0.0894882929227192,0.584749717295601,0.290552418208646,0.19802099689161,0.735051255985721,0.527077358922559,-0.0297256194606426,-0.244505208006074,0.0452952714758323,0.477580300686904,-0.214036088648521,0.186161223014573,0.625721310531505,0.00865012148100966,0.439552897399997,0.504087072056864,0.279261505273527,0.444163220539247,0.128492437985297,0.205715174044498,0.520103667932051,0.314367399219573,0.232999364713749
1300,3,0.306068063208631,0.535862558716261,0.6535967771101,-0.201999500833932,0.453341301911821,0.00137487099255888,-0.265740288433983,0.288346587806362,0.488586735456215,0.18538460259786,0.000882529985591227,0.517776220439807,0.685757092382494,0.457729974073098,0.460801817399961,0.407228546309722,-0.0514765249284373,0.840256351804966,0.364210513097762,0.255311789043916,0.485526827857935,0.255852921561232,0.101278064190267,0.738702894305703,0.565016521920243,0.54158678986574,0.837765467716861,-0.131043401283547,-0.106804942683103,0.60710840783067,0.222980303474815,0.866926765914156,0.763839802060709,0.470906296951054,0.146768846323776,1.03487865029432,0.131051633200899,0.441905007300921,0.474020909513791,0.92536058473943,0.291230173821421,0.345476330954704,0.425258179530028,0.624385982050277,0.413581735673029,0.191747569562313,0.771099898215092,0.252014892638325,-0.0146345964219162,-0.175754766560584
1400,3,0.582867396486198,0.357731097623978,0.298441118781064,0.347689330863177,-0.0178243901557132,-0.321592600484085,0.34748921371832,-0.228840570962031,0.46263882095849,-0.00614085345330177,-0.159537261344107,0.200539520815683,0.143020326672413,0.718226736080835,0.457940413102487,0.422690270389397,-0.234068056514941,0.436887320772347,0.00226640931134535,0.116619002817256,0.129308068056397,0.333152135968643,0.4005626105634,0.825379060057422,0.235120653417858,0.179131350916874,0.381553178379183,-0.0568407932963079,-0.139020256095347,0.31929445393358,0.256617280745611,0.3976577716405,0.107049904152649,0.422952705317875,0.0712352936100419,0.705278800062725,0.0816861991651722,0.301164320997959,0.314702529554837,0.200192689965942,0.288249598176561,0.18554508360639,-0.00504833577181388,-0.0757900057923535,0.627859188524367,0.157921341159605,0.622585203922515,0.562896924955868,0.337222329993595,-0.34000690640661
1500,3,0.0511144527081219,0.529258106149248,0.233242963676456,-0.0255253664407654,0.205809888933917,-0.274520063277215,0.217481252956975,0.268196856991544,0.263657470314229,0.337824404404504,0.188463394342978,0.348053549350662,0.189266913636801,0.50373635835371,0.540930733188752,0.346329181068318,-0.0884482697657212,0.840835356120428,0.176793985641486,0.139066689902473,0.288077831322692,0.142435335332237,0.254855033346804,0.295649072472483,0.154631688972421,0.198641144236068,0.400446233041969,0.0307307311048157,0.157406418246417,0.584287945493976,-0.0882363097819097,0.556940905932076,-0.128917379555657,0.317180773178965,0.0713165545146573,0.00151826860863384,0.508999251706089,-0.219729925737096,0.585490297513709,-0.270509545474955,0.487451699144292,0.489840438206448,0.0211096590832836,0.0321431211323983,0.27029706138489,0.542987508745815,0.366274262714553,0.547722639388561,0.256733332163765,0.182681333164298
1600,3,-0.295166512235681,0.459122215229457,0.197500960245909,0.342738507690708,-0.169807862349673,3.13519391023226e-05,-0.231170198964027,-0.0867864307853763,-0.366319976039451,0.182060528169268,0.184374648603635,-0.137487736233888,0.228029817389176,0.161223075749988,0.280074737124427,-0.359062307296258,-0.0252117554475503,0.394872903019604,0.538159767083298,0.145683119114861,0.108321426522439,-0.142037926999258,0.0311946292154604,0.552093010801745,0.461067808490885,0.0803143191193872,-0.102377401880167,-0.143986780947597,0.0827604192489744,0.234689334234958,-0.209700214910174,0.152337571160857,-0.266868260465211,0.0137367014214853,0.270115904867704,-0.0638332501237316,0.208958175677488,-0.0942123829665253,0.372564803085117,0.406810275442598,0.200194096397493,0.651824656509662,-0.0880577847895899,0.102370439005035,0.359114464651082,-0.107489685695641,0.220654367775083,0.489287597532354,-0.0407193881690372,-0.156752556086308
1700,3,0.0518399678653416,0.220446041727573,-0.418939808195465,0.428653705814506,0.147183665345249,0.0224084535433141,0.0617135827529771,0.445817273862747,0.280286108376212,0.469779293374547,0.490210574555975,-0.273636753063271,-0.0712925906327462,0.206331030879939,-0.29794877323721,-0.209483410411556,-0.00545299416150845,0.446878130631649,0.346735492777014,0.655346268028419,0.0399918990031933,-0.050525485265686,0.380775020213796,0.123001186778899,0.48541619963458,0.636273946374839,0.241778494616065,0.00520956383515526,0.459620858493508,0.12558147338755,0.422204350450674,0.264042837813423,0.0785906615818345,0.00727266876971744,0.1037627451047,-0.0188306106678668,-0.304544044971264,0.408023394389448,-0.176212929370087,0.295946632192325,0.10871281550123,0.318917085944091,0.203541643400359,-0.195829930836668,0.149999480294619,0.224811319314175,0.163256046064901,0.151578223460464,0.0625649368033397,0.00503469004765562
1800,3,0.0976020204323082,0.0024128485998207,-0.00568500067197782,0.420063420917087,0.39327032895106,0.629474705485216,0.269151819596589,-0.0542982104571877,0.257376490122098,0.0587086908624366,0.509001999115349,-0.443351754452938,0.103941425999539,0.181934049577647,-0.152739620996763,-0.0887602775782903,-0.275110955696603,0.108009376216522,0.101500267578455,0.58638577486121,-0.0436745160517302,0.112452202554418,0.480225290709944,-0.268970808978663,0.508347893127885,0.12252012505062,-0.0836258012967391,0.0932955416379956,0.720613684870683,-0.0654069547198786,0.689113756454843,0.309833918754463,0.509293147897536,0.227348139459465,0.228078540865938,-0.0577200299147523,-0.128508261718929,0.000566969001322193,-0.0898540246891,0.409596577899392,0.149042718272426,0.324889287842339,0.494859424449653,-0.0816461656863288,0.172501473542037,0.460031599212642,-0.223800922574087,-0.260937101448577,-0.160107891585515,0.0165184396604593
1900,3,-0.0464083187003801,-0.236220097788246,0.379941517026515,0.266300588829147,-0.0668832381716895,0.0133709774471457,0.981505500277825,-0.039257381331873,-0.0251878960029248,-0.0956998064087318,0.099220268410137,-0.373082687433164,-0.453715410496559,-0.170619290055785,-0.247932799127764,0.265293507920721,-0.143643301839557,0.0648828789545522,0.216162982118161,0.427507475733135,0.117995520932947,-0.357512044724082,0.33543504011559,-0.341031388096776,0.31824291113072,0.159838622815614,-0.12651075117666,0.426013823707283,0.234659357015464,-0.315399673612965,-0.337747238941125,0.24190581093701,0.116008248316266,0.0660601349492315,0.180294190554305,0.0901511187611748,-0.256525493193529,-0.0135938249896853,0.0305733115277038,-0.553402774992543,0.159924474533414,0.258669553313528,0.58333259286927,0.0733616628536106,0.379391206353749,0.402343062186872,-0.0557840614854299,-0.17895821842194,0.0927931204733036,0.5014090850886
2000,3,0.336618503549229,-0.181733450842805,0.292752066508942,0.308988527711985,0.0621955988562481,0.0839773059823128,0.738053952697571,-0.0730289806557683,-0.281516230659815,0.300055249518688,0.290178285694143,-0.35601512627695,-0.339869295883184,-0.276624051793325,-0.153764017391267,-0.0777372987809528,-0.278231041901305,-0.272345656359922,0.0609848649409188,0.146801318962093,0.0464730904375497,-0.445065034410571,0.103046402142558,-0.371120959108873,0.0507804629849619,-0.204882744067247,-0.237702626050126,0.413765171704531,0.186275014363293,-0.517403791852943,-0.258822239495034,-0.0581722081604473,0.349719308283507,0.0906054989107257,0.0908839055367713,0.137097299626696,-0.0602523341123123,0.131372784648109,0.711377196710107,-0.235331000894375,-0.120089677570752,-0.0597635457938687,-0.0629536039760789,0.246862526412897,0.303336204953795,0.251739486270757,-0.0716815618091615,0.0965902339500216,0.279111432519327,0.380703117956617
2100,3,0.56029737344867,-0.201050896675813,0.381937919791075,0.103160439541997,-0.0739084634787472,0.344879468009237,0.464866900514539,-0.227834243683948,-0.0122223150456318,-0.193415386533521,0.383789713670804,0.0719671349567104,0.0342801059247498,-0.0633605676350286,-0.19822960888948,-0.0991032477749906,0.384288680496948,0.158439305280584,-0.0790836204998757,-0.0807057159414846,0.434467932619343,0.251550878749735,0.171595086580004,-0.131825484885521,0.076207949010228,0.319130356429678,-0.315263784716584,0.508454109231292,0.355827055907009,-0.34081926100651,0.489035139290175,-0.0360344669687535,0.00533659912479081,-0.279973882052155,0.0622436068037,0.242004400057736,0.164550839256367,-0.0567974941210363,0.528392158483688,0.608997984332937,-0.151948345799815,0.28041971395294,-0.222796491671621,-0.0681588354597492,0.223534075728086,-0.126457637204541,0.100508371673823,0.142689181298557,0.319846934776333,0.0458114693397534
2200,3,0.353245632092586,0.0396123040064676,0.0793124905423685,0.0541569868692318,-0.0156328977727814,-0.0847245801829562,0.675209326881883,0.150248649835594,0.428799524364342,-0.166420370433963,-0.110657680780649,-0.265760143120503,-0.0178828432928798,-0.307780691881081,0.13715666039368,0.0823243011693718,0.356302566220426,0.115913344491749,-0.217919522624816,-0.225595956101584,0.229862904706062,0.284660099371048,-0.0193547730957814,-0.197347466538579,0.00532156106669791,0.236913599220077,-0.331449429238933,0.466052362641213,0.0211170390628167,0.26559710836111,0.4251529062996,0.175337089483801,0.216309707571131,-0.541941109103705,-0.258461751386156,0.0530351055041162,0.345626775989186,0.0893643727594467,0.112614630644017,0.443786556643535,-0.470163770320447,0.0898077171548442,0.122547186035309,-0.11971399792755,0.369946912945392,0.08369493610802,0.273380051990615,0.305065415331491,-0.00301008583117655,0.208945144946589
2300,3,0.0417183304494029,0.294468707076694,0.501414874451312,0.181938715802083,-0.366324605833782,-0.0405474479478249,0.513352776293632,0.46780109495164,0.861720896645278,-0.0179650401517002,0.0802826913555201,-0.146622211925527,0.421903873783578,-0.318560153152941,0.296985177805372,0.156698272383019,0.744690224745018,0.153165990244615,0.307895244182434,-0.42361888309841,0.0553168198069775,0.527741399519906,-0.143598403421131,0.15576947619247,0.353448122847669,-0.00117220007340572,0.128998641924518,0.104838552292756,0.283102528960621,0.594045885475223,0.464095257011463,0.521215879491312,0.101668679744181,-0.505416729396846,-0.244254760253194,0.395320522965395,0.684944888476284,0.1894401010985,0.393914901378476,0.0979639778090735,0.0772308121440397,0.0236167144999037,0.282472076398018,-0.117680985275796,0.44539898086806,-0.100245433723723,0.638777771148446,0.538218257006783,-0.0408505090918419,0.048423859863771
2400,3,0.0631618292110202,-0.251012993588106,0.645368699238977,0.227689188288332,-0.04775822865118,0.259372478295794,0.391912265453235,0.462645054814271,0.191931253109935,0.150920245162022,0.196740498547392,-0.0398089537375351,-0.347652326799842,0.034785119336221,0.443882165770124,-0.0998367939561568,0.368931335857309,0.0180790558644711,-0.076324870978007,-0.0382685853973677,0.0179133168237619,0.495296100676647,-0.059792586136033,0.586466804933366,0.220331718307384,-0.213970690385165,-0.00862430633187208,0.467387353445617,0.280870227426187,0.113235556563117,0.666535918197586,0.504577258436009,-0.100706432759942,-0.345375441215306,-0.283254985282194,0.500666479537815,0.987934111216625,0.408095015983196,-0.334312928342553,0.09502310383992,0.32819958920347,0.19184147292943,0.200683541925822,-0.0243092478993641,0.126154470512575,-0.138604646391807,0.285968702594724,0.341680815219599,-0.116526852622927,-0.0360159885372213
2500,3,0.0243393331522167,-0.490397659978151,0.353850554148034,-0.0464624494821873,0.164125920440608,-0.0375861610366316,-0.114604683735501,0.469464906647398,0.162959715541148,0.589094303979326,0.337722645563349,0.11179374620847,-0.295049671826445,0.0690110187236032,0.183384716286222,-0.267277524578294,0.558279736855454,-0.0300338619773978,0.150580537953078,-0.56318426403749,-0.182310241004014,0.69129617048782,0.312468020083483,0.454058323736145,0.589261490750966,-0.513141819188233,0.197695736312106,0.508378022113652,-0.133712926156207,0.226332013609419,0.664941596199158,0.438220333015183,0.141063900373036,-0.0708950139862471,0.51884145058587,0.312503612974755,0.341989515099289,0.373114659102657,-0.330932073438864,0.366401002080016,0.531942587904564,0.111357234262781,0.209891946733356,0.0159976308941977,0.118407547468238,0.25443509061161,0.00924499039862085,0.00368687660097894,0.0541659279527174,0.199570708394303
2600,3,0.0378692606037282,-0.212995321618722,0.368304047985926,0.0136469226340757,-0.231082413467221,-0.109153916803229,-0.248721291767216,0.32093910825336,-0.356701578406426,0.33670273086765,0.391422889534447,0.709877643130614,0.0227357969894001,-0.187270107242393,-0.227856907682192,0.0065111209385663,0.71769190966627,-0.152092539301559,0.374134480404593,0.0878024423996793,0.0133052771608893,0.739656809307625,0.335624451618721,-0.063386015386788,0.632938030745634,-0.420705019037741,-0.17817476799343,0.0487355154803874,-0.217407246501945,-0.102242264047068,0.0841976198702456,0.128142384857672,-0.205974845662213,-0.184052003271345,0.037133132686787,1.1171378187957,0.203382093790958,0.754675733802978,-0.519625715106507,0.0355796828285274,0.158388062060827,-0.190853993140775,0.590183123532736,0.292330889122338,0.70320634041961,0.0346298897435217,-0.413239931469692,0.599324127415457,0.492184666063277,0.261782127086631
2700,3,0.22290218350143,0.025976552697273,0.302193219878446,0.278344603517064,-0.311001667354139,-0.305540387877141,-0.552331147799351,0.289908017733953,-0.185435763031744,-0.0537640513583606,-0.142331633482251,0.465420562587959,-0.0420726097228688,-0.532353430061166,0.184869060208057,0.28368859835089,0.10390245961146,0.0437163390460771,0.0302404798514583,-0.0500701207169977,0.409725035111998,0.328315078310051,0.218925206289567,-0.264902769684861,0.23237599052354,-0.174078901050732,-0.263134947186053,0.0487112534758253,-0.197937260454189,0.21027070464978,-0.0812450348034233,0.011152257363445,0.0521202088834334,0.231322224532064,-0.0799115342051717,0.453090699251506,0.63873006245163,0.162291986437931,-0.145275668541181,-0.308727428126233,0.32089353726544,0.0872091247160493,0.312310945692386,0.0584524150173947,-0.110276471530722,-0.188303574686272,-0.140781588475778,0.53648317524514,0.52436355535516,0.206313918869462
2800,3,0.0161243004797187,0.103217372339774,0.258945902324012,0.113067934275544,0.39646246903739,0.00914989436012285,-0.154013066352088,0.216762205181759,-0.2832718265971,-0.232129943748436,-0.173819961865274,0.546188614881361,0.00124325895253689,-0.31471435816226,0.174113257311229,-0.190610471793592,0.0420264099958241,0.093097473053484,-0.126643564448317,0.0420476159036504,0.00593319556516525,0.406778959899283,-0.0234957256837673,-0.471948800162615,-0.17812113236867,-0.366918825224468,0.072572750881436,-0.0782845761074652,-0.0534395902967763,-0.406488148394229,0.197542919838911,-0.0400843572697031,0.0116490054030017,0.339664039032061,-0.0737737006939416,0.226498708560817,0.676440271907995,-0.41659425905179,-0.269380459241543,0.117967763318143,0.125172438540253,-0.164253023981437,0.605121487193309,0.132680481073385,0.00099910430775367,-0.36377248845497,0.172490941230744,0.506701803807564,0.300107739750294,0.301116795218189
2900,3,-0.132545043346287,-0.016728905456548,0.240986414424617,0.521334332026915,0.436609734447406,0.246414449323822,0.238171962629388,0.0249861938529317,0.197154337334398,0.0356989130488019,-0.203217439611139,0.0132575220450999,0.0590136161971786,-0.0430896498030093,-0.0175910912986545,0.0427603988764393,-0.101926504466792,-0.154477702493848,-0.15442593049933,0.201114365821968,0.146583799095129,0.857987372713578,-0.227234176390977,-0.505707711593117,0.48128826978832,0.113434931136478,-0.356243551171248,-0.235933838358591,0.0796614268699713,-0.309303124586682,0.289421249153797,0.120941446118021,0.0454353136995201,0.196204660238257,0.24015400989212,0.409770661625555,0.53331346463399,-0.551082595352511,0.0421032795661201,-0.0852600656826378,0.158482375885897,-0.0696525878951226,0.319477966092205,0.166096909048932,0.0719920853757266,-0.051554364372482,0.508536972774683,-0.00775489223473366,0.536750289431125,0.31619417903105
3000,3,0.272883236828048,-0.0504424620207801,0.476419559488893,0.236370308004414,0.198361301129549,0.0603475842418699,0.0627935778812036,0.386485819810245,0.585060996408282,0.00984108032641641,0.170500568785841,0.580098051467139,0.25965603526257,-0.0950655801072255,0.295399721739829,0.119226659347025,0.0161139256785589,-0.3808443383758,0.0445663668436024,-0.0804146442263693,0.190036944708317,0.0130333750920361,0.23889688262851,-0.0332764451099117,0.343180864189613,0.153694597451623,-0.129248622344056,-0.366442618690313,0.290791778045881,-0.182836440475264,0.13686055322968,0.257206980326341,0.142618778592843,0.0314422519337469,0.832294778124192,0.50884740041959,0.447608667407619,-0.247658735278428,0.186763463254487,0.281556987898404,0.644036505563188,0.0493439102738465,0.0149781307023138,0.100716652478536,0.0701329559211028,0.298964245638833,-0.269680346123041,0.286222230188758,0.742316073584187,0.630467493349379
3100,3,0.401895407385489,0.418451862297422,-0.125911141771891,-0.107766206019544,-0.130811306562824,-0.228367623444233,-0.0642241104885844,0.179458955698083,-0.0119827793168875,0.0125286298141681,0.319536819851451,0.0110212307822322,-0.0425157714291498,0.152858768700457,0.14241557777329,0.562330987291674,-0.110205778153757,-0.298976362897864,0.545087598426168,0.192780457148088,-0.208475013396655,0.30553169472737,0.344120736024072,-0.0536565786815077,-0.0716163524687911,0.246235929587645,0.327895703464252,-0.229083153225084,-0.0390232374300228,-0.502778254868244,0.304712310063367,-0.230079424327802,0.24178302427194,-0.345645365417281,0.0536265371101987,0.315020911902172,0.615868966484197,-0.398230769909295,0.246681992470195,0.0868189145942704,0.806750153883749,-0.115562450522928,-0.00919489206737441,-0.12103521073527,0.110237259607223,0.20194188260049,0.190622081822411,0.0290534336719309,0.164109033429094,0.486481964982982
3200,3,-0.298636218998279,-0.205573863696396,0.130192274671285,-0.239249592894761,-0.154882411011642,-0.0297139172435569,0.227654777924632,-0.239347178016692,0.0100646240510225,0.0213686380598049,0.279915350785724,0.230674834269266,0.0538724827425108,-0.197512353437178,0.10874759663806,0.252297710007581,0.100716828949463,0.0465081827608211,0.401865979063285,0.192488509082269,0.0152985812358035,-0.0530126132756467,0.216518187343002,0.106210738717161,-0.259732677181923,-0.0213663417794247,0.571353855913959,-0.0662938567570611,0.183839780025551,0.0601717972772894,-0.220176434310407,0.0116550743022978,0.458982872629393,-0.0547179816161356,-0.169401888703015,-0.022178913809932,0.257611456806063,-0.137825188456058,0.148463923672653,-0.0113438772835884,0.675026680265261,0.155984821965689,0.0962070564100865,0.0380998243855064,-0.145736027905273,-0.1317034487434,0.255370381957001,0.247048926383078,0.759096806916458,0.129778383164674
3300,3,-0.310820524622985,0.0289575505370683,0.107051969054667,-0.0416821544973473,0.0580863811419476,-0.115873138177504,-0.0637387472020299,-0.058083330450513,0.438976089840071,-0.12474081470172,-0.0300771701691419,-0.190860952337923,-0.257008357039012,0.538778683032059,0.432456768986884,0.239217933695388,0.557947164603279,0.171468884403648,-0.462918017645387,0.326447098663618,0.0884238471058251,0.543775901157677,0.154281136957511,0.201700485262351,-0.545001019470609,0.292950720283782,0.356673231767333,-0.190269755188003,0.279227487589832,0.596438605510723,0.10335328458291,0.226047716092041,0.0442293326144463,-0.000933420052499884,-0.153761933730919,0.0888076676412641,0.611162209097749,-0.0404357320414124,-0.114836379929297,0.13572962353875,0.0113170682141849,0.0594008372509311,0.0777259041631431,-0.0627505098885637,-0.278536187602456,0.0185367154798352,0.184371790618702,0.535067874693231,-0.0529798924854873,0.120318660054582
3400,3,-0.161384630390813,-0.0942691010826231,0.22384926435413,0.36460154251254,0.649934699586221,-0.0224534046955364,0.264374466529512,-0.24200990708241,1.1138043841856,-0.176025457522497,0.319465536517669,-0.128590592663468,0.0468974393430145,0.436064350260993,0.373180641046344,0.633176066567145,0.191337566093392,0.0975919273419025,-0.417935106781635,0.160853098977269,0.0131735526500379,-0.16686716504267,0.432082387450454,0.695844518862103,-0.0112265198673661,0.328575081920852,-0.0301101366166967,0.176248567421766,0.255410545868622,0.248004216837999,0.585473010292688,0.157720739853418,0.357221982892353,0.229953174659801,-0.0300876189979828,-0.0359689557437704,0.463673140510007,-0.031336957958478,0.156868516578768,0.121420520695418,-0.0369046014498181,0.0574957596211887,0.0625499365562855,0.25691108789247,0.140529904916531,0.451451773998805,0.170124393127603,0.205762370264091,-0.290695683260584,-0.211360201701676
3500,3,0.00929036229275192,0.154607191041741,0.122046733652731,0.174321265089968,0.0500516368358627,-0.148608264466497,-0.00766125433006611,-0.0820987690813945,0.229446716825188,0.0926171946332067,0.127884191226795,-0.082302672703292,-0.385297597527097,0.41232827150503,0.250868666096787,0.330494002016416,-0.0133964238612562,0.466764187398615,-0.222993574963662,0.249224591811028,-0.348279115863485,0.0372856133619942,0.635037896959607,0.623437776574265,0.30045715449108,0.332876220843133,0.12288162259939,0.42090997644885,-0.206887733265207,-0.428373371272387,0.858239327368225,-0.2401580177554,-0.242191516355113,-0.201242369533321,0.42909837968893,0.345055332922902,0.104232542812496,0.256750352999072,0.507430526682208,0.129170916506551,-0.117090421717989,0.186143310162116,-0.117445501319358,0.183700871516712,-0.276905534644098,0.442865158667608,0.432655235732556,0.453703720215713,-0.422792785544614,0.141219341310505
3600,3,0.325003691921801,-0.297956451075209,0.840201413311552,0.276329533878206,0.197603085615748,-0.497871127002817,0.395822036323492,-0.148615504745361,0.253352605998416,-0.0904085276542032,0.228264847166155,0.21255533478967,0.544926828879714,0.0538652543721076,0.125216682782596,-0.0881790616673646,0.236360421859165,0.293890662449329,0.0551547883163955,-0.207713846897168,-0.325910871179626,0.252703418710655,0.148098229434944,0.493229718966162,0.381398597116468,0.222451808805225,-0.105724224107434,0.265808140381713,0.357776256820845,-0.337055942499953,0.524744690614114,-0.120945182568831,0.181895773766499,0.464807616418542,0.336858194463068,0.210464474996054,0.122703586071092,-0.0648314587803281,0.234560219730655,0.0605065097939938,0.035730947019723,0.24825772053936,-0.265166198892418,0.163842198566041,-0.0332120476347429,0.200629887992953,0.422297772469904,0.435529865047378,-0.298016494977765,-0.141017483386099
3700,3,0.0469422999995865,-0.102202321440932,0.481154926461936,0.0649638108353986,0.111457854522204,-0.417872637264652,0.0963654091924291,0.648816849476667,-0.209104900871017,0.20948955993286,0.231193388823199,0.328626465020644,0.610585193206946,0.0446651072666004,0.0898668002253877,-0.135666460114053,0.177874842375613,0.151788107193995,0.156854690604843,-0.0330682807005076,-0.3376577323977,0.709329426220198,0.0303788448298116,-0.27907815695039,0.793241135508771,0.0256101109768467,-0.111172265324941,0.0659450166009885,-0.0963687074784291,-0.0269111847311976,0.0839517329386337,0.154958052362379,0.0462755447442007,0.514941875385787,0.606483535324969,-0.317493492476003,0.253968820934913,-0.341909508530356,0.0235428343489584,-0.266666352846156,-0.375829522524671,-0.0569158422433252,-0.00534437379174348,0.0807248622715765,0.220504568653132,0.00826655791528833,0.286786106233879,0.240800290836849,-0.142580450262615,-0.103781350714941
3800,3,-0.308343269688612,-0.0358025698829565,0.094435281513947,-0.121694942119633,0.273240886710687,0.259554873102436,0.289244281440867,0.383182788537149,0.142718160413274,0.617561282175253,0.286771243406525,0.680487310490147,0.402975267904355,0.172771842869178,0.146959632032302,0.0521066136925881,0.574444988077777,-0.250939500839448,-0.0393011256629435,0.225423889866734,0.23582524264375,0.37344349441295,0.0120370830445582,-0.0330930168460744,4.61634361220431e-05,-0.0243613983233937,0.206325501373925,0.368461102730982,0.105252456576234,-0.0368988526007625,0.265043674928108,0.425447913292505,0.323205606251798,0.22617695401177,0.404152430930201,-0.0835690292935315,0.120201168599141,-0.152565457005521,0.0968865591510219,0.496106022271896,-0.192577112758417,0.64039360240754,-0.128179612924887,0.572443559974711,0.6620258510674,0.203001900363617,0.00377499551805731,0.0510176702184981,0.108873530105873,0.36834876060902
3900,3,-0.0535197437297574,0.544677179252497,0.433437378919072,-0.201449266408271,0.173021193739571,0.216963105213153,0.127153046960886,0.203162689281997,-0.0068679232389797,0.481794232936629,0.586924699128901,-0.18628414375218,-0.0477113900604081,-0.230379641213446,0.515385619547552,0.334029596864701,0.293445124544291,-0.376236943140986,0.411160868769895,0.206011561270515,0.272921581508915,0.341349661912163,0.235430684368809,0.618185628281075,0.220490155497362,0.118279219328732,0.461600512451337,0.389321791485256,0.340823974992984,-0.0313409342150229,0.125727515210289,0.652337313074874,-0.188642224264555,-0.0229880907217681,0.257444636025862,0.658776662893447,-0.375470572765576,0.663282364892372,0.173221574426489,0.710158645013533,0.288125834248756,0.387328484055967,-0.0679303901521629,0.439075788376331,0.174156252966432,0.30525161126835,-0.0288075487721488,0.0566942875315651,0.307321910568685,0.53262761535041
4000,3,-0.0678453715424904,0.308665720287365,0.0712926237897428,-0.218595361062917,0.381961158254065,0.230617953034562,0.430528324733955,0.0610253321675255,0.285244326739112,0.751263765851234,0.333271391945951,-0.370266363599007,0.329351267127545,0.22293450082216,0.237558697555736,0.192517343338998,0.159008998794422,-0.141634126107781,0.322892345987632,0.137005069590656,0.509976594419716,0.123905865641187,0.551258262826332,0.272582390801945,-0.351734835221818,0.0764878034991113,0.465949171430031,0.737645452257281,0.43631439283826,0.0837254952992659,0.0459003364621956,0.512725490794042,0.343635381564437,0.168498951287274,0.239255093836713,0.416739822365739,0.357760243102315,0.36200468839409,-0.00788836687423719,0.52973686142381,-0.015066631238154,0.188056862999701,0.0076390285327499,0.808528212003063,0.597151607462942,0.0166980347010266,0.303164668258971,-0.123300695662406,0.23404129187213,0.256601953514507
4100,3,0.165596907084718,0.310805620887565,0.289974419917292,-0.368961696951148,0.45403612665127,0.0851026914273695,0.209214392193407,0.488201607822885,-0.0737667551737834,0.424681304460658,0.605799693692934,-0.153294712528412,0.2266507534656,0.0616256154976441,-0.0106322545184633,0.16518978780891,-0.352511044667447,0.0278360916729203,0.102775468148308,0.963669060459097,0.148169934789017,0.389690680200229,0.46626069152227,-0.134213015734813,-0.143264833474097,0.342977355015117,0.102513191038734,-0.0139386240989065,-0.0264462464236764,0.23391438803667,-0.512676866484852,0.42522380982139,0.619093776523836,-0.180935924002169,0.22980494952179,0.310024363554564,0.320052733303546,0.319067600671088,0.384113692933667,0.423853165515893,-0.393044109455372,0.0657494417812033,0.523848767992472,0.410258736367023,0.42260319720493,0.193606901102919,0.450811683101031,-0.130625418123371,0.290319570516626,0.690411706303771
4200,3,0.38395168405015,0.34477379862595,0.153409143903189,0.264322714965323,0.207603215577746,-0.364223670447165,-0.118816898853385,0.577550418978332,0.0505505487413541,0.320480323686341,0.287330175399392,-0.481206103080287,-0.0607551696304422,0.41669900242551,-0.189988849613372,0.463297241511815,-0.23993468325624,-0.0719698083239942,0.271769437031058,0.184833916768382,-0.0430158070130549,-0.110203664564303,0.00221253045520765,0.281235620142784,0.265147163660204,0.431917356153984,0.181414401478853,-0.208693013515459,0.0389049855452773,0.985059687745456,0.436420431014227,0.284665040982458,0.208919097528839,-0.115478571580495,0.0324085226395188,0.415813495474847,-0.265500059262873,0.297509969043692,0.129548441309241,0.448433964999249,-0.103631889454102,-0.327440595925589,0.0209080516434851,0.0738639133659734,0.486755781514644,0.0568306406166881,0.368704644537593,0.0373508706019374,0.437513826575067,0.428239991853435
4300,3,-0.0685245401832493,0.306286363820735,0.300568883921378,-0.11677560277276,-0.170561100228204,0.00737824134375248,0.105612485026,0.290453901748098,-0.0674363110812825,0.0187777631208999,0.213365144734051,-0.10707489849743,-0.00691645039953336,0.68721280827462,-0.0244541469891255,0.440222833569984,-0.28408073432574,-0.146891653859374,-0.128113761152813,0.207132892429683,0.031819308420526,-0.153087112188642,0.266828436988183,0.34308732659644,0.296416160670392,0.31256361381601,0.428330548832316,0.0993204147306505,0.306370148088825,0.63216180099155,0.170945666789256,0.208195738695645,-0.122882524554964,0.184194158944952,0.256786124599721,0.449680831948353,0.331074278934204,0.392374386071148,-0.24655090679417,0.874331091431144,0.0254014949323438,-0.0788902508369158,-0.0614117409378273,-0.0146591208884759,0.517055982547453,-0.0194919160648873,0.190682518964849,0.0451344756524012,-0.0783017778629048,0.0397092682727883
4400,3,-0.0407558404221924,-0.258462740542637,0.13083569654553,0.653860153859763,0.128853491011788,0.538609813438297,-0.147510801290984,-0.106170256062608,0.121057088882826,0.682992630346959,-0.183742279318812,0.2776557260272,0.0480185908715842,0.550771236943555,-0.403114667231622,0.151392826574221,-0.256349864186611,0.227845056291325,0.0449169038875895,0.371443325489219,-0.0934495069530514,0.050934860898369,-0.0157386279530519,0.907720303388662,0.282251589454965,-0.204310625504413,0.282710927879351,0.0569450484820408,-0.0860630370935262,0.535101426168819,0.08201499202557,0.025070212501312,0.14784822261472,0.431467034873763,-0.178117078205535,-0.21364782751002,-0.353519273492782,0.613325600908171,-0.433265073531911,0.737045486485532,0.117187952726525,-0.390223675817811,0.188178002848149,0.0210485577609916,-0.111854982468006,-0.0395955123702973,0.601943953320421,0.295913408197947,-0.106682527995595,0.119932312993235
4500,3,0.0814700876632247,0.15765757709984,0.236349231385497,0.36373919170224,0.0734933475984043,0.155354907944286,0.328114686483157,-0.0196537165041849,0.1170032745894,0.532664248966951,-0.219869451093146,-0.0440083759631923,0.421516508831335,-0.384435665183717,-0.0153426931390369,0.234485278016123,0.376467100307877,0.194977309665969,-0.154375237160697,0.328098782902379,0.141297482138088,0.304475974578896,0.491331557161294,0.459645648542069,-0.184339151436495,0.567731115776353,-0.0627304518616837,-0.125284565245212,-0.100432401445513,0.372302575434767,0.528956636549264,-0.378396050533018,-0.135105240054397,0.360869777095628,-0.0228498866788369,-0.292837031071195,0.437771732389713,0.319154271088022,-0.222320932179467,0.985006853440841,0.0210822034624253,-0.0617770418566303,-0.0500528393662085,0.15999293172383,0.373944017871582,-0.147905533701275,-0.145732118342005,-0.248476959685746,0.108285520782775,-0.0528699053195155
4600,3,0.167267535272838,0.00172591209477628,0.444167708078596,0.605429898834261,-0.0633032995007896,0.0657437295407837,-0.379854445328566,-0.16751363648769,0.171819047347259,-0.0244535298669873,-0.175696570386535,0.0250870370157819,0.658901431886343,-0.351739813457511,0.050052521698495,-0.0345573103892467,0.814688491687834,0.0782434601528388,0.278820566426774,0.809913250491141,0.249858624142151,0.309950027675047,0.577594435703405,0.186623529997781,-0.299779693541116,0.633080278032017,-0.176232785617975,-0.164322316069455,-0.0208544555632188,0.352182728049715,0.588196727200699,-0.0323496997587603,-0.110694382322621,0.212742055913333,0.138749656719903,-0.183714672130434,0.607249272068348,0.454596987115895,-0.33840034234136,0.334860626343324,0.208810016075211,0.140851228698409,0.154823774166493,0.433953962528139,0.725123905674652,-0.0851225721887035,-0.0164194089718846,-0.0174129220591303,0.277591458446273,0.0285698001218746
4700,3,0.11848026605022,0.199704889528428,0.0476967000662805,0.407498191788047,0.059001917297029,0.239270206361672,0.143210790970994,0.209232976480493,0.231612703135578,0.719362849009273,-0.137489050996433,0.0380930243999887,0.734679492134438,-0.276978249933853,0.0970186933827226,0.711102046552193,0.733016552596287,0.649319165746356,0.0155766572402609,0.0371089211599589,-0.167367988334524,0.0326760270775041,0.439114697836737,-0.151509955477574,-0.0514134696204281,0.0181062620510627,-0.142990907553018,-0.0620097256639025,0.569939777168067,0.0428954537301708,0.00180861731880615,0.315546906832429,0.0926688591078281,0.397638574224844,-0.12303284294446,-0.0176881020041226,-0.164067227421368,0.214534938697147,-0.0981658267594839,0.125852603991355,0.00026600490071288,0.251812104654418,0.0990773763481506,0.414052467901415,0.440327792523885,0.144708534611271,0.869021856278164,0.492269300157998,0.0894255710963503,-0.101872707032418
4800,3,-0.332862375664938,0.278691660977695,-0.0473950657784748,0.501648611694486,0.515269958694104,0.402117146914283,0.159729397912154,0.316056406047741,-0.58644601047473,0.32618021960517,0.141448452292098,0.293241281408328,0.284286642716718,-0.34333813150191,0.41481223319437,0.232471068043478,0.653407371388786,0.300781227764298,-0.111529405455971,-0.134910846842365,0.147477011759054,-0.411986767897508,0.680979453574482,-0.20040283229356,-0.322368828299056,0.00181993729744755,0.207365170630345,-0.00659450356081748,0.463450706838395,0.0377692338661286,0.200400581172999,-0.141507627529625,0.293815975438279,-0.168398006418,0.381932190894499,-0.158710156993158,-0.415180101247099,-0.0972749360452622,0.319608076159022,0.0761609966049066,0.0727064732554489,0.285950229084404,0.0828162349159469,-0.108471906157886,0.538742720563388,0.614345018481144,0.441500577986066,0.520277781421685,-0.188160988318549,0.0574060436328413
4900,3,-0.247073248979754,0.49517380009735,0.391512445299922,0.278610115021115,0.570756884230694,0.0879878802347848,-0.0717742936232828,0.76610808343782,-0.257617974678138,0.492260790853684,0.452883857086091,0.643981437807921,0.135570111823442,0.423220208184117,0.0511557134566689,0.420247319446966,0.315278488292136,0.182831790001996,0.128328411788941,0.553864983224053,0.092451905516336,-0.0803484684547983,0.214106284470743,0.0321266728895749,-0.0184821265682563,0.378367898514322,0.361186439918353,0.470683408029275,0.620083711600892,-0.114236694061362,0.518989152037775,0.356874792044662,0.514668684749985,0.285565326214961,0.341211809797178,-0.0326301054427858,-0.366635858083544,0.195124550229926,0.176164812146656,0.371305486048824,-0.221804670369484,-0.0187597191783841,-0.143926828385649,0.205578992171224,0.349826182547322,0.610259415587479,0.455612710744975,0.136224835003193,0.0623569776734889,0.401261469892186
5000,3,0.371345207145161,0.270657229902538,0.412702977835753,0.144792932844348,0.0922959866043253,0.0732415258192,-0.126714658194875,0.529018660247341,0.400152460959409,0.483381182470708,0.665142928777975,0.550393750051387,0.48297688092836,0.40319106717995,0.344622144459019,0.165598912244286,0.170054453765255,-0.0563589310948245,-0.0628794090175801,0.350218460550566,0.0727320926330696,0.10649525919515,0.0780145759828471,0.551627776933875,0.103385140059132,1.06395918102178,0.193979582804139,0.458009218662329,0.392541318406124,-0.276779442863738,0.349978337321904,0.357132555884645,0.558508608581116,0.555278950842977,0.105492722322107,-0.165423136397192,0.0804734048242486,-0.0424775494538262,0.346444775115195,-0.087030529152217,0.316092921408309,0.173831686721348,0.15602283333669,-0.318904061626095,0.0521080526363522,0.186218781784546,0.0450365447927518,0.663862866252286,0.179630214434788,0.0356748220957452
5100,3,0.578928378697504,0.324021386506189,0.285485047564289,0.370593807826978,0.49118063510657,0.0160920938754861,0.108082673320208,0.630480026362286,0.644756731468696,0.527376188401057,0.163675634339048,0.945634146493613,0.301037154016541,0.408135312212025,0.626187949714112,0.0840170012255053,0.331521826012429,-0.213518571567224,0.463217775140025,0.0150081426467657,0.591554357713488,0.105143645398316,-0.0296849312234079,0.625164698698038,0.348371340465504,0.721951966434031,0.371947582052703,0.371826577748061,0.317100499101959,-0.438775686517659,0.161218289212788,-0.0608017430199353,0.0641349118623838,0.627336053807413,0.613272180466467,0.329800267565898,0.104758745029766,-0.185356902158346,-0.172610163864089,-0.0614803346501247,0.483760376259094,0.118878251817225,0.626680631080636,-0.253898448269326,0.115832240400505,0.035774047041268,-0.0433754113834496,0.299028689872033,0.521877536225996,0.454412110533118
5200,3,-0.0252392827036704,0.128644229435113,0.312276746056468,0.337436336930765,0.163135773570015,0.29141620743213,0.307205744893429,0.580096990309301,0.90578851784129,0.351500743900011,0.480962828153843,0.64008582946375,0.404585702423393,0.276370194498532,-0.0911645194571047,0.324049141155341,-0.131123300975755,-0.0498859311924962,0.605627787613748,-0.194589405518829,0.519480162596381,0.140672627685546,-0.0143239287808533,0.568640158210578,0.582734289197809,0.539933665906825,0.447107537448053,0.821129633519463,0.305789994165582,0.187950600195868,0.246014968871414,0.136978732408323,0.0690515644517494,-0.2141478865937,0.483122100061164,0.435523690811356,0.698783212640122,0.185130774122216,-0.272860650153157,0.205766433377421,0.256139397943429,0.112190423331065,0.663579326424139,0.0511253363415436,0.569809331736166,0.237004241549569,0.312813417441288,0.110731577327955,0.358187963967458,0.227141471980746
5300,3,0.328009642043011,0.371164777747427,-0.232679178721648,0.563200492801251,0.258060974814134,0.435007849740939,0.250589740012373,0.180128224484542,0.500897835121386,0.379720444145855,0.387146917840146,0.761581543047968,0.00810875531257092,0.175863492043869,-0.312124303383029,0.574954107643032,-0.0321129549203982,0.162038208879639,0.0348185982233919,0.196761043909395,0.151033957104942,-0.26010871538059,0.354766776426167,0.185152835880064,0.103421188755935,0.334205923192214,0.367480758095059,0.371141315726841,0.00403053218527315,-0.312256386724378,0.238867474263301,0.446694399469131,0.361585846274558,-0.469616619384114,0.609399163462647,0.285222770008734,0.638634246157235,0.262335764499314,0.28711442696515,0.0984695997671978,0.137902473310624,0.523551139745877,0.893182440496196,-0.221304842974236,0.0120797545649125,0.256901477681325,0.498778191421593,0.0115331871701772,0.0836844075591877,0.641280058633523
5400,3,-0.226741975490649,0.477359338209165,-0.0128674845018494,0.290762432268285,0.414718761052225,0.286822765505596,0.314984045986955,0.0670182196321374,0.665847457723241,0.209479301523509,0.323623583047942,0.0950943328474513,-0.0864546123125209,-0.0847836079352602,0.0379534841225478,0.566706512257283,0.155235447376574,0.0919119904127792,-0.109698873639681,0.379163848419199,0.291365901130124,-0.47781446729284,0.0605065420897491,-0.217427649558088,0.0385747047709545,0.185481567902731,-0.121242985794295,0.490867203154521,0.724992316561222,-0.831799011065176,0.414711463539931,0.248676207089575,0.216015106339413,-0.383866674250811,-0.150070765503543,0.368814011758362,0.791746976723726,-0.02389001895772,0.621493564468038,0.720239404517604,0.0299636327987153,0.691332839638888,0.87052459053148,0.317524685093861,0.340085940341976,0.268271517704481,0.119965163852519,0.231034855391608,0.0603262579176415,0.438062303211541
5500,3,-0.229050366367867,0.494930334146502,0.0179210000246618,0.678124272029081,0.136313963202515,0.937497695716904,0.32693383564228,0.105359493068491,0.279198321526514,0.289256548216867,0.337053775837132,0.123115301566127,-0.025251216210497,0.376190747311157,0.625882590359844,0.573597712300026,0.448584913865503,0.0730543401980361,0.194513625169671,0.376354905454641,0.212581282199886,0.692940593903681,0.459156571365669,-0.497730223218582,0.285368962952084,-0.083158259201878,0.385104030181617,0.595980577309727,0.787354757479022,-0.162677944591334,0.0341022692773149,0.785339432368193,-0.0472840880264793,-0.0721598042265418,0.302417818925352,0.0909434981138154,0.120905357841656,0.337155598119047,0.451396635990199,0.603743469449978,0.298015989091389,0.904030218776753,0.287105217684079,0.271198568373902,0.0458446932166348,0.197498442178019,0.574541883828823,-0.176873655527094,0.44224428098176,0.352349283074811
5600,3,0.371633372242804,0.0953284816837358,-0.0925890482539942,0.205040427771408,0.546290718605199,0.622298573275538,0.0508999384527031,0.163125315904975,0.253307464616322,0.141297852537257,0.0596885489153719,0.306035420570507,0.378445616165656,0.375419946415008,0.310700575743087,0.421272559002582,0.754004859056654,0.0261945626231496,0.251063171727791,0.376492011812747,0.505746774224469,0.712776734394393,0.716945055129246,0.0783178410339374,0.516606293502225,0.0578411544428971,0.800997111247676,0.00962323530796056,0.477835034549529,0.0505949969624188,0.109904087092589,-0.0549035695582589,0.626792009251442,0.1360213716673,0.2916396137385,0.447785528336746,0.495500493023392,-0.192864667519128,0.710576096335405,0.219851172991627,0.602858569690374,0.556803358957296,0.480494382632229,-0.242750661374235,0.436696693978293,0.491441097754613,0.432911077166847,0.0235444427098465,0.510146343110516,0.752942755617178
5700,3,0.239146698089371,0.356838095166644,0.0289204266735582,0.140768795229873,0.963093685487138,0.561279776108815,0.207415910749237,0.454156815054199,0.332224840924073,-0.037265770856821,0.0663951762613899,0.251069299366834,0.825439971624691,0.410498467800848,-0.00559145757447806,0.0870043120639917,0.765779226243835,0.550699813916843,-0.298596568038445,0.602415238850778,0.907310069081983,0.315851015988381,0.699381726563812,0.176616690904044,0.856458131659403,0.606260002390632,0.627663901854925,-0.0401375424996989,0.337894969871058,-0.00674329170912302,0.489878696595545,-0.148907686514508,-0.186263161528334,0.327252715769691,0.491461058612712,0.091386382264504,0.296728294975044,-0.605982999975505,0.512018891309145,0.369182922074739,-0.0993846283384601,0.312896053621616,0.619933201153692,0.112318842776246,0.850142042121301,0.62769565274774,0.253007256641913,0.102086928077679,0.574769848879935,0.595727430875185
5800,3,0.277911169136363,0.221975960997541,0.0257352868877794,0.740858500750047,0.627489484030968,0.327736126896086,0.317098366062388,0.0544167375618539,0.0651985767719044,0.0116905424223973,0.602291444005489,0.0125952086102941,0.641344447071862,0.232469779269936,0.436109465039268,-0.215469621329,0.110098246786391,0.616753593819818,-0.286875520652456,-0.167242997899956,0.470772799299884,0.65467114135807,0.816273829142788,-0.00325258723600853,0.490555205717044,0.32342748107291,0.438629013724918,0.580520564616462,0.760210729434878,0.42300996508457,0.167902397317303,0.379312123527144,0.150351659190887,0.227254357220519,0.724452149321248,0.277455703703471,0.37980019637696,0.0747741613458655,0.414941632568958,0.0426159460624586,0.148990057447282,-0.452647877387198,0.330673312450086,0.183247832748453,0.620404314501324,0.610740475769853,0.0713393185401678,0.321612762910977,0.486602522011599,0.353760672021873
5900,3,0.0216026124543524,0.387833910320316,-0.491500220954103,0.16338218857254,0.42490303289109,-0.031107351314416,0.124750381087828,0.260180031427072,0.470854317815822,0.512390468572951,0.381855665276719,0.0265488368355664,0.294931900745441,-0.0528637248525687,0.111872033825621,0.162056085243533,0.506332398841197,0.738868811482664,-0.3741114118398,0.385301338773728,0.220501076906324,0.6754914377432,0.715151836612492,0.285167278986664,0.582187578220774,0.158391009521772,0.224915467348725,0.576855461706828,0.731891887104172,0.677017831225282,0.402803254871972,0.21830164277179,0.0462448817339826,0.4501002822384,0.730454313734074,0.244170373734898,0.672116795811089,0.456154147967563,0.190419991790511,0.0540813070305739,0.274679359940287,0.804011771890693,0.454035256982661,0.272606074471599,0.486016650597735,0.683633846866551,0.435376848463928,0.470023776357017,0.146270979800894,0.607483382087891
6000,3,0.321331638291762,0.181449973276818,-0.303770634955346,0.381787631623164,0.169701585330354,0.0614726113309276,-0.0520005890969775,0.0608214145118281,0.00213308092681469,0.242042521908631,0.171646191923563,0.201088663218993,0.461119599519791,-0.317526664376221,-0.040862871745894,0.0888186553586528,0.000958663730834322,0.633283717433352,0.0509574637226441,0.449046722831957,0.643507056611991,0.366971619392179,0.4926523545359,-0.0644699067884755,0.532821289054252,0.0504860163145518,0.322489275679488,0.142531076286928,0.459629423838043,0.718517649018163,0.192892444675668,-0.343035566297982,-0.0886578757403684,-0.468194524567242,0.911371012944891,0.0287216655480495,0.551176999997701,0.691813906960428,0.499018410116468,0.121870559106818,0.457138810560608,0.463331547994831,0.396366260772986,0.486637917630818,0.042061084557221,0.53409882013107,0.25696901563558,0.327119706264446,-0.155552839270535,0.269939963224901
6100,3,-0.137175004523154,0.104572449117983,-0.151734674584144,0.628499963435924,0.401292072036343,-0.343097266760701,0.0432343622680689,0.140070016156906,0.184206622203414,0.189244385808796,0.423594906706694,0.0988356635073505,0.541663482105755,-0.0854977258781453,-0.090886290869211,-0.339300342058468,0.108156706702283,0.764349959404109,0.233523986069263,0.180411933281454,0.359083932288558,0.258654931697557,0.150201746297629,0.209611010776526,0.063245218786961,0.277031879611844,0.220838715428882,0.123368001844154,0.719718062579521,-0.115378958217357,0.0955976347567435,0.322041077196477,0.46228443735599,0.163536773763517,0.342015063333253,-0.389704545401722,0.00364079128065121,0.521233299249127,0.538644831245041,0.668843990228712,0.632265221481557,0.12810989535471,0.305877317788361,0.67302393781174,-0.146303008910182,0.305888807836993,0.240744968497952,0.900703470826613,0.125497589976259,0.568225424864104
6200,3,0.0557760787881335,0.401072679099398,0.0323964330696443,0.544854582912347,0.638634050072422,0.760172394840097,0.323495148218307,0.185092421106121,0.201546872429397,0.32496199524464,0.342383968804011,0.00896567035383383,0.183580296531576,0.62225394932154,0.453974373296958,0.33170529387705,-0.0600510057399025,0.449347110348714,0.19264051232451,0.0356461117607948,0.702283326621468,0.425900776910936,0.338873100695071,0.407565775482183,0.159037905351185,0.37064110370193,-0.118130079152138,0.690249187743778,0.458021144249673,-0.217654524070356,-0.0297863692635911,0.677712651145919,0.590834955338303,0.221950523728175,0.403457478707833,-0.0609054954084756,0.858400226545059,0.392983252760937,0.833045121426797,0.766517957463697,0.896722958919456,0.355961359155796,0.244882717088658,0.122731887692943,-0.370840232176587,0.204044834479693,0.53350855975106,0.256951378948519,0.323118157815269,0.325769909007361
6300,3,-0.168133321694297,0.00903354276680201,0.41547363895666,0.260894086567893,1.17574156454013,0.542733736097803,0.557983326875719,0.25187375691174,0.250854315981533,-0.0335411234344299,0.597999232522802,-0.0913599207524937,0.239391780186675,0.104058256093357,0.342968673049386,0.0769953404407238,-0.58162686602105,0.498610131101854,0.538382336626535,0.559724549012624,0.751601959261168,0.350099424803683,0.206462842551475,0.496494485768408,0.141760250443274,0.375042611306662,0.0991960773751078,0.455901268065121,0.804206857234729,0.433796940611723,-0.439838656281069,0.102005482323232,0.721721263130416,0.346643338013259,0.73146318105596,0.363596243153228,0.285997493180513,0.626617259469795,0.80389560845113,0.393990852225301,0.116114824200608,0.947096201515608,-0.0987360485881489,0.668940956706352,0.279154746783184,0.103913393390364,0.18881725658135,0.189720400770673,0.437462288173816,0.0217495128830623
6400,3,0.36463775980614,1.08312690437136,-0.158064758009861,0.567686052757099,0.210179723185261,0.330466149278192,0.029397172477026,-0.0707738533827408,-0.0698979513732272,0.120814536607371,0.411383257223073,-0.0234921441428752,0.742823838117852,0.0248052653505572,-0.114918051644519,0.31072574262321,-0.154050807005138,0.412428010972642,0.3036710495478,0.225506495890443,0.390497660259851,0.607951717632404,0.15063927889687,0.601165997418434,0.360110446650734,0.0966405824080124,0.423841524132808,0.398899690105277,-0.00205026470329676,0.695561172814757,-0.210115217774475,0.100563196509864,0.100144705045898,0.172326789981489,0.197373796817687,0.127454967086817,-0.0426275661190964,0.424443152326296,0.877558617410397,0.526983079367758,0.582840051284881,0.467757092504769,0.0816472426247251,0.761657611251833,0.441021689685176,0.0703933309208685,0.207480858913323,-0.171199274294852,0.196349578249469,0.214887236636056
6500,3,0.604272216704663,0.993828823787392,0.188804194035861,0.621772975015585,0.0370069131928358,0.0413247552268992,-0.1404524780314,0.0578906978197627,0.32740032613682,-0.169461073217967,0.55558590203926,-0.0783830669313837,0.0276032293684146,0.356182557539433,0.468870934963369,0.0785330648972922,-0.0848492903220516,0.394897931022391,0.37481775288987,0.647668526388857,0.181321145370909,0.541437919477233,0.140997373804033,0.594852031622534,0.337225787384573,0.523976057624164,0.478344277190662,0.527943110753146,0.608187571341725,0.258024029183813,-0.145994998946652,0.429120764018965,-0.123449465767458,0.441724083556453,0.135752835750069,0.42473921737359,0.279476236550859,0.251296565488349,0.221664823174543,0.402468013678345,0.184076724558962,-0.0439201341778144,-0.0859256536770763,0.566473456482516,0.349032747626289,0.234601737579467,0.325636692898334,-0.160286900726439,0.522126044781515,0.168652866784852
6600,3,0.625505248606638,0.631969881609731,0.238384870718344,0.715535011820141,-0.0114668886238095,0.184658818052021,0.259935778865916,-0.0943893965468035,0.416962320342064,0.0140909156136336,0.509328160607629,-0.146349222380351,0.423552503684434,0.260188257716014,0.301958412282248,-0.156041466226502,0.534718601671347,-0.0250351649255267,0.791941984523381,0.111054287355126,0.464920601720145,0.10572511809542,0.339580350864237,0.643909251301098,0.124171675598099,0.647696381539084,0.711974149431167,-0.0993233818442579,0.146103901588925,0.44010109497339,-0.0834470845546745,0.321002105706705,0.231820581761438,0.409031779816721,0.632481895516788,0.534855196552628,0.280329690690852,0.356315817747129,0.18095835123737,0.196109483120627,0.150215141755634,0.0671717700843549,0.453512377989764,0.626094352617665,0.240609585527666,0.138500104268352,0.407065417740463,-0.244181199071763,0.414640322891955,0.140554064726127
6700,3,0.641843389177257,0.232575903444065,0.161195502149466,0.669864295846023,0.0219526041053173,0.23616092568725,0.468919723165343,-0.106816196143848,0.526660454311368,0.228847767886882,0.178249371102926,0.211759955636235,0.529910467809775,0.181776616325591,0.0805430123654563,0.358160909484943,-0.229592990634642,-0.00200022763909856,0.287702074536699,0.330325318120895,0.68178408052237,-0.128285172513636,0.0806658114978916,0.296008378831547,0.0799849190561485,0.498196833552529,0.350785615549665,0.321408972286589,0.21885512729466,0.0110585618360427,0.596300376990682,0.426179175852935,0.390194274051485,0.359516049110481,0.471415290277942,0.472147805957477,0.0278215996239318,-0.0526228930615175,0.088802272055411,0.743503263017188,0.247186706393793,0.266895750853571,0.262799693010973,-0.0654509288621955,0.411161895132708,0.0216328447615482,0.195249143673258,0.180913234969796,0.637272573409367,0.349866522679539
6800,3,0.374666786696046,0.230536863773093,0.560608880319388,0.79324037091894,0.534328338129877,0.754322639524465,0.477701953267584,0.0159389609078719,-0.00792779996233794,0.581443886988504,0.205841632432765,0.485673311087458,0.139497489385896,0.59281063743039,0.443782462026706,0.386066191517791,0.31592590958542,0.3350412694742,0.237666993684099,0.285024791100107,-0.0213082839090899,0.437546781586833,0.0738116299911826,0.653411753994852,0.126328622143968,0.226705705327427,0.195018677940244,0.274911621588008,0.438515080171872,-0.0557224785441465,0.331203174048988,0.742007303952888,0.1058978566239,-0.252192292334462,0.423125661013594,0.666957343764192,0.105439477751672,0.237172459617238,0.777825832544152,0.576921375555605,0.792939165369922,0.430944187520098,0.595250928347335,0.556613567091232,0.537580176117845,0.487370804335617,0.305570312980409,0.271797126271772,0.339944350282139,0.0667965993694167
6900,3,0.540385977471935,0.196486229843975,0.48928953421631,0.500924249091053,0.171071947208155,0.295928197370926,0.553445255378628,0.255178111337493,0.257723962450204,0.634879409171015,0.783640860134367,0.489474555486411,0.34516731962506,0.285916013075394,-0.106353661557489,0.197129151935721,0.789390258170462,0.663622059006445,0.288883240107178,-0.196188530502117,-0.0714705986524456,0.12220569163251,0.485621319067093,0.43346682079085,0.38690314430783,-0.0599016764682963,0.575864696974504,0.466431956000603,0.651547024732034,0.0271030808193246,0.533307205930567,0.0792498360549897,0.073474314484981,0.409705035731462,0.40870524203231,0.204551352832141,0.765044839857685,-0.0848694865622653,0.790936454710965,0.635150143232351,0.23320046051721,0.35469062944588,0.717599721641684,0.309274963024894,0.0362971205717642,0.525162996313723,0.300549202209581,0.0566352093107523,-0.0714114205228942,0.456899017745324
7000,3,0.845658534974035,-0.122759867011326,0.159372106981459,0.220372227964314,0.484370687212154,0.332202593825299,0.623959049389192,0.0215423395302922,0.408412729138323,0.146765863075536,0.0248275015335534,0.398282563291012,0.810083194475862,0.370274673777027,-0.443415612395745,0.361429715452651,1.10731607055993,0.205611168646474,0.472828970889767,0.378045355909111,-0.0283281981077344,0.364616731349737,0.423095881765156,0.31999215357451,0.284987301964272,0.419145009126872,0.830336142898915,0.571250667751249,0.276196611147593,0.421167067774782,0.190542515506068,0.482671058450973,0.445221254058277,0.550585879405403,0.7239060975965,0.232750923053542,0.390941842123384,-0.376673919594076,0.21283047626687,0.529447972703226,0.300990427597259,0.384693284738236,0.389028407274079,0.0183734485275481,-0.321917012063904,0.511304463663349,0.17077544158617,-0.174947274406034,0.2331403307187,0.705605139702207
7100,3,0.155779648285703,0.502645715157445,0.32453733925273,-0.195121995164012,-0.243700057991033,0.407248565141114,0.803979290575886,-0.0744399227390028,0.714949910250388,0.406404159017431,0.256187930037679,0.854009984979133,-0.0102241008988064,-0.0292230039422114,-0.572860425785952,0.489239926925817,1.11231442108867,0.318225094449628,0.31239911909437,0.354201608625362,-0.0448499106557821,0.39304038911592,0.422566285822511,0.4103067552896,0.0751848435497142,0.645147291817981,0.777667011569411,0.408502328946197,0.219888525504898,0.107841501913157,0.236304084991808,0.354182046992769,0.887607966833389,0.605981147106125,0.686393318981538,0.0367494575610973,0.280642577737969,0.27329837431938,1.0055646270361,0.530688708432284,0.149750137408234,0.442356010015477,0.204938378561472,0.360282097211044,0.351124244340858,0.17255988952572,0.361552821129911,0.397524759850653,0.168296481554151,0.277531569366682
7200,3,0.260404240583187,0.308717290795828,0.279807815948614,0.0678369082722423,0.176102282828465,0.247034767393575,0.634390430586195,0.225867685869214,0.0744249785041091,0.481349962653453,0.2312340766573,0.487109318825833,0.132407719010002,0.0509678408575322,0.300176586554477,0.159676204344002,0.337760174910586,0.28934323913636,0.132706020249329,0.844246221279771,0.521148980367961,0.470603702184782,0.463490556067268,0.555448730473131,0.150523727979855,0.248297931755037,0.910236879610279,0.612882355443342,0.94735779274568,-0.0162048786134494,0.427480851329835,0.569065403180732,0.416582050566308,0.351016757558975,-0.00712847193947781,0.102184982721257,0.183621388631072,0.328386264527191,0.342098707059305,0.28900269893318,0.0704891398078911,0.311661340435855,-0.0478446702393531,0.25543187460338,0.597304222291469,0.413977499369096,0.14159449853154,0.72349692537876,0.55393360093936,0.103484408971943
7300,3,0.452749105436539,0.637290367588303,0.254547017408168,-0.410302051951153,0.420553642005094,0.351352986827439,0.532316080688976,0.546618159241427,0.163884248288693,-0.324701896592107,0.413590475173813,0.588316517493018,0.414224497838297,0.391574624078926,0.545497506708321,0.0036911881133954,0.69666811906933,0.241783412998366,0.906919540434194,0.17062701188324,-0.0260982041413447,-0.0892116973622886,-0.150410515678847,0.288140141298385,-0.0987188475435286,0.456421472457998,0.799509929558815,0.675300901275625,1.02165149187725,0.233467998023426,0.502855070988064,0.283361662404156,0.0183311293988485,0.499476958814593,0.345298179412065,0.894778465027931,0.314478304410795,0.721359262023803,0.00915620336545826,-0.15390378147221,0.566414167067187,0.442864301061654,0.0956564031139056,0.667059910060061,1.05270528314807,-0.037276441610599,0.251059288884702,0.228688560853941,0.663794456800292,0.514093718932368
7400,3,0.0282829127830692,0.42678585894919,-0.559423336085063,-0.159581263213639,0.364827513578362,-0.0477328600002238,0.46006455663824,1.01877863381764,0.444610807951984,-0.158125343338649,0.597488109447415,0.542773389633277,0.00698914365987809,0.535731211855519,0.323017245091972,0.70846646770637,0.8392478672317,0.124835778888951,0.0853095203299067,0.383643794385411,1.03966738861207,-0.247318105942332,-0.0816535640916006,0.276019682666283,-0.111867245093565,0.563488215367842,0.58980193359421,0.422222282151701,0.699927289433422,0.149083093254184,-0.0621514210310855,0.248346247605769,0.308031876392199,0.587297375106293,0.0916821305584148,0.442052396413606,0.346113045302106,0.380407266522318,-0.0358155099169326,0.182585061992803,0.0392668233758365,0.251892000646051,0.431655074166354,0.707373439951013,0.567448148302765,-0.149067083345297,0.23370814955113,0.518434218533025,0.63065695565274,0.197528518640394
7500,3,-0.254270597468978,0.582156994154902,-0.0221780470248025,-0.0255523234032597,0.829810233641365,0.00726412111815466,0.700432568642525,0.360024967194423,0.610731542679155,-0.201246350850529,0.060287282522267,0.315429129866894,0.780073167985552,0.474199445133441,-0.0665205064924517,0.386807924053915,0.524069677612685,0.311253070521489,-0.00381043658526777,0.13160662040671,0.378549882610825,-0.106717564119978,0.252342526515809,0.328076594975944,0.11727642619221,0.613710152808586,0.187769951205169,-0.0705488240911553,0.232177460333089,0.293073725060763,0.275701084586578,0.16581730658383,0.169109897878664,0.36778003441934,0.0110984742024353,0.285139983185911,0.362022735450078,0.143393010192704,0.290494649762064,-0.00720984751269153,-0.456129982102232,0.208983068920351,0.270512514838758,0.912878417811038,0.528672272125759,0.442407329060972,0.0158376100408509,-0.176458764639454,0.568485853637636,0.0218265610948782
7600,3,0.0397263575616127,0.429010863921323,-0.321622412009706,-0.0815030410828993,-0.126887723904419,-0.074685485133158,0.210873860330294,0.308051569188009,0.422317094500853,-0.00412719386917869,0.364622317580248,0.380189712451986,0.704085276589412,0.175538238799377,-0.114151804937171,0.400610782259108,0.168073850091136,-0.315904354674189,0.165336545119885,-0.0194753149695029,0.290671669053005,-0.0849638332641318,0.403304489540776,-0.111089485994364,0.71210409058643,0.0966305931208745,-0.493888796931484,-0.260884852421076,0.198322013725263,0.361358928590561,0.334230127800746,-0.0871639072923086,0.474299988264379,0.450319834108335,-0.00508120718258741,-0.0197648072670846,0.434486962409987,-0.2992768039885,-0.00613926474826147,-0.101391871342523,-0.370953880892176,0.0301010823261323,0.36004023794377,0.262606942016165,0.445124649245624,0.199382185288044,0.115846939573924,0.683379579712891,-0.428932151416035,0.0399513033516574
7700,3,-0.137235383406284,0.00264117439632079,-0.172373530189778,0.11759094892245,0.0895322090609334,0.0890816529368569,0.071866947000846,0.0840141275924993,0.771993737147778,0.0907570616822689,0.140284470081573,-0.145061957826616,-0.126604872887681,-0.00793967010558247,0.238929047838938,0.73534137592749,0.376892438638089,0.123402826848694,0.341663585489689,-0.038248617211903,-0.443921139516048,0.120980255311439,0.416458041725038,-0.115968441846141,0.508903338417605,0.22045549410593,-0.37088688097824,0.129627546069867,0.180990328487572,0.224308918062672,0.313062677825751,0.458821964910832,0.097946240486506,0.416605049384413,0.463847027378951,0.0702374806842717,-0.0162972810230459,-0.0428601458270263,0.154825676687483,0.342760859833496,-0.513700218478968,0.0678948281416993,-0.388285848159755,0.0745927442101222,-0.0905293168462941,0.0930259632912076,0.472678255103322,0.320270822303419,0.0424574992167218,-0.089385957640198
7800,3,-0.0619911019773164,0.0741639947420697,0.246009282113626,0.32229086473853,0.496306839352921,0.191833750715742,0.412245354234121,0.397216581283428,0.628997124827901,0.0835994774421326,0.00913819603654743,0.0830774264331923,0.0847243822176549,0.0217675764474164,0.389280499635981,0.627388051341512,0.0893869683602679,0.206879637974812,0.155591297050924,-0.322160023986981,-0.0405162493291566,-0.018669896692968,0.346132652922353,0.373724320532003,0.31464766772348,-0.0866814903924478,0.0393508982896676,0.163334117332097,0.272529525724494,-0.37671691447788,0.377349868838324,0.275457500181057,-0.44072319460535,0.0137555249981469,0.705436765347935,0.890239174782115,-0.483018239691359,0.0327254693602854,0.486191498953413,-0.143721605531603,-0.272521851818171,-0.0482187884892647,-0.318239654886868,0.320254604952228,0.0412106153559932,0.396423019656123,0.479494558140813,0.0509486913785201,-0.172170088349218,0.0112915506341365
7900,3,-0.181327445231939,0.496469417809654,-0.010382102838892,0.53258317563508,0.488350573748842,0.28411196198914,0.253688042303684,-0.118390124422825,0.50448298955096,-0.0428099869591524,0.411527707058139,0.427944256789025,0.600964910465778,-0.258478847967952,0.562926039172807,0.188963878777919,0.119507418557382,0.510044973228066,-0.335124844172142,0.473001904615461,0.230704168557655,0.504385916915411,-0.0161551304843602,0.553243559397815,0.11853341116399,0.186592080704488,0.297162583729347,0.0898195139975332,-0.00710199068103164,-0.117037156491001,0.610212916820209,0.30943655897864,0.16150746823386,-0.0651304384701438,-0.308227480605493,-0.0522171052899585,0.335773878231782,0.338646576302361,0.48313410248711,0.0175852834785753,-0.525585003960976,-0.275004396511382,-0.540400537897214,-0.130998161796487,0.468400204863607,0.41979081222395,-0.0698629734796723,0.00696571252986691,-0.235307414778137,-0.00134098402975867
8000,3,0.106624206869065,0.211388235621008,0.14373871415195,0.166936664319017,0.105424295210758,-0.208008968917025,0.626355008723735,0.249088489144827,-0.0507310391787068,0.0324597662662702,-0.0253113764186633,0.344189077508279,0.179284392564345,0.0593419288413012,0.419742888021415,0.356616335375014,0.0828858997777163,0.400718736682744,-0.060912115446893,0.339620718840917,0.526414468969439,0.312729805302112,0.116746344960788,0.0700351851702637,0.00988788548144889,0.214106889319017,0.21191798796908,0.63202030804398,0.175459027700425,0.646087384786175,-0.0385597437830422,0.377085500949603,-0.0800942013030092,0.292406356684351,-0.24804707050102,-0.027573366140179,0.05052346809457,0.179979362868594,-0.380474374507574,0.0904860515685488,-0.157973791122288,0.18578845165708,-0.248332393017291,0.266037809345991,0.372647103475664,0.135196600079818,-0.184910360458348,-0.127314116396117,-0.0926092493869839,-0.19989577801789
8100,3,0.0326972152154862,0.00409901313466908,0.420750999555317,-0.308702791967118,0.758436046327784,0.317095972075808,0.347859138655257,0.353083874708203,-0.50977754003676,-0.0468796245845144,-0.249858414432723,0.481014128818825,0.294438048356785,0.244890889019279,0.223561048836337,0.22423653003251,0.503443570069799,-0.370931322488795,-0.284187700925633,0.55726768722042,0.37731641755832,0.215615681058076,-0.155712268243802,0.462544385866205,-0.51545564595387,0.170228209755677,0.0845146566555496,0.283910159121082,0.346438831400726,0.47818623120143,-0.480170548911132,-0.0594793972155121,0.547312597052788,0.297908528400509,0.178266747223646,-0.252449964502463,0.324955143066795,0.679307339383424,0.102669864047493,-0.0374917032631135,-0.0495235774327786,0.285923635769456,-0.196160277082075,0.510274307268949,-0.377705697383101,0.296040054407736,-0.169693598007859,0.43591793859535,-0.225942379799446,0.142254485760299
8200,3,0.175693519255531,-0.231103221107201,0.486775147077688,-0.459379034257543,0.347729141574802,0.673832390401931,0.0643345796760078,0.0191512298930137,-0.423888895004309,0.155599749228854,-0.0186561616192221,0.0121338528132923,0.246561534697212,0.392982258558409,0.235272231211984,0.261372063676388,0.790898730186543,-0.376101797691535,0.407459431712237,0.296755856698583,0.497862235336367,0.160547575815403,-0.222160835923826,0.313769054453671,-0.355749632436666,0.065301376020574,0.220896382897552,0.478322754817923,0.317938998976786,0.395793117356515,-0.109462761873134,0.309820945526195,-0.00012165651125981,0.234411227436956,0.150618674525704,-0.068560986352897,0.500035152291802,0.437270223194617,0.0606738754032157,0.544360563305748,0.577546301095821,0.318770635701158,0.0256702850436055,0.375390263559343,0.407870682521072,0.505776198032951,-0.282604521748915,0.354432669105624,0.155911228396655,0.246495421192942
8300,3,-0.0239982202680178,0.113558059470355,0.268118092574998,0.301722141037845,-0.0214880288573976,0.674783121397406,-0.0595022957245673,0.308844249304273,-0.189829147722749,-0.00358693887818466,0.241268192212494,0.232220050385634,-0.00169485299463666,0.416392605383234,0.530177766401363,0.473294899350157,0.476558437180326,0.104861290296338,0.714469216299795,0.0649226403419044,0.133633664735161,-0.0823856191048261,0.0905067007519864,0.457958722585307,-0.128608284684381,0.0637444446083972,0.190621043120812,0.00106362193342152,0.264759936677129,0.097329229657395,-0.163682133088939,0.41659376514782,0.172778950210417,0.133045698792533,0.0540824824023398,-0.148721753374553,0.223560771881838,0.374078543862442,-0.0640712294953856,-0.0275259666130078,0.523634160842549,0.374334560590873,0.152260871130819,0.329280512086771,0.458085342971487,0.217939859751241,0.234192554828017,-0.318147322054331,0.100562503376571,-0.112523235274707
8400,3,-0.0787724804639972,-0.417765435017315,0.239659158647575,0.00571693293266311,0.339939685161215,0.572583324771691,-0.105796999222657,0.196159359299334,-0.0619307588554286,-0.0788373923237229,-0.258276830794144,-0.0588744561681713,0.240653977957155,0.196833204480463,0.0338064503540339,0.378655973919787,-0.0273317851752015,0.340996207342735,0.47218405844356,-0.542610564767283,0.197101871954964,0.0893954644134223,-0.0375084237837209,0.023629610157635,-0.09750178346916,0.284733269237747,-0.280925544877717,-0.267050115707808,0.441837996975164,-0.137150332404995,-0.0338862083552622,-0.198940223072914,-0.303526799439071,0.170121277698656,-0.0253693735530757,0.0126412107376844,-0.137031259929233,0.153069298839354,0.195862038624814,-0.378877224014283,0.605430119579721,0.423762751461293,-0.556933415514141,0.505312584851855,-0.125957886234537,0.569754574305332,0.206328091328392,0.0689837286580138,0.408801951474002,0.172128604603982
8500,3,-0.0287171632605073,-0.170518989858129,-0.144302926013191,-0.0590815592437044,-0.377408437313604,0.197668098019645,0.0662921626409469,0.0937617245458051,-0.2087378504065,-0.0396716288171054,0.0270348372385232,0.131262443627129,0.191468465124096,0.124099813533917,-0.124510735280468,0.0995405668243993,-0.181102043131191,-0.302041652962183,-0.115935166063478,-0.00398674596048677,0.208153260306451,-0.201037561984703,0.205094799427162,0.476996491495341,0.118166218462436,0.156918255276571,-0.233219837324359,-0.111882071044695,0.182888413932023,0.37147094337616,0.143698104268164,-0.00809863610204252,-0.0681444353352999,0.0702651130504836,-0.457521881598457,0.261816967627081,-0.295299159544377,-0.0916237546423235,-0.012113849012721,-0.438861018731621,0.68669007587931,-0.185068650800523,-0.598431163183679,0.66174756191296,-0.485916311949499,-0.041968472538507,0.418067016902305,0.101777793280257,0.783376703563751,-0.0784057644482829
8600,3,0.382656653114722,0.46119854547046,0.280619912108436,0.447804949225659,-0.0545533158639295,-0.273451738756575,-0.355499575444589,0.261342701410342,-0.521904556001203,0.260902097345211,0.218313508033415,0.100988404764753,0.196234978398964,0.252178423970584,0.385422564221993,0.117004527247058,0.151521874888623,-0.0803462434681888,0.138421327717631,0.113440719064706,-0.020877102543099,-0.00424585054436824,0.0726171690806133,0.209053610233341,-0.346235632780654,0.147252439568094,0.213643380931476,-0.0255297241625435,-0.0465380577989197,0.270684893778005,-0.276621415726426,0.0827899987106336,0.0999125233217626,-0.11665592050965,0.124072303467151,0.354456516053983,-0.134665169567149,-0.0991798571314731,-0.408703697592705,-0.311705750450111,0.575793440683625,-0.214984332025102,0.0226258105344504,1.06620973487434,0.0751187062677087,-0.0853740339081939,0.159195773302259,0.0896629886866194,0.721637368709501,0.13372908148481
8700,3,0.405240514470699,0.0521145136595621,-0.366512441471354,0.592636614109034,0.109351515236111,0.695197794716154,-0.288688004213227,0.203370112265042,0.0799435781043641,0.230861295921133,0.145664573175144,0.00882657044408296,0.109830706446075,0.55932636521463,0.598893499854281,0.21624491835397,0.119480989695333,-0.0507167344012179,-0.149696055265533,0.662177041069742,0.162424769863888,-0.0510258707755342,0.0867952844508416,-0.34838548772406,-0.218120147328994,-0.0568806031848009,-0.0994357874407229,-0.0753032905399382,0.299222234105264,0.520751980159812,0.192770093623739,0.0394955755868465,0.143626453176165,0.048051150335808,0.700191486369295,-0.0343554661287436,0.291467834574105,0.0493924491098914,-0.315982359848097,-0.191803652936022,0.557467477379239,-0.169159019334937,0.372790761900999,0.454121292838373,0.787898969647505,0.169461759118901,-0.285372539163686,0.0395029058304543,-0.129333940748499,-0.0544531513910059
8800,3,-0.0541092595811634,0.15704881162742,-0.202872005757797,0.12765143165234,-0.253294091054821,0.307706862457564,0.089790275498525,-0.0272683725193392,-0.202248717273411,-0.00423463959202945,-0.369791038053477,0.0539713794766573,0.0510051510934525,0.361592171879483,0.593452249406589,-0.190923043402582,0.37184496257851,-0.0614416306722465,0.114073756278765,0.262390633194639,0.165968365877679,0.0513147091684829,0.394475580012752,0.015294452245707,0.272031232904913,-0.108192282150688,-0.0197911862735534,-0.207801981891143,0.0985992959780913,0.340117995629894,0.0491421166353366,0.423452644902243,0.0342563513925807,-0.130855522877711,0.335839120775486,-0.387888233944121,0.0823814772063242,0.119721622256523,-0.195870119493716,-0.220968389664321,0.126714483917011,-0.360706467231339,0.437209381690076,0.22497947137612,0.389526739984791,-0.071654142085855,0.241184312472402,0.0957607564908716,-0.199947376307618,0.441327010577158
8900,3,0.258936613527235,0.462530777823247,-0.0980663025496899,0.19101629603195,0.1286982002152,0.133142796029626,0.182561449838762,-0.0963654375662959,0.415930245399722,-0.192031140285737,-0.0802712148354334,0.257524133458386,0.217052627373893,0.463290210304523,0.451946478659603,0.141085236889456,0.331441019760242,-0.203372182663932,0.180752333767487,0.202990865330244,-0.405708120045517,0.380036124019219,0.070718804346922,0.125310623039808,0.183196571425703,0.383968563321236,-0.00860010824561425,0.375065867268317,-0.19141786343947,0.66881704129442,0.0984574782662282,0.342212512741673,0.387154156019104,0.0788935561708869,-0.0973505232366587,-0.234759248497364,-0.267027871615189,0.158006407177457,-0.0122171352089377,0.389844923165233,0.225455656919154,0.628097662948448,0.445370298778918,0.0719614690100252,-0.343070433256694,0.353464854850242,0.558707443707568,-0.0798684377473589,-0.127387782447351,0.414905366660463
9000,3,0.2816713995977,0.230234214163178,0.398522676232292,0.252302400993424,-0.465659663253482,0.417854218865559,-0.0548548912183958,0.511590433424447,-0.173528111356493,0.411336269202991,-0.0205695805878515,0.120195248523917,0.0868891078755765,0.0964357148358081,0.192851414729872,0.262248260713474,-0.279831444073402,-0.261893304092556,0.257581750928259,-0.167298034887912,-0.0302045032389761,0.335745145370095,-0.104624099138604,-0.432735826669542,0.246639538100756,0.22983463921166,0.505563906166235,-0.201401392256721,-0.310442069909663,0.711235201496027,0.379032483019607,-0.119509046067357,0.460882938832843,0.390271868516191,-0.00743582946486358,0.202717858046352,-0.166494797708264,0.196515024890411,-0.0911562815246933,0.708539591881355,0.456594820627331,0.504816086758765,0.361399430935764,0.487752410324524,-0.552175641413632,0.462417735141946,0.336586661917025,-0.216049716702826,0.135361059166033,0.203638518965122
9100,3,0.0649566958495937,0.401806071569009,0.344576199082271,0.25199970246411,0.302685728995911,0.39956229597923,0.272893667236037,0.537551288312495,0.543185305396437,0.544555780889242,-0.361698298858115,0.145539633645038,0.198063157070135,-0.117828136179837,-0.122024284886698,-0.090527569486833,-0.164444284262361,-0.428607440508084,0.672321549912132,0.0428776902523269,0.23458905505888,0.254854327382473,0.0393828496255868,0.0513556411235841,0.22405298862483,-0.32823915114175,0.570943709627,-0.218306331534837,0.0396343785615114,-0.118047376220305,0.277555715132261,0.0815482937595101,0.433247758321479,0.0715911445198402,-0.0156734318421459,0.223464683132791,0.177715227554102,0.171330686381126,0.112251913400087,0.0262961051062352,0.923591809961751,0.232848296690845,0.0988924879762873,0.320861503765887,-0.160913431391519,0.532705717820249,0.0876528126115241,-0.102295563295257,0.457953318195073,-0.308069872243931
9200,3,0.213419542563398,0.445792663767649,-0.290615972880221,0.104932776023814,-0.0372974376982145,0.566065210619352,0.0156412771935479,0.109531305813823,-0.058315990839825,0.462201247941493,-0.204979763442153,0.316831103790132,-0.207426210789852,-0.0283576994035106,0.303568852804512,-0.259920741687526,-0.132944047613192,0.140345841182585,0.489180158013762,0.339117282235758,-0.0701420225316002,0.504190533066676,-0.000282425916272019,-0.38988927663838,-0.194792980680334,-0.182974485405618,-0.339149179021652,0.0539655708290344,0.24213753890826,-0.529245547846118,-0.200232038312285,0.362314649156129,-0.0250451934761532,0.123699852595311,0.112916618426595,0.434600770241491,0.188539638574945,-0.0813955299249513,0.547248670359276,0.047806429772718,0.1114979577567,0.202133718530826,0.347212938424721,0.270430187250498,0.477288076918729,0.2437394117834,-0.0672279045669262,-0.0216005647943389,0.355153884917219,-0.382880525774919
9300,3,0.140947345336766,0.514948691793147,-0.23068547310176,0.161762175673471,0.160536126174667,1.03495855389791,-0.276179943175645,0.0365552056284017,0.279984708508415,0.00675081030150289,0.0767454676056877,0.25759463409018,-0.0478645765768898,0.442945549199746,0.183637741178164,-0.225951049904618,0.152982287248842,-0.156707263033258,0.1341960688791,0.0721583029639914,0.151441696192904,0.516186440901981,-0.152518468574652,0.228761387896715,-0.274017867598573,0.189872721612198,-0.722598200114813,-0.0434783477386753,0.258397741992489,0.0134687687378874,-0.282378217908334,0.385423055895026,0.0790940306311004,-0.21120890070542,-0.256613901865321,0.0172263121401057,-0.171179888186768,0.0297975674813102,0.218755386728802,-0.182209408621481,0.202206032542138,0.0338117554745452,0.148166352178329,0.195135294874407,0.945979541238635,0.0954760151248247,0.316217132440208,-0.203484608020903,0.528697561124724,-0.050202094530974
9400,3,0.522402176929338,0.364002675523859,0.260345610099487,-0.239225097495988,0.176761880046785,0.509622793257969,0.12738455263989,0.357263369525411,-0.270199285461342,0.0274786938404113,0.095344274827149,0.215648873301241,0.139326973004548,-0.133127442338177,0.35829832876498,0.596957131953091,0.439975567981133,-0.149620941949314,-0.408707235686963,0.158914037931093,-0.11984822326139,-0.027004181776454,-0.0780843933123079,-0.0511555757142593,-0.0559199544743752,0.107493495420455,-0.490783361967075,-0.0957726588132544,0.345898368448901,0.0035066813689085,-0.284689192031348,0.0356552159909044,0.0797199851571632,-0.0188621935965962,-0.180070503285838,-0.709938998187145,-0.015466931044159,-0.03392375291599,-0.194120325156963,-0.203430046736354,-0.0533092197907126,-0.203233122336059,0.091672529721321,0.128401963443442,0.450905908780687,-0.131202413103816,0.504270362647653,0.0833991811407159,0.323062390086388,-0.163561356567793
9500,3,-0.14890332950823,0.417353197436973,0.157539425696096,-0.185462386341909,-0.119691968475511,-0.322660888895736,0.445708462864419,-0.463902269536,-0.198186299201851,-0.0978822236551615,-0.29926342526812,0.106424389256058,-0.216545741950514,0.0620848455310056,0.382201792185837,-0.181288893267053,-0.0519090619431298,-0.355098417094325,-0.155755909284013,-0.0413068872745743,0.244303757090701,-0.354309240052114,-0.380792061618755,-0.430575989995407,-0.0740852330263292,0.171666081615966,-0.151150902334911,-0.0437759459277816,0.39310510944608,0.666561119787667,0.268776555619125,-0.273741036445634,-0.571918574838337,0.300112750262833,-0.00952806912092448,0.204537368645885,-0.0541365627308372,0.101794786867848,0.0639654461925194,-0.285687398197761,0.200931659786658,0.0416745815461579,-0.0850660740356218,0.48303436082318,-0.0948809148326169,0.0750376026396152,0.0271392693046159,-0.04725630541739,0.0654605922784095,0.524391502855041
9600,3,-0.0530911806995161,0.326599813616971,0.378916066993487,-0.282317746092284,0.0507151610557003,-0.429882583670275,0.394878867288917,-0.417378677876548,-0.300779508663198,0.475087439279772,-0.166892644499172,-0.394130427161835,0.0716845058613379,-0.166602714111007,-0.0512739597415639,0.13490506075386,-0.00765694134996177,-0.552810293448418,0.168787623513486,0.118637927171735,0.0358629366561614,-0.146894243373786,-0.263374000153047,-0.548862379590367,-0.284807666420923,0.0553507754479999,0.0183729819361758,0.279235397306331,-0.164561451303805,0.539967969330406,-0.0122201750676189,-0.187664953030512,-0.0546583134473261,0.0469078281625158,-0.0440309135212159,0.249329500439243,0.406278219812105,-0.00128554374346365,-0.276684236197225,-0.224992681876883,-0.147838933469941,0.565259451984521,-0.132211765117904,0.159623237291158,-0.146911467591945,-0.523623157339768,-0.035926687631179,0.17182461518294,0.170326655854413,0.246497087511569
9700,3,0.475939074503033,0.18977515224655,0.326309287309032,-0.274221350802096,0.1032140632218,-0.0919785424867805,0.585870836373655,-0.380646201922055,0.16020167788987,-0.222897649185509,0.0183885761757789,0.105792607362059,-0.207759079001162,0.718392112911645,-0.188450207298249,0.388603379996584,-0.0551870265109548,-0.283615159300482,-0.0684626585859167,0.198782381281986,-0.326504894450186,-0.116219272354589,-0.0854278575032988,-0.0289678451451849,-0.135881416240377,0.314644671315913,0.312401361239994,0.00106233594794104,-0.262024394456428,0.407252382155127,-0.402984221874675,-0.206495694341804,0.32743063819146,0.0264282544159649,-0.131057912489735,0.155931211762735,0.00681625822411015,0.127320436520879,-0.121671057155457,-0.181103725538607,-0.108495471717338,0.0447772353773704,0.165636576826601,0.184726254398698,0.027082872667266,-0.215724244539778,-0.137724593234081,0.694572812517546,-0.147482163139949,0.0311313204581068
9800,3,0.0570899759601012,0.125049045451719,-0.149259586729659,-0.397863518241481,-0.201655430680747,-0.0716183874864092,0.67020100016868,-0.159452824572433,0.207259985776501,0.251740334598986,-0.170897359780148,0.462526498529491,-0.21638903119835,0.601479994327841,-0.715648710084673,-0.0584037296949248,0.17846614318062,-0.194013763020943,0.105610041712404,-0.213068260375367,-0.316045897435759,-0.498354241725964,-0.143852429671952,-0.194708833752181,-0.262414230603824,-0.0132954588194997,0.0858452437661034,0.59876214818588,-0.163457588799574,0.157006737916753,-0.0154606965462066,-0.3693138850613,0.11298029696858,0.482686848607289,0.228846791620198,-0.226212431741038,-0.166988792958748,0.15542261921235,0.622040679785078,-0.117845326910345,0.0654364078322291,-0.0129643353620476,0.0745214548918475,0.000551753998617496,0.253104217201816,-0.338376339119274,0.269908971066908,0.183257895391485,-0.0404170139061831,-0.0900626605283759
9900,3,0.0389887683753615,0.400943526075397,0.00992376697534032,0.191422859469018,0.0296575431186859,0.094117368374372,0.573130095144092,0.113448722724736,-0.000810237851312734,0.300396126373858,-0.131168726259302,0.149766724298279,-0.0919342602959436,0.106908825053532,-0.0678733293548417,-0.540065482430389,0.328680502355505,0.266019010773777,-0.280219094217752,0.405528416114632,0.200366922255003,-0.42291510629093,-0.307536294166073,-0.240632779908168,0.114792060075114,-0.452819348716789,0.127213901230592,0.117139123802206,-0.453070763076491,0.462132065861057,0.123306053782027,0.196324501387236,0.259041701878569,0.332020821643088,0.264793539553992,-0.439534555004981,-0.297450179766202,-0.153196447495753,0.671756463275479,-0.0907628480271481,0.0196584647283361,-0.110139149605977,0.0186928913549706,0.35836594565341,-0.0438528813296192,-0.0605016824964807,-0.0818677756171738,-0.173240381061375,-0.0531041481775853,-0.326170190487591
10000,3,0.187690876170967,0.389555009444533,-0.360339314432896,0.034822368566788,-0.365632340538078,0.0673656105392359,-0.024318080484581,-0.266954406213154,-0.254967702774019,0.270801672045356,-0.0957409865865635,0.0492796022039817,0.103301546643405,-0.307259833107157,-0.215910019116136,-0.486870317395592,0.0549789872050029,0.281675701552006,0.0266973801490429,-0.197130033121327,0.374028210142042,-0.607935301457932,-0.151762768975555,0.0980217650667702,0.270935520373144,-0.25862768995758,0.303418708494603,-0.429671799823222,-0.346007884491697,0.552297459589507,-0.0606012907723895,0.585396960516717,0.247521027528085,0.175018008816756,0.168485449432805,-0.231260090452884,-0.57910246407224,0.35086149506772,0.0135199962817157,-0.145031541166493,-0.207494766255547,0.0152463120502728,-0.056212244061331,0.125026325007409,-0.0684763796390172,0.99125730769987,-0.0208059376024938,0.429999594122722,-0.134392766518124,-0.0349291005239458
10100,3,0.205321499054637,-0.0289839620172661,0.0211693027019455,0.430349765606822,-0.0343649089968006,0.562506349163514,0.0449138560798336,-0.426433613798706,-0.61842026446961,0.569580811480673,-0.191306970794384,0.037106250022951,0.385959488056862,-0.0200107769432119,0.0563765292332401,0.00973602076630291,0.482771022755516,0.280234231981657,0.0172509007359591,-0.025971401589827,0.00776229102236731,-0.76365945160792,0.126611209515258,0.165993552874299,-0.135842715052133,0.199878852483345,0.472013477150222,-0.260698988234625,-0.0629808310119907,0.33842309516693,-0.0571959446904714,0.0849260982677647,-0.0791868146244824,-0.205796737500397,-0.360957075230852,-0.038125954923907,-0.23613725606917,0.334748622308454,0.296125229969696,-0.529735555567139,-0.411471465923814,-0.0589446550024868,0.0677637921727625,-0.122162714817623,0.273119208250015,0.543955488264547,-0.12034012496066,0.374518649298145,0.141504335846914,-0.136665152258886
10200,3,-0.144170045667621,0.311881630657913,-0.163404258656089,0.291591300275623,-0.141174733931233,-0.0609917884333062,-0.11653694013138,-0.151160501214743,0.0778529921183663,0.378029947969217,-0.0414973520804253,0.481361753068599,-0.624573563916442,0.265151213470709,-0.077068249407371,0.225896068876828,0.374619277719647,-0.00362659310763587,0.329248418888962,0.119769034572993,-0.246088661885453,-0.144517316767332,0.457835408640813,-0.25661582699623,-0.171467303715704,0.0816380603521075,0.558818022592167,0.277817900415121,0.145086989131724,-0.343457960205534,0.00989663642107839,-0.611757692606903,-0.100852369153354,0.418538112481746,0.0515930786068929,0.0927226403504874,-0.239225250332086,0.514562144444045,0.534907939109023,-0.187177414665578,0.0310575381123927,-0.0712474422281929,0.14304067909421,-0.495358000530227,0.218187706110722,0.116163401655223,-0.551478692012613,0.191186284100808,0.269269439033473,0.0391860694582207
10300,3,-0.413789193076224,0.215413268333042,0.00971191560761649,-0.00349935422554455,-0.0819353478978538,-0.113613455431728,0.0452456107339351,0.360773318101625,-0.149085264599381,-0.102100331230548,0.142102585297642,0.147622125581967,-0.186873313826812,0.472685316530614,-0.207190085645275,0.310426812715971,0.29943560995167,-0.68708474429521,0.0437061208843183,0.0305454656817126,-0.128306654471084,-0.566006717391863,-0.36593207992342,-0.067960407543019,0.493205932973498,0.420013753640181,0.169577567011862,0.103573054135069,0.196256337047709,0.00954055581429747,0.00376467950325705,-0.532824817643773,-0.216182698051061,0.146412940100635,-0.0849965132002305,0.46242228960431,-0.24715841789267,0.370388481901018,0.0565270056873546,-0.240327414508498,-0.180055683558267,-0.52942142620344,0.0259056805849635,0.0612110760494307,-0.015728180383424,-0.332166687484794,-0.712616649917094,-0.0689884767869403,0.459500802798872,0.248688018255073
10400,3,-0.247929842066082,-0.595358237231611,0.0947449521154546,0.293827476155096,-0.0634913773830356,-0.214464547912745,-0.291261102287873,0.0533154068810404,0.239405879856335,0.294111994802245,0.646987243235347,0.120597921835708,-0.510958324263532,0.334368541115099,-0.0458206556740322,-0.203258430314021,-0.107439180805736,-0.282126060134412,0.471609408674933,-0.286030854873494,-0.0975041451123319,-0.0418121629324884,0.190591875864465,-0.141455512618738,-0.00998835613717053,0.762354688641335,-0.35300486316024,0.28646208778836,0.0607587371096719,-0.141029995231988,0.0619763359713153,-0.156827455597437,-0.0303593045879015,0.392656919506919,0.430231120988692,0.0215198479793005,-0.348607904361018,-0.0829285397418751,-0.325300167744448,-0.560752081337194,0.21025954279379,0.0368585261090912,-0.562112492275448,-0.357248492779012,0.129840764811485,-0.944072454402545,0.0744507346933084,-0.0383115806369297,-0.0677063415975326,0.378551798897342
10500,3,-0.00769421271845915,-0.568317173874369,-0.195885005193204,-0.185347009979666,-0.07457068330346,-0.556319417857777,-0.631942096477479,-0.0584387306120327,0.184552343753909,0.111640288398838,-0.116601795094628,-0.0212398513694417,-0.380402855223715,0.316110643389719,-0.322526876873176,-0.158609014134767,-0.0463857959877504,-0.209686466147615,0.0877410715075891,-0.375142265308119,-0.398786844160572,0.013287284517619,0.255948068522444,0.462191860138497,-0.00488987569908252,0.0758348183201282,-0.975804536340194,-0.409609309821664,-0.747235083612648,-0.0790372354863511,0.198349184377121,-0.534097304701601,0.0276283734611404,0.605223730000036,-0.884729524759081,-0.197929680704929,-0.528688150916887,-0.298708610218407,0.144322122412189,-0.394995158206601,0.257736638336446,-0.0224911156183356,-0.392430766161912,0.15889635406996,-0.284246426753244,-0.341823251197813,-0.238727362580989,-0.164169232159967,-0.212049693958669,0.264021912545686
10600,3,-0.106488871207713,-0.847577994905165,0.0426830181166871,-0.134307182208252,0.0147529467017229,-0.294433847968044,-0.691133655364365,-0.63449179747898,-0.43546169472827,-0.19985898379615,-0.0197040064240859,-0.124189529531325,0.223110514008308,-0.088804671977243,-0.167362229421111,-0.185280034407054,-0.121298812097203,-0.126018326778211,-0.0561654801060688,-0.165585731226684,0.269011092142043,0.70816499865458,-0.0981523465777462,0.279133341294059,-0.259610046972171,-0.299453599025979,-0.533440642911969,-0.32862247501156,-0.0969230749987135,-0.33737575349948,0.0362111071311598,-0.427092862605673,-0.0175881733445782,0.326824374071057,-0.356420537879063,-0.398559165001039,-0.680293240459234,-0.300394092546813,-0.543283553924981,-0.0815756740261771,0.420506427338674,0.0268701821939336,-0.284719804769822,-0.150977465884394,-0.479014689737968,-0.15635981396685,-0.254668254782519,-0.433120951523764,0.236805518503476,-0.0525717902123512
10700,3,-0.0604247136437786,-0.147181435411757,-0.295669843863966,-0.169391069062449,-0.0168751053234095,0.197126536537812,-0.26255856555187,-0.526274542900705,-0.502149586519221,-0.200551875899771,-0.0465686259695513,-0.0385371470475196,0.201245535496661,0.1770129711826,-0.269109126720889,0.0166624996423761,0.259754845953493,-0.310707702803925,0.0981518632982732,-0.526714052714807,0.0574057197395875,-0.0347852543022943,-0.215063359999169,0.176470837423586,-0.230986148554625,-0.702346224662788,-0.204082099609402,0.0953855899581905,0.117117813637928,-0.24057240592071,0.0941919792221272,-0.556025275914327,0.651250451825715,0.101567448935668,-0.633273859275141,-0.503068983098978,-0.316184765974796,-0.166369347291346,-0.437493830661098,-0.123440333624933,-0.0870812977420549,-0.23640931332258,-0.247997342536213,0.0190452107483413,-0.271376377566163,-0.20092548555739,-0.478569794394496,-0.170865955370972,-0.064822873733329,-0.462552097163037
10800,3,-0.0355703013941188,-0.126302300362343,-0.0419784235479163,-0.0318840382067323,-0.250116905801611,-0.4073969585786,0.0377746525815226,-0.669922229429825,-0.133442799170524,-0.242558895507612,-0.0120850695101091,-0.0997804937115717,0.0178377444174748,0.268080994480446,-0.25577653296989,-0.595815043830721,-0.107718309252842,0.195409746921337,0.0133065701205054,-0.502134609336567,-0.597207980046781,-0.216284237489654,0.143621198476864,0.0855355541343587,0.0836032346675987,-0.978519963546171,-0.296755934436435,0.459400331281643,0.0396557082853934,-0.359837722629816,-0.14495191994163,-0.746621541124859,-0.370841095127844,-0.121888185965691,-0.661994570003884,-0.380729803165548,0.0806677422411902,0.26474926907673,-0.239778840429161,-0.556655064695819,-0.430842933425436,-0.344492696811428,-0.598478063880579,-0.146040728694757,-0.138721392017192,0.133515039844664,-0.0692637264380351,-0.321148011373387,-0.00555910584744267,-0.627721448563054
10900,3,-0.0531954217371167,0.0244026366927911,-0.0691118514634138,-0.0714124670476607,-0.704674221207127,-0.298046647022917,-0.0507856240401903,-0.829954962830748,0.00648913416931059,-0.875677778301977,-0.117148565125367,-0.487317067472119,-0.395960944422097,-0.322237839532889,0.0722171106930745,-0.636322319373857,-0.707663248798075,-0.237508027640047,-0.0114214224987619,-0.298195113301362,-0.440395118957211,-0.137506211985834,-0.642422675073392,0.0298796283203076,-0.467327188359327,-0.802607577118548,-0.36843075288007,-0.135812701566518,-0.420461643394204,-0.0364315151537055,-0.356968865271466,-0.603844768423916,-0.419935418169906,-0.316092389993506,-0.772543201101311,0.0701336806882453,0.0729578403016552,0.0929951556189418,-0.274966162202062,-0.959048244207993,-0.552399593699366,-0.543491052512167,-0.603514409359122,-0.177568011866282,-0.0964314028482285,0.32437675498011,-0.4409363855517,-0.0510559675741439,-0.374892753642639,-0.137707909272863
11000,3,0.00285097153257635,-0.277855927237085,-0.352234613187037,-0.13413663477204,-0.431529800517037,-0.539583341485792,-0.019096562337734,-1.02010865198425,-0.6093961302221,-0.544703951870964,-0.879300502715471,-0.661661176211001,-0.561552481869645,-0.320243698555185,-0.0933668382113702,-0.168524543863271,-0.518515071594345,-0.508084549890585,-0.256747572334475,-0.0335002278447597,-0.673132196600378,-0.334512701530936,-0.408396958438717,-0.257219295407677,-0.728576927092737,-0.480653239953216,-0.305775964150275,-0.489781483360538,-0.113172676840573,-0.397382586072682,0.166067403901561,-0.961968486055487,-0.511836472655495,-0.206137841947012,-0.216095663895119,-0.0870655737717839,-0.397044146676741,0.476845449494008,-0.131596587826405,-0.656930220927308,-0.721719765355381,-0.48512197791485,-0.596122546221746,-0.773566213793582,-0.166257803395976,0.121195379329334,0.00630552725805476,0.0478809770526384,-0.276136122114246,-0.0249034946828489
11100,3,-0.805308835303498,-0.474532971533283,-0.17106033370319,-0.412573662444843,-0.500558885479968,-0.420330136302167,-0.104434402982669,-0.722148999743653,-0.144071793125878,-0.445387411024343,-0.496045715109217,-0.568126009302863,0.176688350413586,-0.311588844764454,-0.252823298941372,-0.723214759059305,-0.633741317757327,-0.107870350241375,-0.589662503466565,-0.0659790420286679,-0.416707820756641,-0.511226474516011,-0.241737785760888,-0.382720314721136,-0.0441684452361101,0.0204998834482692,-0.717908960090739,-0.189463227172167,-0.380594298539027,0.345623674656516,-0.0928857760348519,-0.126489795477623,-0.332746982506932,-0.338864843710363,-0.420180533536112,0.1980407924438,-0.9548137798814,0.354635372964059,-0.54618680141074,-0.437720789088235,0.144223573348428,-0.707666072074156,-0.373317998573505,-0.573209333833717,-0.658918566128646,-0.258825066958123,-0.28955543999534,0.633958055681218,-0.401053173168954,-0.567766507244959
11200,3,-1.00349360530608,-0.389287585514905,-0.39590925314876,-0.548184549266555,-1.30655251439676,-0.0686877236545925,-0.149816865079502,-0.536799003488855,-0.273684389208972,-0.604241625017327,-0.47154545678379,-0.177956717199652,-0.0772260337351153,-0.248375952923316,-0.313540337882963,-0.625060775085348,-0.438825396780726,-0.170475510436187,0.0991133466485438,-0.245540187204824,-0.199822646031129,-0.239536870545063,-0.237021558042613,-0.757353038087388,-0.00921673278533612,-0.465645085502289,-0.834589225283177,-0.391752886518121,-0.717748932501784,0.304743834890121,-0.538398728318782,-0.0917755926802539,-0.349561050596633,-0.191131671332842,-0.0502711208200486,-0.634940953750829,-0.851956076344953,-0.278133542049058,-0.187330792008597,-0.818598410363045,0.147616862780634,-0.632307646272676,-0.929358621970217,-0.810673707923411,-1.08605017329975,-0.649969038212353,-0.185786151988836,-0.48657399645738,-0.746847403418592,-0.514756400314811
11300,3,-0.527512480208528,-0.540062771717282,-0.472721443028692,-0.537916177986917,-1.04354866662988,-0.53066929475311,-0.254315655958475,-0.827358826228327,0.0196821600923056,-0.329413240558879,-0.736375993427748,-0.456676528199988,-0.22528441158423,-0.847945681563869,0.00555404937913813,-0.259407076204481,-0.944514961240902,0.0114396965327684,-0.16853478752565,-0.354525844857249,-0.422948982932212,-0.434792991669165,-0.256145072618235,-0.680720971946972,0.0716639236269088,-1.14550594811399,-0.633036388416861,-0.801911583106218,-0.472251164928151,0.0404567176747593,-0.154721071630489,-0.68711441193531,-0.893732515073809,0.0569356563460755,-0.590610298820889,-0.273547281380242,-0.587520671810177,-1.00084777687262,-0.758097755438966,-1.05872380773777,-0.20072617355614,-1.00976239621243,-0.613851207554765,-0.871985096607716,-1.20603278033949,-0.822081146427459,-0.228300627898819,-0.85668623743268,-0.371958635654528,-0.668836518283542
11400,3,-0.505824674066712,-0.730503148808413,-0.639634247478651,0.155344781115156,-0.1948858146312,-0.146335460390118,-0.834251501642256,-0.449565858967882,-0.52662249782284,-0.697422140467405,-0.645461114121621,-0.574675703266141,-0.483700088332818,-0.971322120297156,0.547425205452775,-0.392402438468684,-0.992236699136051,0.0418486417060544,0.106128059716456,-0.833604005185885,-0.343508308039394,-0.0930559057882889,-0.256293477195564,-0.931425444452686,-0.427543081660578,-0.672636337783265,-0.301665408876936,-0.684888929943448,-0.289285722988805,-0.192084726446871,-0.178419713731264,-0.946028040011875,-0.494952473844904,-0.279523207634816,-0.202143202612111,-0.131730060622211,-0.83172134746676,-0.485577077509318,-0.832934044486739,-0.977014312747378,-0.664388638771293,-0.687825590438502,-0.556068166857188,-0.997523031608463,-0.49933433212528,-0.666860694204361,-0.718260512788471,-0.830935332190898,-0.167556187343411,-0.767290750669346
11500,3,-0.500996684468211,-0.545582224463089,-0.584986538152065,-0.89024984026265,-0.189672838194681,-0.199189721855636,-0.810116942475206,-0.994107540964013,-0.416090141764293,-0.11516249120099,-0.67935028997842,-0.574755422141961,-0.779285213925832,-0.32443268345142,-0.691145354187504,-0.0964588044970921,-0.614573387167012,-0.227333794459395,-0.116818735247619,-1.03313625069466,-0.486139167785989,-0.5734953348007,-0.671284459492726,-0.842944053275214,-0.0625479905442849,-0.534198070065856,-0.128736964758867,-0.693945996199962,-0.267166573478184,-0.363403675521912,-0.444860197554026,-0.6664369790151,-0.435544813030791,-0.939686586452281,-0.354425329158867,-0.702617862770093,-0.419324572447694,-0.654511210482127,-0.774662758168093,-0.11732596370724,-1.01618430565038,-0.777141592175721,-0.726340377791139,-0.877596782210305,-0.831043165426994,-0.678660862905056,-0.733983546848495,-0.244145679679024,-0.49549784377923,-0.494845490052781
11600,3,-0.161487798111337,-0.769912951055428,-0.50486534554885,-1.11023706731704,-0.488858534135683,-0.56734054049445,-1.01737385218277,-1.1063651236838,-0.900907937102744,-0.67696149031671,-0.735268118993144,-0.0705948711885242,-0.402899016040045,-0.377352229118388,-0.763096475996265,-0.943881267961975,-0.749431100503015,-0.119242900295851,-0.906153836072853,-0.552958760550255,-0.969051113802285,-0.130770045557438,-0.888104401196681,-0.143900889289216,-0.0809412470568891,-0.874483455769801,-0.252070144080082,-0.648875473071865,-1.25040904503663,-1.00693309483086,-0.615652072908706,-0.30376401178601,-0.0926878873014959,-0.897593877411714,-0.0334551188392769,-0.936665100313502,-0.600033922018339,-0.897512063141221,-0.981631127153387,-0.554572527757706,-0.923309714532627,-0.331344333155318,-0.840014614043427,-2.01346241943528,-0.451097386209711,-0.134188569759045,-0.811662481046099,-0.926613113121122,-0.931193024101918,-1.0401469904847
11700,3,-0.212327724458625,-1.22036063419532,-0.00551734991679385,-0.985330972044714,-0.8893260317227,-1.07508991853533,-0.761533526859581,-0.696987677082497,-0.567922284420928,-0.720053665116417,-0.721571748051044,-0.199070527999515,-1.48796249112955,-0.420641194267279,-1.08440050688741,-1.00851738269723,-0.351691458780766,-0.289610324155231,-1.12234055965372,-1.07013919481203,-0.883666771250536,-0.345719377116781,-0.437201617582588,-0.448861224052701,-0.370069662937053,-1.14065009736781,-0.372430713139908,-0.998857398047367,-0.938990011360379,-1.01082903759007,-0.508415884718563,-1.02156114936317,-0.874382657394615,-1.2369027068767,-0.0472546782041661,-1.67174240643929,-1.0322896832938,-0.56244846375022,-0.89858185679764,-0.581879636664791,-0.493185731509581,-0.914964685020585,-0.925915005290368,-1.52624300112254,-0.812196895084612,-0.26006167343869,-0.675460944088886,-0.87223877858437,-1.55276119845614,-1.09251251975924
11800,3,-0.133513188295245,-1.24320504103208,-0.570464608075073,-1.15377489182685,-1.12004152819597,-0.889096693003036,-1.03631310193505,-0.54370700856125,-0.693754077065056,-0.870297116183284,-0.484790861858874,-0.902852015513667,-1.16051962562701,-0.336338108282599,-0.950680559759525,-0.875420688170954,-0.845023734839479,-0.52077054415461,-1.09409174728144,-1.17289349054183,-0.507988384565293,-0.792150462311644,-0.963966230791615,-1.0131602882828,-1.02665327457079,-0.653704178164068,-0.163210693521142,-1.02325990006086,-1.32610588152935,-0.880743865660208,-0.649720792533643,-1.04327923629432,-1.21588184674216,-0.651159164242003,-0.543401535493114,-1.05544734537435,-1.14620750965693,-0.976098493556281,-0.647103716284552,-0.97373659959982,-0.787657282794996,-0.450709829487114,-0.365871890937865,-1.2186672284149,-0.913462328438807,-1.36549323487867,-1.30930491286773,-1.1122776537522,-1.13685668350071,-0.766464528140167
11900,3,-0.198801706123162,-0.753051471371185,-0.652495362892692,-1.23838145844544,-0.526804090746169,-0.991140800348279,-1.28466130634172,-0.138383931683407,-0.165005683140565,-0.530300343124353,-0.705433117743076,-0.842914503995611,-0.753238504210158,-1.48307834784218,-1.17394297652213,-1.68550584019156,-1.71554062052504,-0.561805882256276,-1.11388315200863,-1.2475632025909,-0.543483775306738,-1.46984774601509,-0.789061003708929,-0.836049681667344,-0.555694466296379,-0.73021782986263,-0.606413749748758,-1.42454572217503,-1.50650911206309,-1.07886390741492,-1.63556857711982,-0.984069135466599,-1.20057719181789,-0.728145255089914,-0.92300553681386,-0.89148565746865,-1.27027653183419,-0.873782414253234,-1.1843043077732,-1.3435171655074,-0.531467380203745,-0.978945503351308,-0.299330711669429,-1.04064995268401,-0.850829563048942,-1.0132632760307,-1.02677819377125,-0.807349859978096,-1.15302353732293,-0.854083835654831
12000,3,-0.528157236037377,-1.27534075556029,-0.651370065024583,-1.45560587823626,-1.20502654201804,-1.00363462505695,-1.3473252316942,-0.164032446116848,-0.265724270689657,-1.19909871534365,-0.518229159302569,-1.15939251656606,-1.29460266757121,-1.20845746512259,-0.994649056057287,-1.5216553445711,-1.80185848326888,-0.993504346304944,-1.18804434642416,-0.947913031039903,-1.17001124875126,-1.4399852146134,-0.706241777476998,-0.802375648535207,-0.944325957093845,-0.660102495074103,-1.2028726174259,-1.39442613029674,-1.78682050502111,-1.42025850749689,-0.939305827865484,-1.64865782151678,-1.35298283284762,-1.9657347994587,-1.01479002150396,-0.974295467924324,-1.21975102506017,-1.24015039438331,-1.68961323784541,-1.25699823287614,-0.997912061899529,-1.10920209876413,-0.201122024616947,-1.35854526703014,-1.31489968618615,-1.08879067581051,-1.71623763702739,-1.53123787255745,-1.11764228978278,-1.1567035743523
0,4,0.231168189346454,0.312198382112825,-0.36876621842149,0.161603232292132,0.411607453855056,0.278917897594183,0.519909948393112,0.0358181734319096,-0.530173987720381,0.0244642825727382,0.0875838999828489,0.380233705450032,0.10289806114304,0.082585839101266,-0.255740053328492,-0.646455506263598,0.364846172011086,0.0730095166600987,-0.487420023651424,-0.385009211338089,0.0480470334999424,0.404536879668298,0.172983265375557,0.475031029423645,0.345059844713283,0.422063697094534,0.192784749537454,0.459228888552721,0.0162595309049791,-0.84985523981262,-0.422283409682858,0.146234764797434,0.341685968233368,0.0862747062973063,-1.09435783287472,0.287881695813839,0.253975194810761,0.777149257642979,0.556472287958808,-0.420587927066184,-0.214924713429589,0.245957281288867,0.224009415400974,0.437608951607904,-0.205011432880986,0.242050591758712,-0.0502977959313076,-0.313388143246674,0.385284928381224,0.512572521550604
100,4,-0.145296310701834,-0.134179516838785,0.241763574449132,0.0391876518052655,0.164209527129332,-0.353772898572797,0.0256467719373969,0.141396460008155,0.0789658736664471,-0.176282704827077,-0.511043900027759,0.0333433762449999,0.171690668413722,-0.00643964826314414,-0.11893103679402,-1.05390961226161,0.00238076892086236,-0.0529438977661198,-0.638817866969978,-0.128463678199115,-0.00238076892086236,0.131140699894963,0.323033123547739,0.207133418338716,0.332537232507814,0.394084839544614,-0.212526439080001,0.222504047573963,-0.100420625635468,-0.538540586275507,0.408215794733933,0.432630308137131,-0.201903146944856,-0.21246330638474,-0.0918380096356559,-0.443248111606191,0.0833356581005139,0.301489309262551,0.516095706164055,0.236258977994075,-0.526895239050341,0.32271735829568,0.321203096699191,0.155735862102057,-0.117619298366698,-0.144573165999482,0.292961884972308,-0.601400372089724,-0.254919327541773,-0.628057064461863
200,4,-0.501153108982366,0.290869863444469,0.146435292545915,0.162618126453188,0.702164889453887,-0.26364341664035,0.395254305016106,0.876261526964389,0.603808789664908,0.226176232863463,-0.489832880214894,0.174473362017921,-0.0677624101789585,0.240179463399089,-0.184258272686453,-0.102768547465825,0.145770732041148,0.450122117251936,0.449674305465126,0.179148894158991,-0.376334114571192,-0.1535668241518,0.576536415647405,-0.254831230110085,0.481738888521765,-0.0687942511860179,0.0084267310293179,0.625558175923078,0.0559900752907368,0.384634733866266,0.147960473942062,0.72404828049087,-0.057624516848194,0.134973623955051,0.342278297317744,-0.135157981874277,0.0742005764515047,-0.188399704398385,0.0742669247557657,0.21813835734774,0.0510098041199849,0.248388248671731,0.056545970242266,0.492046344027489,-0.154143939335644,-0.718117300996921,-0.326099140484625,0.119553894896824,0.359419743640216,0.0235209320572409
300,4,-0.395179219545692,0.190680538149079,0.481140872155437,0.413090247465705,0.5674950100519,-0.341565169886847,0.163407668008147,0.54058493469532,0.135214836705441,0.273676037664438,-0.181502729436468,0.0867103046539639,-0.0314918584109596,-0.215201129352264,-0.0667949368959323,-0.0136656616459593,0.346841758330762,-0.196375936412034,0.54512534441178,0.486277149285826,-0.108540850781754,-0.0623180171404086,0.362106858582082,-0.18038998687406,0.132866177663,-0.0424091557184371,0.100420146206179,0.497823858082122,-0.323249988174886,-0.146574252303184,-0.0598086227648277,0.0849014579670413,0.6986850777817,0.0105732272912706,0.114294996049396,0.129336911114091,-0.118607990104402,-0.475298203324762,-0.228961993386168,-0.104994463005546,-0.519660004633892,0.165652713475656,0.156072003066651,0.36561075466773,0.29716589078955,-0.112422069474223,-0.262653239555093,-0.181380745002332,0.533297810461762,-0.330341968638096
400,4,-0.0443558242751578,0.44598511839767,0.209959628895905,-0.288694134546928,-0.165854054908232,0.0320955637528451,0.261322184345661,-0.776277712568167,0.110767437664675,0.246114252017752,-0.55094759423242,0.114244732122043,-0.167997670339659,-0.227321717853706,-0.371948478422882,0.200320840868319,-0.303625191785986,0.229764410493606,0.084457687316823,-0.0967219346859228,0.137168069109793,-0.463146697450385,-0.105560889652241,-0.500934478451624,0.139821175958693,0.052724761959537,-0.487986293990948,0.257022414553535,-0.0997358825071406,0.253411354990954,0.00196400022402277,-0.637325537656678,0.138195079887587,-0.344844888122694,-0.11175386971204,-0.337582590177934,-0.0553390929781882,-0.341328891530246,-0.525539062636658,0.0891280337901602,-0.227972371085212,0.0629598684084771,0.204325901037823,-0.164594652453563,0.0258331820802606,-0.340900699880564,-0.21666354799614,-0.368876761862526,0.236871585628521,-0.349737543990713
500,4,0.027171985775132,-0.250676760136446,-0.302880406031014,-0.634918907772,-0.425533106999753,-0.0440619153170159,-0.400731422920096,-0.148876085373491,-0.0554246245130672,-0.698563063702732,-0.173921345193141,0.1384214291776,0.227401517705806,-0.486604166823308,-0.262952270724343,-0.505316862984514,0.0603030443472662,-0.255673647432623,-0.599239073819143,-0.398281113288598,0.170883818481534,-0.306517848115271,-0.271708219653497,-0.735910941812517,-0.0386606552057553,-0.243369659414778,-0.382697388754257,-0.264837960305941,-0.056551519690223,0.721765507460764,0.0373798708982278,-0.14254705291708,0.117830844439272,-0.559990214184255,-0.214009329790649,-0.175360964783668,-0.0850117261423435,-0.150188976042441,-0.158030843694698,-0.138505321412784,-0.0889501248145055,0.142589955644819,-0.00339117085252291,-0.522423966806748,-1.00072604758389,-0.34882736579494,-0.471293935545493,-0.586421894013238,0.268157284601214,-0.654262916212178
600,4,-0.0514458239736049,-0.340481089620508,-0.257854988938141,-0.306046715572775,-0.127658589928799,0.0759666451578908,-0.493059984051614,-0.360997158036974,-0.507866914959007,-0.163237286188886,-0.538898837928796,0.244208957569443,0.420348531221969,0.00514410719474573,-0.392840601961389,-0.49507950973109,-0.60106372160925,-0.633184173799648,-0.846763610081627,-0.179266119654348,-0.0458024672164119,-0.134567848609437,-0.0719288960748959,-0.630958034619737,0.00841844517658435,-0.291507876088604,-0.411439808557975,-0.474087027046989,0.00887955978564658,0.181725079822478,0.0647059768780009,-0.163328181453102,-0.0743843554810365,-0.375700223763346,-0.129316670006424,-0.491486002571478,-0.0249333496354248,-0.185207882825356,-0.539424938577896,0.0324478587070157,-0.173715511127855,-0.181245312573165,-0.169947697146851,-0.18904927341306,-1.32540437182543,-0.436141239096599,-0.236002531836559,-0.494868462356555,-0.5866755037831,-0.441205008093764
700,4,-0.1051413007454,-0.432210901855896,-0.362739600620901,-0.193327685386741,-1.00073212635128,-0.295398570631317,-0.322516185705995,-0.102686501886798,-0.562254981064113,-0.891397887071042,-0.608341414318424,-0.282021920138066,0.118630392763033,0.137733452913488,0.0292202279883155,-0.889941304581811,-0.785140063946127,-0.394875539407713,-0.104869318358974,-0.605664710355026,-0.191349906682194,-0.136382094790592,-0.21292828222264,-0.405836694308849,-0.384559807154395,0.0695889190139022,-0.510625364362594,-0.647170843368264,-0.00228283464933005,-0.838816772958291,-0.0729555605404828,-0.174251677053744,0.0997092167188163,-0.39681313827176,-0.597527643624339,-0.402888002753035,-0.644487846443331,0.101261092990468,-0.364671013129184,-0.595576173227095,0.299127023215176,0.256172537166243,-0.277167209574069,-0.117079813947124,-0.995347229451905,-0.44784267729034,-0.241991003828298,-0.71262722320198,-0.849019410604833,-0.402395619519662
800,4,-0.493158392772835,-0.413172659923327,-0.217940133380601,0.204326561647821,-0.397283168490375,-0.142172868109476,-0.43707529700629,-0.263225795688802,-0.538066604654414,-0.6392768988962,-0.334381121612779,-0.0666784792324191,-0.239864499706822,0.0523911034878902,0.48623608976576,-0.731069758011891,-0.260341830370323,-0.105449894831671,0.142929092074849,-0.67054882410674,-0.0572613807219413,-0.203860445482134,-0.406515455391276,-0.628395678396086,-0.0494045594224409,-0.226691453490172,-0.333522231094889,-0.682468786687496,0.171552628051581,-1.0522262083033,-0.189370578815723,-0.492058807352061,-0.393555493682385,-0.421071212069037,-0.78743794602279,-0.333083671373728,-0.0145399088872874,-0.246194342534931,-0.657091960002545,-0.511514821596107,-0.275853827361457,-0.481531357544299,-0.134217698160898,-0.14488829479392,-0.555971639982752,-0.800614072487093,-0.38232753909612,-0.272483587456059,-0.492750767304369,-0.0792181870003845
900,4,-0.0768773836375679,-0.0362821367467573,-0.634838991445248,0.460473577428629,-0.347334740920573,-0.381933544588202,-0.228828529788533,-0.486653103341253,-0.107413554306452,-0.67800442142096,-0.50528992815824,-0.284786756476471,-0.0731609700556219,-0.115897173569324,0.298646079423794,-0.739180356228843,-0.228023333394154,0.255976497845976,-0.336225749030483,-0.483119542425219,-0.00840088980187387,-0.859259112149438,-0.169052067321138,-0.457213809370646,-0.449923827576586,-0.0927704272619112,-0.443069791171806,-0.79128745671964,-0.218201956301182,-0.976012880426631,-0.301778659415835,-0.573339441168209,-0.414404797353774,-0.0845395488122229,-0.786064526365405,-0.545016108082562,-0.449243611881972,-0.318907327779853,-0.591905131662751,-0.31526368248797,-0.206951572566121,-0.615505540177862,-0.242773908506896,-0.319227305152197,-0.150333012124505,-0.935435922219493,-0.500915169474561,-0.624384738902664,-0.783502277011581,-0.0144855725347003
1000,4,-0.262700420433435,-0.24840760233865,-0.0520022683074323,-0.430243137024018,-0.372518385366717,-0.277116501463402,-0.305041482137427,-0.0965755754875324,0.013281634358733,-0.593736943547413,-0.339974351657365,-0.512951301298435,-0.307137622236592,-0.658238229675177,-0.308431957840567,-0.500231684054129,-0.763403265799421,-0.504554046846653,-0.262425852041497,-0.372453991294628,-0.177402133522122,-0.100636016896958,-0.283798337501629,-0.186366434212232,0.176445349875752,-0.284186640854409,-0.277271042822646,-0.144010385720206,0.095188893815893,-0.334893689856737,-0.129050056347326,-0.858241900164464,-0.536529192118474,-0.00901894268974418,-0.293228696672966,-0.325938431520657,-0.751576907634689,-0.435739329907298,0.212278542095664,-0.0580101234513909,-0.421162931416091,-0.713164437694133,-0.374596921197707,-0.26216100372095,-0.385548081042962,-0.527693537429297,-0.426603443427306,0.225503881960747,-0.274593117120902,-0.368248119887507
1100,4,-0.495986095504169,-0.0343848238422314,0.235261006925273,-0.677677484884634,-0.29659405233784,-0.544879731197459,-0.307453486407004,-0.378281937343723,0.0564628020809628,-0.296871747704448,-0.108629501036542,-0.547628925538088,-0.326716462870919,-0.441882599758227,-0.111316990222179,-0.464210100832386,-0.0521469603767152,-0.50396607483891,-0.512715898629595,0.234656825966098,-0.725994356376106,-0.16599845221975,-0.305653248443528,-0.12369052536967,-0.0837678026890041,-0.281954581225294,-0.0893799391078722,-0.338357971971012,-0.160708537915774,-0.672179570272697,0.0724074889123029,-0.22624488019447,-0.260090677273045,-0.0213078223445991,-0.243158746454796,-0.443997170294508,-0.540657201328498,-0.069672406127189,0.140099651365847,-0.331457048725198,-0.434311785798027,-0.242624343928257,-0.413520562891128,-0.226438110548746,-0.281519204320654,-0.4523993981477,-0.218885588479642,0.204213255253446,0.464023591529149,-0.341003208123521
1200,4,-0.304406640961149,0.0061424567129359,-0.512840386931789,-0.657664243479986,-0.112513113615362,-0.280392994242285,-0.353743297721301,-0.28508202958456,-0.24930124492469,-0.147114350599933,-0.102710389334359,0.0451637085154157,-0.315212696296065,-0.195010304709345,-0.453040080113178,-0.585289603879827,-0.238476093855853,-0.658978124674551,-0.740042059684776,0.191820079049506,-0.346140166957428,-0.0737682418881116,-0.417296988571483,-0.244045717730615,-0.127895365277175,-0.418142394015504,-0.0258620463088162,-0.438171233583405,-0.365450121783497,-0.731722903675667,0.220256083487084,-0.488024363185406,-0.0985319758767381,-0.161660963365069,-0.302030506456801,-0.0184812690757297,-0.39945582304433,-0.0631671735052576,0.0366717521167099,-0.103704686085381,-0.291000479463052,-0.131037195086098,-0.192264147277889,-0.33732131623047,-0.0975786829038953,-0.67846634614002,-0.20657937975247,-0.328824821228415,0.109623203718481,-0.2362396032528
1300,4,0.000344975319539031,0.329229422683919,-0.380744755006339,-0.598866960583391,-0.12097435806545,-0.136271435546031,-0.249277316909444,-0.0754194826565779,-0.069239210518539,-0.377708609905603,0.235633826524701,-0.115625991125407,-0.22144069824052,-0.0246217831526091,0.0533986040660276,-0.0978882691611005,-0.338148035683605,-0.554638608787352,-0.424246401973714,-0.0732328301371488,-0.233897208283911,0.176889291256047,0.0326422884155286,-0.261342429516639,-0.671193531832857,-0.399602311150139,-0.0257247140767949,-0.635312490528922,-0.314863457480049,-0.819582632670444,0.0656978302120712,-0.417382611273264,0.42481828447138,0.144758296814935,-0.340884949986489,-0.0483896833501574,0.0230906520159826,-0.353581293625244,-0.186584431549987,0.174168662006468,0.161247162826188,0.215550166616793,-0.766569033459577,-0.400334353468391,-0.562699617164791,-1.05558145558832,0.312863078645759,-0.741149356456414,-0.264715833968498,-0.406504877915354
1400,4,0.132549408304561,0.305347942326951,-0.359008408227621,-0.488340443021898,-0.128308446647987,-0.691256473897755,-0.164800487150688,-0.387997323215325,-0.10326115485134,-0.132005505402164,0.284740931995183,-0.593552345841082,0.0125607439904304,-0.168925995887419,0.194528474631575,-0.0517379288247423,-0.196585351323058,0.0134214711400955,-0.135206980147393,-0.234429702541432,-0.236660934118009,-0.350294644145943,-0.145649102615262,-0.484276488710643,-0.483280153907004,-0.518686692808437,-0.312817830084249,-0.651659798146104,-0.081380256172941,-0.344451034243025,-0.316943028629765,0.242593677925725,0.132740718144039,-0.174228437307963,-0.518236016389731,-0.667178808352757,-0.321907681690582,-0.00818648841195005,-0.35163933499936,0.137592126914272,-0.134387708047188,0.137096030582384,-0.365006181562794,-0.265862488868067,-0.520128896938121,-0.6879116996212,-0.196324530764209,-0.35754990993283,-0.113678113291617,0.00766791634810954
1500,4,0.0435858685742778,-0.314791819499387,-0.384582139784261,-0.156804611556683,0.00639938388096278,-0.221323604922689,-0.534760141408985,0.00340822480892866,-0.173027331044204,-0.120198028449798,-0.196137699901382,-0.630056214264472,0.504891024959281,-0.263107473295506,-0.0796733483535929,-0.0019481598311315,0.280044260771502,-0.287851010576,-0.248096656717701,-0.206255696313864,-0.0141611486309572,0.118360654436393,-0.522445319648134,-0.709817244544138,-0.253809429342599,-0.229294947894143,-0.00529117058187881,-0.70260733238505,-0.0155497305979533,-0.344633242134997,-0.340710408177386,0.269338627571387,-0.216377516140899,-0.179083653841719,-0.395579165741412,-0.336219530796921,-0.155740756494435,-0.322621391589682,-0.36125490179616,0.17623039303184,-0.0584348436408764,-0.0196553310181307,-0.3729880250485,-0.166039829716996,-0.284507616418257,-0.195477780173641,-0.39262579688647,-0.896768375991289,-0.143240519446024,-0.0764333657276327
1600,4,0.0777466910221635,-0.304445890411447,-0.0276716512637633,-0.609824693991019,0.152356380066462,-0.199126584380827,-0.106357619798992,0.421913725005158,-0.130223516800408,-0.209742666175236,-0.599226944987022,-0.607012785352891,0.187872878587748,0.0741684311884696,-0.165129447319994,0.253211583456904,0.0948756330023747,-0.289110959581527,-0.706435944304513,-0.154710543423808,0.16501630009384,-0.0431303433555527,-0.48727727268334,-0.266876203523259,0.205241297297063,-0.172830186406921,0.122746065115346,-0.526289714569548,-0.680626503723645,-0.298394682031842,-0.338695162729628,-0.344383508694418,-0.105122224303281,-0.0579829282223282,-0.0116617741533449,-0.131613885703127,-0.229006331472245,-0.146430543317885,-0.0379415292603894,-0.164130384613454,-0.172117865113621,-0.126342840563198,-0.176155315643052,-0.498037353547496,-0.538969799063352,-0.485793127699846,-0.154673933836987,-0.522678947277912,-0.261486235175313,-0.0793860946152403
1700,4,0.11151147733806,-0.372554557674694,0.144513912426785,-0.402145077641747,-0.053049281848813,-0.0425748263777871,-0.00871420352982247,0.397963288948519,0.11193540552063,0.0136945173682295,-0.522805502274565,-0.323913866202766,-0.257926023527156,-0.0546971134498257,-0.00716911658593139,0.342030741123588,-0.419891935108723,-0.452477394279199,-0.447931904662008,-0.391302615668454,0.240326742630533,0.111924649255404,-0.209185941363865,-0.418036704217751,0.00608888008761799,-0.106136736770978,0.0704638656125892,-0.0986785210753046,-0.318882063001134,0.150720486170692,-0.342153447983999,-0.214713361148636,0.0388469792466071,-0.259521135436928,0.225180996299121,-0.0181407772734657,-0.220008052495697,0.0409587309128255,-0.0393201304668467,0.106980027626251,0.0895845717775016,-0.0562477199087572,0.272304847967759,-0.166750927977342,-0.353894455065522,-0.440385085387973,-0.108937522489269,-0.332969561552127,-0.196717187721797,0.167189054952886
1800,4,0.167971992440298,-0.300390683762637,-0.026558227756863,0.154970069381352,0.391157771653691,0.693034871431063,0.148708605277074,0.464786672869735,0.0631683001160926,-0.0160582616341687,-0.0397571391648215,-0.113429610562345,0.0414027778849513,0.00192168021996192,0.218297439131192,0.413922349473034,-0.222190341018061,-0.269058943538861,-0.491335146999193,0.275426004060802,0.349589976840238,0.366345189721836,-0.0851602623751599,-0.153459513500599,0.344676096026159,0.621559540427326,0.195706248428826,-0.325323755816324,-0.22449809606584,0.116326951506657,-0.249202149391385,-0.3380246361143,0.116846975317503,-0.0408749798448167,-0.319101168795682,0.218658410848808,-0.104034474935175,0.223442838817573,0.0383286172527815,-0.253734332862583,0.195997334792992,0.233150229469768,0.0859176340671841,-0.0931439504764323,-0.447428621367766,-0.372079085490837,0.177166172444906,-0.202002036955236,-0.051798544487191,-0.0166352896397894
1900,4,0.443105822563363,0.0575973345964194,-0.0757854092476741,0.0507816563870692,0.495940226012997,0.00232602314830832,0.0844552801788744,0.178922526869402,-0.024288216819049,-0.0759286452252957,0.0772637484809204,-0.13176509759794,0.554351901102515,0.380492220935532,-0.17532470480853,0.698058107893949,0.038644571511957,0.157281262827154,-0.376419942930429,0.425328491139963,0.429257828388771,0.540615098558161,-0.253606144581469,-0.226112133761406,0.0506380039202395,0.173278609206592,0.0115986625852472,0.0349957169722914,0.0989648282146936,-0.174781885062447,-0.336401514364947,-0.507195029949495,0.158382453048743,-0.291990283487342,-0.448531684040579,0.322158244576044,-0.0624220818347909,0.325525704405936,-0.112439209904881,0.208435308127247,0.354374903632162,-0.00552091104188118,-0.128699080108637,-0.12409560355976,-0.236321999965465,-0.380204617616921,0.165716817638454,-0.306667787293057,0.097357156621789,0.284090792167798
2000,4,0.208359984858587,0.116606245611279,-0.325989915552334,0.109521642679779,0.226929874934655,0.368494877695182,0.216306778107788,0.0365462844361044,-0.136078414342694,-0.480827912655301,-0.0869491266215216,-0.348975466084157,0.874091744924259,0.430507618742682,-0.0941930702892792,0.0296591696494592,0.353217138926445,0.300405354045801,-0.236298405818777,0.182215826309121,0.418851104868295,0.685146883449604,-0.218574598244353,0.424094346432089,-0.0983589160790308,0.495365880654902,0.303397779406661,-0.103629887005968,-0.00889274589787625,0.00535554626032669,-0.268680130205636,-0.0120068316026174,0.199458461649213,-0.133084164246769,-0.00104403232059253,0.129032848261916,-0.0186503132377887,0.497155980594234,0.0378554413505832,-0.35231236589876,0.358634932495352,0.212928477851268,-0.220485924477728,0.0299257957201428,-0.20347936482298,0.0356182978499262,-0.264944102839787,0.0237630414701102,-0.0321432627015143,0.16214658517722
2100,4,-0.0457174564673822,-0.0757789172616623,0.143569187330384,0.199469776443922,-0.30967613843713,0.0575885581987067,0.459739550859764,0.169577833859903,0.0486774213505117,-0.0246432128271337,0.15239238648698,-0.55138899710649,0.481844934921376,0.0634490370549903,0.423666927702642,-0.0530589992824265,0.129580890201926,0.0711511470763035,0.177493646098927,-0.0085789734697162,-0.00303780373074036,0.4210585626678,-0.00272358408792556,0.249830567957798,-0.414040039353006,0.16857121408937,-0.141117222130487,0.160524392165039,-0.111318218054743,0.226410233651312,0.0336019008084372,0.382691800879153,0.130336945277687,-0.250922925615064,0.139819454772094,-0.114337516584555,-0.0583379540788548,0.220615206057407,0.090773824541077,-0.0862578006263455,-0.131108135989291,0.580624810505765,0.0844638530604271,-0.284850786334495,0.0671724545409131,0.123646124267307,-0.130124379248684,0.265466487936928,0.0908699425207188,0.251388542048137
2200,4,-0.22019236247544,-0.0456592326240717,0.384156140029543,-0.0609232739446194,-0.0320088755050936,0.367120090960131,0.0252165612972474,0.0546679894388914,0.129398347765207,0.427794797613382,0.0134925918595541,-0.310793502516838,0.262944467648412,0.0206210582852401,0.352482246881387,0.716221430333777,0.160814754436051,0.169816069260692,0.359893586943541,0.0157913803455983,0.0618801331615304,0.272453563563784,-0.0282733763570148,0.559736914112838,-0.0178434006065503,0.387509528297255,0.217517029229013,0.232100424423395,-0.0603592281637448,0.441564964150367,-0.0918465088746302,0.480652866209911,0.449511583637431,0.100441734068099,0.239038373699974,0.228624200998853,0.12346043194905,0.455748458039144,0.0787884323167468,0.216184812181654,-0.0825568668355319,0.197619354478444,0.0681123424265391,0.073861175407866,0.0859946260558929,0.169150867969351,0.18588624793092,0.0845652765221965,0.345156716398165,0.0862450558920462
2300,4,-0.284807548681106,-0.133877335770979,0.0445495791404484,-0.102644038458767,0.028475902488892,-0.0221496966572759,-0.156929993863836,0.0283674215983603,0.338206616121654,0.257929518682476,0.108977271444441,-0.29329422773219,-0.250975675051919,-0.124989976652223,-0.0386567239395538,0.531934683208052,-0.188332760516514,0.363725890559791,0.140996148675959,0.311810216141963,0.290612012187715,0.164820979481105,0.125831210266448,-0.143493350393576,0.161041309007887,0.486636924252846,0.0674521506173653,0.227864342395049,0.287278628074112,0.504695081339371,-0.146655914064323,0.125097248897452,0.422649858397823,0.202283076879204,0.103171032782924,0.145509678057911,0.102960020891582,0.432714830743436,0.37357145358764,0.410500061345646,0.265008294115234,0.348080859157012,-0.716351015971575,0.236548702905292,-0.281558044306361,0.369411138071115,0.1086473545961,0.150069858260619,-0.4356942309936,-0.0338738733981561
2400,4,0.332367116405692,-0.0631989664644997,0.261453673686163,0.303923187499207,0.277192067586466,0.164453090370082,-0.0753255555822994,-0.015160468231746,0.0427951682955621,0.379655752776906,0.364062096279692,0.227377145605417,-0.0249458833726852,0.193411115199947,-0.000417998621681376,0.395676162154309,-0.136798522427402,0.16877516297163,0.169245554871051,0.367725712072177,0.260360879361768,0.133289195648023,0.183551208035729,-0.0378880593083039,0.0545676196282981,0.217797181464932,0.151574952686309,0.14163530631744,0.174371919851967,0.302700489501306,0.0575695976532101,0.395085465772284,0.451617705986991,-0.0375667349441807,0.311686597671278,0.190431877281778,-0.0211267318969161,0.258931464103881,0.226145412593782,0.513651456735382,0.485740246769082,0.393294252267955,-0.314733068897101,0.0383027206661114,0.54522751746462,-0.0505449141752911,-0.027469579860734,0.153590824264196,-0.331324216374672,0.00454607461524476
2500,4,0.486992059697799,0.0709350929914813,-0.052699541153209,0.199277991247238,0.713975623658154,0.223354717708886,-0.0772816526019603,0.386205968184653,0.500043427037885,0.452215325301155,-0.103222577687728,0.388597459862099,-0.423400025045734,-0.673348591472338,0.119320099383562,0.631253302045296,0.11334176021903,0.0905164140576357,-0.1209901564206,0.149156943312171,0.125501102588909,0.276477753825197,0.529683846731227,-0.0283550801244963,0.245182310496143,0.124115270885942,0.435772496697247,0.311491391787473,0.0410421670634953,-0.0489715281927556,-0.186108451882722,0.181925149356584,0.174242615253386,-0.213512245600163,0.511289712718237,0.0994854525365356,0.426529557520335,0.434685763845627,0.103539643339975,0.215639271015913,0.143271287795168,-0.151683089610565,-0.129325199967194,-0.209531223976765,0.382961868210646,-0.145926110598626,-0.0989643598591368,0.105334488269256,0.117229880760717,-0.0458658120612309
2600,4,0.685866391962535,-0.181708247508758,0.583679908873938,-0.0358969364784428,0.611819721023957,-0.167581779157877,0.486361598763059,-0.0668591325788723,0.613762294215485,0.119525923975325,0.208590872833663,0.0529092484396113,-0.197062153417199,-0.0306950032963099,0.172183607540774,0.176195455057066,-0.152124040647922,-0.385029609601865,-0.1573693610941,-0.222700888052119,0.297410857996047,0.411639585291246,0.0338968896780235,-0.121503622635139,0.0716246181434531,0.361382197573145,0.203304518867108,0.390720834053988,-0.259940985129555,0.264483793333037,-0.186550675955932,0.381055210022439,-0.136331680101244,-0.345182038795167,0.729490497189974,-0.282668602897872,0.383172694199554,0.484756102140615,-0.468288195237422,0.38626150650402,0.219240684948448,-0.255529299716883,-0.177117672471585,-0.0845305919339367,0.153064671340363,-0.307031946643387,-0.193796689214912,-0.0270698225903676,0.0489768622990548,0.124949246945407
2700,4,0.388784220498155,0.41565300751556,0.701791787717997,0.206641331119503,0.455742526709951,0.247815078758945,0.799352476065903,-0.00670432025657491,0.686700878506674,0.503849537175791,0.492098064250771,-0.170456948976701,0.143516963962854,0.161257409486272,-0.10688391097558,-0.0936257916394233,0.307788403124001,-0.137049517895207,0.256466745633392,0.138245838285746,0.328602087280961,0.250001952162129,-0.063422206841286,0.0563423622908474,0.135077551999032,0.194121208421767,0.237370548576155,0.364740232218403,-0.233224384044519,0.135354743657868,0.138824463491694,0.0763076928199207,0.0129832615843852,0.179202398689982,0.690253569929766,0.0399854646119781,0.124478794200447,0.436165504130473,-0.209998971152625,0.0538657103039713,0.225793443990941,-0.159052098309526,0.129186743399767,0.148269604598268,0.0319505508793501,0.225506304780726,-0.0868968822724741,0.157642866277457,-0.0465720312741508,0.206906278175425
2800,4,0.181050327758223,0.6227573389596,0.329713268491905,0.496827717483809,0.316849489733631,0.313091296495905,0.5830788428289,-0.420900311173036,0.162714206762076,0.167987230043166,0.169901130094434,-0.197470885406767,0.0564170707709282,0.185760872393316,0.4050662284131,0.0172348179983485,0.174121229769312,0.327398056364844,0.0936335095737214,-0.14893790474014,0.0736786150693291,0.0551603329361612,0.127742574490041,0.386935745964078,0.116501582333131,0.339521559257913,0.534451198271481,-0.233435515772395,0.0879353084509103,0.361444239580135,0.112309017857779,-0.00859368534688654,-0.14236732373597,0.0589350148032363,0.584126358945574,-0.195735696402193,0.187912797719172,0.314032499725412,0.186682304599592,0.493929055887657,0.019627010756971,0.126836307597789,0.208406106048852,0.811805599729934,0.401732799915312,0.372647782086547,0.233572118179545,-0.146885770050833,-0.166678997221525,0.261307006283285
2900,4,0.476540743042657,0.342013903438897,0.0260568877800048,0.2227305500332,0.48866949933213,0.232586439717404,0.398796338736513,-0.223226105355619,0.0176669200104476,0.0494813452051518,-0.0204837731004527,0.250730111850415,0.184643556391957,0.454882165064906,0.483307274952226,0.00704528278048555,0.486334099791653,0.532222357747208,0.0380991317505358,0.0311680245185667,-0.249048643774146,0.063137773008417,0.172726611652649,1.07912702559064,-0.335604696626343,0.574752554380125,0.55567034718292,0.271935120100829,0.220536116229153,-0.250843871304369,0.380284079327098,0.0474000417858227,-0.201575033225104,0.29831868009757,0.226521536647561,0.108992748429411,0.0127020561042202,0.196414225407776,0.162745375742225,0.389524264573041,0.345567967684985,0.0546236100516903,-0.0095456777691374,0.488788516715749,0.348108624339762,0.298777613265054,0.710011092339632,-0.0367099403401913,0.100707646845405,0.350264514672117
3000,4,0.264202369713734,0.26243265102229,0.261884128125999,0.139766197090466,0.383075018492352,-0.0684606419530416,0.122211396594104,0.347049219218393,0.418143047910601,0.132893220559668,-0.227377980752214,-0.0182563271840906,0.110520292149992,0.196011653088537,-0.159557775043067,-0.0892306297306528,-0.0365603659197166,0.394821029647456,-0.0679784812579008,0.318471918307092,0.0587742526502494,0.0304062665282531,0.215379026538338,0.303462751417965,0.165253720155585,0.256422971019912,0.021781560379254,0.446925249395192,0.115138240735517,0.398220691714031,0.826233673995796,0.360341192952643,0.186038535238072,-0.13962485579929,0.305063083698795,0.245283083177514,0.354946810914673,0.141826572431979,0.602748353492033,0.124662064555839,0.560100749427385,-0.0181347707349885,0.0872883956023058,0.0845064179026624,0.414141743109107,0.497678794670722,0.424744977841068,0.135971594800901,-0.00427654745255274,0.126956762855995
3100,4,0.494418346903054,0.660676643172162,0.20901820165333,0.267326930999982,0.743436438157473,-0.167747096564987,0.0996309399440856,0.224595067104225,0.830904485558944,0.220641733615264,-0.103101090403599,0.124590951321978,0.673042411467758,0.544650515648071,0.528783504918147,0.083829096794496,0.226044441592693,0.0954136080997571,0.476201202461728,0.240547310195375,-0.0131543624659071,0.466730441329564,0.688935974107418,0.265426273792081,0.714426621284836,-0.167347674454208,0.177880126816946,0.35532723706229,0.233000365593016,0.501301314668116,0.175636168609036,-0.410725220614939,0.449219994363467,0.275112863203602,0.561533916750192,0.297378512472096,0.668091185314199,0.0866983923713428,0.771216808233632,0.225753953058365,0.596559813586684,0.314679515358458,0.346539931208441,0.230997452178105,0.561871793009924,0.302353482995146,0.0808356671646204,0.212285469313053,0.0876981416892724,0.433689491635599
3200,4,0.635818922420613,0.261812997418405,0.59809535984705,0.147090586624187,0.833185524625447,0.0116332759162535,-0.0866043622975597,-0.015007080270325,0.545219299077309,0.635576674570707,0.0288218135218743,0.254149241571261,0.371076324047176,0.571466693172395,0.649567743394253,0.310160252534126,-0.132582951861163,0.272175301404127,0.37755509296189,0.158668369824962,0.0989807167353608,0.987440764864134,0.539301490889742,-0.0723553772702252,0.416880750510726,-0.0316434221395476,-0.182378382433504,0.0906692266931272,0.703130181262493,0.491263350108723,-0.0315163587224922,-0.271818635259745,0.560013263796427,0.191789638083853,0.552268484250394,0.274529522120759,0.281810881311407,0.013948994238068,0.651303154464102,0.538659587070022,0.237967307739504,-0.258417959442771,0.221883212899866,0.0191451773748109,0.379446123964529,0.344541913737992,-0.334578257779173,0.210073405264373,0.235512155083749,0.255024749995974
3300,4,0.598873883876914,0.0549692747349719,0.276421958277157,0.486403971196049,0.151710139346,0.0765376658765724,-0.117854446459291,0.0918051007607434,0.767877794914653,0.575993738168656,0.621409879525981,0.501470015987721,-0.164856161240133,0.703169690260242,0.0149691988791676,0.12671214497476,0.443292585617489,0.569219773502658,0.370963307455229,-0.332172390985533,0.489157030736652,0.762086443002536,0.494823779748665,-0.210451721850585,0.607038573108919,0.161359441242182,0.143628735245024,0.162939698027027,0.791509300073115,0.570480384921978,0.365199385424848,-0.364563444134854,-0.0280551678104892,0.440387718030129,0.455611751852599,0.331126237506385,0.52762071028279,0.0106963443489904,0.19685876474726,0.485139539710446,-0.115154559717873,-0.0730825902572333,0.531602530988432,0.401734014539802,-0.184511149983168,0.195388306533446,-0.414112584573923,0.377705287850846,0.465303892493447,0.205924093306377
3400,4,0.618757266132692,0.273620802607443,0.0491081084327384,0.483624301409862,-0.0428619383855104,0.394531734655194,0.0257567217911087,0.324910903698349,0.416291850431372,0.909816661789228,0.546560168114451,0.567507104738585,-0.0512825081238344,0.528006923292583,-0.215865842620596,0.000613800041844803,0.204517817383449,0.148444256203974,0.357854663803798,0.365608789373863,0.418585957196411,0.103920487298704,0.227537729427551,0.678655848804621,0.304122109224655,0.0753852782473065,0.100116213085729,-0.134542781965661,0.578752861860547,0.500600743726576,-0.0315734641146119,-0.359695309141594,0.255900961477546,0.23993193783889,0.579698375036575,0.494235415623667,0.333304404645703,0.200827428851358,0.274501944829953,0.295631814117721,-0.252776044449788,-0.171742945521477,0.103805812089041,0.528460674511445,-0.287330725532364,0.371962246758806,0.119397618735934,0.769819603505319,0.662569490027004,0.347208008508085
3500,4,0.268697818013993,0.16399679518408,0.311364221107232,0.607302239701645,0.375169345133026,0.40210103333006,-0.139072059611667,0.0201825103723058,0.614072261952035,0.626884046663853,0.833541821244741,0.501778475349867,0.409146441697574,0.0761787378680253,-0.432967813606431,0.585188091894165,0.161672690085403,0.169790883349363,0.494423436013521,0.434029589896882,-0.0261199965303243,-0.0320798218211646,0.56064488912841,0.859713681790318,0.072681204766942,0.00106538129336303,0.0860781214271198,-0.264085338908707,0.235929870954606,0.0903624271798781,0.128112082588336,0.0547802756576042,0.558677693605388,-0.506518973448372,0.882623877445567,-0.105380487187886,0.469172748337352,0.185192168408388,0.0534949039896183,-0.00839319124132099,0.0302444100605732,0.084039949593786,0.199078854105545,0.297307589665258,-0.440782235058556,0.538029180455596,0.326653082534583,0.273285725480059,0.483255000548412,0.324609542751332
3600,4,0.357962577449517,0.00966134166295093,0.180459647964102,0.396465557311106,0.273312763044929,0.441223017280638,-0.251802203237979,-0.0476708515303279,0.707418153611716,0.348249321951109,0.605155069894849,0.208575473639162,0.493237547228691,-0.143521208256561,-0.050429813465559,0.359660760513427,-0.0313443167074123,0.13702411673261,0.545020456068627,0.63343123806345,0.237428851473408,0.0184791975059612,0.29505212611292,0.450159260152486,0.0592265217222154,0.155510089402467,0.24853365041967,-0.0548141657634377,0.233300522547163,0.368084280181483,-0.0771417787998269,-0.144652999418588,0.585923331198058,0.0818100078320598,0.433112735380182,-0.0532583836872408,0.308496081125265,-0.159315971602457,0.37980990735162,0.0117521940713889,0.319500203046673,-0.112175524926298,0.404406309991334,0.560460024357243,0.16741100109152,0.504114236979488,0.178274671202152,0.306254962485188,0.166687901478581,0.182134007336522
3700,4,0.814795546016385,0.340277030937939,0.355458891127738,0.404222221313079,0.609867103128566,0.647530191258981,0.463644468558263,0.144670591251114,0.340185837390682,0.0679778758499805,0.635945996673631,0.176643304229399,0.470622423677906,-0.32776463409023,0.293516153690525,0.508221857541638,0.422514615846849,0.506245074682003,0.33132016067935,0.339631013597885,0.679988634179214,0.0369275694847612,0.324798682925061,0.454836960325496,0.234831047126155,-0.111378024327816,-0.0525195624135778,0.456519091554223,0.392304192782901,-0.00126882323628219,-0.11697035943047,0.391675716906559,0.597556972237234,0.331021723734879,0.234855803933816,0.16101309896198,0.396416978364843,0.390649420300186,0.470432486636349,0.455774051492894,0.24365149601705,-0.0148917920272115,0.351738545430659,0.428444283958568,0.348065201387523,0.324297341422604,0.429579505959885,0.343468118300835,0.303693376113093,0.425347479865575
3800,4,0.961128329780214,0.165287006589848,-0.0232840164058937,0.319745073464759,0.285769591866202,0.188649462225848,0.268431393192731,0.5340106094537,0.435486722444179,0.207297217769774,0.374815385833557,0.356495845877325,0.396811806163918,0.101225008283628,0.179685921312097,0.44609124304712,0.607309169158606,0.371070019989224,0.0326612999074864,0.481458990419221,0.760631410681483,-0.251277152085137,0.307032226672755,0.527321765660884,0.133557589431964,-0.1449829905394,-0.0189754353175686,0.550813161735663,0.44033073561836,0.0820673421603718,0.160020534587719,-0.0980885590901805,0.567254834132,0.636705488756988,-0.0688299908296745,0.0202748303873997,0.581866103451405,0.284856277946943,0.605049027427228,0.460621915032353,0.504396942648824,0.425178521375242,0.112893831829311,0.392955325619506,0.35773788737486,0.107600738819598,0.707276947631767,0.215787030204809,0.186221386161369,0.512571372884758
3900,4,0.335479075695609,-0.0712195305651353,0.368014200207678,-0.0406096815286217,0.509687389747672,0.415218661671795,0.135990157482269,0.648229235986361,0.340329381831031,0.222734231307113,0.556088410826674,0.098567464553065,0.218250420954154,0.466883933823158,-0.0754725633398707,0.218379388971062,0.456299084102051,0.268196682389032,0.612004863443854,0.181201430654954,0.732655628388855,0.151465875993463,0.45588428744256,0.116803186567852,0.294160508068651,-0.323467371578791,0.154109566097062,0.579038963296376,0.478529324655613,0.231111076237393,-0.22325314335061,-0.345572921376507,0.498177105693469,0.1481329218164,0.325510563607544,0.179134203416593,0.804880554411894,0.589597312457544,0.87915469496865,0.442806751301988,0.142647787633665,0.29672173788215,0.512950940065818,0.336577857616889,0.841849180845389,-0.0470982511423398,0.359953523176668,0.26004635345703,0.16627216675831,0.491606523464718
4000,4,0.231187954228889,0.176524691431329,0.4643188916207,-0.16517099926256,-0.0485548364768225,0.658825475376048,0.122915400516619,0.735206355814761,0.550558018916267,0.587279699859664,0.806118056608333,0.124286993308461,0.10440834532175,0.600380375780682,0.338226826062975,0.472347480309682,0.428918790491655,0.566663748637897,0.614789987998058,0.197543456543551,0.536188263030501,0.483099019609307,0.267781580691004,-0.0316812427245692,0.478301799028818,0.133245939117484,-0.0460588212175431,0.38761136630232,0.30132621326286,0.242855582123153,-0.189640194072558,0.212340602047299,0.822367488742762,0.134068599634059,-0.263443168554921,0.390644787218592,0.506352926708819,0.688865187056404,0.551765066422816,0.538847502042852,0.361339378490375,0.260044706248342,0.651077905057848,0.307594000228182,0.711562014689251,-0.0355040513775209,0.133843397875002,0.474588453912966,0.158397254129895,0.526484908347453
4100,4,0.0810280371068593,0.23501608954812,0.00964427686344582,0.154003681505323,0.028117232368231,0.154781397721657,0.414987060193557,0.362073162733253,0.432787854939868,0.899974059040995,0.764247916193789,0.00889724679143428,0.185101898404128,0.603877311278189,0.575376723353388,0.482792248280997,0.690540447605527,0.305003328169997,0.409854779182503,0.179782495407608,0.0674625642355797,0.70970209757228,0.257252500073357,0.367852557647725,0.317794860040003,0.546958376890655,-0.11013270278867,-0.144751245028803,0.213071089757374,0.426202883726026,0.0289422481188634,0.529099381271507,0.579686211045507,-0.0276954591580557,0.251418906845179,0.782289300654453,0.153890435949675,0.177882959382544,0.634820130594038,0.238700195119653,0.120071062725622,0.376731436543538,0.293434071960379,0.381897850162792,0.472642995721233,0.227170678233468,0.275662909856006,0.480553202837676,0.701542350980571,0.441479159721555
4200,4,0.0416122242321543,-0.0897715140707025,0.263230709357769,0.115281059670405,0.00628558364767057,0.232790039094539,0.520677455799041,0.361479013471224,0.211034028225711,0.770682500099664,0.258927105659513,0.27046489449132,0.244944812278588,0.939235342074751,0.578270907659359,0.556173667903881,0.350442528615434,0.397841290803581,-0.00335159715377475,-0.0173698939400316,0.0640949024329886,0.842770358914064,0.181920780563899,0.4646766681982,0.158477044103865,0.321576413896747,-0.0161352561231297,-0.168325499470416,0.173490144066648,-0.234550375318618,0.320744741998214,0.590064358629691,-0.0150661726047585,-0.0894439029485779,0.36240132590208,0.648195659096585,0.109567752819962,0.0755871030750344,0.490054393570062,0.678872077402015,0.179100100738808,0.592000030299368,-0.0765744517391442,0.72825760950209,0.559692853084945,0.407450095964318,0.114391615135715,0.281780685059441,0.820435357897239,0.434609339453531
4300,4,0.613631440950061,-0.0594932115237702,0.0353696384311474,-0.228086400104899,0.120344773748839,0.00670336620598672,0.425930369980056,0.342783981850344,0.290314058174624,0.256694042161433,0.13142928295944,-0.0686551140759146,0.224543271456067,0.626469542952458,0.655156903072086,0.478967379806062,0.152217456506801,0.436163373006919,0.49933335821152,0.165562676274112,0.254881431010134,0.440811351999229,0.213077141618789,0.0225643226750928,0.191098416864482,0.550459560068468,0.0911507507683336,0.0844992082608179,0.203539929093835,-0.0576746593373423,0.419556135738036,0.253243196707779,0.461409332639662,-0.0749073368332784,0.322083358724839,0.516838101531517,0.184922844782642,0.311859553611589,0.512691553699811,0.334256368354018,-0.111818259227274,0.134423858990682,-0.0693598322378325,0.386044854538545,0.103272183330307,0.0608512280416748,-0.195278021134997,0.280530284620264,0.277494886753461,0.676562611424713
4400,4,0.188229073926884,0.359884374543594,0.113093316411368,-0.456401777094561,-0.0402781361080919,-0.0288387723833568,0.179685713767471,0.127880132228356,0.494516773582892,-0.0993426650795938,-0.260297100682842,0.183270234218034,0.312268372143576,0.171597175213768,0.155315129434645,0.413334063861004,0.303745736339243,0.452644922201744,0.35432472388296,0.138353821855739,0.363461389021266,0.80316478508177,0.0410347752046274,0.165598532141853,0.34472751828577,0.238512170064577,-0.18696515568479,0.153086865568758,0.142774832854589,0.317743226992901,0.106166774988499,0.248019538483195,0.476464267637505,0.0507429602034586,0.478802468905865,0.0666663833794588,0.419865145468038,-0.0569089270798258,0.560377161858866,0.252432990191587,-0.025848432283895,0.209126412332969,-0.379437556313319,0.350282661405424,-0.109897685220666,0.477472195267889,0.0791217533215666,-0.28296425746882,0.643643108350433,0.509276946394588
4500,4,-0.121147907724698,0.378080838425203,0.474769007159091,0.198122834240989,-0.00145619875262318,0.481743261798996,0.08213797412871,0.361474453348968,0.21055405393927,-0.0812176393057562,0.153753444679418,0.0977709239814649,0.832784024444462,0.365300719649815,0.514593911497952,-0.0224031914524771,0.528585953803508,0.421969293952329,0.439472291876638,0.296490392085634,-0.161286766071107,0.59755139951654,-0.229351464818553,0.469548147310685,0.106689775502049,0.0223883334377254,-0.337983200482432,0.121479116813079,0.22332052751647,0.356233261920889,0.276258785983244,0.404998672803621,0.422433002006082,0.416416486409206,0.715134339480679,0.20274011980833,0.338448986862094,0.196428228228068,0.687535062243766,-0.19861885598814,0.0534319895690841,0.481688241212332,-0.0949945075540731,0.120992433635185,-0.0885379805895107,0.529426119640616,0.310055605627748,0.274264600087734,0.325197784034559,-0.0795495331042141
4600,4,0.164003592479947,0.324896838076228,0.214797218957543,0.495940043389258,0.149247241846768,0.385325514140594,0.402896194179312,0.239744620839572,0.219297271367544,0.482381634163049,0.72615102399569,0.0726374161846896,0.434805046749751,0.502821461003978,0.737263379981973,0.173994964352897,0.413481914190989,-0.00979423435151927,0.466291080708648,0.513108650067675,0.0207090031763869,0.0126273101642634,-0.0772378506095155,0.409678468983194,0.017990818498778,0.276994044847781,-0.052230311735229,0.115403974596793,-0.115488691656948,0.319260433734241,0.189610201289559,0.297337306403057,0.706297216029226,0.548883001107288,0.238080068941083,0.0780508744210261,0.13837622347014,0.326217132291674,0.74806118520972,0.0823703875643184,-0.121524031927305,0.376574785642799,0.084890596637102,0.234277391783638,0.32982131352043,0.385568471977204,0.130160700845259,0.60694402810777,0.109038983018826,0.000341642606720705
4700,4,0.202137511010389,-0.00969427619785057,0.453448485646838,0.613972177286417,0.281463213193678,0.340795213560257,0.249444981891466,0.383178587334125,0.553948713580413,0.395478792495184,0.384954039633048,0.563622061264817,0.121996563615032,0.568140391467245,0.109902102201491,0.227597820612871,0.764941311675909,0.0559284739943472,0.779819038041928,0.0450668626554861,-0.206291334542071,0.428612833934246,0.366416831816889,0.0169544344657037,0.298181441653471,0.138362077394865,0.312645510965924,0.481146879540064,0.200263060061498,0.617388576575906,0.243153551750587,0.537148636824631,0.199014140464708,0.468786627341775,0.0672082176226541,0.208893007456772,-0.0576436755811951,-0.054238316302041,0.895762702072321,0.0857098873780603,-0.164696536408583,0.0361959365335344,0.0417385278669703,0.873742638274215,0.110129766470936,0.386949329727512,0.183673206614427,0.573043823394908,0.018221735562898,0.411244796746652
4800,4,-0.0202332302752877,0.20207155872659,0.113896396368859,0.307701670773263,0.176254167948629,0.202960857959254,0.625549867699374,0.401172406102322,0.59484674516536,0.340828567866651,-0.0844700857184904,1.11751385575345,0.0211310466007887,0.490135471934219,0.0191645395088155,0.418801865500033,0.422989545698323,0.0808537825853743,0.0885284926912131,0.363479590669356,0.133750013002079,0.592485826744722,0.34482765328384,-0.2025492327211,-0.0846214735683928,-0.0575403985949578,0.332978672680651,0.627375282791309,0.068165015503237,0.156457952403128,0.283269553349888,0.504250600392318,0.375635939324194,0.207601196489712,0.319388446144527,-0.276977347967723,0.162281251515873,0.235652149158595,0.389721300260845,0.38271093485611,0.236202297726397,0.216196949945977,0.412164661591241,0.545267872538562,-0.0420195671093013,0.44433243447431,-0.115106947510938,0.602850766159965,0.110070258488433,0.736380375683141
4900,4,-0.269922167944181,0.114274450472798,0.287391345686669,0.464638300055424,-0.244851833309016,0.283008279501254,0.849557704778176,0.40153015307356,0.41984666223819,0.0518886703333457,-0.127273334302055,0.846937487512796,0.134189769763771,0.519478367389766,0.417376155220356,0.517977284677915,0.377751224838158,-0.0184343951202217,0.113647043923471,0.667471356809756,0.675943799838159,0.502242728756919,0.902355922780478,-0.000455022040475983,0.246637213071252,-0.102408046177953,0.45894497947657,0.168566711173412,0.351176886120953,0.418572089110392,0.169478668040397,0.1788763006192,0.120341593363472,-0.0876751687545593,0.736977895505004,-0.214705498922581,0.439259920849208,0.471600573883763,-0.167369949333685,0.791879641705252,0.541636645643686,0.236581593133373,0.639624114570541,0.620637473881717,0.152895250594991,0.812910308862078,0.218004731422152,0.377107093733369,0.430165373979137,0.481250678196622
5000,4,-0.0886366250515925,-0.166828925165137,0.595774840101548,0.164983280564259,0.00585245955547531,0.710594637865792,0.556644942127034,0.400909711034515,-0.10294647151279,0.257712566283776,0.240186465006586,0.88547263880153,0.0754791228718137,0.776127094335336,0.560511021002682,0.548224581899467,0.317114424111266,-0.327594496755505,0.513722273936629,0.812006229303538,0.507668177898948,0.643994531653135,0.70433822565006,0.133966511982711,0.00938088527182976,-0.0347933864229217,0.352162510498017,0.570238412788849,-0.055743454524349,0.420954632852195,0.0339681463134482,-0.105885927628831,0.234978777623966,-0.0485198896391447,0.871357568158867,-0.118218641026928,0.861532863286523,0.284577785614296,0.548803645166982,0.642117786833027,0.562932137825296,0.709061529349523,0.522494525029098,0.361841093679731,0.782797353968147,0.666947436310715,0.459044277487411,0.81153784404867,0.465186808970416,-0.153532529216578
5100,4,0.0426442204318327,0.000656199067030072,0.462997480281661,-0.250620391711601,-0.0461081136480153,0.352447513669263,0.359102940715634,0.789828485206225,-0.074345793417745,0.454594226569148,0.249589187889612,0.599183621332636,0.44238479085638,0.515949810679293,0.00659128020390068,0.493871431080042,0.318632907722516,0.205635106964488,0.224453232564131,0.502551187676242,1.05893590546377,-0.0395537254177235,0.0667045396458843,0.599499444805299,-0.288855598895526,0.265892563743351,0.397753778406728,0.234556662429923,-0.549094754879659,0.460642977150778,0.438410490693402,0.0388776889111624,0.252362458784209,0.058772271272827,0.322618945623801,0.423419708806783,0.181210163199212,1.04702895979942,0.44130225399048,0.378110865900948,0.23292839174793,0.617964025463029,0.250365242781923,0.595485482704515,0.883367471271421,0.481467731634534,0.606340485913343,0.696463316119958,0.0323640435312084,0.0423958931578671
5200,4,0.0815216128849833,0.269384370298481,0.533557240789573,0.079553147445189,-0.155392275292918,0.011724595135226,0.655771813986742,0.836105872645887,0.241128427053911,0.424125084574962,0.023434735817237,0.35037942397785,0.496164974184993,0.27373437636491,0.427025613149791,0.270404761951747,0.242488653837767,0.42540247792995,0.479569856366596,0.66230057252411,1.18594586744581,0.166293939894533,0.0887703856001964,0.935968423690534,0.144898241006825,-0.140754210705903,0.642371663035957,0.0486401860320334,-0.787599654600655,0.328843171784591,0.277686730011147,0.299969371498139,0.838299313802551,0.337428661985635,0.299820676957783,0.610785560761278,0.441969657733787,0.833044309453487,0.239089135883891,0.185169938064654,0.02209414503299,0.958859678308924,0.269242264998483,0.488775231440401,0.639033792166184,0.494345998541801,0.454552582383576,0.9414076804714,0.529116694801214,0.317945375477098
5300,4,0.605565388744983,-0.0967960412150627,0.531024606038589,0.354806697334844,0.436634356114183,0.137017691117875,0.658093809100472,0.0649218876386543,-0.038342792840713,0.200270172087056,0.105615377172051,0.280215114206846,0.372676708523052,0.694647899463114,0.24173850436525,-0.0745986114423885,0.311627521982849,0.568772863699387,0.457311569667348,0.200925164052112,1.184560442789,-0.16195763950154,-0.0256224091835461,0.422488106788033,-0.00663615348211266,0.0887582034568021,0.304197389002968,0.260407047474094,0.147520986654338,0.657265771568459,0.522482561594241,0.210521922189446,0.306604037276627,0.423413798449214,0.713761401671329,0.731362807928599,0.399877245568376,0.707698122065777,0.504874470685546,0.0643171794147931,0.038379525402442,0.869607330385953,0.694606020948648,0.161664775242765,0.235502199846932,0.568329092120508,0.366984314812994,0.521631261278164,-0.00288452773830289,0.381313268682038
5400,4,0.345598077655975,-0.0161765354943757,0.722407452923514,-0.328652919846172,0.39434223981111,0.790231422543563,0.0232299847726581,-0.288114183076201,0.0410267345725159,0.300186694567758,0.349525884323001,0.276317084686513,0.0687469921354017,0.224792506297105,-0.0458452962530908,0.338517941995514,0.417022896510213,0.410827006820655,0.645846654329578,0.461623335144737,0.720056559175743,-0.0834609263738584,-0.337312374627049,0.662579058625681,0.513787886391229,-0.0994547792960729,0.20215809080663,0.332482761668784,0.901154012080522,0.557131795159526,0.311189707223546,0.325591402588149,0.21996659233583,0.742087197879536,0.797741840053672,0.829036090418706,0.543760829710954,0.659989916387215,0.462917279540044,0.403640731210685,-0.0973287904921439,0.828620448059837,0.589519853608778,0.449799782143596,0.0318546103100142,0.71510466611778,0.438036616287399,0.836974080047827,-0.0993918313850882,0.163457986325596
5500,4,0.473541440718872,0.262350834208518,0.739175439165778,-0.309411167663456,-0.0274435635368016,0.486410930428931,0.645905817350535,0.152359269684177,0.148951532677535,0.426895129820989,0.12636590843789,0.434578165317426,-0.135177491528105,0.448739002873066,0.378973447857276,0.0810338914946115,0.343253888457699,0.608671921501871,0.573574562865106,0.713260886576954,0.261869383846648,0.427839931819191,-0.0297390553949659,0.336873973173282,0.00654132320797313,-0.638670990178888,0.220934401576377,-0.227833484186573,0.331984284431236,0.378563119990523,0.235754180338338,0.0164428106826212,0.164944293273341,0.121453849972478,0.439567635054548,0.778717929623737,0.571544625862277,0.493277441809598,-0.0633217386909971,0.982771358583238,0.185769594947615,0.623715474079992,0.766263914920373,0.689064881096667,-0.118898557951307,0.460928021804091,-0.00266306184164161,0.61357394251463,0.219153601370884,0.0697896576608669
5600,4,0.157154971661816,0.356561290404101,0.244466531202959,0.28871097894117,0.0901234177515518,0.324793870517604,0.446717782965955,0.274120043944359,0.204545935663141,0.772474327900959,-0.206781324605635,0.573528614371339,-0.209761685316256,0.234038124716934,0.459952525514745,0.253804666988393,0.368653967332134,-0.164958179112008,0.673112739137741,0.274143457783513,0.741605681600203,0.893272177299133,-0.0711464526730403,-0.215755790987246,0.0918538104025551,-0.750318439893009,0.572883624935556,0.242271935775043,0.101239926795769,0.616652596390499,-0.0614108228381212,0.266154556813454,0.245788286207498,0.140681954014464,0.391994754349504,0.762572246182873,0.112768564310142,-0.0776754380786738,0.418721940779778,0.413169371191461,0.317498995443666,0.993913138959527,1.28564609379402,0.450060706187832,-0.0602539755138517,-0.037324897646839,0.0891666927813992,0.257084453127449,0.217327942796082,0.00853996354795211
5700,4,-0.0631829139735723,0.00880973143817995,0.0860105516912163,0.127276508626081,0.161085067381048,0.876955730455969,0.165923580859365,0.269503438049736,-0.0248169517937238,0.221121325184153,0.0742571805101519,0.266088881233715,0.0249079895074829,0.0665781276368702,0.217363117055374,0.311671203642187,0.427138862292414,-0.218970016212236,0.155441275517343,0.77880867908117,0.506869366923866,0.382756201553052,-0.355797492921131,-0.43575611967622,0.267981073416083,0.0347084173558228,0.259563076990355,0.198904631318189,0.230352065963766,0.712840069652815,0.495379069061829,0.666453063905049,0.356474357885416,0.191132530736165,0.564011541798375,0.999413073891408,0.313600718903983,0.0368141341468895,0.122636368807836,0.00591899481382963,0.541675819352174,0.940851099842215,0.867730489657502,0.207061436310711,-0.22311165000491,0.00383349988968495,0.554307236314736,0.444319876726283,-0.0832969252247169,0.338290598597266
5800,4,-0.0169664602984443,0.263817481388031,-0.109054412538484,0.588882008900481,-0.0712989259757848,0.989295587150795,0.0677896594363021,0.658769043615127,0.00915127641682639,0.0154676197116073,0.112726886324848,-0.238333909272973,-0.247722490707439,0.119883665261581,0.282670358737481,0.629012584668741,1.00711806099948,-0.44492744145637,0.0584599584225069,0.320019337569858,0.487041173417375,0.172079528223843,0.412790956921015,0.284496096170628,0.713433537711383,0.208036781009307,-0.165780616531022,-0.138089346327249,0.466597776126138,0.808198386594754,0.357754677928783,-0.450249974099367,0.325110575961349,0.439964529506344,0.829000995149408,0.613158320382031,0.0422469425949056,0.128111320635829,0.465038398162748,0.433497824543998,0.301318751585046,0.974670617264547,0.419595936792154,0.137016257722616,-0.523909569398871,0.415517123771799,0.756453761501305,0.487596757240474,0.507270255527479,0.295050056331812
5900,4,0.0940814075570633,0.477546970957901,-0.305605589944327,1.18997401156919,0.240699394178324,0.345213859728219,0.278055745983677,0.522306980449078,0.19073584373172,0.791383483540262,0.308197607931967,0.0589488956996607,-0.0974209026608085,0.362389942518752,0.261488781166913,0.357417918713635,0.878795167325919,-0.24116344752941,-0.337462318907268,0.439618946699342,0.100799878717135,0.556102017691877,0.472403360978601,0.424799671370554,0.172916377561379,0.56186003237838,-0.368443586210559,0.569278923007989,0.59601736725314,0.691614693906222,0.126235191332371,0.598758806377718,0.0382847408272409,0.685974334614803,0.9250418789558,0.731296972502328,0.145956569106043,0.179495116733428,0.295187092017905,0.722612008934924,0.492065732368058,0.50863375837159,-0.0238242576465217,0.680207722859328,-0.755177838618326,0.448444804578721,0.221916129866024,0.603976863224797,0.00716004097322642,0.260107534113972
6000,4,0.516376427240852,-0.0850391835211532,0.0224876448804847,1.03448002369709,0.39092302781189,0.0909445962469412,0.416270419750553,0.526865083303635,0.706872374904171,0.760025832158498,0.23250869784739,-0.0576303554441978,0.117715111373456,0.174675909478131,0.182876705143286,0.835299213463674,0.595348214528026,-0.0484535062390128,0.665202766200961,0.294603533504936,-0.0340419029360111,0.472674075719232,0.33954183319916,0.244534288208868,0.439160708226606,0.496649964464612,-0.294749043060024,0.922734727207077,0.262026372630471,0.571702790625545,0.546974112760948,0.397690597697808,0.540315265013053,0.845707739406699,1.12235643382622,0.240293975946353,-0.445734556020011,0.0617754918619117,0.315072688444613,0.463249964942663,0.520834917466473,0.058000807971781,0.224734151202583,0.838153414767044,-0.00590967242404361,0.657443795061145,0.267707485874503,0.472365966272654,0.223679904946665,0.269066207673454
6100,4,-0.0582957489032117,-0.323024621182812,0.220938084620855,0.540920600008562,0.403087954824593,0.0283669081217826,-0.0549695284506711,0.43661068501506,0.814410194673813,0.924238781569828,0.400276858695118,-0.0207225760652179,-0.201374694278272,0.236035352816226,0.502900846138779,0.555124694257059,0.372445511928118,0.0481396506946047,0.695135441955463,0.0844026359563038,0.310791637356009,0.483023095366749,0.299116454355532,0.517777369443948,0.0861075412460805,1.10579001030086,0.283947025319234,0.785975705382037,0.366218108466592,0.318340584959473,0.108703333331668,0.562035178012463,0.324270471212158,0.887065482844665,1.20121467952842,0.0917729265896064,0.100760247544055,0.416543154736711,0.428649534533661,0.0279571648231127,0.500289977340997,-0.151991785961286,0.432109360148342,0.681304953427597,0.414371250687231,0.621990237262877,-0.152778842876009,0.0587972506036945,0.870243533705124,0.161354572371582
6200,4,-0.257731972143911,-0.500439881196766,0.356154999832346,0.258161717521854,0.288849199788361,-0.244286606556548,0.326334870197364,0.216731470030875,0.903330155828773,0.871532601325108,-0.0356510702162705,0.246641800990913,0.166575143781411,0.226369942776489,0.404971849507069,0.369460760458295,0.210040947728932,0.203579774247457,0.396973012716286,0.0039335171283808,0.421013265608242,0.644627028157678,0.161634675931313,0.517781640742729,0.339237570392232,0.633518361490364,0.334990539252475,1.03050725353747,0.121491506682196,0.21798645458528,0.556619728273552,0.708749570409986,0.400809800328505,0.575347010592973,0.469072968840911,0.13059015646369,-0.346115831482029,0.440601056531,0.392571708104368,0.266856036536432,0.432573628183264,-0.0440430106198188,0.27242565947508,0.790354234071141,0.242520087708386,0.178012292053544,0.0309670194032595,0.0376264648000116,0.940104750686685,-0.0776876821321025
6300,4,0.14831118537259,-0.0901434017303454,0.554002232319574,0.352193379055114,0.242414332132511,0.385723753315534,-0.0547320444381102,0.416725941945925,0.556058012760609,0.406452555084132,-0.143609629794491,0.142116160409319,-0.215998430330761,0.034412184689488,0.465733893087597,0.287139703776807,0.349961080136648,0.32272355961033,0.0297653615783146,0.125370250724698,0.200842745944572,0.122831101981653,-0.119659982133577,0.67096876787248,0.287612191952323,0.297277256749882,0.21244526497987,0.861021464788945,0.00870855478503196,0.279202181015348,0.346281009519736,0.350049156781098,0.535866479473787,0.0875867439837557,0.136952897416636,0.131174439151964,0.165247879936074,0.466480056845811,0.181267536558577,0.146711269963315,0.822803891128257,0.00369612848907169,0.0202198221338302,0.651777354103769,0.276377527268867,0.231138201498637,0.0793428929080817,-0.260619026528015,0.683397371618731,0.190938161140208
6400,4,0.588752946270988,0.323439910441821,0.297889786483655,0.510061368578136,-0.206787788891194,0.102433109667824,0.0769110572153855,0.107724357025221,0.6206556345454,0.784108479150047,0.0946981088449291,0.361580613039435,-0.468183523765762,0.217512602776367,0.630509954074526,0.162523745807495,0.00130000766609573,0.654032780980922,0.830015886045158,0.313909165224115,0.0495855612196347,0.0831510573992866,0.133887477995895,0.339325828129366,0.278833991220711,0.172002596842792,0.243975063733815,0.855586225104281,0.156808697859797,-0.224370785787551,0.525354701211337,0.419771129296068,0.183431690605239,0.0471613068326327,0.599636703669104,0.2364251096418,0.144830305627113,0.200587972803055,0.336688801415345,0.0409775831134335,0.763608171524166,0.0787120069909537,0.430432225099924,0.808446258998245,0.30988553397714,0.403281675144015,0.256112128300057,-0.0996723406061096,0.34016746170648,0.299669406758343
6500,4,0.309859217265574,0.0621295984931201,-0.273819396673457,0.407197401124047,-0.149291387968749,0.216495127915844,0.306509926819119,0.206822135464114,0.345800386911501,0.432703002982076,0.567242070915096,0.408621973942977,-0.0375092861750971,0.293610408935425,0.153560064710273,0.369246289051322,0.222507741489684,0.427223421830889,0.753065448092348,0.492392183136787,0.279936895335405,-0.235407251329115,0.40540642945639,0.448396288414071,0.77375875802829,0.174365380158202,0.272272664521538,0.382133323299086,0.78542581118378,-0.0362645247058327,0.232624175951738,0.235454094460143,0.361876056875581,0.0145290377600306,0.375127114756599,0.169289739982818,0.15515361161524,0.636500523679204,0.38698587847114,-0.164806624912909,0.711453307817193,0.183715967172426,0.423992302193861,0.123195249991706,0.335679823942132,-0.00747458514577731,0.449624087142014,0.0721383643207711,0.175714623084524,0.261385452742917
6600,4,0.124894181494843,-0.0185987155886389,0.267764727516798,0.373785527682612,0.101883920831168,0.449235193100256,0.19512850882252,0.164933851937013,0.698874554895832,0.339515467394293,0.556310366443114,0.0753874731159812,0.27848692356804,0.566084296617197,0.178777072352196,0.392380602062393,0.669549092521394,0.116057896733677,0.58416240076011,0.523860944024253,0.146042109340747,-0.0137075482114217,0.481868496003332,0.211953953009168,0.620701030085575,0.0498870301632907,0.610106009418432,0.913072008970469,0.685240719253918,0.167486433518617,0.661001442968301,0.373141783761084,0.0869382689232287,0.251349197615783,-0.312675361656956,0.345320139101384,0.42196024871572,0.407039052442687,0.553599284402411,0.352466620011746,0.376761687035747,0.4203101536299,0.304171864999023,0.19523044088282,0.309160629960439,0.0702429130729801,0.0676246370852674,0.377067979691334,0.574359490570651,0.185692179827636
6700,4,0.216053404507272,0.12079674595065,0.103821474095958,0.405278626056508,0.672460666936475,0.531797730760116,-0.119951711702439,0.477173568237262,0.591704364959674,0.338888008561417,0.408555619403965,0.31102366432966,0.286309125239051,-0.100320561824972,0.325702330968543,0.657540979553352,0.698817298104284,0.271626061080811,0.596195014651898,0.230369298872817,0.184970009730003,0.53122016639852,0.51878572283731,0.343713559292872,0.541762652920566,0.216619017044913,0.679148534653237,0.809894361696527,0.852776274176981,-0.107493358830523,0.317822042325523,-0.0798363579586265,0.273159909785287,-0.118884587567557,0.0239655779989743,0.208625841658755,0.253227446949328,0.472520922133344,0.40676700663018,0.32314972875351,0.504459635731128,-0.0296356792870869,0.155716798058546,0.520013715370479,0.679101960336767,0.498121821075328,0.10645812647654,0.391800302876613,0.43740558458294,0.643220985806163
6800,4,0.411245395637727,0.237974653459869,0.218504573374504,0.787093029384335,0.63777645978102,0.44944333106058,0.0887259933789467,0.240217983314789,0.231750274991984,0.00529925744413184,0.126359279457641,-0.0412130953142578,0.801012343954496,-0.0970019205960804,0.39077329293488,0.572452354117305,0.484402166187043,-0.568181594191708,0.598627548149722,0.383096688450141,-0.0449231128059613,0.460421078968393,0.401708035222303,0.420269364593886,0.368016085099655,0.298368231589764,0.277955031623629,0.256564650183971,0.689692460963691,0.32931707789354,0.305539395229779,-0.0593289409108964,0.358726989765161,0.112992888435328,0.361270802978821,0.39351559572094,0.30701900434187,0.822140342391901,0.342180809658521,0.439813043607998,0.522659191898299,0.331766846754034,0.195320940086961,0.296713110816839,0.668803544984947,0.384017806070651,0.294135455506721,0.931067155526384,0.26255230161883,0.490181618652545
6900,4,0.35410272271673,0.631399957037067,0.397901241757079,0.810012355801363,0.503444765854746,0.42576876829564,0.0404244288763467,0.351747815941438,-0.00338197139971091,0.194237154512422,0.686163964661162,0.121471406659246,0.263699874480817,0.342071916004457,0.043411433579979,0.709187891058441,0.310321998407906,0.0545436330869439,-0.0828063555568409,0.320824416582609,0.522289766244805,0.178444391159829,0.149401635096035,0.322901760912193,0.546749496476313,0.204749560123336,0.308484402899011,0.219426597551898,0.409587023067664,0.870407179722228,-0.118052804441677,0.16040722993296,-0.0071264828693125,0.0818605443321256,0.0436821638692464,0.12190934487251,0.547958127023912,0.201343225107069,0.487208898774649,0.668926890482848,0.397741706805944,-0.0231152016834124,0.285235364370195,0.28230095293298,1.05199025139977,0.336920244997949,0.633209082375852,0.317070012021192,0.213346394693818,0.647463036224105
7000,4,0.361947971884545,0.798160537083718,0.188392560727148,0.377203076423527,0.317546093684032,0.158493259347038,0.147799768415002,0.00703748230901463,0.0963300299850404,0.218105888769129,0.498361184089654,0.461157790977497,0.237633526783365,0.137118312779059,0.121173479649336,0.448502444568241,0.397616817686248,0.394273052046289,-0.127484056453083,0.227666146034596,0.160757654106454,0.425421544326302,0.00548438608750046,0.200882835058522,-0.0092760012511347,0.042659544699801,0.357019666931888,0.516873433668726,0.564832797714976,0.363387595010564,0.0609282221143434,0.223967200779805,-0.080758393038612,-0.189752912930863,-0.362633031403252,0.100809821743469,0.196026903653828,0.513817986845162,0.496524400010769,0.621215142744577,0.408981259679494,0.52202753683448,0.374363630566996,0.622240447049748,0.500876751412144,0.222188087511764,0.53658045529924,0.369088994200467,0.398974819304798,0.243874777235826
7100,4,0.090677873210852,0.745414374107764,0.613657491630881,0.533369106345401,0.142712561221527,0.562410056027636,0.578583239703092,0.0119033089489851,0.0514314665835792,0.603553051375756,0.618030223048203,0.0683906019562943,0.217027862702654,0.122238046381889,0.654036598780678,0.478807711672147,-0.0638395342592762,0.617196238158406,-0.132831727457754,0.252657702877222,0.263923042414839,0.380017542609211,-0.0892859203539196,0.579755638077295,-0.104308198820145,0.0841208568449889,0.375854257310019,0.167195679101129,0.413614675580793,-0.0471156858572528,-0.020300205697094,0.531889470187175,-0.084054953518267,0.530536947017703,0.208791671621688,0.186081875352998,0.418311566100763,0.427608925200287,0.105256824246447,0.46921564100679,0.096023324179603,0.560538091188371,0.0460251017764075,0.567417151707844,0.362077920219293,0.125446041604522,0.697780065460126,0.435667786443887,0.314759501270827,0.313435028401951
7200,4,0.243640179424136,0.591974574764055,0.668320613321135,0.162470303035563,0.29557497541695,0.236639986149444,0.252140173860135,0.203188268658412,0.108645104346295,0.842168277475937,0.123778950986895,0.196259482457443,0.348719159829411,0.0232268653228078,0.762993355022066,-0.193355270252585,-0.191210047728176,0.318669094339838,0.0613954127110752,0.427877368463332,0.0509016372697073,0.0598115073975636,0.373439054688351,0.176598614519308,-0.0564499436442427,0.466185247678002,0.596863392232632,0.176869667100827,0.273940088140827,0.151124410528719,0.304121548855837,0.517670800179969,0.311267441043532,0.607311773929651,0.484141581049382,0.159747041433592,0.0145404548520502,0.264394635761331,0.578226155338904,0.340362254174846,0.264248067215303,0.600164131738505,0.250070733999101,0.469938347748484,0.453967285755115,0.364675649981938,0.345166363859952,0.100622690622072,0.269687305687331,0.423472588447078
7300,4,0.786821959240366,0.755855251273557,0.97771424935285,0.176002236951025,0.556737777276822,0.0730981626868667,0.171599333723867,0.16325544973506,0.402823385415123,0.294231024391572,-0.00322538150170765,-0.0572106896658849,0.673262450941852,0.323020451853417,0.372252700830478,-0.0694695590326316,-0.0434638205692702,0.354018232189907,-0.236709367853155,0.218128060508772,0.0968981723995168,-0.270825113481549,1.08592668022697,0.596650521886904,-0.079138561337551,0.598729879257567,0.144040062590064,0.195600015233582,-0.254365003370133,0.362673962971247,-0.290938127176086,0.424539946718137,0.748780519885331,0.421745079512774,0.492693136266782,0.244858187758256,-0.33395826085053,0.703138982544665,0.76251507895753,0.477463645926963,0.287800421193428,0.172687607901056,0.311265112623323,0.511184938322939,0.393627181868611,0.0129717478066905,0.534219307894192,0.113954124947326,0.247169679268072,0.617589894444449
7400,4,0.529308404630658,0.445564747673849,0.524924455391648,-0.0967490920149842,0.695567381992765,0.00809974419675391,-0.00722070665690913,-0.10399472999696,0.308580304063606,0.34952728470088,0.0763831115307257,0.294723467602936,0.234491180175634,0.628219475121434,0.36828556867701,0.241176625009241,0.00511495479155882,-0.0106412054157151,0.160114839566785,0.101038761969875,-0.40871372109741,-0.0861125090030834,0.73973504147063,0.508697884017414,0.21215805311002,0.581656804031908,0.0918751029895016,0.309786967404507,0.00448911633659282,0.309769247950867,-0.0293332018735981,0.273170731360328,0.85928018855541,0.574606648391573,0.637548665306944,0.0816149875859919,0.332240987922505,0.0944337357891226,0.295328721766093,0.18489015983854,0.12122965389464,0.0362784644042341,0.21743750450319,0.208798107949585,0.291461420031449,0.196242221853366,0.789308889530703,0.33426811930779,-0.41138671148699,0.587943928998029
7500,4,0.58126057114864,-0.333870785006802,0.628303151956643,0.460291831881661,0.45901320629321,-0.281612264729509,0.143434766663616,-0.0743406947493891,0.417953302853728,0.459882652248419,0.0818456679842167,0.486034332658566,-0.168308193031347,-0.05705880295356,0.14717824973438,0.492277023196128,-0.350606635383102,-0.0229540972543322,-0.310353772709036,-0.0364175692862913,0.370112760418913,0.347459821602501,0.138767005053221,0.337163102785212,-0.0250609479920916,-0.0280172928864345,0.188568143734693,0.303039229090166,-0.469728441834173,0.182467579701491,-0.00961294573779028,0.510892518802486,0.338075292502669,0.397443517489566,0.821369777247626,0.09728515920469,0.573036275437643,-0.316392765975783,0.197483708351867,0.254049467172544,-0.20212634535047,0.127500691857518,0.102662652123369,0.717612340715473,0.105518936775951,0.567861548834076,0.91250771772273,0.0788543773693896,-0.151322057779684,-0.0561920396700801
7600,4,0.507950518638721,-0.121786009842902,0.495000591196279,0.599829550053081,0.377324825698737,0.00943693947745053,-0.0488506126312799,-0.0999180898888489,0.498739823779127,0.251177889249734,-0.147252195113416,0.661481743762774,0.166563945667113,-0.188512240200622,-0.0815563461654267,0.705439647939185,-0.350200713200095,-0.448310399642391,0.329438078036373,-0.0905492055317755,-0.0316340748633325,0.361646914339677,0.03545231130631,0.210294265357407,-0.0626932140762288,0.148410966409836,0.421997563796064,0.431642425051017,-0.571660800400086,0.600343443437099,0.0938023149748589,0.575847293465883,0.520879477356464,0.162742840947384,0.729096340695068,0.0146547367091082,0.508429141850002,-0.115171607975806,-0.387014615212219,0.292911841609051,0.26870732821468,0.160570883279617,-0.00758097376573166,0.602552426098341,0.282374756799059,0.572901646674171,0.509927410963082,0.0715094274641359,-0.0872289642910434,-0.0836052268721188
7700,4,0.0473301306180377,0.589553788528197,0.132310224139232,0.260830286524559,0.0245539208332923,0.207444660916937,-0.388339060830473,0.1374484400643,0.427988661089192,-0.142657963096087,0.425943676833898,0.439834688722572,-0.592491534273697,-0.239909220295162,0.0788786495785444,0.483972854753107,-0.0420490274917719,-0.321184186594279,-0.10772348760623,0.467400408577525,-0.0501092077043346,0.147713039816978,0.455048569598662,0.178425241932321,0.475190181121344,0.404526061284595,0.265986090461307,0.361873018815174,-0.400789485571513,0.423714501840214,0.414320572710138,0.268785699751023,0.532058760769347,0.0228520240462708,0.332405479245713,0.136396401946132,0.171437915643054,-0.201559182020183,0.29704130034099,0.166682325199599,0.285337920448296,0.331312437412113,0.135712946056294,0.839907204072989,0.472852274150733,0.34453242225972,0.208356893547813,0.0184518622383996,0.10656848056657,0.0221211833417356
7800,4,-0.25751490285763,0.336731635976797,0.076279350963781,-0.0247218478690088,0.0129598527444775,-0.0369556347657325,0.088981154753608,0.0841504038940111,0.630843836654681,-0.0124438572858343,0.490932121429431,0.506332768923372,-0.67204954745427,0.05139428307882,0.507185422915555,0.447461958325198,0.38457094811431,0.402117545807046,0.3504017841696,0.150782146243209,-0.330676092686181,-0.0918489766739469,0.349403641006691,-0.0559546177623322,0.628014840262779,0.627410180939087,0.385568790771697,-0.0835655418180134,-0.0321519606989155,0.145138158508838,1.07909772484694,0.090965403833944,0.0735904046912611,0.174428994324895,0.377531360471139,0.215500102935436,0.315657650555122,-0.31335585677233,0.0786662952244322,0.593580536584463,0.166696151499883,-0.399477120219657,0.280832274927344,0.471184690703322,0.148525577219465,0.141118366215555,-0.127403462474714,-0.392703564679054,0.056956614426798,0.191069675153581
7900,4,0.100960991150068,0.475267995495725,-0.0611300647464115,-0.0617866278261041,-0.278981222832053,-0.0710033171931118,0.336270242322705,0.223330899201928,0.585440162794212,0.0814750569287522,0.139570637325659,0.468021345209521,0.0711930952597841,0.652546134832869,0.438412363004006,0.223597560539932,0.198067826983833,0.220403981621041,0.0210897300418139,-0.101631106012671,-0.223458458534394,-0.139034842583098,-0.0460482839955709,0.0449420802004892,0.189363232885606,0.680181629716772,0.491548517279929,0.211384299223844,0.0238007893233445,0.0655975389665279,0.488224862750503,0.13733107420183,0.245781687570287,0.0771691998197275,0.447754067119082,0.432201195285919,0.213124745956801,-0.24240576742794,0.23044520380171,0.112171247145568,0.0203697835390536,0.199488252725285,0.063998934861196,0.0630266994129131,0.533051142791569,-0.0276881321807638,-0.256700308748298,0.158619359253836,0.144820171927316,0.355326034914452
8000,4,-0.0185678488907939,0.0503528290268237,-0.256819996532104,0.0386737284521018,-0.695558471547869,-0.168189024907535,0.0979964363813484,0.406248484402128,0.407283654537635,0.0148105153949845,0.0378283540054629,0.399838318901636,0.10288150053819,0.647368064205464,0.292060903368591,0.168490573269342,-0.0917598377726772,0.320578217400143,0.188962913108548,0.114273528562498,-0.306463163100263,-0.232918427074485,0.344406208798071,-0.0887987697469927,-0.091194113084411,0.843770386853981,0.136598491553113,0.551641514132362,0.145027997606127,-0.219089514528415,0.144825547948205,0.128796489862221,-0.194558931507107,0.231776739538449,0.561209074825523,-0.163385673386872,0.119568714518038,-0.194708038639614,0.116721494414725,0.0613455657870063,0.205232024362825,-0.107163903092233,0.252699310066298,0.402378287558575,0.480749831297818,-0.556193793261305,0.303392857797627,0.14513440548445,0.614059411015445,0.32605222445477
8100,4,-0.0826524117468175,-0.0294282846242498,0.270905821959752,0.0417585624740238,-0.218185635201924,0.496477653660817,-0.0932233102657898,0.231628521668923,-0.700252431676658,-0.211014649914458,-0.139874408035554,0.0168155064823997,-0.0571242676154847,0.652731722351564,0.300109493928892,0.286015652583315,0.0348411134990424,0.117933612691606,-0.139236240817613,0.359119604733778,-0.232653108986341,0.298935684862152,0.44575542918763,-0.345289531439269,-0.146108465209864,0.37589663391753,0.318947459337024,0.261057690662551,0.0341535212101037,-0.0311945525315853,0.377182585519707,-0.119672431046026,0.117713067701654,0.46162343328107,0.139358773556314,0.151370010685962,0.0159051827663288,-0.283246922010788,-0.0669088125015746,-0.0991842240608761,0.154916062222534,0.0112901561410387,0.255300948011315,0.145312632777766,0.505002606656274,-0.438445041565281,0.461365804109693,0.308934069296498,0.289933124825589,0.31553593108142
8200,4,-0.130253649556665,-0.111692930946416,0.32172655027826,0.116994781476234,-0.0180101562635601,0.0924834855766106,0.271658585596796,-0.0643051088032103,0.13912080806275,-0.312983546330445,0.20722533231086,0.0331202307276927,0.201853039459399,0.507775719740014,0.571496979881581,0.167845324020575,0.341227538075494,0.106458860781945,-0.052752615355974,0.189091849573232,-0.15666933561355,0.293618685945993,0.387239104750367,0.308452921199616,0.183683524832801,0.461334545720844,0.136635534678413,0.375515838158047,0.175555430736708,0.0127869922572962,0.357417459839796,-0.0160457694133695,0.0962650523286174,-0.0566239942292953,0.156959213073991,0.611771112815676,-0.314137593913764,-0.0724315984025468,-0.470712620901406,0.350788082964811,0.354567221919415,0.444204246045099,0.391875730234748,0.204621212708761,-0.252360632192589,-0.320829662117563,0.420788722755736,0.602106837539331,-0.0206341387037587,0.149730661382373
8300,4,-0.182154442917394,0.327300857544459,0.452426271538553,0.217477682791938,-0.0669872808651085,0.442695371672686,0.282645178795313,-0.302262228964371,-0.269200594195821,-0.749986558432747,0.134042314693959,-0.0263063179529869,0.0058439441401652,0.0938143708962227,0.585794740342867,-0.0284796218356779,0.306504545361263,0.388167267752115,0.659877043711613,-0.0171818236509231,-0.455753108863544,0.377074579323649,-0.0313437422480921,0.114564332294919,0.224897816311073,0.12717147099716,-0.0483519000849255,0.087915171869531,-0.14079485291362,0.385096809567972,0.351237903691121,-0.277971087189719,0.045909887831541,0.345114059491272,0.514757796716002,0.325230717144312,0.390792956859596,-0.202036618392993,-0.45914976712656,0.101030483831267,0.417274065496664,0.401263333524215,0.68467905241658,0.0199670634091836,-0.274784928054455,-0.188715269018874,-0.00803730249229193,0.458485426546192,0.216277842873838,0.114283510948203
8400,4,-0.455176451759683,0.34061352797876,0.255443411090678,0.213048695122224,0.039320856933321,0.294212057625081,-0.046126842720053,-0.0382194994036511,-0.326086267555215,0.0564136824143372,0.303071112650709,0.256817296497634,-0.138984511085425,0.056566311563952,0.361087705150828,-0.0689463340572415,0.578908908174423,0.575297855052706,-0.0376382090038935,-0.103882594513067,-0.289455620938752,0.170609458778979,0.339723329511721,0.391304496469863,0.0413184344993603,-0.177914567638361,-0.24183007387005,0.290367232541225,0.468499622473994,0.193905063950232,0.400376853443766,-0.208575910325113,-0.208689417394801,0.0433370045615333,0.405258361775828,0.711397870205758,0.825710447050922,0.00088084146748052,-0.00715838336919256,0.296376069844243,-0.132714931039253,-0.212736777496677,0.0287252382841203,0.303394975075845,-0.301129400451974,-0.0349201434078604,-0.293546267004994,-0.0209815451592415,0.171939985569847,0.446870239780572
8500,4,-0.151379667530353,0.120047408693319,0.0748213364215247,-0.0781149445380379,0.0821750849434282,0.108231144198606,-0.048391729391787,0.152978041745362,-0.289267173430612,0.204973843716107,0.0463893456970805,0.271801847280056,0.0877807161127416,0.0371284803921295,0.0146329125614837,-0.54703685409968,0.433627727203916,0.272301747647989,0.210217022817848,-0.345932444985522,0.11205594783666,-0.380178958016011,0.193645078085947,-0.127871669352374,0.0845867385659906,-0.272452738152613,0.0938833863203957,0.256394184324134,0.0391265484184871,0.0681567677134715,0.28523042563493,-0.0445449780126388,0.0534479172018194,0.822174026348764,0.317128797574835,-0.217243917795651,0.165342331811627,0.184603409145352,0.288817174123664,0.201840813823221,-0.34216107526595,-0.202880698486242,-0.277643479311281,0.298048810062164,-0.225602875108669,0.390455185640514,0.448141805983091,0.492393711384744,0.106975871350255,0.472072051398261
8600,4,-0.237681479062938,0.15380486928264,0.0254756631442617,-0.334522486983856,0.350586128113589,0.221887214039778,0.00598000878436888,0.420067851810677,-0.323615285767464,-0.652831091396186,-0.52253459916148,0.0265540766646296,0.0808314247438469,0.181250648412721,0.208503351684072,-0.463505981819627,0.38864450863066,-0.122916844822983,0.392746395795773,-0.500065790408116,0.188628871777856,-0.57540962311145,0.477926311521142,-0.16808549657793,-0.139025366665595,-0.718311486424948,0.350602678649879,0.0537986193712482,0.199887594623884,0.152429758073384,-0.0834555538439263,-0.0796956675652747,0.277497271862017,0.3090649686592,-0.225473505945542,-0.260506982116826,0.064982234613547,0.0561318703168823,-0.0887086685368628,0.0856670353748699,-0.102166732606861,-0.050385430947383,-0.166694866650013,-0.0435030506463536,0.29589922096598,0.474515993913405,0.425109920846679,0.322436314366146,-0.193819453608421,0.341727520863895
8700,4,0.11215879407804,0.522681820976282,-0.260488504739906,0.0726877672600748,0.127318079694919,0.0283775247895382,0.693030041600328,-0.115821439850664,-0.524913866815573,-0.205959553976629,-0.220846955050253,-0.1227997097858,0.30558927054153,0.237916411681183,-0.495103958025753,-0.0693363937457155,0.352564616348538,-0.0179820909137617,0.395186924940405,0.3648481905403,0.374387811827754,-0.226361414268652,0.43768774088832,-0.232605967834952,0.252206903868964,-0.605052369035402,0.618564676211063,0.0805293942311808,-0.222762870406499,0.382666731083998,-0.114954498865474,0.0673306209164716,0.00321704853037763,0.2565627876893,-0.394662974440489,0.0146927703982376,0.151926076088673,0.41354203802031,-0.0502394369588611,-0.00299266618136423,0.170296518485588,0.0713414802898429,0.321256270932999,-0.0383635221726022,0.144005902399635,0.613690820039886,0.250074159845273,-0.0657153978635438,0.0827641108328832,0.49278912536978
8800,4,0.00346287105574966,0.514102595578251,-0.258739324559224,0.0409968953613443,-0.214155863221344,0.162445156972317,0.451879108573732,-0.316544745892078,-0.602117685220708,-0.222023216740765,-0.433817086280168,0.0850537477189179,0.421585193005789,-0.00107751242770887,-0.41469768174548,-0.0574815690516719,0.223538785159847,0.0342166306565191,0.464331046213917,-0.0027616776859139,0.431268788082786,-0.450866380471801,-0.143976006743212,-0.0713894271683355,0.357237123098967,-0.597827214128756,0.11494023356639,0.0765324823647073,0.167851923953012,0.223481040170007,-0.0170216246910194,0.0419717000635469,0.264415889315407,0.0217996734292797,0.00395036398587661,0.19489299135172,-0.0232036309811445,0.0745701084759531,-0.180365944043065,-0.0358519984338146,0.32983043764991,-0.238456070371609,0.360195216570461,-0.290633051896914,0.337510631295231,0.199656242079891,0.20254128958149,-0.0896890358252811,-0.555995273248525,-0.224882611666051
8900,4,0.0206604649618013,0.222867503206089,0.139633672269085,-0.265190570035202,-0.499443726312078,-0.401638511486857,0.100171518425117,-0.0148277746144239,-0.352402797797014,-0.220793683565505,0.0167134615660913,0.428734535407443,0.461673544840058,-0.209623780451091,-0.566581129814199,-0.216522065997041,-0.153480529863147,-0.0847095448239316,0.487881974404546,-0.101230991295085,0.540214131403028,-0.178678670272211,0.0541790761205261,0.252539131283113,0.12503379855524,-0.459567843848512,0.375761514318771,0.0750500095100553,0.073540210635031,0.137650301394238,-0.146881429438776,-0.064217749309175,0.174538532235174,-0.137149198803697,-0.359293694821529,0.215746737222476,0.189506007510679,0.0396796119166551,-0.38401551927309,0.128600453246466,0.101808184815059,-0.049052353962787,-0.0704323513822501,-0.185748255984835,0.031601359191874,-0.0673717505449177,0.00933730181432965,0.206158732915118,-0.291864710912291,-0.215614934184296
9000,4,0.18902903039375,-0.204675857884685,0.240830255278661,-0.157920349405536,-0.139626275177748,-0.0335354135668692,0.218580669848899,-0.0222095565319552,0.10668322950842,-0.499608507925565,0.272585097538516,0.385489768347321,0.224341915423169,-0.18123378012658,-0.483863455720545,0.087541151675285,0.567085067271393,0.424049961430215,-0.157520577527132,0.158679726778774,0.251095273528045,0.0732253500591843,0.141872548535837,0.166629279670044,0.129058414259676,-0.349961079521526,0.21917585037274,0.316253329740489,0.367320370540202,0.228304507829425,-0.224288239874046,-0.00607967731717315,-0.599940425602542,0.00682442351881624,-0.359249116679413,0.299719946905215,0.20620026406157,-0.0509089792589473,-0.190317415420154,-0.188801224037654,0.350907527865865,-0.171810963447649,-0.252845584482951,-0.506257880220397,0.518340086854253,0.236347018286783,-0.130773429321474,0.234821172678704,-0.479192263500253,-0.229095577037405
9100,4,0.599347254119221,0.00263253183827558,0.0878981606990332,-0.306191819864722,0.230620635739456,-0.386790710055288,0.58779219763836,0.306901560816345,0.150937075026614,-0.306797764043587,0.201767815871636,0.193367546013004,0.166409689689491,-0.110301373634062,-0.396395766710021,0.0560022118229506,0.16769863034513,-0.0510645880013561,-0.274171496816195,0.376472844634996,-0.124668782077575,0.251788973744072,-0.356677328071475,0.73877269435465,0.133166716321038,0.303936031275078,0.118323651510046,0.199268560640666,0.802681938194439,-0.0840361260621541,-0.0682961176856965,-0.242924792313444,-0.554854113390795,-0.0729582738679236,-0.54823499593648,0.574251287009001,0.0659199117273728,0.0394268710217753,0.237919275295769,-0.0794880064683632,0.248778132860783,-0.205648634100754,-0.361698999713774,-0.376386168364493,0.294460753753561,0.288923700273233,-0.62858166957839,0.196182735241741,0.186347984233504,-0.48927181991707
9200,4,0.428287973302863,-0.224128903750039,0.19985134064675,0.235783987877739,0.238929771980987,-0.475429473037428,0.644361824137251,0.401970508069879,0.0886228488831107,-0.618236121986075,-0.299793068005707,0.348331058242803,0.524057884244276,0.071401442136443,-0.30318366259806,0.536651884343223,0.253557408939313,-0.275661481397907,-0.117328759549609,0.385201376757132,-0.139329801582516,0.329548448868382,-0.35575558475787,0.902374839827573,0.0815843203851926,0.632834648375167,-0.215368335488668,-0.0554079483765669,0.219607191089566,-0.083025060978882,-0.42097197183574,-0.0123050905040185,-0.15252667056409,-0.0882985878015173,-0.512192783794987,0.838977277505517,-0.0110259254261863,-0.0573796470222018,0.493029980253257,-0.104564916154206,0.0274390526924112,-0.721470196038844,-0.270770332046232,-0.0436059852713754,0.203439505250864,-0.0298536620832495,0.407892977445104,0.0735529121998615,0.295508201191496,0.126674142013179
9300,4,0.438560246003053,-0.215106508651767,-0.2804985233831,0.411307794672002,-0.266810187882899,-0.544802606862199,0.255195650736871,0.171052216176239,-0.350295685652018,-0.457699582058834,0.11668351492496,0.0381789127159645,0.302275552404626,0.227662246178533,0.198616125044483,0.326141198412933,-0.280415695187737,-0.0230212229499754,-0.289868913929058,0.376378207341528,0.0722348780010856,-0.000446671377490548,-0.221671700362207,0.620316899075765,-0.246785032406379,0.451367784706667,-0.0802800397133866,-0.167843765457547,0.0383422059401844,0.160562921367506,0.209777454273145,-0.0241689185460749,-0.0252316948155418,0.0822951617289914,-0.165113637364515,0.658237363901262,0.170414297310101,-0.328848713660751,0.358398932880429,-0.354233760659209,0.261640489100387,-0.120024415497903,0.173206979956002,0.144525380829452,0.413410388973129,-0.400395352439692,0.461078267522796,0.420777448888462,0.0894946990455573,0.207423833707216
9400,4,-0.231603083014948,0.281976147471203,-0.391523355127359,0.0830693855040661,0.215031509720347,-0.483888495725172,-0.310255467692781,0.32748729917747,0.0511193562702737,-0.76061102631873,0.0394467255859486,0.277128912216654,0.0404840427076575,-0.297506622639402,-0.0412330293227506,0.297857682719584,-0.417381993768138,-0.0872219734186054,0.105404410677764,-0.30108442678936,-0.461805037895483,-0.540165329626752,-0.440854650586917,0.108976350192115,0.0984342856479089,0.337714309603932,0.00192809194816401,-0.697525958704515,-0.168850077652283,-0.166053337462128,0.204452729803186,0.127491553570171,0.278829226589689,-0.229146640157693,-1.02841355176925,0.514022281174509,0.241587738215256,-0.449815316612978,0.545123532489038,-0.438211430783988,0.04776548830591,-0.169043468906303,0.145650961531849,-0.197870191753106,-0.0232792243519753,0.0930135163092337,0.371550632329007,-0.00544712575254946,-0.0415049222148676,-0.44120973114997
9500,4,0.418248017397956,0.347511303835162,-0.338286068513724,0.0254084615382096,-0.158253590803212,-0.649628343668509,-0.0529045031288649,-0.215548083148379,-0.0122354891710015,-0.497515141114409,0.220404343073994,-0.427598574126635,0.0325242046427134,0.128207251732421,-0.120388926139412,0.177665594441373,-0.669126733311885,0.0138111168715557,-0.369362705563356,-0.196100204769028,-0.471039866977209,-0.509793220666758,-0.218852128294877,0.100290092800526,0.00263259852310821,0.0510967843330182,-0.193758263424516,-0.682772064791129,-0.152896080777903,-0.441672951227416,0.152676265719822,0.312683474549078,0.0264455040406241,0.070957850989831,-0.537559751883787,0.419003359376953,-0.18471364818963,-0.169953208228403,0.488730724465652,-0.299968817103301,-0.36195536548377,-0.326623431674785,-0.159212604062429,0.0490794001541819,0.187947370107006,0.207746301742059,-0.185214403319525,-0.096773580934769,0.468409888193053,-0.136919355141464
9600,4,0.310401552400005,0.291108017669938,-0.16310567265285,-0.0451406815704645,-0.0974339669247726,-0.414710193067922,0.192373575913118,-0.275465516393091,-0.00722027896185068,-0.52867680867028,0.435007202085393,-0.0724696196065845,-0.329215520748895,-0.229610554322267,0.504274671113363,0.161371911135317,-0.799559648186307,0.276827647227062,-0.335806273758544,-0.278041144194252,-0.494143117251976,-0.812191865970412,-0.459930436104287,-0.335882406856637,0.202348220982938,-0.29738337085519,-0.544868913228183,-0.716855916932781,-0.000231835899377864,-0.336665189062219,0.491480969951177,0.299124241486314,-0.307650859427507,0.16994078509658,-0.319468051076148,0.326275657677058,-0.172064351338791,-0.410187178977119,0.644870193955029,-0.0129103460760521,-0.492491679262953,-0.00552339629807494,-0.029199609603679,-0.0953487359020803,0.16220777950975,0.245591284894086,-0.187139397323122,0.0453973637984463,0.210042322333327,0.0617236637680086
9700,4,0.432361802621227,-0.164482725279397,-0.230496422330883,-0.178640719874609,-0.362325327461361,-0.396970328121331,-0.0552932683643053,-0.298968676067847,0.0565122825501685,-0.185313516184514,-0.208456745926132,0.484115985853026,-0.243788133491858,0.180225857741001,0.0965407007556468,0.0797768919378372,-0.736015971366279,-0.0675719646723593,-0.217411385613362,-0.170928311769814,-0.650906055436457,-0.0736292264040573,-0.232385150146966,-0.283660532408365,0.0316791879444484,-0.15217064046937,-0.0148422177266696,-0.46237438312633,-0.0668234265682222,-0.192915856462066,0.162175179127123,0.473776618270606,-0.449770408748769,0.317784581528668,-0.785518572063535,0.030127094201637,-0.0827586894047173,-0.268443735104671,0.0901921353393899,-0.429200718616965,-0.742645850888205,-0.394270791068318,-0.403604095506364,-0.699328522801898,0.17697221778992,-0.214424958759035,0.152326715576863,-0.0127311538840973,-0.145028818789846,0.485976694169525
9800,4,0.360151316232287,-0.0938249889128675,-0.310123019746794,-0.617621294868333,-0.530204290954899,-0.539821123622388,-0.128980904841687,-0.652059861352307,0.0725403372179059,0.0132755402668195,-0.336255971501245,0.162670900027451,-0.309560327788716,-0.049485686545554,-0.429960851959978,0.0661920564471011,-0.102566821811478,-0.30979006831352,-0.0862897910344207,-0.680528058654457,-0.526504303073569,-0.185410541958467,-0.658153444929058,-0.185080167966895,-0.303258663740861,-0.220352151210983,-0.281671252088661,-0.175265575552904,-0.253796986944165,0.393358747063821,0.0381346856242755,0.102747632011131,-0.182263380748296,-0.407007393907527,-0.486005336866719,0.32706501481154,-0.342649721855621,-0.453324400138284,0.417639270616026,-0.408011265263796,-0.266188578994004,-0.35380643751025,-0.472409940129862,-0.442717440401486,-0.502120740867254,-0.341732036576504,0.204168948288862,-0.331439797904231,-0.177590572972062,0.0251209798303272
9900,4,-0.250316970169862,-0.0144345499278351,-0.16406046493877,-0.392871025442067,-0.437443889433426,-0.296642560679468,-0.180076761270934,-0.259598325683582,0.359079097266661,-0.130917504936863,-0.335799642470609,-0.0209959196301905,-0.517926002672985,-0.288347142697791,-0.0648129066726236,-0.248329130844781,-0.112200632574106,-0.264074116391649,-0.324149083857727,-0.197877057548454,-0.0116565974498901,-0.00575422612814663,-0.503530504653729,-0.159987367417597,-0.328314875064409,-0.130775370472147,-0.329235646368355,0.32575805966575,-0.297804226302311,0.131818419658036,-0.506575167332573,0.0848388944566604,-0.562997734374024,-0.664452811940684,-0.320353695824636,-0.0064983111089669,-0.465128859577251,-0.448938728443724,0.0234127599381247,-0.195790772012109,-0.27530852495312,-0.179976325868039,-0.0960145605266244,-0.688684760707369,-0.446310099517347,-0.0243457581686926,0.118395348591881,-0.82294413097064,-0.0593070853294529,-0.56286644042758
10000,4,-0.427171362735804,0.089787597815552,-0.145230766230948,-0.448288923949609,-0.167011627911252,0.0533207633155454,-0.0659502080453577,-0.514326342450738,-0.171600145701329,-0.212010243042171,-0.161435309010129,0.0855636855480334,-0.426947777170189,0.0538443357210479,-0.171300743578604,-0.200988226726582,-0.0488600267903599,0.245329292601276,-0.63540599158098,-0.42842085228676,-0.0835586896327897,0.0337635783893073,-0.301460808687439,0.351210432196806,-0.549049537488674,-0.0229004736552441,0.0156762109607053,0.215638304777851,-0.0588891385255195,-0.395158245693413,-0.0370522717566452,-0.178909121676721,-0.520072579388489,-0.256766783637198,-0.131341736262197,-0.100356983444143,-0.259169047513988,-0.398205966658238,-0.306740567473929,-0.209458285976372,0.123197978721546,-0.565645156334514,-0.370122596174718,-0.653557259747491,-0.55877226631249,-0.0380438216181956,0.094970917023116,-0.595908289055187,-0.637095201626324,-0.514095676328559
10100,4,-0.250774169571717,-0.302166130450761,-0.025882471965245,-0.460022360881538,-0.36527079073611,-0.330322733724816,-0.595077896081028,-0.512380006983341,-0.195086238584914,-0.273486105924598,-0.401057483419256,-0.251613759377376,-0.0722381234209246,0.269594841753525,-0.0616895044121938,-0.149127859658184,-0.343558523411682,0.335718299075014,-0.0661184847351117,-0.579229848154667,-0.631607121062625,-0.235696451220307,-0.61757602859207,0.0751378674318814,-0.649494668381525,0.0194909472371994,0.238421263894186,0.302620798112398,0.0610014909139911,0.0957835453872998,-0.2715110804106,-0.277402749579447,-0.831992951144579,-0.546576800675594,-0.139988276720237,-0.390978920007335,-0.264608174395919,0.0627115113595063,-0.689215710808702,-0.204137863354264,0.327957979799563,-0.118401524917203,-0.690718007786698,-0.463895892200101,-0.0782035695402092,0.102648885384065,-0.551291933668681,-0.244569307380488,-0.697118244978236,-0.56861101387494
10200,4,-0.362957354670717,-0.614671044366716,-0.143089124842797,-0.395150113714625,-0.381804118318898,0.128813423917344,-0.45665711651124,-0.780953394185943,-0.406928644323656,-0.392062307378249,-0.0339112679406739,-0.25561492219773,-0.212798815280222,-0.272897838826188,-0.0837587097473985,-0.306466514283718,-0.324493094550539,0.0426556142664413,-0.00763651250833441,-0.307128767520737,-0.59449813646522,-0.496837665727098,-0.225629304686741,-0.255764383067263,-0.530522462828693,-0.173389120183951,-0.0138881357837654,-0.313260502153115,-0.265079634810828,-0.102699502851722,0.0142603341972846,-0.515077610804527,-0.58561061162327,-0.235547566421219,-0.252210892594913,-0.327164393746182,-0.437987591167369,0.147551830633624,-0.623234754097801,-0.273790782740474,-0.41887785155985,0.16443182850347,-0.27455075395612,0.0544510264666304,-0.322743217051969,0.0467960247134482,-0.353727505977065,-0.384951102423208,-0.6161823781166,-0.436875822963816
10300,4,-0.311784694674159,0.0411965079587336,-0.53168933080277,-0.764736753174637,-0.174357886302081,0.262635996786542,-0.255874110074959,-0.171893492804336,-0.0263511848053625,-0.474243635048672,-0.324200790191526,-0.219515710740331,-0.144222994079889,-0.363021197496576,-0.00223898416410173,-0.0189870179143974,0.049592991164077,-0.164259216386877,-0.623369327206134,-0.116807440192885,-0.478293987562675,0.0157943049040835,-0.27035226257118,-0.679755675594721,0.222361997341835,0.0614854067520005,0.0515044756143029,-0.597022745636271,-0.486251440027369,-0.277305279833093,-0.136690063234334,0.394548142804169,-0.481557654190024,0.386159157326296,-0.220188555004015,-0.676739445244029,-0.409496845676751,0.0596342141927208,-0.693679179373134,-0.202945715971065,-0.265276739278972,-0.0857880382564737,-0.295885777425509,-0.417574210141858,-0.362098990657513,-0.330360498203819,-0.27662503581498,-0.156935069261022,-0.313027269563325,-0.57450958421809
10400,4,-0.468147734370511,0.00845730343063106,-0.6346047265643,-0.0621044428777656,0.210937792379797,0.381633078801673,-0.297637603175786,-0.0940954162411947,0.0640407248770321,-0.59731951375385,-0.441044970396975,-0.339890711957318,-0.340126419902452,-0.399582925810549,-0.505119953115956,-0.445227694960988,-0.287113037131895,0.348466553981295,-0.116165244803225,-0.203596090703236,-0.251053633555884,0.0140621071440654,-0.305428738441628,-0.787076517682747,-0.117869133900336,-0.148950968380039,-0.0381386186200093,-0.633905469038001,-0.195898906000349,-0.168239878952966,0.0783388582718277,-0.22522028993271,-0.575701916458681,0.0168558013789987,-0.433680916906961,-0.414954984229324,-0.241617764583861,0.360670005233439,-0.565312874529099,-0.638143870666795,-0.622984535336646,-0.0509565766876121,-0.116692483282277,-0.233061464141144,-0.241421396241781,-0.165072425139186,-0.257442063230923,-0.218235154724286,-0.520800034804416,-0.173301748816402
10500,4,-0.243986847571901,-0.416387912639865,-0.262728883159111,-0.430474888830157,-0.241040041009345,-0.0825775994502508,-0.434429632474041,-0.553092894008271,-0.110127026964106,-0.468450540123558,-0.011654598482352,-0.172250547061294,-0.222016914112924,-0.23663929156204,-0.125363254782648,-0.641462130003213,-0.354884343852461,-0.0822218396943063,-0.284395443331335,-0.206918778088913,-0.521830317836124,-0.402082861408065,0.112148099545589,-0.364044667843245,-0.10859601607127,-0.348773948089198,-0.306902011430174,-0.72395496688595,-0.282191878578292,-0.295536990759743,-0.0396702517556003,-0.197007100286409,-0.800787920159915,-0.212896021017048,-0.438483088213245,-0.788974181075477,-0.212292206361479,-0.0599807090716321,-0.542933130861822,-0.287549694027415,-0.762049334020217,-0.927759829882014,-0.0010025327828441,-0.404832502231109,-0.387563637423908,-0.449761936261081,-0.547961343462262,-0.431450309925197,-0.641188859867153,-0.34210109793593
10600,4,-0.0717791651799012,-0.0224218948583975,-0.427659105315738,-0.150159236547336,-0.733055218269041,-0.414326531907475,-0.416077440301694,-0.616135361153996,-0.503076964881073,-0.707237548814097,-0.158033683508992,-0.252447608766456,0.0799790367523165,-0.303772756318525,-0.464291187486623,-0.759674491067768,-0.360247217943454,-0.135094274465397,-0.479772639288017,-0.445003546223865,-0.759988815661534,-0.444794499764233,-0.0811495631474717,-0.413817570592886,-0.123357295394371,-0.362846431356584,-0.0248858330691084,-0.306212427267839,-0.184477160438525,-0.404232116923885,-0.305487676040944,-0.241361366776728,-0.751988538658401,-0.427943644467164,-0.644998832595711,-0.690629263237236,-0.465710923086481,-0.0577448916021726,-0.769510922810714,-0.307586980136119,-0.560782582973008,-0.765637785661404,-0.469268592726221,-0.881590043933285,0.00429450602324499,-0.186306133751522,-0.716084584985696,-0.397565091494577,-0.327068224065343,-0.476494106922913
10700,4,-0.459882132685464,0.102022375897517,-0.753397829001883,-0.0798544945238807,-0.468179975302098,0.031372472326719,-0.0806860959885585,-0.308488056142933,-0.83953774516043,-0.708621204620183,-0.444470174073166,-0.350420071151022,-0.233303055300312,-0.898072725719045,-0.472582260231912,-0.632588164219969,-0.720985125368403,-0.191009207961272,-0.0854458115165574,-0.305444617032152,-0.716971177325795,-0.308187535257557,-0.123718972075589,-0.102159144964003,-0.451978418249955,-0.398759210628172,-0.0108922837090944,-0.310325488180159,-0.325722652167713,-0.489745472599881,-0.540288095362217,0.0734139522763661,-0.781290101511385,-0.252069943787988,-0.837590237237472,-0.588341878395041,-0.692938555196997,-0.588107402993213,-0.584247474887726,-0.314449502801699,-0.396490285464128,-0.154365267992779,-0.0153021619013834,-0.609649041242721,0.0010233570049272,-0.188430017349596,-0.33537656765094,-0.551821830687046,0.018930595074539,-0.188362025385724
10800,4,-0.777081229160507,0.0971487093296041,-0.46418721402493,-0.0146306513396778,-0.586080577059001,0.0116050729476005,-0.656522030949172,-0.340108125207319,-1.17147875499901,-0.396582180807333,-0.305334344311587,-0.358684231530468,-0.574578425653799,-0.957190420519689,-0.0265544190439655,-0.64155047133138,0.0864888059411886,-0.0555236725904296,-0.0831503562707819,0.0157592717088903,-0.293259685180563,-0.819194534963206,-0.187386731952428,-0.0817286884598905,-0.869806353686453,-0.0697193379673006,-0.424070381444828,-0.6356574868407,0.0322678755846997,-0.984229709825808,-0.271812744441011,-0.0373026012374134,-0.82031395219733,-0.382560789371045,-0.762790533989972,-0.68605341417264,-0.460978685787873,-0.661946727978729,-0.739385639225428,-0.324760018443469,-0.28922241403787,-0.585300506870617,-0.390363724354753,-1.0948565945611,0.0852817919555595,0.0154138929850669,-0.457349714980254,-0.222425144210968,0.216243136269394,-0.0393189016034661
10900,4,-1.08644668619026,0.1989407494517,-0.497747815461848,-0.154941328329891,-0.650146343862297,-0.444542339575937,-0.967637937546971,-0.703796482132754,-0.929602588928786,-0.497634100519229,0.161040785445225,-0.643675212847825,-0.471668834653912,-0.758206026693356,-0.450613434533054,-0.653480321597824,-0.709292461752434,0.0369333129217136,-0.542827450919489,-0.257984420233715,-0.120314294047053,-0.71421996560222,-0.471000410974995,-0.952004474185038,-0.798908904380472,-0.107921851529532,-0.386004585930393,-0.794269212073863,-0.0172711120488265,-0.667031007911749,-0.237958093238746,0.375281236435046,-0.985919555565518,-0.0877157408335703,-0.459822054252529,-0.972584160084433,-0.121842647176814,-0.837918078433762,-1.15017798272057,-0.0648276038097487,-0.56390437000831,-0.857599416803291,-1.04797251264297,-0.921265279961428,0.0657992289276983,-0.158362650951714,-0.187657051408871,-0.512389193970353,-0.508067450152044,-0.353956809144644
11000,4,-0.962429554769039,-0.297030448794903,-0.741447205075445,-0.378033411031825,-0.509070991212728,-0.771547198808098,-0.730950521502143,-0.800059937515671,-0.791106784852526,-0.415087035202248,-0.31425074432468,-0.875430276569325,-0.754917486989936,-0.810893619447592,-0.640134605388777,-0.629645015613541,-0.790199924104319,-0.255828290994267,-0.312765817895653,-1.07040569774305,-0.453480543826956,-0.802195019483537,-0.702976980884099,-0.801642612300368,-0.488818436831593,-0.123831494287569,-0.566906598061207,-0.384657442745109,0.0279988496591093,-0.831513317096022,-0.629225476010011,0.116264009180751,-0.253600443507224,-0.448102394947735,-0.358458439733437,-0.495342533543843,-0.290403733639738,-0.533377462947366,-1.05210068996141,-0.799166583077398,-0.625024692693933,-0.97883895041967,-0.930959556164828,-1.24249845767678,-0.048373285470426,-0.341468976120579,-0.622694687995824,-0.280306493217076,-0.500954249824138,-0.305625640076778
11100,4,-0.448997207830291,-1.24137080644398,-0.751917729870564,-0.059183004877395,-0.520061967753833,-0.698307676117441,-0.460373681743927,-0.686504446284024,-1.0147597872512,-0.440719316707566,-0.580477822346585,-0.818250603237589,-0.680730432308199,-0.594309045837482,-1.18711093802156,-0.260097279720632,-0.710142175939406,-0.228632525346223,-0.598431964245734,-0.472834729994361,-0.866744399553066,-0.354197853294936,-0.108882630677616,-1.01164161325478,-0.666975827722367,-0.626814638446052,-0.429126075320673,-0.859928892183165,-0.102622749635615,-0.965800575007966,-0.577131775192353,-0.515648476570288,-0.621155382689292,-1.03483206235125,-0.591800984539707,-1.31341326776779,-0.402080571714786,-0.0974363936926272,-1.00066438624769,-1.03138957020041,-0.613134898062835,-0.494420577299907,-0.581112697377815,-0.999496154171585,-0.200852753798451,-0.525997313409209,-0.57243795500288,-0.578066227672311,-0.82648423657197,-0.701155475170469
11200,4,-0.0383247263267958,-1.01810916642987,-0.963433158545033,-0.540303616092787,-0.456652492663154,-1.05435498033254,-0.868035497415213,-0.671161869076968,-0.709119247922842,-0.392848188485563,-0.589764527930518,-0.649511356005845,-0.420336633624728,-0.717174300869195,-1.18605084340025,-0.31272900523946,-0.777156614736541,-0.49623282928431,-0.475290738252727,-0.532608429065139,-0.403492453511684,-1.00912605946685,-0.217662487957051,-0.687220593450452,-0.394185940324003,-0.904346215330165,-0.925499080499971,-0.956207094831993,-0.387638214384644,-0.966331827147188,-0.904959153750887,-0.599296719461129,-0.421617329441226,-1.02946366137241,-0.840347382735735,-0.884644022125026,-0.978549680275152,-0.586907382221357,-1.01337078387017,-0.964948359279147,-0.932609467368235,-0.352676458563378,-0.594371936178079,-1.03372302933738,-0.267517492804967,-0.959541908871292,-1.04648498687136,-1.06545825522732,-0.699185315620775,-0.54256969359309
11300,4,-0.363719077760023,-1.21063367392237,-0.731664716411949,-0.661231445168061,-0.589880640891542,-0.734908330058803,-1.18714197979861,-0.638620372951452,-1.07493281371134,-0.344789316902913,-0.675216042675564,-0.677693046647654,-0.458835733414755,-0.935739773849255,-1.0430111270911,-0.621149892517751,-0.971671489390835,-0.551289432288099,-0.748850153179852,-0.594560644304528,-0.656476211855787,-0.85608336529368,-0.873874669737138,-0.52059233018404,-0.590978682875893,-0.771028354383069,-0.999513142050499,-0.906151155455857,-0.836635859278628,-0.363842293942981,-0.320326834675157,-1.24605135976373,-0.54650079254242,-0.975032657615923,-0.425277202061527,-0.694741155338238,-1.06940793410567,-0.944117048497562,-1.23683415051475,-1.62010153287087,-1.23451154770703,-0.893326999901733,-0.519086191801725,-1.22034579011535,-0.261814459811285,-0.557945171080001,-0.680199647648766,-0.793592457642587,-0.504218273447103,-0.646338078686264
11400,4,-0.980809004267115,-0.563822949155878,-0.663222945051879,-0.689748767156337,-0.645457643016752,-0.50828431464383,-0.864065873253225,-0.0975743878454902,-1.43716851595927,-0.45422640242378,-0.388197322744589,-0.848174920487756,-0.558262290861696,-1.21448047877163,-1.06662549743219,-0.633184196048555,-1.35612126055806,-0.630398818325079,-0.624147052480319,-0.767653859139631,-1.14429368331104,-0.772687782069184,-0.864585882316036,-0.523334626523886,-0.679608612689146,-0.771761041528183,-0.839006302177191,-0.630206550374483,-0.765074966283415,-0.718413140399704,-0.641944974173931,-1.13836006927431,-0.595954597830049,-0.227211573939433,-1.02565434011581,-0.604759451454812,-0.863396651105586,-0.665109442137715,-1.40481532609911,-1.64154770047427,-1.28444888334913,-1.06655262348473,-0.502112242697128,-1.33436501531585,-0.73345200350894,-0.630605124248046,-0.436579742455053,-1.30964221218956,-1.11088378638637,-0.86951180815786
11500,4,-1.13688525910522,-0.854086925687624,-0.611311115241608,-0.800416620142517,-0.477964706142686,-0.825829580596866,-1.30152324936184,-0.545027986649302,-1.23621812005558,-0.326984188088895,-0.0248890160021046,-0.602769385996009,-0.725096513922058,-1.0529907496524,-1.10262059458605,-1.05168910611042,-0.740721177065032,-1.07907153326833,-0.499837061470364,-0.896888810065805,-0.417332528391853,-0.958638082332052,-0.745854989134707,-0.724011555543325,-1.09606294875757,-0.812810728359995,-0.849780537923762,-0.744850556877414,-0.635211880502506,-0.995339202807719,-0.751032267090435,-0.930633122489106,-0.840629010000881,-0.873994013930278,-0.989363867243149,-0.983040262126272,-0.870790633081856,-0.872920698376991,-1.85973935607817,-0.983955589910549,-0.732332932873514,-0.55396083585634,-0.776023493505333,-1.17898444528432,-0.764508662499849,-0.576735348294656,-0.650351538037956,-0.684779252403429,-0.500254047796279,-1.27157517401879
11600,4,-1.32819306971657,-1.19720539563727,-0.890223771757618,-1.07519979010484,-0.844208575481676,-0.650231403418144,-1.02059094864034,-0.846271399476923,-1.12670027314635,-0.555793104487728,-0.177122861540726,-1.15098854523268,-0.715233493777601,-1.10864803495219,-1.09429632949586,-1.38368007119402,-0.788268309987526,-1.20269998131046,-0.310657456408844,-0.654875152518152,-0.490664865528661,-0.93051438698128,-0.865888751527579,-0.947465006063123,-0.804443361783749,-1.05047478788362,-0.719801426463578,-1.11392613764579,-1.02651357818818,-0.810778614303096,-1.04846181705533,-0.769943050334194,-0.8607304190096,-0.836642483484821,-1.07645431708728,-0.785962610243235,-0.537994415807219,-1.30736927585626,-1.60146326061357,-0.93655413541651,-0.320408017136047,-0.561157667322255,-0.552442421694847,-0.924548321936082,-0.469025663604352,-0.435889716354217,-0.730736344060164,-0.810149558168358,-0.800826319494599,-0.82537774049444
11700,4,-1.55909067208257,-0.884509748205784,-1.10935107542812,-0.882968950010098,-0.879711099004569,-0.98896631367587,-0.779860930066108,-0.966376246846145,-1.19166729829491,-0.61510432574509,-0.550515899275478,-1.3574723806882,-1.36856079665074,-1.15800096181905,-1.29100964675031,-1.63661924487421,-1.26535490199725,-0.926842190853586,-0.825984578140526,-1.29767208334662,-0.706840320660867,-1.03717969666022,-0.961116470770388,-1.09056908178427,-1.04736260086536,-0.967031315330647,-0.639364760309976,-0.529154747309709,-1.26355035200778,-0.711756576349409,-0.774859382744672,-0.525501868354789,-1.53687769008486,-1.019051272352,-1.28509785041865,-0.881833942659391,-0.941466744520628,-1.60183811549323,-0.808773561546038,-0.776810324215858,-0.356598159703078,-0.811213427798972,-0.634296116268603,-1.114467168784,-0.999398948878283,-0.946468823917318,-1.22217626036781,-0.506290475062483,-0.598703181529643,-1.20949026117937
11800,4,-1.47363936653333,-1.00637827906583,-1.10752272430853,-0.989390188895338,-0.317838959309918,-0.870769040859806,-1.01210092526028,-1.10772477156308,-1.17562439593782,-0.554789607234001,-1.00077136041924,-1.21288267513423,-0.877082491037679,-1.57443120301942,-0.955225411266419,-1.55873734718656,-0.727342422517878,-0.793586711786288,-0.996664448333547,-1.32449369120787,-0.782343520135045,-1.0364427662257,-0.767291973181528,-0.998801133533832,-0.853677973611132,-0.651140044571848,-1.21300421563034,-0.915783923562469,-1.30509464283671,-0.809247846866983,-0.742360326106413,-1.23052920156852,-1.95475556119739,-0.509799160704749,-1.49968220774158,-1.59358192004759,-0.964864328741253,-1.16898059834082,-1.03256023462103,-1.21421287009978,-0.654047269794124,-0.723173545758253,-0.748526452153362,-1.48104957092167,-1.04851974683364,-0.713006007213983,-0.959154521097394,-0.712192688395848,-0.853107599547762,-1.38594134357518
11900,4,-1.17288234555121,-1.30616936790608,-1.37810813218431,-0.917796111189355,-0.836463052657668,-0.854309152222719,-0.615749598316896,-0.746749054469203,-1.27374624055793,-0.98745809985692,-0.964625900392514,-0.869026575562186,-0.757551932027453,-1.51884061592027,-1.01097419056652,-1.60963513958933,-1.47743268557621,-1.39190493808038,-1.4852235528963,-0.983919471642977,-0.772416617203848,-1.14270555192568,-0.86053146259915,-0.988913611671164,-0.9633016074494,-0.941523884778084,-1.26532987714679,-0.957514035492556,-1.12836347112615,-1.16508923850735,-1.10720782180294,-1.08040302854974,-1.39464548016849,-0.371603066084349,-1.42452261714101,-1.33553433468881,-1.28429245400205,-1.53732646895442,-1.01635930692907,-1.44479452560147,-1.12317657120879,-1.47920229258186,-0.845808403288013,-1.43573835575381,-0.860788328399233,-0.885250998620698,-1.3989577949973,-0.845373423081,-0.999408122683803,-1.24039804423423
12000,4,-1.66712200735072,-1.31020881196708,-1.11085283019441,-1.403134464313,-1.14494630529534,-0.745048598728411,-0.92411775502323,-1.16287170750064,-1.87660824924667,-0.765576152680922,-1.54686061212471,-1.53124628810839,-0.719798053973571,-1.0798791551732,-1.20296475302352,-1.61250619617555,-1.09844835998242,-1.01290878243474,-1.10912269826321,-1.16478280505514,-1.01244084415308,-1.41403268618703,-1.27411600313417,-1.47245753147311,-0.894813630900752,-0.839418214589805,-0.740723435973738,-1.08406719283343,-1.15281550383716,-0.900591909449362,-1.45462762932826,-1.23519358126544,-1.1056979647365,-0.717526821092747,-1.59702570625309,-1.16825822299141,-1.22515281186826,-1.68892845722453,-1.23867379716072,-1.49952115255558,-1.11972660903769,-0.931512998109644,-0.870263160796499,-1.39447656245519,-1.0058907744652,-0.940383693390858,-1.03773488309156,-0.779678798781974,-0.980592074227775,-1.40482874845246
0,5,0.173784908793499,0.3636234744377,-0.231778612424566,0.0386879841281345,0.385190086107285,0.06559595555744,0.519002895465325,0.328993578665948,0.0971361454051148,0.290231201601399,0.218260008989433,0.0877501097924778,0.0636396326714853,0.411327183612277,0.18184462351657,0.358900902523886,0.222917245201876,0.363278270995167,0.0168621578872796,0.174207772516185,0.312023378345007,0.252314668277918,0.100302533567581,0.702504354417321,0.26398274864158,0.317372078672281,0.152279849308311,0.316157736265028,0.113096341896484,0.0361082754527676,0.0916246199344285,0.0214879977087158,0.566140387476787,0.166462308862683,0.295710057774356,0.445086978713235,0.349467449370547,0.151664101170387,0.0701695685847621,0.520120457907223,0.503001962345711,0.195819216205606,0.391528929952624,0.335143969317828,0.241320846248634,0.357978956263675,-0.0389632397071017,0.545624473927753,0.642088721535853,0.128979756225459
100,5,-0.162210973170962,0.0211169488022607,-0.405448541908564,-0.0894833583710472,-0.0575975833608609,-0.158395197112806,0.263137045284593,0.184128791857672,-0.141116384441359,-0.0612897454987187,-0.12495458619855,-0.265645066898097,0.103181952905681,0.0422111975334253,0.324195267687501,0.0555129406522058,0.110627403424887,-0.0995707207737026,-0.0329219050253068,0.144248561457963,-0.205285567119636,-0.0340787595698407,-0.00505340192675358,-0.221426342708995,-0.336934175483208,-0.0202946436299846,-0.0461562047605785,0.321350476401139,0.0096388274688613,-0.25763163084871,0.165772814642254,-0.172083816348888,0.200181767699861,-0.0403596222095624,0.279737118051003,0.107128232175659,-0.255479772899486,-0.0905058330299831,0.135787761255159,0.18946817377891,0.0860283620286788,-0.166648050003944,0.0790357866301946,0.00505340192675358,-0.278505577186342,0.0109339442918801,0.0932239684642326,0.0431928611223766,0.213445957166212,0.0869258267085986
200,5,0.296585388736107,0.202591104287222,-0.218569978290119,0.0302584461293486,0.15508059379701,0.457110512231473,-0.103946350290254,-0.132305470587374,0.318632226088848,0.243237987942803,0.0540885842536354,-0.0270631315858638,-0.0504816103797909,-0.113804057126742,0.0526427706651207,0.280977893721502,0.162005252476162,0.134500450115053,0.45578630827705,0.410812611786306,-0.000239865084162683,0.211168441811437,-0.001357173879805,0.244943523461329,-0.0412091533181963,0.366016077556082,0.354320114005295,0.281135089891971,0.134942452347935,0.108233204640364,0.340496337336681,0.239534507844869,0.199418773367002,0.311151685248726,0.0547055748717469,0.295602387774962,-0.243138567116412,0.202948547717719,0.250051400438672,0.36101762483183,0.109046653763575,0.0832120541335762,0.296937388134149,0.237920793811655,-0.0914861254604691,0.118622138016701,0.229485304188676,0.367321561107877,0.486275556198332,0.305884046977934
300,5,0.481070189381122,0.0314921800827819,-0.00495536928493978,0.0965961879871363,0.23275554243828,0.245947722025384,-0.0230055569890992,0.160322338570965,0.172561325915072,0.421149504715999,0.0410483360199627,0.306547079509088,0.126859552504264,0.0105888688076332,0.0601727199961806,0.225342775988381,0.041274341181091,0.290548911163441,0.214126372078468,0.441182704167341,0.13106987301122,0.0258262895845597,0.431689637226702,0.0906166148338158,-0.212859385865439,0.473355508658516,0.0765258536263598,0.110357032474266,0.198596628458599,-0.018456194742449,0.154251936544008,0.14412083080588,-0.0715962469136276,0.0762419936498361,0.199551477355741,0.196312804530474,-0.0369845605029858,0.354284484350829,0.245346234923719,0.0843584491349678,0.19181692903056,0.410647615049231,0.130693027320136,0.0744742140814348,0.0122449223217985,0.299806042097577,0.122456302603332,0.128296447690014,0.201162362708932,0.0230774142407608
400,5,0.319867223703516,0.137611878120252,0.166972528486105,0.156282654037385,0.0847137971675086,0.338736866958324,0.315805859453871,0.33316924755615,0.155137091291504,0.463507970888559,0.145431354198375,0.361252529996762,0.253633184210212,0.31585012492921,0.151331627083792,0.669673784150637,0.06834899448351,0.215288003142771,0.138547721320962,0.279825939584011,0.320016737659472,0.40230977765993,0.279573444363807,0.253763396830147,0.209269208860743,0.773729194104805,0.27266373692073,0.244019956100634,0.278092565279371,0.427929072760937,0.356188949617519,0.023758796946769,-0.0235064537920432,0.305008610832378,0.320670418417135,0.319418372078846,0.0474153053723757,0.264114368478547,0.674274833453074,0.131538226372631,0.0728832481713132,0.310962600507708,0.409261032286037,0.231639328901633,0.124829316751506,0.435347790966682,0.288934324101516,0.210931573923287,0.166567035750315,0.087861054229522
500,5,-0.0627209010280228,0.21066331624874,0.321562402204671,0.317131510720223,0.278823724234512,0.178550814997599,0.358704895456653,0.0604871567822492,0.0604147669577415,0.416582224433448,0.594503584472121,0.10423639984449,0.618373675679627,0.31804363090074,0.287007700599434,0.212072447862279,-0.0232548395589036,0.29189747489049,0.482499820986853,0.364773179315368,-0.00387167851415621,0.251338591895278,0.166534813432192,0.302675880680391,0.196709561682085,0.511447927083685,-0.0460230208844041,0.245672735416162,0.107872961545901,0.17620331136441,0.586015528708731,0.16026321717179,0.18134720482196,0.442635829032333,0.312555906289809,0.177382825595419,0.0268849172258947,0.330899667358663,0.393196204180185,0.0470296363822872,0.132449477946306,0.0760399660555334,0.289212727625485,0.228003990964472,0.170367337857952,0.209936227443761,0.0920039500313197,0.393209962827395,0.463640869096686,-0.100833639638241
600,5,0.190104040562726,0.160331535528448,0.542187101315376,0.423236480651525,0.178360204804855,0.125758155340145,0.102952134115822,0.378089294576402,0.07186780555879,0.370103056879211,0.468969207772931,0.219169380354646,0.683122362906563,0.298072363014611,0.421051453158594,0.419787001943994,0.274511460296135,0.0442676970600659,0.415143732652632,0.2762042295561,0.0437285835514464,0.19554478232021,0.179628430912098,0.40268370971827,0.103302636882914,0.23962127487807,0.510461666260555,0.245935451352272,0.432506089677065,0.233137176485583,0.50659897070323,0.0837462568113669,0.586133499637705,0.387652214374705,0.351054875387184,0.165527458750897,0.259237808831906,0.346067034994579,0.276029208655978,0.219641021769049,0.436186639620166,0.13558583087124,0.250364885283586,0.101952084599993,0.0953431935095941,0.295201795385417,0.0108817544385584,0.446170138169267,0.330455304199808,0.172582598193038
700,5,0.0995264055553651,0.0961385237732776,0.299893667877081,0.388205250719716,0.193679529486328,0.0133009723089521,0.00327843920769766,0.0395166896272224,-0.102934605568286,0.147768191444399,0.214032900288367,0.151660979664345,0.382460897318185,0.309828784083026,0.46692065954989,0.316833854918726,0.397135400318192,0.04724543632061,0.253961707322868,0.197390055271885,0.0145468191617494,0.104234241906689,0.362636490987292,0.338503191130549,0.0879583775424023,0.283734461741704,0.499271013496566,0.17956060387621,0.2792620598764,-0.0512304317113779,0.0736619698489811,0.177437029324775,0.423302971523641,0.435600875561709,0.274389351058969,0.273245350577785,0.189177637673548,0.131772855841627,0.282350144308679,0.235135593305164,0.336042347726728,0.0471654443027497,-0.0829197467226838,0.0525361304495912,0.0700955653776936,0.234934809519288,0.250705509961055,0.317207908406528,0.0623311337208007,0.220788674395259
800,5,0.230704974499939,0.288745361895578,0.386912445132204,0.494048812797726,0.25240887805506,0.0814096512635781,0.094702630917179,0.152073100600509,0.170378717123414,0.158892028515775,0.425121738011651,0.439165866086662,0.282211376990664,0.421326887837151,0.360921474949193,0.349564979960245,0.393302818720242,0.031606359132567,0.13571926860633,0.445999420507554,0.291427414118756,0.125195950838051,0.281374997788895,0.353059580954471,0.220509829244991,0.173250318263048,0.152813054455628,0.186501697167401,0.500811874181487,0.182261936653316,0.328774540686451,0.397957757745032,0.262185983445007,0.166990458824453,0.0734661120620505,0.25505000360545,0.352645491368416,0.410309306310183,0.378085172718295,0.403575203664142,0.292396460722718,0.134597878599194,0.055140829867162,0.183378294944094,0.230933235948141,0.325703286538784,0.128921175826384,0.403634517475561,0.378588597896535,0.335031255580931
900,5,0.131153541882971,0.330889397197577,0.351758872838009,0.630520916382455,0.421058842174351,0.307385823282554,0.416359988287564,0.290824270109142,0.485057718471438,0.275294966986229,0.610989200168165,0.600540870943396,0.441671614406825,0.52899203132866,0.660692443600162,0.401797107809331,0.37227120180905,0.384915598885962,0.133981062588679,0.430683491245826,0.285345035955284,0.337455314469303,0.376839514875828,0.490144745941394,0.235275178258154,0.0105425196497571,0.456633386360547,0.438948987487353,0.455077606333333,0.361845397196955,0.553975947117795,0.463580902666039,0.336245225849335,0.298987857068939,0.234712948654773,0.381621547463871,0.5512676820027,0.541179659022112,0.623497408330265,0.578139879886461,0.313543040437621,0.145171148168754,0.617801192072614,0.296955106243021,0.514791608297066,0.421073000470891,0.508316818013701,0.352350126801357,0.563486954861809,0.264235011989463
1000,5,0.331446270412116,0.286855533145512,0.213318933703765,0.702062351419047,0.286303426608294,0.416489521870276,0.563185054448722,0.439607638713162,0.290955169564554,0.41183428529025,0.868171743777694,0.624231899397357,0.484110608314249,0.752225590803832,0.678461674136535,0.439005957194042,0.418280378754134,0.59420047586127,0.521081356896011,0.444466070836156,0.103308619234253,0.47082134710719,0.523911639412267,0.746982341886352,0.381078949833472,0.397833850497524,0.316140661405573,0.511396604826322,0.63716243177378,0.251353131267767,0.680163886495746,0.570787645044337,0.488267455817579,0.347722897884197,0.526307992371315,0.729307784811683,0.501988796093934,0.636965933146171,0.634005155897429,0.750329325324923,0.374931959454654,0.397722322189038,0.408117576393207,0.264702543541638,0.836135509471671,0.600713827520949,0.679739193943441,0.328625880254486,0.379230416447213,0.30743042860009
1100,5,0.434183434726587,0.389535386087714,0.161890057075376,0.471731984162793,0.249532081732039,0.504875372288281,0.652892214801116,0.439965020023448,0.0604442884921274,0.32014442187157,0.423153374762656,0.568484854105195,0.428025870600634,0.621982470817516,0.627756811666826,0.173160367022642,0.335614561593939,0.509486112466411,0.34228393721988,0.432110578230243,0.121757986918924,0.145388558383487,0.335803529247262,0.645336980245432,0.407727810878326,0.529522788007122,0.582065801986957,0.573952663955025,0.489144623265699,0.220802424342649,0.519405444786898,0.541698523114053,0.7622064747034,0.292180040597628,0.596413893509359,0.67478996645502,0.533733932387426,0.433708280605795,0.688553725499454,0.504452415794138,0.440044595299107,0.479876732810179,0.432382871199947,0.328543706417563,0.481954260050655,0.347847664298432,0.709918385232653,0.694430777283992,0.300051520807978,0.484937007855358
1200,5,0.531603667402114,0.35112890883978,0.198816116782666,0.594059503732661,0.367137925634803,0.531719415352542,0.606177452867916,0.260676544859903,0.257782567962316,0.603422152240284,0.621816415327215,0.604648589966703,0.364514777146835,0.669535184768742,0.669035216390797,0.307560494484276,0.574954699174414,0.594991086395146,0.428747887818347,0.26955173765868,0.223234740364871,0.574960917957728,0.260808888165886,0.674782304615866,0.534801016453287,0.249501617042195,0.648611099030033,0.626346312741049,0.304084198734614,0.440911560946871,0.363957695641837,0.477309771670652,0.681960025423328,0.758903467330161,0.710979681272834,0.35441477095838,0.25059090152952,0.407642104432795,0.760012917359868,0.597124792550341,0.313479700664024,0.8852958453033,0.390656373595484,0.317451903533483,0.414921200816641,0.0721486092019091,0.58766821578338,0.494434397395796,0.307093704535597,0.623192887852139
1300,5,0.57867348119889,0.488818253982967,0.13003412531046,0.445019527590508,0.288627752054847,0.55593997494918,0.54551254110242,0.357494682291993,0.150692469475477,0.418934242462074,0.654961551780527,0.617845376305814,0.21092828048415,0.424127519358668,0.465617389022182,0.460737741855018,0.761919358796525,0.667716118733614,0.566358081702103,0.193417698274314,0.435661380860227,0.519430216391349,0.571587909211053,0.527584536843359,0.554488571853367,0.476565662092301,0.696085404097248,0.834962301497053,0.150215818131848,0.506304504524431,0.23931489829902,0.71483667788785,0.665071909663473,0.798944778656239,0.503855446032392,0.367550072363642,0.313592622516761,0.458244376000041,0.584309850564297,0.378111857521902,0.20905256677368,0.481534037227598,0.415220432424311,0.740839891875959,0.554958476824287,0.272905973602767,0.339417915187714,0.549664597769604,0.272145444968769,0.488138362441575
1400,5,0.495333153351284,0.333807307025749,0.248029640406921,0.303492391795052,0.176141242483017,0.345711515464311,0.335225544860711,0.219015978096423,0.187266065330565,0.375980292010678,0.348659149062724,0.366838335255416,0.181029592822334,-0.0589859557192637,0.440899950476463,0.371563743237492,0.49781162215598,0.544411455524986,0.590010756241862,0.290612956211954,0.551603506854006,0.331856609046708,0.323110528288942,0.432342832746008,0.27397054497189,0.605150694772006,0.600256797744347,0.484104312147111,-0.255419157087203,0.480155296120796,0.342739641476963,0.463548747049575,0.516441319795309,0.591942685281088,0.278703623425223,0.371673114235173,0.440131324589516,-0.0200954037726032,0.433051165925203,0.0919136437310875,0.363807629335692,0.409518622597178,0.48626382364336,0.61185121286282,0.420408182427163,0.387810338072086,0.441865367803667,0.338463188520301,0.420638390867693,0.395620011970505
1500,5,0.457428916596796,0.441686342027146,0.394945467492855,0.328266574792978,0.166472996128437,0.403933765245247,0.302699765444962,0.262679661134929,0.352585764095115,0.579408771210492,0.216651246278643,0.401148347040032,0.189819332482557,0.24726486385764,-0.0190823298518458,0.257521149610177,0.474710360180896,0.227502621151205,0.339787234652716,0.0815053951205056,0.567353721104537,0.292668894938564,0.332786052077778,0.279263753682667,0.158139734902081,0.387508014589713,0.707438339223127,0.519592443411766,-0.0284516109726931,0.386944449656664,0.205518588741739,0.383349447418398,0.468615648510133,0.441970874615325,0.185926829313839,0.296913233013898,0.328350559595853,0.0927378394553124,0.151486347112555,0.154995330643538,0.454636813691131,0.377588742681553,0.111245916008237,0.184236103598154,0.459730780226688,0.287974456673423,0.191506830170892,0.177290376325083,0.565436575948376,0.2392421908395
1600,5,0.31182457664678,0.6595455483769,0.340373365905614,0.428542354054015,0.118823800020861,0.364359993142514,0.172464131390845,0.13828388768331,0.347648929119177,0.515257140050563,0.29059376237555,0.470947073401346,0.354707432411602,0.169771922660869,-0.0890405222965226,0.232781641786637,0.405303499169848,-0.00132163599280039,0.2153078150375,0.071713467250991,0.370591753080423,0.236223428323171,0.450742674927758,0.0829848304532209,0.442545144153266,0.199328004629447,0.669533595202435,0.407466741917317,0.320450370156505,0.221239097247506,0.266910802597549,0.28977237993552,0.310130578322753,0.395866990401782,0.402372002120712,0.216237975432584,0.445914018686995,0.364976071209898,0.277392989899605,0.172173427012799,0.323769997330614,0.178289207729079,0.340477950769339,0.0458662415216842,0.274096652047658,0.269430979188485,0.432556892185468,0.395126999666186,0.332435731961295,0.444511680789208
1700,5,0.505067662437967,0.559778046589313,0.513751842212135,0.590231139972478,0.302847943080327,0.0116001081994067,-0.0795693541051508,0.119508637389383,0.218764451852353,0.460905287363624,0.25305070443756,0.348218216295027,0.275554189562332,0.417100074817479,0.0996535047072419,0.12942948130217,0.162560001760102,0.247441891187603,0.209507090883281,0.421294619219459,0.510864210761441,0.138362742224575,0.249757775458997,0.394394893670054,0.00753338056130903,0.227897156120183,0.395516704611586,0.363706129829465,0.205976921505543,0.208653247038186,0.320835673797977,0.240428580589711,0.164969241124562,0.399644058354559,0.289302494733326,0.136935604584491,0.341222862413845,0.211130386621919,0.0767250161901162,0.0469715738972003,0.311315743497087,0.213611880768187,0.298312895902482,0.0986853194392486,0.260977242836368,0.103962977381935,-0.0106316494160741,0.198228040487945,0.516257926278814,0.481553006206394
1800,5,0.382803894599316,0.3265818450014,0.302081701930516,0.45865581698997,0.250658578365441,0.060780754662709,-0.0758530820471044,0.195497645800681,0.348681434208494,0.270944007547785,0.0631091989004223,0.429406402176094,0.311921134242171,0.515870451217031,0.444833465763387,0.339796465526655,0.31351267964445,0.432042977884099,0.110356688102819,0.346154208737877,0.588998751039607,0.442997201423948,0.361899282690809,0.317643463356762,0.0586658857475406,0.549227771638258,0.237712059302269,0.0401628438051835,0.10275275265163,0.201041169052016,0.374820522834551,0.285049205450446,0.271088134482435,0.332185363662192,-0.0653200338729209,0.379875096491269,0.455697375251457,0.26280249827812,0.317742244478006,0.103927470262304,0.267823662143592,0.320316239014746,0.280614908065039,0.15924440130703,0.435458997488386,0.371576090303168,0.233148796994815,0.421428106596445,0.61333589882442,0.225370471791197
1900,5,0.106342159406154,0.318684583874735,0.0270679997428904,0.520411860861835,0.189857354662808,0.218165577651458,0.259799335424785,0.308683179897593,0.27663810195831,0.263340080738092,0.0841626299422175,0.261628732722046,0.204255971907613,0.39991409596306,0.655532391118711,-0.000563171325101253,0.22376497291341,0.321701514938537,0.195853735274666,0.122381641617855,0.551022871850373,0.335084679742924,0.437553243509387,0.551006856721848,0.468755478212919,0.390439415893257,0.262282872789332,0.201449408259994,0.28446820427745,0.292511506310583,0.218645141453753,0.39178502852149,0.461119619180165,0.275410640874268,0.147054170453426,0.466123298453236,0.391302044308014,0.312838225113825,0.562751499767713,0.160386038375315,0.170016401946024,0.0953452008002425,0.254011315048239,0.255384948909498,0.320155411992213,0.417282667596586,0.0961700607136535,0.373743895304805,0.433977903966336,0.295261132208976
2000,5,0.288153878542217,0.271891751288504,0.213501925611104,0.612608074018936,0.251429350169611,0.220613756371302,0.292563747843778,0.258394747093861,0.438926719918115,0.353473716540762,0.310466917493469,0.546316364776108,0.467589804413081,0.247703168206647,0.668001846474986,0.156133792916421,0.275922669060575,0.492807305334029,0.193095398540108,0.162269695438394,0.448616368154529,0.66868223768832,0.277583916089243,0.321938219245977,0.570860659131705,0.40526688642362,0.351930215303776,0.598964832723642,0.491421724799011,0.291621190439645,0.310338453647623,0.378333185272613,0.643950065408701,0.225380259527949,0.163491975256679,0.489041186355809,-0.0472766874684905,0.146983685087085,0.317716658558952,0.288536977941054,0.385010498716415,0.170523548165674,0.385672875896016,0.45076778663173,0.368676139815944,0.332126441350603,0.0509300545867691,0.434074364447544,0.486298815872159,0.33017451187434
2100,5,0.245851342303058,0.163379815089591,0.168028659922037,0.323570215039137,0.20531475062993,0.242704527489505,0.616138781894703,0.175585254139248,0.375408540248466,0.469047148230052,0.352829551793027,0.554126687501012,0.754298973721674,0.185128813981466,0.252556007298131,0.199055957004193,0.484201870231137,0.579080747183069,0.3265760329216,0.297067653610496,0.542580252223424,0.737715259565589,0.195096335513472,0.272964272164175,0.523146880726111,0.37163085563232,0.583963964796062,0.930186452199508,0.514587407767669,0.453392193348238,0.312938540275938,0.498270023389793,0.357764952575284,0.354427968386308,0.337748252949662,0.324986705803056,0.161151808659127,0.395769150587168,0.302541358702088,0.362634724731866,0.55991601571022,0.110354504016184,0.362032453641869,0.234794374315629,0.429355533346047,0.494031042414761,0.00927541343814248,0.710535229221267,0.370338755907482,0.352435596798183
2200,5,0.553608425897246,0.501120369808731,0.438674991012979,0.361561590087906,0.388483829324892,0.216828698466978,0.477839923053741,0.51166320528566,0.509539334513719,0.519073899843,0.477582070607299,0.160870922349952,0.517749474899383,0.306622629822437,0.58400412099923,0.156009041959755,0.363846141321866,0.328732969760967,0.748437961017321,0.484550412527248,0.40513717451769,0.526546520191485,0.446873810107838,0.229526134659796,0.606503054829209,0.476520904331094,0.502753434985529,0.721409994191692,0.342983663652125,0.315097461683009,0.259727714733773,0.442891130202438,0.353460212011274,0.556154605789131,0.691698700484141,0.478462158419884,0.113917079841149,0.521775980781643,0.350821684133056,0.439443264456072,0.548911515334214,0.186546316123982,0.596426006647797,0.155177336276242,0.477255953776005,0.332125786423621,0.402286594012592,0.687863474662698,0.400584459363091,0.261484663000448
2300,5,0.184229264980933,0.324695738003658,0.802881315013962,0.266515500768786,0.473968052159632,0.317555521524619,0.563538609026802,0.585721943182994,0.680856832232829,0.588666263540865,0.363139070931429,0.347600211904791,0.504310509507307,0.364266653825809,0.417081363711211,0.208134464547916,0.409399518846104,0.391581981753777,0.239622963865763,0.569846408514046,0.266829419427813,0.534845276039217,0.702134950684688,0.351771490128333,0.326320549639425,0.189575562425698,0.52019784228372,0.368218764800984,0.466103515592616,0.325130065925634,0.431039616308059,0.423336337376386,0.461527010924001,0.434050554673481,0.627010016091186,0.364974843417284,0.255592821788961,0.525826716145673,0.496122233099857,0.622129303619571,0.19261977892518,0.114687785673245,0.504660493667645,0.35838219619766,0.411720064503943,0.352331658991202,0.322239448248252,0.604247183122638,0.403924404669776,0.488027467236777
2400,5,0.555969286239259,0.534802145633417,0.666633982189016,0.304301910967117,0.515385865649345,0.703384186396292,0.734795324181991,0.623283011026724,0.705645683108475,0.718423681643567,0.578964390326107,0.467886668905262,0.701872730491237,0.590107523552282,0.378231860095405,0.495247948430211,0.334605548623285,0.583075140749078,0.145965129253742,0.5686362547392,0.308956168807445,0.552710312264219,0.960902791186047,0.433512282635393,0.567786964721219,0.243841843411496,0.510967335150463,0.266127726463595,0.517145871857843,0.543261560137106,0.435417718557101,0.631261365389708,0.41677854350198,0.262179658918923,0.424295927796559,0.528630169335922,0.441763958099976,0.591479788656032,0.615232844878105,0.633575622572099,0.291678585919499,0.234306990134543,0.443634022497241,0.403553693448207,0.343816318341582,0.531889079145111,0.223480166661603,0.300571243336303,0.658259803085979,0.733937533757818
2500,5,0.483227309085948,0.53700140412262,0.546466714508305,0.274560761474324,0.527894117714626,0.742824051451239,0.74210566368762,0.47664018724568,0.49121887912391,0.41924753222699,0.699432195565051,0.430194436271636,0.669337577534522,0.650966993740509,0.556473358900628,0.571636325330466,0.307620421311665,0.587900186285297,0.433776774190535,0.436397768401267,0.626426609385394,0.35860239764347,0.500329436594737,0.688858582929934,0.549844539258455,0.497291329460981,0.560561414593121,0.201952641775944,0.355564630809784,0.258823971751392,0.36177386883563,0.667510800982993,0.598823641187048,0.499048712105508,0.34299652947225,0.231565926230982,0.443865107458526,0.619937952053232,0.56077601203037,0.530115329085714,0.326627282390848,0.289348352026716,0.419086309269702,0.512435007090307,0.359926059805152,0.478147641437814,0.395184697717491,0.464448391215999,0.867191024461746,0.774935434816413
2600,5,0.256162063567007,0.344217846208251,0.728981685518059,0.680228886877491,0.382711830415359,0.706829716051492,0.585547294987155,0.519047522855078,0.345225515448925,0.339861320107904,0.413322188706841,0.230038337051887,0.64526571815497,0.680109782691417,0.377084216613668,0.456337984998842,0.233757216794986,0.310244625067242,0.705391191183528,0.519416147340734,0.360861811068701,0.378639188123794,0.624864602244407,0.449301624674671,0.388194746638178,0.574237309278577,0.285819953152262,0.340044739500781,0.293907289798298,0.611676777296409,0.332841013434544,0.504114577137441,0.621799838033676,0.555945155503028,0.260600519860172,0.29635026845207,0.695965753638403,0.70334276629592,0.313990815737554,0.293391088057987,0.41501994539249,0.379998678121456,0.0504647082022582,0.434900817768766,0.524805033965445,0.456168803929662,0.566740581884205,0.30691184445613,0.720736569564404,0.587319647905221
2700,5,0.400360193121166,0.468773373129531,0.794863496850442,0.83834873697495,0.599431490131599,0.392415623371498,0.612008100456557,0.710093205085689,0.474868896997879,0.552919979540229,0.634679164592693,0.508160064171602,0.575586844552431,0.725710502991752,0.233555274942058,0.198818191248479,0.496762325753613,0.452745857226963,0.555344918370881,0.388781528681376,0.623464445377177,0.341511430517142,0.450282590260092,0.23194098850601,0.433947880240605,0.538265453629673,0.329852241623657,0.452220979550186,0.208215448267019,0.460670229294136,0.470465547060315,0.39200149450884,0.475305709036852,0.518451510763221,0.528035471891271,0.51174239604137,0.807365832136517,0.2783012778101,0.653351724949841,0.356259855213887,0.541442629874806,0.39715915190982,0.0516668289497735,0.562839347203341,0.735621629739795,0.722525673764709,0.505301918594628,0.19793573854802,0.475147064168101,0.431606714341632
2800,5,0.420755442972994,0.632062040288515,0.603017414201426,0.639741035822506,0.380607375944871,0.256305373279925,0.617333723227243,0.649192755960968,0.475755113282072,0.381280329078797,0.493774285655292,0.571999556424027,0.372682175377667,0.597727723077004,0.209213395158522,0.0345368930937771,0.278646349292884,0.512983999625993,0.390118289741086,0.276978168365488,0.512247738234545,0.516393364645482,0.393056349700461,0.533714838959614,0.584901783877433,0.344418195766322,0.247899047371648,0.327580611833857,0.0118249543884694,0.506099057218203,0.183778501046726,0.335206083421564,0.439896760048612,0.634631834894531,0.582681413060425,0.44413076654127,0.535012950023074,0.406349406853296,0.460049421016665,0.378276824648503,0.680148696212517,0.52789434231333,0.223736335840122,0.377576145240616,0.41664534920447,0.450216341968041,0.248099184494848,0.137523862805069,0.27648420111457,0.425321567972766
2900,5,0.260877822095724,0.393007675154587,0.546432038674718,0.535654338900638,0.142429138727899,0.128940206448264,0.458926409278199,0.512885855077729,0.392240854200979,0.7086600157641,0.405507603763066,0.690109305041391,0.319091882575019,0.610329254346665,0.534406925704137,0.114844601505539,0.441174271860089,0.476539059112016,0.34049574131525,0.520870391975491,0.381043379066042,0.623536249107481,0.462992411832839,0.535753052830727,0.406618624994049,0.44437626140015,0.421149795433711,0.264600755153051,0.299255366139981,0.436944103435117,0.175558445986476,0.130811832459685,0.368748390747802,0.223336701161853,0.558815060737274,0.780925826521457,0.373907239565596,0.401347227031473,0.594574125245652,0.13959954358054,0.356793355541162,0.410082371122765,0.519173935756215,0.465311259842247,0.348937412635338,0.388155884347389,0.43792562536752,0.278436883683061,0.225082862234201,0.393938627716712
3000,5,0.365297140384825,0.692815964880544,0.490960979674489,0.626655208273739,0.353850702874785,0.263142097451415,0.424886302770107,0.366044147576,0.495611942001334,0.562285325885748,0.27240709628588,0.499199209803683,0.390058839239937,0.814453611418854,0.399730560412928,0.351679027927471,0.636562671065437,0.571944147744232,0.195644614345184,0.588434667306296,0.444607795649675,0.623208684518835,0.313169079557864,0.727672776531968,0.38874261102912,0.566536509481717,0.238716116727393,0.206731237217972,0.30493879500515,0.216390999439797,0.436685291563424,0.189990158728229,0.473406745060065,0.337719367024376,0.219661955541882,0.674582706462282,0.452932836932872,0.278716392289602,0.454994091617411,0.374826736278088,0.572780920077714,0.248043707050317,0.374253967545355,0.492709816196771,0.503294336151092,0.145875590420421,0.458714269600582,0.266087042535406,0.463439482961061,0.369214938846231
3100,5,0.648758951942031,0.679700334839921,0.437154245639936,0.474631514574655,0.553993458183371,0.58807534990231,0.610715241836574,0.396550570776385,0.506143355893007,0.432110393249941,0.574420073574466,0.546765073345018,0.350859258850839,0.562367630195229,0.434953202483645,0.43382040222369,0.324861670877693,0.363995506684608,0.274031493323579,0.599543518545013,0.623408229645413,0.609312668582088,0.508558540820881,0.646182791274748,0.407170026372979,0.579867247155982,0.56303104542279,0.35762844312168,0.59952171589151,0.460126049969019,0.248629148234829,0.530173434151123,0.555081096114721,0.520877192232634,0.450852141881506,0.426606263425909,0.68794002651193,0.520775480490808,0.287880138593547,0.532333279715074,0.453522845347486,0.475004078804084,0.405406278179928,0.511411917928699,0.762812842889444,0.48860876960804,0.631622764363754,0.518087873337595,0.680705758500345,0.649360590896873
3200,5,0.782853816703724,0.424206629197917,0.402955537050659,0.608590679593993,0.408873809384354,0.572461061393685,0.336663611222431,0.642851710681399,0.338304982552728,0.433053055420197,0.592329853891099,0.519566703435058,0.368614952267632,0.474821334897716,0.103551217856431,0.537898623689132,0.213698303010226,0.41185502892306,0.291148778707017,0.582996317397136,0.6087944035508,0.297636007667709,0.459311042468173,0.61680947814642,0.564067167737918,0.330734342645953,0.842709260461408,0.357238493482528,0.4207493392565,0.550923696203711,0.313694816362769,0.735129380336667,0.501955054920012,0.287784066087057,0.696297042048038,0.404161956885765,0.66228249987393,0.439570868174621,0.490127241738369,0.69683486046382,0.529493406291931,0.500981612948305,0.619347431057095,0.321905301127549,0.75170707575235,0.368193261667475,0.568548437799444,0.417700064505003,0.565936801582655,0.640247659008986
3300,5,0.659408936793533,0.493856534105785,0.591674945318308,0.368547122633322,0.359346408646739,0.552110413888469,0.541190870514956,0.729429243590696,0.277725988239163,0.799934840835776,0.471116056244887,0.446328518531294,0.380346758538616,0.732750503057468,0.670382002508539,0.470769920225632,0.225951125835779,0.357214632446192,0.348688011634473,0.328144166233812,0.622817118573668,0.0979715787527517,0.417099440043774,0.706347990494902,0.709974364494536,0.206915395829648,0.806752333062602,0.505020908275381,0.197699537517764,0.580965244507062,0.301082206838737,0.773885352012659,0.281792010732063,0.564796406450623,0.681351997779062,0.383497203305094,0.525337907210642,0.279869453321747,0.656904680654748,0.821875686419465,0.538430174926995,0.589707437145006,0.495945953930985,0.639732378055819,0.656110909961112,0.548103194425046,0.431355900798653,0.286356674300452,0.523639559121034,0.40766644271836
3400,5,0.368860837225511,0.497505584628892,0.616567975190352,0.463779545046978,0.580662166468512,0.466487877517621,0.781529858539222,0.642646741405287,0.572848163711958,0.586498250609794,0.423707286356585,0.343716863455353,0.501553475729706,0.801090389670045,0.514992308351038,0.274285350590646,0.607903445451635,0.712894815341059,0.863719414441419,0.455360419041333,0.878078951203056,0.321550205284183,0.318557196285914,0.628074102127421,0.440347818472694,0.309577934643949,0.408150687482107,0.492279815938648,0.481622533984504,0.466686338090594,0.251450234322468,0.678178708728469,0.326913252354717,0.360910480095949,0.403064053186074,0.365247611083556,0.378065583795316,0.437074610520681,0.440164282766081,0.774739769661255,0.56859079094867,0.332491782378527,0.639964729114304,0.647269543769418,0.521437414329364,0.500113399147436,0.66803721590895,0.477308070697853,0.459988023686551,0.534106029220297
3500,5,0.353291611451427,0.542682204546446,0.437764772333586,0.664458289895667,0.491075218620366,0.606303636319454,0.939735277095507,0.301247052174938,0.68121429933426,0.384506842722081,0.693709365758096,0.463774338194997,0.794880077556982,0.631813816145008,0.440385050928387,0.402885819596351,0.421528267895229,0.540926321748047,0.845408562651173,0.575409410052774,0.904756609481377,0.359918538667488,0.392809155896657,0.464918633075317,0.279396212185664,0.538387517526966,0.583251294199819,0.289502760532492,0.547377984850816,0.347860637127644,0.52270736969118,0.661069108795961,0.540041055723704,0.518414541311506,0.334704965257705,0.469197400665073,0.253111605370478,0.540813565672365,0.513004714707147,0.603402015103096,0.444338424852342,0.264008458320866,0.665991192137114,0.439189660852199,0.48394814417076,0.623129723337428,0.625445999821942,0.450418578558673,0.568862594577014,0.550947091083801
3600,5,0.567333950260726,0.597697091477381,0.537531040631204,0.590222521776881,0.484533088166289,0.505011120460859,0.671438875544145,0.466133484265545,0.620349673967288,0.346153532012927,0.707165607965186,0.429142692985505,0.700855230333625,0.617643771527826,0.537533439770994,0.289192473709992,0.539250394850964,0.300334001470842,0.369768296740981,0.49699595253757,0.555274070093296,0.445708561361423,0.312700112528897,0.658484006523766,0.353857512034988,0.797436363599347,0.868718210679768,0.449881698975282,0.442924467437412,0.576434609044259,0.535726181093248,0.51773730282987,0.545539281368834,0.557091994330723,0.327930745046552,0.56087143697184,0.541489185430127,0.476424348103088,0.895166726970808,0.448933023505664,0.153335628229463,0.34980006793726,0.64817506176394,0.509008221255397,0.451037339705562,0.292039400692195,0.603255049057443,0.38216286037592,0.349719816510217,0.529887506130472
3700,5,0.799088308040539,0.344225384278752,0.828844505484492,0.336949303304182,0.28546172713702,0.384998509223376,0.727443507580031,0.643449766692262,0.800473182489,0.535891325753393,0.642848402378845,0.332098276806107,0.602911824566716,0.58617374004056,0.65631951779539,0.336727312099873,0.519359607266371,0.305515268516859,0.584090379561876,0.613163540615427,0.542806031485014,0.593512138165923,0.48684520510241,0.387348272472772,0.573520996087995,0.755730139404564,0.577818865073614,0.631353124870096,0.322280585343666,0.597504540273055,0.641212607794863,0.614205270900536,0.510752594252896,0.561878133558517,0.57776129040782,0.459120365436619,0.404759319291653,0.650046021247885,0.862216166182267,0.603251960961843,0.150716753696277,0.479065866814215,0.75659583694419,0.444759623763728,0.351146358155301,0.43652895361202,0.565567430084839,0.414710421487703,0.632108772983846,0.410235912024956
3800,5,0.639945462646659,0.270886296375865,0.999441494020028,0.538901389181608,0.457035963349983,0.360323201371956,0.701476972887469,0.588447209574487,0.868850468182059,0.45368817638216,0.530122705199528,0.307906127384648,0.515181819942683,0.486779302048529,0.500642308876225,0.261113594468394,0.774112264757783,0.691457037341847,0.561860038672927,0.396847916834842,0.399758467931199,0.504887975454173,0.700118263212472,0.43221522625935,0.657388008507526,0.509204969580425,0.472136552182879,0.483909435888396,0.480272128619388,0.312322770144468,0.522475466232412,0.662922459937606,0.908357190457807,0.412591655644938,0.64397443092384,0.472350612973623,0.273100581645851,0.722185664496224,0.687092983364369,0.646540756239268,0.247629789495808,0.643778655324773,0.648521206431026,0.337059400238528,0.251187704961685,0.406072855499228,0.496036625392685,0.338896583359425,0.615542482312325,0.59637655790818
3900,5,0.627315735146958,0.312779814286321,0.684483124470072,0.503743071158705,0.427354093335871,0.503505019974288,0.518501573490263,0.501366399577383,0.610324475682758,0.495721115551862,0.503075617946827,0.380691851130155,0.471266897681234,0.722679469755884,0.565399442405705,0.519273388791494,0.643979890133818,0.634193155404996,0.568505820247126,0.376384727244323,0.480405310987633,0.365259543880301,0.587851955929643,0.619213588132764,0.754029980936065,0.415996005066569,0.501018379705985,0.537438450621143,0.477101757058587,0.357240214393504,0.474910540882419,0.562794706800696,0.833234601190812,0.644098468382592,0.422471603471572,0.512782705469447,0.650212798435594,0.502186604205492,0.698837014386339,0.537976806758624,0.292842369627716,0.699731249176989,0.430457040021515,0.33988105048762,0.409545198806471,0.354069508273353,0.61736537727163,0.311050185450411,0.464254146108119,0.563106440504431
4000,5,0.475326211622825,0.530395192595606,0.715747589670046,0.487167219043303,0.300818836631161,0.77026276737125,0.741160794349323,0.487941254460116,0.379131157556118,0.221626808946584,0.526223961199435,0.536885573662237,0.671009650670715,0.462975095328099,0.493438977590335,0.442566436188485,0.817100152316816,0.544524637628455,0.319737617545262,0.510262025678233,0.554320339496144,0.410310159626938,0.56142849391395,0.82039164082751,0.651990424824429,0.353247498344476,0.565846010708448,0.419178825544327,0.516032478369769,0.450335329562538,0.510346088294145,0.429763175396073,0.553217062456242,0.664592287903609,0.611987590203214,0.548045432623644,0.448899148193598,0.573335868910256,0.809192656109032,0.496577373469397,0.338701331769252,0.806865267879791,0.408308930191143,0.491538322995164,0.544171849206158,0.443769572654101,0.431730251226463,0.192484568218017,0.623877041697305,0.576998746332696
4100,5,0.46444214726262,0.710124615835828,0.813127491231914,0.585141344144958,0.35761366780786,0.509811466573789,0.664099999980451,0.536317014760257,0.223934113417811,0.432950172595529,0.541591554503783,0.626033666514355,0.611881224965874,0.846915169965726,0.950169758225403,0.467225144336461,0.520100529244431,0.766278979998128,0.69008767740226,0.466794067560655,0.528498263722719,0.6713575506103,0.738979550244983,0.869497562398048,0.584503405545374,0.383263041352271,0.727444990100867,0.317935866393196,0.628516876237373,0.593996403514654,0.444261227722505,0.287458878618544,0.42079189029897,0.433381657792056,0.581169927027575,0.511678771433947,0.498535625823961,0.444001911730362,0.80337375109867,0.455493715695975,0.570352422186617,0.682250960653112,0.530127175992881,0.796909348634518,0.594346078781382,0.478329416313702,0.487108895817578,0.32052946366456,1.01563039976364,0.546200470990149
4200,5,0.504041641011774,0.669964914940132,0.731910981804348,0.510137014986563,0.498385449110256,0.377151645531121,0.667160230938739,0.796525394782682,0.636160403252824,0.535928114093044,0.609943425047675,0.747441781101795,0.447232314382599,0.825892412508989,1.17348842817097,0.738784196346926,0.555623850228786,0.427696434517081,0.465126994743777,0.0804999645806879,0.490025279060076,0.64119523374377,0.492003406840311,1.02789476100958,0.61587876459874,0.433904731957269,0.690386631808156,0.40861396482957,0.577680853003892,0.737099023258395,0.512737561033397,0.853956597331143,0.521445388169913,0.551838659447415,0.596902684160161,0.566124041192384,0.659609972743274,0.673751082219429,0.579700434063282,0.347366369965688,0.358104145629774,0.460224797077406,0.3215954577455,0.601153328797192,0.600735829657969,0.35153277809096,0.361983282417812,0.565824206640329,0.693512996760682,0.663567394577959
4300,5,0.642893042800125,0.464509962606054,0.475899288950405,0.624029233015121,0.604161681714155,0.300936267429251,0.801273296742372,0.702755071724814,0.746094556513031,0.605185447015556,0.583659409892454,0.62887920048076,0.782864681165502,0.760933300217787,0.895492600003579,0.862513992923269,0.476442990413058,0.480809571477051,0.438271495692037,0.314666783137129,0.663659881878345,0.525749073054597,0.737617865696591,0.923749441242141,0.520065618481469,0.551614138025965,0.608420293882012,0.55207362871462,0.59558526846901,0.544899798100511,0.646603443091699,0.970074934203781,0.432041378842886,0.546473825087188,0.634401753219217,0.47640729931769,0.567027908987965,0.702855726848635,0.436624404300306,0.438259218574385,0.476726566615351,0.468486404669486,0.378679548773756,0.741736044582862,0.380247008631971,0.333472919864468,0.447851817663281,0.531819866594142,0.55448103557455,0.859842313382014
4400,5,0.452927698025284,0.457276255581795,0.666027204231059,0.552023588180111,0.651921107725651,0.393944476863924,0.551433154589098,0.506575617743356,0.627938786535612,0.830544310903166,0.653635562437411,0.456074685502606,0.749619315516501,0.701548947823387,0.662469329688868,0.740253835555862,0.734031857161559,0.512734533255584,0.198491379326976,0.583991436288567,0.561785078926418,0.604849264230129,0.881047631664625,0.676866767576279,0.671538771167863,0.367217294010398,0.435341645373933,0.448571523059644,0.557277096787828,0.340227531050294,0.579232351560886,0.832401689466445,0.359045157342977,0.554651256326609,0.424658298139643,0.489245892920156,0.76713348028837,0.703326234040665,0.397426823786886,0.705401598646046,0.672356864423411,0.652447568650602,0.598007495154074,0.825333602892045,0.554786007642087,0.46309650900898,0.667880714169819,0.572149965839176,0.703238785711081,0.531412952227732
4500,5,0.357337593245258,0.547155594421396,0.546720734423887,0.379367843964847,0.497177946685325,0.738583312355915,0.556389296246642,0.74592787384713,0.779265382732638,0.608457738921191,0.77842310813424,0.584265581511058,0.649412375007853,0.692041394947397,0.678851195644877,0.490499985327661,0.602899145208313,0.496198211949192,0.527252928269458,0.712346103344888,0.395681066790286,0.531935074223488,0.803981662080667,0.871148067745525,0.585892024108001,0.326698921767857,0.430328041051521,0.464669327992362,0.473295725439626,0.185447974546995,0.364751273723073,0.553206987107207,0.41592728014119,0.555211493889791,0.670481912429242,0.515529192061863,0.891464028625434,0.742389788106395,0.36043748869069,0.441089561155889,0.895411925633855,0.629334573778065,0.883479520681607,1.04359675445779,0.681174427874241,0.354045153663079,0.769461161413591,0.567331421624027,0.687413050873239,0.528755011838913
4600,5,0.234770848725286,0.392523407963096,0.915320728025301,0.577309872201339,0.566522177524211,0.695955227757347,0.62656010763773,0.870395340258848,0.652424333073829,0.398428474403061,0.671815984974443,0.808850552313298,0.699866848858654,0.707670310593787,0.367595957795188,0.596783632066778,0.68256373446361,0.51868465251579,0.527365608413123,0.750207968097196,0.358580189019273,0.717639649852067,0.919108105684693,0.724614532640814,0.485822197455417,0.209246174550457,0.622226134119114,0.713490208807633,0.732362519534402,0.834097710773275,0.378357359767255,0.361273549757405,0.387133116727184,0.420128007602709,0.896877682130136,0.72163832792164,0.667414969419969,0.720842240877097,0.403850507877474,0.540166667721452,0.709319832454526,0.413819810994004,0.829761672241679,0.692423355771003,0.597438155201178,0.432449963992191,0.664360347370829,0.675318874307177,0.66589025824707,0.540838570726114
4700,5,0.49737428018065,0.692811557010246,0.730664006497631,0.833686707565012,0.705757587702729,0.917796206678195,0.755582186969698,0.785049487389211,0.614798059640447,0.50608571536989,0.580989211099186,0.820687133556615,0.479878652352148,0.665597343819138,0.263870966377017,0.548252512040015,0.550945639614547,0.638736310360859,0.674323562249362,0.598254886699022,0.6086749746958,0.665410770196937,0.879269039117249,0.710586563952432,0.702162647956737,0.31006003595111,0.736283340639734,0.774235281458323,0.783708659251841,0.655009475350162,0.577242161384154,0.52758299858854,0.614233149519517,0.690798808172256,0.887864693457436,0.717967674816135,0.827730375874971,0.643145177666007,0.418938482154591,0.739287986351535,0.827309219424078,0.648616698749539,0.727051842196989,0.697116540093546,0.674903122706838,0.421309907744332,0.713564799289995,0.569708769536987,0.715637594357103,0.66232083951738
4800,5,0.591929847090108,0.705639312105465,0.622973656928501,0.75065560051968,0.775055588599392,0.635571538973248,0.964466279372225,0.647389896406955,0.546225634444662,0.488037495242037,0.584830278572229,0.50509748960066,0.428842555734616,0.631083629455633,0.553459774662476,0.579233910088974,0.446515860504072,0.561705438493428,0.765494594760965,0.543858034676008,0.568811099514781,0.769937991432592,0.70218756009211,0.660646606754506,0.674956402551123,0.553075300390325,0.428730728550515,0.727206021819535,0.578418408181077,0.641771270077686,0.642440029993492,0.312812469765911,0.674071028913482,0.696367472841143,0.70743316049372,0.58300881653756,0.813713380274708,0.487813212322091,0.548102015635309,0.885105710414912,0.543866940066124,0.86682420479524,0.741941266747277,0.497401032719051,0.704107786404908,0.715237859157246,1.06447188570153,0.456606455151149,0.815213488729,0.834535133492123
4900,5,0.804564320645388,0.391701531463579,0.677040421202467,0.757408172982082,0.541853523314512,0.378261781539402,1.03208094755101,0.588855858120296,0.550353219866898,0.652439552297311,0.622527136666687,0.686271995649329,0.209220101676139,0.644353462461363,0.528083428789835,0.303479309190851,0.53972745568047,0.742760111687837,0.746332277551923,0.435153323985079,0.662280695967017,0.63352250338846,0.562917964555577,0.49155367894324,0.529723727713256,0.506892381988409,0.520170481694359,0.582194594889267,0.49999375759444,0.706223932004701,0.79368790060087,0.297931389292982,0.674194654996944,0.617158562528037,0.476818953970229,0.449525227746684,0.679493990723514,0.649998997448327,0.609680720807138,0.96967217470706,0.582864079199282,0.653813916917094,0.769985352369059,0.555417755647282,0.8614748149417,0.902430851863973,0.908535362373812,0.355258439058144,0.644481507730858,0.587083432450814
5000,5,0.92208344596887,0.191493664677238,0.724481584284709,0.750660898885801,0.453404589402134,0.360746422086512,0.813151719922252,0.427049274803361,0.521505569103115,0.68895246342086,0.223430257753758,0.520125304266233,0.509517909593977,0.813643354173711,0.759866928786875,0.554102970570919,0.548712765580086,0.993437950837651,0.705882364157481,0.6198097629841,0.967715180370107,0.722141988187738,0.895881151245969,0.751064701606474,0.574244326720406,0.701619722734005,0.538726342698556,0.496030122741354,0.363840552205761,0.594278253393713,0.760302398476957,0.584864754170866,0.556746143100509,0.522810295876728,0.520070445943797,0.416898490753101,0.771192652921572,0.754059392068905,0.657162380596407,0.435921131729942,0.614042523918236,0.599589211098551,0.663821406883054,0.84251519692637,0.872948216647454,0.763838194970452,0.864665393896919,0.659058114673093,0.471534249835724,0.399772051353136
5100,5,0.910497882010388,0.663833655048814,0.839668573160217,0.377613260535268,0.647805801591967,0.632178059696354,0.781149528965103,0.376020917493013,0.547559204312756,0.74736767867557,0.269759473568886,0.465240575192107,0.477256468168211,0.6047383626706,0.62612775545383,0.504729599776882,0.59036352531597,0.998336343002923,0.624235714502125,0.350766965468033,1.00008056844015,0.748168345137492,1.05142816685854,0.759679867242615,0.893805689838671,0.682134160605474,0.559408519575071,0.637287407853962,0.623563756271839,0.430156864461326,0.757073419599194,0.733303038950885,0.634861849132146,0.580508986368126,0.704577814647562,0.263578950455217,0.515725597046641,0.593353739243644,0.931117983234965,0.640982467561909,0.744387586559698,0.393245229463148,0.577855726049034,0.896094303348122,0.616120241842327,0.76297399665408,0.790684578254594,0.566162570559738,0.608574044805332,0.755746947945002
5200,5,1.06092615561412,0.855611834607868,0.533283539492223,0.49462473131012,0.82043145982893,0.526660466633466,0.856461427033269,0.515661951606046,0.504773734018637,0.889200752287603,0.312257196538164,0.420982419249993,0.808423907709712,0.656790334079107,0.622165520836853,0.374690123044887,0.702084620483755,0.802937336597648,0.602906576686505,0.609970560827925,0.503588976451296,0.953041149821407,0.918571642476197,0.655481044958883,0.924917671743579,0.606566566476775,0.535807996513069,0.324303072101366,0.762345095033222,0.360026130112971,0.969860791579979,0.725603113977397,0.796472702260547,0.528111819050298,0.853397183967013,0.662095558058005,0.860152458347551,0.517864724448649,0.833603497803224,0.680241791932135,0.554333196581694,0.602141379946156,0.593951848405897,0.816784130959701,0.768792097744608,1.05601918722588,0.974920860146678,0.630631456127867,0.721884935364351,0.939795137923868
5300,5,1.08122998695621,0.699997177395472,0.626274250716493,0.741723867211558,1.00692571486408,0.595153660753386,0.792352870236586,0.693345230356144,0.805399033483946,0.974865786286888,0.874946036023801,0.799522440605923,0.945606278212365,0.540142740203445,0.607464757391182,0.699662723576883,0.418541905530587,0.926050800306777,0.543502660996686,0.778849196655284,0.571789447854455,0.981259972261207,1.00348919855113,0.615440810249921,0.935008598787638,0.937678520937261,0.529001121247146,0.524310177877778,1.08194943836765,0.389579139851112,0.982279963160939,0.517597372960075,0.455049643811193,0.381261532832082,0.708444475380976,0.57201195194266,1.46629116858611,0.728443608279095,0.927836543814636,0.822291921471979,0.793318060669292,0.588438702665038,0.885125004143333,0.263678755763767,0.843851885043902,1.08533915923587,1.03624548496824,0.637064140304981,0.750909840005441,0.718523638718535
5400,5,1.25199831706712,0.655668171790834,0.664698822584344,0.857929917799333,0.961142161506988,1.03326202065471,0.707726111392839,0.393397316450246,0.822436544014678,0.751030419869532,1.19227661847585,0.749068192135873,0.955342739522356,0.830774723391669,0.608514958331929,0.733841326763981,0.484248837773729,0.835118756595597,0.62097664302394,1.31101314547771,0.771841837453446,1.04005748436376,0.895292613359572,1.02320554045316,1.17256802275382,0.979338371963436,0.685120470476167,0.534962336626245,0.831951744788401,0.575884911155625,0.885258757946522,0.662281267772779,0.714488521379109,0.875621355429886,0.433889348084163,0.445038845676678,1.30095671511991,0.947215225761266,0.642953456770537,0.516083258905828,0.609937273832056,0.737483054839999,0.705337259268653,0.516856441369223,0.935695467418064,1.13706391001252,0.908396133748631,0.76376219529894,1.22389861819884,0.855124371179564
5500,5,0.984792678200933,0.689149224469545,0.64561371845471,1.08530693499469,0.866944158692811,1.04256605055598,0.891952553908027,0.515949890388502,0.557462572790019,0.774768714386668,0.991488385776246,0.96492713178095,1.05410133518486,0.876057222631752,0.576101340303745,0.49266514652353,0.883346665633366,0.344506092164062,0.567943406575677,1.18187514830476,0.737196848035914,1.05877081891984,0.906529036690573,0.674054144029286,0.940731276562734,0.916667839273072,0.629395883055543,0.515432073084478,0.953655326786944,0.655445290823354,0.913912703098304,0.535883437471372,0.736678934316209,0.858914051730426,0.477259974586565,0.665738483496182,1.11228752093777,0.870179245805165,0.791035951074362,0.476535213254805,0.666413603587571,0.679019074403585,0.988503698498328,0.671391355905825,0.649681719518917,0.857615347917228,0.896193704523363,0.892922877951674,1.20386448384783,0.87864875608249
5600,5,0.849093299990455,0.878599730684252,0.809557150075743,1.09275675511402,0.875918463177095,0.864919025851327,0.664379392183877,0.838900059952838,0.440321715228804,0.740966931345554,1.08396244453356,0.784493342489783,1.02498021276425,0.868572296833227,0.822788128281666,0.733445315986237,0.834083095663603,0.827026184000076,0.252926664115992,1.00750808829563,0.692164196962338,1.06846364229917,0.844171049521416,0.482215030463795,0.598315513568392,0.579346594895843,0.796771150585201,0.651522935848305,0.734635228457231,0.729991347359955,0.821883635860568,0.574140795548656,0.692737427432879,0.93216070038614,0.705024909008021,0.771504160574624,0.996083770387637,0.745378691747543,0.702399188808682,0.627604001640794,0.791273412487766,0.580800269620868,0.874731247414146,0.608199426512035,0.713708202103224,0.963344608220087,0.813702603303255,0.900019334238079,0.974250741397912,0.914915145822782
5700,5,0.908590757185654,0.78472948304992,0.958237184423006,0.917879031328949,0.83408849090993,0.835913809480785,0.627258994954094,0.816567740068432,0.356496485951083,0.902344866427471,0.943590402711291,0.804339667545413,0.954901974621815,1.03072280384829,0.803374744920689,0.933508859332313,0.817348787866263,0.866616633769374,0.391948339588994,0.970886304911674,0.453747695617898,1.01014854750909,0.96263060236914,0.403803283068262,0.75652371807598,0.629200090999819,0.969282029101496,0.669882406020017,0.345427215667863,0.850039544984369,0.56453493012453,0.599523268298292,0.999745289434501,1.17319010261033,0.663675757179054,0.533994412203569,0.98672530533933,0.654000294319171,0.864106135652939,0.700560345148113,0.764095579330988,0.621450220338378,0.887312461483472,0.661648774042549,0.632872283523059,0.997519394724475,1.06027676092172,0.764593602664851,0.914452309471707,0.834045646880458
5800,5,0.877512643180179,0.866652949888825,1.04777765946916,1.17068761398842,0.511680890706283,0.833980104146704,0.838450221376884,1.10140778429509,0.339412681263355,0.77787877892655,0.95701659372372,1.20230896056904,0.971515023808486,0.688220425553357,0.994071860489248,0.765897400443292,0.940270264055415,0.844420983158522,0.49232775474093,0.736146685325977,0.756797030676944,0.875194050200701,0.870615203510534,0.439095741208291,0.897501948958128,0.625254232205983,0.912991008964475,0.678797513966089,0.51639310160918,0.62374714039886,0.5367699907617,0.559605057464496,0.931502231996374,0.929136564670946,0.838345000142257,0.912606348252067,0.974434910207043,0.637172982945067,1.11751290236256,0.782751696301562,0.818586769908202,0.799131555356025,0.746116384432385,0.680160806537069,0.816326623974022,0.93120736880243,1.1928292366342,0.695262069068037,0.751618568767306,0.851543430287672
5900,5,0.834814086653912,0.913465409350233,0.820893017072385,1.00988292681609,0.653912901393323,0.592215482103255,0.764887239413679,1.06884243507661,0.784778232261468,0.774473147537863,0.496831983341992,1.22447609201245,1.11777625828706,0.826036082153492,1.14357551202833,0.885377025078527,1.14345633317502,0.909280748668073,0.769869732153963,0.960908382966298,0.840305554816512,0.804154086781502,1.05171927154761,0.783322825442129,0.910071301751235,0.937989956031662,0.728741261727178,0.523453032086724,0.593449618955187,0.699601007086147,0.588005491708329,1.01125472482426,0.832262472597801,0.835291937045363,0.820523389936422,0.735545080134014,0.712582612093499,0.677351234995765,0.928236009120084,0.902848597214762,0.720787804508598,0.698407635311741,0.796873236587115,0.931747819963929,0.983753879136064,1.01094856634799,0.98140189524385,0.679727517171345,0.585990768831369,0.631742940386478
6000,5,1.03671697760548,0.945157558781943,0.641300775787125,0.709920395027112,1.12678395523536,0.635105917481948,0.766581225082788,1.14771061389976,1.00358830017464,0.777565036972078,0.486046996506545,0.951056241417216,0.882150505955987,0.640379480103933,1.00095468980263,0.998693995389347,1.0407671848795,1.23312839194482,0.752944451873232,0.787944842139302,1.1851038120931,0.655958631717486,0.531518871754732,0.997260791817028,0.968194430258546,0.857258273902484,0.834708918145537,0.673314019547949,0.676429608103112,1.03023793087475,0.590193780553216,0.822748390245603,0.81964980750697,0.895954610780886,0.95597380598945,0.674013676213143,0.555050769146394,0.956518172543108,1.00997284826098,1.14847834340858,0.749100330420849,1.04741069186313,0.673657940423976,0.681034605715741,0.903237369783744,0.881018598705684,0.813534048134538,0.792750213827505,0.646756726330981,0.697362916294397
6100,5,0.828380782092341,0.744546539400811,0.913442947748812,0.62719770775529,0.924611618352353,0.697801199684899,0.800614567414506,1.14074908899617,1.04859016481894,0.877061888165453,0.980894373654868,0.575054325156387,0.591158975063578,0.85341000678322,0.932045846194903,1.10508623764453,0.769012799452317,1.16525981841069,0.595607812169332,0.595799798751201,1.38913746674726,0.882345359208484,0.889447619453788,0.793020252277594,1.08806950843326,0.945402716929235,0.902275217081471,0.798005699025512,0.869937819574541,0.812802913715537,0.949137737851258,0.999569514846472,1.04981704707021,0.963447159384956,1.03992713592915,0.862469801464746,0.635328058872954,0.894314288575241,0.850574334346047,0.978511921737351,0.87885223376419,0.853298235601696,0.847012030919574,0.788243130371029,0.759930898674439,0.736439030910483,0.672635417991467,1.12021234929421,0.89480035120493,0.780400674077655
6200,5,0.87694776857412,0.901545072860596,0.891282429037908,0.849825303900773,0.821145341038419,0.995802683947088,0.936459439651932,0.907287606525157,0.94119210961659,0.924287762408365,1.01803373731247,0.625221764734779,0.834373505155549,0.705342544938018,1.10350968086938,1.12767121494644,0.906281616412859,1.19869983841201,0.607374900762895,0.62872159203255,1.18455069991308,1.06936247038895,0.816000819703618,0.758880975712485,1.16881796125039,1.13504236504281,0.76966951408274,0.775617870258535,0.653512834775282,0.837806048751183,1.17418330113901,1.00084473215364,0.841778728572084,1.10877943382396,1.07703956695153,0.998083028314798,0.623848031073129,0.96844382808096,0.845417568003518,1.06062622605954,0.846278766099083,1.04111292269262,0.748346755382802,1.03634348259526,1.05145629820981,0.482479219765501,1.04946476259625,0.988078839772987,1.05618586257965,0.892046030456796
6300,5,1.03128856563318,0.845181462546112,0.809784529814985,0.796551808931147,0.93843698862304,0.880411620608899,1.28301252421036,1.0127267112525,0.910198151310298,0.903964044920103,1.14047029214083,0.951817976798169,1.23114334004324,1.04421499075667,0.880087238330253,1.0007969996872,0.918960979468899,1.16578841316406,1.04977125115865,0.711590071816965,0.801517211206819,0.966197382809433,0.882353810089539,0.913704125704498,1.08339203651546,1.40771674304643,1.15122617817335,0.684811112758858,0.920690880842448,0.798263372176553,1.04587726418241,1.10060934792329,0.801731290567709,0.966714046846527,0.712270178001149,1.14688901211051,0.83650224415387,1.03904726980148,0.832581754119869,0.980572812687679,0.449310077515646,1.35994270030996,0.712307338354835,0.854909684869827,0.928674465882256,0.7624159269457,1.06559022368625,1.17473678932557,1.21296725027749,1.08241212891987
6400,5,0.959280441181608,0.772604412415512,1.00252545785641,0.542903532352047,0.905154462897387,0.858314784789195,1.13000200943582,0.869840040566608,0.528924599081294,0.885471530081692,1.11212598145582,1.05245817589693,1.19627594719397,0.86521174145662,1.08907936385096,0.905779859970628,0.878809766683522,1.11750422995146,1.1077347332975,0.813108493616015,0.778329045675637,0.92777606783397,0.926784379954026,0.890072864445259,1.30443601658577,1.29391251505874,0.986653983359675,0.550805446463261,1.05108022894935,0.848667929991265,1.02910383233506,0.683001369406897,1.06283271087984,0.862916638507914,1.1458502082368,1.1069851155819,1.02602943037582,0.836872288591004,0.84933716799595,0.859791998973029,0.858507442441836,1.16231974303022,0.684840335128351,0.941892795487798,0.815166751728598,0.928977694774314,0.762330257969125,0.895200941378521,1.01721064698061,0.870170524446685
6500,5,1.01313325800462,0.857721445540432,1.10472089928228,0.782370032140722,0.837955530133965,0.616951840313067,1.01206485688719,0.688094011547612,0.724409373089014,0.780797909073501,0.955403999683582,1.15320825134176,1.03780008218976,1.00226389875895,0.981352959896143,1.14064199815794,0.958711578404287,0.96024198887928,0.958266580788404,0.78028412803186,0.95481063088208,0.915784021174588,0.798664342178271,0.802498506985516,1.16273350350416,1.38001553192596,1.17836598448611,0.891489941247224,0.812908922238132,1.05905688050616,0.959683036916205,0.717575061829983,1.05127210650712,1.04490301477351,0.992406618185787,0.905408822118585,0.895042166193495,0.804849205502074,1.10385840279394,0.803729573271974,1.02553858694254,1.39054699566872,1.0229136742746,0.95924970293641,0.920560010593961,0.840234862829273,0.887863856230027,0.818517371831897,1.06165301622114,0.590500748847265
6600,5,1.28777979844924,0.642263047610099,0.728207209025873,0.802797437288033,0.734158989439861,0.689122448720309,0.89069248117972,0.766699019902097,0.608965325312812,0.793300876772288,0.744532518741718,1.11222100781257,0.830931230327048,0.870311782898305,0.791210899006567,1.15524930826885,1.08579533306186,0.923795301521059,0.847137698902698,0.842488293625979,1.20723727920406,0.723439846371964,0.717296830639746,0.865869140281308,1.15162552583778,1.1081968732825,1.16501686107504,0.783080480388852,0.913101049079292,0.75573812350752,0.822727507387302,0.795395229711429,1.08839864667236,1.14604372616951,1.00632090584667,0.643835416658233,0.615469104482689,0.664292396292796,1.11980692147048,0.907843267515451,0.910843145297394,1.559165142892,0.787577641982113,0.986573753168566,1.05575815674702,1.03513710312105,1.13252196199456,0.738256225053536,1.11316135691062,0.890507728767075
6700,5,1.07164229504173,0.75861291939167,0.941057688536544,0.812905031174061,0.895922628661134,0.568339933930954,0.617043020842614,0.607443247387043,0.461040903079112,0.776059792332302,0.716570917099261,1.16079569431275,0.847171116970384,1.13930221812803,0.966736670705612,0.92462036370771,0.999510252835246,0.955001284464044,0.835176531527432,0.992260558804149,1.1800524204468,1.09621664106302,0.857911541809429,0.686061756598324,0.820324378829394,1.05574023319381,0.711089709261283,0.665892643550347,0.905571269240998,0.670178181203706,0.846152853259244,0.744357720458984,1.0904639733761,1.0834711042258,1.04754446404615,0.610063895268355,0.615706018010208,0.657736403914456,0.99014300756784,0.724179897791116,0.976092231546582,1.35290986802346,0.578153310951659,0.9534981510176,1.20409237410309,1.17600866969383,0.915133223434761,0.94236058100675,0.985584803010397,0.76251653786999
6800,5,1.12948649084864,0.776356141351391,1.10142526816702,0.667749285959982,0.977032913443467,0.47665943304197,0.71329490669365,0.465791307981165,0.815552743914731,0.899007431110405,1.15714636794515,1.07816009018569,1.04861063782764,1.21194931339967,1.21954929031765,0.743914859627146,0.977407560526355,1.03185595667308,0.826332874337573,1.14324332629091,0.762526245077349,0.955498076625884,1.00387318866182,0.908269476502306,0.881229661594059,0.822810594523309,0.562805859429017,0.614316919640645,0.697723406565784,0.832046539571998,0.88805460259616,1.02354495643162,1.3051262231138,0.551395578958757,1.15617006272339,0.865621629517348,0.577567230234945,0.623307418604419,1.02873620850236,0.888922262539775,1.09111955157019,0.733964313617644,0.929444490814231,1.01845388496792,1.08508135221711,1.00242885194239,1.05127329456382,0.821954677752078,1.0671264188285,1.06843699859761
6900,5,1.05649698025908,0.511244580011121,0.668257813965274,0.351814310968013,0.730803120768447,0.802437573186803,0.73461064568663,0.909533164120802,0.80048877021604,1.235820765368,0.949469022602506,1.21359769100285,0.976212049084407,0.76219915710818,0.896861621535973,0.648232511691443,0.767136143426984,0.918948232836829,0.911557197338615,1.0569648583176,0.828122847072814,0.804189651382826,0.89609464478952,0.514676775269377,1.13535360348265,0.603365418328107,0.547767878263995,0.793663212234948,0.576730571854959,0.998256993542977,0.920694078660349,0.900473821713313,1.02374545809491,0.502471264308365,1.02332011907113,0.924055503206307,0.763889514526643,0.95768804703642,1.13510950775363,0.979261569464172,0.808974293487038,0.599047832612708,0.689114637062022,0.966796408575605,1.02498294089734,0.645877329992736,0.888717631159899,0.965210077923696,1.06934701833323,0.845157756700786
7000,5,1.16174936957195,0.637718883887183,0.632237120245904,0.264789635145741,0.871784931606679,0.668950520251378,0.764377538766383,0.931968292542274,0.752445992122393,1.06143262897576,0.594008067834459,0.957691533164013,0.638490833168936,0.895187019168258,1.09712777238379,0.91596050103305,0.93040845221516,0.983958546609175,0.823731458645707,0.980661491920948,0.836725708290695,0.783859698937238,0.781635599429568,0.563290299586784,1.03471030806392,0.717781754145998,0.730299673260995,1.08156901642955,0.391154041278937,0.913871724578153,1.05706071906919,0.894720293293839,0.945341145843345,0.584954379962792,1.15584738639958,0.771956535945144,0.949847651779247,0.831432870882073,1.01924512369045,1.0440865851536,0.610376755689236,0.820856175737397,0.631742482555567,1.176467468433,0.758280188281495,0.856246534329364,0.669566554618706,0.851167060954754,0.744662167588735,0.737517684852047
7100,5,0.928777679981619,0.803652163979706,0.562968057432238,0.740430802415104,0.588159279361943,0.687277161004417,0.736122837250065,0.676360996332762,0.901648420234944,0.806272016241933,0.715108109784688,1.06025732436297,0.630878520222533,0.988469110448037,0.831961647624596,0.906136765345081,0.67371128641465,0.605853784956687,0.968551386975084,1.02127682148245,0.902613184439902,0.956051252685258,0.584201863138539,0.855917832492746,0.791618083159696,0.614466923400611,0.373937593663301,1.10600330415958,0.702915189969016,0.76169734149422,0.965043217366925,0.704078763120594,0.836265436615614,0.939429914866365,1.0336779650613,0.390221468430315,0.620848380796184,0.994727476874829,1.01981259152291,0.822253314987164,0.851361159437594,0.473510800635915,0.506888308562233,0.960565372509068,1.15186982885927,0.808691336912146,0.849717979453436,1.14985310123369,0.815263260071554,0.770014635996984
7200,5,0.824560986855765,0.707369019360914,0.510038190095836,0.723851500545973,0.544670794242149,0.75852405992229,0.66668092885997,0.567421001251017,1.13968940791124,0.601885286350658,0.656930991498691,0.888122421202383,0.716452110242839,0.673314112394068,0.640513291567892,0.397405769476388,0.991871560838968,0.928506515119485,0.8062672554022,0.738933548968214,0.809379352602873,0.778179188997174,0.205112816917461,0.86925738307488,0.590307404581277,0.767987268644563,0.595330984689491,0.881538963730768,0.858447258814257,0.793066136283656,0.881752148892319,0.685246848431485,1.0256432920506,0.766742534252074,0.922598423797996,0.313570523770783,0.602926588595844,0.807345657160154,0.348368292428524,0.554339117085435,0.91552268025591,0.721681364035781,0.534263894408397,0.826270991007509,0.830326680260845,0.587982066771399,1.08471970724562,1.12107384754308,1.0565367693039,0.975358873680421
7300,5,0.717760689284976,0.873747768698318,0.645897220767379,0.646069216999851,0.44316595891271,1.00300325860324,0.488064222550292,0.756752832736712,0.678362735148543,0.636299841763386,0.920463252251358,0.701697926100549,1.00371938039641,0.726040466981217,0.668784974308756,0.366795428609148,1.2890079677438,0.86339874779727,0.822217023132567,1.0244136340542,0.741641304641765,1.12346797706455,0.987379389715102,1.07415199236237,1.06690455441368,0.529322275517937,0.529868648223176,0.810679865374005,0.630857098336485,0.854652147238508,0.980547809873481,0.623049752013444,0.844507582851305,1.09310837640534,0.780148875577678,0.325652224195044,0.685845438217008,0.718753838246641,0.40167413785012,0.695347883033473,0.749132506747054,0.545078926736372,0.400854588510304,0.616964434779845,0.598265781455554,1.05598097043262,1.21520019072254,1.04297315188576,0.830161447712294,0.992576400722276
7400,5,0.431575069319808,0.763093646446906,0.62646285289161,0.649812293267129,0.764117864387558,0.950678445205167,0.545012377354048,0.570205087185897,0.409605305277148,0.843600770410284,0.675131156790689,0.661135413149996,0.819424765545613,0.587987746817303,0.675650532394715,0.489166881992611,0.496023914828341,0.525294177877926,0.514479508695116,0.910254905772405,0.568138719543774,0.813597743720622,1.0673548109214,0.392575676434239,1.119269754744,0.742047506566204,0.615604164321395,0.800441855023644,0.748509341330619,1.08385053897186,0.975688204999141,0.450101273643985,0.826291461623643,0.562053119945483,1.22452653654652,0.874039600823112,0.55956904401633,0.925656061895826,0.516834152733146,0.771509307360508,0.75770211797082,0.677700207883593,0.812759753060833,0.527586304844262,0.777640401788013,0.953700178937424,1.00597757313974,0.917476716991587,0.863629263201064,0.72558159965016
7500,5,0.159892366772317,0.61673573598671,0.557210165741718,0.712269475225706,0.707646557010113,0.717247955301698,0.55125656797177,0.679561107669002,0.559005765016127,0.753058149822987,0.551316423978404,0.901746303472309,0.878400668261167,0.292256780665378,0.767350705222178,0.559422382003944,0.707365108540193,0.666045143831012,0.69664622658182,0.747152893655495,0.645751706285376,0.594833164015858,0.874606736836514,0.513028955467758,0.754862957969025,0.778319777963242,0.544803642420385,0.781871798994148,0.84794808172935,0.96906484526661,0.769028895268725,0.614913091191515,0.391700452399838,0.512977919517611,1.00987340701598,0.712839254783016,0.151977753792752,0.998124784077508,0.899895980113984,0.54060242742603,1.18521372079367,0.384983712005039,1.02417759254431,0.532145401803354,0.704825221435413,0.670454018485948,0.8672750043404,0.623356334108151,0.612985163897751,0.724626537855986
7600,5,0.0406202111489436,0.575629708813814,0.519240628851194,0.480680543263618,0.498738619338111,0.777209096359172,0.940317102683731,0.169178365406598,0.804582174063249,0.712578922715999,0.565182044589537,0.81731581420472,0.67300933141022,0.0936179367306535,0.303159426849354,0.453533594492663,0.340100312490803,0.801915893558065,0.612563537769423,0.730533237421028,0.403242787500599,0.445409104036312,0.684916736948083,0.40330422870996,0.672329979604787,0.523794284233114,0.583664146594168,0.749060271297313,0.706144771000835,0.73797347821974,0.732436301729872,0.697951214180142,0.464462794480625,0.562409949711945,0.714014905081091,0.657789590444193,0.464385542136243,0.618155968399557,0.779993452288966,0.649431411932486,1.38325228904685,1.03530180881036,0.715034378300821,0.752400464926573,0.68311246918593,0.820910494599422,0.68090958398281,0.826725193870526,0.596139492593111,0.617526793193638
7700,5,0.605050291923301,0.843235935074244,0.431283355258797,0.59737097711784,0.609101640867258,0.657582720881796,0.570706353697207,0.107267155870271,0.578712953124047,0.632469889552995,0.244087064639712,0.496630766899343,0.728750554095016,0.698604128843297,0.489915073205078,0.857029229190535,0.409607236845892,0.570500997491718,0.413161539471396,0.641788853017336,0.375008316357936,0.738551816374965,0.53207294825776,0.548607016544414,0.705184859270872,0.784789672836959,0.568099968469129,0.491874078744572,0.422982123469622,0.649060536153937,0.949433301512301,0.281368705205853,0.592292541225892,0.668825804298966,0.993225337362455,0.637755465135178,0.402800865110929,0.385896180793129,0.50528471934569,0.652721659930221,1.23396720036059,0.80958814615453,0.624795123787906,0.595878789662676,0.500941968715637,0.568684575132357,0.365280379867043,0.771178606163083,0.418804811329005,0.885220249186362
7800,5,0.754671471163519,0.595115409188461,0.638363749696067,0.447054185386599,0.821197293328291,0.534714523882969,0.369160166443077,0.183203330272311,0.529885214923313,0.489111990097491,0.26021957474707,0.368401243787393,0.45174427778143,0.956915921859314,0.467022604472629,0.718662980362929,0.625211893762836,0.567187415007657,0.302427882632519,0.637541455798178,0.412149881156078,0.661781989169002,0.604980986803325,0.721372877955429,0.43247272414688,0.680353887427125,0.648880461011382,0.436081245172948,0.559674461303697,0.638246665148901,0.922495983570906,0.90089920962358,0.958974442491802,0.446695629303444,0.729999196214205,0.825331140356221,0.354149069842054,0.303523910774906,0.361392318990673,0.746989771270675,0.782722916329028,0.403982972506013,0.939605609244968,0.482521339398949,0.524292636236666,0.370765402037315,0.716588305423754,0.630322678598044,0.732749309099066,0.953746504751616
7900,5,0.210954154216958,0.751910350865057,0.705168239740272,0.737060365592137,0.962369455662532,0.815229672495144,0.601562037445349,0.919670293296345,0.655324577928789,0.400570336810116,0.577683893523784,0.317859961822712,0.552772389484751,0.653401009624988,0.122161580357287,0.461892196395059,0.472527992420126,0.357369950459855,0.272825257939125,0.615164021974184,0.765425717735686,0.635794629953544,0.183340524628085,0.396977671244782,0.843914420301171,0.472863055528745,0.664723379581233,0.683312852148625,0.55104276674611,0.688410759610469,1.04667189239799,0.74763020312699,0.57071065981035,0.630024087484087,0.162965286799005,0.405597576211005,0.340163220153602,0.65576529946985,0.541413368661987,0.711067496902891,0.761991002375512,0.395635900850768,0.479314627606946,0.550436220276026,0.460088581486657,0.140989755285981,0.73998602441288,0.742943825957404,0.672900726223067,0.800023130591851
8000,5,0.220474351543963,0.542768546848554,0.812171145600085,0.235474167706353,0.678666356088571,0.504147187134692,0.365542563870227,0.759559422195571,0.522192536306506,0.507005029043717,0.196589314995787,0.190097779292206,0.522462925471268,0.326935035505543,0.572186221666775,0.789177346479519,0.462595215820839,0.175787547796013,0.296925619804923,1.0372581471533,0.311556468885387,0.701526328461594,0.440475682530612,0.601535906194728,0.554534265663539,0.612108890278496,0.508930954198197,0.204658720728902,0.747497594693661,0.339112451711882,0.821529722782624,0.88605063918394,0.677260367245283,0.839918892167139,0.457591581204244,0.40380678286259,0.134908347434841,0.606667013686587,0.837452308868669,0.747294109498242,0.861724131310832,0.0622743588332482,0.713114452451517,1.03653419241185,0.35131377580063,0.692846036551243,0.579288022080458,0.643400092878247,0.244605704430537,0.795120837979528
8100,5,-0.0101234728118428,0.48265660994751,0.72946710119793,0.174136452036377,0.407220225657882,0.389399206148444,0.400600790240445,0.330117367361247,0.734884629129692,0.52686637676777,0.017757846053357,0.544074940333313,0.324044687511635,0.34088318427105,0.349550043080505,0.656261519463776,0.380729906193767,0.385443405328701,0.238367497115589,0.574526056665176,0.543193818127983,0.771582630979056,0.314983906794089,0.294865605942348,0.472594277645644,0.965773996632465,0.390552992131881,0.234077975981453,0.6897588773822,0.00991937525326747,0.295927400876125,0.489651120466624,0.444622951518972,0.515494443845987,0.464833013242658,0.509551565304476,0.517462624044488,0.605085024035594,0.738546086150687,0.681723697381645,1.06768203122313,0.356693334145617,0.515030746173224,0.724562164170037,0.374360086239724,0.256104452993366,0.639151386077508,0.493707021400673,0.429415424454793,0.922425870309041
8200,5,0.282317547214725,0.40234366660247,0.781250577306756,0.413362240101334,0.526020440233111,0.624877496254325,0.777780742831331,0.339824579071965,0.61370480853361,0.258661764428591,0.185036830146234,0.556774772283165,0.805517468494503,0.655409940539606,0.470084779881819,0.526804795779547,0.359612254149763,0.331678184589995,0.301826281162648,0.579770140424378,0.619881575098355,0.482089261327565,0.409120342214819,0.236495425735908,0.420513948728122,0.265801237301875,0.436344387654644,0.0737825975827868,0.494321514046081,0.392988122216863,0.524654576272952,0.10815147728528,0.420986667825944,0.366840821868066,0.572132465641999,0.484676234898627,0.22912306303037,0.288578815213514,0.492293182166308,0.384767757677693,0.731603195083744,-0.0580278028001383,0.461896978395934,0.527638200235508,0.140136344982375,0.529494216178999,0.507559263202033,0.248379595322633,0.538059719980476,0.451848347134797
8300,5,0.784415522840018,0.12421278249869,0.768270256748125,0.174115904575066,0.422575484522439,0.677241989337964,0.59149752515602,0.453969607686201,0.324520413332935,0.455354800517495,0.345147713638519,0.529626565299309,0.338225545923948,0.400275243240471,0.587188943409469,0.54702319469739,0.773736546630041,0.287947931742624,0.424752694150593,0.74580533386995,0.426397364586561,0.318209703369477,0.397964855018036,0.360896804145954,0.402288442926759,0.452352477440483,0.211874927872069,0.208881970866123,0.35276509426784,0.579931912218829,0.582940758154987,0.704066721692338,0.338696118389325,0.0715320464248996,0.415823532680145,0.742273457656467,0.0679546884985626,0.611113508777228,0.591595075342131,0.545859324515435,0.175582694839526,0.351142415102296,0.688704434985514,0.634541847991398,0.416637092685229,0.809316175788048,0.510263215894338,0.638097597231755,0.503836876131102,0.264724779006342
8400,5,0.472081452481008,-0.152318355860794,0.510108209969433,0.279497910631932,0.510197635934323,0.286375565869573,0.294912764376799,0.629548418333187,0.659827329804902,0.284899265781539,0.734359030795135,0.621813149477094,0.0909793026534169,0.303244626016591,0.566733320064611,0.641078916050985,0.327394532358102,0.362051648044525,0.48318526713655,0.431179580273009,0.884006712179581,0.54903247831825,0.30008079916697,0.49889347165288,0.131234665309413,0.228887713675985,0.537113814181324,0.0534481542520632,0.278678682740655,0.327657589377636,0.545123490182925,0.631883547839926,0.352689626793576,0.113556838557507,0.633704202441437,0.829046334420237,0.025343386681262,0.825261967494471,0.190612479193773,0.461414632935495,0.230141618704015,0.249972114555601,0.155850989589611,0.393743796011747,0.219057851356563,0.647092012965796,0.734503636055066,0.340434753821516,0.64017786612604,0.68162581364912
8500,5,0.378715727651187,-0.265836411653526,0.292169077138075,0.14310714750561,0.574418911081058,-0.0288056751578595,0.120387757010146,0.671411526422226,0.428450402056372,0.164257640052848,0.603933720092821,0.586351690301552,-0.103108161400547,0.479926170969874,0.325872794760796,0.432818418487575,0.288019371470389,0.44617985448188,0.566739847617726,0.36725078012717,0.500649348771726,0.457839393536491,0.481212407627262,0.462962062267528,0.378966353999193,0.349941530608078,0.348643387984091,-0.0381675427884263,0.455479616494187,0.49658874275702,0.284070269976597,0.73981939487478,0.108687454681694,0.359169966136536,0.188439564527098,0.712654469048855,-0.130461708501876,0.50784366802134,0.0522186045504889,0.231382925595384,0.224415644505247,0.623595297147781,0.336219781980572,0.31425805719632,0.358526794507921,0.592770559494812,0.237314356776196,0.305589951785662,0.262006731519059,0.496049061024183
8600,5,0.474279403593395,0.103937613150103,-0.068142807828381,0.243097054438086,0.423170080052631,-0.122370614542606,0.164109689490265,0.697298636310563,0.525496978321532,0.223903039594061,0.328941412418826,0.380801911490035,-0.160036693489971,0.409456981322582,0.0738604022776063,0.262725614953706,0.267713219350177,0.0140335471392199,0.505039971953055,0.161846634066761,0.292703499724858,0.474088400357914,-0.167715466779589,0.128746706006624,0.500137297697664,0.508527777222524,0.408665306716469,0.151798699890669,0.25280625915589,0.263338103975304,0.341191571104023,0.654518048291412,0.579471073364713,-0.0436526698063505,0.018260954959011,0.593391189033868,-0.414918319664248,0.544152253676302,0.309098505441424,0.294241794199676,0.522724528367113,0.476014698184932,0.328152804882076,0.258533620310787,0.24731147862965,0.421207450384339,-0.0628899963703365,0.147338139438761,0.0477212869243048,0.367123874200089
8700,5,0.482356105686271,-0.0770867684931946,-0.147398829430573,0.167996778935826,0.321603270746109,0.112359197818741,0.0186233317029463,0.360574937635225,0.21337342526719,-0.0985426112132085,-0.32059152959143,0.300422134597682,0.599515977811125,0.228613517560764,0.219075228086008,0.251839099448315,0.138111860584252,0.161586541111988,0.392001739266032,0.003277576266141,0.303972495775186,0.544622176209512,0.198172361838125,-0.0503627328657559,0.218305474180277,0.311173588494747,0.435047826671497,0.272191777016488,-0.0400080573641473,0.0992325131441983,0.539266047414444,0.118942383418951,0.257630201113425,0.169612876257587,-0.10219273122106,0.373406240701246,0.167453540176549,0.332270228412624,-0.0301059697133468,0.00188022814703415,0.531958877858073,0.338957020927624,0.394101578384564,0.164202665045359,-0.165790371972553,0.400018626684572,0.0563595802441302,0.256373605949568,0.308739947156159,0.52310163794849
8800,5,0.292174936965498,0.373015948430534,0.00444586943319436,0.180357858472942,0.241323187854784,0.140965381120886,0.2275517517107,0.704314253765125,0.297131346589017,-0.121030932820055,-0.446657282764261,-0.0115508783559962,0.194191786664694,0.109389390618308,0.274440191937819,0.135604103538784,0.104049657719431,0.208545658608948,0.316775699958135,-0.0891661401996875,0.268751559192207,0.733862099976492,0.426110307977056,-0.258412074095319,0.716744924445332,-0.0281549371180592,0.0877857464891711,0.435890763854062,0.0259584339152643,0.573063775579972,0.580490465060782,0.300487429898693,0.49007823090931,0.256796827994244,0.183127118404368,0.309382776173493,0.403406150087335,0.550739246986744,0.127580224735908,0.134899400856433,0.433489628009397,0.136311778739796,0.141226116070679,0.274734735564054,0.0848143175947033,0.183612949274697,-0.0506341440893966,0.735389871246705,0.106298931698706,0.359455276575534
8900,5,-0.0797289724986229,0.369746057068882,0.0220886534321746,0.0651403388546983,0.219056526077898,0.543086133027694,0.24733929806231,0.200832076703288,0.531843227247424,-0.207550784296096,-0.165056667648715,-0.0917552264954047,0.32693394981846,0.0890069489667883,0.0909581010015902,0.502828987119219,0.201419507673913,0.225413672901005,0.135955810895236,0.224631646340941,0.378596265808166,0.0511532289040713,0.496016936558561,0.116450399363596,0.292168130593604,-0.223089747999025,0.117436993833898,0.344314904311689,0.478932702995437,0.223433262033706,0.638210918808281,0.318968180093474,0.150316222337187,0.250724304472124,0.162234645272567,0.264810819787064,0.256035779156762,0.702807768937339,0.308228741894809,0.0297048029892312,0.171447544388089,0.328959929777906,0.039874838639164,0.934417747943827,0.0562072358165709,0.0265607281625675,-0.0437075237860664,0.697923016516084,0.115347705696114,0.341429543463212
9000,5,0.293192748818327,-0.279584153672776,0.101245258049858,0.244628937686284,0.0284970045996994,0.378895761684651,0.195395774090258,0.486038957461995,0.266464672393731,0.244111136363516,0.062233211871904,0.194305764322211,0.048657024450437,0.181774994808832,0.310817112502992,0.162848818458441,0.343032003312549,0.126140294337636,0.0428919638782786,0.0969918155864107,0.337632514125828,-0.293488737252196,0.244651367583931,0.117265743674961,0.260644513131148,0.419544204774156,0.267131391909175,0.218830174548851,0.372749627334412,0.0582088454931854,0.443538882198498,0.222696214733924,0.21686744434527,0.303302479434395,-0.0084980599779631,0.26871033281883,0.0863199983728116,0.392346494593397,0.0794591203898909,0.00836274246285773,0.199044876900414,-0.0870338563110097,-0.13778702125966,0.405428641449583,-0.05640854043516,0.246901307415715,0.0176354649168362,0.237170554640595,0.346231722538296,0.35284784372078
9100,5,0.290874923976695,-0.218637831267915,0.184157604653591,0.275734743931503,0.0972913134531544,0.156413796615967,0.132117632582017,0.0285479355794049,0.216109397433276,0.0712889255832395,0.0649010405941082,-0.184468088402485,0.203074729880659,0.341212175893891,0.127891932641373,-0.0894464869104705,0.0322389251258917,0.496205153048076,0.0523431412750289,0.0775582626595039,0.199440228480744,-0.162011179978342,0.284146361232102,0.0456324639628692,0.132394785803348,0.0796803937377629,0.363563846500936,0.114247437744732,-0.0333252521833505,0.10413552164945,0.258058716589107,-0.1323116116014,0.180846328521049,0.335626394214664,0.112420449803241,0.0337524893319214,-0.037446400404931,0.228501501875903,0.0669427779575401,-0.224920048283806,0.23616755348878,-0.0496357613972652,-0.585665175052709,0.390521437707241,0.0867305127262246,0.356878524928773,-0.0166113119807555,0.618785441391576,0.423337266859134,-0.0712283938722481
9200,5,0.0341336773312633,-0.253333778362673,0.243266207431319,0.305731495646709,0.129530072432967,-0.0282819340376095,-0.049757590101891,-0.208963321030124,0.00274908632947291,0.0399820244627966,0.349373474797252,0.026294070941952,0.0726186676041609,0.275031005442271,-0.093678905224086,-0.198017580190271,-0.0450204301840089,0.323541757486113,0.554997154863214,-0.348696284688265,-0.409104277054526,-0.315884022905998,0.0933544268660002,0.111611279027481,-0.176125446325945,0.179184289135376,0.0878641048388577,0.347024472237575,-0.0961314505548842,0.0987493222902429,-0.0964011617435167,-0.0474551988526075,-0.0494837113680189,0.648248669214515,0.134341455758783,0.440717095760803,0.26666031980825,-0.100235624384793,-0.0323381247238413,-0.267248087266728,0.24756361940782,-0.299210322152986,-0.309407269435766,0.58550558698705,0.0319108046331181,0.483119026053638,0.111804838427304,0.516312769739602,0.296873103897797,-0.197444599342086
9300,5,0.3459513254264,-0.176811279094735,0.0764453305663313,-0.176016578418685,0.0531707828082423,-0.131647313769468,0.20266184055281,-0.0813564569668286,-0.053089831851642,0.0954573241710625,0.153011604947541,-0.118357693795596,0.185316988721603,0.231222265674766,0.188333495602986,0.130631173796726,-0.220152436418142,0.485658704642254,0.378777998007119,-0.0495269979833889,-0.229979872478398,-0.0911316113718343,0.0650025747108073,0.265091470299568,-0.121883115925404,-0.163535625342449,0.237160666302189,-0.0137989843115756,0.138266780209406,0.0187749820417758,-0.122330027951049,0.194375841667905,-0.054437832911002,0.414734184138844,0.0128366997965318,0.367847747551971,0.336459047838021,0.122744660690819,0.252919289215783,0.0547074914520025,0.443450244549073,-0.0937965354098272,-0.0133730308227895,0.254527900597015,0.18838719124449,-0.0106773589501246,0.431769867250599,0.299852839954706,0.37597671019736,0.232711656984028
9400,5,0.350986041749859,-0.0388637607964668,-0.0394536949562118,-0.312293170090016,0.244406233061552,0.228619085650874,0.065177986119982,-0.171040990292664,-0.111344352889248,0.102241767663422,-0.238825790907444,-0.029226996548587,0.228551237482261,-0.0968339820868394,-0.0736602813283332,0.117440502311734,-0.00706805639728703,0.129546035134655,0.155034751867323,0.436969671604675,-0.0976361541622066,-0.0806081187785678,-0.205800278709717,0.145423024352824,-0.267523806538089,-0.101021343788608,0.15754358042908,-0.00576786084655212,0.028284914077237,-0.130433768088514,-0.0964102916702809,0.191278354583464,0.0307802821269884,0.230880158372465,-0.222038637589221,-0.0181981346123808,0.055749421064751,-0.256882852724755,0.113289477327145,0.150438109839098,0.164677655432,-0.0702193603230709,0.361595165526283,0.442499789143152,0.173406009949043,-0.172090380176742,0.292440683028033,0.116305842996624,0.330930047173493,0.27555552174707
9500,5,-0.0523858936286951,0.0264373149110361,0.110806286082258,-0.134538304047631,0.350031490790885,-0.0445559108397833,-0.0965685650295753,-0.0234768811181185,0.129773851920037,0.106815001624046,0.12641355266018,0.249720144972246,-0.107099458198297,-0.160960811149322,-0.147736068393697,0.0890981875112864,-0.0590816345812275,0.146902050047779,-0.0692563579212248,0.159027897857787,-0.0501687848677965,0.384977350632433,-0.0916990788416517,-0.239068987240116,0.0662747360325135,0.0429776736323076,0.132695899290199,-0.164528308874705,-0.0419612877895807,-0.285285871474233,0.22037125791244,0.194618997322142,0.149302296875411,0.037161265074721,-0.145619771934625,0.0924578458703203,-0.0888305268175835,-0.195684281384838,0.0440164588393664,0.152962121177114,-0.031023969097626,0.133671248525216,0.227371963288372,-0.0326512694674904,-0.119708740312138,0.0169971967415259,0.100251225759703,0.0370139979590849,0.0200100818527388,0.286026984981843
9600,5,-0.0859980144576207,-0.141157147628534,0.0780751749765364,0.113778626860542,0.0954747544441094,0.108135822042303,-0.126650856640273,-0.117198126355865,-0.0731699623233677,0.227282124114423,0.0222116368383056,-0.179949507493912,0.068017428594049,-0.340998139128773,0.0354742461728574,0.0906171252669433,-0.183919493002113,-0.103378183560774,0.0312223333164053,0.248067452961995,0.130576138774973,0.095329153485374,-0.0829604985330629,-0.133388256171028,-0.287913672156027,0.111382277979169,0.179384217381519,-0.110360191848476,0.296726607114635,-0.145662358065685,0.351707056601877,0.0297725497867226,0.0172376735329358,0.212107249628179,-0.263230132472959,-0.127536340190529,-0.173339738605628,-0.136060560174945,0.152379404755539,0.0169532070956061,0.322221852735708,0.393402005816124,0.0320126623697806,-0.0420879493369991,-0.106736390229521,0.249995742591428,-0.0188656631739818,0.264621693195688,-0.106591631048033,-0.107842145912961
9700,5,-0.246492622805778,-0.139472524431993,-0.0817031052156614,-0.0651110036430754,-0.357002575300754,-0.0424074874521506,0.00340603021974528,0.0519363272179555,-0.0422983762656605,0.11652206324389,0.133684999248797,-0.158300396699629,0.138012418176347,0.194604913000387,-0.020989975880277,0.115426513429279,-0.121983064080479,0.228195947156824,0.0479095401219187,0.0388988819555388,0.32370308356922,0.245908765159042,-0.41516895798696,0.144730618255468,-0.42533149723649,0.00744942569983642,0.172890051754006,0.0652662166307412,0.341667295620846,-0.262671594870598,0.166776608862277,-0.361849178597269,-0.173412138794251,-0.257866652854527,0.0140906459889067,-0.0417051264448552,0.150712820416701,-0.0488678020858719,0.218489668981518,0.149666804474165,-0.213976507993947,0.341769938286382,0.360789501156525,-0.143303677436837,-0.279549508290278,0.403568668930834,-0.075968475488466,-0.0568511837890772,0.00109826153410203,0.0602642404210867
9800,5,-0.305047636020951,-0.0486562279365593,0.165616623995945,-0.288998107597251,-0.178700620439376,0.113509140545618,-0.159195272912724,-0.0892761919216317,-0.253953356976194,0.0130890882387671,0.118320448357979,0.0394678957907588,-0.329274939922986,0.463490716086322,0.170057513239674,0.142641874264308,-0.113155482008996,0.328886468822192,0.405047276340333,0.258916880793847,0.0827010870610024,0.0341360548359703,-0.0986550522288975,0.338700877048722,-0.167398436240377,0.0878511514099221,0.0763977684782329,0.168573971860962,0.417832724639284,-0.317180775108906,-0.028154620894999,-0.227076783336178,0.229166181967589,-0.260101011393559,0.167433422921795,0.105587471220146,0.296598962276897,0.169873927522475,-0.199959382363215,-0.0296822691151262,-0.37538316595378,0.51094557720971,0.413955859871289,-0.163203452168485,-0.320337426395861,0.145454599083147,0.0404310601486332,-0.274313113996416,-0.0548404157542375,0.130850147928261
9900,5,-0.114998692160901,0.382061239301718,0.0591464554155474,-0.139433219624383,-0.0489197251809149,0.0596102489176308,-0.0961743892118154,-0.170756698892944,-0.247712887372596,-0.0405930337407845,0.0686569634998525,-0.5352844502256,-0.691943795310714,0.46711691398481,-0.125480936858919,0.14434568105713,-0.143989793138025,-0.0407423895174155,0.432598309882713,0.11696427849396,0.0248833250566355,-0.0255780182895012,-0.098508092174222,0.0950082875081538,0.0901214578399994,0.222714554188845,0.412435696548392,0.0706588296415164,0.118778407094588,-0.0613358190744563,0.0837290739253806,-0.237966737433773,-0.111447450252318,-0.197385189761096,0.276807683311633,-0.0800804324451121,0.0909497930685651,0.0990530417577242,-0.221154399144335,-0.213490723498546,-0.440388992975335,0.386018856922533,0.25369677509355,-0.390959460375637,-0.164590522843682,-0.142462054237019,-0.164243467135585,0.0489850052209755,-0.0748504709846051,0.0211530801968277
10000,5,-0.164960050910572,0.385509681222649,-0.0626771797796135,-0.231037141387688,-0.202583175021095,0.0357784222390953,-0.192759873481705,-0.275710502345092,-0.394781087282231,-0.225796449789376,-0.0508935565653755,-0.310720989778332,-0.813458118067574,0.221203093207182,-0.132203408704392,0.0278469642922558,0.286672153380675,0.171186852800868,-0.0979111676738465,0.0240317970124582,-0.519003857400979,0.0864573252734833,-0.045079333473165,-0.181962243749088,-0.328595090653457,-0.10226539467062,0.104330452401851,-0.204530391270608,-0.0755949907221654,0.0943258856226229,0.0195481112971099,-0.0763760906406322,-0.31586454199028,-0.214339980675896,-0.448217903246377,0.0538761091111905,-0.0344556011293168,-0.123922163345072,-0.240570957580026,-0.0831760622028923,-0.441608702897885,0.543771655477179,0.230081546174718,-0.340562259629298,-0.295190976753081,-0.103386940417873,-0.252983970405235,-0.0849702059279991,0.0423828548650714,0.0883391783687372
10100,5,-0.408062116593324,0.307667013344136,0.172161950360083,0.281740651148774,-0.53681773693723,-0.454210944178908,-0.353013163886787,-0.00705681021048615,-0.249298458565228,-0.196961774659119,0.205902778354366,-0.290172714319745,-0.357269999417922,0.0565242907631112,0.109075127593147,-0.0656010193147511,0.536514618314942,-0.00106712939505077,-0.362155676515517,0.397660165873588,-0.181230525077604,-0.0492732510116712,-0.22430824026499,-0.0699217777871256,-0.330460216613572,-0.122532007036495,0.0660838123583202,-0.324528011982306,-0.309387477495906,-0.0936421682125483,-0.0689178747368228,0.00707522741045652,-0.395000667938823,-0.272414253680137,-0.146501265124909,-0.0875784398613746,-0.067245357859972,-0.094218524442494,-0.559018650432745,-0.274349068715218,-0.467635170214847,0.148696905941688,0.138048165313107,-0.408688829388283,-0.231845200322549,-0.541707611922522,-0.423466145954386,-0.0968223030250601,-0.0602271190466949,0.0241014595032621
10200,5,-0.319541218515204,0.291912140393956,0.0211891773651172,0.224599453960077,-0.37881459750152,-0.505248873039867,-0.0169466503075874,0.168067655660982,-0.286104125027752,-0.146717640734629,0.226702690016033,-0.556346483197938,-0.46949769001098,-0.385089015824225,-0.320018350261316,-0.490015697473013,0.369876555855946,-0.01614112860468,-0.095941365151069,0.373817899317351,-0.109960229048731,-0.0199780691950471,-0.129939492222392,-0.47412813428448,-0.392101723911216,-0.50263484471678,-0.342411639602917,-0.217279098189357,-0.128871016860944,-0.266964761676993,-0.178126821350919,-0.458997072811829,-0.513702815522165,-0.588168942883034,-0.344860767240182,-0.411519660717392,-0.312981863570373,0.0992826314742349,-0.694402747073046,-0.323794837486893,-0.165585023322402,-0.246221866445716,0.142284785847696,-0.489991328301644,-0.105171076059186,-0.251220588310458,-0.461892172068946,-0.0294442683645252,-0.348066142648415,-0.201502988219435
10300,5,-0.361214147253621,0.533461805891906,0.139823404681875,-0.0716305018761619,-0.338270159597656,-0.137443615450457,-0.244697139658606,0.0832321517511063,-0.853972712961231,-0.287753163152092,0.386986246107003,-0.782075281820533,-0.585673314577771,-0.331921162208788,-0.500269644979146,-0.217940111577716,-0.0152828852941571,0.0900921220608125,-0.189261762210178,-0.0208786681039691,-0.177187348147929,0.0199640594962018,-0.203730136534171,-0.376556691740306,-0.0157291225672953,-0.220170142149054,-0.414281704327881,0.0943744368703957,-0.396278447145384,-0.0788690022143113,-0.417947274542536,-0.412749151204908,-0.535334521503086,-0.486542727740811,-0.522186508960583,-0.186122158959209,0.00224657048918486,0.111673133118175,-0.736812600092147,-0.4139349114451,-0.61114962645269,-0.458790581995637,0.0619089573166965,-0.523999802055134,-0.21154385325305,-0.349578388106282,-0.475129525809462,-0.150498306036875,-0.651878937143075,-0.346669098554923
10400,5,-0.329593051720524,0.495514058233105,-0.14619624655339,0.017577118925972,0.0391999069721803,-0.168243817686546,-0.191827377838744,0.153701172801141,-0.878991319584018,-0.125524152353004,0.287196805877613,-0.544891538875811,-0.381608950121827,-0.334223799572471,-0.344998159189829,-0.148646789759396,-0.206146111865521,-0.11971526202448,-0.381860593066955,0.0170823780138413,-0.0738588615358719,-0.217391113994295,-0.0975035730747931,-0.45072270258584,-0.0293794299160394,0.0448186069544649,-0.511699282839396,0.348609903618076,-0.584736036887899,-0.386889718461015,-0.182449665986629,-0.356356924225829,-0.532393317958654,-0.20787183095068,-0.067414923465399,-0.0701544832853382,-0.00987558967306523,-0.254191985441197,-0.399676057550523,-0.407887678124421,-0.568175968705032,-0.358134040842622,-0.12709950833449,-0.764217910226378,-0.445852495952188,-0.538102010955302,-0.611550747878879,-0.136606278541138,-0.766449073655374,-0.192250347100593
10500,5,-0.440525841613226,0.250258211316443,-0.269816445593402,0.0725881373467765,0.166355265013674,-0.511219989350169,-0.193476062934169,0.343538518263247,-1.04272336029187,-0.215344290126152,0.298603048027486,-1.07370175254033,-0.0450901979816745,-0.518983529881963,-0.657379983478538,-0.160850531458808,0.0928728623986823,-0.127839620655069,-0.641697476826682,0.00620048326330247,-0.497959846051765,-0.428850022312983,-0.51518714558293,-0.565896707322143,-0.270148101705052,-0.353373027891814,-0.365290140893995,0.401618260468523,-0.743346564488178,-0.207207688325429,-0.391425104979735,-0.948774821696556,-0.849998040657443,-0.547376774157711,-0.140682181550659,-0.0128840748400166,0.082479730476674,-0.503316589934061,-0.51284821530975,-0.101533421543359,-0.395834591253794,-0.407572924684178,-0.613683147479683,-0.474026758292993,-0.454693521201255,-0.817438700245187,-0.548374352960148,-0.209988228989344,-1.12653580486568,-0.278018383150153
10600,5,-0.731483335364291,0.169819906324824,-0.569490950282551,-0.130422006007742,-0.0588532379497476,-0.602184582520834,-0.280519100397687,-0.0556131784695134,-0.758881995019253,-0.120830383857488,-0.34737562479384,-0.855782822359969,-0.214121135871234,-0.625157073048603,-0.659053488128184,-0.135419205932395,0.103193177973467,-0.56369157828056,-0.834845689202552,-0.587549269190964,-0.427773679183347,-0.61773191657757,-0.731301393397845,-0.43195820393168,-0.146710337490473,-0.32766503137853,-0.241018321876129,0.378846858761887,-0.507981912745222,-0.460082781939911,-0.862931883830669,-1.19104688654282,-0.591441899831729,-0.406619521873842,-0.169755342620055,0.0227192367144732,-0.119981090706531,-0.860779446648717,-0.797555369421642,-0.267776390216123,-0.448631955218277,-0.190872086037328,-0.694065472360346,-0.37940525500536,-0.233181993869747,-0.460112947134092,-0.718516810639624,-0.319994981873245,-1.12441745879353,-0.493596460237847
10700,5,0.131408128240923,0.0579022952643949,-0.628671296181067,-0.69770363464699,-0.0229256895014192,-0.542571175749296,0.0512325481550543,-0.0960464247457858,-0.481978295989841,-0.329605634747566,-0.372814910995291,-0.750696781595126,-0.736352602931455,-0.670412583107024,-0.576327231661363,-0.169028651726207,-0.19606456936528,-0.359941949807507,-0.365255904655136,-1.2321550161439,-0.206687990767776,-1.04953868323803,-0.133287171016678,0.0762140437762632,-0.22063193680058,-0.88268708322792,-0.309457046823561,-0.10684567918814,-0.421418898404192,-0.593971443239052,-0.913587831873801,-0.989571295182119,-0.551567525236605,-0.467149003738022,-0.291226248449381,-0.48623430729954,0.00631999583912701,-0.907873743663025,-0.669103370726553,-0.53965587581778,-1.01232557395759,-0.21453979182705,-0.766505787267165,0.0883086143124036,-0.301739647973447,-0.632534112976024,-0.551267148697199,-0.67075453169197,-0.694064408596103,-0.27651531966372
10800,5,-0.137726221449467,0.021423020544256,-0.648772196886046,-0.58594149631765,-0.158764557690029,-0.353584875418902,-0.0768736410707395,-0.103063366061725,-0.359014286798753,-0.101783372444583,-0.115156816736485,-0.358185457153505,-0.504046418248671,-0.976004402921013,-0.586018276665407,-0.641756425735816,-0.151465247951276,-0.994839622961824,-0.347024954853177,-1.2724671997601,-0.200882960185379,-0.746508546662706,-0.591651053863873,-0.169245390154323,-0.563064384938612,-1.0395900633129,-0.110995677412008,-0.185699377062437,-0.132852360509665,-0.322629719217067,-0.723702250778772,-0.830796573120588,-0.464192875904837,-1.09289778144109,-0.221173115110107,-0.465356318204878,-0.290703213077577,-0.887861292080571,-0.247250494609136,-0.52669209987594,-0.74244173014759,-0.404870520438987,-0.707480017612236,-0.756137113985231,-0.348309561323601,-0.657348338498516,-0.661559437324328,-0.531636762139433,-0.726434372864394,-0.536085887125243
10900,5,-0.522166786384126,-0.563592473107049,-0.43470190111607,-1.02376783719955,-0.115861467222603,-0.226286211163931,-0.615448946377928,-0.175215255165668,-0.187570723873964,-0.781421371108733,-0.428931296748701,-0.580184098180539,-0.528904425580582,-1.12179940540232,-0.917692249277966,-0.502177084823535,-0.582381658117889,-0.727815522092289,-0.192285954316039,-0.932683876376451,-0.51209378693046,-0.855632148062429,-0.640359790108252,-0.327529716195741,-0.782056211397137,-1.04891304724125,-0.140314866369435,-0.255659741408349,-0.0469001501644834,-0.356560481649633,-0.785061321687046,-0.4795213738596,-0.614378401243708,-0.754354841722255,-0.0258172424804917,-0.88033576860744,-0.767017601636037,-0.923080366865901,-1.16442731240245,-0.955973243527529,-1.16466332873438,-0.404781436227958,-0.520507750593547,-0.874264033358757,0.0278814515367995,-1.00799187346548,-0.743013222289084,-0.648111759400133,-0.769711685336982,-0.278296966525099
11000,5,-0.56785662512179,-0.171478880154212,-0.827408159465465,-1.45871504847946,-0.332951873034361,-0.517490827723688,-0.536176143084281,-0.435307174759299,-0.191890543914017,-0.818066689784323,-0.901710874382851,-1.04336611778901,-0.758429972154322,-0.809924203192532,-0.755941053240734,-0.539674497160192,-1.0184710087246,-0.657376608363543,-0.0866960534155617,-1.11927899747488,-0.809457598766463,-1.32812471205452,-0.257670664548686,-0.5957377311532,-0.617090387707582,-1.14606372229755,-0.19092492759145,-0.528471211651412,-0.0351104699052908,0.0306066067398675,-0.841591367175337,-0.384151903566355,-0.610450084062389,-0.764163514141861,-0.0480767300997949,-1.22970607163985,-0.328093540916393,-0.926183935789108,-0.872674155438047,-0.39561114755389,-0.758231604431638,-0.545769701588867,-0.890115924750873,-1.34383846825668,-0.295355784008211,-0.700987711033508,-0.836257601860193,-0.703358154022778,-0.840327027951052,-0.428292938330362
11100,5,-0.537804604376283,-0.575671098859636,-1.00871063317604,-0.964165476414929,-0.780683680084178,-0.543024340449808,-0.926511421160054,-0.558964382298289,-0.468256116502153,-1.02898454723168,-0.658846741338918,-0.926487212935326,-0.947846586941363,-0.786433615815359,-0.992097053740208,-1.05773427840308,-1.11143883092465,-1.37040772676031,-0.23008090304979,-1.11328634083957,-1.34949931729929,-1.34897417257114,-0.0567211522937636,-0.0917696882963505,-0.244776890400425,-0.99735181082704,-0.542517719591268,-1.01556702735247,-0.611177760754892,-0.122516760304646,-0.463174231804011,0.177100890240296,-0.455571540844126,-0.840675462154479,-0.528272948614714,-1.31331081400863,-0.585422036386106,-0.977117457394192,-0.675307929726194,-0.290223051655078,-1.3966090761262,-0.704227818523242,-0.909243691353236,-1.14093488305353,-0.47312933182979,-1.03959980133938,-0.159536021650567,-0.766011601038488,-1.27029809995872,-0.664809268983824
11200,5,-0.713229839545797,-0.818242212225579,-0.655938556031524,-0.491140103815223,-0.38555775430341,0.139834844599141,-1.00674044773592,-0.65547179134988,-0.37548656479413,-1.28148402168219,-1.08575964259938,-0.58742109377514,-1.26183376525194,-1.60209008287641,-1.39553848108778,-1.12341613033272,-0.79496167248687,-0.903927266507932,-0.585572757830084,-1.37671868470904,-1.22086960351215,-1.64736507996541,-0.78035170981122,-0.470225629732251,-0.124224219845372,-0.747382202204612,-1.42080991334812,-1.1562887704407,-0.343368023427795,-0.652140022951215,-0.351995382560215,-0.319013796496943,-0.959498244538555,-1.04505285275757,-1.09092124807929,-1.13652588760939,-0.622735760426522,-1.17378091933724,-0.469964005191511,-0.0366091546699642,-1.57048414313544,-0.98299603452608,-0.0714237070627393,-0.808854696357324,-0.643520311390307,-1.25595172666969,-0.651630046467754,-1.16873427732317,-0.946628250518249,-1.00939166006995
11300,5,-0.436526883635531,-1.35004135817559,-0.914413731120105,-0.499790209215294,-0.518138744120646,0.0519749817303694,-1.32416172214939,-0.562088714474642,-0.811597327705317,-0.997840755386508,-1.09788291428702,-0.66463422021169,-0.811157259841209,-1.78589121156046,-0.940447347389208,-0.647766549488283,-0.950856237096556,-0.858309569842211,-1.21950299170988,-1.39878661226518,-1.3486630710445,-1.25501802051913,-1.42386501549145,-0.94853232863735,-1.08402754174537,-0.255276418615678,-1.61902397708456,-1.42543302197666,-0.213366267241423,-0.962459275590367,-0.867111617323423,-0.448836326242071,-1.14003852573297,-1.03324362995431,-0.41089887017883,-0.764545784581061,-0.952144456483699,-0.757913319016355,-1.11846178424479,-0.908766563348404,-1.0528170453919,-0.840013837974041,-0.410390224099112,-0.875021083304687,-0.631343084110688,-0.586679608409878,-0.824714872571501,-0.728797208017843,-1.05648333413151,-1.49853124772656
11400,5,-0.663341522174637,-1.36160565814941,-0.9603198266859,-0.665722767809401,-0.799998118539314,-0.689908556990527,-1.35906524425233,-1.40161854991786,-0.407796898080511,-0.955839274085561,-1.13404541389643,-0.458297692384368,-0.890730395844706,-1.46586526641944,-0.839779853296715,-0.861610498343349,-1.70351588654469,-1.43063607888916,-1.4916455294458,-1.51906144100302,-1.13534132909487,-1.97026918697561,-1.50531642869475,-1.1862258574881,-1.68792267074818,-0.532977434753656,-1.52112835142428,-1.30772604835867,-0.829489061230579,-0.598664622080944,-1.27569392378284,-0.97576178501328,-1.29783747046926,-1.02232557161328,-1.30665714994568,-1.22101832417791,-1.18165206935452,-0.577415922560312,-0.707927692600389,-1.11182933809255,-0.481845914697862,-1.19126256511494,-1.08789345996543,-1.53054008758628,-0.532174265251281,-0.673827385068341,-1.25048773296696,-1.0659408580325,-1.5826424103012,-1.38051831376654
11500,5,-0.865263779306627,-1.79361335239681,-1.54288148164674,-0.845935492010454,-0.742277773364975,-1.39388735674175,-1.34550589431296,-1.6975213457362,-0.88054837877288,-1.18944266804758,-1.74204993921358,-0.725365119436228,-1.48291330944344,-1.16597024042291,-1.104687981232,-0.893826524471891,-1.73223375910381,-2.11264617297135,-1.57230898228414,-1.25974467345079,-1.11395407958554,-1.70197698833882,-1.80799751553008,-1.18447202860227,-1.38701552371066,-0.643258317288327,-1.61762091000372,-1.04630457953951,-1.1186932500832,-0.95674191132546,-1.10130170910618,-0.652102522493208,-1.23744909647228,-0.982734762792917,-1.61750578550184,-1.42548883142556,-1.00863312784792,-1.39658079435236,-1.15116862056458,-1.75867570527819,-0.543036524545084,-0.801454042276547,-1.20406289395122,-1.06189081731529,-1.38480180280133,-0.722628718907789,-1.16949724587233,-1.11182915677033,-1.71239711707331,-1.82228015158337
11600,5,-1.39612883110379,-1.00134587768817,-1.72707785940978,-0.589863578550843,-1.29066728711885,-1.7285856116082,-1.84978009914133,-1.83529144041714,-0.644677395862496,-1.5573548083409,-2.18192680159365,-1.65548490874458,-0.883813312926158,-1.69237882607679,-1.22382581147879,-0.963465031776769,-1.29376334721765,-1.9053075643268,-1.42989540890497,-1.50592075141908,-1.45672983918413,-1.33643759032264,-1.99895385917668,-1.55128094718468,-2.02081957285249,-1.27408295026309,-1.6579089359417,-1.16561727026309,-1.04253445192039,-1.23911889902536,-2.08953865054889,-1.20964460491271,-1.5556092709846,-1.1592419667592,-2.06219598165107,-1.91130019020438,-1.04167076340632,-1.02706756677231,-1.20682139630487,-2.01572248060498,-0.573402302108706,-1.56136320475799,-1.41312160278003,-0.811873664768699,-1.99238315678371,-1.32012768403542,-1.51121761682654,-2.01739479638329,-1.94300282605397,-1.65438810104595
11700,5,-2.26792176961014,-1.66917581088848,-1.72516956700346,-1.42076165257372,-1.75806236288831,-1.73035073569537,-2.2584736076767,-1.75437921561522,-0.847743836599303,-1.72840630228104,-1.78815350653381,-1.48525520729253,-1.82949587471485,-1.40749248002437,-1.5136088856264,-0.982110316376328,-1.2871012082396,-1.90097847521148,-1.23514943341471,-1.47089394281276,-1.72066771251725,-1.08118272808384,-1.70022912549489,-1.85778150664123,-2.29223416382202,-2.24519848371404,-1.54940035201785,-1.26438933533262,-1.18141669829618,-1.21872071839932,-2.25224190429978,-2.12693860315764,-2.16712630477675,-1.99567781896844,-2.23956085315152,-1.64709959345709,-1.26198233187848,-1.99600938051839,-1.95083081099124,-1.7926316082908,-1.42896592515195,-1.53153643289684,-1.59769762723243,-1.20068358992384,-1.46982076198816,-1.34516296319442,-2.21890587655196,-1.67568647527345,-2.16216662182883,-2.03841314027653
11800,5,-2.75194970101822,-1.73874113638277,-1.50499568747503,-1.8386290173745,-1.63622084729998,-0.891233152973324,-2.56945892003104,-1.89792792328165,-0.801681415127681,-2.03116124664258,-1.84872229957619,-1.40255896942699,-1.83125590795156,-1.60642341385702,-1.532129355545,-1.5353745478421,-1.87041061145163,-2.12750148145811,-0.78501333270965,-1.27268252921014,-1.84082436902474,-1.33192558648986,-1.35733392965068,-2.52134030578907,-2.04105660158943,-1.90227612198467,-1.71902362161925,-1.45893227453353,-1.52957172141854,-1.16595984190894,-2.23773793752344,-2.13341022275427,-2.06987540145553,-1.82947533860573,-2.33186809704834,-1.45700455178848,-1.27003295631368,-1.7769301887608,-1.89911692241292,-1.49078194565906,-1.33064457266242,-1.71342900808447,-2.04397432632419,-1.42440549841477,-2.01719627848178,-1.81866857588838,-1.52185287183043,-2.44148633115671,-2.07372345735319,-2.94749560919746
11900,5,-2.81470749096471,-1.69084169467452,-2.19679241077413,-2.52771470414597,-2.39498242940658,-1.65153622451202,-2.2019749050306,-2.46732942871639,-1.41908277326483,-1.97576576953281,-2.21602178031207,-1.45631692070789,-1.87816782649877,-2.65291194457799,-2.33231908697895,-1.64329059995031,-2.3484572944262,-2.34258421486625,-1.2106364843291,-1.45097825011943,-1.89817234062046,-1.66817991049775,-2.15211762889998,-2.64667040536379,-2.26083228186478,-1.75247765671662,-2.75242850652679,-1.59641487056446,-1.26772092734201,-1.33453191598737,-2.7129529888063,-1.50832601634622,-1.89288867067805,-1.67735729470883,-2.38456976719039,-1.31254036778491,-1.91396314510566,-1.72717873234963,-2.85378962113352,-1.55243234756706,-1.60704909163194,-1.78138988588396,-2.15406953090667,-1.90318324319605,-2.18153673898964,-2.01210238486056,-2.28483124679478,-2.79794765245315,-2.35347352710603,-3.086308457662
12000,5,-2.53591809218561,-2.40572003301157,-2.48316960350882,-2.19377942273816,-3.01585481748244,-2.03267729361662,-2.08559940308457,-2.85106493897149,-1.9711880700345,-1.8917317393758,-1.8064853935169,-2.13033995821743,-2.07506572355595,-2.56263584095156,-1.61617208341981,-2.39345646834865,-2.0577149868456,-2.38596405118858,-1.60236485552636,-2.25728614480543,-2.10947621556769,-2.00607409034991,-2.57306721403355,-2.53628614798921,-2.7536773341839,-2.22745733279278,-2.60417054522165,-1.4269398361794,-2.40198871385169,-1.79762146431975,-2.48348521953175,-1.90671373219324,-2.06364241408586,-1.33435996278245,-2.91873553766863,-1.22171115590158,-2.11001578263923,-2.41973463992787,-2.45246277038955,-1.90195730526301,-2.47165792956368,-1.85014519971774,-1.98479576024573,-1.87719881032604,-2.06770853053824,-2.52966327602973,-2.53395812534729,-2.95329124402218,-2.13921303146632,-2.37761417084161
0,6,-0.0285105295894809,0.15918368830028,-0.358110759733755,-0.113131884898815,-0.0274223936888343,0.0387727726650416,-0.0939703263843651,0.028736762258899,-0.045184243593607,0.302511501091543,0.0937820621545598,0.0328436746840038,-0.000842072552599216,-0.0434649298730184,-0.227731250874718,0.0281428841401988,0.0364003685626184,-0.264451540625075,-0.105056625863303,0.275040899450029,0.0805427356843275,-0.184934885258609,-0.228327343794732,-0.154384558449099,-0.0112655387753163,-0.0240117938291811,-0.246692992644693,-0.305210397490935,-0.112743601227834,-0.162246307798658,-0.0347122604869636,0.169814048889388,-0.0505149134976239,-0.432824365157671,0.25900223764415,0.287480424165473,-0.0460075736857429,-0.0194380540088583,0.0680905509749722,-0.180577834428282,-0.143156299169216,-0.068706958294767,0.509045491995661,-0.124723846915697,-0.334469897302107,-0.375367466457111,-0.123598118457144,0.0559092769861257,0.228665689642719,-0.70622870838738
100,6,0.0227892726852968,-0.164256084705514,0.165782428911805,-0.0174466311742167,0.128487971164489,0.00321958940473388,-0.16432430956074,-0.00399949598383431,0.417094478961389,0.526901342694262,0.391654543024071,-0.0336408577508738,-0.0948662270598375,0.0267899225524367,0.155128270164848,-0.0404482305639229,0.0244920961557953,-0.0662036105716908,0.125177365617885,0.290249697528417,0.0770173278754671,-0.0835515155716025,0.0126031955696011,-0.398214321300196,0.434344401011704,-0.0376692068690864,0.337618341416655,-0.277607647194638,0.0121288397162818,-0.0262133943333974,-0.00321958940473388,0.165865436558061,-0.0132920522359632,-0.334783832285177,0.208526030032333,0.172697719654642,-0.118929920913849,-0.0516337442885999,0.157461681363364,-0.271559208038505,0.098722904139783,0.15712753753091,0.0234646909159018,-0.0232456598252088,-0.187569815808985,-0.36772774626218,-0.258636555686588,-0.128593230827616,0.347738696053548,-0.300055151374497
200,6,0.357978680657634,-0.0674477764181889,-0.0394742212772248,-0.190478845562832,0.280620865537304,0.228324711042941,-0.204693835881501,-0.120767058157021,0.219741686792576,0.395603784849812,0.106234876725429,0.3062898572748,-0.200450630006124,0.351477251292066,0.166040945019818,0.35384256350888,-0.0693030453844501,0.165624482612022,0.365967003658986,0.0141026457956511,0.264141086156751,0.231371734056591,0.0146747498443421,0.579580579622628,0.312463050380637,0.319642269796355,0.117109436943722,0.0141185739679778,-0.0530749624959893,0.0324653474457246,0.140757046364321,-0.330716260329577,-0.0223163223981675,0.0688640105973974,0.187839420868675,-0.0319247389309135,0.375716897969252,0.471892881820433,0.0240412089420467,0.152529026316034,0.289625448058206,0.178647084008386,0.204743529882942,0.26948080404827,0.245757776890242,0.0740432852009738,0.124957777075048,0.356044094644538,0.630279883137561,0.238308136185435
300,6,0.415519728019697,-0.148993022692492,-0.353535203743805,0.0682433986074412,-0.0984108412430695,0.39218410953186,0.213168988276463,0.0932649175289122,0.409707704346289,-0.029572444870961,0.105454247310769,0.31374223234408,0.0147264045007319,0.357144689940204,0.0628358183055892,0.106543542580345,0.242954285916518,0.23118500591517,0.33959076670628,-0.036781077637779,0.0536306765788856,0.4818521019905,-0.0844453714587862,0.600028371505605,0.369598235608542,0.205703515498107,-0.0995585083872146,-0.0750670223723766,-0.116287134784773,-0.0131477574077505,0.147863046269181,-0.20527502232073,0.128291422800363,-0.158222395589442,-0.0503509509247573,0.120750843317203,0.667077385063857,0.141397861698844,0.404939890474044,0.376944873826242,0.176354523041471,0.299840830371671,0.142173479450605,0.0980055654357687,0.284329543931855,0.285810252434873,0.348314620410733,0.142993730962986,0.397417125063194,0.249463983539318
400,6,0.381699335256167,-0.0748304763856424,-0.0906284377658686,0.367778966026486,-0.0934451120260107,0.292603087263858,0.385188674405331,0.29850222575976,0.281773359000501,0.415448830599993,0.0165049533040479,0.00756372913442932,0.152787611012974,0.483732622783177,0.04072395852614,0.268398396491535,-0.00333879181752544,0.346718369673003,0.442179842728138,0.022321812590258,0.414659402840483,0.343823154543287,-0.0961395094840827,0.544860932850934,0.303151407041173,0.194661534572848,0.0765159139621913,0.132235262090368,0.0998862388931244,0.051927249866617,0.293964458350599,0.240599594431317,-0.1703078365912,-0.197581061587831,0.132288772533909,0.450672265106121,0.485686428726323,-0.0420115921986661,0.206073707336959,0.705311172732971,0.124074051743347,0.114514074284767,0.0336588548340043,0.0366041255100022,-0.0190919417770637,0.322662605072943,0.0910244356992037,0.0176477968479929,0.252532820430627,0.14244674002528
500,6,0.535377939845812,-0.193360806076574,-0.115041969728983,0.330639515632292,0.363391601669273,0.658192854884566,0.10649455168103,0.0972589261348393,0.130809563729584,0.424685789768675,0.265239334499798,0.207346856690467,0.0696514313644331,0.255156951940887,0.13205337112554,0.126536508502744,0.148734063205579,0.309535974163027,0.491664770066406,0.304512036644678,0.371426547753001,0.159830739167168,0.0714237984519572,0.18545838708221,0.164059955898605,0.081006307327142,0.163261414237604,-0.0192376679521078,0.216212078887838,0.29801277669248,0.0506053029345481,0.0731547907287819,0.0488640590146913,-0.15432840911227,0.343016912256501,0.628411084804446,0.393323764450901,-0.100078634454756,0.210695201306095,0.357790479553046,0.0792139299693599,0.171431511838457,0.312802587299772,0.0597490108766148,0.388107851443163,0.300531996809696,-0.255791294284171,0.2177162319075,0.143511201586596,0.265781471388075
600,6,0.394108254235738,-0.0882255909258514,-0.111247144956923,0.405706452799563,0.036841082067794,0.566430915996049,-0.130268390028762,-0.191294163781894,0.196314111506496,0.164478766489722,0.095933575709323,0.365300157352112,-0.0985571622847091,0.18840738129694,0.0811550275784392,0.0618417596244216,0.0533522201740191,0.12637232637081,0.322683416020383,0.17663136443993,0.0844575251227625,-0.250256383254261,-0.0467616205780073,-0.138533607425127,0.110815341347478,0.15204998977672,-0.0141600940916776,-0.0749922071439323,0.234229445155768,0.456862827465524,0.280541656329874,0.0105118586203928,0.0247184604613166,0.00901263123049878,0.235493132816443,0.102045359863714,-0.0497816335118911,-0.104197281423957,0.00756636989397891,0.273291515891126,-0.0644743541152764,0.434850575146555,-0.0584238171848414,-0.00158492952411404,0.311987287265256,-0.109416217882791,0.158758770221955,0.0618997925575788,0.192236363307136,0.00323913567548884
700,6,0.212999857927843,-0.0181924806146948,-0.0851806954587377,0.25050901498396,0.0364648963911849,0.356849518444584,-0.0627727657337792,0.0702657539924509,-0.123950629200033,-0.115569751769801,-0.168943539590492,0.182498654484374,0.266797473066009,0.267017410812201,0.0537501791167938,0.0857078028782531,0.159083201581605,0.231147108991143,-0.0223755640700102,-0.040757106144842,0.179960098270087,-0.109423498093163,-0.0238825044215913,-0.054337548877731,-0.0966768862469479,0.0124280060531624,-0.215607129958267,0.0424777948850575,0.152176338272015,0.161663807996228,-0.0964887694387978,0.211898048166179,-0.169914329140836,-0.0168677427627327,-0.167211637262752,-0.00415646122308738,-0.171852073135909,-0.250750102767093,0.235554267195668,-0.0210861209842065,0.171553155490713,0.18565603333208,-0.16068604247543,0.0490205212855658,0.030976001324271,0.281066845119437,0.361128554516468,0.159116667943434,0.370779176221488,0.110223808244564
800,6,0.334761490327625,-0.0857249840524598,0.0288058678930778,-0.252620706186629,-0.0304794066578777,0.158218367346847,0.143144640205651,0.18070578519423,-0.312736646470968,0.00169374827892144,-0.14098567270479,0.177394984862299,0.0688668368990653,0.131326636752975,0.211027506422985,0.0121634815981129,-0.0656791676941377,0.384144674535359,0.477597234967838,0.391198858482037,0.320882339009901,0.0547936965843583,-0.141761936970005,0.206410692800601,0.130071900022264,-0.0322010683374538,-0.1211206636269,-0.0146581646931124,0.244732213274985,0.232513238486406,-0.159290237736807,0.36442970637529,-0.140093820214037,-0.000529393868849093,0.413973706919625,0.190965089199128,0.138439572407042,0.165046083429836,0.13420016284224,0.0321545657197537,0.0590648735958249,-0.227440639215104,-0.222696317639289,0.153220953377055,-0.0802262170269755,0.202265011112522,0.459223385178618,0.0734511467242425,0.399611111421831,0.0428871083253926
900,6,0.345199053286198,0.242909655724434,-0.00792154434663273,-0.027290962808491,0.0246308043521562,0.375637762956526,0.0824723138767122,0.298285810447325,0.101653381444603,0.227319748938298,0.151253433316828,-0.0743334924021668,-0.0153952363349874,0.0798498951282602,0.0316133800466633,0.0760501854723479,0.122466181243235,0.483720093022093,0.0673182759506339,0.509520935835043,0.2880875255018,0.262125031338089,0.115493462691796,0.223642284420869,0.252070739312564,0.0844720804670195,-0.029432335474099,0.229623357036141,0.154359380368855,-0.0148429843970312,0.338110401067034,0.246311093297173,-0.11927550220334,0.0745981727686719,0.441270483075025,0.246228279676479,0.245414539429371,0.125689081180308,0.224474835228861,-0.0159677635350349,-0.0344400586291183,-0.0506340838866614,-0.0481642852908525,0.277828328972308,-0.163166908854062,0.232656507605675,0.427905718730625,0.0011142344508504,0.523901707116443,-0.183946757859029
1000,6,0.633615364614189,0.258514601537607,0.418171298126995,-0.0270676256315522,0.297760143826238,0.455431272610056,0.0796491517457897,0.38479182354058,0.0452535435903096,0.152290220831658,-0.0929280895721201,-0.0578561507231994,0.00895838178793856,0.13677108143832,0.0766816813924134,-0.00592276537221353,0.200777393917355,0.0934544664052681,0.53474661953313,0.354022085942259,0.237124357342133,-0.0075725425790103,0.139862354438934,0.575117566019329,0.262492296778945,0.101615493994267,0.141104366157381,0.297236653658976,0.256626556129639,0.0510861323440093,0.495098748102264,0.0426073690383273,0.325954216323727,0.127287909094332,0.467851855524816,0.112647313215745,0.340674784125677,0.361891403070287,-0.0752253021532796,-0.0209693146911437,0.0495334271064882,-0.00924106384352397,0.059644229730392,0.301880855450191,-0.124520489246997,0.0512490633254363,0.238771416680944,0.264613154218561,0.493916990089399,-0.253748616528087
1100,6,0.484456713280829,0.201868556778885,0.518984647686393,0.0422293237150013,0.184263387151221,0.203214333615607,0.134447606903296,0.430848937459211,0.208467736658582,0.383014911976343,0.158731900952224,-0.144452378725213,-0.00354397725834638,0.380852540745076,0.253821480330885,0.0586399916677834,0.489393799772921,0.333440742036026,0.267290163124117,0.341211040534487,0.0267660774301137,0.0205237487241227,0.0544270524833842,0.238286758030657,0.399170878247978,0.141364108888843,0.165461257617221,0.672150758181916,-0.008127745405758,0.00523009371262229,0.232606942258944,0.273017272507545,0.0816607388311276,0.117452358136928,0.205154585118104,0.395956199305212,0.480309108872427,0.206832280738319,0.177742072216425,0.382660520088496,0.204217444359906,0.109291807125074,-0.0916792373968052,0.46654828461179,0.206667277614921,0.382039436915745,0.578803267149613,-0.0274090089952294,0.500789229914285,0.179339635734891
1200,6,0.0311691382907038,0.451817368023502,0.0824160368930775,0.289148970924477,0.333372178578352,0.632862834500627,0.377683117719524,0.585552659441649,0.483951159008485,0.068886329885245,-0.131884022487916,0.13771308719157,0.0708604999282867,0.394185508704231,0.17062834709975,0.446921323313003,0.216149825427091,0.46063521728179,-0.000403459366121295,0.519012631493487,0.0605353104862189,-0.024334003492342,0.356185221406085,0.276952443189445,0.421457312301738,0.334517539394106,0.455366473823894,0.601983487640316,-0.0742625136469679,-0.201695676246637,0.455463898317221,0.130451704513292,0.0664440940276558,-0.221629082042648,0.286822101679026,0.388162392622783,0.351617704838538,0.382692799517184,0.258017770179424,0.479673224490941,0.515983847314903,0.220605734984386,0.270417307531701,0.372797352819655,0.294158755529856,0.44553388786363,0.307117231361217,0.226872127732001,0.408600354371896,0.258502276133837
1300,6,0.126793376966533,0.516555200688862,0.267059726670106,0.403603000286195,0.231691241064788,0.375847361959764,-0.00655895098396336,0.35256300798933,0.141486265621066,0.376283995630559,0.116505362145365,0.342381382971877,0.00867491744693055,0.222477542826181,0.384709685371424,0.440459460815954,0.0690339708389783,0.272602923463552,0.23757720872536,0.640384313041379,0.26827927114275,0.388552698886932,0.173860906856429,0.680533537350179,0.480499170715108,0.260861418218832,0.301880464627351,0.426359377485454,0.227933392130543,0.40162780689844,0.408793126971066,0.0737801581561849,0.268017110829514,-0.0512298084026734,0.264546851996859,0.345276984021287,0.50290046034863,0.390628405082001,0.517432458190347,0.254082716016117,0.416552826072543,0.30788363357997,0.272002630991648,0.427832591903002,0.0139064201925585,0.267208044471606,0.497148484944591,0.151535788912028,0.283676448912232,0.217023290981052
1400,6,0.311051892411603,0.168841649717448,0.421508526138289,-0.0347467520347963,0.173706840098521,0.18039576240992,0.100380303928237,0.170716705980795,0.0568249899479922,0.507739582530842,0.445672569177418,0.293528849833638,0.169406006777491,0.293495515192159,0.676756371370867,0.232764686568731,0.372553807030314,0.262941665091046,0.476987268239762,0.578048664222172,0.184648851306769,0.375207444631018,0.0767530216277046,0.0977489012543522,0.160728430616205,0.217626963077593,0.305345591221598,0.533274629599902,0.321982891048754,0.443509531607424,0.300829384299996,-0.183494420483157,0.587234816217768,0.0493440754711478,0.502458373840403,0.387698116516275,0.587258465713604,0.677465852016382,0.579956500527038,0.295980624448598,0.312879313573925,0.220335997919821,0.340284249838592,0.371910496118123,0.213408348948588,0.24675556017246,0.454648490124877,0.0844046524468126,0.531887249784925,0.359609408103062
1500,6,0.14450163016132,0.34458296529164,0.459493577658761,0.156944253667376,0.253512256312729,0.264790733920635,0.267654562594894,0.46224374200949,0.38172385211591,0.425177439719025,0.187148299493037,0.461926519343458,0.391007992950196,0.364005189219447,0.703132747178176,0.245198172196232,0.209315813436507,0.293622998882823,0.459819598233607,0.532254446695143,0.0423957575945244,0.182672024160612,0.0447253224925801,0.259154173789872,0.197802983409188,0.244247382317899,0.219283002888557,0.620113305471015,0.260114038711049,0.15111734888168,0.279090630395017,-0.171053914089507,0.388079135477466,0.123088061358847,0.302391225741201,0.223323476446346,0.205523767426422,0.217254912352788,0.450211584849424,0.241737181739107,0.116530185486084,0.418764209925466,0.457567506938601,0.420434889650236,0.231182452884684,0.0236778200667346,0.356960318547519,-0.234041772795751,0.545856737190578,0.447544491894272
1600,6,0.24710731027584,0.27757857438854,0.523513106133427,0.364871251392016,0.736423305527904,0.0718139352256255,0.439983929488769,0.398446068811253,0.74937834582897,0.552991783160629,0.314738192197526,0.241375745982346,0.414184472247472,0.27429005387163,0.482884063033236,0.136691387307055,0.448411858311087,0.2967688627354,0.332000434665249,0.458533312227767,0.535881133656489,0.00737300954628561,0.453107602690802,0.599051285167781,0.442377427477441,0.360079074891513,0.560220209816176,0.239953527338505,0.481069182715309,0.0483306288586542,0.10068574754795,0.098629866939919,0.706578728757968,0.424646883811883,0.334371666828416,0.430848021632711,0.541766608365136,0.553588424642485,0.52195019389122,0.0992386547709714,0.394088480036586,0.35034876251577,0.594978400717562,0.520183134937682,0.624375980021092,0.156515099999427,0.473744158098238,0.207934976964623,0.580743496218022,0.328655738730573
1700,6,0.228744742345012,0.263489375867151,0.691424834930929,0.748241290581779,0.325555507143211,0.380647950266297,0.360124781905265,0.267162616046477,0.33991652009396,0.348889175739961,0.560676605065348,0.491613611484883,0.12198391690604,0.293284513117865,0.267154026109754,0.279954600715281,0.60335147753251,0.612807626987519,0.517870665408163,0.334632097843844,0.564901427282248,0.283959647317194,0.345356024633862,0.544635391571132,0.554648478145961,0.126653220975644,0.775137007290412,0.279740007518943,0.45831725620967,0.203376691646358,0.0289135227395492,0.175259196936363,0.769256282725516,0.376070082882861,0.293370293910289,0.221059065900278,0.436059395996342,0.771835438508769,0.6459404262729,0.558071189580448,0.64329882492616,0.484028716469166,0.558448777271362,0.438620874109605,0.211380057423928,0.280010729926406,0.570159973298954,0.274036836189514,0.554315242591875,0.317756329707373
1800,6,0.277117357684383,0.454256569626828,0.554531093295134,0.395265346421485,0.194381204473382,0.644175156407659,0.275407929729186,0.287962387349651,0.252864095902972,0.254980178529686,0.469056871653414,0.599288638447277,0.564965658038629,0.594942655932504,0.39848505435223,0.540780196807445,0.551810528086679,0.380545717814463,0.264143524765404,0.486891830280888,0.781011702541682,0.385116057379672,0.25056730733056,0.490054989123771,0.528547956219113,0.405223906099199,0.551466937212837,0.355122084483122,0.258553243677221,0.483171883728105,0.556414033898454,-0.016363799938191,0.542027305575057,0.48150845618883,0.561390180304141,0.273799275786475,0.341654217412518,1.01053629222383,0.862878826486676,0.771551962073125,0.393059434028105,0.469668396542359,0.47747786368077,0.365963201936586,0.237887960827341,0.589129239944342,0.821372523697206,0.289224971690666,0.91815179304027,0.645292705250395
1900,6,0.18585067637278,0.432352052218695,0.611496349957274,0.491359748026881,0.324364854325723,0.54359483871665,0.171733119733838,0.585648777922041,0.387874319395454,0.300506896608508,0.194684339363999,0.499259539297087,0.401585079339897,0.792415833958077,0.716812845582173,0.418372732861585,0.095015229509411,0.286096459175019,0.423142367873633,0.340240304277869,0.267740387127462,0.395346800586392,0.486742755825582,0.988679455802468,0.521446128478932,0.608248569476488,0.368026947673426,0.345582214850067,0.545848703928182,0.499387322190033,0.434009697408834,0.249387531768986,0.548509627387904,0.268417767724937,0.626721474036454,0.209301239895238,0.286810055975695,0.998444973432852,0.841929666772428,0.430529308487659,0.382617662295592,0.457235443594808,0.247915901912761,0.105038463901032,0.583418196038406,0.532340235547986,0.594153117689751,0.16751022101201,0.899370808755673,0.706876767790506
2000,6,0.302546893945361,0.2055501237769,0.483667501319344,0.522634153919507,0.0746023154009904,0.648709780941345,0.269998359563057,0.481047093555267,0.202564736094629,0.126508313306511,0.234411365800063,-0.00732551756220851,0.556394802729063,0.519864014448275,0.718927059504832,0.118446027603013,0.494171170840072,0.458375574849062,0.466210155556674,0.00073305078426672,0.409080054262475,0.398207810569774,0.355828680112243,0.540261623478439,0.453091011984618,0.584198303286785,0.154696589989302,0.0427192147589043,0.614564356274744,0.465307913022453,0.220310340827546,0.391606831828436,0.479843798921439,0.175911538537521,0.72295605327491,0.136880311881991,0.416816349650338,0.797022457955069,0.498954582201667,0.323232967832662,0.29136139607778,0.458886030555854,0.239062587422247,0.208744571985061,0.469439990557858,0.995151915310831,0.587126106713967,-0.0204100040048582,0.459394569966189,0.581346945668424
2100,6,0.56267315895419,0.256662039803611,0.361443211542448,0.110615420856902,0.550635832472672,0.206830096460482,0.65645106926176,0.982703260042445,-0.159410600403598,0.375131317698256,0.0889339474767076,0.179984384108361,0.427685990736307,0.364399128485476,0.385818961262462,0.183986168074275,0.537153616726945,0.61603325290566,0.422134680894739,0.669752438509649,0.359921365825561,0.375881382941662,0.410547093490425,0.366389147174658,0.513760329431658,0.772685830439195,0.258866373838691,0.194728431387268,0.984190155013344,0.574482917647285,0.114627925190901,0.52321012385475,0.338720900827267,0.352470005172422,0.681552539726695,0.568483132915855,0.528953208324555,0.498318120958178,0.408105950958089,0.285707136336383,0.323666288208112,0.450260538111894,0.0807542599088567,0.21431539894037,0.365827151570765,0.486550455485082,0.207122130858755,0.341091726188416,0.665076987070512,0.273082468481124
2200,6,0.779051286103334,0.450983375414592,0.494702756230757,0.421778613231624,0.430166269910028,0.181970557172483,0.196555449515747,0.490179912616444,0.439684484817325,0.339584891865346,0.944337370505723,0.38509194315266,0.590353473116195,0.439006834652202,0.446873733014517,0.304233343368325,0.418912653860706,0.300479806344769,0.208100941551748,0.352745990113654,0.600685766157757,0.217913934954614,0.349237291428404,0.406704467098236,0.0127319013157597,0.468825043033525,0.736429427577898,0.273013313560921,0.468934917841484,0.296796988098158,0.221432023362606,0.224848934335112,0.533063977705517,0.206142793521114,0.500416042093817,0.339255142819928,0.327712635368925,0.410845093799023,0.549011636925813,0.00914689474508817,0.596094248473003,0.386030136697265,0.302013477497279,0.612283460758986,0.195385318897953,0.545539542896713,0.260261173410121,0.164589150020235,0.817319966448707,0.351714375673398
2300,6,0.411597345687221,0.517878475959892,0.678737288267656,0.0718778805421886,0.0671268259992409,0.339833509718962,0.365663084352261,0.521962209579978,0.440128595995835,0.732259049612764,0.696324049927573,0.368223115556583,0.598930093347259,0.373983363083001,0.372525747805147,0.238000436542736,0.611753256161419,0.574079358757322,0.576141408362085,0.15888485195778,0.400898216780123,0.15386550985943,0.328145851853225,0.663204837017364,0.510893827047179,0.593514253013238,0.316945759955964,0.406473665174191,0.406013808838119,0.392706109678735,0.605733950026315,0.444976636198336,0.540384472900712,-0.0516226897003955,0.148212386958184,0.354554582538675,0.283111732864603,0.582668256421139,0.432572152119753,0.583945106411545,0.791014693024543,0.438812739741905,0.60863347355778,0.624726740989507,0.36851450156035,0.65952730755372,0.701872966460901,0.416106324423787,0.797389691672921,0.327180181022494
2400,6,0.649931979688963,0.28995185042391,0.466455362105025,0.427060070980865,0.267389026004546,0.465719452202798,0.496111967498748,0.391859047883438,0.678814670594911,0.749111909573272,0.53787819482283,0.509523593799482,0.325395478124897,0.55451996660792,0.522286719242659,0.594461571226622,0.840262711721899,0.456013955759444,0.274628318622337,0.226425204252626,0.410088569017344,0.209447949034238,0.0886864888713363,0.813428784991474,0.502009686716217,0.614575035746962,0.329200989726415,0.494630897606876,0.358886553602591,0.689970824501325,-0.0211264125145068,0.608470748702152,0.593545356308774,0.087368150432833,0.687980737793207,0.623607126443754,0.015142243026286,0.207912241379233,0.337543414384384,0.442007920954948,0.665579744796849,0.470096331545513,0.442766081348934,0.42219149518811,0.763294457371308,0.413692017809657,0.440514900197784,0.364040554709713,0.442724804134093,0.103778276643154
2500,6,0.679482785105658,0.29409548460738,0.403666711521427,0.295514857802313,0.718137322215294,-0.00981101996156786,0.595732333090357,0.398407870884515,0.953718007998682,0.536287249238402,0.766864984962475,0.840485961482316,0.566818511321167,0.671099965519124,0.523622064730614,0.667220677989072,0.614387651503574,0.562510380824441,0.474885239508655,0.412790068057761,0.731686377456211,0.760141651168042,0.284760339746344,0.462781859061575,0.438418554236126,0.631239082583858,0.86111939559085,0.464506117337711,0.0823061896112769,0.434189422520157,0.438308607140571,0.472400715781084,0.431450588366645,0.106684085696426,0.0910240734230342,0.501210223953685,0.294421594649589,0.328069277907008,0.53983018879505,0.535748083611865,0.795976419451416,0.522378420128088,0.690289084694556,0.43414326853016,0.531500135773847,0.625924974390405,0.328604019916,0.334148174446667,0.337842750275152,0.250571319014225
2600,6,0.290083942124704,0.662268064406147,0.844779813320056,0.249192387286664,0.476392936874447,0.388281285705495,0.415285156294675,0.154536606843112,1.05109246960089,0.736832598791297,0.589745312516274,0.897255325622749,0.572160170593468,0.384566040823705,0.578976227072659,0.399141673359948,0.455145596172032,0.735953841380364,0.609460092704218,0.33859425191887,0.615895170487963,0.663453511112531,0.505926662970231,0.720723679401965,0.703986916328601,0.584200756019378,0.623288136353713,0.649300916807455,0.599000426372094,0.570866743925732,0.807760590848472,0.309118014831851,0.679920871904961,0.607016260874015,0.389120862522045,0.0973195847974477,0.459399943584768,0.560091672491294,0.696493111888304,0.907237748994047,0.728231158616783,0.319937462991547,0.53936628717018,0.560532347392337,0.502412376987343,0.609430221620964,0.691864691579973,0.658271500827268,0.395996066197945,0.395753118875033
2700,6,0.351156836646187,0.351488706147754,0.862760149890394,0.0889755077508138,0.325252668854871,0.503663704228507,0.136684618859402,0.0636875058565162,0.921502470615437,0.587563435645187,0.250573804705062,0.738101705910445,0.442709963090856,0.354993185156139,0.675176221174266,0.39302983568938,0.456861211294453,0.591493018353486,0.621549318417382,0.643251297835018,0.795063064094083,0.381875352124553,0.577920345025627,0.79635708731998,0.527630323329999,0.666699840608066,0.331922555423083,0.666000991985662,0.616602364367103,0.852388967977682,0.813615914795827,0.40438311257557,1.08550104637125,0.418761687935181,0.577402705727229,-0.0992399012033703,0.523338009064889,0.580310030641123,0.722611222425541,0.961089873397504,0.364988523540912,0.250757548115887,0.600639346748361,0.362858025737277,0.232901820337781,0.598007184321428,0.616929520295935,0.878130136490057,0.340240060831916,0.861678187505579
2800,6,0.279503473548346,0.188947215481296,0.802775758733857,0.228921867569062,0.196052069768165,0.369533731945578,0.569582716296757,0.191564894165701,0.717070401632021,0.79313521978977,0.11294547870265,0.553717387860207,0.209978390552797,0.285699960227819,0.584673288343551,0.391521310400067,0.412940178249661,0.547773139368736,0.737439829795741,0.596932349822886,0.421830068199542,0.369366757879268,0.440566556232705,0.555686803828336,0.45132509461376,0.360766483398902,0.294073861128485,0.475116455538261,0.655637028337814,0.46396089541096,0.743391063302633,0.728008329600873,0.528832086038431,0.563827003875792,0.456601190537294,0.146813993677101,0.641008927079012,0.435749630349875,0.534169223493198,0.866673940575719,0.548609331502593,0.716399659301945,0.36203414891932,0.397466663316973,0.522858749329015,0.221662667278793,0.745356558736782,0.680228612971241,0.222659296146151,0.546607328447687
2900,6,0.260247108698213,0.569564681144214,0.645080401082564,0.228756472442297,0.390245633671246,0.546354304533889,0.544205812247806,0.419173055901145,0.688938749318547,0.91374006052909,0.269229683919266,0.212711102649149,0.527378657501248,0.39912185039445,0.614508883823579,0.379152304925572,0.565141641765103,0.411831993891458,0.471184975401915,0.585651768512454,0.742112009296901,0.519579570495962,0.587128813658131,0.430419782953266,0.286916596232147,0.247329588060492,0.516240550359737,0.370139040538637,0.420453864678008,0.472813131603785,0.464035377200716,0.867926433744749,0.442115629216161,0.652271405409913,0.574963577798988,0.548883867349514,0.807419165393963,0.730894865034401,0.618741395387647,0.433094501367192,0.431024704557507,0.720951112513148,0.321409931984617,0.455922636035895,0.456580448659272,0.109206947889636,0.736974427177546,0.53172186026648,0.381631881186146,0.535045490918298
3000,6,0.59022131111254,0.541288195658648,0.691150056041619,0.772558765248596,0.646666464573772,0.436936935181069,0.412630202422836,0.68876441183628,0.637360182089312,0.649047511185579,0.336944063584431,0.358522629430536,0.637256957843826,0.177630777925891,0.663600953049968,0.529865491079391,0.406585332307962,0.465151424252397,0.610650155004154,0.476470918257509,0.823494562892703,0.461019037325755,0.410015686698851,0.690405227790279,0.4816358158616,0.615702789265344,0.634667898916381,0.6273094137486,0.346945748796614,0.321497244364279,0.390321485537308,0.547320604625886,0.518214370191441,0.847575048178719,0.60425492377243,0.64769331451136,0.613623474632509,0.702751196779214,0.912641911416783,0.50123824050527,0.452498163115445,0.731007705469573,0.473639310677983,0.629042834415172,0.215781247975856,0.335960221898496,0.464577308031988,0.318260616662107,0.618032634587439,0.244661094486202
3100,6,0.644992473850766,0.509721153933613,0.533416362790424,0.895471154496256,0.532441143979812,0.374342530473447,0.529998642005072,0.521780157453387,0.492531917628463,0.631985994085462,0.243663831097249,0.567077580478881,0.364946914144005,0.514459415079163,0.716794406488805,0.729781496646267,0.466375055558726,0.416866350270946,0.456760606036124,0.558575771844329,0.703313494202839,0.324089760129226,0.405131804719515,0.786387860563088,0.22811102154613,0.684445847696907,0.553345839861854,0.618323022483974,0.432977645314529,0.368339748688796,0.513460444618778,0.440026610685768,0.447099004161359,0.413506480500546,0.5216235610692,0.769178580012165,0.297788358952609,0.545902095973284,0.720945078196346,0.115584121119278,0.324174932383085,0.380666405316862,0.291108955359626,0.648434250614924,0.348676582522663,0.164905396004466,0.497949482394234,0.403189253247095,0.657498717896356,0.685663721998765
3200,6,0.416696462092754,0.425602886121095,0.464611836743012,0.802161765394596,0.365604719129824,0.573096255900649,0.375463593138989,0.387568022507243,0.731543955691413,0.562255657039541,0.484435034171369,0.653748215581169,0.47691247740545,0.512500915228982,0.727995290878349,0.554836099680805,0.423068151456829,0.408741511609742,0.786252641672373,0.728551156295018,0.729546974576632,0.374668037947348,0.303283432361021,0.700395609550954,0.164968345807657,0.794419533095471,0.512702227981007,0.819673607644453,0.605340030246542,0.638096021739069,0.666195625135326,0.500932715218711,0.577412239970261,0.529111375190021,0.585041010531608,0.734628056613225,0.434564073142244,0.62880596082024,0.825954277026137,0.443651965569586,0.370070463547212,0.522569055995414,0.315897983625044,0.659706555850283,0.523208051225604,0.568596433458682,0.538730631740995,0.317861886628293,0.872711974550467,0.552475207653105
3300,6,0.328361734426703,0.155069288543803,0.807982718314616,0.581999173568628,0.52340667573522,0.624379529682168,0.379614542821292,0.499384121997822,0.639397107927331,0.644272623588425,0.335431217557073,0.274433710098864,0.385987240888324,0.636281012280727,0.518318956634728,0.576613602095593,0.398354040103917,0.41217753837734,0.439003005584858,0.69947630110895,0.752612032141141,0.605386045728069,0.406100470178097,0.527372559231893,0.459384030173647,0.504091128164183,0.466344631555155,0.78180254834584,0.679511367586756,0.981866589868307,0.801735559927924,0.184351511352069,0.484749604338589,0.343349407197418,0.717135972100817,0.55584009984008,0.713435658579334,0.8450742165924,0.388247380355858,0.420238067011252,0.466172906423007,0.686072779483627,0.477100766164835,0.466201283322626,0.356180646052373,0.583393659282013,0.689137424284679,0.637739075845515,0.390319349140942,0.322672325986864
3400,6,0.529410843002997,0.269312208476446,0.208313845692661,0.290478987915468,0.420617262133076,0.433654648909052,0.447596483582017,0.376099145516056,0.563511030716772,0.4771318697959,0.44743193180275,0.334229927490881,0.0107060659709047,0.528873551396787,0.531695501164461,0.773651042726458,0.416372886626052,0.307078868137536,0.347889681744019,0.622074442286944,0.155104464317536,0.45669082792101,0.251351392123912,0.440655338900737,0.0900302659133804,0.354741786394344,0.670055027641133,0.341411071815637,0.343825650824063,0.938148070001894,0.718285271144306,0.247814961257596,0.455651361691729,0.303534921340785,0.791293207903823,0.358456783822031,0.312307585758295,0.369608722502081,0.531374518117932,0.405493522191794,0.604959776194012,0.472209216670317,0.418702471751195,-0.0757676543778497,0.500043355104296,0.368406567692605,0.436042216363684,0.537241421039165,0.360404687820794,0.211752122050916
3500,6,0.479882613340164,0.284480021980043,0.424107952097637,0.236374478880585,0.472825195857279,0.511774871581824,0.472652874193358,0.436966310036881,0.673133099773763,0.480674617507996,0.724748739388929,0.576244982655027,0.212447438265149,0.857952461710468,0.590364844696714,0.394525680967484,0.811770031251152,0.692545560878487,0.582463075479702,0.47068876451216,0.45708271752812,0.214059840984482,0.588690835294347,0.408963660390703,0.294629584150551,0.336760744287221,0.308325876284394,0.143202970131062,0.441087726722709,0.385820813393476,0.580920823465667,0.153915288695586,0.79560746488385,0.473109743311933,0.477461710034284,0.390244823765725,0.620980235062728,0.416643777665061,0.0878261988556302,0.357177178782754,0.495916788379,0.458121994957438,0.266085806022432,0.293159767387,0.79672108330284,0.499730695256344,0.619297341764804,0.131681870168502,0.502384582057168,0.6378288195983
3600,6,0.639477850248312,0.347351220157151,0.639241420899051,0.326689226790439,0.60251041581678,0.587939958109371,0.50345562353262,0.337678501984271,0.792074419305249,0.795658972989438,0.836808249195079,0.596261392683035,0.78713720858014,0.697636797099775,0.283560687605448,0.570522500246456,0.724738560164205,0.596854315955076,0.467505415352048,0.44359078422317,0.260411451722638,0.583393794842458,0.621458045906873,0.092968114076319,0.438368399479665,0.630008780434592,0.259147556938166,0.103370210719937,0.267356663107071,0.539324425885292,0.886280044869735,0.399746783126856,0.520690463920872,0.49685758489098,0.542900244438982,0.279696548098364,0.766008853058604,0.539511340819926,0.430670654949008,0.316261440775622,0.469406189621384,0.495496783977065,0.512479827046379,0.496259650335084,0.556563632413041,0.517161935042005,0.410993944779007,0.327185103928182,0.643066073135906,0.812639673510426
3700,6,0.415414370064753,0.750557052701124,1.14450069235883,0.148998591409726,0.688792863917129,0.787106744587199,0.574279246275868,0.370193387387029,0.807868320073591,0.603484681567611,0.322874321377215,0.594108121481653,0.640814618778551,0.712434454193026,0.634443055129759,0.471762373181702,0.909897824646772,0.671704543171981,0.621514291044859,0.620880572832142,0.9036215609489,0.497778234963545,0.825529197129009,0.608890167684066,0.530809745990608,0.499335692371281,0.505467516113322,0.319862073298417,0.526841207059781,0.544862210449435,0.841970265239426,0.347767485361792,0.592225314702418,-0.0173666603500865,0.386047901218719,0.304794079547881,0.779424441396381,0.563333925142094,0.50494546123181,0.568115190948282,0.384015517869072,0.768936838173856,0.435688295070837,0.27966528376412,0.370158497420666,0.680677030260596,0.0837421817003097,0.483657041063362,0.367697462608236,0.488013861597278
3800,6,0.783403400867067,0.966626911412091,0.970824839879516,0.0989859270945847,0.77973621171248,0.952111851137274,0.541808324275561,0.397634765576503,0.901418382329126,0.541998762273303,0.278480618921585,0.597807876762685,0.730568702817266,0.377854116313501,0.87180260219286,0.70991387838313,0.518893330919902,0.627665167910936,0.497978572031393,0.868817763091035,0.564313198442542,0.308493428139088,0.822726488917438,0.587516014011854,0.571081802354134,0.352172499133106,0.568534667633058,0.516828567832421,0.695099716014272,0.832075710930035,0.703828140128322,0.782657599035562,0.614204975113901,0.0694723342674354,0.3947553058701,0.386585732673101,0.848394059605899,0.590709945864098,0.330714334227416,0.802797975805811,0.434132660767754,0.774709955868691,0.526834181971144,0.401791809024156,0.469876477641137,0.537137199244507,0.432426804004285,0.300298489499698,0.510119164191621,0.533405671942444
3900,6,0.589645427463108,0.596853216221206,0.668306750942359,0.551024061288167,0.809038440644817,0.501724891049994,0.422665197951188,0.394270068927389,0.522939660255477,0.757667626623393,0.560674489330258,0.441341292331222,0.299587387062252,0.365067668746894,0.597487192881557,0.663044594870559,0.539384148558739,0.866711342205594,0.541277013028956,0.692091123828352,0.307827356531787,0.829341522420429,0.235750926371403,0.847654179547671,0.272612848280828,0.262541422015486,0.441496711459922,0.588454886332487,0.220745700792791,0.646762488186124,0.398188465930991,0.721174128783171,0.618343248581715,0.170092393976389,0.424774632790651,0.416327423736967,0.55195608536563,0.841307991136532,0.425981847800841,0.661129888275117,0.398199907112921,0.648765553441017,0.217378070185153,0.504131897976869,0.486637727989332,0.512177219976001,0.772797150111952,0.710102189003199,0.586093183408676,0.762032252979031
4000,6,0.7449483863056,0.480236743280213,0.885398991274363,0.353230924800711,0.596453811727255,0.357653873295702,0.63614679090687,0.586298855060094,0.433646553774876,0.651078385631784,0.405422211142453,0.500887665424869,0.185004800733963,0.75086143875726,0.360947239249999,0.580491065426647,0.267205679640582,0.772227205142783,0.765255685350281,0.795068429045698,0.657283466940569,0.66023488877528,0.518779790732214,0.910347069725519,0.371148848844313,0.420100827792417,0.583094476100827,0.680578233135394,0.213953388940486,0.843037520456936,0.7935260752032,0.608094815598027,0.797933886123958,0.0876882132665158,0.546872084780982,0.300964184533608,0.58791084298106,0.620717470782228,0.510304003486347,0.469432676357532,0.479021219526267,0.510327955090906,0.288435291510915,0.524149094725252,0.219157996619124,0.647722543260648,0.565395095931642,0.915684922381183,0.556120852057167,0.508413723062639
4100,6,0.812687954784403,0.468862684357383,0.85708728931081,0.422275079270924,0.642058193183408,0.372706820031902,0.871411559830659,0.790818370725694,0.648270354301734,0.762369254577103,0.375439512518648,0.35839095363044,0.632488738170232,0.465280588691443,0.560600965755168,0.502967636365688,0.538117743276574,0.771967998324261,1.0232603184031,0.751024702499556,0.630444909459503,0.565275736267809,0.700428840654906,0.952133969911054,0.770138113089074,0.336590352643108,0.568490324176292,1.02219823780581,0.557642123119146,0.593205771418743,0.653402801022507,0.703557126379741,1.01292177442416,0.042718033420276,0.809169392870499,0.0638095487199952,0.999759937094681,0.364967331713032,0.861351368341281,0.675689063964331,0.510022768658571,0.296144341513534,0.613237412313553,0.786137992813797,0.465398398197718,0.539509788109156,0.639040163028299,1.0151174245914,0.513609756698907,0.629627531364835
4200,6,0.653476183710978,0.179808870463248,0.512239340387583,0.4557330157045,0.67195689777997,0.637861987435623,0.370770853361472,0.585620178441684,0.509076046063673,1.14042884077938,0.743222187386019,0.412450062230381,0.515873067700212,0.279247771846108,0.450362959173759,0.489381685453516,0.740368782606343,0.671793843307702,0.891333649394237,0.371740449575348,0.499058804251621,0.661319723124892,0.581147551989072,1.06526661136608,0.413943993502563,0.451543541046757,0.072052645650638,0.819718171085891,0.772097938679057,0.861575048914379,0.635769390055487,0.697611837098448,0.84754434878949,0.377818607772825,1.15103406605733,0.561995504673389,0.865390717332818,0.743396626222257,0.665594325958876,0.574537811271486,0.424795679273649,0.544323283816992,0.531441078763866,0.880960111884373,1.10124626310234,0.0882507497186265,0.273969019467718,0.863009622152646,0.393166821696001,0.712458735858031
4300,6,1.04136421111804,0.5036798988596,0.75587192273861,0.593802088026668,0.670039726326342,0.60943250000484,0.218168659212655,0.48590144146956,0.888906119069436,0.797514362325905,0.323900568214815,0.554786415338163,0.464855849831843,0.602188547606115,0.374286526881224,1.29619937209905,0.801280782387341,0.840223186363801,0.739455013836248,0.936132983966256,0.37874994858286,0.666200512098374,0.79196374162783,0.967644859175735,0.745266151780553,0.896191317999676,0.100112263519035,0.591128427249875,0.51394729520347,0.966760008658972,0.64213406506025,0.682431824871008,0.510095630171251,0.375245558828749,0.951014464558656,0.248047483292327,1.14451386963109,1.17703591262624,0.71567442773625,0.361941939062924,0.947776712880238,0.607213917257558,0.974244607532475,0.330764597215198,0.904939565198066,0.548483202210405,0.513443266366718,0.510716789372278,0.744500884926753,0.706429476273608
4400,6,0.889133052838984,0.597782525491461,0.880107610194498,0.366221250199593,0.650697289502833,0.455165634847388,0.365440810743664,0.698956952033757,0.766065803678273,0.757821627765762,0.374528422177338,0.71907742974799,0.554493818142856,0.620557438964225,0.341201669627453,1.06980218534553,0.663323869092084,0.660036325551633,0.465552937948515,0.987161921864833,0.717024403488002,0.799459775454875,0.71568703146857,0.657223137261448,0.677813714395624,0.655461245635429,0.0928253975241159,0.695217778846317,0.470718181523293,0.902600908091382,0.503172496770371,0.727665533602034,0.790427362787913,0.446906891395989,0.539489430455577,0.226903731302213,1.0766305013512,0.847702429797827,0.221859953982878,0.415317901819723,0.748389984768134,0.536919149937518,0.878005929920044,0.130724632611608,0.764058193795727,0.614670030923298,0.445496243253574,0.653088116551144,0.74669468368513,0.36967071220791
4500,6,0.790010838836379,0.244172036392473,1.02832219378703,0.290156846272862,0.554866899216274,0.920028611850926,0.298561864969758,0.573675840066036,0.611804546995638,0.678035160412769,0.648372537003461,0.554191093486916,0.576827648744923,0.477176823478288,0.593645685892726,0.63882959731235,0.703278643509023,0.866385149932805,0.702271523692414,0.884346198486137,0.668046072417166,0.937403086729982,0.591095889180772,0.761212368978146,0.613244528317892,0.922047887002114,0.28517108705317,0.58683756056114,0.823821658624575,0.53861952861636,0.578546823507842,0.818285079227709,0.964504353307654,0.50154852376388,0.813359239840423,0.617308164154332,1.01614149850642,0.656102965315875,0.526708097334911,0.498566316465064,0.756738913479456,0.85670667333388,0.784935131554284,0.343641095530522,0.781792222957354,0.641960078067831,0.633501478297176,0.625028811536522,0.814903086805771,0.031610214411337
4600,6,0.789024387966562,0.654380335547969,0.880391162273309,0.521828577270883,0.401270450261389,0.692806372813016,0.569803534003918,0.875124370871926,0.842148305162542,0.641841442445424,0.542830482790595,0.615350675363122,0.906770402414733,0.379310396494768,0.782702434686614,0.464609841987736,0.707298821938191,0.840973815230517,0.64525207850192,0.681707959934458,0.824621675757475,0.730828957666352,0.743976575966562,0.790662511593268,0.644416491731389,0.958014029288401,0.232140433143537,0.266814349138031,0.928501664735141,0.576936513957746,0.624324210851117,0.736051633678563,0.842405447452831,0.442420421302455,1.0455361176712,1.15992325388028,0.65851686911901,0.810191795704069,0.548878758406567,0.627237890563073,0.721492120934157,0.880566766453251,0.802699483538063,0.611329215269017,0.784502465134555,0.722337160382624,0.533436932553647,0.540987410657213,0.983817071748284,0.168426226757869
4700,6,0.661588060701087,0.806670986036835,0.992485491972345,0.615548884626652,0.803783244322129,0.655194384663506,0.793817690874219,1.03405728082356,0.788645174069453,0.801365057406977,0.709497617968586,0.859931987682643,0.689208299102103,0.74434398452181,0.777375470650193,0.776298376986973,0.6847883038047,0.982802438838871,0.400617378131237,0.708570745905295,0.86671843426176,0.540301505918043,0.75902828472195,0.543104782893503,0.587228459785965,0.847690319201323,0.380662881086978,0.500947558745563,0.706620645812787,0.371609439617124,0.715714866725153,0.730979684484547,0.692077403457944,0.525560770180548,0.7950566418366,1.07805250661776,0.638075691615916,0.732235700067316,0.82618712378036,0.649731283350862,0.846393651716374,1.00552951208162,0.666199972502042,0.658556494604009,0.665159343063042,0.84812372139531,0.856665905967378,0.333879402884698,0.991116562029103,0.598221955134313
4800,6,0.793002103542378,0.77499234329091,0.925386081159879,0.809844558560383,1.00775707406784,0.798847488963268,0.741847159170642,0.928136672045801,0.867155948711417,0.79417570660768,0.836213149702949,1.00664551532251,0.658503141029446,0.65683040455542,1.04920210922299,0.762085642977098,1.27000265728499,0.834699216669174,0.670135126572043,0.767039713585811,1.05651498840294,0.695587880393256,0.874105088768011,0.605188549981796,0.629527603844437,0.830471544593199,0.59833913705287,0.732259046432367,0.575691262224503,0.589988668821167,0.956742682763454,0.600135248509248,0.835918467234722,0.862426873509035,0.554385923464835,0.798218039010164,0.517640882711654,0.771535012213692,0.981247457321427,0.683088451817334,0.660753248428215,0.797130759799115,0.731905121941089,0.780917962749949,0.893011064534347,1.05956775874326,0.767293129713882,0.472454811988055,0.751370414145876,0.761969690336966
4900,6,0.751660341051511,0.84208146698105,1.12525548217478,0.702251813810322,0.973834008250986,0.751733144833528,0.810260124952985,1.0062869118969,0.778872885464724,0.838138409975041,1.03044769708846,0.74059627677301,0.773112004626408,0.708553971508384,1.32712552805967,0.790283554034801,1.38248078989996,0.68766312479353,0.927080816216748,0.511533518638188,0.986094329052849,0.834843931604681,1.12487958460325,1.17285268375622,1.07410742612776,0.899423816276927,0.890766839652643,0.998537622572152,0.80448772894933,0.793165049771427,0.782107680551132,0.783367125726051,1.1660900579473,0.671454056598624,0.557444964241203,0.752675915502556,0.872299424877459,0.66714211823503,0.56666201987706,0.69312432012619,0.699166654623433,0.753358837436899,0.861987644674732,0.890149006249231,0.859198345505852,0.973408049639676,0.7183394340052,0.626171815680433,0.923551025377173,0.740743944322473
5000,6,0.8313354033514,0.732549523298028,0.952534210055335,0.522364083772913,0.523427320850999,0.984645958502247,0.705420165717364,0.81011232789067,0.666043312481714,0.992325262786963,0.897642338800917,1.17369455666631,0.859483173848521,0.674600103958163,1.06066905837608,0.676802789379334,0.908128616046738,0.861621603549347,0.754257096879901,0.773075651409069,0.635361378960742,0.54057611208802,0.76412359767272,1.10799311082876,0.766665108040061,0.765476848353971,0.823683417628696,0.872719909161157,0.975620641838332,0.388726219229747,1.03242382064087,0.370032579704726,1.0306985525576,0.41667569027362,0.612833346929278,0.471849774294932,0.801823919717541,0.551137320108737,0.779469089130598,0.572356582664725,0.810562936568762,0.462216249202374,0.917198647237762,0.790500492802546,0.816086219829298,0.635765587022553,0.697953009440599,0.912999594074881,0.806450807331145,0.840806705731706
5100,6,0.821000537996647,0.675437124701572,0.508937065327018,0.47683508213295,0.458155641059196,0.68484168240632,0.877594683374886,0.684562790932056,0.894847693022838,1.2076813682299,0.965738624905016,1.160075440745,0.927048499950378,0.780087977316044,0.862302463089518,0.45086302667279,0.638513890437948,0.586474846272864,1.21193662964294,0.497909236460895,0.943816765099912,0.611675049838066,0.750587086965524,1.15288727879711,0.671934800225604,0.683194999450224,0.416878697296451,1.05993630410623,0.906044070857687,0.645472140878779,0.71015186785069,0.452415580203319,0.764694519780465,0.714546157532593,0.87243728716224,1.06829078810028,0.608942672014143,0.622245351709508,0.616080449161014,0.825363488018502,0.553908400834437,0.605905152075259,1.08507452561725,0.684810853286741,0.752115632735626,0.716095493428065,0.894188808799642,0.923469784415351,0.54434330365218,0.717536307889682
5200,6,0.599919047270719,0.432102419194872,0.674783134380372,0.449911050709726,0.805426638349848,0.926239273119481,0.66119436014259,0.862243075592572,0.609849360216228,1.16812485551349,0.91340297864464,0.78072553682629,0.553608657943711,0.799055777121594,0.955627163572016,0.628676262954158,0.531149295178378,0.490393717155734,1.20589742892987,0.559286175006546,0.846165727228988,0.488086126279178,0.569694586156585,0.764972859759554,1.01474400056938,0.731855861898113,0.609473545943039,1.10700982294521,0.805293120558285,0.569577731502991,0.962522547550016,0.508647186178575,0.925347381178328,0.829116896962609,0.702751144228713,0.854518866569917,0.483092668879305,0.81627336986485,0.534168802132539,0.784122184977704,0.591149095630265,0.539591252746289,0.868486477877462,0.892201227610129,0.554540146819585,0.490852650090223,0.719214404924028,1.04839261699233,0.798658987501327,0.736828951844064
5300,6,0.528692138446313,0.588940207529956,0.50427742566092,0.479474212926989,0.631340348935372,0.980942814834945,0.650361308609647,0.669617998018929,0.867973239320379,1.27283465484373,0.466771129454083,0.663116330816781,0.7343292737242,0.776185465242415,0.904172993162918,0.512427060810316,0.463193939332612,0.546369970628614,0.869996334896395,0.477051765884303,1.02396160032336,0.435708364426119,0.748963565771539,0.79187650419805,0.86334158533088,0.999335144091647,0.543678882419249,0.974539882260804,0.572572924768969,0.750496408102197,0.849848398325016,0.594144077324531,0.879979722141202,0.334758275894531,0.491148573981539,0.999937175737129,0.752234429656591,0.694298814945574,0.489860213631056,0.978552531538749,0.784094230710815,0.530194417872286,0.658792529572421,0.752298537070699,0.874144418177819,0.652738775293524,0.7991854034328,0.731284717526295,0.815294396686986,0.448281327569412
5400,6,0.665174399756301,0.499616908450799,0.616606273997261,0.704611000090374,0.33779026974156,0.999306629073152,0.915340111637605,0.574817976448102,0.603279904729215,1.04455423025871,0.550118165035539,0.779661143099628,0.66266222016927,0.698827511378699,0.584345388040853,0.445114737433499,0.555999947984812,0.583073855091074,1.09132601050912,0.235028133171514,0.597674147739812,0.348587425420467,0.623429409113396,0.876502313548617,0.799516554666942,0.820192744730513,0.497165146593043,0.620356923835043,0.785542454303655,0.679538779595416,0.66383432788168,0.638781986446381,0.705667915530484,0.393473825070701,0.344983313977697,0.595390304450963,0.628329753181501,0.500316429257272,0.531180895562665,0.852385340361338,0.652803332962039,0.641174777929875,0.704339397904173,0.608018667418948,1.02723533965025,0.43871976020643,0.79161111836503,0.569884756689485,0.796776038167231,0.655728034680642
5500,6,0.998322572536736,0.658597021164341,0.746073341905724,0.797602597438502,0.428702663053922,0.760350160186052,0.773287668966774,0.786855021471965,0.510093598836609,0.679720322839324,0.61137853691418,0.515663313430019,0.592720535112393,0.519165194524359,0.730274230869829,0.62838792333743,0.459029712841514,0.524870220755119,0.521515838273751,0.355127931564432,0.797365801318368,0.549552889020659,0.338582442542254,0.664338409893316,0.450294529740085,0.436682668362959,0.493319996446653,1.07945583167312,0.832526996762846,0.404494273047479,0.612720312244825,0.675585870752217,0.952609010602591,0.538800730161479,0.346309468575125,1.11532793835471,0.624016355147717,0.421146645955232,0.558316761923385,0.993627155156807,0.503606283300181,0.432466913373013,0.546700410582851,0.839420184614485,0.598215052921419,0.602089073773769,0.865774471463669,0.569644702251371,0.769762735938716,0.865291555826201
5600,6,0.840094999977615,0.642834178004005,0.745018386923096,0.600624164365911,0.952102106611686,0.950524551744987,0.74674544399656,0.651859868263958,0.513979572914439,0.448101096761011,0.695142353655005,0.722856022322012,0.689749513918351,0.779111709967266,1.19821765609863,0.637869242237636,0.713174908582865,0.496691187716397,0.649577907824303,0.31661320563404,0.404983303182271,0.429945497344656,0.468765341292021,1.08771008054137,0.548601139591977,0.742417854057157,0.291777855381151,0.573626808849142,0.650640758417754,1.06660991395431,0.896259194934021,0.702973493385553,0.601203430684444,0.694636025901957,0.584936356285463,1.40722516985796,0.845432813691993,0.570280426539185,0.460803539030749,1.23469404196693,0.447298368562549,0.749241493372453,0.61026579916228,0.905987935387725,0.789442971463426,0.368385971027255,0.753629632433756,0.771421956994614,0.993018653300681,0.537154132872745
5700,6,0.926682006124719,0.787692231528284,1.06354127215631,0.66346082580817,0.668403142295952,1.03509270657232,0.673181894472205,0.808901370561971,0.592044876652677,0.553408696886917,0.699326617256781,0.670377781008273,0.776444778663262,0.718200704842504,0.922730651550224,0.907034837367434,0.817819502175803,0.811488121528439,0.737454586843327,0.482721537758622,0.556903395079176,0.861566512701677,0.895829895170675,0.912690802149072,0.603403297361707,1.14650932510579,0.729636666919164,0.500642132484789,0.692792504873297,0.92579152359253,0.644133831896097,0.565616305262359,0.47347108215426,1.07249828527566,0.276802446829977,1.19852740840602,0.809021936636526,0.645304893134904,0.206098016453224,0.90327667438208,0.911078957814936,0.546833203293059,0.516000218866912,0.73302787946552,0.884111701011361,0.582578688535417,0.749845751188817,0.433612123381221,0.841214527315852,0.755569484529996
5800,6,0.730183201212324,0.766316271586553,1.12736630867839,0.621160425845735,0.987267594331882,0.66870908180747,0.815527764505173,0.926316965667785,0.633257841895391,0.849025491408039,0.744930695695923,0.961719344356688,0.869342026106363,0.564466031120245,0.670458401551728,1.03348579097865,0.701031700240891,0.941801651085973,0.642834532440115,0.478982223900508,0.673697013150721,0.842182810628743,0.664979717292334,0.991086203873265,0.735089104017131,0.870362356165552,0.987893962904215,1.10007048471443,0.824281275676504,1.04731925916312,0.711434582577573,0.63017036345758,0.844543470574707,0.833539081942858,0.565151244188727,1.13383137704536,0.500234330794997,0.68526457403228,0.403700971990642,0.617355785395377,0.845890380098467,0.713937025972017,0.850316606269133,0.757505210865793,0.767552477103874,0.599271536080979,1.05230724061642,0.612190839159896,0.768700629753226,0.855748346282477
5900,6,0.978885318788809,0.847083834962679,0.778542414691355,0.626239707337599,0.916427673353654,0.629778863085333,0.927082209118099,0.724142695233283,0.844092596896228,0.785425973231965,0.828766038487294,0.879061606297524,0.69042347655384,0.142929302031965,0.441129986397454,1.23215586331267,0.631205815643179,1.05045310875723,0.789463081117666,0.673290846634288,0.842901970903773,0.985500291823533,0.879323582635845,1.1326567515384,1.08985539263453,0.886925474902457,0.629435958759339,0.998190602666432,0.868690445361761,0.769681736026425,0.729248951009354,1.10025564541208,1.09675798705541,0.82619981792186,0.808844167032371,0.969617741650205,0.673146108796843,0.941973863849983,0.829430119150723,0.491819998126569,0.718573084218194,0.825079445854103,0.796860599905833,0.996472928392992,0.89639413907708,0.656844398142821,1.01905215224077,0.863863301609783,0.678425300365419,0.565045609559384
6000,6,1.08494395805262,0.496129547336407,0.773816842371696,0.613320656423239,0.690698093043613,0.753207122338225,0.660870381008388,0.967692674000724,0.849997354411067,0.830803350206641,1.17334018114658,0.802680404565334,0.768196129137836,0.467642723892711,0.79737763870924,1.06364616300343,0.478589050714535,0.800415241921853,0.710017485138618,0.850359835247156,0.544525736867681,1.0938164396932,0.821735621568653,1.05345365746592,0.744967946269957,0.823499502514672,0.453198237970506,0.67406476475165,0.869657183551096,1.02505474965981,0.609747932352177,0.990013437582748,0.985247605804571,0.980448630399825,1.30958403097742,0.966336668374307,0.669769956025579,0.874537993766787,1.00177081030047,0.933516448696905,0.56974762162412,0.512942259435303,0.712093825882208,1.02115644669863,0.757164218092011,0.700021319500507,1.00962283126248,0.839776673647999,0.38487802333791,0.546091272466287
6100,6,1.04148433625916,0.997234250337954,1.0560300603055,0.566325093057454,0.75857612402697,0.813576077840907,0.69728635433283,0.765979237657839,1.13224931361231,0.795544425861116,0.784937994797407,0.582579078003378,0.961281962378434,0.640250202568448,1.16434600619357,1.01206306233697,0.460852775540738,0.721996441079203,0.858362908932127,0.694578078776798,0.59729803913809,0.905415410539526,0.670275314202419,0.949243059603591,0.95068959197825,0.819012511265111,0.518620464515269,0.452238887625534,0.74292007618039,0.907603917437678,0.61262281030754,0.718979809107413,0.938940176607811,0.684883185248666,0.928560534020386,0.953187731622678,0.871513550998872,1.09973730037045,1.0787599645077,0.931771050480285,0.888654985817401,0.257517492241299,0.961926942260109,0.816718310687749,0.754553060669175,0.659051001128373,0.944083202212147,0.897985798446275,0.675174934694769,0.541663388602041
6200,6,0.699537639228178,1.00374051860583,1.06417226864113,0.612652026606532,0.502664357318205,0.789503381877258,1.16749631539236,0.848093000782286,0.630580636786201,1.10378382919712,0.73651642276076,1.08707688392962,0.630025869591997,0.390408166096855,1.08367176262808,0.520881110973362,0.479469994917253,0.712882611431233,0.596875792526268,0.981151892473438,0.642268005947343,0.966750326050094,0.957696523927686,0.944473653408171,1.04038618349276,0.670666166269997,0.834476082743117,0.486150019569776,0.594465840229132,1.03717371692359,0.506811904672937,0.779876282434031,1.00397170361501,0.582528284901937,0.810614255485845,0.807863526125777,0.864933792906212,1.01451972262182,0.833971187502002,0.474410514929964,0.997325677863444,0.520838636045181,0.901303030293477,0.799354886556593,0.841806838789655,0.572768213923427,0.821028794220709,1.44880673470289,1.03627973754739,0.678681537082345
6300,6,0.570222796766872,1.06389174800445,0.955826006105691,0.964327682236026,0.601714686641069,0.711430548222079,0.807548234879538,0.660388619987161,0.907334053200525,1.06838449898861,0.807171211700597,1.01815434495052,0.747818139408569,0.519304110934291,0.813000346614762,0.456428182174061,0.664512299644778,0.77501223547959,0.221043264050545,0.945993666258663,0.641925827361211,0.679201720359443,1.11312901094474,1.13783358477085,1.08721488370804,0.745700000731347,0.62252183332094,0.620155832206167,0.870904067262005,1.12060844071682,0.774745912206447,0.576511813961186,1.18147736024105,0.588398777424547,0.77159928000124,1.04277614282695,0.72605670564832,1.08450332374649,0.762097331293916,0.354787320546605,0.998369017587011,0.78883070068041,0.807135239872085,0.814412854512275,1.02472435596986,0.458691609565073,1.01303113203313,1.37153742164223,0.875757514919129,0.596620019346412
6400,6,0.8841342253339,0.981064232784286,1.05484853552808,0.67266777467255,0.657823761892494,0.89369302382461,0.920267205064192,0.793576011781248,1.00457670237453,1.15134112187209,1.03726932881945,1.09528934024444,0.678199429677164,0.967374285437433,0.391417203193322,0.775127185119587,0.951422715011156,0.892109904886163,0.408031298185628,0.613905608801608,0.626434006224936,0.693270616032237,0.623856908677163,1.04615954733488,0.681550769727447,0.748214090212657,0.435762344987164,0.848025023531749,0.865792304236004,0.848616806711963,0.88551836498577,0.505518211532595,1.02337330545911,0.661708234145089,0.563171036879852,1.07066039864958,0.906464874475383,1.03320087979863,1.07645451075848,0.551865145681698,0.738287561097786,0.88364133413839,0.802044811333112,1.14940146698802,0.761390467878547,0.652867799469774,0.750555246611442,0.762424908672014,0.884641986982426,0.989151255634267
6500,6,0.778327581129031,0.56985826362493,0.801204449896687,0.329391896118686,0.760242076579132,0.648287386932514,0.772978945380957,0.761787834462316,0.806795846083143,1.12932516069963,0.909326075609589,0.967390598436057,0.55528361100537,0.860191018029423,0.393059376202082,0.769756663997657,0.990581350228703,1.15841566982444,0.715072996930612,0.797619449020701,0.652142477484218,0.94593556997481,0.443708202002055,1.13955887597759,0.772342470633442,0.706091647709257,0.923531212346306,0.825523660546693,0.899890668177044,0.646196801279282,0.975070594262482,0.591246251840035,0.585063136522609,0.609406308487706,0.570188987627044,1.05430728642811,0.682346015705693,0.835712415149708,0.667555059107398,0.667193197729781,0.535060815965959,0.915623249924045,0.471292512037609,0.949511399751375,0.738151759564573,0.8114538599857,0.856864250553448,0.83659746463694,0.938001749710086,0.993637189007044
6600,6,1.07108990509604,0.343196971437731,0.854356428687367,0.16247616356596,0.80709722617745,0.65808776620878,0.480825271142079,1.05365199720545,0.736288407307367,0.906144233170292,0.92011374862266,0.862997314922391,0.493623330290181,0.764300511059251,0.707048681741268,0.753515227502324,0.619124260693041,0.860412477111021,0.692392422488854,1.02191583529317,0.611303260770862,0.692883925093863,0.356057207630112,0.853922573948461,0.741028459814243,0.692072771435136,1.24794791054386,0.763362387304083,0.65548920798321,0.533206087872912,0.820726399064228,0.73532935155058,0.534819862644122,0.803243757570953,0.525055650345785,0.824689495072423,0.777186088667049,0.760990540668885,0.927333653120273,1.00450487768761,0.647581350075773,1.1261334426956,0.506613869775949,0.983111697605488,0.469915467250244,0.868880134374709,0.784529923577494,0.733555246946234,0.694787829584683,1.22521284262378
6700,6,1.01086620573292,0.451978356860924,0.515046421690579,0.556584832926587,0.970511483939827,0.93334513225961,0.542071199575989,0.996162545390309,0.969123858783802,0.890214618557499,0.923982266458451,0.966822564053468,0.632876106352333,0.735384807116504,0.741107015110196,0.695372476483595,0.550175901551635,1.25740516945203,0.67554125721564,0.935001024988412,1.06042502523956,0.557350158273584,0.522306543776232,0.916157467065456,0.970797084846585,0.726910227716508,0.962162756830709,1.02193319087506,0.681803636396042,0.721609885330109,0.912782966293388,0.824999902252466,0.835656062146056,0.944416291267272,0.77118370616568,0.909984060917808,0.857528776387263,0.828452053717606,0.769396033001269,0.840072819329782,0.79270267222617,1.02999808013998,0.817162603976621,0.695779964139001,0.52899056750119,0.820087966376675,0.842646847144721,0.795446411059325,0.776200147250725,0.479480781749695
6800,6,0.891219658013533,0.88450700463908,0.839935608252574,0.457604187551953,0.982613886657214,0.988096027331157,0.536048212928604,1.13125757027905,0.918167606967999,0.782114352585286,0.775468027638813,0.689629722303229,0.521273679483135,0.858466696594786,0.720587558853192,0.70504998749019,0.938741363656685,0.952987982407203,0.615896798864983,0.8648392524483,0.967817546469944,0.688193195906998,0.429666387872631,1.00445151151377,0.952788928236153,0.743203069788678,0.791767994666818,0.884303609667493,0.661771774424098,0.974892692365806,0.935469940188816,0.915810135856977,0.828194094796512,0.959385589856509,0.99910275098104,0.708876005509859,1.2335782264265,0.86803005341643,1.0921285972271,0.707323527659784,0.566562040828493,0.97451551788343,0.570862126956558,0.681394837666744,0.79627422405248,0.803176510116043,0.635084105393825,1.03659099784563,0.78539512997798,0.595201301705905
6900,6,0.705312623790479,1.15475660845397,0.856995300332326,0.458243214368806,1.16579860382473,0.730295965020011,0.918347945941024,1.26035427645866,0.544911959630814,0.510649902239654,0.411351939439869,0.597101692428026,0.982046828271999,0.732598749149651,0.877143886961302,0.455281079525385,0.733806917388566,0.965928503716915,0.770632620776313,0.99223759712202,0.771818539878339,0.713230476280235,0.607637446912793,0.710270581823718,1.21484727708251,0.883113898176722,0.60639383652021,0.683228666180955,0.4869021548944,0.671571966378585,0.997288632406359,0.980079895126031,0.730189440843578,0.710855794450066,0.691987595471025,0.467439177286888,1.14252824878921,0.670423697576,0.977180331970658,0.830125425664447,0.881706354020678,0.761849540485093,0.586759909578267,0.753571134236848,0.831307537149861,0.532091443397387,0.811656121580372,0.782289915266745,0.79697844322328,0.588313929694769
7000,6,0.751351780533254,1.01842267746374,0.588526365797458,0.789301879959339,0.983357189840897,0.578055442110464,0.629632302962234,1.20527777701577,0.45061710138818,0.697848138606596,0.854915675414666,0.357787105493371,0.656690697905052,0.521183978683098,0.931775955275352,0.842991341357187,0.746033885186815,0.743324652356168,0.857077666487019,1.03358461068277,0.587301175507366,0.499935481460405,0.511528456790506,1.28168682682734,0.845457736267186,0.886999009666125,0.697578586414443,0.347471214145106,0.609172444072827,0.747103086061242,0.92035324572638,0.768016764586476,0.699275289999336,0.850632672854002,0.733318932989557,0.72010464350858,0.817570447926165,0.706298765746268,0.728613022732853,0.533587202596003,0.827989307397724,0.383672214181084,0.767317046655727,0.87068093927919,1.16007195233119,0.471759372969923,0.776194682342814,0.254491494122192,0.879776615022648,0.807573101182764
7100,6,0.69366667383099,0.736726201107014,0.922918586283384,0.773728290110581,1.13755175048536,1.19247845331095,0.794763338378712,0.879532980178282,0.395455086802736,0.593234147619391,0.61959478254499,0.336012410806532,0.526794565065067,0.77490492631832,0.875746655874218,0.7183044210356,0.704285145199572,0.812324895626326,1.15406731603004,0.922077171055373,0.823026483691607,0.500832773308372,0.751233978923963,1.15225493717589,0.868444319411006,0.89269649400368,0.805267024928108,0.676077938061402,0.39363800598772,0.621536367359793,1.06648073916168,0.466330746016337,0.519702136840684,0.837562329622286,0.913504374415964,0.965895512194936,0.945634871386462,0.649592775892922,0.544714175735455,0.568128608091512,0.868798522372909,0.332043828947928,1.03147143508989,0.959268997022194,0.936653854471039,0.557394387037835,0.778763158588678,0.27214873406014,1.05648220930151,1.18876989414772
7200,6,0.585871739657021,0.492321942163644,0.864071362924414,0.854711486940322,0.760686333227716,1.2206303387814,0.529918393322217,0.564045826285647,0.209771169872875,0.630490152231048,0.567225011142892,0.323146030219418,0.66552716164113,0.639094137409768,0.820187678277419,0.803326326379208,0.716762553593228,1.11121252893215,0.99593863307918,0.941671658013513,0.768367881642659,0.677128505181446,0.854370890560559,0.87204448434657,0.754220965807826,1.12640387200788,0.698503744700713,0.717983415628473,0.145557403617435,0.55966170560299,0.555850684633836,0.74201119688102,0.613185433033862,0.597310757994133,0.879995559490682,0.629273949772362,0.558670541685623,0.763665053929024,0.496583535471426,0.617764635155539,0.865973423278498,0.513449113864457,0.523867885392182,1.02216081029553,0.768116580342716,0.4400267600333,0.350572820100297,0.599090948432959,0.628775891703145,0.664255285573416
7300,6,0.873601852237183,0.866563983689191,0.962867796238179,0.988606199325398,0.671501165602423,1.13028349301956,0.525887870714041,0.75493743043035,0.592077468191678,0.596987356149398,0.645570890812745,0.593405017942386,0.615764853918456,0.523087915799393,0.760797810278787,0.771326298227197,0.276274211133257,1.10763329658934,1.04981126730276,0.967561885363289,0.899208112377147,0.652363412669372,0.726954596702767,1.15145870024393,0.880127119877394,0.995728063497767,0.523928151654282,0.920125456637934,0.343895330012381,0.71321810618097,0.339941335420283,0.701373021303903,0.722404216940274,0.525174962819813,0.955266596984296,0.669701626661439,0.710589609745331,0.710451510222761,0.555817857660438,0.350683737192364,0.930452252772539,0.671971441430691,0.761740177737597,0.81757419581329,0.974504975698418,0.415372147926943,0.155954079677471,0.79496208164032,0.244665723467532,0.789117525717306
7400,6,0.692915718229521,0.416693848035502,0.666796105367616,0.774993098360589,0.573720040638532,1.07852603351057,0.708705515576299,0.624798306438054,0.983933623605579,0.829477101738306,0.424215689827236,0.826964349640052,1.00852066867919,0.680135855296608,0.543625603835195,0.610033477122848,0.640486358531922,0.939778658844587,0.715902997989451,0.971800533153814,0.790005958471201,0.723967899609676,0.66226448316391,1.1096211382807,1.22070783759177,0.97635641176676,0.684695911625442,0.646603383526981,0.21202711167609,0.472884085087426,0.232844944179002,0.673735893545747,0.896741253014535,0.491020493025965,1.20418826382953,0.530912931265633,0.3899495888347,0.820481102576136,0.655946479315183,0.633042928931067,0.99378111478385,0.540766340488708,0.743886437807678,0.636550370204309,0.688993318102785,0.936372231227636,0.455590806067208,0.661394150797449,0.768510477696648,0.772837818554925
7500,6,0.586712487371731,0.437888470733435,0.719010753763884,0.407992151819998,0.771297326864034,1.02339763544808,1.2743057716432,0.624704060281219,0.877142812938746,0.650668040868674,0.203917890613273,0.771931473471278,1.41112709281371,0.588956300337875,0.629828694634672,0.714827473151266,0.914866129678545,0.470305027003375,0.817620734622936,0.837629362058496,1.06693729797721,0.389172422940239,0.92479423527418,1.20861617442709,0.964572399180019,0.96622506554414,0.676298440890688,0.438104317613995,0.501212263502338,0.673713656536475,0.566392051813005,0.664623949721033,0.823731032027148,0.439448873985789,0.819137757420662,0.721078041151959,-0.0312844515849433,0.792167106231502,0.66552870301897,0.953506819630523,0.589014816384067,0.473105611593374,0.66185348613371,0.786003080724068,0.902215377549862,1.05275983740852,0.551838775740252,0.945798834818313,0.855714511341321,0.630429238894478
7600,6,0.543325227929802,0.769086371593881,0.82158519768851,0.752674425094117,0.849504914075318,0.707281422495961,1.05215440350684,0.800925868903811,0.994194692754916,0.716551075902491,0.292927259532199,0.634632593775474,1.40186561929336,0.46949209103907,0.576716765591157,0.755900828059521,0.750194301823277,0.604253580316588,0.779230900500597,0.909465163848252,1.0217108070837,0.535524241306436,0.601733274020954,0.774625276742928,1.15646846573649,1.30330135426091,0.568915447132029,0.392608003375012,0.664559302086058,0.442420440588309,0.534179899552296,0.502488833958337,0.586032299009734,0.67200560292663,0.629705906892884,0.684438391922143,0.51839694253662,0.792797897345508,0.909605857992765,0.488811600573224,0.609066380536849,0.73708226334447,1.02495240956699,0.773196210956386,0.574316492451372,1.16408046706864,0.38786875135192,0.64135422673082,0.878826815172104,1.09809948707424
7700,6,0.280950696420575,0.925184832897917,0.939491111533893,0.826260334430464,0.842266810290199,1.16529295043391,0.830390851298934,0.661167461131469,0.52644899755162,0.425189299780406,0.743814822087701,0.689569896817302,0.840084943577137,0.334280419885039,0.574572545938081,0.601477502339573,0.703624157794935,0.722982252168067,0.588009438757423,1.09194143875064,0.480618220023095,0.558244047155287,0.520968489329499,1.06406795062162,1.22020416129252,0.629044140451607,0.72160770563024,0.193404781595856,0.672883250340353,0.452614622844076,0.532180838334853,0.468034333505304,0.703168621286241,0.641486044097884,0.838326133120486,0.625647858742582,0.495429926168915,0.939363973995176,0.843908862422304,0.731210305611223,0.483015713725485,0.579896367447371,0.911012484801479,0.666452472876869,0.783692099978236,0.784716609986783,0.275105822457888,0.900746360217293,0.837917628966761,0.718776075231354
7800,6,0.565916808872024,1.09117744875286,0.932725229940957,0.905726640743085,0.77010413334831,0.956360512324303,0.78589536977879,0.835428360801247,0.576590671684351,0.355345493090202,0.951599375408722,0.829715012158758,0.824345800375318,0.498939293766429,0.576536021689277,0.867392571903661,0.669284706369068,0.569952118008983,0.54174428162868,0.813738208004622,0.367709377948375,0.751584876188755,0.702571121973226,0.55206842155192,0.77792428957867,0.708994880969367,0.558254978626141,0.542106650640942,0.906923930496982,0.713530660542659,0.486479873749589,0.63138464582475,0.797190816459533,1.07123101959113,0.60369942566601,0.571416611355467,0.692591308162304,0.998991449899602,0.407730332288104,0.505731290250468,0.962702149175013,0.914822867602835,0.919997536477476,0.805315952214242,0.748569044953771,1.16121267861377,0.950149142603951,1.31302031849884,0.630644469926367,0.784350065201551
7900,6,0.626953712846829,0.790623580886211,0.739281332459947,0.822292533992766,0.449041132086243,0.962077355550627,0.894604303642187,0.686133436194761,0.297464520484268,0.814111869451129,0.968974046568486,0.631689261562056,0.889525601412845,0.794720499815003,0.52340224114467,0.693729522386003,0.678886301049895,0.551290979607289,0.714357843416259,0.852951397259668,0.393407939515779,1.01560565810702,0.662036991142706,0.435812978136512,0.77308427700628,0.655611452772599,0.538280939874894,0.723734541784427,1.18409421012166,0.686079610344147,0.837568739257689,0.862981372075316,0.624605649996262,0.951612152948552,0.719066014527953,1.01647329279389,0.249801678134039,1.20583435421451,0.701809820441451,0.572633459085833,0.997168846529206,0.70244569142367,0.913322059877365,0.78882330914072,0.871801569254631,0.910502135126522,0.839175039752851,0.903960040837196,0.752770951394346,0.739501216513274
8000,6,0.515947832632948,0.717086389574963,0.631047311395394,0.460566417478491,0.578809301006717,0.612676637440452,0.906258030722362,0.491996634994794,0.885677471217991,1.09495938499536,1.09872617511661,0.796928305407872,0.522366650720672,0.708291467363782,0.675035444867358,1.1255621202813,0.782944879931122,0.911875812608336,0.855483616491587,0.866415913764733,0.610677444185067,0.973270414441999,0.619116048844163,0.661570962671702,0.557768130263091,0.654919950857007,0.231914513247033,0.956654994129281,1.1636297283351,0.573103947142231,0.657608523094626,0.93085772544164,0.919905974946557,0.914963775839723,0.803140351568234,0.855430628585919,0.568138622124588,0.963146130273753,0.779050641024041,0.363075375630843,0.616211955968445,0.949887218386633,0.940476145296417,0.731337465611351,0.877802789132009,0.909251495846443,1.04708417091064,0.759320582072006,0.569890525863282,1.04382350786999
8100,6,0.658958050655981,0.782521436468177,0.584686553954576,0.234757344514233,0.404218007328013,0.210420258386802,0.530076201984856,0.353228109233192,0.707536200657737,0.77739903484989,0.845568115270498,0.309006452535488,0.619819796003065,0.919986680726239,0.974375256120546,0.556795904304342,0.847743349117966,0.886741081268802,0.828174340971247,0.69632062768703,0.505615250407175,0.493168262560554,0.362349286376467,0.820808570991281,0.486484658229805,0.475563786665521,0.526889367067458,0.658978587591887,0.511009391259807,0.740988561362508,0.443832643343947,1.02115144665057,0.834811926139233,0.965058999862255,1.05702288099571,0.674401813179227,0.594118171937708,1.07568337430694,0.561949622162881,0.663009178731757,0.712003577687056,0.728795316967355,0.780645216248271,0.723055191604207,0.684140186095433,0.577395362758687,0.784194303479533,0.533549887729216,0.398197582096731,0.544374637754492
8200,6,0.42168350968172,0.607467531504011,0.30793169949467,0.295358936038373,0.359980875823107,0.105436996035516,0.662982173094134,0.466467637681123,0.568735019638893,0.776457312700313,0.767515485975884,0.561903881049713,0.515163240896481,0.968084163576578,0.960462072780332,0.294436098015016,0.779728553129974,0.877551700759718,0.344042588953639,0.851283422228405,0.380720892266434,0.61525726304488,0.471092759631956,0.756888455550286,0.559224394294942,0.475105331146902,0.555601161250671,0.404551627312087,0.572461084367946,0.871468055265929,0.529623915295936,1.20086264612324,0.426466380425735,0.547989223009826,1.16278776164431,0.466444332705298,0.687496544010496,1.0586342354353,0.532477286146856,0.488283382980266,0.891118139888607,0.6254196669148,0.585325642466378,0.370781213152705,0.875751123307331,0.546337816210334,0.605261154458288,0.63359262492318,0.703710977058372,0.446624336843576
8300,6,0.362699363817832,0.963603868674704,0.600180790046444,0.404689317482032,0.369177285227514,0.300321315212736,0.586053603633046,0.649102749850125,0.467699157996808,0.197956707150159,0.662530134001783,0.742121789476211,0.576784861676112,0.436712576983967,0.596567657427564,0.4695504882718,0.887494751210049,0.613674720895693,0.462818505668435,0.534857629099493,0.845837102177755,0.911695662523349,0.377086792895232,0.346025460529496,0.419764762053161,0.31941568793117,0.520310566929661,0.470226006866068,0.853618798919027,0.356181559067833,0.361385572971219,0.799706984494569,0.463717436241869,0.481970001681736,1.04947316254008,0.525756412997725,0.796761404304134,0.767665335171247,0.853614465128928,0.557717405542806,0.667797341098081,0.36072703716736,0.562926739740047,0.411179740026479,0.4192678852124,0.915665234551949,0.67775493328055,0.664282284987391,0.525671876397813,0.36025638686953
8400,6,0.660954349319395,1.05003727122341,0.617160357082867,0.35252246984259,0.345952031711405,0.190294755693655,0.805522458004655,0.851742095716531,0.739033594504626,0.616373368234569,0.632617591742408,0.680112578048247,0.492382100542982,0.480198234379718,0.621705289679026,0.440465148421032,0.673678177482768,0.615901150551147,0.539703067154353,0.520077124974771,0.530749097109451,0.800891544017534,0.749332383973774,0.311970917833947,0.606608659268703,0.224637765025285,0.100209740741738,0.457925453721976,0.713419191675606,0.509600278968484,0.492919643653423,0.67842446142933,0.815945106815713,0.346980411856709,0.817304665829645,0.638033108131028,0.660443442217898,0.510416341432949,0.765801938563945,0.65197444047475,0.672799789860229,0.245893884157073,0.598621974513527,0.217048072500885,1.00817686114086,0.815980658709173,0.82623850779242,0.462976557737552,0.818549382380177,0.737856606267576
8500,6,0.559037801921069,0.936822722918697,0.874300715652622,0.581926438788788,0.63904572065072,0.340826516934562,0.744727606181195,0.870196670662529,0.632335630787412,0.724027474039967,0.466181168962674,0.71450315746782,0.59387411883131,0.469266100325649,0.623819711518457,0.456746915752229,0.591075557709419,0.375473354008622,0.603538649337669,0.562049611033891,0.405765268205912,0.681578897215811,0.884050518227129,0.704918113848757,0.56216506159348,0.244664584389031,0.231849800191925,0.865724125478738,0.335302067901812,0.759393235529394,0.803980166998581,0.469728685770825,0.543961829486497,1.07927712495219,0.656724856362047,0.58460799332939,0.472433906678556,0.640542122481303,0.657838958142733,0.633314069083035,0.56968547476776,0.335619022074807,0.619992957351077,0.891869820012701,0.98862769091072,0.787583396871391,0.535434522359325,0.556220560224498,0.668537852302981,0.551094661531937
8600,6,0.53074186509799,0.488268827931321,0.876097105170603,0.646186030762736,0.272631104942746,0.883288350036379,0.315725523926073,0.372142477449672,0.630846389360293,0.503376714078673,0.503892390250767,0.66290069052442,0.629777278576746,0.63099101137206,0.551879432211674,0.376948220247351,0.575334449199457,0.484026140959632,0.722945504251625,1.22896435537012,0.278774999394074,0.764911057127016,1.01726339036284,0.697350425161073,0.691137516329135,0.304487875012864,0.536547116046289,0.385307687950733,0.470769267705472,0.695764282984225,0.69880058691459,0.549884299409312,0.614259037561872,0.973914359182207,0.473082395636678,0.674707629401023,0.641406376076548,0.662260940020517,0.731757090635715,0.612031032613369,0.719164703059094,0.636979289054158,0.469018908689348,0.6435559190028,0.86682025306536,0.996690935631564,0.354935260585194,0.552261649623164,0.902974631788024,0.624931640739112
8700,6,0.708456807181533,0.265528486057815,0.450586087568715,0.673240399617819,0.545475835343213,0.869183618654494,0.355168309515064,0.3600997785502,0.278670324590882,0.496290183901719,0.745445662613964,0.742410170205011,0.57674401334779,0.49990706491175,0.831809326937906,0.367091648979446,0.651188329080763,0.679139033965981,0.831675560163648,0.847827553852287,0.395256979930654,0.627583702687169,1.1087391774375,0.541369913493512,0.637960673964313,0.166101493215548,0.31031119103136,0.419053347392899,0.329285182513173,0.460717681698889,0.49180215386254,0.800472277113701,0.911773722768808,0.936012339067461,0.191745271168404,0.572283420556423,0.568609945844256,0.687817216419112,0.818638246796679,0.543943340981225,0.612655175455269,0.588137925192253,0.592949436964869,0.680596296787088,0.755452780459417,0.84102571160998,0.433092398477431,0.656673392720445,0.569871362172563,0.553587110196355
8800,6,0.904943910405998,0.451257681055119,0.71541116129021,0.238433936060757,0.549256680057455,0.637390991133614,0.23663634141682,0.834945237250525,0.270018084975989,0.50254455019237,0.769183067574112,0.588853575791579,0.743205573855668,0.576034800839642,0.811834761262969,0.650045442286626,0.557794119577615,0.854526780919719,0.795486330195071,0.594962441503196,0.45293675926423,0.807828851521573,0.645985340298225,0.550502324535831,1.27741416149546,0.348858092697718,0.873362347382359,0.656035291069848,0.48468320868844,0.589295759670182,0.687136286375217,1.17363337017232,0.825338060658909,1.04152580148044,0.347717004567032,0.436463814711257,0.538822739903192,1.00126447323112,0.698464513660033,0.586275933673976,0.761317411132568,0.590284101550483,0.513518914978222,0.697612418538314,1.00893722948851,0.917488524090095,0.11987185243833,0.47515085410764,0.583541590557584,0.5236728079126
8900,6,0.573271426210285,0.955256575213179,0.73295604072118,0.425414020540213,0.906457194256276,0.243984890570704,0.100455642287459,0.182128530311383,0.583752729475006,0.416179585347231,0.737165435018622,0.430567592099381,0.774512230926102,0.915004580231416,0.884519341396398,0.533134012687246,0.798830059334621,0.661106510799349,0.686610043628659,0.705356092888719,0.183234744022821,0.601787802740125,0.464966438126494,0.890274759694471,0.924446037563943,0.334062384371193,1.48642188547442,0.402124851244141,0.584397550704789,1.06342816471752,1.03318338755931,1.11005582615474,0.630506505385048,0.822949247436638,0.548665869361706,0.665314291223693,0.435690842436891,0.594835014353383,0.489975766265793,0.725974436523512,0.962057500964178,0.536998010406808,0.436890558853904,0.756352775539103,1.09998610081744,0.816886291848509,0.380428041959737,0.515598592983965,0.642170889729922,0.817151095379057
9000,6,0.665520504602611,0.729317129739392,0.615533115899799,0.725802117321315,0.963003485965965,0.298362045722842,0.228598134231673,0.625367782621464,0.462085432385929,0.612313617225736,0.725516581482407,0.535748234675622,0.96126067365342,0.859281247090683,0.99313014876796,0.624825466139799,0.766092701244538,0.810837499063297,0.585193092819342,0.901259785045806,0.590096815185884,0.704272208096736,0.53528095092391,0.528089658767851,0.820460213145269,0.325036956960375,0.998478789117259,0.849623821134945,0.578748616005365,0.91444189053048,0.793589418948878,0.564811744610031,0.602795372890601,0.697617248658884,0.606810475441385,1.03507658747146,0.470451619609684,0.608799935389477,0.704936143332606,0.84546821267492,0.718260074497654,0.433700159350587,0.482622917209246,0.454613003563236,1.35679852416268,0.464472596352858,0.373800642695405,0.379807442713838,0.885262575989022,0.942371539112751
9100,6,0.503366953322417,0.764258303909524,0.49522148856652,0.72970816337687,0.395065434874182,0.564122678981849,0.380733422515662,0.40990266878164,0.750965114900004,0.642765467934703,0.889635154414983,0.905828355546706,0.939194261151401,0.502752514907459,0.904593526907518,1.03950683409263,1.04207941847867,0.91628330093888,0.75172388401697,0.747253134477384,0.766361314200899,0.721102763889232,0.498471130273976,0.376471855325968,0.586014823704663,0.487799188659757,1.1491554581162,1.05647412427098,0.731931476553555,0.860006708797965,0.684421418153809,0.35850827363154,0.481810880079569,0.448564148403966,0.925472399089108,1.07702236962777,0.632777756869318,0.525145056678756,0.522276253119444,0.646255614144767,0.72727896915943,0.652419805211283,0.699122767332451,0.388205118227651,1.22897631138499,0.751096755273933,0.640348827891608,0.59857388939503,0.842761766770194,0.44611079662909
9200,6,0.951210270811374,0.84753226246235,0.550451656264401,0.721821263691168,0.633536068435687,0.71702617348412,0.424252618682207,0.612755931047059,0.632124857920302,0.83801267673405,0.752337686037814,0.698365734923309,1.07181156561316,0.800101288955028,0.596368868258004,0.759341509131701,1.10405600874703,1.04830379952392,1.12414153707174,0.635538275139657,0.781732132001642,0.944156599342664,0.784340698934004,0.00134271903020777,0.604042196618251,0.776980394488492,0.856018031204897,0.888081078892049,0.919502041890637,0.784172114278047,0.742483731132039,0.441978212368,0.618106922337514,0.778700989559327,0.588399852100363,1.09257312468336,0.66483265683144,0.845400195616087,0.81813317158687,0.865530689741194,0.895046262064055,0.741809171479836,0.187367948949448,0.548241126731815,0.990603336263788,0.856789104352045,0.622822106338468,0.796525433457218,0.879085266729431,0.909097140461493
9300,6,0.867222815125611,0.594219344428531,0.503565083435639,0.507622768656569,0.73728112194602,0.791956403896535,1.20152308537306,0.78947297942533,0.572322171484138,0.450594175495201,0.9216682754924,0.540352630407786,1.13754622252595,0.938588940054259,0.662059560443518,0.71344044953931,1.3621979142211,0.913021339197061,1.1079291781386,0.473244737749542,0.669796690814114,0.444078287903192,0.642796732906479,0.623987480941922,0.607277492466827,1.00520538716706,0.694592676725601,0.635693742681075,0.584306413329819,0.611519583267287,0.485861696693,0.610084338094469,0.542197621456114,0.371284509523626,1.14264767549939,0.837944292390364,0.770490120216977,0.989454184382179,0.688348669156589,0.914107711127407,0.720693003104982,0.855910286019703,0.605626049890401,0.701189244169299,0.724184746263419,0.740855507222121,0.682754860620364,1.09816045503718,0.873471551749757,0.950530776581308
9400,6,0.801912385582987,0.717077604337765,0.776162823406356,0.765149386370847,1.0372728451413,0.820862495437175,0.945150611411027,0.833925806361477,0.934331115652124,0.725324274984537,0.892556386609744,0.705843869748776,0.978033803593267,0.42835147101317,0.642286914653092,1.02388803961086,0.937721664755177,0.904141915843303,1.2071971651717,0.379387061247658,0.93006839802943,0.246867632147771,0.58042613694726,0.898179671891235,0.569197063398015,0.750971956943618,0.950632903333106,0.498487863969503,0.767966393564139,0.688032764477145,0.334057480072851,0.821197486634214,0.687477038401846,0.881948290621791,1.14085655500335,1.02193673800726,0.965939035704437,0.811422782723819,0.732108448374266,0.934145305760588,0.568133730772958,0.939262367604675,0.428877747186879,0.258303247541677,0.862941352429898,0.249396780740296,0.712333627726969,0.987574665678425,0.603465125026697,0.710809584675472
9500,6,0.401849736632901,0.50765902070143,0.716557325116864,0.895140633121658,1.13057107495383,1.08264004133217,0.907398431412007,0.72167880184461,1.03455895716479,1.0584019389541,0.920127771572213,0.614377480028568,0.697161216730119,0.677969342406656,0.474916739310332,1.38083654547237,0.925046742838518,0.832449845113135,0.829620985897159,0.430026366311473,0.540543439925966,0.306793650452488,0.996777176328809,1.23159583641317,0.412715703848311,0.658081260598275,0.89626873457338,0.682251667862451,0.728260876705853,0.363355621563274,0.536069745940931,0.866842288310158,0.764090614703566,0.882652906571707,0.621997580414337,1.09481991875975,0.611029601436235,0.974609138348134,0.797922995008073,0.866572885999603,0.50346908370173,0.807836555230686,0.499755085150158,0.409552383347264,0.722799579168849,0.695229513503672,0.837033038083379,0.983753212009232,0.825179834569867,0.655154299815254
9600,6,0.947780218583435,0.614092383528695,0.956705087372859,1.25271096669956,0.972032109224616,1.45362602608453,1.20459988011331,0.758264193366097,0.935280662970268,1.13490999527976,0.842674225838331,0.548247477627646,0.926211724610036,0.87501710401765,0.777398650267954,1.35486664623438,0.818306502518797,0.842585082735008,0.598884829169452,0.719529513698814,0.337046000486206,0.765539781129542,1.28413083086959,0.960806075663263,0.836639497775353,1.22522705078934,1.14050298952378,1.00295737799206,0.751187646443108,0.792871717698406,0.836912457010078,0.8837202946061,0.626452930306917,0.974443744362877,0.881906347629244,1.00591388830355,0.269286574210179,1.19245621244748,1.02601680938251,0.864373935174489,0.472934685663105,0.436369177363756,0.617227418807774,0.437564999764525,0.59100094467678,1.11360897401881,1.05542731776483,0.926816828573235,0.958433169560863,0.898885743004264
9700,6,0.741384072715303,0.359891050218291,1.16466822496558,0.851240090976425,1.08888987561547,0.683593414008075,1.07719105368533,0.938331828283775,0.869581100600892,0.746451712548845,0.980048813578849,0.605567523931943,0.75174608840611,0.715939216240772,0.812254700659436,1.19312769629884,1.09938272567019,0.685284519383196,0.98224804973284,1.17866300822377,0.524527216377966,0.922618290907379,1.27712505647186,0.849211152725096,0.961066052088167,1.23092666980582,1.15423698591045,0.717049568600377,0.995536364726506,0.762443620986265,0.769471040086285,1.10687459163975,0.537018103567358,0.847070412122847,1.36977929535576,0.808329704622558,0.626023089777043,1.00402647466975,1.22857100826569,0.94918814723685,0.842002327498541,0.676395786972227,0.592139727041835,0.552698076079767,0.769220604105358,1.10745110969962,0.805887540028733,0.930559575119324,0.938238097221665,1.04974299158017
9800,6,0.455749873692993,0.722288597110099,1.00760624242923,1.10647348478692,0.860733758078952,0.754957915745165,0.74731618426326,0.917452262768526,1.19628552007026,0.678177430887028,0.898376720853181,0.88133962437192,0.536038714437638,0.900582717734449,0.543441037125996,1.36413609524761,1.44885680155519,0.713133959326806,0.835072815043093,0.647437197208174,0.71809227419118,0.704125009036968,1.33008817237243,0.800940726793932,0.927624031271414,0.491764716029975,1.54339985238421,0.721574751601589,0.939235959300142,0.689536627698218,0.433402855009317,1.13456969462123,1.07297747102269,0.951171361332163,0.981498013693678,0.786762918018751,0.823449953242054,0.563560460103747,0.995144951921254,0.572436028240113,0.689960293543582,1.06064624708922,1.12158102722587,0.780673782066179,1.26949326337773,1.05460768155071,1.21601515504802,1.05497791583425,0.783347057663104,1.13962168980424
9900,6,0.920844243858904,0.548727466135434,1.26515449673699,1.02597955752676,0.599401672618817,0.776487161893985,0.761803820443578,1.2953713518364,1.18755988073022,0.602981342803949,0.558266857479347,1.20768114837522,0.426641831848085,0.614148908707002,0.755669837875869,0.981845820256331,1.23156823769849,0.455528283988141,0.304799211488279,0.591425488831206,0.656381557183557,0.861717537345528,1.19205384643398,0.752462340411767,0.846522719950018,0.242456315181742,1.68860702664998,0.915032106344965,0.684834967923073,1.30266217019201,0.706789030656097,1.16889350693815,0.840832245873993,0.822436829343251,1.16389110547295,0.558329855561217,0.857333198857812,0.901365561575731,1.1699336236727,0.713317428751148,0.63849829197091,1.10469576460028,0.770910423986356,0.977210669549306,1.06756729999278,1.39137275568998,0.81156013679991,1.16006750463847,0.867540874176254,0.702907132503402
10000,6,0.72264519181851,1.21837175749232,1.03504223770875,1.144786875892,0.919881748771584,0.534172524386962,0.920472972005607,0.998154982793991,0.846070475873999,0.634003631537322,1.20411713415285,0.842023165751056,0.273002413115576,0.560834935031659,0.664322801307772,0.778524842167831,1.15594528863567,1.5009529223895,0.325070079407521,0.662952195091232,1.0942186327032,1.31428372025388,0.784964582399545,1.00307407564215,0.585299050722082,0.362078734669155,1.0435529195129,0.72285655088486,0.789403313033461,0.94125804016822,0.720959127139726,1.06170647262259,0.583680654719541,0.498970282815178,1.44202959581859,0.830626898283101,0.710667677912709,1.09681192047126,0.846504865497261,0.776243298931813,0.742712794045573,0.898374539476221,0.748814822262768,0.732492359783056,0.867494075613152,1.51889872401475,0.338665425717649,1.3977693066999,0.706467482245842,0.773610136817148
10100,6,1.33206708798085,0.731190428630096,0.751603212087769,1.26517085937735,0.713959918315328,0.821012792379405,1.01984846964124,0.691251718801745,0.576991944873427,0.803629819783789,1.01509915128878,1.03663667324055,0.904161974395589,0.601900594843718,0.744713745275304,1.26964146701307,1.02866096544,1.4105264411842,0.525914421027973,0.650179834322828,1.12487968177337,1.67465971795405,0.988298410259466,1.3878983461707,0.852139198339517,0.590115611466171,1.24045287031033,0.516439371294877,0.71675359534551,1.04503989295984,0.888226672159238,1.01049406088306,0.884981827264017,0.624773759869164,0.921907689936618,0.989485121284823,0.977801113176005,1.37189279360456,0.790251357846846,0.599057385823518,1.03477581355467,0.69193278864956,0.619867130477058,1.05842364293429,0.869595924160391,1.48161976758223,0.926627814678804,1.05929038840275,0.481984511039936,1.4596633317465
10200,6,0.91358497101756,0.890959946683562,0.567565110233652,1.38829050170619,1.43523874470946,0.226529672258343,0.9407776122563,1.26066360622965,0.595230645264638,1.0708004412593,0.980549306049609,0.508450675306657,1.45370285895134,0.444676716149145,0.500500884790192,1.29488162758005,1.66983345803937,0.747358512258684,1.0251402315592,0.721271567730053,1.17546996043639,1.15291303463438,0.801437866521946,0.993751416455078,1.19415919715145,0.821881816372672,1.64851389739489,0.623883018608743,0.51311637747038,0.880252272399217,0.944721780112656,0.402648952725373,0.9085569139441,0.903892343630055,1.09162953597464,1.65249505903477,0.720797742542917,1.49532395505078,1.01481078781628,0.654645715381561,0.823323725851361,0.19748018271589,1.04573659882573,1.26856707389341,0.782584418346888,1.3841435177979,1.16450715638565,0.99781044522282,0.409780545642511,0.935949998122504
10300,6,1.20594737268289,1.08752534112416,0.53214652095779,1.59659337981363,1.07510921116479,0.142373027013643,1.06930542079753,0.935104815978682,0.661978892282061,0.8505712633451,1.10535395422495,1.37533015237932,1.07731761034395,0.482394968116209,0.913104233580747,1.00530741285275,1.54843868892854,0.889509775849363,1.10112024528311,0.472089104880545,1.06684508864542,0.852604401566207,0.618285607434472,0.842046884471443,1.29879438317364,0.836629056941136,1.68265747879371,0.464829319042365,0.0437634246018175,0.896297565113499,0.941144254543672,0.884254116549304,0.397996701429351,0.782072484987015,1.21121492839382,1.31293782294168,0.383123197643807,1.52216460074213,1.5743091668929,0.984111765572616,1.12202782196502,0.532300245017529,1.04862152070105,1.27947810030216,1.2413614218453,1.64582643057961,0.797866491060807,1.0476823716259,0.324389437611837,0.857238312779668
10400,6,1.3899961348235,1.00458889558123,0.594230343395322,1.1830330059869,1.3338199587963,0.621066958817972,1.42113990066929,1.01321171307698,0.741973956042093,0.601802522520044,0.983290445223773,1.55582635759725,0.964535598045683,1.04710747543598,0.448763783206137,0.365660259260153,0.939403606687852,0.914434835256813,0.966053141760374,1.06142321562439,0.666446032793145,1.07390888432483,0.741014986423904,0.922447901242378,0.237520022616774,1.2191114131751,1.09569741749258,0.992494590737235,0.215603469557323,0.121632544328203,1.54535883062047,0.224838547528795,1.00305993054434,0.514518272998599,1.65171108786363,1.30012557761264,0.584116095611118,1.30395848123477,1.77346919767459,0.969187632132847,0.836029750185784,0.206422289702174,1.03686789561262,1.21868392993874,0.305571160129636,1.0562416911405,1.046502667959,0.666177748761493,0.349650112113855,0.530766566141775
10500,6,0.590509794966306,0.729921516940178,0.0384239818274202,1.44177498731792,0.97570530060194,1.03587578086022,1.2329646610974,1.02952654686934,0.179399360932704,0.595636910626321,0.842358090133464,1.46419905805383,0.556820651106917,0.808885122110189,0.297787871996368,0.472987373233306,0.895540552109413,0.513473956033114,0.736363065416914,0.762063512554646,0.689841264536083,1.84033338739471,0.905600558349905,-0.096105026969391,0.505626902585737,0.445269006848215,0.781071731015068,1.60882907600767,0.651468332754357,0.257194038428958,1.30270806264194,0.251351944815302,1.14415247373303,0.671914550759722,0.734789332382471,0.586189089670551,0.369541940641773,0.419149936998216,1.25969474088815,0.782392625969914,0.846415894584248,0.240694308222099,0.888707092039574,0.828743436723462,0.600420109153744,0.990456777185822,0.976092728923693,0.415916167279344,0.560849515430953,0.350616814296624
10600,6,-0.447105770552913,0.421099804958376,0.951075971263881,1.50952557854016,0.487688207070332,1.27647659280969,1.0597570730446,0.532272519654486,0.223945364482546,0.458476399249522,1.01662304811095,0.985920916458202,0.696344717245465,0.12180813110875,-0.119416680408628,0.819429568825566,0.610175667156371,0.506635894423937,0.325058203234895,0.334737998000124,1.03260900039997,1.12462498416592,0.238044960005606,-0.283055528014306,0.654870486619727,0.432883461535255,1.44223709815524,1.3385602742258,1.37184483811745,0.566691589761092,0.68426091821583,0.578459027034109,1.28812829651047,0.879175278690219,1.09986771564996,0.323061275882486,0.875007987568153,-0.0562937195295571,0.386150796246751,1.01873852020635,0.920429380009775,0.509815555713183,0.704170512032343,0.375885544310628,-0.113089327040944,0.417667809923041,0.498593670059332,0.867192905961699,0.342933943587061,1.47868741112798
10700,6,0.762793035473824,0.695838050044222,0.434685426500693,0.942547235400073,0.779902245159898,0.546891714269858,1.3664356422044,0.382322258544807,0.0377085519329913,0.688815438551155,0.210690935090231,0.636227800987358,0.580807063297231,0.261011372474444,-0.114406478899979,0.713812015690452,-0.0343909603894341,0.269731668586568,0.65663165925804,0.312415684383465,0.700844890680363,0.9218173582626,-0.0833267588891506,-0.469395294450641,1.07413374436686,0.887076558272333,1.32882735683103,0.98568359562769,1.08034753775023,0.671938699240933,0.813849372694856,0.499995842515466,0.976091694937061,0.964334376750763,0.502366769773545,0.165390609943729,0.373079525270754,-0.143558771303991,0.279231116483211,1.0298195320994,0.320587799701203,1.57692677702528,0.751918103741725,0.76505654619196,-0.592321430706319,-0.189706272404583,0.855050653776419,1.08146353808819,0.530277809420878,1.293231433403
10800,6,1.18233508060834,1.02901197133354,0.460257630971231,1.09316725154058,0.444680104808306,0.233053775351847,1.17477076939772,0.929377270644753,0.318183766918814,0.265575117845584,0.228500577184825,0.266394146392782,0.581092933935563,0.0424241875998793,0.0445083906480378,0.47213804152581,0.215883225844101,0.2981959467978,0.482850251192174,0.119928893977672,0.463420144910046,0.997911001668977,-0.579470555697208,-0.291689542390929,0.629562479616862,0.423182601651862,0.715400801509428,1.17289045537808,0.946136686357256,0.963414012239696,0.756355221031719,0.0637477988663131,0.546224653927774,1.33300711663769,-0.0922366562227126,0.0939970772997051,0.440767987226398,-0.726054301235844,-0.0759767286481366,0.98758212340903,-0.292951339979815,1.07192869788672,0.642543586520993,0.586580805685342,-0.158918778197206,-0.0711772928636022,0.330291414574716,0.724898935193864,0.0355606410516858,0.944623944802077
10900,6,0.782257261463062,0.997296802661743,0.133050499143451,0.662652105585702,0.191295154032724,0.195324540663506,0.446376644735423,0.531639212561666,-0.183682616764694,0.286501716831312,0.123300264404911,0.698790016261938,0.435177816579453,-0.0172271972754099,1.15416496913823,0.397855763726971,0.251920706295073,0.258737321138016,0.806849266316185,0.542383738859279,0.348151310230579,0.589614919251184,-0.0656516262647464,-0.339677757816642,0.117409690791555,0.211301888103711,0.0385065456031491,0.490570184682323,0.484063703014224,0.753144734536686,0.264959498432939,0.222029532651977,-0.249523570213307,0.81793374481127,-0.2530091715429,0.285288541179279,0.082760501935418,-0.381177942300327,-0.482523582151372,0.738812876103821,-0.269404510766958,0.696937942623154,0.766840784286076,0.412660664883934,0.562678838376113,-0.642649853124472,-0.298614024432673,0.54205678428134,0.621588855036951,0.707134313647595
11000,6,0.371928046493213,0.803886598046779,-0.352025978255814,0.788000966529859,0.132450348409213,-0.19552359165925,0.845296661251231,0.0351239390067061,0.323722037816029,0.130091225461922,-0.243295253323583,0.36953598430826,0.157418156332139,0.247657720744167,0.741834089904638,-0.0819319006204544,-0.0674062951531211,0.262333675693377,-0.120034215039705,0.549010140706021,0.0648617097235135,0.685784620060358,0.249920111049753,-0.285464450461052,-0.132290960188579,0.430293711911963,0.0745142697782523,-0.252675604977674,0.478145387480711,-0.657448763482518,0.18055388244607,0.22144332380492,-0.39722151104703,0.452626432310592,-0.20363408258788,0.0130582055752663,0.189247880402246,-0.367986040982166,-0.256617196215849,0.646043655422303,0.0396419703504325,0.724821355136422,0.647669502515385,0.583166209489306,0.122443790555861,-0.390737047081226,-0.648081742737909,0.48938225420701,0.641566531585764,-0.159460106468949
11100,6,0.111278549352302,1.21707603488913,-0.23768323448743,0.955949486014135,0.835682294714195,0.452456584738584,0.963558241766248,-0.630683391533222,0.189104772297284,0.215332326138052,-0.0431340820156546,0.701566754448752,0.487306439590494,0.287496658945762,0.873945528226757,-0.538462958035999,-0.418911493359537,-0.406751532155091,0.110094491410385,0.0792308687016951,0.217791596626888,-0.110967376802262,0.983651442770037,-0.107240231082992,-0.0669132844144427,-0.086291303384821,-0.348391926702368,-0.28340770389816,0.490741967917133,-0.577289191725515,0.620560398208877,-0.116079680353826,-0.571466826109259,0.586071204619214,0.0144070498438172,-0.0729242245694173,-0.098327773085836,-0.33325998204386,-0.574703356547273,-0.235711840926671,0.269637247421716,0.987013631008006,0.942610717300845,0.0370240880818033,-0.201446136157678,-0.539677365184267,-0.440919528596788,0.60369069825266,-0.550848226929298,-0.609554633656136
11200,6,0.142500789375466,0.694680882227632,-0.0860597465422586,0.237404691804612,0.363113513730911,0.257508811902384,0.4435632625836,-0.294983023411933,0.347780054102449,-0.0769538938203401,0.0719459991831682,-0.312282753611097,0.208174826435448,0.559520640042374,0.398359412510607,-0.41212495345143,-0.82946549288565,-0.167195071969289,-0.385861247025174,-0.168234550373667,-0.310366474756781,-0.42194217473065,0.98981555917708,-0.469260758776356,-0.187117441971609,0.247244694891411,0.2069220893366,-0.160426526277147,0.487440591691735,-0.875646125396072,-0.163390406883659,-0.0741027713682146,-0.5645292093936,0.0311390459871832,-0.299863606167682,-0.694065668859796,0.0788417153472277,-0.314842646687177,-0.2352871846857,0.451889206292631,0.538743912336179,0.133642002569208,0.677606989519933,0.417674764608614,-0.114924074427968,-0.0208209819964839,-0.679065720984061,0.571441056064626,-1.24283552084928,-0.656534952417109
11300,6,-0.508049313108341,0.394596124781739,-0.0125645253535789,0.312744313359298,0.0283521706328762,-0.151127222663334,-0.0522726168698745,-0.524588369402905,-0.301437708682411,-1.20464842534322,-0.360243178065199,-0.361815376655406,0.011898196945979,0.284291192236135,0.198615277694965,-0.739891054938031,-0.794831498480913,-0.187296297347843,-0.674700169386088,-0.0160014557150812,0.229980811982201,0.180753206778313,0.579818829603447,-0.0350166059900364,-0.457353434679132,-0.208803792696432,0.22974065926855,-0.341508673592553,0.00974951221736187,-0.491383343873443,0.0396439013554073,0.450037782768698,-0.306223259785592,0.562537048047084,-0.570548791454515,-0.695693942845342,-0.0642732528743227,-0.954800233090715,-0.0384807243757068,-0.111481662214881,0.148748786550484,0.594233780157834,0.595523022864771,0.422533242083806,0.441919639926767,0.149442839512079,0.436214114333698,0.0745492842008909,-1.06777704638449,-0.152438222386748
11400,6,-0.425805263066454,0.0593453973450096,-0.321992539268611,0.156367859368586,-1.14852026017382,-0.834321241521803,0.577621713915814,-0.381461841168884,0.264384235010607,-1.19552574234044,0.347373972098389,-0.849775683116583,-0.488084078207667,0.639521848133357,-1.0801744754229,-0.52662669402473,-0.665616634728676,-0.567442897815557,-0.837417026984187,-0.374816770688028,0.0849928856120459,0.418305359551016,0.0430520593248573,-0.275678304264063,-0.372042014735715,-0.318617388943077,-0.115815778474024,-0.289364326767539,-0.193933524391952,-0.0435946131165382,-0.514885225052291,-0.0472764523983721,-0.261648009848333,0.814700800052598,-0.554313817283888,-0.510549726538442,-0.702569592537341,-0.802544453370036,0.155337853634872,0.093642334298543,0.237496991660431,0.539001859037536,-0.226812153058962,-0.241128873727229,0.228995726484655,0.422126103642157,0.286024214849217,-0.867431420465946,-0.958459425716723,0.199361770259574
11500,6,-0.696524247183947,0.0299226847727204,0.123129887688062,-0.410375918993866,-1.03642915092658,-0.586391553396399,0.517878643904179,-0.146054817931748,0.293826129324335,-1.12717484196227,-0.0551234330650799,-0.933117101955426,-0.0511342919104193,-0.145097753488168,-0.124226004197782,-0.372321488165588,-0.480779634957487,-1.53567985404335,-1.35812291633518,0.454252812986428,0.121211679770223,-0.189511697841781,0.0152490056431887,-1.25769956438381,-0.565038838238287,-0.657343930946076,-1.16272859303255,0.658882268051754,-0.38515577824422,0.525990844122889,-0.494144758854531,0.471759199236007,-0.618387671804754,0.671223452207114,-1.13686330138448,-0.0299670283625135,-0.802137496170341,0.031089209248507,-0.518956879778299,-0.23844045141387,0.285521104521261,-0.195478326579711,0.248180750327139,0.0356146095081851,0.358542574465143,0.356746668378588,-0.360229692453842,-0.743758441926115,-0.434364964299009,0.875200590334655
11600,6,-1.25687537322663,-0.814039960829236,-0.608707250125494,-0.58866967896031,-1.49064356355265,-1.2815848595934,-0.619870739373984,-0.797015576008467,-0.729020134868433,-1.93220948192934,-0.299955152941709,-0.605292972553621,0.465618580315923,0.0448520451429477,-0.664228117978377,-0.630502633487455,-1.39823119350114,-1.86483607184369,-1.46435604312709,-0.0523471845724199,0.0603941441692873,-0.803836864798463,-0.156989730449346,-0.437124948518882,-0.168448812828668,-0.171579175566882,-0.536176055018972,0.392702935079991,-0.644188894392068,-0.33914296599662,-0.101447881850774,-0.377445675587841,-0.664758801230215,0.979385094659852,-1.66954519202951,-1.09208580818989,-0.266261949739626,-1.33632383677632,-1.43326161500214,-0.58904256792245,-0.586626794158236,-0.0271835258701528,0.101370264454057,-0.22876589637789,-0.233132171548502,-0.408300669460314,-1.63083718472145,-1.42576791647491,-0.262037268041227,-0.399215869021247
11700,6,-1.54222112040182,-0.874106442937193,-2.579491336388,0.0156799282148316,0.221884763125025,-1.01131229496045,-0.567662614296295,-1.07125035292403,-1.4617427917506,-1.88083786854175,-0.448576060498638,-1.46430990484058,-0.662511983089978,-0.0150500465275684,-1.44145425593466,-1.23886579710524,-0.900173699683219,-1.82503522903375,-1.41240307192665,-0.279662244963983,-0.42096364080075,-0.427345339647731,-0.417211284880257,-1.83259990079512,-0.716525230003414,-0.50229239813083,0.362220967764597,0.326360874136998,0.336388609281617,-0.0960191941281913,-1.38998739889173,-0.000284699682394751,-0.843730846755352,0.340615705871614,-1.17563994226335,-0.426972890154442,-0.401119479913213,-1.56720044026521,-1.32896956914013,-0.582788051553573,-1.30656419627147,-0.624737658382496,-0.807189918741778,-1.29475394605531,-1.80513082491296,-1.05248986345936,-1.32749925374862,-1.89291894694231,-0.551819912378671,-0.258420174903114
11800,6,-1.72009602729405,-1.63569680590315,-2.73857489015897,-0.879625179232327,-0.262125549637639,-1.32327384184905,-2.43146166595876,-0.927684268257113,-1.17045186801226,-1.18876817862256,-0.419251382970358,-1.21355665792084,-1.45431764311874,-0.522567061565544,-0.57380230788947,-0.831835310919407,-1.25318018148435,-1.04573616183962,-1.16421416314163,-1.86149453515913,-1.58791725553964,-1.30907666891614,-0.568625454195049,-2.63286831238334,-0.754837347952748,-1.17011306379641,0.100565863938589,-0.488007723261361,0.0297892843022678,0.063940979369536,-1.50731806292138,0.0516551236423781,-0.790471279710879,-1.2442002831792,-1.59728612695242,-1.0386492807922,-0.872245548300825,-2.22666109956525,-1.2363089468698,-1.7591697376485,-1.47363203831965,-1.03667227261636,-1.74724358874353,-0.730527372589503,-1.54323757398264,-0.835864736459864,-1.13301387432886,-1.1860409069236,-1.78768069394251,-0.977920309008498
11900,6,-1.74028340202028,-0.746258500957879,-2.23691090311617,-0.68388191235741,-0.957121095297983,-1.28118399294937,-1.75135715926638,-2.17401327424133,-1.04784987643019,-1.15947604310929,-0.813169221076553,-0.932758265074181,-1.16070378036799,-0.504991104898443,-1.39770317558036,-0.77393728878324,-1.15524754220364,-1.41466230219232,-0.420000740032518,-1.96669507871778,-2.06314386481883,-1.371959071328,-0.219405955618146,-2.57088633971172,-2.69116090919758,-0.915826050421338,-1.96834709897523,-1.32323862519564,-0.450579915084814,-1.07984802975282,-1.63718855945177,-0.376066075341472,-2.56463760242824,-0.502841522098426,-0.551212602468879,-1.92408040900843,-0.643507098889941,-0.996458149286605,-1.67659687571963,-1.54143184453014,-0.725199351145326,-1.14586214477445,-1.90474726008014,-2.1424819315425,-2.08460045976977,-1.20781740877491,0.280824717385747,-0.881373285418434,-1.55689583893603,-0.271560986090712
12000,6,-1.12535939744277,-1.18741740998429,-0.946725145280519,-0.780000577787617,-1.22383556889049,-1.45785021189944,-2.42189651295134,-0.237283227708995,-0.727373133867706,-0.881149099423129,-1.76231710107977,-0.945054128055941,-0.694935215003822,-0.00569870707134895,-2.39501895575618,-0.166112827539027,-1.36043767383089,-1.5414639365544,-1.0236138640531,-3.44549100181006,-1.42333709595786,-1.52373112558513,-0.402330914765574,-2.51748550959883,-1.87986376173019,-0.322812090798657,-1.54438135832309,-2.74745543455538,-1.63126420744277,-1.67156223657689,-0.767897658537617,-0.830282451164851,-1.49531628997637,0.271222144679695,-3.21719301015078,-1.64499007947494,-0.39196453996767,-2.17261084045078,-0.66602421071509,-1.05418321341384,-1.34090988670666,-1.62189706561529,-1.40449410033703,-1.27519357645805,-1.40516962644401,-2.05683758114178,-0.0986611474367434,-0.31971108327789,-2.00773308638754,-2.09902123590323
