"binAges","ens1","ens2","ens3","ens4","ens5","ens6","ens7","ens8","ens9","ens10","ens11","ens12","ens13","ens14","ens15","ens16","ens17","ens18","ens19","ens20","ens21","ens22","ens23","ens24","ens25","ens26","ens27","ens28","ens29","ens30","ens31","ens32","ens33","ens34","ens35","ens36","ens37","ens38","ens39","ens40","ens41","ens42","ens43","ens44","ens45","ens46","ens47","ens48","ens49","ens50","ens51","ens52","ens53","ens54","ens55","ens56","ens57","ens58","ens59","ens60","ens61","ens62","ens63","ens64","ens65","ens66","ens67","ens68","ens69","ens70","ens71","ens72","ens73","ens74","ens75","ens76","ens77","ens78","ens79","ens80","ens81","ens82","ens83","ens84","ens85","ens86","ens87","ens88","ens89","ens90","ens91","ens92","ens93","ens94","ens95","ens96","ens97","ens98","ens99","ens100"
0,-0.0940361771231101,0.237224205659664,-0.354180910107209,0.118037672259648,0.211026187926774,-0.135251841411747,-0.0683747113115674,0.0256232373382476,0.147609762970847,0.270754368403064,0.18530750223653,0.0533241504577998,-0.121872745281347,0.0761752352151447,0.249835331133001,-0.153260977040151,0.211334277372517,0.265850901478027,0.183659146558623,0.245805048103083,0.278831546866655,0.309265825154879,0.0500445068117769,-0.322907899903738,0.407402231687375,-0.0866081474683164,0.27734861269913,0.278037744750954,0.237371552958464,0.351229761468426,-0.038774475382797,0.339748101370761,0.213116016766558,-0.0833352992254817,0.226552590942102,0.146288066276046,-0.649014400107,0.574631814332469,-0.0843790566297686,-0.0122768796635883,0.444482307008592,0.364913478898689,0.0739001465691955,0.415012007574999,0.176860266171134,0.0610406247608291,-0.246758152290627,0.206698760704016,0.256009610045301,-0.195333987928347,-0.0746510106147859,0.129178788412232,0.263627529945844,-0.0573268123473467,0.411804826202139,-0.125890870755232,-0.0147938052139998,-0.0292904093817641,0.397003469782989,-0.263791822828482,0.140868264230656,0.0307534618870606,-0.238020331440085,0.438607738056165,-0.117013476157335,0.223148092130244,0.509108504836793,-0.10740753044656,0.309740150722067,0.150846571202446,-0.380124453186375,-0.0851463670431438,0.0989386997705071,0.170163444969658,0.31497270156662,-0.0208244068195885,0.381221814333406,-0.0175479076345683,0.14769522568202,0.164883415107894,0.338921938479402,0.167865902712955,0.579193560398532,0.10507421561316,0.074075299857745,-0.370546005169856,0.226034405781071,0.736756775924811,0.320786302128762,0.322636460773075,0.0778039339527473,-0.0143443892855301,0.195160227893792,-0.325310199209901,0.305941059138969,-0.0261834800866313,0.672477576936985,0.176524439510658,0.200249228374431,0.43896943144903
100,-0.0579118684392619,0.141170642982733,-0.250814564845589,-0.0394449567297079,-0.0310405934950635,-0.0819176489601747,-0.136987372870886,-0.0903612304080115,0.0867220679441406,-0.0052622284555221,-0.0280099796079,0.147292741211973,-0.055013780504121,-0.368276838278724,0.0563944053585323,0.0146443422221739,-0.0532472971980111,-0.0480200096890974,-0.0891410769505359,-0.040512745112273,0.0870122702051727,0.18369757030265,-0.0795308026590896,-0.0603585342878394,0.428721518598181,-0.156851407200159,0.134814894696916,0.10430318179043,0.0182620367735303,0.304912528796455,0.157188985020226,0.0586299787176099,0.116963989045453,-0.079547492531456,0.17587318155973,-0.0235139619034582,-0.266146678919857,0.309344883578352,-0.0324644523863748,0.260733535141593,0.368248244234148,0.0330895729444022,0.0452961369367271,0.228047060883425,0.198147836959151,-0.0194099796882955,0.176886688803804,0.338757556757699,-0.113208998432994,-0.0521639605475374,-0.306301308205047,0.367642841983419,0.219068929564996,0.29390108529589,0.446397560152328,-0.349703469220755,-0.0920387902428807,-0.0596589538637854,0.13672359728683,-0.19322937769323,0.194679740007785,0.0703626200513978,-0.275268636796201,0.279587779766593,-0.220449255651009,-0.000706374804322951,0.102800215484612,-0.0124752069879656,-0.102825862897759,-0.228560517090801,-0.3023007647348,-0.168750970861898,0.196716135330597,0.25219762218574,0.18179195314778,0.0396943311271857,-0.115804886386422,-0.0985613402925084,0.322676269263376,0.0686190898473795,-0.0321153541442203,0.000706374804323007,0.354489880629605,-0.0203987745536677,-0.0199880328972454,-0.38457019257761,0.108285504726629,0.13234717302003,0.162537947653409,0.108150413448582,-0.0780934282090429,0.0455346005743626,-0.140624794030569,-0.0376406795329003,-0.0284209156788306,-0.125271972365813,0.426882084131177,-0.00651072105173067,0.0167662498179184,0.115899189159255
200,-0.0671590422459352,0.144604732822062,-0.192060507003701,0.170536228901011,-0.044302217981235,-0.013003038947621,0.0705076868049116,0.473829670225014,0.148233757937507,0.111539676924684,0.118132498958473,-0.0477324103597815,0.177832287965021,0.0665687814324938,0.423496796690899,0.0580212800596521,0.0759063167695818,-0.0546679579809117,-0.0618426374259429,0.357199119162096,0.205176004674241,0.3917926948781,0.147230165438567,0.243177811321118,0.529366535350611,0.337239335778052,0.344979987672293,0.288984169620407,0.433414367441989,0.475936819277917,0.570002204477027,0.120318525558533,0.369921208519672,0.107410686293516,0.326100933607251,0.368160124052667,-0.303405570315282,0.473143726177648,0.131173287954033,0.401032396014749,0.37454029981693,0.216210288687085,0.337037558129766,0.514588144644404,0.465115891715481,0.377606507010855,0.259830558367604,0.462591564170821,0.354173538152555,0.104461205298895,-0.0308641220287601,0.217150985081915,0.395891121657295,0.494598632317113,0.192600261874848,-0.104897598621333,0.1907770056356,-0.11154939296544,0.29602667162131,0.36380310428058,0.0803125335528128,0.0858915773638496,0.166881955747676,0.276498714289929,-0.320879992716186,0.245744808103039,-0.0727697877040229,0.0553821694217462,0.284899425427559,0.212895755622589,0.214468274355801,0.0087721486377218,0.199318705208127,0.263897390481814,0.414817678640437,0.155347077266208,0.129986263220992,0.236709271330312,0.426785499731657,0.167375031994899,0.141191748284232,0.383286864123999,0.29380458783796,0.210616753221069,-0.204532841193463,-0.1503407081579,0.408389459632865,0.110694991467882,0.461190407142555,0.0349095107168573,0.0456779999841959,0.247321576385353,0.450784559733804,0.0569972304374766,0.502034907437344,-0.0615813467568431,0.62959918826023,0.162148614024794,0.0334099421462449,0.208537636929774
300,-0.164759191487483,-0.0484726646751696,-0.255586687101213,0.11218168684678,0.153348014498734,0.00342531853460876,-0.0727372280077809,0.246762404964607,0.0955652421338377,0.0779021578130321,0.038416810086381,-0.0959059760722072,0.108958100489475,0.367519921604788,0.355427214344979,0.191974424231586,0.182372859430709,0.199676742802648,0.117859099539501,0.28450166403849,0.0245723496065032,0.274910600411216,0.161331957224223,0.407941719272396,0.332699066807277,0.360270563678822,0.333533775941142,0.214409176280983,0.462476881266297,0.278063847187462,0.367750514654294,0.15270744769328,0.325955123788276,-0.0575120243671546,0.247937875561831,0.188766487953374,-0.102394431274165,0.166473801882513,0.11128068847872,0.269695342915475,0.385436381869254,0.108419322638677,0.454723903790132,0.451089361289778,0.459399537556162,0.441119010685512,0.254221138308784,0.570039837000048,0.328698936721624,0.121894007468757,0.200360531981232,0.167398017721191,0.404875655149106,0.227989331965656,0.126241574364876,-0.166031020414602,0.0922513377110144,-0.0475497599284099,0.136089016959316,0.53418243439923,-0.00153692144734868,0.0752076235928492,0.189745926152924,0.287797639837161,-0.20859089616109,0.174462554823839,-0.0454781372886164,0.10259131598543,0.283732277592943,0.352384904145623,0.235094894230839,0.228939233307085,0.136547097830312,0.363674130602105,0.337465010753475,0.193106315262947,0.128384699698899,0.244336233341356,0.280443734371223,-0.00482048688250458,0.155173616083868,0.558057934615898,0.350967462296221,0.0630562281172627,-0.0186779813793246,-0.0571369186399231,0.286328602531283,0.0711754477917168,0.383002514606987,0.0486588998856677,-0.0778773774995459,0.143314468376056,0.428377850781481,0.105443988597518,0.311850186532271,0.0808460836277872,0.582119734507051,0.143033874795909,0.00446399344607007,0.220941545940879
400,-0.00766358100736442,0.256419091228489,0.141394691418986,0.117750378001961,-0.136588349917117,0.305922989518992,-0.0152086869791521,0.281991394430253,0.0196787412021291,-0.0566211009218766,0.0606211213683233,0.184077495915093,0.194596922704817,0.265530228019108,0.357466891349873,0.263463251583951,0.155314855390008,0.303575746053903,0.00125635624353426,0.0728656429104272,-0.00187933320394906,0.353797969409895,0.232013101193664,0.386836571815333,0.20519460748954,0.190986796413539,0.471443085120271,0.111295613087251,0.528944228707676,0.165881808940821,0.307922724250267,0.258108756852291,0.419517210948158,0.207453242746262,0.459667278441953,0.225660099132655,-0.194415881535442,0.346528373891597,0.497443057428988,0.44296710177976,0.401197467063396,0.168452284320692,0.423140426469478,0.345015314789679,0.268872505602994,0.422909303265577,0.404040947285545,0.474642485290892,0.298929244539926,0.26533839066498,0.171283418006517,0.406005887859501,0.344800366294219,0.2116939147106,0.106560947691647,-0.176768626360187,0.121747054968425,0.15081255691005,0.189272181093485,0.375570356515973,0.267317223760498,0.16888780773199,0.0486111651388211,0.309752582232149,0.0385955958833326,0.0738106542550898,0.319089816307586,0.180917331259707,0.274890837368349,0.482534945674729,0.456316651635172,0.0691050827044221,0.221246411800336,0.406628288860132,0.30907393950145,0.347945317614248,0.233980386973887,0.268354061726368,-0.061199699152965,-0.261833605026373,0.311364797811277,0.522482866540357,0.0937022997910328,0.0534353419038963,-0.143175230697369,0.263399915718129,0.460256577741898,0.179127555172603,0.955742537873782,0.127911445670048,0.135271592255489,-0.0477635395317447,0.267110186071312,0.100382830598223,0.493853655963883,0.108562183567676,0.355057444926898,0.0789713649547136,0.234123391175815,0.276080264477776
500,0.150163246108644,0.200821119732508,0.0522751837775264,0.101214073209059,0.088489285682227,0.0976707590708825,0.214150574978912,0.104996358719278,0.0908837726968511,0.203947324772785,0.130408747263374,0.293795034730918,0.128592196487698,0.0794417117118525,0.420758786874349,0.251819276325045,0.278772566893743,0.330751448726821,0.1031479054494,0.0528865064470259,0.184152378678475,0.185842874408012,0.281376450008703,0.364023947305131,0.185666036767756,0.143085324277935,0.359740545662619,0.0731207625433713,0.495317870884778,0.26274642380751,0.177600658013153,0.311442422996612,0.361528117967224,0.112667541069996,0.332142534601656,0.137456752116813,0.0608616527833152,0.246139324653898,0.506683292216685,0.0405569356923159,0.354220584123648,0.409364604845669,0.462967848607787,0.317055712640615,0.366388620631273,0.403696911079948,0.48932990526497,0.473733842052942,0.162661767498513,0.129214627346911,0.169595274251268,0.171628772208212,0.454190452909176,0.397465225027816,0.178398066638918,-0.179175519096236,0.203686242119968,0.324453208887415,0.350751553314929,0.40940126371587,0.0996875872532256,0.238879482711963,0.0100819336016995,0.364464280696718,0.17148446637361,0.108771016449825,0.176741160611604,0.124839883915079,0.316593316799766,0.344403997713862,0.336641487193897,-0.086460592901598,0.0581320705881422,0.319464263320203,0.175890118820696,0.290310586900202,0.0556543357925882,0.105844252011864,-0.048750087674978,-0.103079007849158,0.446756860074939,0.406034747243751,0.179806582691708,0.0724274857138793,-0.303004352666509,0.226986446748041,0.547776868276051,0.187253624251948,0.535812068046765,0.0572317947403495,0.348016329469072,-0.0443832508398981,0.25387364246715,0.320852724413952,0.363182062573684,0.080047726521578,0.366107970165198,0.237104638089573,0.22011329649076,0.361386753663273
600,0.108672027662593,0.37858158258722,0.190048151942527,0.106567000436263,0.252283617817613,0.162926536842889,0.188636676599955,0.124526890464489,0.343076831553459,0.188638497670631,0.224778638839988,0.139627397980765,-0.110283096779788,0.24742531383281,0.434392233544016,0.348701386011174,0.373302628561272,0.290611654002909,0.0989653459167297,0.290480273361631,0.385085777839434,0.197320788314091,0.191332157591244,0.263494931165492,0.330523349644908,0.255606630512292,0.511924496329923,0.306919247095388,0.622844111415986,0.0940178275464167,0.159627842427617,0.531582052043007,0.435139297247853,-0.073979430429842,0.236397635792019,0.292389318889889,0.3218945598578,0.227629881504469,0.541486558337971,0.00361902049878082,0.314471704581605,0.540927863379558,0.389061410960228,0.426551253341097,0.296157480559589,0.271959366067183,0.600807213146815,0.440278005345196,0.256335053076634,0.191463307625989,0.260548262490342,0.203341541603617,0.458452591003815,0.238759313224253,0.0340988850968433,-0.12461132938718,0.236011966175963,0.229378736782184,0.528892249783949,0.285232533313496,0.265602188012935,0.318518329214813,0.198038117114814,0.507855813442206,0.230377899598502,0.179605105209015,0.106087708829382,0.466528071906197,0.155852406658578,0.383548007059394,0.364968771754372,-0.0674934409148662,-0.0315516171193557,0.129294550584335,0.412099437516331,0.286369385016016,0.100933400064012,0.3178055010006,-0.118920390301234,-0.296153800290625,0.479862737517164,0.240053731905858,0.157932148650038,0.0140300928453114,-0.237360178507595,0.282904573944353,0.571410955380795,0.168198265516968,0.362315181375871,0.135113846283478,0.439595893895987,0.211961509320694,0.100399621343763,0.31068614436792,0.131985069162765,0.195250288647715,0.592537791664862,-0.0027130904477532,0.376070463742473,0.580080475973436
700,-0.00217472147650982,0.390092254230717,0.0171450486303547,0.0639912224235772,0.103018424472559,0.0219291720010709,0.168268752458803,0.175252819742277,0.06869818384913,0.173262924040213,0.17319446186292,-0.178444937710456,-0.385589067416986,0.156658432316827,0.454947545431753,0.319719260576993,0.318161066536974,-0.0945858546417869,0.197452042600097,0.139723653111662,0.236486368944282,0.258142045101847,0.208372958761052,-0.216374320235963,0.156015473628456,0.199392618978535,0.393411174256047,0.0811349589774046,0.320872972947236,0.208932696360582,0.0568852935599465,0.239619991901021,0.208064801600961,-0.0184441295641435,0.292144346035156,0.0294922374926515,0.119951219701693,0.206477398144207,0.436043162774272,0.120132179783851,0.232676471433687,0.316750704475151,0.491540124337687,0.294756462359346,0.2541603193375,0.0451620967390147,0.438700535682954,0.356033196605148,0.270075484713029,0.129834606380987,0.294054606400492,0.308321458435132,0.40875077280173,0.0133926048561743,-0.0268311200919237,0.130677249387362,0.0790146835023472,0.380559454387113,0.594543798025547,0.431902727781198,0.0911894375784721,0.291706109550283,-0.0164662509341046,0.442446501795803,0.213572532485699,0.359372531354056,0.0281557198268494,0.301115989376613,0.171533435612896,0.284502951756823,0.0375296955974285,0.0883804137220439,-0.0971298664326758,0.137000247971202,0.0893494414201644,0.0653504067988213,0.0414945283825423,0.12263792532522,0.0445997237336612,-0.178221428439114,0.272518651668035,0.103054737110028,0.0245908320262361,0.138942406820494,-0.198291679709333,0.218721400312889,0.515227899410427,0.0351542660078667,0.568031506727928,0.0893689128233606,0.20256506280287,0.0462920131230135,0.137761450316558,0.17949089082165,0.102093161642651,0.149803995841168,0.413637618110247,0.0867131686813796,0.268778917621418,0.551803462357732
800,-0.0652854125456138,0.26989479529132,0.099426823492738,0.255916647914294,0.292321328217259,-0.0954074833964647,0.132611559257227,0.126918706929847,-0.0851987175924334,0.111377917420552,0.2374185940895,-0.108502929329286,-0.112873426100573,0.168595477142058,0.224141778340516,0.33308839552437,0.388914975269614,-0.227268381911618,0.0696965311875224,0.128158400520686,0.102807886744697,0.201601422796626,0.0624937590355812,-0.216109106970919,0.135387976768938,0.315270391287162,0.488337756440394,0.121749825551348,0.29520355628221,0.222567775275615,-0.115151175026295,0.102701106046267,0.298372456009324,0.206856627570291,0.3141565467577,-0.0313241893394678,0.153543645296132,0.136983654361292,0.110042037250902,0.210074584282095,-0.0293637490044997,0.205096259182548,0.376141062298039,0.344761145918808,0.49285305945149,-0.0620131444532509,0.306372545349221,0.152558649005878,0.357135666048153,-0.0432909319881261,0.352535095737991,0.130356509371041,0.373838319276541,-0.0388267072838733,-0.0366582740364355,0.15437267214065,0.0305794587311243,-0.130758116380421,0.602439271485966,0.284472649437591,0.20473565201262,0.0947563291547063,0.234548654989604,0.156306172166738,0.315605120305538,0.413432803529364,0.225250612362449,0.28243625158882,0.309742146828555,0.486239034750715,0.0347528399693416,0.0852256745557764,-0.289684757252093,0.196495621558754,0.104009902308177,0.154073590354623,0.19965776921153,0.254923928486601,0.061168619567518,-0.272431670026938,0.273011607102406,-2.56319321150777e-05,0.0500056409368515,0.0414155411230411,-0.0134360737749987,-0.0490144358703298,0.639390631220785,0.128220234820752,0.548631837233744,-0.191085206757298,0.355742142902912,0.0293569481132244,0.365260972171892,0.301330931446255,0.202892483142347,-0.117050288237356,0.359268817363695,0.146186755911877,0.498893111749013,0.4002013052033
900,0.0510866033593887,0.277104050122385,0.357055655686294,0.191124869640697,0.463685757109562,-0.198955246422305,0.116431491441284,0.162362937148054,-0.0688780475313168,0.10441076186665,0.249465892501942,-0.0664139035902412,0.0858812115769356,0.0875361607290527,0.0632672731861529,0.219821182172316,0.269335927322583,-0.216499636355806,0.170555150234279,0.126317726281055,0.228793363443417,0.188600402286871,0.193510886400803,-0.18729113560624,0.0484302043445145,0.275058164854594,0.264290830496298,0.329186071390229,0.286397704372576,0.156461858618721,-0.0744204122047106,0.236405920174666,0.378859298195146,0.256684187000317,0.432678604486286,0.0545804434794213,0.106509421128465,0.222478948170557,0.163238243334408,-0.0131673026997042,-0.24399153314843,0.229434454285447,0.354738239826312,0.321241614599518,0.242384989075578,0.0400318546959504,0.261640214826877,0.115189785157147,0.41505761454945,-0.0655224680538206,0.438803165195644,-0.0890030636269604,0.252320429896554,-0.10403048882946,-0.0257685850703235,0.283643153425999,0.212411027048717,0.0208872682615602,0.495150570631275,0.266763143504383,0.144337108199114,-0.00368283148664561,0.280029806925556,0.159479676336515,0.377390627067434,0.444547641800393,0.340061571516099,0.454712731261956,0.455691873076881,0.329284197613895,-0.0265340072698396,-0.0223096413721244,-0.382322969594295,0.245765916817367,0.327014737228702,0.266843886437497,0.0292821900188965,0.27262466901124,-0.0826427606753776,-0.23223754077024,0.125153442770616,-0.0214432031238003,0.185451406333197,-0.0583358651943038,0.129134450650181,-0.191994446039778,0.546651545807601,0.176676920363172,0.426097216666138,-0.218864158781125,0.361036467256749,0.181952784348455,0.474392831919589,0.263313349587119,0.122525158009288,-0.00393899502989237,0.326684033876943,0.222682238814735,0.568388824092787,0.263250876430085
1000,0.26852159437878,0.287110277881904,0.497995375044656,0.527135357237067,0.451756608870524,-0.151763421259736,0.100166813360083,0.277657418626193,0.0462164527874641,0.167985791730581,0.277643546413541,0.0887739708115356,0.250795146440765,0.316984058257354,0.0562174350670198,0.327072395223294,0.456052453553722,0.262418834171794,0.423033921690534,0.202433719143967,0.350252014816002,0.266598120156229,0.397233704538627,-0.105437249470727,0.365145948936189,0.461625049679494,0.312588755633615,0.159781925195786,0.326094302007851,0.213684022994076,0.0768820602189317,0.0157987669317702,0.310365462368163,0.265890727414195,0.548157858061896,0.125769574135623,0.356118485333601,0.236838731817314,0.176263533304375,0.253715885369936,-0.146164355957098,0.214790739634137,0.453723576238938,0.278425785108827,0.0764754393884116,0.327123260439946,0.43495514442817,0.183984621217036,0.617175005462879,0.214049651558772,0.566793505974623,0.224877419150718,0.228912585030033,0.226856134480568,0.243373306636929,0.155102267302111,0.406751592409583,0.112072955399793,0.336480752716559,0.203691819308353,0.161193379374982,0.189991686916165,0.346629290135995,0.256037617551681,0.304627863427321,0.438426561902871,0.547986537349805,0.650585473811352,0.317319843071224,0.283850181240301,0.208156372163047,0.203619363632335,0.0606793727415463,0.343115482981681,0.480023358614218,0.439465379052227,0.192495751388498,0.511281482422695,-0.0270987268720982,-0.0427561455734797,0.371833846067629,0.213567872842081,0.45519415938921,0.121664609950696,0.179186704797985,-0.00515416261398166,0.491010843772731,0.273564908248793,0.465501252005895,0.00678135858990975,0.457099589840415,0.436267462951621,0.456753558964402,0.378258555898641,0.18446612125365,0.222343887171408,0.54481941777489,0.239643012004628,0.552374511856281,0.29866942294381
1100,0.37046663641214,0.346102879996438,0.534686659621647,0.518905673258888,0.431114215389865,0.11471095376592,0.272198124634367,0.297378623690951,0.267453566692689,0.271780400849086,0.452645727327729,0.250639219935471,0.282328578319861,0.571634591813734,0.194501748458515,0.292386357452672,0.447196854245434,0.412505089814288,0.3580424906654,0.388885611051294,0.483433055092795,0.30952939280113,0.292642271436107,0.105644566064973,0.352032173586709,0.385460865988201,0.448563420779869,-0.00523192327644983,0.511240787989489,0.210888273224706,0.236835162972806,0.110064002176451,0.339475115980752,0.351297635770432,0.765338102423638,0.222704774879816,0.316359925738799,0.318959328114785,0.306458536288745,0.32481292912871,0.179077526956884,0.531045154088118,0.40351710903937,0.458797247802819,0.199088978610513,0.296569785030626,0.4822715783464,0.537169411966743,0.555632140603413,0.461262411556534,0.574707603107889,0.339174868958196,0.104159309456277,0.281012452968581,0.188709610543908,0.461401599920849,0.471589007363438,0.405801484911778,0.234722197088961,0.373560326886702,0.365934505737838,0.341997355854724,0.559492617691163,0.539044430497129,0.367254231304857,0.289846714429212,0.449109831428369,0.541154651215396,0.36961992689438,0.595528881607219,0.388633004794227,0.333778828335546,0.128334149290739,0.206502771129979,0.438038064593289,0.542277181906757,0.301037388907838,0.648157132688756,0.231233523998671,0.131104515988795,0.408907452513083,0.350305397403575,0.50471574979739,0.125266377399235,0.117833510348856,0.226962297768781,0.564607475243794,0.31663733701017,0.429107448271564,0.380951907719237,0.450647693571129,0.409023862419493,0.39249985933486,0.341964507462558,0.204900006000574,0.267352510080969,0.554756735272034,0.413154855449667,0.573617148440153,0.383760186679078
1200,0.375231508998258,0.463932421761252,0.5307200857458,0.453574612824278,0.433830507091097,0.118817020878519,0.317338658368463,0.122747080148174,0.322897093233984,0.495401701285405,0.391737853437484,0.410141507800561,0.484756518139441,0.383518898983303,0.201278079347601,0.216125674217288,0.334271996671283,0.451726845673682,0.425719513651806,0.301296230490736,0.484700752345358,0.365190602231578,0.34921684984368,0.124840996051249,0.369700667623506,0.33693426140296,0.425442091299158,0.0756515253538522,0.335702308559873,0.340831019746852,0.255666699323503,0.0820690373085031,0.29370093181452,0.304104694989076,0.450692315671015,0.0665782590252246,0.206875294247151,0.110812300402086,0.133287662705335,0.301652350278948,0.0720813672758392,0.27979903215424,0.379907523394167,0.378932603193767,-0.00264525261223941,0.044757266342145,0.16450712598195,0.413703477507636,0.512704655638381,0.282102761394283,0.56181077750507,0.341540545138205,-0.0773818155769556,0.175375378540303,0.0814614583524098,0.283944818749162,0.356659452638249,0.631624565891368,0.311416611080714,0.154503891544699,0.392241865101306,0.411698398755259,0.461786407559467,0.420314345833876,0.321316748703294,0.343488731639489,0.381054849095025,0.447850621816971,0.403895412543283,0.322565809307823,0.433712926944637,0.503985770024329,0.25933641475536,0.169655238764664,0.374813483495928,0.426810779056541,0.223052004019638,0.604456983978746,0.315949045231591,0.293753227699701,0.535583314616718,0.367726048578965,0.394209755803049,0.235444934929668,0.233319685102581,0.211379131572485,0.572563140429341,0.391777565915053,0.387734693270011,0.210948799106947,0.399592552907023,0.561084568010484,0.4002480276787,0.415365822588426,0.114015024356885,0.255323228087642,0.624732887056489,0.378084025045646,0.52950688276211,0.397834143612974
1300,0.325140033950489,0.550512017909817,0.658366374382482,0.57506846494248,0.400325998899777,0.318459158733997,0.438449152363876,0.129720128651028,0.399172579805755,0.466654171202824,0.268039894579794,0.469859020447455,0.453216906923436,0.0464668135078216,0.170522667697035,0.420564495817864,0.175735945204186,0.445708203515293,0.623682496482682,0.335941138588464,0.499945544635809,0.253898117181618,0.537836329822881,0.333432406863364,0.416696891472911,0.34871821023847,0.599007272203022,0.288896683560398,0.0708928613633882,0.31695113655106,0.334092103308481,0.22537280363978,0.398122777318313,0.366921038957833,0.746196645007385,-0.0278173317577713,0.105982411752659,0.320094407577983,0.2247688565898,0.510782309370958,0.123555990467999,0.213673700183693,0.438519641352661,0.337235975487514,0.112474288496228,0.0930306903439565,0.408395022647585,0.317161312164656,0.592066363533584,0.390881721582111,0.632506349097614,0.281902401148896,0.21026292260212,0.125073192470883,0.24612707426315,0.348561449960095,0.582605578698643,0.66637297896784,0.397968788736704,0.283057921202805,0.462655676008046,0.597711020719492,0.504557918815191,0.282370190016471,0.418534705448984,0.412093420276085,0.576261938753579,0.573561734518149,0.226254597709202,0.312919064284324,0.315087047910836,0.474830545515483,0.453811034238178,0.120114254026742,0.331340117862065,0.476661294884509,0.471540673910949,0.760071249429635,0.297326429086999,0.401903557011569,0.426306876826113,0.429835908566027,0.390771861316471,0.270582937040129,0.186319590198292,0.245992964251208,0.623331104525592,0.36515241001175,0.456861583420502,0.379689351816674,0.38825478797944,0.713004147618605,0.439511238005695,0.666716955371783,0.244471624278557,0.454573746322976,0.522379131341181,0.40016449060717,0.448006970438331,0.380810062735743
1400,0.0388291571192629,0.475248418287102,0.35869605871763,0.479539158018417,0.539790254710474,0.319168002894048,0.202000122121124,0.140862875840777,0.216293446566167,0.438320817194548,0.0587649567606295,0.472480554138604,0.312901237053042,0.0771456227373613,-0.00615136719199832,0.129238780155334,0.214734779472232,0.284040485049931,0.439184953971789,0.0944657458674904,0.430771610875576,0.284815611783542,0.360802243656579,0.133448137703061,0.289188624517268,0.301459541951395,0.390968527225267,0.0215783400193619,0.0461689426121457,0.207629846077108,0.216103110780631,0.124516638544884,0.320792542198154,0.0973863789244472,0.838197994798146,0.144885229676989,0.327551428926285,0.255228228307769,0.251871614976569,0.512458336551404,0.0591734487330278,0.0498822351674567,0.369802996239527,0.259641363203747,0.176045282223382,0.112458645918454,0.455139971809091,0.182369802942013,0.450968473463899,0.106491218866726,0.282873904506854,0.355729363832277,0.0679485671671704,0.000182030952127932,0.262811615681322,0.413936181105691,0.483885500179486,0.309143539358372,0.380035974844803,0.170903257885157,0.332905035583706,0.200870635696349,0.585396280782174,0.0656097711240468,0.215384321824568,0.31332520878121,0.486343090801561,0.288607619920351,0.236835417541404,0.267154683311379,0.321852611538748,0.336826761399411,0.312888194389066,0.114885240179617,0.263936407213596,0.340388942619065,0.188995557609297,0.531472651687776,0.275105844532776,0.189059807873985,0.213476652341009,0.260695078591522,0.356883690694763,-0.0893816592342661,0.0518611174439504,0.190302529172467,0.335533212153203,0.370817444647013,0.293883959257509,0.292782592375985,0.117241711402372,0.525011479256591,0.408756492283105,0.562447839835658,0.00769105107407697,0.540882015035134,0.190012057036081,0.214115318950969,0.203495644504054,0.300075116142481
1500,0.0480235577984831,0.385167498466297,0.189499670274774,0.480613502008886,0.363623327907996,0.129475762227289,0.269649384117571,0.132747529591411,0.132429333665899,0.333108508055591,0.132428759480153,0.34799321934673,0.00756348550170205,0.0629702287752958,0.0930058871104377,0.0800227124198696,0.00698628592862849,0.19403263360861,0.301473365016252,0.0125656585023913,0.319204705097668,0.0827271635131267,0.359382156626645,0.086904183778735,0.274514485337572,0.163752374152908,0.396021544816448,0.109619890101688,0.275759818662213,0.076856784968946,0.177086558608317,0.0663426980834463,0.292522597592294,0.101404376466904,0.570914352280729,0.240969517113157,0.410398262768491,0.251746799238371,0.360496977973631,0.400984211307691,0.144305007358102,0.118677829453733,0.263574562437213,0.23591516732192,0.23947259959259,0.21234538249729,0.320193648327245,0.274064478638111,0.334143677743055,0.254690407846855,0.384031977321816,0.196019713753099,0.125680296571229,0.0372065395439624,0.177351427326267,0.465107576884994,0.461136736155133,0.38325985690622,0.450462443296955,0.129848095514214,0.279338061064449,0.290410661254437,0.466443852457368,0.0095997956570773,0.0799708407405496,0.144689094339116,0.52272228148792,0.105951413478346,0.281649359941092,0.277731613914063,0.309641008136725,0.427621661064844,0.30225416537998,0.284209235690301,-0.0450750485218937,0.226683179847739,0.197091306957116,0.511498786814439,0.364626867847584,0.202834179238936,0.214768680014434,0.160159899652974,0.0443094776763956,-0.0168207210327543,0.293245892093561,0.299013565622005,0.331043318504269,0.34981340379382,0.302727735032843,0.194304479854503,0.163677244734985,0.306928444318526,0.461159999146088,0.525290222373187,0.107981072031006,0.218980705431787,0.265865077280544,0.00344152566245109,0.0517000250742315,0.236612403867483
1600,-0.0814468583925425,0.482269426881057,0.217685621189563,0.586567167991256,0.416153035192277,0.0873873718036737,-0.00273138372274584,0.19714091551367,0.23519368702045,0.391178380730849,-0.080280331121327,0.239232055871288,0.0646439894133077,0.0529641198161825,0.201403558105519,0.169943705048541,0.14650408572442,0.343135126723381,0.334268852013814,0.217888236160178,0.313073954337503,0.0694595667554437,0.443502906569944,0.011323228417959,0.178310339355452,0.34308674090543,0.464211487190395,0.441976700801612,0.310617257739902,0.199649573753763,0.404445166083563,0.0473221609722833,0.354230322720375,0.257381821815621,0.440787869422422,0.290670223249893,0.560834743350425,0.176590923959293,0.311584320586569,0.295026395686108,0.197696262514552,0.318512442982477,0.287497726068802,0.25993898330503,0.155792553562048,0.293354562758728,0.156034958626888,0.242409768023938,0.394984705407709,0.137938611806557,0.324278032303387,0.238776383736937,0.152265392407599,-0.0522514430759728,0.252713933438703,0.393743071283607,0.4919852555163,0.407802530127378,0.575214147224426,0.1761503442061,0.325980684527306,0.162437193872849,0.413316486132327,0.102115989076399,0.170424402309053,0.362371934258678,0.442239792179384,0.168601306377665,0.393297829083279,0.653008899449605,0.369003570400845,0.504159922255537,0.282326919901107,0.284923172718194,0.153646835427499,0.391902623281051,0.318312933552121,0.605897824832481,0.325484775786063,0.27591308219962,0.343323934370636,0.42474863722502,0.316078691309816,0.114831425718964,0.269777790658867,0.321292739879983,0.311225485980027,0.518593802054492,0.475276958527766,0.315230742905479,0.337518300524466,0.275548463247764,0.319829590801831,0.724376775549526,0.0426530355946559,0.0882751966111374,0.347766792467862,0.0133540726133116,0.168575749542333,0.31807867714417
1700,0.0722351507301177,0.277297489101223,0.322292859562974,0.476067006884228,0.351164994228972,0.163972923188784,-0.196932056636492,0.422115446122528,0.151759039406792,0.388718227673476,0.0403887789387585,0.319776967302632,0.112793615361768,0.144171481056384,0.252022651862801,0.24271833173284,0.139941762321617,0.338928937752906,0.341775244365316,0.256812142304587,0.552007013851724,0.176379721697151,0.368806741033881,0.115691617975885,0.168141209313722,0.399654311747151,0.310958566200286,0.718095047539504,0.393130636155489,0.106610896462286,0.426140781799185,0.10188052975591,0.353693613555519,0.40946557874242,0.446827589626168,0.424519285845428,0.395121562840934,0.281234546690219,0.514997829759308,0.25469362025902,-0.0488895588870547,0.226722616717114,0.241814676768306,0.269155720108476,0.203665892374427,0.372767915295656,0.0597411790868164,0.336919177004104,0.42153350436986,0.210784952956238,0.276565647512887,0.189488734419413,0.0506081918631954,-0.0405639956727369,0.134804092019018,0.360808766667348,0.54134546882553,0.358936900969837,0.54354979000441,0.315075444059548,0.187136080195912,0.156208858123719,0.424169941408895,0.0958087033890481,0.431221293575494,0.136629180517121,0.323296418999331,0.286902374887967,0.489804280451653,0.549915977751071,0.474304881186541,0.489006182642215,0.158079720432786,0.273015633222043,0.206781879370743,0.383852083330301,0.19835527429173,0.412127213731263,0.224846388680027,0.317742351269302,0.311679900253939,0.365221129932898,0.301008798578267,0.179956381192729,0.167694401921544,0.190691684230233,0.27216215181514,0.36279009534096,0.316018615847855,0.297528050018968,0.374260407698544,0.395486900205383,0.162521392036366,0.542833268497859,0.159111421292391,0.153732989111498,0.0859533465565637,0.124353407152604,0.143517449271475,0.364298017104299
1800,0.100055438913152,0.335381407241828,0.2803392051464,0.3409123209721,0.497324313874846,0.158292404526394,0.0553556177522466,0.390982892909205,0.121598131541495,0.229975640277319,0.150579007739623,0.271269914210921,0.131193011847979,0.0854305978797547,0.204717050894238,0.437872207999872,0.321640337349048,0.304943887629141,0.415111178232886,0.204944197370255,0.41256167122868,0.24218928442931,0.320520511234333,0.228404471815029,0.243274807350776,0.475804371949003,0.240740922139097,0.768204533763103,0.268029514816195,0.150676951422699,0.370563276123202,0.0923775978137626,0.264295718053081,0.169916468506718,0.511974351595888,0.444282325698545,0.541756456205454,0.278734203542841,0.576305421007957,0.196311525340313,0.0434001777187769,0.34127152718887,0.227458974593761,0.488714194209135,0.152721484458669,0.249796219491711,0.250179029185826,0.468305768988356,0.339948101325118,0.297218449738686,0.32093809296324,0.22825953459934,0.161524504878378,0.100466615518343,0.323519043371503,0.258281316025194,0.662735631465241,0.38911519946651,0.675195551397865,0.377197492785936,0.159243640581326,0.126523020631739,0.337480672112394,0.0803828629093796,0.395980322289092,0.022916134337722,0.476682613402552,0.165619386670401,0.471680288971458,0.389067840005315,0.335142776090616,0.433830414535278,0.161097570443086,0.263657285319658,0.216914327107709,0.397083123598822,0.277037089700819,0.327755607923794,0.0272159719292175,0.540926685892288,0.21123415484128,0.27782665212778,0.327127402576639,0.48756087612536,0.0500840321111051,0.343773206370455,0.368600769868407,0.555065078029442,0.22965701581549,0.448593067019828,0.319633924347761,0.248779359315197,0.448149419805216,0.424802006943436,0.31727539764501,0.230419895925969,0.320005089053616,0.204397192842454,0.299341147793796,0.270371725506804
1900,-0.0944071116037943,0.222287020586761,0.224582302293744,0.422566345674309,0.291068902298914,0.187660458800926,0.0518073928846958,0.311302786103836,0.173994719964265,0.286870698549378,0.244136496322875,0.351808597219753,0.232214192729569,0.147057532030421,0.0605742131014431,0.45337966240612,0.205755545863491,0.283958710766033,0.426801343871516,0.195777807316209,0.313367286987477,0.291855876946675,0.425564770907297,0.146633821417936,0.336704947591049,0.476967977113588,0.175632642353692,0.326767996951682,0.189368733337324,0.0347038485875961,0.325418677429199,0.0888529835559544,0.171207289674013,0.340502646252554,0.549216981747509,0.4661147550949,0.590467038738035,0.121201630432294,0.549156648161942,0.259988478732009,0.104542189937954,0.442315502497257,0.109051047071214,0.306403598475798,0.183030901271661,0.356707003176044,0.156711873164224,0.467148258433411,0.304141765067058,0.336392756364551,0.358011972062782,0.174248707364213,0.235652053684834,0.120653363489704,0.232740901550034,0.202828713653611,0.567305736049529,0.199424727248229,0.53513625576818,0.19087237346647,0.00238959328364857,0.157544438618172,0.21994088486772,-0.0298053450789795,0.212655419732283,-0.0387446951499792,0.274679788338385,-0.0846022707045784,0.556643396279927,0.400082463773427,0.335826366029601,0.307458058826789,0.147993557370162,0.299455955773549,0.0360955718341552,0.374815640087679,0.187383741003753,0.238886339772476,0.074391945878168,0.394758005583173,0.166761368082119,0.308241184509054,0.232515773737878,0.46988915995952,0.0476990641600929,0.398797411989773,0.404569236633351,0.44404358510233,0.207853706156582,0.355604017915597,0.207810397591204,0.0900394113728493,0.400923239770799,0.385328376121988,0.24994038073926,0.20265237032383,0.495175912650276,0.228442752544074,0.0866790602239888,0.282669500510208
2000,0.0509432306558153,0.213045786588371,0.287944124048389,0.391065438479395,0.270950886966109,0.10337887813902,0.095190286832709,0.371401918093098,0.117473060980238,0.28772124586781,0.000378036238514068,0.153755620797106,0.344788881065797,0.301297506110383,0.282959295953013,0.497687796304932,0.166501320066302,0.229225769234439,0.307639935600942,0.315779248175064,0.389863059762359,0.220373316753575,0.328747549521213,0.366768943740887,0.288246231009136,0.444634360022173,0.229723923681081,0.167048483631808,0.23435616737122,0.0366366841861504,0.342218710581346,0.136635497156288,0.157785489135241,0.369512306507159,0.634046400468879,0.587557426561514,0.617394906794375,0.163268811554819,0.532555092584715,0.227162049658618,0.148614611298846,0.400803091010901,0.0993751148569451,0.275012161356402,0.169573081291663,0.382797144027566,0.232472456576356,0.267200712595507,0.225574701910585,0.348956782979025,0.257888511829794,0.0623797243917225,0.0131087682353669,-0.0061684251914465,0.30514281781238,0.223696591246954,0.502402065676584,0.114470010910666,0.615533659220763,0.296747509694545,0.258953265639407,0.164924598188851,0.15947156327838,0.0676236497444061,0.0999037622195484,-0.02116804010561,0.139905019454891,0.155506752269126,0.466930283967172,0.367407115048801,0.450456822141168,0.300289291457372,0.108225974674544,0.336195131456707,0.10017495827447,0.252261733588905,0.290732702388636,0.366150977854879,0.00777543157983873,0.139518784859024,0.148948350838257,0.319660264481348,0.213337801820574,0.688603987034829,0.0865399208975809,0.479655503517343,0.358385956490131,0.351971095448335,0.143790311030519,0.328051312027333,0.272704998170525,0.212561127917841,0.259747819291327,0.378804545943222,0.457957406487278,0.235532370885546,0.384664074549168,0.212352280953372,0.14902622360043,0.499492931659044
2100,0.193612292235288,0.131246914945574,0.254714535128211,0.352234965138147,0.375186861999956,0.05798003992742,0.139767454426978,0.372840907994079,0.2585127906003,0.0705881576391538,0.103538391382548,0.103801093511087,0.28520098995173,0.146971388187857,0.225873122428749,0.476794549099399,0.387526275056456,0.124614712278677,0.243188052237689,0.11031119705656,0.26655260692932,0.289446453663509,0.402221055427488,0.437777096931863,0.389716775630658,0.290224594165033,0.302274293230505,0.309117689518563,0.398349915775911,0.0582394542509746,0.360847777927234,0.0489487513746856,0.142372078686802,0.24672851257384,0.699297165770817,0.577158398433009,0.591612606427575,0.121013403986784,0.529917644117304,0.356813923771205,0.0643086249532211,0.274339776188779,0.0601062499533808,0.216268251146536,0.328359404452971,0.355166019540002,0.238271619832779,0.339533301834485,0.294868440460829,0.344634013841345,0.326504589041047,0.118803181633097,-0.0110428330567192,-0.0225574038392649,0.213785838237954,0.184608666399152,0.425191842033656,0.103681419679064,0.521378497589077,0.307882072008424,0.33842411663836,0.191974674522882,0.239305704152239,0.32517380490584,0.305383338763273,-0.0685073277218562,0.25073226363113,0.265880246723227,0.348754075393503,0.366542807711776,0.438351483563326,0.328193260540238,0.239268915927948,0.361017733870319,0.121576910680331,0.325994213462569,0.330259664963576,0.30573027487054,0.051523148125264,0.300119549558026,0.405013272040047,0.306411061815552,0.340814946853347,0.384604656713694,0.257671710259478,0.338672131011137,0.215546653429973,0.46557124406267,0.228540681339936,0.299397357660284,0.285502156973798,0.351366215995531,0.403018380213186,0.49035977525662,0.308591164187317,0.159706274058373,0.303611289918489,0.301920578389724,0.195797053677146,0.306901260714646
2200,0.243025181326497,0.0615208738355442,0.196569443938985,0.327565608273222,0.473393533169505,0.16465379718849,0.188869161697844,0.30549345585045,0.347964649032667,0.147585737991843,0.348279127461333,0.0699019051259187,0.150957211068139,0.298410573379172,0.175033757499029,0.345344470336882,0.370434648154275,0.082275619063571,0.408603540801739,0.290578439573008,0.407173660067954,0.441367614030589,0.293734348880073,0.322779191311154,0.464654948416837,0.216539888187149,0.35367262914308,0.315246266245322,0.501397841163551,0.120444266736364,0.372861827662104,0.181242043932374,0.324702288747416,0.215234319997382,0.57968793866956,0.480379655200868,0.581820590862549,0.177237654267645,0.423996472573104,0.372255807130725,0.24146363066928,0.381113764572725,0.2175034931618,0.345451230884221,0.246952661159215,0.502175338394538,0.172834548616825,0.30906587837386,0.256136244153734,0.311752917922041,0.403632481728511,0.214679514910767,0.104027620003965,0.13336467966837,0.357065332526566,0.469643842840284,0.422385604711833,0.376468670780374,0.340867883953841,0.251511036177153,0.271705920340295,0.35023366761482,0.173043002691371,0.362494844466406,0.110463915725848,-0.0355534062037824,0.262443472160593,0.141634722924498,0.353045581925007,0.287231395373106,0.305071405403407,0.503330402975234,0.36682100361727,0.4878081105803,0.144991821163579,0.288436176584067,0.371011526054742,0.453959758863661,0.32886004169828,0.336904465230983,0.459863811397648,0.35487346100548,0.528263470515669,0.384669552212076,0.286820525259062,0.38375169205968,0.159000466838395,0.266214244083325,0.339064814967678,0.244425333409202,0.451375464143861,0.474938884485732,0.360448113461016,0.457163916558619,0.214556535500012,0.0932178080080739,0.493567315278446,0.205525520219839,0.281407478191269,0.234775321852473
2300,0.222176150540676,-0.0937244110341134,0.222750665391544,0.240915046754648,0.323589057142845,-0.049311848592111,0.152331205807375,0.330085936626655,0.334981402560285,0.269544039247199,0.280126572246094,0.217198249063338,0.225211054110762,0.352192756171402,0.322079918428547,0.333227093148571,0.311791849184333,0.146959073204875,0.499220853325684,0.189275430050418,0.300430090795823,0.497457611583115,0.266865475415569,0.1657689213844,0.224344572074247,0.21759455153719,0.423716227590183,0.264537733227169,0.495575118395995,0.00797621583115393,0.265764368803074,0.0549366325786987,0.284037868790193,0.061982114157642,0.441584998809543,0.507647812233196,0.613791269144413,0.233738460202443,0.426813554959554,0.442791337973942,0.302851130783428,0.415938198915353,0.166968510703223,0.313950021007314,0.318012987964936,0.445671289142968,0.0967852626132699,0.143837700800247,0.24469886944961,0.317646427310519,0.355808282708773,0.200612737688018,0.0718943011030395,-0.00983812365991055,0.307931509014002,0.367572768668752,0.334457787487708,0.439938671131812,0.347156412495653,0.34647927033515,0.277648791352611,0.322405619326836,0.28141561455411,0.501363461551187,0.322403024478275,0.188696870762245,0.110148424559218,0.110291724320131,0.251326491493297,0.211075038501859,0.345929105462024,0.617386904296313,0.39714647823372,0.454076752376677,0.162061902342902,0.35127082365975,0.502783694070866,0.326710465377538,0.345835861598628,0.392313824533345,0.32973259103837,0.279243296129801,0.312182650156939,0.418559535108048,0.441527485028646,0.349508673814186,0.3402944408163,0.223779195757382,0.0177668745448351,0.200190718117353,0.31451819248178,0.391607816766971,0.548327935474067,0.194680880623441,0.242136320055982,0.240799749326625,0.371610605604643,0.0800273756607282,0.166657840957291,0.472786102362234
2400,0.432551560379937,0.0324017366162334,0.167723351502721,0.225676349041084,0.393360870551003,0.00948029714589105,0.120052692740018,0.377002680345677,0.457326237887724,0.388832404039992,0.298496264524705,0.306815780950809,0.469632649376729,0.238228104806823,0.315668716208294,0.283481390718947,0.308240749404719,0.133307548786155,0.469289884672406,0.0283655649560278,0.197045170941772,0.671100525116645,0.336369403993941,0.294273277166052,0.24769999674469,0.223783890285106,0.267834843005148,0.0648683981901492,0.599666786458324,0.11832339257082,0.28020980782867,0.18639183356535,0.555957097875193,0.140516875064467,0.339404044466382,0.507823743203152,0.644985784284922,0.408062114426984,0.263209881986699,0.504434509436706,0.369190380610777,0.567019423749055,0.229391863460026,0.39129826244057,0.389447138938518,0.245761722322779,0.0977311935967379,0.288754924895837,0.336936639826325,0.398248276257787,0.31048049849704,0.119736493923685,0.156680095771552,0.0749981584180113,0.445853230426396,0.44133446894421,0.507036242314397,0.00721834428974694,0.370577328743765,0.168843020890107,0.285168089626221,0.206642020920828,0.405220760069013,0.479001440749873,0.437786365289123,0.150633643576771,0.0460996866967847,0.16165612755483,0.316441915509749,0.224386149841084,0.310913350251886,0.476253223374733,0.316159535145933,0.31990586698032,0.308937472992077,0.452788422014903,0.42609139296857,0.272858984781222,0.220281088556243,0.522558813757702,0.372651917411748,0.37854169201515,0.352675389033097,0.400228242235427,0.428715718282157,0.54831415470189,0.386440132878746,0.194688750230646,0.256708322907493,0.338337509400995,0.235183396450366,0.470444447306702,0.722397336349103,0.166691198513738,0.30236973822305,0.414888472425223,0.341931012199614,0.166503615091179,0.246265421706031,0.643619844688933
2500,0.378636170691405,0.178125176733884,0.150701094697374,0.202438631462877,0.338672545127723,0.223878640420495,0.0801804020105697,0.465481977348753,0.512994681586944,0.286021768729312,0.364284869505501,0.347979633878303,0.446418758757653,0.246752133877562,0.270753082749616,0.254029349783397,0.310474898194116,0.189422061967062,0.515014028138873,0.100936595533164,0.254774178639693,0.574736020913621,0.434971166408599,0.366396153804147,0.243731993272253,0.0541255015452664,0.266173989842776,0.330722312893637,0.433088722358951,0.245151680660464,0.162247945429854,0.309807441210523,0.647886670542287,0.208530498450368,0.376405611475486,0.458614750354635,0.655628885478912,0.255405496759913,0.218495274156411,0.402523327741092,0.38567593001291,0.538098053942599,0.214554495807314,0.223799547357968,0.380091524344694,0.376148168633121,0.32237348871865,0.158105562016177,0.323570731270068,0.501642922247648,0.19649999883421,0.148459995193033,0.28007619499267,0.248222543105841,0.404811989964375,0.263092769673443,0.458772741723803,-0.0458691561670689,0.225239847247414,0.14580259871099,0.200376788260037,0.185099044430686,0.160673299944188,0.367543198688312,0.181489471172495,0.324724696565938,0.18409731711056,0.149313410961855,0.292584564005535,0.325965122606754,0.364659307582255,0.587890668292886,0.167342608882409,0.354956567694957,0.425826375464257,0.470754927815751,0.30445625179675,0.224203487227522,0.211227534132613,0.548396379426112,0.510016011946887,0.411943774518243,0.246117800203378,0.489902429509365,0.282263432798869,0.447498811725014,0.299840331700738,0.281613479450887,0.408163251503296,0.323429892392402,0.404762747369193,0.495680757294403,0.512456601156645,0.172499656409025,0.222881700082005,0.385417300198747,0.336070517061102,0.408345103712962,0.238332026240018,0.615943738368806
2600,0.401822612235034,0.267003505865227,0.0843370607954913,0.264615575869229,0.366107643651579,0.132603234146799,0.0518809271900862,0.514326606681609,0.405866502650569,0.3048287556987,0.292177760309945,0.411089269551358,0.476706285440718,0.435817423043867,0.266826300336641,0.119514534369493,0.222267558725745,0.449518854012508,0.431662585615499,0.201285830644312,0.275012240223526,0.351882227917694,0.277589576724309,0.219191619761549,0.286088232268451,0.164455647085821,0.219407090259033,0.23985857048153,0.484333441573312,0.0630377577482586,0.321422852236561,0.252551463425118,0.782083521885511,0.153185586470725,0.297915637353894,0.237439286694394,0.578084539316747,0.313818634240494,0.299237408707916,0.378787607976091,0.338376362273037,0.295798922786955,0.174751009626334,0.223994212761718,0.364078268901984,0.380383868651326,0.292171690780442,0.261777376730344,0.370414703581795,0.50397230176487,0.150189325321628,0.217348415721776,0.233026123083185,0.229934040526033,0.142963432925088,0.221477402291297,0.257316129421197,0.0793982302190568,0.115983403992027,0.155781481931545,0.219807702097266,0.27512060995009,0.0767974054261578,0.255568745951592,0.37079709013128,0.301937133237275,0.141943137609723,0.125956894616229,0.228094983995252,0.476293619815416,0.350760213797013,0.52590292124851,0.138124452249877,0.368147090561457,0.461310148723205,0.34033291733337,0.390340830678252,0.160139870136848,0.312225356564283,0.554595173608013,0.346926840223745,0.395851415220682,0.178058733621136,0.566717493289982,0.322152047096154,0.207353459198535,0.243291222414005,0.126536793476897,0.254758472765696,0.243244171226809,0.371525201586294,0.372142464659503,0.497438275896736,0.139635114587343,0.132379548720779,0.322490811490754,0.276570433074853,0.201882078497261,0.419080870304373,0.350511311524009
2700,0.314526650253925,0.271085841966296,0.347778701844065,0.394505950048595,0.385287495830407,0.117242700166304,0.323798696780369,0.623237290619754,0.291588501433444,0.440111533836945,0.0625751292984309,0.560540325554592,0.439736350592729,0.438634185239944,0.312731092871653,0.324230549167787,0.255449913970742,0.429692125427128,0.407919726753313,0.38662439290481,0.567665244983856,0.476714611820028,0.401468643748283,0.0968230669845073,0.325098564371194,0.100781175613061,0.0309620093190879,0.0817354885207922,0.566556318143765,0.19371000308153,0.264548331389306,0.226394346372466,0.608101634889673,0.171556497543304,0.316052061590937,0.330560725807598,0.43827521099954,0.268238306343989,0.371556295372779,0.636152397376024,0.273076234185177,0.385643733940747,0.300468075784687,0.442011416263351,0.425097206456235,0.547899255397304,0.215301914552435,0.230017865578274,0.409642191376846,0.49393202852263,0.265347205070756,0.365101643515387,0.28187357524072,0.227699064991263,0.19929205055638,0.343745566575127,0.226235425107874,0.0924333137456767,0.207381046324667,0.443666918743423,0.236275470146773,0.143813194117324,0.168381369788734,0.090493101690814,0.491567709137828,0.35288914111399,0.0874181286019592,0.289727094951168,0.254441525954718,0.322415767658234,0.383502101356753,0.603019653709958,0.135172198281395,0.369431566022681,0.239338150358179,0.42480205502972,0.403056870472838,0.356159514228587,0.329468977413224,0.661981497270196,0.280060679704241,0.484832141343889,0.376442383890183,0.414893950684267,0.454705401278272,0.320036722823407,0.219210375086142,0.145815239070543,0.29291309273166,0.313192585895139,0.478677450058115,0.146343651996715,0.459418887864405,0.268615285209876,0.174840881960462,0.315190608028036,0.351047882494587,0.305714844576283,0.381293350805937,0.288531226019114
2800,0.401308888436789,0.117012575563238,0.348548538030787,0.371450883524877,0.345674657108934,0.362368001752808,0.477968037232093,0.683751512003701,0.256402501660702,0.555459528090508,0.126745567226098,0.16391507172842,0.50852494713582,0.188636621008934,0.159988446936029,0.285199405317039,0.273261028953933,0.387488211097227,0.47808821116591,0.60857644934506,0.405107490488401,0.556815798103236,0.417296687320055,0.0724222750173814,0.254714160361632,0.228948138090024,0.0664373939346674,0.0916953906697485,0.754690706643866,0.13306611279228,0.251587945163492,0.236903862681431,0.612286374163926,0.0764865649862472,0.37217971330064,0.39604636628324,0.365301617190715,0.06218694837579,0.147122324962542,0.768406100071499,0.255390525036017,0.427191885510772,0.37848244788099,0.324234958278341,0.371346591540429,0.555421698888728,0.431132564325773,0.361029691058877,0.297318457588937,0.27938880488415,0.439613617074988,0.443537864263873,0.399099756235911,0.0452499522686795,0.337795663296258,0.391166192185496,0.204319717898893,0.246632584711983,0.381150918619056,0.374894800144235,0.277711278481315,0.0888865438247557,0.290112258010136,0.21112452269034,0.488372675312998,0.389260382915865,0.178563762530204,0.467517458512811,0.276115164289797,0.50341188024447,0.361312889688442,0.37044254876852,0.282892179623464,0.185121954764057,0.256693913898375,0.318445284909446,0.431839872244516,0.400597644917862,0.375835167344451,0.671785690127683,0.240423622569336,0.391660464607684,0.232403962505284,0.301255790782967,0.357326301920903,0.545007578905679,0.605231731154419,0.196940853508588,0.32268491420446,0.399422504235282,0.463484239605416,0.231488159360925,0.508708925197016,0.333547068139486,0.380676187667437,0.462451388855869,0.442385126171413,0.448180989154385,0.437829600308593,0.339745542245164
2900,0.356773441968046,-0.0212194318184759,0.337121246083256,0.29183784159111,0.491867267856994,0.56881662799265,0.594836465950693,0.737428480152296,0.38761768681119,0.576335944349291,0.077873934500258,0.144139015271001,0.627026028616788,0.39674004097686,0.300220235604893,0.429522933355299,0.387868904809183,0.457612884929829,0.631687507537784,0.758231778966394,0.212984868810212,0.430797112129286,0.621049660653236,0.266623494761659,0.378547323205392,0.457828700931185,0.243546699148203,0.145032597869535,0.718367552928518,0.446479506782038,0.257803802778515,0.140737383661746,0.778716831216465,0.127656276002428,0.305309659293625,0.468294828212841,0.143628651183988,0.254539737915873,0.272714158949527,0.849909349347815,0.339067593198193,0.598301736875118,0.350320981271461,0.258681396945203,0.323394363412765,0.550893253557057,0.572427327504079,0.483240998632999,0.356563531613454,0.201166610492192,0.472676329476425,0.5257142096184,0.442257342803147,0.116056675065432,0.423162629573875,0.465113103118701,0.215711778885431,0.288332277935681,0.505986157852717,0.402044094597861,0.307991228202477,0.354040224021417,0.518046039723834,0.184362297270358,0.466996118358371,0.447073262299452,0.313680592482723,0.415061276119895,0.200898114323834,0.527322398621001,0.388930661182334,0.373137165299289,0.409463214906538,0.334509616332838,0.235655604990745,0.206314375332577,0.505966933470435,0.310409655658406,0.533018308300017,0.5717335726202,0.220632749691242,0.532036331497442,0.185400845742662,0.405351227753959,0.408450273447928,0.503543889863459,0.666228465734536,0.273358440067696,0.287753585424387,0.459808351658986,0.4065014070603,0.281019789064489,0.428985888528669,0.303139417302705,0.484258136666883,0.558158443519648,0.519118574978681,0.714437793021967,0.667403557288134,0.409528979586901
3000,0.550876302385448,0.20491863439098,0.189806926915841,0.354419860835724,0.371005021666863,0.496516559326774,0.576673435027859,0.550634200350671,0.282247297348445,0.50323848366543,0.265956822786256,0.117820747516402,0.574623740945026,0.542380425684376,0.308087354782538,0.245148559250434,0.594824940833266,0.421182222790556,0.626683402894582,0.598904951563102,0.201605931689574,0.417538741138613,0.730380861459401,0.300794922360732,0.403299790015081,0.298962243698988,0.262323754202404,0.210411958318765,0.511451712038898,0.386412061238565,0.285480841061387,0.140045188445992,0.803631811390915,0.275781061419477,0.491135902369365,0.511761390127005,0.198123008693249,0.583521539200108,0.511239879884867,0.57868215200665,0.36378437120502,0.38568091672754,0.444709405373476,0.277340622650864,0.495246876646624,0.499355765027292,0.434050326559226,0.66382864518203,0.398413588403032,0.394321584370485,0.447348816302395,0.550557728900211,0.299006700811331,0.308228770936902,0.405313318208359,0.36256732195965,0.178517230398967,0.172081872316009,0.576762147026672,0.475509213388783,0.407700128900284,0.371526905321376,0.513821836880275,0.428589927569261,0.325788865577064,0.480710369590368,0.334282307899656,0.349165988856552,0.286828322371365,0.27540458796431,0.432285216231102,0.510619727330368,0.417171007651421,0.386590419518786,0.06432415593336,0.159553994792753,0.433231256271548,0.402042697598842,0.595378751607198,0.670307124298788,0.350232505314936,0.361522371405291,0.265231594338051,0.445391033698119,0.214396408818988,0.546543605402146,0.581477315841928,0.140180834991119,0.284345737911879,0.597217343384546,0.47279944222241,0.340107767496618,0.680608590761631,0.425891955797135,0.427981732518276,0.506074891812319,0.514128478690734,0.656280678775622,0.659270857625773,0.39010768108497
3100,0.329582929697868,0.130311294051099,0.20655933509396,0.291776948955631,0.208808813614878,0.402614497957839,0.28974003915827,0.461648900485785,0.131011940465442,0.539561703314001,0.310852886601104,0.0540465578203392,0.502529832027126,0.507719945036752,0.225241686276679,0.295871559397702,0.556107070768544,0.37698941713187,0.592982314549392,0.722028590867653,0.296570360313319,0.357426850982117,0.853528069431141,0.493127233189,0.478583789925327,0.264542847313862,0.227810632876174,0.296807517614833,0.336208067031632,0.501932784621654,0.352477181711678,0.262008719771721,0.37163719268701,0.455539866465229,0.532068955293669,0.563396867548222,0.156762906797592,0.651013171021528,0.396433145343198,0.611018444904589,0.31632697036204,0.482208415537361,0.394380153351729,0.244834161214299,0.493321353535381,0.489933222195159,0.299006393299844,0.523554330749428,0.35308379818154,0.128881811226573,0.579948117695094,0.354039502725841,0.211364449463078,0.227490512667026,0.350806979510158,0.393707514884821,0.336097559315046,0.248227925916186,0.391540570688733,0.45506963969675,0.251567523841645,0.486740705349328,0.615019712579846,0.423240455276868,0.36447487800918,0.462731646880562,0.31949595804022,0.379225652245625,0.347724107616557,0.492370407508164,0.476087679165609,0.503135794846383,0.361761431714836,0.458647745983942,0.0187101612222266,0.289207365586988,0.450903628696646,0.594471245139417,0.600461762001798,0.60372822237738,0.466235413065976,0.319473370084397,0.131769604868692,0.528832551668704,0.29453142947654,0.576937042578235,0.343104105335565,0.133658768930535,0.267320431718393,0.535298115701771,0.613076158927619,0.327912408649026,0.632143224124254,0.572980173087275,0.52045381048315,0.515155239886701,0.474881319046815,0.621378197451545,0.552496798544185,0.519914793301051
3200,0.246712597918934,0.140198270851573,0.279426791181186,0.284227553892771,0.308843791396121,0.510139721606605,0.408130269641395,0.44615927138824,0.140414698718045,0.471857864753099,0.326673409513209,0.190131443615796,0.475294212328551,0.453644777718292,0.220046927986741,0.151790564683737,0.530647057017437,0.285357053002792,0.291489181907901,0.704005231451617,0.140183249503237,0.427221492441255,0.733506525777452,0.421219245828136,0.436743090439676,0.244824446777785,0.315485663354124,0.228778493061644,0.33987925234605,0.411595571028342,0.372630876989395,0.384563494652436,0.496689756925741,0.248464809723651,0.375231857649094,0.659324028657602,0.204097292040806,0.584542077492444,0.461786572335326,0.336535609948252,0.44721228172224,0.662745819716274,0.435159919624089,0.287849384955107,0.418605617870363,0.420629047248652,0.53668510313394,0.456680821116619,0.337009688300997,0.214302010136627,0.543674851791505,0.531489480808018,0.20274226033211,0.25268310819655,0.266799113557506,0.509028533735436,0.43598761145388,0.180034840222568,0.170419312799286,0.378645433190051,0.254029701482606,0.242611978480752,0.470227012693137,0.305630009317978,0.305294763975098,0.451554303370925,0.334633746035493,0.499128474787607,0.173075223306894,0.433293548051345,0.520978962318947,0.487242428556175,0.325683599731625,0.408606688252414,0.146052307132827,0.542789828372269,0.412212164889502,0.538926198774814,0.706771803978395,0.660973898360168,0.412841934514186,0.28474096100142,0.206899443945525,0.542115980083673,0.330449110829513,0.588094979095541,0.420063397641941,0.250260285627325,0.207500885403691,0.3089478062531,0.48550237176573,0.341975084579195,0.752767205350539,0.417519317422474,0.519309756210623,0.399019943690099,0.465014139182423,0.518664276448902,0.368371067229109,0.379563430284901
3300,0.189027693928443,0.193633913389839,0.26528417238289,0.327784833789212,0.365661094459919,0.311127518604564,0.533326142702607,0.306442925528182,0.102165140516635,0.334383348443517,0.400792521536626,0.172127111843604,0.372453971177104,0.373499299389778,0.345320797504397,0.0497944733696438,0.514990573155618,0.446391189655346,0.342852793487167,0.524817350968691,0.206229559181041,0.696374194694213,0.684794893979085,0.427561275098941,0.505003122296736,0.299012294346044,0.270757982645767,0.453971635443756,0.404789182671043,0.248409093868387,0.491550314748967,0.421519451724108,0.544093100922335,0.184705797273011,0.46320737465063,0.679121917657078,0.475339213527966,0.349797311015703,0.454212591927661,0.275643776707948,0.41783903879991,0.488237488128268,0.441732675773135,0.0871920238646578,0.244741579632356,0.310883845496539,0.536989679814909,0.515480823261989,0.463035209249756,0.288681317152064,0.632175746143169,0.544943553976566,0.260458090098045,0.389295833700158,0.370836332508668,0.325227378784921,0.459000007162657,0.248317219134907,0.277436030895899,0.488674595312665,0.383180902172955,0.566587361444109,0.247039662224074,0.245778826876538,0.34618870796774,0.326841514457358,0.368620935716479,0.449467680568841,0.220303176157945,0.516069173940203,0.415132566748664,0.334712345813843,0.255309581833309,0.421219717616134,0.214486010187034,0.472049444910728,0.632694676294545,0.446580307476567,0.627943931337486,0.622658108487817,0.255900231021441,0.414902291577758,0.268914814515942,0.607466682169957,0.25953343744764,0.634996341079805,0.340231033220992,0.315658365045507,0.2141469688526,0.527083111867121,0.566029220225484,0.470630809156983,0.634803275551981,0.366872912035261,0.239133368797002,0.430168495229199,0.451010128809025,0.42666684637749,0.299672728181469,0.142180755382453
3400,0.226460303762102,0.257717536937924,0.402027770606163,0.35159259172394,0.387320785648683,0.323850882023144,0.515478183698583,0.349153000279693,0.224938951207893,0.428121681439324,0.506747126289038,0.17409539708092,0.257167728314978,0.275866827532234,0.289462530662004,0.0386574624147271,0.536338749782113,0.540091704812456,0.444516574702987,0.569271055257673,0.372711445528018,0.704163834164447,0.822571349664984,0.533894694004087,0.412512414572133,0.261608613465477,0.31226815357998,0.561010550920636,0.251186378889159,0.356683211027139,0.526450238896806,0.356026270098454,0.358759796586025,0.130865403761276,0.427635878064639,0.46561979121022,0.390580352570458,0.254349552396389,0.459232089465057,0.426873708246074,0.468284274138451,0.515303587807263,0.526215499218308,0.256497815350185,0.322096449462409,0.283135581820255,0.467225939870711,0.616065906236974,0.439610756004998,0.376791741000555,0.419318331507132,0.490609818777887,0.321641719593881,0.406614789731714,0.257560065046745,0.236888160156373,0.346716305402677,0.194757791475627,0.372155738714838,0.456217909367465,0.306356358657675,0.684628320971221,0.366845042320843,0.217026540393605,0.403770910664055,0.296319956133644,0.43018106073939,0.309726397479034,0.347561242605964,0.690644494888828,0.324543377333077,0.229395170992513,0.21668647150084,0.565520037392859,0.425400973695369,0.732721712348429,0.576215025948552,0.507661210217259,0.790893976328067,0.618007161224739,0.307713027937822,0.52928420266529,0.139997036507482,0.627546734551858,0.442010320272092,0.507371726188862,0.496786515875496,0.475826556228835,0.349327455210981,0.666088554080177,0.737023096891556,0.287204083648557,0.52382613375899,0.206791564126442,0.239728237952019,0.529662759397348,0.333430544577019,0.600378176134712,0.453899917979241,0.0452435262965404
3500,0.294781693651406,0.342052735823225,0.278929117135255,0.362244923429984,0.422635265368979,0.286615282071677,0.483864317743899,0.492247714188273,0.357930761100033,0.539916737642051,0.336650962322138,0.307557562298789,0.311641736296244,0.3759480504804,0.33973494628052,0.214646857769101,0.494248559429817,0.450559895120463,0.434260372018249,0.401739426012436,0.54531293451346,0.617864729581837,0.827725415491696,0.603379508512391,0.544288553954992,0.426260814156377,0.298629502129184,0.459263808496586,0.165013261089666,0.355630003187387,0.459460291052167,0.38354064157051,0.276354705443047,0.382906249908106,0.349903387269845,0.462044916608022,0.466408632274084,0.351794819475644,0.446903040786143,0.526185153073265,0.447340442189182,0.498917032697437,0.486986251642609,0.461904310244969,0.294318820864697,0.223900859487346,0.516080653765873,0.590753075612703,0.457073036422177,0.485944878231548,0.350948236445908,0.493093782586705,0.324780637288041,0.286918363749367,0.37327039787976,0.246828876065253,0.484114799440957,0.290178483081832,0.257203156835144,0.274890715521469,0.345775376210506,0.600946753059231,0.401141997811472,0.370937476432405,0.358946044299945,0.386677721322609,0.431541373806289,0.410514641669422,0.438281600942692,0.66145064309207,0.331061720490815,0.283941404797528,0.28383909904246,0.584991574531291,0.497380572623997,0.591852249050195,0.559796452252455,0.467211761333523,0.696810504228059,0.564318059369032,0.326248215489458,0.414978523494793,0.19547995182842,0.529988359711205,0.507838114920575,0.359256959401619,0.391024406081831,0.492941875354886,0.33784032307496,0.414918279221794,0.587924709759111,0.449761724874114,0.396665220047119,0.121635714313922,0.135955301043242,0.614298608513166,0.543858532299906,0.436402104927276,0.463185899338273,0.130060535222642
3600,0.207346394361895,0.507877031657644,0.414398302916865,0.365182114779481,0.487347571780702,0.40987643845763,0.461562823624467,0.383912214451013,0.416623943947751,0.454929090896428,0.529422276505687,0.350324797215807,0.452947586600983,0.514191586033385,0.164095454248183,0.271170020334462,0.472891443891335,0.321895515595439,0.465145815451023,0.417131712051013,0.460207637696405,0.80792386823617,0.704054191833922,0.668164433896061,0.368484128409501,0.538911665549137,0.40806605987348,0.37410816320102,0.0910885517874274,0.381009051151975,0.402322237682876,0.336244490744634,0.474312198073601,0.358515626815152,0.247440370179481,0.510286799006068,0.561823436528422,0.612295989283294,0.357394754216517,0.721222081743487,0.534451073404897,0.549872100785599,0.341924748673911,0.522030066582845,0.18286333365113,-0.0104300314310256,0.479340216047853,0.547988687481999,0.498603155820786,0.451966286879291,0.51783825868596,0.461002081225025,0.399533673421865,0.289367907255042,0.563896512434349,0.37756226956091,0.418962934643881,0.381537412081565,0.401415895158855,0.284502654743141,0.370825544404727,0.564857712050709,0.563787382469601,0.246088451105668,0.276668658115095,0.307113398810364,0.447298351848341,0.57594316776242,0.445362418391779,0.643100822607974,0.387038386116148,0.11814923255319,0.380528458362772,0.530474642279833,0.563590008121051,0.578495163677186,0.556329909215425,0.615227902522657,0.630710300654528,0.495554304536415,0.330251055806629,0.384681426176361,0.285712564639084,0.490669363914906,0.42236595006608,0.295464037796628,0.393706577800861,0.572986499523151,0.613687700780903,0.389730947782264,0.57112334033861,0.50302039717299,0.513226528246178,0.337206025093309,0.399606564019573,0.546297788240631,0.418777923106535,0.4065111467459,0.527085922509726,0.166104379124742
3700,0.13764322050205,0.598095683193243,0.451447578182753,0.417541810056967,0.553917190138213,0.298107570490005,0.423820821811953,0.175193683376295,0.2822760684348,0.406203063977017,0.513495776325747,0.388189445890523,0.459022466027554,0.525591407633041,0.0734234325691894,0.236442698646064,0.342936306356106,0.319741756612808,0.277755896402204,0.448751618023683,0.373147145677269,0.725998777764475,0.64323660783398,0.748392813143326,0.585967262837611,0.3821706786472,0.27254200569895,0.413129435760179,0.149405775147778,0.250117694794069,0.270712303232165,0.355473939845828,0.343962981529681,0.34583957075675,0.329315437971854,0.340595741780839,0.576507623916962,0.419481861426676,0.407396446647117,0.491407313752356,0.579925252755616,0.548772274710216,0.390210247265071,0.360335337739527,0.132430495941958,0.146763733181444,0.424670002976266,0.70089645195905,0.444144961559687,0.574339437844367,0.418231643312853,0.586065241571393,0.375804422939514,0.340544174374229,0.603663288426512,0.16758231283438,0.589473604391869,0.423548704425327,0.467427154363006,0.273451817630084,0.390891482776223,0.353747958886366,0.523707324416645,0.265571186049848,0.453947640100661,0.367996966999844,0.363443234948444,0.424201522112252,0.353957081020109,0.462002468696073,0.38145063730616,0.257785879762031,0.340972749201578,0.442364136711313,0.46270554427224,0.369458602323104,0.744261457926792,0.565384427566621,0.482971586703453,0.378294289234125,0.484886155536384,0.211806240419039,0.218680696375144,0.507368537439198,0.400512059090071,0.292485979439974,0.347879928582548,0.596662619578279,0.620318092086229,0.409126717001974,0.622430425670802,0.579492029256322,0.497230106634911,0.343201238766636,0.482487238869778,0.465195939624043,0.377432920622963,0.31369829656029,0.566816172227159,0.294553162643338
3800,0.13621705272454,0.488856438818301,0.531371527240607,0.356405115687941,0.503589552200667,0.223461247787713,0.520900226384555,0.240420237435003,0.357516156092803,0.621348976240672,0.646747486344951,0.557802431042368,0.494865816956711,0.383391888816259,0.167857495423467,0.337151957141535,0.406736714268206,0.424439776330678,0.339064252526901,0.316942400638541,0.332481117270905,0.528507530882442,0.576950260784249,0.480656778010869,0.638600978385875,0.362418931482087,0.281481142896472,0.44013160789467,0.243048168691492,0.0713338476724424,0.238850956058106,0.442273315989814,0.491227870454021,0.220833440451466,0.413822152690342,0.446777317034377,0.56542487941026,0.27690556025153,0.451474579770149,0.555985371286353,0.5572440081971,0.441795723487569,0.401555474296503,0.41779448763308,0.166733102219336,0.0917070203714673,0.207224360085628,0.634409040467895,0.389450122766718,0.460235114226422,0.180055806339864,0.574717068363963,0.185444787010842,0.371228190562062,0.44286714325972,0.321741260642604,0.463426881836106,0.322717474860259,0.287203177490723,0.238975591478482,0.35517265049423,0.30803771703196,0.551857203461324,0.245702373087129,0.458354108537618,0.477392016996543,0.140367471773169,0.282039556315898,0.25879405629966,0.399996481703341,0.368367920868325,0.321342715928486,0.443787670354685,0.617593807971655,0.327035859987199,0.530709474285678,0.616447512842367,0.509475775441842,0.51100160892196,0.458070905207365,0.418328478278126,0.201809893724547,0.359196313551124,0.623970147150145,0.529475991931971,0.436827900224305,0.349752622586427,0.557250622357313,0.528656875058743,0.368265869230545,0.631304619005297,0.456280661616311,0.409186633107409,0.241561910388575,0.415376054911965,0.298579691462543,0.326957132662365,0.408842929232451,0.474375389642133,0.209964961651075
3900,0.320384443111698,0.344511878093642,0.616715926070218,0.531105032207765,0.481007649721751,0.321715134131283,0.457151698991089,0.275250909993491,0.408329044429144,0.55175862079081,0.549237659793506,0.636256764621927,0.398220376423327,0.255151870590698,0.331854387100233,0.295068073150127,0.55908471399545,0.397653774760407,0.312763481565372,0.401597585804221,0.279625647256241,0.373834660700975,0.527515264046525,0.426877350121881,0.606849898615604,0.357460023411076,0.207913961325304,0.408898737926721,0.318824667805371,-0.0935556520877507,0.230196395099069,0.20367849376895,0.534432026626375,0.184462606984818,0.542632115252337,0.464573492499877,0.575994057802738,0.204173268868145,0.601633268428541,0.5985406855173,0.40898562279973,0.377011839344652,0.598563377182411,0.532938642755109,0.438718606806253,0.118336807331923,0.201722969857023,0.594520185738088,0.371829560651827,0.422260836519325,0.0788044347732983,0.466267109745981,0.394823879189009,0.258178607496941,0.374232922216317,0.314814327262776,0.649187147342305,0.346996260921331,0.405087098811793,0.075616144924311,0.363176782792474,0.264945653496257,0.646924399169217,0.353817193461422,0.351692184697521,0.494783498976056,0.312238018741975,0.465226747164522,0.409076466175323,0.379142561959618,0.386604264040402,0.324047742929211,0.51141818339627,0.562166831628201,0.323983649580221,0.435151341677135,0.378073195333373,0.447704544894262,0.371265260516089,0.463176898909856,0.44135730697082,0.280699951050901,0.288951579110668,0.594356432032925,0.496322296925288,0.311389686373806,0.390679033056535,0.43087262915569,0.487408687198625,0.419429527059382,0.882027637337253,0.25243901572389,0.469812850187549,0.154216309712908,0.358692478108152,0.287513419696379,0.211859485456523,0.349156783289093,0.530014928221137,0.344030049274719
4000,0.499819441168084,0.459441255284591,0.609507761779338,0.579344036566344,0.57561424380644,0.541231319745549,0.397210139750898,0.441470056445723,0.54718744322236,0.670616795460597,0.447862303603515,0.55700422628182,0.305143357164191,0.253615284071885,0.263750818752145,0.37278930374821,0.475161179422944,0.424199018101177,0.21794469403363,0.261626681493639,0.510970920443187,0.428488720866827,0.432567176776246,0.342556976562021,0.525558872933739,0.155927782828537,0.328937977114475,0.448525073775012,0.290825431147073,0.0509249213190077,0.252194844019502,0.30722942100847,0.566598048165936,0.133394846196096,0.31777539841006,0.477427780060529,0.549448406811304,0.214253495537374,0.623154299936291,0.4824643559132,0.374872789527907,0.445202214846095,0.701770011311276,0.445372012659858,0.353850985564551,0.223403820103525,0.272133661146636,0.624437247751914,0.352024204416335,0.402681287395661,0.27713844192726,0.520560716511601,0.48314415309385,0.228330524569235,0.428780063642639,0.285708067015451,0.431245953372242,0.263176544788148,0.410177717934583,0.067463297423409,0.371307251759038,0.220134398189699,0.452609331003162,0.445753656331264,0.320287045074112,0.470467502746386,0.444140695585637,0.260937402961197,0.495460648908357,0.358161495101866,0.325088732825842,0.119119707785557,0.539164872171491,0.471926734640854,0.326900673754554,0.567444392963389,0.297706145756356,0.257217371090961,0.496740867771333,0.572803512623758,0.367496729002872,0.435891954992915,0.209798056440455,0.607056322109345,0.385214610089707,0.218105493084083,0.359722381002442,0.565219620154066,0.541315625337138,0.438810738277132,0.704397208856952,0.32628590905172,0.439718606146842,0.144209471629213,0.265823725982847,0.302573471620706,0.379021521832264,0.42516620102915,0.59973344044197,0.340232969339035
4100,0.3609555499359,0.583080221526168,0.593498355285574,0.674466226487193,0.572737782165625,0.364419724292459,0.367459044671181,0.307291621385995,0.46743810978018,0.59268370355379,0.46293691860781,0.559929896670926,0.227093057489941,0.391693271893462,0.356652561233923,0.302257343374956,0.431778982451052,0.363773666821887,0.314447594391393,0.29141467168817,0.555191584378979,0.309845478301774,0.384049088116117,0.40012841151554,0.504167631899531,0.130480964987526,0.420118916428602,0.279765809497957,0.368634150280636,0.295585209669504,0.374042976725982,0.263266568892971,0.446126657913581,0.267264432593703,0.221886571047944,0.332728642627146,0.59509328064868,0.279578602165672,0.693853989854919,0.444194295434663,0.352350679538892,0.462253396754871,0.645579043497954,0.497513752928308,0.425601639025844,0.276966031607652,0.220033459092292,0.473736816031199,0.360401218875718,0.372173052460551,0.229713259645306,0.392731771154767,0.539721606815413,0.15914933389341,0.341711867162917,0.319435810200557,0.252632942468535,0.268978826032848,0.422394951328741,0.0633940000733047,0.232729278061387,0.229966436757249,0.38351834134467,0.598923186398638,0.399430859427799,0.278322496450729,0.501366312833109,0.151120739126912,0.498783011452514,0.567901656412028,0.429386685775471,0.374862828024633,0.60853086432819,0.594999844270622,0.377767162251703,0.509877122926558,0.726325206028291,0.454863251015368,0.556984915469843,0.312785321283774,0.533171421227354,0.516618538983884,0.321796408176088,0.586328355582048,0.436186575749969,0.313438038079765,0.430185053510023,0.633384138139851,0.511378134999096,0.649038195720765,0.670863088875811,0.195174333020345,0.428669323586936,0.129329510634216,0.402776377878186,0.421541625460905,0.213604487187318,0.457542062557648,0.582777945033139,0.232203587230304
4200,0.307465959763264,0.465390311968063,0.536119235817149,0.610345200483445,0.419177466389095,0.301788436826252,0.310651803717582,0.3048254834253,0.320714048094247,0.558799958962744,0.496717203211934,0.610850149047497,0.230280069030783,0.391306885787623,0.311191651970495,0.288377196723363,0.476444573867508,0.517377324160311,0.156404955666007,0.241881645005269,0.52181454158374,0.331996045824472,0.283969884905252,0.510150096899474,0.618226570102821,0.343701295889843,0.498757488136506,0.327488380695274,0.343208757903073,0.345941833951749,0.263857508354915,0.332494288018843,0.468993615363366,0.257236964044306,0.25838305461128,0.292075049445725,0.438664089730068,0.3682068161463,0.542816991216183,0.501020383385911,0.328020026787796,0.371325036156347,0.695169641811934,0.479227655532024,0.476919889430053,0.289315473162758,0.452375312976716,0.577448483334449,0.151509316523201,0.43263733143042,0.282536767346399,0.30427858058439,0.486435120818225,0.261000467243038,0.281659623525622,0.248603249910523,0.141087576103225,0.359575969863835,0.379149099310488,0.335938047974017,0.394081326126531,0.307036555500346,0.487767215786187,0.445722119118368,0.531707773553592,0.310636266979922,0.415287627718228,0.141731864812463,0.470189217369187,0.573635595443418,0.576251923024612,0.464929443598617,0.499625690683936,0.390835364862236,0.590902869069421,0.521052704263699,0.487121669440306,0.541759322872627,0.544210557406759,0.0896064813852287,0.533660655096696,0.545340084083982,0.121100369606159,0.574842288229387,0.493377161606918,0.395951206360483,0.249282997142122,0.698266334880459,0.564584882651999,0.602976148542132,0.72442559849185,0.281527986920365,0.332024197148996,0.0778915205563518,0.456236967101771,0.433789823853295,0.381041343744725,0.480248885944136,0.645466585309537,0.316209140066002
4300,0.269222801702055,0.354753569564948,0.598187115142038,0.616634014036906,0.576898252638716,0.342412183335735,0.316433618153992,0.463650079809569,0.291864738230564,0.506131408896363,0.568557233020089,0.647421036673043,0.155024138131617,0.251289544396813,0.340126004657994,0.337830326227525,0.397561384919898,0.425939269613191,0.307984311136611,0.310072434078212,0.554813087882773,0.295580524358054,0.338360065419189,0.399388145873985,0.396498683251427,0.187616282256194,0.45064343249089,0.287209260555541,0.44257804088769,0.382528525107597,0.236522911618082,0.309597361096691,0.419881156946145,0.145232413524892,0.202428647821963,0.278062874051981,0.342397949142387,0.399322662180317,0.458920483698802,0.342916637642281,0.166377985593381,0.270374930461276,0.670699184525423,0.528758392401381,0.337645530984074,0.243895899786798,0.301964213801759,0.630645120333715,0.0961750554418102,0.379822148509875,0.363998435377337,0.376595942567609,0.557593986220958,0.398401954641303,0.346254895518251,0.286466609993393,0.0900483963997052,0.35777163274365,0.411020068549114,0.253360151439408,0.488688533248479,0.368255854429427,0.473067131393057,0.5179634443653,0.506641117480526,0.31224363456987,0.36965357445574,0.335679747658524,0.529326238352074,0.456920345791435,0.513630514983542,0.517960863037159,0.327307079291663,0.354819403539335,0.466293640097921,0.440973853919973,0.495525229817161,0.550681732152541,0.618864905823698,0.27063692907538,0.702399132602286,0.423848599677925,0.157746411151496,0.635616283915114,0.490721217462943,0.45305114321801,0.389776178844577,0.734855542960641,0.36747030801904,0.459429663917054,0.560732341420955,0.376273589253074,0.283123838055668,0.142533193541789,0.290899406911846,0.367856700823006,0.450897854394374,0.339439516956762,0.555760831197217,0.537736475790934
4400,0.393569720946513,0.393767730212453,0.695538310833145,0.512427237827432,0.616217988317998,0.319952984380473,0.556700175568087,0.376805003707337,0.382396110467936,0.51002847467258,0.505333720201134,0.591674256155638,0.349359598799452,0.242947149857421,0.40704759903,0.368229166266341,0.591263399291206,0.615669130080789,0.2988431666356,0.34652584692211,0.644782615472513,0.268722330638268,0.287712906589,0.484819162074849,0.35124512506747,0.181361451177477,0.396750899904328,0.0529300659970587,0.31171482876058,0.486138602692668,0.244588928310525,0.337169255984745,0.333886380749906,0.280842164841526,0.181598378063717,0.478321289883077,0.639021052327197,0.375393873595887,0.41350069934088,0.286541631360735,0.377587116939509,0.531667191293801,0.668209089889587,0.47914660827376,0.396879845567694,0.221609963660541,0.523519730554658,0.742105011075344,0.326680136581033,0.480829217343115,0.517321455166997,0.306406125168753,0.34136264584461,0.456632872380181,0.263633896051919,0.329912170193026,0.288166172463593,0.239875398695974,0.445026712646059,0.337978743569264,0.389904868161499,0.338119927099668,0.542179223813912,0.450000294205678,0.584156673668947,0.235701185718541,0.394240110744897,0.364182317629399,0.389096893626459,0.521301377999636,0.491424539826186,0.400617821457305,0.405742932831965,0.376514693534469,0.338934206722943,0.550677448180369,0.376157405100445,0.747286347765322,0.741189273858513,0.310098523271079,0.609318598273936,0.458294363989345,0.330906262997795,0.687900872280525,0.479817386010881,0.425419813668748,0.368142202387835,0.806695709409047,0.4186296174389,0.336655939327978,0.481624256631118,0.396648303594614,0.230999761449606,0.265366385746152,0.180672525624462,0.0767571093333895,0.306098939688119,0.362431013448853,0.593441092237408,0.489412321178992
4500,0.295914836736985,0.422691541510572,0.599945746043548,0.452782506363077,0.468528116393534,0.394292006920066,0.525475484653808,0.26624545727039,0.565322265410306,0.534658243579063,0.436694602417561,0.55293643105042,0.361029049653303,0.177423533092724,0.328108150447872,0.225923427893042,0.550692147295876,0.567918419106569,0.172795996619837,0.473662045111888,0.515403439874634,0.173459894683564,0.404238591390608,0.56585240042466,0.3830953338855,0.44667431282795,0.375146433729229,0.177796342712777,0.361052918941346,0.311854686578965,0.334600759736499,0.465983432713973,0.133752627010269,0.321569556870216,0.0471854365332081,0.473080325531209,0.668854344913533,0.32776635427248,0.354233560204405,0.333771461118436,0.498085430648496,0.515771423577384,0.451414027065835,0.635582233714274,0.362851667321188,0.192182492796129,0.366561660324741,0.614338952606746,0.369573053991511,0.543959388175997,0.514320464755042,0.36584461536099,0.369356038706377,0.526732188447652,0.353085522358306,0.348648565427315,0.157038032907327,0.305835318642642,0.434232427991141,0.291358268484359,0.426069551160097,0.397653130118513,0.519006066143564,0.337900779024714,0.492104153944006,0.19224683965091,0.43082174084643,0.297881377157206,0.408765437867509,0.552597533312476,0.352766837132626,0.17225389024383,0.341917314624434,0.507565066358857,0.28083518858665,0.669942898514583,0.302226039234747,0.848472354557122,0.767525188706227,0.361618745009086,0.521901506402673,0.498167649907318,0.223415914540653,0.413262911656916,0.387361203779438,0.288368597656161,0.37454680081773,0.673188538449047,0.553342324005933,0.230665585634985,0.406202945028838,0.327608986220729,0.338873886131679,0.445659039900232,0.393386911709458,0.210593521615899,0.479182815003671,0.43000446703173,0.65523012525597,0.4138558116659
4600,0.330641803598904,0.468569289979524,0.414387730734166,0.494269005030308,0.459697065638233,0.437413513733839,0.642513167918096,0.424605127857644,0.558617644149301,0.508220919537978,0.43900722492851,0.529357766776915,0.462436547167659,0.116946756231051,0.549365275592901,0.316857232523844,0.508318669854181,0.589998770142037,0.263045086605897,0.522478739070403,0.536973356509693,0.219039245050273,0.382247174725672,0.497376933841251,0.464546829144214,0.447935510558742,0.495105820089751,0.302878123946735,0.555107212057517,0.126495821597459,0.418405739169253,0.391523738480661,0.399148773749398,0.417993340035547,0.114512645288494,0.272412709037291,0.516271566170502,0.427314417885944,0.381611679784632,0.395751254991499,0.486625794698412,0.47787979800722,0.56451810282435,0.666363136829581,0.300687247101684,0.460524641754113,0.485993001792541,0.590016006021054,0.30888230212535,0.451912414151066,0.510397159236999,0.530357158841302,0.416389184238838,0.476358878888112,0.509932290694715,0.421129053709516,0.0910228323662508,0.433429661128034,0.465886151632651,0.342318403624644,0.378695272789103,0.454013803632663,0.454217293841826,0.462966027419968,0.474152510756793,0.40792896961125,0.429461301276822,0.380953388647989,0.37985531755623,0.583947713123547,0.547067189733122,0.303914378026549,0.425873103675929,0.591103911809613,0.258228007512992,0.537426514115721,0.303041616325843,0.871666347798704,0.742431553184841,0.455327875122719,0.580605959530239,0.478300279771554,0.137173278397643,0.361360786665066,0.293863596287937,0.3782584624616,0.415426629551402,0.700784513712595,0.489951769001061,0.360921616450791,0.251567223285894,0.467389873259311,0.393794836845259,0.260588470364145,0.550703374879327,0.196065238994303,0.485460405821651,0.501561973185224,0.434426627819702,0.456479717539462
4700,0.314782550443311,0.631504704037047,0.358310277580287,0.649076533620969,0.412442678800439,0.274953443016322,0.637588808995645,0.39381157598967,0.482436478408696,0.65797441595679,0.591238916671785,0.593055130133783,0.486309199275977,0.319743224310199,0.473268848682974,0.494697299846612,0.38083115484526,0.592202129625807,0.385122805747751,0.585500626546422,0.660485375226343,0.286435456978626,0.428184072531362,0.412707428147454,0.658836268930711,0.534488425480942,0.554936849142405,0.488827510167036,0.504388619659298,0.414453284651992,0.40175934148565,0.453764503872362,0.476570862083424,0.363557256717118,0.0837918062835327,0.412199092934789,0.39944582890193,0.5035289350083,0.577670793736407,0.48206162720172,0.383109954587535,0.508786462885177,0.674507646272467,0.608585063433462,0.467224720187247,0.417995144122553,0.458743615245462,0.610235351480894,0.369120736810647,0.350087062217559,0.421164246797657,0.455501875767052,0.454836629739076,0.410124745343324,0.711649575381671,0.414890156084882,0.190427693118002,0.416936580768256,0.447045893261481,0.33449234998941,0.55769357148816,0.6313700699959,0.409652913437253,0.404585919380221,0.441574662445401,0.440256451043743,0.179243017404658,0.591696712743145,0.551355424297364,0.490001922145362,0.402819479435221,0.354976123823393,0.381924251744039,0.56506350676984,0.462142790604035,0.578531080846185,0.569171837688695,0.794729465680163,0.747801586892539,0.321772435836624,0.573345080532309,0.353972793531654,0.344113062249003,0.354748425346732,0.269055079985363,0.305856619707248,0.345276771016665,0.674608087786433,0.668015082216409,0.541129020486123,0.384583235912161,0.47036635604568,0.43577572697515,0.282478200393346,0.474566823657321,0.250026438814465,0.408733837409751,0.51835922125304,0.668926363473785,0.628695656427897
4800,0.400015278833742,0.55293540757971,0.354711894427925,0.73104423337426,0.457472112708645,0.308572685717756,0.756272555353402,0.22741279241087,0.426977737289123,0.601248898220455,0.617060296828171,0.461346835940291,0.392971846538137,0.426074207113656,0.400367332334003,0.516289681179556,0.355083666466826,0.462933992365612,0.320187854727192,0.633366103364906,0.714166287544682,0.412245111274004,0.466124902034989,0.302881132666834,0.628203446882675,0.567743396877195,0.692383310386713,0.544084805186291,0.453041077183279,0.5490546221526,0.411547102464548,0.472406371731656,0.426308367863225,0.234821193797643,0.143110113663409,0.524042936808357,0.343257861751494,0.505583852940335,0.595078849452388,0.412492566790473,0.432736447985974,0.682819288577706,0.761318581422442,0.568911420295334,0.63527455635744,0.529414822927914,0.531723716736369,0.494929565674306,0.349971384190909,0.256281784358438,0.506115113097055,0.44925505501291,0.442628320967106,0.397061097773123,0.629226295920024,0.32585537618106,0.260375801698617,0.640885434333202,0.416259928876632,0.416967020952826,0.680741287537032,0.548906561347219,0.537130722947954,0.35398918607185,0.414282802788568,0.485087230224341,0.160829612011067,0.573358804116932,0.723453668374764,0.559670088729777,0.601022596757651,0.466631514503726,0.527136752886805,0.554472241592826,0.719017120163194,0.659387607093202,0.61442961362549,0.667263168257263,0.764346037504481,0.587768500134407,0.605752065576971,0.703329612217837,0.274142570276958,0.431471430350897,0.369951584001813,0.47499140298833,0.495948473428316,0.439167074901949,0.654515081365852,0.646996299069255,0.512626357675016,0.440844019382275,0.483919458571582,0.232179609423179,0.409847529135884,0.432015291187911,0.470513319097106,0.576801764499226,0.571863234965962,0.756761282710914
4900,0.371890454286712,0.50390376135934,0.416445595584978,0.750791015453717,0.56494489573534,0.326062796803635,0.650687377610139,0.291998851724082,0.319375476336227,0.856195354430573,0.564851959733974,0.448915473837122,0.405615950688871,0.571226943948148,0.355296831394687,0.370334035643786,0.572500746502413,0.466497261355217,0.511690864115085,0.673831449176807,0.581451711813231,0.350362253017446,0.452151862606189,0.413446455583941,0.519737895950328,0.487653066944493,0.704690981793835,0.696378622408871,0.388873333137342,0.488794576169882,0.306600347888924,0.458525306073174,0.487131666295893,0.301697729218877,0.305173614271472,0.417452705138232,0.427929966081188,0.51266110977694,0.47013646440217,0.33392975328125,0.326055119191691,0.634458570325787,0.602231307419056,0.644470557897648,0.643949825058562,0.522483868267261,0.487074368520753,0.669231648930746,0.443014737545017,0.343953378154815,0.533127298727792,0.287249461409092,0.37057713731442,0.470966294586342,0.7333301198241,0.382227036724874,0.241889686463283,0.708375946432778,0.442247402364254,0.485388884955197,0.753903002981006,0.627666279083721,0.622230176373378,0.52104149555559,0.417600311346033,0.48258625813439,0.233832891729572,0.608860471271417,0.682450061860825,0.498231185884641,0.718639807594078,0.555861832356861,0.548021264807509,0.42002919468729,0.56170977301654,0.540659218250311,0.828260609755642,0.774177073336949,0.67160693003042,0.598826298253662,0.694830277806792,0.792049415113848,0.336175051143104,0.552028339707476,0.223328118134977,0.706175862974769,0.401079541235782,0.383823154438587,0.617071489151393,0.695784191893032,0.764937501509264,0.373214808367243,0.534831818438781,0.190895201700283,0.427006486796877,0.518651690980169,0.529273602571188,0.764939450717526,0.548749907239341,0.793295180483888
5000,0.259534734688762,0.758917156524342,0.478080806033804,0.781249711533052,0.68519928970684,0.306355523581197,0.650919045034743,0.466842618489264,0.423649193491979,0.759456998028712,0.620457563844916,0.474434545431172,0.398026975418346,0.563946077538674,0.46935768211653,0.53682348723687,0.492370294377478,0.393358687704024,0.615271555987664,0.647291783856921,0.558444728804443,0.266655955283348,0.513625248707884,0.449707075748751,0.509519966198473,0.58714873147145,0.742961581214771,0.526281050706459,0.518731396076229,0.469145801485548,0.369364700854236,0.589126527141081,0.443019209225148,0.224118426658021,0.275541003013982,0.488913804278109,0.485732402188515,0.361742445684242,0.492053644955851,0.423730233836313,0.436229763800921,0.603218069596519,0.520855722990417,0.631238435888534,0.607257335944467,0.474921543374632,0.525533912865082,0.849037801447592,0.346390745168673,0.383367433719018,0.466913222675683,0.277757598326031,0.38379871276961,0.493889705543331,0.726546412397261,0.479048096038628,0.265557223460373,0.652244136057644,0.624740182667464,0.567695502525427,0.592634398252271,0.697054822637254,0.596822759954875,0.439681612302106,0.60422375957022,0.49279265174111,0.203729441462503,0.618008160876244,0.410839221020905,0.59044992746021,0.485499077293949,0.481264044706099,0.504702446493493,0.466159208382163,0.701592184136351,0.482117451473671,0.881964890847647,0.715312944370026,0.767233063513267,0.676831330431666,0.586185382914128,0.754563333442601,0.294648649637197,0.63989894587666,0.226425604747144,0.54729335163425,0.342685339661422,0.491412659459914,0.586464168288759,0.661041793554066,0.777537215447465,0.481654516792872,0.561631137357548,0.252932499918015,0.492942613180623,0.555610995930322,0.521091144439734,0.712501710925642,0.66296930119557,0.567959474156905
5100,0.281068266470486,0.753010316486636,0.389237490304404,0.789411597234773,0.642606171337088,0.406885689485778,0.607013744255416,0.422220740467587,0.402259635580887,0.834553319409542,0.789528160794573,0.535811170316621,0.303395271162417,0.495753166363449,0.394157024965223,0.459351452611378,0.494715110590754,0.453580954410101,0.401217050254075,0.69275925554879,0.692949945167726,0.181761011687037,0.376151015033223,0.490957792404023,0.438312323295556,0.546062167338578,0.69829524924011,0.525611014271895,0.418688760016923,0.471456139982444,0.425450965780564,0.570587776611394,0.541362056090198,0.395082148764981,0.435048311125468,0.479908738972698,0.481658004843622,0.346159710587378,0.63721170589293,0.412949485165421,0.331975190345499,0.72240704760392,0.507156337133968,0.68580119896459,0.572073111755777,0.488015737840835,0.49789617780765,0.680492478825984,0.25574333158183,0.43374585816996,0.583838273378493,0.55689647843975,0.597037660532056,0.351606678417649,0.541633020365881,0.529119301036056,0.393021660809054,0.658085355766469,0.595248859187389,0.544383214545129,0.528796832215562,0.685262602905002,0.549384362315817,0.37281443312607,0.583700960771212,0.641531512567969,0.210333698860789,0.677821405063899,0.550318095256184,0.632768042635899,0.534596391702978,0.601680100723713,0.506394756889036,0.57684610099095,0.779425758093448,0.643204219515093,0.800278028906178,0.741697970592218,0.788346808948575,0.79501587806037,0.542319089557881,0.55132567224869,0.425415273279752,0.480673182064963,0.222780411580526,0.604705224888974,0.520209926632101,0.679798718714191,0.607098946694435,0.601855636221808,0.749205992824195,0.384406210339642,0.533515429887431,0.468376241249391,0.535960194429287,0.500870707340817,0.378143994286601,0.697128639623012,0.770246452012722,0.534210377697736
5200,0.666397320144261,0.690974339115033,0.450662840037307,0.606301387827391,0.680718893083886,0.537852300109996,0.602110207469229,0.362425194289925,0.542332311514412,0.865556697738507,0.690861388547592,0.658654190068042,0.384033864411718,0.509070709552106,0.658537684667889,0.603462318144091,0.596807794974032,0.45759251523908,0.333089346868433,0.476684496957714,0.738441970312713,0.448483873886435,0.491671593059692,0.539388674782486,0.399162806107725,0.691181851077554,0.68195093103207,0.567831106013678,0.542081663786583,0.583617921444089,0.45543328820253,0.341198684023017,0.606952370795587,0.401279912356989,0.521459350103082,0.417358822981704,0.550075950732224,0.40864871076323,0.818881611152223,0.284140932927002,0.288989269448579,0.663107750422209,0.417017664742373,0.441811164683548,0.553471800775237,0.499046288792128,0.413549759479401,0.504770338459971,0.427202895876242,0.615377785707968,0.630838689563939,0.635007375381941,0.303551207812174,0.504609532809259,0.619350940661131,0.553971734269832,0.571612901821662,0.780792408859992,0.540723471794354,0.400743003984597,0.349466323841924,0.594706578409757,0.553004542858456,0.251367331144094,0.504250596204498,0.712631747595472,0.236292515707757,0.632437841741402,0.542766064322947,0.865724477235793,0.481888042087917,0.393166825712934,0.633701299124098,0.68001250427801,0.624924858959456,0.522512490376939,0.789611758091019,0.759784321152642,0.561119907693592,0.765151553185995,0.612854586741248,0.613219627863095,0.501190700176654,0.678574003615922,0.270537903935354,0.627988011208054,0.638343222435791,0.812402412392028,0.692384549596009,0.502063007898407,0.686984817809962,0.521983711014895,0.572700181148984,0.531977925774798,0.410193095736705,0.641015577531389,0.527216647562093,0.699824725475219,0.537159111311683,0.62607945125347
5300,0.542098934883752,0.606709852922335,0.613562918011078,0.653894548849397,0.843732884351067,0.514221965799825,0.538235141171621,0.388459776702597,0.567993550060206,0.794014320865094,0.430840762453311,0.549316383001065,0.520153238819311,0.599843762930236,0.646506999828355,0.695318814631028,0.575689525411352,0.322660281573747,0.5253552494269,0.647041334034447,0.660427389358536,0.442833377753417,0.492913750177073,0.645865522393925,0.622155782121416,0.728609106828269,0.756516493267812,0.592969038616044,0.701459393765463,0.576538814486802,0.570372813641289,0.434951791337898,0.419636362029583,0.311608036544093,0.604909147947145,0.469680284515433,0.506464249050938,0.519833449233931,0.589436707501759,0.424331105273034,0.378698003135594,0.82019922561768,0.457870965064147,0.506298702941454,0.658886196524686,0.465328309080204,0.480495182881516,0.407676695884088,0.50529135694265,0.530824771554539,0.53097379444014,0.728605535366059,0.123821153191515,0.504622588705076,0.474465474055639,0.571056064853791,0.598986587255241,0.715748407870084,0.491705297346558,0.426062550730753,0.564166350886286,0.512173468220452,0.641746939411172,0.33260237427737,0.547603567354208,0.718077589578733,0.279497832787326,0.547781381990805,0.480270859741853,0.67264196246733,0.620304744531383,0.302101414711753,0.584568988747952,0.636456111709614,0.65586262288391,0.443408559587845,0.858406362302282,0.548205963315043,0.523263651920891,0.716160053911913,0.691547609958786,0.517349524191101,0.538655755335386,0.600704497829922,0.33605157368705,0.497424910215235,0.553379649781441,0.6242793121425,0.567489594087774,0.445365293757112,0.605085403825006,0.584083723645378,0.642162790324712,0.556392810254809,0.422663398025073,0.829783978869426,0.518324477954628,0.630066019178343,0.464854080143115,0.344346909180525
5400,0.519055781266495,0.653839300357738,0.798006011758967,0.868019520588854,0.771162509019315,0.524773603543487,0.634431342585233,0.660271038189927,0.644173654214333,0.774037422940127,0.315388083431698,0.433558282917321,0.816095498962354,0.58944776230149,0.41428948896593,0.739486924320419,0.483387939946131,0.356101681176998,0.552117754579368,0.730614300372751,0.574007602979951,0.554641672460143,0.580637202231447,0.664579635064295,0.594454447521292,0.710599705304834,0.803592164329785,0.444895067014373,0.709940563663562,0.552440026140558,0.611334766237397,0.564475281729159,0.615037727692177,0.22987002858629,0.578120434295207,0.492768162931615,0.524953600151544,0.456028551158463,0.618636430186759,0.626255180085093,0.728886579014561,0.723443478686957,0.355266450199472,0.425848256393127,0.60222853472489,0.372940752806787,0.506072224571078,0.451160709630738,0.4849720164489,0.506845213422564,0.543082112479782,0.912576435213329,0.210079065824619,0.550883493628708,0.397725446259836,0.614915197902299,0.722479918160539,0.762768545216992,0.576490345590607,0.551019392542699,0.529274643068937,0.626236180210073,0.628867846083068,0.236690620012772,0.496934999907926,0.596149967700219,0.423808857517235,0.430975928463269,0.485242528751019,0.783019710293402,0.41287044992231,0.504764694401402,0.653112729134288,0.464273018070433,0.719060909219095,0.488871356648043,0.779596974623463,0.570451858729225,0.683270109980401,0.658086445282353,0.63163391390298,0.783244134743502,0.498878762857787,0.526921159489095,0.430377347211717,0.487116451521699,0.596515740112194,0.580027045481191,0.517735710640703,0.403806030589567,0.646549990973088,0.58244124743116,0.564808046156029,0.692869150730991,0.471950464138535,0.894026593135062,0.37734200813201,0.568593012223283,0.591601413175664,0.179184651801339
5500,0.390039687426902,0.75439453473884,0.769803920854094,0.810287798649051,0.766196613964278,0.675722378847792,0.593270101165857,0.592457378453304,0.637001602175936,0.726468452926627,0.748914127436605,0.420057831340629,0.749873167362483,0.428841865607945,0.551348672934501,0.55351478235697,0.461952314130062,0.386096146250515,0.523019941422689,0.637800449607572,0.56621709271008,0.647411416714644,0.730052099278807,0.595106347257512,0.765206336416958,0.624397207083595,0.75947175557218,0.522628343894655,0.631892953686431,0.773720469247127,0.629824885281261,0.573404446226226,0.745637146160962,0.127882785625833,0.444401054759379,0.516222235021596,0.749828087734419,0.317490090998202,0.649376085471147,0.797338897169574,0.857849571183869,0.728910785432128,0.283719382004833,0.420948594695284,0.849678560627711,0.366276552322047,0.422691881503093,0.524924725199472,0.793794080207372,0.526448911115996,0.566850945016381,0.937074903120668,0.396303777841222,0.70309333048607,0.575065178632177,0.421660907806126,0.646635078245549,0.703580776487067,0.474492617697049,0.619166338801584,0.610612685487784,0.695260327142869,0.635190048777424,-0.0200110381493254,0.418331606793803,0.622323593513184,0.432450705750846,0.592683658422765,0.558425698411406,0.684044176210913,0.441515567455589,0.483466670902919,0.722040116980556,0.694331725179993,0.800941847228616,0.45115527439535,0.736873736499814,0.554065456205025,0.406999782283975,0.886722164836754,0.583824203459585,0.852649882350782,0.353831627009853,0.344667518828261,0.690651223290482,0.47660534086626,0.56707414383128,0.514722499483656,0.531928741348178,0.602378605646426,0.760938897639021,0.756602189791312,0.536942687298517,0.75178342707883,0.591787206035875,0.879787627680268,0.381282672403749,0.720560953672767,0.887773911451103,0.367826898142679
5600,0.474753089238161,0.682407652379432,0.636715819312942,0.860381935144056,0.707910591639496,0.81540622116841,0.781537921621119,0.515976962069609,0.709715359805566,0.766394480743116,0.769118671731878,0.501970563777816,0.745612508279274,0.495742166589068,0.614876896543467,0.542338114731655,0.580706953010836,0.361936304595078,0.665154272388299,0.560534564568343,0.551475837761675,0.784428551268367,0.623280422884144,0.595560007828213,0.847748713381269,0.665041916146986,0.68440972135735,0.695597694933573,0.441612586288028,0.856454156766339,0.524198276618738,0.590859121814191,0.801967471979682,0.210943585732863,0.560964085903825,0.59761512742824,0.752842866239312,0.30178211998749,0.569102673924672,0.762009962413755,0.507819678072589,0.756692224251273,0.451062264294623,0.532880552652395,0.92027466475997,0.477588186073833,0.523104178475141,0.637242854693399,0.659444839588898,0.739173926662702,0.553717340365913,0.852367216215443,0.402452311095917,0.649964480828707,0.705745254951632,0.308481325019992,0.538998894952252,0.641399892173113,0.49294954388907,0.683372303501899,0.670775356654358,0.706965306290254,0.781710099864186,0.10241111861135,0.568779084521071,0.510361358130949,0.45504849178895,0.616011974258429,0.498155242732112,0.621157331514751,0.672749908905278,0.468006414347916,0.766085438079617,0.643226455859277,0.743291369664792,0.448466599079214,0.778761001513403,0.594301737038078,0.338519906164785,0.829898242441075,0.547574696763986,0.847161866707657,0.275787852616325,0.382884816841281,0.563056963557207,0.463367876272396,0.53652580212732,0.531456766838677,0.446929965052183,0.664296140925559,0.685409417980131,0.683769858886116,0.614756936482041,0.630244228046994,0.733584303536996,0.584883048212509,0.453252035276184,0.573190250795434,0.841595804233429,0.259876453873189
5700,0.638852890545513,0.700550369452232,0.540214914344621,0.629787640127308,0.651938128040631,0.829662528792921,0.619895302572826,0.48371342174509,0.803680559921781,0.719426902688963,0.561790456820381,0.44049140988135,0.612725590067196,0.605038605883049,0.44805631929355,0.504312856126307,0.571371244740042,0.438139398591316,0.516092436966267,0.470789140240057,0.585274652076785,0.871706769441373,0.642019478221625,0.849807979500332,0.641905747272902,0.75453943066922,0.760479421226588,0.599587875229026,0.467971705574624,0.599354321387645,0.539911854207796,0.529238818922893,0.846784335336867,0.436958238254745,0.485302997656796,0.682671653594815,0.609944706095978,0.385572854768807,0.638886165926466,0.78538189128539,0.608707999373504,0.759273003531541,0.551001776230846,0.310399508506275,0.706062086665055,0.614496607351949,0.461520355676594,0.639202274393841,0.633629276027294,0.675671450533782,0.470872548222876,0.930703683454338,0.536029443386666,0.698714652474833,0.689005278590666,0.372315924556116,0.760027554376072,0.691915577420346,0.509544515894708,0.593624775507101,0.682704328233485,0.6382613566666,0.707861796157506,0.248978347912267,0.720195073262176,0.548994954311395,0.486648100340134,0.721103179904697,0.403169247952844,0.504139448108326,0.690777254013248,0.548746375263117,0.754165601162573,0.458813299187784,0.627253502493223,0.423595270938962,0.855881790736137,0.647143641390741,0.504430068850167,0.742173492179913,0.484732205801343,0.960516000981795,0.218905430784545,0.448531415453919,0.506376590786232,0.505097457074023,0.626736502330047,0.56427585870046,0.416735998077436,0.764869576925027,0.810456111947399,0.618783481009987,0.65361499146887,0.443530845467597,0.707270096940085,0.558801561392666,0.619878503716102,0.50751815935955,0.843573725956135,0.34788422107064
5800,0.582559231559446,0.610043811857823,0.548693863828561,0.506141131184622,0.612633132146038,0.821286357466276,0.68507156758923,0.396048218708313,0.688760118846735,0.590821203298629,0.602573687016313,0.35841679282883,0.666857202663719,0.58239953233752,0.404079946747367,0.547979974691211,0.608643161523786,0.522817993383121,0.453649427364946,0.39527553450491,0.622054884979867,0.777291599212679,0.622926863042554,0.72342723621337,0.637434651490652,0.673741277709836,0.668525112360488,0.390434186557177,0.436432984748362,0.468201736848571,0.448150659727996,0.570662987747169,0.841955643090557,0.428295509304523,0.528593499740767,0.871163488102117,0.620280204621373,0.506345199699288,0.579711922904176,0.789772749891614,0.615524621415093,0.792167103252255,0.576243587349027,0.174459651104706,0.868209915768513,0.561193873028454,0.339856824887529,0.501920346405278,0.667544816256943,0.62312959157675,0.543865764347702,0.834666558586783,0.521762628436049,0.692818169800539,0.664723802977517,0.346752630689585,0.727890902883565,0.575899308944151,0.427390676122041,0.488940550692301,0.698028557732736,0.656962256922757,0.787974599998486,0.246174908347019,0.867375024044542,0.540252461207055,0.302301246552705,0.66803833100728,0.538767111263735,0.664616691160463,0.785121429505201,0.362979152405569,0.881231013491188,0.41096839808447,0.698326185318947,0.124273474942273,0.770292261008717,0.562041148721649,0.588910086636627,0.604458990468017,0.623739325576519,1.00446590609837,0.30313582851817,0.537836802664192,0.471458982354912,0.682577926566945,0.352478193806641,0.410623378493334,0.267410610686302,0.577094194609783,0.603966817242063,0.628530009640037,0.693062449200919,0.388269547225824,0.710666285770838,0.640245937986979,0.627478595854825,0.45926331890861,0.722674227261608,0.423955601306653
5900,0.466138793724505,0.555880815169292,0.604661723645958,0.719099118494647,0.498479826420145,0.636245366765812,0.641347798968834,0.354428150588664,0.623463119974486,0.543216278400342,0.523565812380417,0.302936954874837,0.597987269475741,0.550769308542245,0.443048770680613,0.483277695904342,0.552662903846734,0.448603452620598,0.446961570691153,0.494192311570863,0.59931008172141,0.971129393401629,0.575714873296143,0.729526051774534,0.766425009558016,0.747521428712609,0.792795817071932,0.415701201555641,0.499265853305561,0.617302002746808,0.327607067435252,0.53401349071115,0.614843909220538,0.593857592736277,0.484062649300407,0.648770799223374,0.626161845893455,0.539571039621906,0.664300267666529,0.64734698155702,0.642789818454113,0.677789990673773,0.646565016621966,0.223463089453677,0.74561063626061,0.429609947860263,0.395312934340667,0.376864458871374,0.694029798052206,0.578893022811046,0.489490045429524,0.617852678531831,0.579481613424522,0.57343234325859,0.691471550730534,0.152680196823401,0.651636257408476,0.57605102036842,0.501039807352242,0.642804031360703,0.709676188099076,0.485296966770155,0.702642658613956,0.322147937799516,0.780104312660399,0.620619944159875,0.536604715524381,0.573808773771751,0.645720093329687,0.536645138880865,0.634882611972718,0.22103082656699,0.917605134989596,0.384688303799173,0.654045580127473,0.26089481171804,0.682398973112344,0.585205978934305,0.443513921149275,0.442470720334776,0.636426375738537,1.01044592029383,0.397567957276873,0.593864151937661,0.708759420292341,0.759250963596995,0.458148707419622,0.612408843151535,0.165290801468759,0.504663216993376,0.584835606465864,0.534596557512546,0.55809657285507,0.522110273702946,0.554247553133932,0.460909214284613,0.58362137973032,0.677409745384526,0.688859171292468,0.294132956294704
6000,0.727326315546665,0.544142689832925,0.559641475337438,0.623645025625638,0.500901521439743,0.621734596795596,0.535412802243353,0.421269401666646,0.656319806015631,0.603437169805148,0.624617906232141,0.281631339080943,0.782213217780642,0.789345501964736,0.40789661459693,0.419760691294247,0.65117163930186,0.566611306281659,0.417865553320042,0.746017559346985,0.640987080468541,0.891782102696479,0.468055375592818,0.710827868018142,0.759749166860628,0.655913756652523,0.655026927313211,0.455101041612159,0.559319768496409,0.514851046337111,0.341833876742167,0.505366364921024,0.368437345537583,0.594003778643929,0.485000370748038,0.632251761079142,0.699802735392998,0.656559129550085,0.804742215733039,0.557816726674697,0.604778492772238,0.729775853309986,0.703807877387089,0.337172697544708,0.684764116673615,0.598335640703738,0.42664293842357,0.432125296501031,0.577306225858217,0.744156138802521,0.46777589974945,0.416479191531929,0.721655425062205,0.611310432449576,0.793817732669145,0.219922193747022,0.742864409345567,0.532600563089755,0.646461050433644,0.64453974139626,0.792724932636993,0.408183483278263,0.53567197330893,0.557768865680972,0.629924773370026,0.731932786293387,0.482866837097772,0.576105676603884,0.510115457511489,0.483531923707458,0.620981188956329,0.258221804190204,0.916058805302445,0.253975437212103,0.725345317848621,0.289286622028594,0.630668317686757,0.552693097397035,0.416600809775707,0.460666718015807,0.489377837105945,1.02073110453591,0.533501852627741,0.498239976399622,0.719433460688823,0.724740179067854,0.502755973087222,0.524413337382281,0.374774790713551,0.581743693378081,0.477432145676595,0.466378046550178,0.546839030625231,0.472490647091565,0.823999538966062,0.691788962061106,0.579470664753142,0.559787813922453,0.64946613592982,0.331840788126254
6100,0.54617781370539,0.749633339480176,0.534779140610827,0.633783836640597,0.567465982352915,0.53674323762329,0.561788765923681,0.579350385470262,0.827213498407617,0.637676448302788,0.70447879995917,0.331063258032172,0.642558426993678,0.81180070717158,0.369511947304889,0.505232165813751,0.614988618508538,0.345223626576106,0.488609834398381,0.752059758870802,0.573232971138296,0.827874702352613,0.594444418932349,0.798539757492394,0.713536960512106,0.582509863482035,0.670776340826069,0.490145104396289,0.39023397927753,0.622010925699536,0.526867799288135,0.72565839090417,0.314423447293737,0.652467747892867,0.580825477868554,0.74989665132165,0.628912730561456,0.426308164621155,0.730393139726329,0.563144899946957,0.42801659279105,0.679864813871479,0.403170009359539,0.382469649776959,0.56319042076967,0.701201113507336,0.424480202075126,0.488445120857209,0.582396976276643,0.634297271986107,0.439933475738604,0.610077928615996,0.685563734276496,0.674471779787086,0.714041512488373,0.201183770223574,0.624858565291848,0.642558417295908,0.636927950209328,0.512661875646106,0.779206891764216,0.365644825960414,0.60615666812828,0.523849475331229,0.322520767790458,0.757978574186946,0.500814637390087,0.509174618020532,0.504345592664356,0.515477487413452,0.449062662066188,0.265797141230603,0.917068233190401,0.334239359132734,0.463298118292024,0.401986463989657,0.656492687329825,0.546096147363997,0.568911790851487,0.571827433792524,0.413030498145551,0.962056555450635,0.636968413207575,0.508790758544762,0.609889161751904,0.730260416909467,0.462889222920696,0.552942472694771,0.5371318790051,0.575660390809861,0.552237669533256,0.552805425371313,0.550693605347658,0.566461719012676,0.476372472629724,0.784110932814058,0.55135414115898,0.409473371591611,0.692935777489568,0.383855018248451
6200,0.416690750236585,0.849280441508104,0.550338079539361,0.564167805879335,0.340109223921385,0.576840923673153,0.655249523884557,0.883387675752621,0.86428527998117,0.748476601411099,0.587798465446969,0.34740407771879,0.706177157314176,0.645903617713498,0.491864159543802,0.711900660990845,0.473114504570363,0.37773170909951,0.457416905106477,0.8224672363553,0.465409762411355,0.648269831985957,0.398286865047992,0.86157195395378,0.598951745656798,0.555796742490508,0.711706273171937,0.430216104335065,0.260264234108456,0.659841244150899,0.429559217800004,0.647319638827039,0.4002182466855,0.832824025714719,0.666035331165379,0.773977862546312,0.629703393360806,0.513625295892844,0.67889709432201,0.427570167303455,0.587723088689728,0.571056948778005,0.30532372706679,0.48887023487077,0.5335967190209,0.647090751948147,0.48455907134207,0.429384638033097,0.516723215112169,0.555828719460461,0.392737464820297,0.557109261297132,0.559120452824062,0.814642313153518,0.566164637948893,0.345032517395288,0.548732755894112,0.493887448335035,0.656572535773343,0.659258083105871,0.581795386554053,0.409481872446094,0.663679892696566,0.57935067424081,0.316238853782642,0.543795831182754,0.487390311996209,0.49195017252672,0.537210496505007,0.503954286824233,0.542183341741539,0.456172637684759,0.712422810730308,0.214467927830566,0.24289610674113,0.459071889487288,0.839385669566751,0.562349161674189,0.744931090495321,0.560512100693765,0.533001856127576,0.955418286441749,0.741791333981934,0.532405648518194,0.55819288512433,0.669800093813828,0.471018727719746,0.383116995544958,0.787038893532742,0.338270771383091,0.503190848942676,0.495961659644302,0.527652710277905,0.502944526906434,0.321395132536795,0.684927206274031,0.647599540698719,0.512933670801826,0.592637206434704,0.448361169656384
6300,0.425822770810514,0.807779075085705,0.785607600565118,0.471404205046818,0.608529590952961,0.727611067363904,0.756613983963729,0.693742779748787,0.860605673432388,0.896260852388207,0.751068588267195,0.466321612870787,0.704380636133336,0.767521135435795,0.408499553883736,0.691927906624576,0.460264696672712,0.497937726186075,0.503617853318484,0.685745406625897,0.472096021836403,0.629981165347282,0.529603098859792,0.798781811797612,0.623529264940423,0.506389600913804,0.869954443207772,0.538899083143579,0.230488936019592,0.664416174935959,0.353734695256581,0.714843829016596,0.420397389014427,0.845284686649082,0.802906357460655,0.547954899011681,0.735230459956995,0.603615244265823,0.631048409663735,0.362314669527893,0.555265778163299,0.734530142210181,0.449905172656776,0.297697191282474,0.561355457368991,0.659672307267059,0.502403214312031,0.468807911420631,0.553652530339976,0.724935911153583,0.337062942943703,0.591706106708315,0.663785007353476,0.735807019367459,0.451724631540698,0.229371712778831,0.532434213542006,0.398299897253027,0.776135081640113,0.689139172854377,0.499099657221055,0.441881001025567,0.649109215361154,0.580421376741046,0.328844000494293,0.521761493399802,0.615832496710217,0.394285324650185,0.589880412840702,0.500376666406986,0.475725607112316,0.483436912961732,0.736189365411409,0.349373927654093,0.295664695199548,0.617043755720688,0.68810828240092,0.509248676406568,0.601742100227504,0.770436598081462,0.553966698862396,0.771130788031422,0.516422130158505,0.686375701826315,0.670851660827144,0.559050750917649,0.287296411408009,0.428444999547248,0.92559111468729,0.38961154245353,0.485360920730486,0.597419552172846,0.591276427763935,0.576044776894633,0.289641554278467,0.736331213201724,0.526797118974076,0.517064087669532,0.666960445977765,0.699593685659747
6400,0.592002218631646,0.597911892516313,0.632969419306858,0.452249738957844,0.615211513709084,0.790596941767688,0.682771757840439,0.585806858053191,0.934086039119684,0.670865044297121,0.775179990653767,0.269809208843441,0.586571453063801,0.713600482617057,0.515102455246328,0.655068102910668,0.333938502477001,0.214457444930096,0.337503616587366,0.56254664126168,0.613199287609249,0.441633737839247,0.51935706878311,0.96275226157542,0.645623948771015,0.675878741022892,0.989420074781541,0.610122774354064,0.398319619539619,0.492754234751847,0.477165193487202,0.711757124764685,0.54625507222352,0.729068691014991,0.582880569420811,0.419627235393019,0.744409599857092,0.637423878946602,0.706672800619339,0.459154540422041,0.758888573601219,0.552660475482464,0.465646571387109,0.231338507644282,0.489324316512625,0.68687554878908,0.615909940329274,0.429145621179982,0.519998677846752,0.702255067527684,0.154152274725576,0.484089767921012,0.723178469296542,0.681311821726149,0.445574701163157,0.348321544120842,0.608261323355056,0.431772722467385,0.79043226622177,0.582456611484778,0.573120651270299,0.467881293949775,0.674131751986032,0.523865628856023,0.484716711551532,0.544503632345493,0.5039704625127,0.402734137489761,0.507943834631201,0.815054396090713,0.442968684734459,0.542346890849244,0.884359261992105,0.465465787499606,0.389275113705583,0.620450824606985,0.855933610104183,0.334421782011709,0.62607095510426,0.67863114834016,0.594182255903519,0.874573191425722,0.482906466898807,0.834014668590625,0.655249044817529,0.638240329824288,0.350944638487442,0.646957679120231,0.824734514733386,0.561304643498864,0.565852749282622,0.339949385056146,0.671743951341607,0.680808947633329,0.292296388330458,0.68537213203961,0.598616172751897,0.475917055860942,0.601841621656191,0.668398811528594
6500,0.663391320351089,0.570552225124314,0.38343396337516,0.348909702925803,0.601611373286481,0.953368904662226,0.695007211783809,0.499301411539196,0.788898384401616,0.714392529801291,0.546463887374931,0.356206255723986,0.764098117019688,0.726451575163818,0.622683223555176,0.639532090270444,0.506199878566388,0.230130052341303,0.375712657826693,0.678871435533498,0.632861057735408,0.45526436721919,0.457741874442441,1.0590442698921,0.447896010073,0.697343228155534,0.795404003439354,0.523655330459097,0.495167629781475,0.63942131694607,0.568884899769854,0.684055691905298,0.709016940578478,0.764204291792846,0.593461777731454,0.542934706129145,0.815503452981549,0.684542287121295,0.690743408510664,0.520258291892816,0.726225408609099,0.600812770351184,0.452198531641127,0.256491724413578,0.435799975380416,0.652986935207386,0.578732414083928,0.553273297222928,0.626384662059407,0.499070038433892,0.0852442331625082,0.56724109859025,0.827940396550535,0.625117114208493,0.744380061230857,0.462609031235591,0.712054297519954,0.544455314368954,0.683548579543922,0.57426363937391,0.68757479012509,0.484907477889088,0.701963223009323,0.47323794245134,0.344484610664922,0.500299395620335,0.668935774689227,0.541834294141253,0.517032828394454,1.00533625045758,0.180997992980421,0.639124966733978,0.886024016758778,0.471770023224729,0.526410260532039,0.525999241380232,0.671734568647862,0.453442627175032,0.711262393674309,0.600863522353848,0.537508930674464,0.679247398777052,0.60710071781737,0.664719696060835,0.921137879986872,0.559792479218982,0.300418347180744,0.645091494053181,0.629484032845674,0.708942459095361,0.465722848698281,0.374750950370779,0.632839847968002,0.623641209175799,0.425858245088072,0.817592481533253,0.550202346669477,0.488078973968373,0.667248399577467,0.524901563872278
6600,0.78474641351566,0.547699323194173,0.540751512075573,0.372973688605318,0.484815174701334,0.907770647812632,0.976719988573428,0.594276385916607,0.822004027620499,0.602167844946484,0.57132637890296,0.311980888142267,0.705598329263616,0.868561045115404,0.547860315590876,0.549193821835424,0.354574415353929,0.409788921475436,0.363852608504886,0.52932455294225,0.626093608621874,0.555322039039311,0.436301765942452,0.895061635917911,0.538874842941003,0.812909532330878,0.77296133503971,0.592488239328853,0.33080359196139,0.836522570942766,0.509090536582442,0.985001505745997,0.783497241619772,0.823515867301201,0.651919613953928,0.485631559662016,0.655375900598,0.673468790084345,0.6715954932565,0.528756661797458,0.673820857815452,0.624035965652923,0.353267287037651,0.309645295017878,0.495067847587872,0.746567911931428,0.588136636879995,0.411012819443788,0.514727475571203,0.71941101991576,0.115201452108381,0.432452900007643,0.742257482760337,0.539888115877148,0.828725820331513,0.421353722481266,0.757317609171846,0.700487979204687,0.774989534837266,0.619844605540225,0.677451155789344,0.471092904790931,0.662477155013311,0.543829863871896,0.395475754895003,0.536480113594365,0.784535479398448,0.639573912058996,0.383238836566704,0.832573900656126,0.216370860037685,0.432247007498971,0.751611602480751,0.533249179041344,0.495039673881572,0.389416388920314,0.670571688845932,0.756483358186217,0.582593724561163,0.372383665704259,0.592113449214294,0.616693174634537,0.787957379124638,0.657292492135067,0.848396811659712,0.678684197295291,0.307221367513826,0.731657673608122,0.592121671193847,0.52150565862387,0.376223275924389,0.663217927478936,0.587978286936368,0.761970603934191,0.485791988793936,0.879634839743212,0.440719548011898,0.597081423416197,0.397671378599635,0.539467020600124
6700,0.575392924892079,0.579555631418205,0.398324985512407,0.370942170507679,0.405339636861743,1.06306477811037,0.87004937084472,0.658190028182233,0.902623321892266,0.622421803465398,0.580823909367738,0.445466403760236,0.787544771482831,0.971038853146067,0.626973692531754,0.463279921388652,0.481305581844363,0.412096107326952,0.270441175706273,0.626690323435313,0.623356459759846,0.672838603685677,0.635367267108183,0.757911865597584,0.406797316496909,0.624890529721265,0.755967166073458,0.635575748561663,0.415992285846874,0.870056627006783,0.614374465911397,0.879817689079784,0.704980055259528,0.845598742976639,0.498626962344735,0.6131394347773,0.734650711770139,0.653845349192448,0.620272705224488,0.634637877889947,0.733203011743809,0.58741549324102,0.465845355351818,0.284565098232209,0.625639310296939,0.792655323169548,0.576467259229153,0.160262765307142,0.543006057161873,0.609393748180726,0.153516345520703,0.312082585207764,0.691015080711867,0.487088899231825,0.773008147329364,0.634896320457774,0.674208554449962,0.625048203678075,0.589634859859435,0.662983868247454,0.667303123596907,0.544796204131392,0.611709629072357,0.479778122828121,0.324781053790973,0.387773773472724,0.715277045429488,0.593691370974681,0.155355286415203,0.784766259930661,0.457517708938476,0.578640308664593,0.843938929640018,0.67316872420775,0.74568484470284,0.22870726779686,0.565355725073993,0.578838254755732,0.519636155539327,0.492083289483889,0.423657468412903,0.560086501003916,0.702381850907648,0.446541840491592,0.847014004649948,0.67540059377023,0.427730715030392,0.620380708250343,0.785789952665333,0.57868859582127,0.464157463926444,0.734314265085848,0.619408281236863,0.914600300706255,0.491418573916817,0.73598291119736,0.498363292948513,0.445318825965163,0.485127154658185,0.411300740080715
6800,0.67690184446725,0.509833898533193,0.655899674142772,0.387379467871612,0.427114360084844,0.838949987022118,0.799219664337531,0.539029346781138,0.766580944485497,0.589745245250752,0.645655451603473,0.471428717430273,0.606592808646048,1.1278878690237,0.543044814708145,0.574530758952307,0.584271049156941,0.437996128271846,0.211726377050053,0.57346864277352,0.706559767889577,0.724930560423774,0.700789757333689,0.82590558884872,0.497452823848986,0.959085905301033,0.828722885174678,0.66665260650079,0.653962777656464,0.814628802552847,0.589379998957946,0.9485287517609,0.60924479091334,0.824971777280289,0.366100974673934,0.444237208605379,0.619229508568432,0.632028591795027,0.737395098473939,0.695038739217933,0.882904590628581,0.676052805577312,0.407211915659195,0.469999542754505,0.619348936717565,0.700521315363206,0.643250464456503,0.345949994433296,0.412678699862232,0.656359903373934,0.137157105606468,0.587935151947959,0.676682769209388,0.470090638364385,0.662304881213907,0.530894930349185,0.724098821755076,0.849949081492043,0.628313118689945,0.684946065447988,0.626332757349254,0.320272094675576,0.804675114823844,0.29291388676979,0.366108918387653,0.240289331123354,0.524801000710712,0.796942181718672,0.196747057534992,0.777918180974219,0.604653455202251,0.679618780703073,0.717995043746697,0.674913144674296,0.639726741643722,0.326882381440872,0.441488751636143,0.649487574236696,0.519971322084654,0.518547241312512,0.521253886094359,0.475586320353672,0.802217011021983,0.396134912445427,0.865019823266223,0.596757377623171,0.611124382559341,0.710170316921184,0.865205166445544,0.489999875864832,0.617583385213596,0.626688005145845,0.487210018741324,0.852327899051014,0.5844168117752,0.752993512393193,0.435765705692503,0.359212607608862,0.529779984256568,0.489319925281615
6900,0.796201424743918,0.659114650702324,0.744851130696506,0.386229125708465,0.598869701593549,0.618096691661628,0.711071689391271,0.746250481652705,0.851273167343899,0.529828109850666,0.588982517439279,0.531233038088131,0.677078301881176,1.14255552577256,0.584946093199412,0.589440618108159,0.454461386665717,0.440377709860661,0.302964505065623,0.641909574910676,0.798595556940719,0.698171705197204,0.589999979283852,0.654317182817869,0.504393574844177,0.847364717878982,0.938373725675063,0.766213186214841,0.381993890177967,0.786178035338362,0.702192319226223,0.715107991933746,0.692115824143348,0.859344624873326,0.542654404438194,0.580850393147882,0.742565561732851,0.579930886099712,0.674752831801489,0.62787818234606,0.738867289000534,0.575779691624184,0.410265480696223,0.49626665669397,0.620509412146476,0.738741315512953,0.807038836417008,0.458299012581521,0.401687428913565,0.759463701627035,0.319251757389258,0.711246911951664,0.718845088636387,0.496909795047974,0.584959600160765,0.657413959472204,0.813539498254043,0.835881204983338,0.749784320911803,0.809433921109126,0.596396015619374,0.301257221120992,0.792266039719697,0.451189104093735,0.452637127097138,0.47331766280797,0.507226333538617,0.603121964287368,0.302839415323127,0.675816020646721,0.41358703980757,0.753742924390948,0.758796946766506,0.854813434320116,0.630014281381571,0.369093418676677,0.54967385525663,0.696395968737453,0.435810304326471,0.663148371691107,0.690029665881366,0.529576145348379,0.700061125746105,0.510494617858835,0.628987519029692,0.750713709538366,0.598226199002387,0.463981551290303,0.864794762689394,0.733357289552779,0.552809673265311,0.49077058936174,0.437676239097003,0.727177671631648,0.701945365581126,0.690651322161321,0.57511382295924,0.370999196713494,0.537504907472695,0.593197045973137
7000,1.06543193870445,0.685307994194646,0.725880625678588,0.482881012197134,0.466336772463849,0.730125730581787,0.709964002443073,0.807063502246142,0.790074202765341,0.584627564293006,0.668558548808513,0.581435818239156,0.778404649801329,1.03244129669998,0.674556703629951,0.627964512822761,0.439866635179024,0.553023590228501,0.433244710347642,0.791963773821299,0.869939164701818,0.617170035342408,0.537053831940803,0.730358524690415,0.643694428690682,0.909719961221371,0.877407300343591,0.645030593048781,0.555792758529707,1.01334318333456,0.786776075883216,0.794493279043217,0.740647603776196,0.735214967927423,0.620723247005105,0.506304119912625,0.761165718743694,0.609902972221448,0.752888207366433,0.705437658969039,0.602397777023208,0.461152103967365,0.61655710955053,0.478671992825326,0.770036818576305,0.877997305607694,0.902503112388882,0.312826533208389,0.416837126599084,0.902616950258501,0.508852931450076,0.782730720576355,0.863858479530839,0.582310157219537,0.463240693454024,0.726782901650574,0.716845636099564,0.823620430348624,0.756820235218202,0.806789768264958,0.914647392992859,0.319821504913076,0.732940535394593,0.497404723428878,0.531960983779445,0.597117863962936,0.636781042477659,0.476552619275544,0.336408422559054,0.765625254902304,0.441065471540075,0.655541996145578,0.705901064267733,0.885717473585996,0.795220798750481,0.284317678428406,0.532688224365504,0.520699283735305,0.607830391903476,0.449552650877698,0.606201885213188,0.574761164592537,0.601804560026232,0.50362648493349,0.595870417147557,0.681258123600372,0.659685592293416,0.485677533671272,0.748949625560949,0.757800558361643,0.507746787887166,0.525693981400157,0.456511464118148,0.804467630441212,0.70119134572664,0.655899101615552,0.609064525975211,0.279889961779659,0.552892017039709,0.664079100237937
7100,0.94451572599966,0.645181124159342,0.668426842814067,0.466946667213109,0.549431853744686,0.761546582351807,0.663589544341861,0.750554206239057,0.647037325044405,0.598995828255519,0.552165764924064,0.45435237792974,0.72658072156814,0.84642296391416,0.770562395376384,0.726511069420111,0.44523574388388,0.74517023354832,0.491161807509037,0.710588996197155,0.735027435052568,0.74707828935994,0.543805014856778,0.685621619285538,0.499141158691012,0.779266345198871,0.846911814400675,0.611043699067795,0.574218033848276,0.8839032141383,0.644833996131943,0.699804864852858,0.846835727713843,0.703001187785807,0.627165359464265,0.388251843411722,0.601425811395924,0.664831962876125,0.670699656853526,0.589962017398135,0.614067283992121,0.466407753102136,0.568005681000722,0.471019415856062,0.72900976967214,0.745632915968969,0.717653776500174,0.552262866682429,0.559009793890122,0.756068748311878,0.339750466952639,0.511461534581495,0.71531136730441,0.755427418144448,0.698691155875155,0.760165822554767,0.772703909859401,0.700054049252935,0.622301957375341,0.682002345516032,0.821494920747232,0.389075445759405,0.472922434120595,0.659707298543867,0.590776863014933,0.746080469694951,0.801719103701029,0.602657894601473,0.517276297754147,0.878763295161199,0.454165441898972,0.771226405357347,0.78158752731425,0.800868854702041,0.639501938935194,0.510287635074411,0.430379754774289,0.594942330535534,0.571851156710247,0.655214545426358,0.786999730655605,0.60842942881577,0.645526707962414,0.590330314740139,0.716467912747849,0.513709191101082,0.507351540662151,0.597441200009849,0.657875770826821,0.765837010757692,0.548089993429951,0.473530222825533,0.556364252768745,0.761921611853595,0.608025463942308,0.752673248744757,0.593816026250525,0.491188748888143,0.45443837046065,0.411889678961968
7200,0.711636611655064,0.760158137580989,0.657844477389909,0.425831271161752,0.600581089106857,0.739818174955642,0.591204550644104,0.683884272159483,0.703409581982148,0.637504465298183,0.714696326447694,0.574133404496618,0.64895957675201,0.644549674201977,0.56457646342765,0.79584617895244,0.515274531759392,0.859770273711217,0.653792137570934,0.771478485253806,0.783852274346636,0.655227619787278,0.445112385063258,0.790511702995206,0.651706075745197,0.659434008721578,0.743766669847395,0.680187390207623,0.201908706932572,0.7812156278194,0.748138692211689,0.782555937234855,0.638594484133738,0.731733105418844,0.588397462801906,0.410345232284058,0.583790375356448,0.63799114888099,0.555258883428971,0.506388418043876,0.646294490229944,0.500112200680501,0.605317083520122,0.498609057045974,0.759728946332353,0.66606086762307,0.633095587235526,0.635941549624554,0.508395519560538,0.595828917595625,0.455768979484205,0.465620947324651,0.613302601631983,0.86436621899206,0.696884736689495,0.802673381202829,0.509332568787134,0.532645623448291,0.66114946452357,0.633697369821762,0.84837549935909,0.368483508358743,0.501477829144711,0.693552348923419,0.663203059338119,0.773926865858911,0.787274180757257,0.592727857473339,0.408453122446671,0.730972583217095,0.548204852742644,0.915755452584656,0.583362674931943,0.879459565300653,0.497141499187452,0.357923864262523,0.326099339515568,0.530790029650324,0.716213625820996,0.667527261636011,0.834623874996229,0.544066611219813,0.640801525103821,0.386923679627796,0.702649893577272,0.611259039971647,0.494109943758325,0.755082637571292,0.594421663353937,0.534125213314064,0.65246304129747,0.466149813122573,0.416366920861274,0.729829395384931,0.690186316470063,0.950055079442335,0.583574956441004,0.381930387907511,0.513119757661071,0.549385474016372
7300,0.63000817168504,0.545701751426563,0.759983139092687,0.348857581495275,0.516248387389192,0.78825025659025,0.516875304814607,0.626440261570389,0.663333211742044,0.661406173688821,0.869760419878869,0.38798662403923,0.510969896055393,0.579676906989199,0.658030763262806,0.691218492467224,0.563889019450175,0.865514283788975,0.529924399070388,0.752519430404361,0.688357085353334,0.490182432546931,0.501782685023838,0.849482401044398,0.715032833443981,0.820484349461833,0.761824576410036,0.682736878287966,0.376246308493269,0.648972267666321,0.860980605539726,0.727437109766435,0.577077955056761,0.937458964274369,0.832992783779311,0.425344396944894,0.693346200005306,0.536007925841774,0.603022820245933,0.494408959701416,0.597117108524642,0.363100401041778,0.656506313559864,0.331883859389037,0.688360186200664,0.627428826625569,0.589391462020863,0.652449639322489,0.441307462470378,0.607667867172115,0.408411208850373,0.402112620981952,0.606150184703071,0.717196898905178,0.489399624280995,0.773959891844737,0.475177859495984,0.548876121911041,0.434742140134029,0.539472084645513,0.769008122248142,0.308590379220874,0.613210465498519,0.592378347040153,0.698535841750785,0.620347549916742,0.562070428049825,0.428113991401031,0.353523888522537,0.738797423625646,0.538257583415584,0.865639565875961,0.681770922972862,0.662882465763846,0.517224123319814,0.435344193371311,0.405389252309139,0.50996294516552,0.552091345333791,0.50451791921589,0.675438882268906,0.395801549859064,0.49753134725251,0.196124010151685,0.647821936693669,0.691895404061852,0.589077556711419,0.607259376949962,0.772045090656038,0.508629542608467,0.36038155574551,0.590166107434467,0.570523990252746,0.82371102079846,0.56882241677882,0.943370248186581,0.679890328354538,0.427312120167081,0.556484721154555,0.41847556016012
7400,0.724672080101738,0.428798403634862,0.559378090035756,0.597473269425177,0.378249069160528,0.661728165836747,0.66660161670388,0.566300805367129,0.708633151058366,0.507181409104584,0.803633322394828,0.347585521061125,0.4173724314603,0.65121628085407,0.607803863586754,0.612371288654039,0.652594082026373,0.673187544354415,0.436713641280055,0.553675424772569,0.719393271810029,0.47552970150409,0.571911036308459,0.651782306716547,0.737830583585502,0.904501980362391,0.67113360066202,0.570328428833378,0.473182416110598,0.55271648137061,0.891000490690093,0.746785878171671,0.448157725079307,1.02055818628643,0.907263827877767,0.602066261113188,0.744445704409131,0.49069205861712,0.396719082821324,0.603120414506867,0.409126637874972,0.322097725094299,0.276120322181956,0.230546679944803,0.546426674742219,0.647951580277386,0.523210385985372,0.558137177523515,0.534056558800518,0.584255530035421,0.215142809605245,0.422324996381682,0.664742828917478,0.50598384590881,0.697805820365791,0.763830030704195,0.483126642486791,0.387933186311651,0.541340935583605,0.518956486009222,0.702137787679864,0.510791020693558,0.314031008392648,0.569035129972064,0.727582517329818,0.648897515309803,0.568149006923028,0.276356064389982,0.324454675096065,0.70781265880519,0.502928351154882,0.705092330239014,0.699965720945689,0.551195363233333,0.580279876705034,0.421491380110481,0.353273104722998,0.307482737873623,0.438111838768362,0.610679835007147,0.692999781146178,0.331074008099714,0.347569453891892,0.268181375692853,0.655150875718097,0.532747466517536,0.60339541701505,0.608863099906728,0.68500344895408,0.325164638028238,0.500805596842348,0.451721284590229,0.568663082279412,0.907859717482266,0.474430389806493,0.751635480462907,0.526378794269927,0.382147404935186,0.342861633763083,0.430292031023572
7500,0.724459045129496,0.264026161855207,0.696035833219396,0.644943088081009,0.270788463260535,0.676537723073307,0.650384292922746,0.609189488416459,0.750769029438708,0.550346493842364,0.711202991561125,0.464303748041687,0.694680579058114,0.569431410788269,0.539557520317351,0.61033592530298,0.548124961687768,0.742332084210087,0.547890522436238,0.478704906349747,0.68658317828062,0.478368648120493,0.334625657380978,0.822296022196638,0.846447610739191,0.718471927403876,0.552414721477352,0.553129106854955,0.408210875103842,0.422546461566493,0.950353022799191,0.84743423506109,0.240147810188523,0.784838459814777,0.744122478215137,0.591043050702539,0.576163649058786,0.506414951826876,0.332266064798473,0.518487408646865,0.442340547064777,0.536942479265515,0.487218854959169,0.421836477016421,0.559906506757178,0.669366229714349,0.479376448442286,0.394164577967268,0.496012527911591,0.451828547177997,0.115006047572183,0.579238052923546,0.662377272997201,0.184234642860134,0.733261483253642,0.659807064071246,0.411318693424354,0.61048439971996,0.452993392533304,0.29888623307366,0.56779033352738,0.523663515544819,0.143081769859652,0.765880700300788,0.544864337216368,0.646326893088523,0.371990848924309,0.286358134209778,0.379986331199805,0.497217024046742,0.533526473915065,0.637075114680093,0.695740622589544,0.514972868998122,0.448530079361295,0.552647969301447,0.431642779398983,0.28586561743831,0.534834594506098,0.665948642247308,0.703059774404193,0.346477938178165,0.526291490671435,0.263222782529215,0.737923181885206,0.614657240503756,0.60911686671996,0.496863338510296,0.727081492913433,0.281938091437578,0.468045640122,0.457122210889863,0.712215640912312,0.862851449159361,0.518293517326471,0.676788796436031,0.292519638841137,0.465231303859821,0.351109075433877,0.359018358873039
7600,0.680192713629777,0.333351944420188,0.470845959832159,0.448130064472113,0.30321728214466,0.662689940340113,0.45384769658006,0.60463041600234,0.736177233997145,0.47195836166246,0.718759271313506,0.330312121444797,0.732555430975982,0.53431132132131,0.507627688586979,0.688111472477275,0.631584150273854,0.747663597969729,0.551033417752862,0.553962488812097,0.60156057859479,0.430643754537846,0.422533519732864,0.532472682437767,0.642975883535188,0.861746708801372,0.531320181974473,0.496054849546115,0.325037428867765,0.367263326278605,0.980989671771195,0.901081872190229,0.345689445947639,0.694640084814556,0.704387698465872,0.677192952081917,0.652295571871755,0.516246788853857,0.363991213154343,0.540707278920537,0.541689252357013,0.393372060513309,0.403438355412127,0.386642937282831,0.572861045595899,0.66102370385652,0.295423816965049,0.460119444404884,0.614180209125015,0.490791520621796,0.320473799720082,0.455578000789654,0.644574167100446,0.287845772615485,0.639830586253993,0.536791336497388,0.277124839841841,0.682479798016186,0.446950730809623,0.209622846247828,0.435833881864187,0.458439365848828,0.197863101936853,0.793972513055149,0.429924752353321,0.317459981519933,0.421581301536737,0.199854008727657,0.449474877485134,0.558643797079741,0.515613680609304,0.822551268542611,0.608338586442677,0.615458078903617,0.524013210216781,0.594671050491042,0.566653036796971,0.358479354725617,0.663166135141198,0.405640263224139,0.712820948045055,0.390123557195227,0.560579271053093,0.347874184790966,0.717241869851771,0.578072022800597,0.571063504840259,0.705767609794477,0.931192779352953,0.36870048659806,0.674701972983706,0.661127697470493,0.484005214252654,0.909599629559841,0.520047861171562,0.755971053688758,0.358155947440487,0.53918529072261,0.407849846176957,0.35381964617621
7700,0.760489755082007,0.401669464886128,0.544772210665326,0.541186083080633,0.278367298627501,0.848052414883513,0.50471541856771,0.374657254030776,0.801347260621404,0.474092364078619,0.713525264204828,0.395321350464866,0.563922843112612,0.559959611937107,0.551179055396662,0.649586667321624,0.578751144185152,0.659628222913305,0.466408557186694,0.559691728514073,0.450456267054182,0.460672336934851,0.419160096155544,0.363369673567926,0.592428134869553,1.02353974883461,0.273984745174059,0.58586060646938,0.469803228425522,0.461866271057852,0.925431892221956,0.807134148831148,0.35599504963877,0.539039877413354,0.688425473265694,0.562540470885768,0.654649825969455,0.566066054396798,0.395872187242705,0.514752939288411,0.625101008817771,0.295704644560888,0.406130626457289,0.268642138559422,0.495072623632723,0.615347310964827,0.301532201720491,0.470880346354317,0.567494722715866,0.499145412089282,0.389614275122508,0.46084350176009,0.654934446168234,0.438978694346744,0.645968909240007,0.667361769270971,0.138175041895369,0.829307746899201,0.583891982724916,0.3444410534869,0.442964026015808,0.604139431201711,0.176193396514791,0.740856664134171,0.569386632674735,0.174360960876412,0.44694020063505,0.263979815785015,0.376619597356161,0.557374113943664,0.604528150550036,0.803115138467152,0.663131273256176,0.503849834772869,0.428990987253349,0.522571296180679,0.448044100187156,0.277686820128053,0.801921051846664,0.501088280203305,0.509065401219215,0.436315790889386,0.681607050242202,0.19329481782981,0.580617930843791,0.427421258822021,0.573497964837071,0.617097626155942,0.949679321146241,0.16092283001489,0.730662143550804,0.493817144050023,0.520638604269425,0.872623345955647,0.696577782010094,0.624422304464752,0.463538303982983,0.59728328253891,0.474648640610097,0.386621407257564
7800,0.826181075119408,0.41789379765732,0.56424458385629,0.464774369234135,0.345720494731863,0.8418366288182,0.532979916610373,0.434825701318545,0.670402991094235,0.275920013669328,0.934390243056594,0.493279471994272,0.632901054065127,0.580880482244466,0.556496368746044,0.654955632501543,0.457154997861063,0.721365082784509,0.467780720517009,0.456409894860767,0.613392990873414,0.439221778359852,0.47796933531686,0.506098780865961,0.834259647875702,0.792252317705285,0.284334858086114,0.583973374330366,0.627745708139103,0.673534488838184,0.77443127087898,0.597731935727804,0.355023950604147,0.500687912587166,0.362640946016316,0.338327588297157,0.800987054482791,0.496798372079713,0.418190238398951,0.362287382049298,0.339058649109061,0.370784205705763,0.412366026061508,0.282894735569086,0.499344487853596,0.359273339919688,0.441420196282806,0.549560283629757,0.72882346791298,0.570014981769556,0.361032132624618,0.578826424857355,0.623378455972141,0.463822034955743,0.658854017775114,0.63365502393604,0.321308990152204,0.669430502896011,0.666048206466361,0.552335415364559,0.475861307160065,0.596282348097511,0.0686862519566217,0.620102963671538,0.568246624583401,0.431313322600789,0.684586884733661,0.279825829913494,0.543502416563714,0.471187054899094,0.424658251451987,0.812442508125415,0.583558569467781,0.355955083417197,0.247462283624957,0.534147308803737,0.439613348520436,0.202223797161297,0.654036158917588,0.732344494862272,0.668990820509401,0.380825040779286,0.51589562283126,0.348221330163041,0.533916577300047,0.56137013418698,0.487875773207506,0.344238737440291,0.809239239116538,0.373874216094613,0.518231647969711,0.568963436380135,0.516073307836462,0.594111274343482,0.897616328746878,0.676722906943194,0.494489373732763,0.546857072863185,0.402396426417548,0.241690119521329
7900,0.75473248794949,0.42917454951209,0.647645325417756,0.451701662215036,0.437062658243017,0.614777760805903,0.416859825440552,0.461018604962608,0.754144790157395,0.349124388990128,0.707466066289463,0.568998692011439,0.824748419992132,0.516972948075196,0.556235179553729,0.598604581984572,0.500453917149171,0.761761275381272,0.533857217317669,0.599653657205454,0.455062485845432,0.54033545352786,0.58720409077696,0.623663877819658,0.614771971308922,0.915323976943321,0.2599056361762,0.380667883820246,0.573096923247294,0.570052053456591,0.669108449548455,0.542357575717659,0.416946610207534,0.781251958960019,0.379676512454438,0.28072134228455,0.584683746311787,0.584727492010426,0.525163179522416,0.363549577137333,0.36640103822934,0.399759932008276,0.329381388380235,0.508027804807954,0.513030720097837,0.268248350407088,0.363126509154631,0.43090218012789,0.640867275165795,0.456868853604644,0.406816185519247,0.529101259401737,0.745688499703577,0.375527658393852,0.514453660544354,0.498531646965704,0.320662479357278,0.628248069485305,0.461667284391965,0.489904466748004,0.605736480689084,0.578502906800013,0.31860048341968,0.532409253246382,0.533511384593492,0.467650675224102,0.499582068864649,0.275910118828948,0.685892065390866,0.400317075004908,0.294853355714317,0.774829765494814,0.546472246113965,0.385715586726117,0.539041454923477,0.533279491487727,0.59622243695777,0.125432458848857,0.556777395519696,0.545879067485624,0.793736616759563,0.489756444376032,0.374005207031922,0.465436849668944,0.586756018537867,0.733983012526441,0.58121841857697,0.429198376279393,0.536093729742604,0.210552011113838,0.448908804708959,0.607946494920074,0.325377914319114,0.471484851497635,0.729607599141457,0.6188249480715,0.458740713517295,0.492736593315259,0.518850789792471,0.454852612030157
8000,0.544239430700742,0.384779632016362,0.617908365895611,0.428723165915999,0.276971062117805,0.666763335318144,0.636269532401739,0.397739939060832,0.889307258969627,0.437825422128942,0.692372547451643,0.717092606830381,0.678171105816648,0.658229255286394,0.445863901033843,0.596168641419564,0.570530676174695,0.494788017177274,0.515158671251963,0.651000697435558,0.494386461576788,0.57683408274381,0.404942187023232,0.389994724069892,0.432551498583478,0.837886780486769,0.410665304114412,0.413725994884392,0.442114381639995,0.457117126709835,0.493816781438271,0.511215087218779,0.232992484680241,0.668967106676125,0.21514001237428,0.349862033564495,0.579330724789742,0.670997874869255,0.424053545408285,0.409747180313269,0.260066782111634,0.296264510634541,0.465027035822553,0.401844414283808,0.30974093015809,0.0758483013808115,0.400856114648085,0.534040097121672,0.577295625289866,0.451110198095528,0.401442978154532,0.489035312948591,0.718113062743027,0.524076780601441,0.556000025121294,0.390114656283571,0.122158582446428,0.488576383029502,0.235390829710982,0.675169986044227,0.540049296388972,0.335003808053462,0.388892763618878,0.310218764973457,0.661400671057955,0.41184241227354,0.501017282404283,0.458855279344173,0.620424692140995,0.425143563124511,0.325370739201523,0.59052355373195,0.559845959294035,0.314060582595389,0.564619423377055,0.672654204959082,0.521330112373358,0.192726889781321,0.527630234526051,0.402035016819589,0.634614827975307,0.507423745208617,0.364926245069628,0.393241134057368,0.526968861967329,0.809220014342803,0.722237685650054,0.175736682581646,0.474545640812431,0.290167847147312,0.550200442076597,0.472896374597074,0.422165304448835,0.494151835674085,0.682673965322139,0.656303663138371,0.51940764045991,0.419148543043063,0.316434956679757,0.500456699894821
8100,0.708814166775985,0.391291270632736,0.72636544960924,0.253338144438332,0.358409336444691,0.517060022867779,0.542616482361909,0.483435468261079,0.766326546356568,0.408015629537028,0.748126900858764,0.38471159125277,0.333014264081858,0.585544407528395,0.598464183211266,0.582708834237344,0.822515527954336,0.485032076268345,0.582429365420682,0.488240088993579,0.554662911906369,0.663096040199741,0.283759354446967,0.402832720293196,0.44075022186767,0.718770204804735,0.350234753028914,0.584119483317667,0.379703879892317,0.434149493890346,0.764587206735732,0.568916574025884,0.162656938242857,0.579269675759895,0.362884583746196,0.304848787306335,0.569680110672822,0.513606446560034,0.396460818552086,0.449772535599068,0.270360986837758,0.392189052109462,0.4901164695801,0.321804724140697,0.424319272729504,0.401987366034926,0.379360149569329,0.402431999257793,0.496779429858875,0.439022743498862,0.582054447030964,0.307239268389932,0.631520501443178,0.537014291929202,0.577595849456543,0.52773634561678,0.281798419695357,0.294537289370777,0.371238093017399,0.768116644753589,0.35696452124798,0.436272072445887,0.27044594136246,0.313881985574058,0.700564621998576,0.522335393223355,0.648565178745706,0.457151328401645,0.529438683136396,0.205295674432053,0.491692285597112,0.63403826179511,0.657380935394847,0.277090952740254,0.496787472586901,0.529047081173473,0.502020838317674,0.435800444079415,0.49111542230408,0.493339535881982,0.509490819664669,0.412382401171223,0.473427394048572,0.59522586058552,0.549748330020322,0.565555808207123,0.502971203486073,0.112492933066603,0.657787403607141,0.665797882678826,0.425883717335925,0.455977224836071,0.384679355713595,0.499263050730982,0.614050015459453,0.588415913696441,0.558140877066246,0.614795139998463,0.0859301361464581,0.540950920552223
8200,0.454745948198531,0.458310013735369,0.55375189564996,0.287114177216012,0.336463649564634,0.660250810840916,0.483885610349534,0.640677243240207,0.629228659048649,0.316694424107996,0.709824820305031,0.440985167685167,0.249303248849304,0.600472974953584,0.710774272882264,0.567942555207842,0.851027369199987,0.614056957749121,0.651964173271284,0.401719425281181,0.401153035737378,0.726540520093702,0.379222517244913,0.545466034042337,0.411414128707973,0.714108950632639,0.541547417230981,0.409526798096885,0.473595168513632,0.443159783604313,0.738155971171757,0.452968059243699,0.0360752453717586,0.598160913769511,0.553337646679823,0.381151337048436,0.476787066447628,0.629272777930183,0.426687295482308,0.280904757001744,0.299090395432446,0.25815292674446,0.461463409453623,0.161963923711576,0.466558902444076,0.493668856310146,0.479803430011376,0.275162483874576,0.491974830557317,0.525415539842231,0.410219792337347,0.167600849932607,0.770211363815299,0.334469107207938,0.571957516292064,0.454078248375872,0.313521155645563,0.312385244717149,0.278684524441967,0.497519674249066,0.443787389966021,0.308426457276489,0.240155622347183,0.298653249961407,0.547679785760093,0.561131252392959,0.53337029226423,0.663632877493616,0.391642550257574,0.422915558200882,0.609211503408908,0.590103773580183,0.547599991132193,0.389310237187825,0.4496006685781,0.477172465617213,0.505200173727298,0.479385985623583,0.427647984727811,0.43456037231759,0.436489963704378,0.512457797976163,0.498506130687334,0.670899097085709,0.584976704625164,0.421420262942477,0.460364718115199,0.265236687294912,0.350826274697603,0.636053648675426,0.438102862756372,0.642887830969924,0.188440511154639,0.648564057085716,0.634340294275779,0.559564328047371,0.407334113930552,0.681542582393363,0.108128441620403,0.475812211304234
8300,0.439118212062594,0.282129689857885,0.414073248881512,0.196006066472662,0.342800974824629,0.669697923813556,0.544294409882902,0.745367038171205,0.616747520166739,0.3435512119292,0.582779105061433,0.708198842253267,0.369707419491436,0.709439764073041,0.535233644180292,0.593465709266456,0.835317123930802,0.610442333889713,0.529753314187335,0.507488147622211,0.203497200793183,0.610614608382256,0.518398336617779,0.437213297509941,0.229149562215288,0.708828460479353,0.402835546149227,0.285762508033168,0.495123404982101,0.603127253095702,0.528856234753019,0.186047991034084,-0.0458180785675795,0.567889044133443,0.520466811520178,0.388396054871983,0.500847819647751,0.584004743903292,0.374452788028022,0.240131273846724,0.342805127875186,0.44215812109459,0.523309173529998,0.299308095466573,0.393058134560319,0.538979506336802,0.453065856226507,0.36475010153848,0.542015438193902,0.251972659696926,0.459344598634588,0.26219499518708,0.770113718422829,0.409143111330637,0.471883868110892,0.460533803695517,0.288291478945058,0.369524280892648,0.178207906624236,0.485100242274795,0.444672688797859,0.319719020255248,0.403482778534397,0.448737969735229,0.638698465103224,0.73712920596856,0.646212577762131,0.549200141056552,0.368648553759047,0.376718088497504,0.595526889668164,0.575097013918466,0.561051701281695,0.329664784733774,0.43308409389595,0.405031227644384,0.555611108979015,0.4768043929597,0.431820513483048,0.43880030268683,0.464313512469397,0.503540688959742,0.483878965337967,0.829719964053338,0.609964027485244,0.416420495323284,0.572862244888921,0.183310571811219,0.40663108742022,0.589302544576816,0.781141583781896,0.729852725134962,0.104446107252538,0.591832452592136,0.743367842734689,0.390159808251712,0.273753930837244,0.765976164516217,0.0559069422846158,0.380403246848055
8400,0.443715957166469,0.350705479759123,0.468909164824212,0.248741138642325,0.377852725724278,0.556593794540732,0.56733800737324,0.652384431802733,0.643620146662513,0.415312708016349,0.66638798021976,0.647971540831571,0.395958244280118,0.704886458593232,0.673917556280313,0.5239585293636,0.754863157001414,0.370007801875149,0.30038526019179,0.607382581381458,0.377040430388012,0.28965866162348,0.56344892361293,0.430216390389193,0.579590686403085,0.538611752278019,0.388379471227846,0.423488842470355,0.303265139666274,0.695539059415556,0.563626215539071,0.155617142236778,0.0938986278799566,0.472341179187526,0.621557254586031,0.242426894276749,0.364751434498264,0.361406874756825,0.293787699584704,0.411841300222928,0.374455453372207,0.260138603445087,0.588914607177405,0.489008145186718,0.575635307394459,0.304325212506055,0.440606036693761,0.324666349825469,0.370690766601952,0.136660705741199,0.475756886066276,0.477546976257316,0.719653836531975,0.408045371371442,0.492650443946169,0.638117879265137,0.256737735454159,0.408075573875277,0.364046925781965,0.637326922547412,0.227680638948138,0.322460105765179,0.45081803866343,0.708034406412765,0.538741832457123,0.472118781767318,0.669222629061182,0.573862914273089,0.362676656133371,0.354194934093146,0.300001765507678,0.694943049742667,0.551331819995564,0.329800597605943,0.609767943953413,0.543464653754734,0.526753856993983,0.279714768773949,0.321325858313122,0.332687596061425,0.494458345102529,0.34940107398891,0.481101001065115,0.779173871804339,0.543328047442281,0.574377326779206,0.587783621477565,0.134888452787615,0.291914409173489,0.798262214814601,0.483753807624716,0.535361678836781,0.291245356278134,0.537971328536983,0.652928308434838,0.631387510145555,0.287856038907046,0.757773593900082,0.143486413603032,0.597797867519147
8500,0.421171214142161,0.304608778928132,0.397370372875538,0.333354012669157,0.169487321863173,0.418875157278987,0.504476973464173,0.588894580815232,0.788207080553624,0.438453865860876,0.766710317553087,0.768642170757671,0.658011952872733,0.627210935606069,0.696056429573489,0.560073542851897,0.742306597023926,0.434413192049065,0.427426497077165,0.573999461779855,0.368379358506552,0.459182335184787,0.670975978279355,0.378007276658007,0.458019989776969,0.567272381216049,0.467331390201466,0.490220346409769,0.108384745946042,0.62033259801189,0.658450607046114,0.0597741598279529,0.0991838903419291,0.370954469991095,0.512266030788772,0.405318026342112,0.339424672832916,0.428572915741306,0.00765265629415973,0.544923058594807,0.389985300651916,0.256313050015615,0.833161762689337,0.529041414217334,0.486918932330785,0.10289348453493,0.30024837141208,0.187189418592831,0.462525800388635,0.417038582748166,0.639063052276525,0.412199773440527,0.706144014733815,0.650701618529345,0.62764764737156,0.705153444710306,0.217656395140124,0.579804434254028,0.422614531451176,0.779159641875081,0.284525785925527,0.232125710543591,0.35640532558932,0.642512998882184,0.369981072943269,0.300613433518999,0.561973405574675,0.659458095550664,0.35098509552207,0.323575518366721,0.228235670826313,0.608225256718419,0.450334696421373,0.271970194054035,0.505181909125437,0.434865268779221,0.495853619217016,0.315690862304082,0.241132147987902,0.310426489164876,0.379664519890099,0.282059288829455,0.563677856641957,0.603028085070517,0.677314446790891,0.543232844072188,0.589797110763285,0.234350749642274,0.184873185352736,0.718400552879432,0.490834990867802,0.580350161742779,0.301887080437364,0.644050881256128,0.586090972154967,0.527662873385781,0.327513872554088,0.708390330571064,0.368897906440339,0.608760393536404
8600,0.525331230108833,0.601959246510351,0.45534663408085,0.323060185518233,0.316298091864852,0.49759192138235,0.585259192502088,0.686226919905254,0.600667786366283,0.655341845058426,0.792500850742321,0.863268593622684,0.673628818580531,0.481712625856756,0.658898885807844,0.647875416041413,0.527564127828579,0.381363821185409,0.407029953301502,0.65778373804991,0.299178687962696,0.42634081019416,0.612041198415205,0.513228059796966,0.298837544327779,0.551209371416577,0.275960130808586,0.50761314181838,0.480460390094167,0.614626050773383,0.479510454697807,0.179742570265431,0.320714822062097,0.499693458385952,0.368111183364661,0.355451741261237,0.399205828954656,0.441355346935977,0.159981834099145,0.586235045816591,0.329435374483143,0.366639841994845,0.732540045735659,0.629620846150613,0.356795414579189,0.139826088623585,0.127615025667911,0.260419986565806,0.430111190804863,0.537803861221247,0.669343185944394,0.380780579146718,0.670828150745729,0.585719447243416,0.65358729715715,0.7664049999651,0.219558657353492,0.299909231914532,0.438783717822942,0.899474896411524,0.0235460722294485,0.305442265479246,0.337465829904854,0.725516263419797,0.559320022638604,0.326528750535277,0.677480172074745,0.856534211780776,0.424661795920569,0.355062255549604,0.46026810695908,0.6039474914639,0.41867393310746,0.261161018186613,0.366186046773452,0.454541660903013,0.481962283057768,0.492272017739611,0.502540252054708,0.424886864826095,0.303226603128045,0.379735796963125,0.598117638647409,0.766379572810444,0.694058014426662,0.468177042133052,0.474678377650833,0.22464954824394,0.220681497202006,0.563809888792378,0.433966830746663,0.710292310370879,0.244299032718862,0.763738784543831,0.366442435660953,0.483551831796171,0.403115901322233,0.331006882195258,0.345971179053681,0.60297086498983
8700,0.292836015009747,0.491493565717618,0.650688013010842,0.104138527734905,0.364377266092349,0.334121065312519,0.69952595475918,0.493936232974238,0.568972787990695,0.659142052289276,0.789315770468737,0.778717590865957,0.590692011399263,0.627806220644985,0.75771724965751,0.548321448497454,0.442602289527131,0.455112446131345,0.309042516132905,0.595328459932673,0.447880771964714,0.456899262031363,0.406417867226231,0.509665559676657,0.362714303568137,0.579100595132428,0.29164622342448,0.349756290887009,0.401286040126207,0.797056927318756,0.353065364419823,0.0724498467145671,0.395727803189451,0.508731432844141,0.279162430774073,0.406474564814533,0.45376567527382,0.609686342348383,0.208942117280704,0.531946538510391,0.457492663815201,0.194756608423012,0.610566258110413,0.339155673698057,0.362356901935472,0.26734537746736,0.233875103922839,0.300412025641717,0.386243058106939,0.660954664644928,0.529175902740341,0.556689692903424,0.673599953201794,0.662709780671942,0.658149244235378,0.705709848657244,0.442921487018197,0.308781533250517,0.459048458817154,1.1403439616067,0.317410806469454,0.238159701796326,0.232894739728308,0.898664682220262,0.484740912519593,0.374231703903556,0.756280361343215,0.834939223260007,0.434314488787647,0.301920391489112,0.491403095491419,0.641863747996152,0.478141158441346,0.278678303481929,0.392114104189763,0.633202398116949,0.444011525099885,0.426284500315708,0.394075469155586,0.363592582270481,0.383462899711111,0.247497701264048,0.382702535520909,0.668644763927577,0.668036927839736,0.483220313508676,0.454837167055109,0.227207625669337,0.0934212871420528,0.533605786088724,0.40090472853521,0.713557113052969,0.243740959308714,0.762766152970098,0.233103752516819,0.472037729851513,0.584340068922452,0.414697403480971,0.0168589844855065,0.601501521012595
8800,0.473376036594031,0.694049850899016,0.720088346272707,0.0517072234048587,0.193259602689459,0.444634914075731,0.646060820082204,0.724032583327549,0.399219942358033,0.80002627938098,0.616796614465485,0.799881366536244,0.731408861000499,0.516679674174104,0.742400567481989,0.400362369555886,0.567068294231446,0.355637838262136,0.389301871869884,0.586572863595201,0.445160426150131,0.349130485297334,0.399024082948109,0.648700379570379,0.25214037088456,0.30121857880525,0.418495426605077,0.332112065762647,0.343887325639248,0.867547266642843,0.399250430848983,0.0398916920965726,0.530507246994899,0.529209625787289,0.303856982683084,0.674218688921362,0.295646408368149,0.790694894549166,0.198023069515361,0.540404347900159,0.563877717756944,0.368408024256578,0.71889572086556,0.319346944168667,0.22803415268206,0.505269847138748,0.288192744816981,0.303010009847782,0.250471333641033,0.531150956298718,0.409256874846626,0.258934104808589,0.5648102664015,0.671139241981816,0.686597929907133,0.53713375704088,0.354426217145369,0.584444480688632,0.442466930777948,0.766067699180987,0.310670185085641,0.37885133536199,0.252381944944549,1.07073906674763,0.364198018304707,0.488453171173585,0.643984608936527,0.866061515094415,0.626577463902545,0.271497287237407,0.466981130578423,0.562560383650716,0.465950588184001,0.145537279444854,0.474670078750365,0.621255226948539,0.419913632586083,0.443514385033259,0.600655096300151,0.259244152009858,0.658964698872408,0.306986441464217,0.319647510641876,0.676361426922131,0.747291688067089,0.662461528168601,0.187290688288591,0.468739695524498,0.182882629055064,0.7198738138007,0.30454876742019,0.827107099285034,0.220147133459578,0.596361986381684,0.295727194144563,0.298537713134607,0.451399185580289,0.469916940874585,0.0154988342936561,0.692124332746826
8900,0.641562066446552,0.553344661002396,0.558582997891081,0.147851439030629,0.127903869440437,0.220694672487804,0.674501684573329,0.788129522658086,0.286735271643481,0.681271176746151,0.654516381580307,0.750069761398729,0.673706028805588,0.334764965383538,0.678632054403374,0.378701530215917,0.655225591089552,0.18725505117559,0.349163669102855,0.454688973681594,0.436708578409112,0.461267138223697,0.378804014030131,0.604603878950115,0.0128025251417221,0.20686087688686,0.484224067897617,0.487898603658719,0.366734234950515,0.866080369446049,0.536596007548849,0.186667942602547,0.536350929337194,0.51514102638081,0.390010277245293,0.713087100355373,0.389706594585442,0.445067980178359,0.162776692409571,0.241823544524128,0.635981242906518,0.326771558014646,0.58946677652928,0.490668081837359,0.362050346897691,0.420135241801023,0.307523925413903,0.39561633632952,0.385178268622187,0.513514493686555,0.297105858908329,0.324910869195911,0.586876520137706,0.694129528081289,0.687144406003776,0.527749678888893,0.180615015556425,0.711182029407375,0.229037689518054,0.625247154095451,0.387376944835789,0.333864848740261,0.32094072241258,0.635472706237387,0.501616060738491,0.314543234831402,0.720268131695831,0.447512377106525,0.700040812545161,0.187179320496527,0.575142270079994,0.440632321561774,0.333202745904624,0.363830987186297,0.469888245006654,0.52667304518052,0.435694656609826,0.44287327100029,0.759644958842672,0.336465329212224,0.635965376482657,0.49568708466591,0.518873239217246,0.426904935655985,0.786442066054717,0.547361052085032,0.515148615908872,0.547848906563863,0.218203567752076,0.673215454941544,0.180275684283377,0.519986423022145,0.252787890208908,0.612113359239556,0.276981924762889,0.2442272331179,0.261188064395964,0.587072348418036,0.248899273062094,0.575077521645699
9000,0.744374516564672,0.43150176070464,0.671789791403161,0.191781368962975,0.0303319060648004,0.46643834368162,0.646992645761615,0.702694011433892,0.434662393390857,0.701301395669681,0.589737447574746,0.71088767788754,0.657665213816331,0.493479504888923,0.728043012353932,0.270400020459704,0.618967164286551,0.437589914376265,0.484852433928441,0.436289068740355,0.33418596482277,0.551952638692078,0.177667047766616,0.435613261870906,0.12781239713945,0.384674565559049,0.34945189450351,0.334756171491783,0.321979188057551,0.525758381486194,0.462713467993762,0.295147502249359,0.590252702117175,0.470958971251516,0.383445333605754,0.636651725454115,0.483367622051751,0.378892073801426,0.094746377985499,0.283697983558167,0.751519239604486,0.476670149983924,0.600396491019602,0.512185697209264,0.344018903847442,0.555499610390162,0.289640628524095,0.438101365794225,0.589924233349726,0.546817454980316,0.372798472362709,0.457803795329939,0.489973697106685,0.708177876268068,0.623226473865801,0.373058131941174,0.404587682471749,0.685009531924689,0.220542279956643,0.672278199545933,0.372156988786441,0.321971771538625,0.163291828372585,0.694007869899265,0.514988160303787,0.438213039864957,0.677470266559247,0.449317074864171,0.572748275190086,0.241982168088503,0.467954213491051,0.53850323133327,0.515395147786595,0.34847493638557,0.427547294122368,0.708738750445822,0.574105608341621,0.439130212922763,0.629044204314167,0.267820632143356,0.513158867683578,0.377075889362566,0.507362891634812,0.494996736033544,0.759727496371377,0.240107633416948,0.432249997636509,0.574885782766023,0.355552230495534,0.76035802852024,0.321261291886084,0.403870994793575,0.0569052805195417,0.598690105694063,0.131062187864548,0.140384913415889,0.20188110694503,0.636138656820276,0.146395374400641,0.435449791930432
9100,0.634459936476074,0.201311320759721,0.534464845421127,0.365350230799984,0.292102787482715,0.454310122669989,0.481875336247399,0.758403981292706,0.399179932180516,0.641713484005049,0.50696937265267,0.653514508159521,0.640156214038497,0.575745022140801,0.451832218312702,0.286400189459811,0.517969282746645,0.51684131605218,0.518758340943307,0.418988208430535,0.323422997322884,0.534586069175528,0.218074885941892,0.252422672786405,0.109554117588756,0.352884182210537,0.265502993342295,0.416068962714546,0.25810269008928,0.518831888268185,0.481535066715673,0.292097343114368,0.412085557254439,0.382881014263061,0.456905942504814,0.477125198274841,0.480896402303184,0.422702881253641,0.258406854542916,0.223663801280994,0.567526689643939,0.438294800985436,0.466635898758607,0.450897247467791,0.340499394310184,0.354371851281223,0.311374326905033,0.583434840345754,0.69544534990239,0.608274124159273,0.629448063799249,0.465698555906815,0.407264968652046,0.551726934433031,0.595323861748221,0.599451021460742,0.356770205476847,0.557991889157099,0.461547594553993,0.671026748961477,0.391638103359885,0.451563654589609,0.286984636090711,0.743189254646483,0.372145483448816,0.231414564531287,0.802862328466807,0.410000956693983,0.447130970377654,0.385963279348371,0.535596490045813,0.314022194261802,0.534130990168601,0.422984786394864,0.340562988728432,0.617287107391559,0.536101645830214,0.434980625602754,0.460226674650733,0.269897119258961,0.442583314847038,0.22060099563201,0.559675362836458,0.515760070717159,0.450065373902039,0.45347563751028,0.470213211253549,0.650893193151715,0.382271473882989,0.6181915078117,0.297146517375063,0.355389754004376,-0.00583476584913967,0.382901286138,0.118071517893797,0.247568713512262,0.318538467227232,0.57357510983878,0.111411260349017,0.534259210564311
9200,0.691858284107954,0.420283903617993,0.554118649247087,0.294932513498175,0.176173214455914,0.667075239679173,0.349610139108813,0.804238359290298,0.262510301404054,0.648887027282007,0.486986600345522,0.790891230201951,0.541886172709083,0.52578491877266,0.398828071178466,0.365100491549802,0.393799393677047,0.391439380609323,0.288062452664979,0.353851358980062,0.284825470789815,0.30944674149028,0.411095709082108,0.465014216680466,0.237309221328705,0.111494914621621,0.249015016883922,0.509057096468769,0.0470596311074867,0.297579320215691,0.459266751936848,0.325420827370121,0.503062742318298,0.437501229464026,0.552234752576015,0.39972664066955,0.599996844590314,0.388926457072217,0.343899422157607,0.230287033662231,0.38464812023595,0.414742139144897,0.407216577796584,0.464325576724472,0.379388273886864,0.227927177005039,0.268206317676307,0.55444084444942,0.5402995840338,0.710058080798215,0.664494969759078,0.473384216827664,0.225881406044484,0.621006291685583,0.494980407073786,0.413009790366739,0.393476080908779,0.39519691147214,0.586068501371476,0.596467978476893,0.447869833473757,0.387611191943719,0.351440660896314,0.864146715773042,0.363725538682423,0.165857896187166,0.608375540322243,0.368944383034151,0.413918925065464,0.300626494727537,0.569563899556854,0.415020053066374,0.618055527777298,0.523193776652132,0.472893353325403,0.538585689543461,0.680407905799724,0.530775232213336,0.390503448546208,0.303049464446085,0.462235623348966,0.271094581146343,0.634810813806982,0.494226972154091,0.332958706274539,0.602151414075412,0.409188798065548,0.526894285000425,0.442238197383731,0.547286276749785,0.327776884508593,0.413384589597206,0.0674473832158565,0.345211416034027,0.070253687207655,0.251647745124719,0.274737566076104,0.462588026497726,0.287076848623241,0.352432428022639
9300,0.525920900567146,0.326480723849506,0.423798943228949,0.43154128932729,0.0816983047349877,0.698644204110016,0.443949622642727,0.591425182306827,0.304993115049553,0.281687144202509,0.598366564959899,0.906548886673116,0.222034226579426,0.279159978793776,0.369240440212725,0.331647332275837,0.466766712634716,0.494145089317552,0.145265797011008,0.401943313787407,0.382997780588889,0.149436211543653,0.443089221278065,0.550836561221432,0.397126843872707,0.115733805615001,0.09577306707777,0.666440595658191,0.0115379604807341,0.440233449236679,0.662107600728938,0.390269423530582,0.212211205529748,0.581334557578411,0.350004977205793,0.417346698607198,0.530658727758644,0.63894278404492,0.341039107970365,0.138476782871197,0.271402452118622,0.361919449303923,0.407691642234725,0.507946856393147,0.423848116722683,0.148388792874124,0.265467235511286,0.49742687869557,0.800983658282161,0.59741345855575,0.639296976278128,0.529473506847621,0.300333066025361,0.513771834523125,0.620746958921106,0.290043878762452,0.06254966475423,0.453554431370074,0.581867465207755,0.452936610983139,0.517324462442801,0.631054369278371,0.453035220049862,0.862859921186608,0.26730569529817,-0.0523837634880763,0.415922226001657,0.247686823230057,0.319444890736533,0.162847049891734,0.599667588779124,0.23290416963259,0.542993948604733,0.525101560012093,0.439697476412548,0.461731515349841,0.45710309211371,0.518425621128905,0.379609648117829,0.27779003508316,0.450396400714608,0.328596742734895,0.561026050635533,0.601670591514861,0.456877388174577,0.592586739250363,0.390360784357994,0.536094894787768,0.390506856570686,0.427114220450444,0.165278605163926,0.149072738109552,0.351101297681446,0.218310191609505,0.140311888961851,0.1752471913339,0.361888146760796,0.365018556474375,0.226533501905516,0.449647500364418
9400,0.646306481727136,0.351876262322949,0.409150354026234,0.416462178165396,0.0895112055979256,0.56447746496811,0.483243107205728,0.557425464846085,0.353270984263601,0.307933673975824,0.510248345967554,0.645382946048098,0.288874094769243,0.377396615146451,0.449052126291356,0.134070266756493,0.488509515650577,0.453863783912844,0.236419272318647,0.322314070820402,0.352768496050206,0.230078205713093,0.517458004791534,0.322259407345227,0.309132920354063,0.162407787379123,0.0738204072613894,0.653636154838651,0.15052796953712,0.506329752544238,0.519492626758177,0.430371607808829,0.293939691049184,0.726008421574097,0.379305695387437,0.423998316131281,0.377415571160856,0.449657783619489,0.271259026439392,0.260517044485074,0.402390857990354,0.517360711763051,0.457538384715265,0.526170839011216,0.38745817268328,0.0609171891998336,0.446754137525047,0.361002586206176,0.479283215419906,0.486829270514963,0.689835467089584,0.389204104787072,0.412926576344679,0.566562708248034,0.707863007449232,0.202826739325497,0.06916902462047,0.263418097636276,0.366342945888646,0.230973920350381,0.519538865150698,0.537079717162189,0.48684126684827,0.605411585294354,0.142692460990705,0.0931143057351787,0.550946189976193,0.331824963404885,0.448138297356628,0.189447621310459,0.379450026912208,0.179188239394571,0.542657861707101,0.461588148948657,0.382364584853451,0.440171428764114,0.313664133089624,0.436791602371887,0.237148391821314,0.46296090958965,0.579236966013007,0.383722920490008,0.489770925310138,0.388968659050287,0.415210518547438,0.679237379989541,0.56331947626015,0.482929758440502,0.380050740663433,0.473345117142199,0.19679214589257,0.106801405509599,0.22606105117825,0.143322296920478,0.331285098485456,0.0972655634638819,0.180218817637969,0.331821966450357,0.325801571540452,0.5256581408119
9500,0.597367180537409,0.299606381687965,0.448267997341765,0.313735382335394,0.186315657132117,0.424953108165038,0.403852253800793,0.350294889092851,0.481205931615139,0.210221004752379,0.521154557716058,0.52707927608198,0.321195970084219,0.387960347149166,0.454291469126976,0.210409103853021,0.404031808448556,0.287610073304191,0.373040454232332,0.16540898015094,0.466619027227813,0.192921330497734,0.158634188164076,0.309239272121577,0.202141525532537,0.399315141914814,0.103352809186676,0.406420880913156,0.280392724443415,0.34600975833007,0.433198130956134,0.39542837917366,0.371759033355131,0.725452802873877,0.490086470679792,0.525200334118417,0.300715641858324,0.30124639268461,0.256616997297236,0.298226638329796,0.385785077054845,0.364433740654752,0.496072975774586,0.591460763540422,0.321167673059886,0.243707104200424,0.714502072800292,0.250820839714918,0.424725455856018,0.362451152436203,0.377256234412962,0.405241999259775,0.498346149105275,0.598460181370745,0.560039026539757,0.307204974048383,0.158039324486417,0.225396555172212,0.134388373046257,0.284100476377172,0.466967673774522,0.524264324942398,0.562675989716607,0.399069018936338,0.393555359526564,0.0529709732081475,0.462301943729435,0.262825242293069,0.392042819744358,0.28108080109007,0.391321532765855,0.13092360137766,0.555807993994684,0.251945906169211,0.355375015320054,0.344037571712262,0.306341895298255,0.459050865933289,0.349582006212547,0.327735935172015,0.562576199733002,0.393052481874388,0.47862671849754,0.286516454806191,0.391542957174054,0.503520081261401,0.483135497148199,0.520616681339444,0.486384132402034,0.549137206971984,0.270741124206268,0.0991686301104557,0.128473797836342,0.433864826611129,0.45677070986138,0.165707122806309,0.147324427103892,0.288427648360117,0.430060687473072,0.484064161493326
9600,0.640815811858181,0.259645294892025,0.338660839831258,0.379682090600379,0.230420040423873,0.229499569000499,0.31137083104595,0.23698053626809,0.495887971492808,0.380455050650651,0.27827341341898,0.620677806731429,0.597282777378266,0.346780156478253,0.642500407032453,0.172532053991454,0.310159810174089,0.407357239493037,0.28081333977237,0.329026655100307,0.397105226187195,0.0542480189872265,0.144957602997194,0.336451959850919,0.252728961585315,0.411167526625488,0.136358169970044,0.408396792597215,0.414132664985985,0.400028364788702,0.317131009613671,0.268073753729596,0.452401347702926,0.41190576688883,0.310082803410839,0.360464269243488,0.195260069826808,0.331006406602538,0.237427393990283,0.285928566540509,0.367372497523571,0.415629298292554,0.454325514747765,0.535620858240387,0.357441777752185,0.162029481713145,0.62674862993642,0.170029259591832,0.40486065871008,0.209477177341137,0.521398718287005,0.14574150603229,0.447412048154502,0.795989547330068,0.589677916612163,0.30621731327602,0.272671147747624,0.119712390504262,0.213416207630764,0.219381284652272,0.40474506099005,0.445344676993318,0.533457511980614,0.563423213247874,0.168465288947406,0.145193889100483,0.376783374458248,0.303449621400785,0.496154949372716,0.238024474804259,0.475813808497573,0.352727574906094,0.416253882962933,0.293550640038913,0.532696157470656,0.291856849954477,0.139724002524793,0.308472155830582,0.230017207383935,0.230723393333405,0.59741534644654,0.319645703388521,0.574295792850112,0.319473555384647,0.453743821259214,0.44605590198537,0.414030472225506,0.349550135229468,0.432645110561609,0.524529875665777,0.0988762173380541,0.0174679630213069,0.201753875445469,0.406248031754468,0.5868234381072,0.229007447224069,0.133656301365724,0.286875071015072,0.421503798096564,0.335735271861684
9700,0.480225471327026,0.182067183193468,0.15125680140876,0.306501956564166,0.21080398533872,0.291064140672944,0.337014108981407,0.181299272557744,0.395815626403012,0.392217202636193,0.356231192491448,0.627323703342803,0.43243519326605,0.182272046027462,0.344981267491942,0.0610093735045419,0.379841556398671,0.468993478990974,0.377183091992898,0.45334603543883,0.211685543242239,0.0386650209658704,0.280093163531481,0.30825213746999,0.41804394027844,0.344004229528405,0.103783204779777,0.311196027921783,0.390628097836753,0.422048367828787,0.299512584111129,0.373346139744336,0.364825761751046,0.281168094851286,0.27234996006996,0.31147225465186,0.17961129924491,0.375172074243947,0.101523633903639,0.237079983884497,0.381845620206794,0.459092387003639,0.369593339292878,0.536399795202028,0.382678986878808,0.586499010785051,0.496350624146426,0.221450333424355,0.330359089906312,0.130151453698759,0.702351431697963,0.123279582655739,0.395714012948782,0.675952068374941,0.356662388401922,0.399897372587313,0.300285559480112,0.0940764286487356,0.199560174839144,0.267871791718244,0.323670999637036,0.315820100841853,0.417868014186062,0.384912736218831,0.112533930354604,0.108449470911276,0.27247924816627,0.253763722551268,0.513115225224467,0.318626472596932,0.40534851581706,0.663378224349391,0.507386256820858,0.273350542057123,0.591055836171121,0.329658149557236,0.21312915598606,0.275766043096065,0.142584321323024,0.287738937134284,0.353383558863622,0.17931347917618,0.670225326717015,0.325552952734317,0.292073699026987,0.343905145470164,0.218410019432678,0.0762665214984299,0.396406499772261,0.647236993873848,0.159115838463909,0.271980505581411,0.0039928389458681,0.342918037409346,0.540179322028003,0.214624147123727,0.329696400397788,0.458544551961802,0.420676367033623,0.165924652564724
9800,0.512300139689768,0.415921768406957,0.0761089934202993,0.222596413334879,0.199493659324936,0.295677750340227,0.153920396391414,0.165272920167101,0.491899218642939,0.267859988289418,0.272178858779669,0.33115788510594,0.350590440101897,0.127586636150614,0.230585947322486,0.246103366358194,0.426348191257281,0.405065536770571,0.37354430181024,0.453249846541552,0.178280409755804,-0.0161866783224441,0.0927187465016829,0.447343454339836,0.200923063746153,0.287076126231469,0.141488884049477,0.165010481684495,0.391247896560306,0.365655569797268,0.429330894594156,0.431957930480078,0.463127095740995,0.260094523378485,0.0637569043123996,0.185763159641588,0.160431804194714,0.382964553956995,0.0759079432065958,0.195787471053468,0.336094742410594,0.396105963212782,0.210849122512632,0.550950651096499,0.398001963337433,0.627527401043641,0.471319195118408,0.246677145803199,0.0983585723273699,0.193852365484452,0.688054927626434,0.231041496962032,0.204949000395194,0.572314285350248,0.232868884256788,0.477003814731034,0.136926407355596,0.109847299811384,0.217265436755169,0.160525216216319,0.285856109824454,0.27054842671939,0.256190153645456,0.224222384477069,-0.0309656097752699,0.117278754651094,0.239410350395243,0.3912176557899,0.356766328544706,0.257460774170994,0.596190081371585,0.654987051474535,0.4306890637453,0.300117756391389,0.498516582149609,0.139450601328504,0.145019589604793,0.20971453174071,0.233514360846715,0.243397973865453,0.294146467767256,0.168013937013932,0.598442299611437,0.407109720367087,0.577259244174912,0.296712074055921,0.272959219192257,0.00337942977850364,0.317425717164213,0.356193847796519,0.209904937082251,0.353185163768138,-0.00524256634036357,0.344649470392254,0.302454483285097,-0.0801223917896614,0.250271237289117,0.384848339675465,0.24274960490074,0.307084464520842
9900,0.433509146441857,0.305411177016498,0.311480384880305,0.156312929245803,0.171475897040528,0.262554711367144,0.338395391374996,-0.0968885189397328,0.406854391315446,0.136273492139959,0.207131902060458,0.402155284470118,0.334479213941679,0.372232190230374,0.239280681286397,0.321096274116071,0.427152570678461,0.484473983411906,0.486736544560554,0.23494883818209,0.184726537723335,-0.0189741776106515,0.199519563104187,0.341762638914961,0.275504931608432,0.154566903585867,0.120714284176021,0.198607056960553,0.611711017318984,0.331715881647265,0.272360788890064,0.219688564357399,0.252354207569745,0.458653525498618,0.0616794161176484,0.173221657882085,0.0831093025241077,0.414576737981358,-0.0627744505362725,0.129573164554363,0.521820667590448,0.317130751686427,0.186315531269762,0.464705497391678,0.213834525759174,0.541201217498671,0.428077446496261,0.0118317184461091,0.103900927078902,0.179556052347094,0.636286954527833,0.329744796714393,0.306202606893615,0.357548747906033,0.314347919761216,0.22680462055816,0.145599285623444,0.349924836388814,0.165880550952063,0.0995348866337716,0.341169056242993,0.41001803022363,0.223919304359498,0.20289502042346,0.0784142040537721,0.273382905095761,0.271495989761854,0.244422164045209,0.437574846186317,0.285921983171498,0.560477225505652,0.640881180522825,0.333751956399055,0.210181053125739,0.484270648312684,0.114926003458924,0.19131248339502,0.1488889619543,0.228022843470442,0.456375555700725,0.197481960305153,0.323028766256008,0.439015757004285,0.335348248658089,0.518357662787185,0.142243933154702,0.400889656979569,0.109304725481309,0.131406677301925,0.36493087063487,0.253684016388073,0.115709104952473,0.136109621340825,0.284339430857841,0.360662538430793,0.108654907540118,0.0737385911928557,0.465889920930694,0.231837437868223,0.199556313130721
10000,0.554739612278107,0.227794408123503,0.321401645545364,0.191848996827636,0.162205547935953,0.480191253519034,0.396930201590149,-0.135349053196138,0.261229901770965,0.143499769768085,0.126587691765683,0.299968667720888,0.349002272015775,0.411175729270334,0.119408992186164,0.277677979924205,0.21811717721998,0.508947112143942,0.477248091882488,0.181119345003198,0.215974263054806,0.004720160974649,0.273682542234781,0.123982859687138,0.241624932032917,0.140178730278502,0.196852684611535,0.256591821826242,0.551385528998901,0.371304811521707,0.403352241016562,0.166126450988672,0.168728729501442,0.334872662053122,-0.0486465376052962,0.193236708483685,0.0267413079896639,0.276686699777791,0.0674999540244369,0.23273819144072,0.52657049028464,0.223154846544756,0.221145624494988,0.357279875757466,0.215974168470897,0.594216170118892,0.215284072583363,-0.0474387797396356,0.0258764442246071,0.181144806292366,0.494486107224912,0.374874679426831,0.303995420282272,0.345696174936469,0.128341557068455,0.29240944614743,0.231583055703427,0.386424956180722,0.16577105756022,-0.0850230991822785,0.0666785145389617,0.398342965480269,0.0158322634846892,0.159148229107466,0.191117441982943,0.283277545717268,0.358888640617494,0.332877930943494,0.305545349613655,0.295957123537931,0.567347756966812,0.319036484645897,0.104330572438469,0.222363342015189,0.519769333964611,0.140272678908985,0.184631776898662,0.00685445465567736,0.25925291168686,0.451927366216118,0.220424045379641,0.366193237267032,0.433524962639691,0.32578366795482,0.59417974887986,-0.0902605009513829,0.409606871826417,0.120047860351409,-0.0791919909368061,0.315126875624975,0.362574163531601,0.31747601224898,0.2157441519613,0.477632524844688,0.464669496758201,0.261646964500301,-0.0221146698443451,0.408717114310928,0.195629995584272,-0.00350748502457493
10100,0.356218824140704,0.174141958624175,0.296762412751989,0.193039152440719,0.100030237857995,0.533672651449695,0.334547587130156,-0.00476141664702157,0.227033366037946,0.13362765430515,0.0431298416170233,0.159382450705474,0.289475932860948,0.196851295699289,0.100747979655274,0.459589858530196,0.103166099418544,0.403362642090973,0.44240404660072,0.214020932595907,0.296327634884139,0.283161559156424,0.304793804498145,0.230696645423726,0.206371351645516,0.142862787654312,0.0825776804369182,0.227736487184193,0.388809053638315,0.297913640770855,0.276756156043523,0.0896095968972322,0.275954732432811,0.415363947602807,0.0146927227903834,0.197572224443023,0.110314165456567,0.354815119556803,0.122569797160134,0.0948526262224676,0.500919113137228,0.219444253253521,0.176960808891471,0.375696985583487,0.295749069816666,0.477500177874165,0.369526032247299,-0.125504680350503,0.225733372999539,0.0961348271053405,0.371067079932982,0.222169346937,0.196483150751956,0.264725939145196,0.0630568914324261,0.303850900242278,0.178015251832009,0.307863046708203,-0.182275478706655,-0.152726188051044,0.297485746248148,0.399321917072361,0.0881396962495797,0.22673076443836,0.267873394214002,0.137076736260739,0.223627960356511,0.420642020184162,0.176363882896133,0.149184882310379,0.459506887477136,0.0685957772784526,0.0771059423529039,0.100449192325462,0.493429396536298,0.111724526898285,0.111619555651256,0.0578449216421395,0.359045425907318,0.506760556873422,0.114801037468876,-0.0119286504206232,0.493046725480806,0.530079939762825,0.479264513927216,-0.0668966266365344,0.182972544336508,0.194664881148027,-0.113636959383753,0.25612476495621,0.212452955811587,0.231963448193069,0.150802307828195,0.457277932579461,0.458785078421391,0.431970113724825,-0.21092349119651,0.396091902061986,0.140100799305314,0.0697710187005568
10200,0.266496095175099,0.0467563420361121,0.265937149743945,-0.08068301307013,0.0739745800567997,0.365641591792506,0.321761347749573,0.138853453428457,0.0871167110409219,0.059410324205838,0.154221285841136,0.276348228474196,0.15990596381308,0.0676569514233189,0.396128870144546,0.376714838573284,-0.0451649769508031,0.309295194079677,0.395117355812593,0.0905220181454977,0.355538961962075,0.237505923071598,0.22122404571401,0.137279834417433,0.0751557394142618,0.116689750046546,0.116499138148117,0.310735513406542,-0.0687371218609781,0.147562502029927,0.285023778200962,0.165927061308275,0.179896368059676,0.366007192630138,0.137949088392179,0.332955874271942,0.0323459063735689,0.393875725557672,0.195722110478763,-0.0120759242107497,0.424637640730908,0.282128194015766,0.388902481719296,0.477743630071812,0.265944864278944,0.479208773246558,0.592705083098015,-0.0934075402424434,0.276350351086851,0.257547011511098,0.293793805674132,0.194636990655187,0.290140300470529,0.340370173572994,0.0324393680190374,0.471762110864184,0.328841579598341,0.31775097864384,-0.0468431075321766,-0.0634570299076863,0.44289682023114,0.193509583045021,0.278538889117186,0.417591195149674,0.188133665301617,0.241092430365818,0.386890013561632,0.354103958924043,0.106335267137427,0.172408556703418,0.38604002099147,0.180447460326298,0.0962261481678055,0.0761401391763861,0.60459689849291,0.276920600965103,0.140280642577704,-0.0560368328072199,0.378344103658261,0.484437234769412,0.0690664177417971,-0.0454439905298909,0.412396805890435,0.239323614548198,0.419565255245056,0.0988563258127619,0.204362290597954,0.262959421360245,-0.00833818789453289,0.333397235201423,0.0338834321271787,0.217236830405906,-0.158133602507094,0.120962731496604,0.230474222432593,0.365474497296278,-0.0790867687704417,0.387691638958667,0.190949113342133,-0.123700779809812
10300,0.252754927382854,0.0111785964762512,0.307402692934912,-0.0414336225488249,0.168337830080698,0.125399287358116,0.0697812280201563,0.188441803912952,0.0997201711085306,-0.0853227240945671,0.0736562804835128,0.402175910703469,0.148667204696962,0.169008098623149,0.187106173295898,0.444076681840155,-0.107977096070486,0.400325025507352,0.391400752054156,0.0835289640100721,0.319666784086867,0.253512596618473,0.160981395324088,0.177965112403519,0.143196242831299,-0.0225653329072778,0.140470312981409,0.307340398230716,0.128722925049982,0.135697924568132,0.300300230668631,0.216643362993367,0.153227407619139,0.256185850850652,0.0595211098682338,0.287050717554201,-0.19144822643236,0.258822229952684,0.281814406439638,0.143076044741162,0.358927194911522,0.250506076912359,0.287827016302485,0.312706618853638,0.129764864642934,0.384026869081004,0.733189500369934,0.0160870345027457,0.294107364388026,0.253553046293854,0.468165665436924,0.24821826468246,0.258662423521215,0.368129328846887,0.0308135819154808,0.495058409094941,0.45315726318088,0.207716469401663,-0.0263558696252119,0.0469436070070285,0.444035094144724,0.388550496313526,0.256343225350532,0.533936785498867,0.444447437482122,0.356053398907009,0.317873486302796,0.332496924899386,0.218042182171883,0.2331857316582,0.222094869629072,0.0609812890524551,-0.0501993177360461,0.157919893688592,0.368759015982052,0.241392953815554,0.175767653786011,0.0714123623629473,0.217775489445448,0.313605073328063,0.109071225956821,-0.0420301673842445,0.533625343091798,0.0455367636512051,0.44318470533386,0.040643988916528,0.124546880272671,0.22427536319662,-0.0423707188933353,0.262410493266623,0.0524155563600773,0.381897312907396,-0.0363653719032341,0.133030578091426,0.12683803597425,0.13977809345522,0.0847613737360993,0.209670127858144,0.197445665171338,-0.0785608846790342
10400,0.122384579087716,0.0576053970175149,0.244588049115761,0.0650114744210054,0.248160204983021,0.0802355071527794,0.156465736824364,0.330811114037742,0.0454816477289099,-0.209794441403248,-0.127865300446158,0.291426288174598,0.0739100107803055,0.119009096550139,0.0643101236351321,0.253652041699478,-0.157434512939353,0.133015108659016,0.509189154292621,0.016766241677684,0.431610931475118,0.0137692060435703,0.149730191988828,-0.0113406090637672,-0.0330239960714711,-0.174341808021821,0.0948870290172858,0.324724254452058,0.290471507365113,0.00522104329728013,0.143216936278017,0.214883773401014,0.10847818034885,0.428223072767357,0.0424977432757976,0.313360251447492,-0.209704759477497,0.255235375778871,0.2782811598546,0.450649320739182,0.182019318498639,0.00274896787690782,0.38190880803168,0.453054640540292,0.0186274433340011,0.202646044728358,0.426906196310882,0.147033017998999,0.213239987870095,0.426122481743962,0.420791014226991,0.278729121205771,0.273250991452694,0.211283613097104,0.0015288533489658,0.501401565317325,0.443319063982784,0.2457816512868,-0.0658327272617185,-0.0114748682664481,0.488412904864053,0.243502463738178,0.0931252650206651,0.289457134012513,0.458201302583189,0.220029823839392,0.205571770274398,0.501223828098125,0.319617249729403,0.0084724276385485,0.126304509273587,0.00668680788360854,0.0199180195918724,0.104763161475021,0.158836686138321,0.086800542060174,0.118292920224728,0.0733863484586822,0.0425898337785244,0.376416990613678,-0.15646195041185,-0.0848804061799293,0.398062460601794,-0.0391250587879728,0.296242348675961,-0.0494908052040388,0.175448157869848,0.178050713144789,-0.0823491859294939,0.0948961801586772,0.161692778312263,0.230675616237856,0.123995549448576,0.189776400165366,0.223537522742422,0.0592655086091556,0.251156562460707,0.290631287237264,0.0419390396780118,-0.124799138206768
10500,0.227995924920177,0.0366670611924968,0.069954508945155,0.183283140519226,0.234044011705119,0.052498044804248,0.168313345974079,0.43508432882786,0.030870283287799,-0.248657473248258,-0.03437963099108,0.251321396760614,0.190002175953072,-0.0183220252822689,0.154709635036421,0.282621435418191,-0.207663271770224,0.0278455768463426,0.269515444189468,0.175267423417734,0.200214582957825,0.0495031366482696,0.0301648894939723,-0.112325102718716,-0.0668315668308817,-0.232278945938793,0.0236934733699904,0.262317103078527,0.363724287341911,-0.0359195689019037,-0.243400177822146,0.0396446111700129,0.19828832282476,0.315455298517205,0.165823738327267,0.244319153837828,-0.23147994336768,0.198747238361375,0.176555798257113,0.23921557131342,0.29848592789331,0.085886745080952,0.371073782508322,0.22133217383864,0.138497666880408,0.131118421355175,0.187020460768988,0.131431111125203,0.207702105024043,0.273935679459668,0.462123233585586,0.336807003278348,0.196589630808289,0.252820807101812,-0.110877889262287,0.393594825447053,0.23417978347515,0.205667576333692,-0.119185455751074,0.0595586525002144,0.281027384420207,0.278059076723689,0.425274109281543,0.341379413602889,0.398598847874095,0.346243982607508,0.250853936557365,0.287484221812007,0.320165172806909,-0.180894713106561,0.166823732670633,0.220846188093239,0.283145769866487,0.301916171102718,0.127292193848156,0.0817387890241109,-0.175047137755272,0.163305788960771,0.0679089293749536,0.357109027476116,-0.328494904412191,0.0651365596567177,0.242155094610014,-0.0459784397304684,0.368390639433837,0.129538661092013,0.130524598932991,0.215588094222571,0.038921057698433,0.10915043072847,-0.134179887065487,0.232946778729144,0.311107248244423,-0.0588395841619943,0.204413416851223,-0.0105333726716413,0.168016804283196,0.192148872083371,0.0285070042696683,-0.0321020278638541
10600,0.104958176177612,-0.116858615453312,0.191901403189616,0.175895226741335,0.272415676015736,0.130501905824304,0.0228951004355024,0.262802039817563,0.040323187997001,-0.124692668281516,-0.252609522499388,0.247998696115795,-0.145131599261013,-0.168846320423989,-0.0399452852107509,0.336284334172769,0.0332064120739671,0.29213808065586,0.300801969760743,0.0536316532383294,0.0741291177576527,0.113487631337303,0.0463276198154023,0.0261272335530954,0.0138950212597283,0.00976928751566936,0.0776258622765087,0.428797051213111,0.201470281413297,-0.0560544974304011,0.00768998253637959,0.0711283933486022,-0.285030923012519,0.310703646116597,0.0307281024441229,0.0649039669085002,-0.29174603838453,0.225370569869822,0.2079699293361,0.0560846961486953,0.295446025480984,-0.0015595237708449,0.0758789206410259,0.28263803383155,0.00076347267609983,0.314839676261318,0.0508253721832502,-0.0242004564105768,0.180982036744066,0.211201848078441,0.28443058522427,0.246969423339421,0.0758189298996981,0.189733058205549,-0.0752113160067034,0.258727574992892,0.327758745827363,0.280163694952247,-0.0696524783838596,0.0404231808606207,0.334605826076795,0.222341788412296,0.323804091281619,0.244573812042081,0.370137754783916,0.321744772623195,0.192914345512774,0.327959417262024,0.222631219954116,-0.315592194826313,0.236712856410274,0.0395121371672519,0.0203938680117904,0.305241700356994,0.0229329695293875,0.0851097445329416,-0.230363325121332,0.141927186493164,0.0112708977092293,-0.0652848065792719,-0.217719960568596,0.0669406985788252,0.255507971546279,0.0444842595515599,0.313549531441924,0.0732424209318638,-0.116240221817266,0.133575274553536,0.092287589438177,0.109527732736428,-0.230041682936756,0.301335771526467,0.0841251398738781,-0.172210684235542,0.195817063423741,-0.0616924774696018,0.0294917322279074,0.298091386081781,0.161182668129556,-0.0906489262244369
10700,0.0685851219347515,-0.111106274079148,0.283814747395679,0.103443521523892,0.296321521782042,0.116195548799755,-0.095279180037559,0.221522819205915,-0.13934090337831,-0.294372957336103,-0.269958855233007,0.209820720551357,-0.0448772900896695,-0.246379253963604,-0.068288679269499,0.0695973268938309,-0.0186118675146669,0.284999882584056,0.378297994935154,0.00983012905406877,0.0320447212706181,-0.0452619398706845,0.109512973267997,-0.0551003661284725,0.06444149871563,-0.0334499429988982,-0.0297099433028102,0.45203613528664,0.357154796745226,-0.0331418046964994,0.00171386123882689,0.193873054927564,-0.0907300375532217,0.014397660929786,-0.0873229226128686,0.0887445494535114,-0.132672283943413,0.0352667302936266,0.343804504814268,0.131204210898188,0.260870625721614,-0.125995480868382,-0.0778907023129965,0.0656225524077802,-0.0189592808824462,0.0731253984821357,0.073653621386246,-0.0251392892167343,0.231589983985926,0.0978035192358073,0.0555155714449265,0.0952379846164973,0.00915491418734149,0.413327539785776,-0.116073117426036,0.248693139455999,0.234024050007997,0.221095877490061,-0.101498720968832,0.0249220939533815,0.10496505669668,0.0771247329376979,0.330892744679903,0.104473750472495,0.174116909062117,0.245617511006836,0.164038497310075,0.12035837491172,0.308957494398746,-0.233863364002153,0.191970864071074,0.144893295528101,-0.149758324787489,0.108019587934468,0.0934923231536595,0.0021647959509517,-0.201249494421618,-0.0999126355425397,-0.177298592743271,-0.0733087114496522,-0.236769565027403,-0.276027142761662,0.176911547365765,-0.0640792464824459,0.20221807282566,0.130272013390513,-0.20143616382867,0.0141476695471411,-0.0675351921297441,-0.145951396861012,-0.390515165413985,0.237114880544493,0.0604583834729051,-0.181367427246999,0.170104015720211,-0.101544482483806,0.159813638315597,0.0907089281280342,0.116948422280543,-0.163675663347095
10800,-0.033293147328597,0.040658636264338,0.0864678450856849,0.0428602148084012,0.102744744177998,-0.0455830034997039,-0.209978135932637,-0.0389745754037966,-0.257660420943024,-0.204260346614808,-0.505632042004977,0.0886824951849082,-0.0279256498250619,0.122132427629551,0.121506776357438,0.26665517232878,0.0139723626445544,0.183575008079663,0.401465929744742,0.0897202746226686,-0.0699751722737358,0.0159564706287318,0.0388130141368488,-0.111046359708055,-0.0660148433944268,-0.367557192346853,-0.212803415956464,0.44414798223171,0.0996577925786333,-0.0480407476112391,-0.00733041582138411,0.132816475606005,-0.0858883677018949,0.0285418208829116,-0.224814433368225,0.14115298346868,-0.0212520054593852,-0.121975762777129,0.249955322679356,-0.0726964835553904,0.0306733060423209,-0.265207379659692,-0.166486137206218,-0.0629468604249438,-0.20033645979432,0.0236108143013646,-0.0613878708040791,0.138326045239675,0.112349380259354,0.293368756520032,-0.0690604477903494,0.105274902779342,0.146977794373627,0.391466170620707,-0.296941218968452,0.204067900454994,0.200985878427613,0.159361260385434,0.1054728070927,-0.0114635866438692,-0.172779538909003,-0.118714389369488,0.263779219318496,0.0795137169242168,0.0908966580391632,0.365142877484107,-0.111360792897685,0.112827842458054,-0.0288866072748512,-0.00981185367669696,0.170446647107458,0.279809530542202,-0.166537922333343,0.0407813231736397,0.067897826336647,-0.00368743838747182,-0.174013817306386,-0.229649938553172,-0.145522300411878,-0.141621268853974,-0.327564311308808,-0.399504702777053,0.089101547788599,-0.132312301906389,0.194142906311465,0.200597098816607,-0.389651921841294,-0.164397904852404,-0.249313864954913,-0.30061205607296,-0.250703743883939,0.161512909201229,-0.153632104258166,-0.371912456462313,0.00869641034309299,-0.0913252743467814,0.15879785752522,-0.0946509691572066,-0.0327997421175377,0.000764183421879727
10900,-0.115528394741345,0.244309926286018,-0.17042145179726,-0.0321957098546202,0.0267948153685534,-0.160994781906978,-0.399283827807815,0.00262624336158135,-0.326789901345723,-0.407031932128176,-0.373682787684498,0.0700312439251459,-0.157025810893707,-0.0141741849724902,0.307055724401494,-0.00790352797257077,0.144460222391937,0.216900664036594,0.166438324619721,-0.153447858854357,-0.392626498244619,0.238865400874766,-0.170146787570278,0.0569218965584466,-0.461304333718214,-0.311136377243211,-0.346896829499886,0.314510859900933,-0.081458605628224,-0.051201777511969,-0.00213040452190233,0.155922720022077,-0.0293062484814982,-0.255392612595778,-0.117215399209069,-0.247143634872978,-0.0172878204666196,-0.0745779231544694,0.256372320667502,-0.100646338933025,0.129484253289584,-0.270049808352377,-0.384377864082009,-0.00147694364437534,-0.213415635375721,0.222260835338142,-0.219937975041251,0.01198262053667,0.147956272684072,0.068039492909044,-0.075696687310323,0.10638619186557,0.150983934664031,0.134373125398863,-0.326933010989906,0.187132264381153,0.107727175857137,0.274118771984299,-0.14012477590484,-0.190249636931492,-0.256008330249045,-0.0332709772931987,0.195932917366318,0.119265993950233,0.0690314373986723,0.308631833755337,-0.172565034904899,0.139289024431557,-0.0238638482110335,-0.259896706134016,0.139852029529476,-0.12997782730087,-0.042655322890679,-0.174804405355203,-0.121269463262886,-0.0694715540254632,-0.209733552304796,-0.0707168405583662,-0.220202743752553,-0.0581651167316891,-0.346754627133836,-0.15278139093406,-0.135815906506024,-0.224299046143395,0.232469807505921,0.267518442457339,-0.275355676567552,-0.268345902027747,-0.300857354656572,-0.114840143311459,-0.0989412193778231,-0.10117176760388,-0.169322600345691,-0.276185711304703,0.203397403798163,0.245870909378524,0.0513858943651908,0.00539688514020809,-0.0568852833991276,0.0419459245993212
11000,-0.225377805285154,-0.00771609457132483,-0.248823848686099,-0.102253632484089,0.0782082766048336,-0.178082528852133,-0.301036701594625,0.0824103449927111,-0.178968494041702,-0.50054881692614,-0.407736609228808,0.0957044362937814,-0.303813303492207,-0.144721970478775,0.0944178142126997,-0.0485531149220522,0.104595137172,0.00939457680079825,0.181197106019772,-0.266042311902102,-0.24594359609883,-0.00499933443256184,-0.278793873357332,-0.213690783928978,-0.348831347555137,-0.010241486814223,-0.227121783777774,0.196276472111818,-0.174031034890526,-0.201909761125603,-0.133370464808443,0.163628572461908,0.0154408627386685,-0.206015875003017,-0.0530134257146987,-0.146190608638709,0.170382805720939,-0.158521082534478,0.0463516988988774,-0.222323442999097,-0.062408525184989,-0.442187739971334,-0.502398881922979,-0.129776254683431,-0.219312478459583,0.0368621691005648,-0.171513664724071,-0.00346738974923189,-0.101974666868062,-0.0597356353900485,-0.110904041615158,-0.155008772424259,0.0285681350445031,0.0307081578812364,-0.39951521080303,0.251562332019463,0.0382047855386553,-0.138539841970476,-0.0662420011179848,-0.0440192546407067,-0.0501216750396043,0.140811560271394,0.234825563372451,0.188089787716382,0.0465240578001971,0.271596843627971,-0.203622156984808,-0.0559619648084416,-0.315619227421485,-0.412462341836255,-0.0998144687983921,-0.0417129655842909,-0.06428865205636,-0.183982081628263,-0.137882892753822,-0.19362969045455,-0.218516228707868,-0.220049132286127,-0.116995974714016,-0.30844540318373,-0.236318054644254,-0.395725224035253,-0.232348186128112,-0.277111523848605,0.134687807964264,-0.0105872789164639,-0.256761045189697,-0.0471100006505463,-0.406218939541736,-0.185471093521285,-0.325392335333928,-0.154552126253394,-0.0542542023080304,-0.150988610072658,0.259182353155611,0.251811032557335,-0.131163746583126,-0.0237416422252972,-0.286189772138873,-0.0298856743221604
11100,-0.234112264510179,-0.043054333370005,-0.425567947379787,-0.128679108975409,0.0827996279553841,-0.163593208283781,-0.235297655664,-0.188979121487693,-0.192981947908686,-0.660398375725461,-0.42101160074273,0.205005980396424,-0.300514261203768,-0.175232291462818,0.086832384751436,-0.0971940458161112,-0.0629060108663407,-0.0163450127396269,0.0107164542414998,-0.171313047222454,-0.0551392091396276,-0.114503570116705,-0.363458064601852,-0.435435499292232,-0.3184360280562,-0.174011395060896,-0.268949727905029,0.110747630670934,-0.0569522708718138,-0.262097297082648,-0.20983993158405,0.165950943728775,-0.0551269903550057,-0.30253463788974,-0.182252558851968,-0.292351929326993,-0.0252509679218531,-0.0605987708602779,0.0597732193806429,0.0572461433514292,-0.210813111916871,-0.38437911749362,-0.490576115740635,-0.0604021034428541,-0.0640429709626917,0.0747858065103555,-0.183969848921385,-0.203206943954312,-0.260332121673203,0.0398464654102739,-0.297474726535792,-0.208301933447371,-0.0381973898511972,-0.064268891987241,-0.519418621253434,0.179051637749192,-0.0698786755841581,-0.106844521082699,-0.304932940354485,-0.123760985282138,-0.00830570246912837,0.259734499454955,0.123217177124683,0.0797777068294658,-0.0122005785793781,0.100682491199234,-0.204761726752846,-0.0213051096635839,-0.214588016075871,-0.335708008683411,-0.25800266841712,-0.0970997102301784,-0.136850780741484,-0.193183092345916,-0.171571162386423,-0.463316945953125,-0.424057986796859,-0.366715331094911,-0.0474772370099601,-0.272826962062083,-0.37024418825263,-0.193577292879106,-0.0885362126878256,-0.438656788306444,-0.0613565568994492,-0.0872482587534669,-0.322308214552276,-0.31338988901703,-0.45533070699877,-0.137441631148066,-0.427429850126941,-0.374553245887134,-0.0815732435652257,-0.502499582388834,0.0821023532617134,0.0256452352001849,-0.167735691607573,-0.220337392286268,-0.213481768146298,0.049793060715968
11200,-0.217101812469369,-0.0269884635685733,-0.201160412683136,-0.0610890686075825,0.0318445040354735,-0.0452758622849268,-0.109559124681292,-0.334108156847759,-0.38299789567574,-0.447735800682632,-0.48415143610251,-0.0326334140408039,-0.289527435482716,-0.500254060818419,-0.197479218887839,-0.0247567045949977,-0.14747940678782,-0.0492231207805459,-0.061827661411078,-0.165230177337302,-0.280031013561897,-0.113933702336336,-0.199603987309814,-0.215395598872617,-0.292694046398895,-0.363623025810281,-0.420200144496299,0.0232129366262409,-0.0422768338550328,-0.286608541670023,-0.45394260555082,0.235863928914496,-0.306890926298191,-0.327872885405079,-0.100110742945148,-0.412194746470935,-0.225043228545868,-0.198173376875755,-0.159857502995811,-0.0533786255611222,-0.293206999644971,-0.427041903534776,-0.33223062946499,-0.156185392651518,-0.0802905053494874,0.128079553384621,-0.108437016704115,-0.384777783985558,-0.122074257390472,-0.0466272262846568,-0.103585603780029,-0.311092191647603,-0.0930825610814832,-0.071921950040054,-0.555940903254602,0.0399810145656087,-0.247955611914671,-0.0731038602608906,-0.23664485142377,-0.187934526933788,-0.132723168183317,-0.0488917518601237,-0.106111532705642,-0.257104135112131,0.129382407847924,-0.0463881160031675,-0.418800168865851,-0.151565579168818,-0.308256354703648,-0.636426274204661,-0.424923699007675,-0.247035238447308,-0.271124371671926,-0.191062577773029,-0.366051731684221,-0.377882479393195,-0.245180664348404,-0.377850644337386,-0.104079913665797,-0.412708423549779,-0.24008073908016,-0.226757456437527,-0.235642630570386,-0.248927688754066,-0.0730006014981954,-0.171176820338088,-0.325801940832122,-0.262119120826649,-0.414979573586472,-0.238384938392776,-0.288530718598115,-0.383523984075466,-0.108970766451629,-0.378859245560978,0.00903924985244919,-0.150255961886578,-0.236992115020669,-0.275001563812418,-0.313792002811544,-0.0251676257784111
11300,-0.013983687326146,-0.0446723321706578,-0.404886851873887,-0.0480640364368088,-0.245021782029714,-0.0455363582315693,-0.20743771191744,-0.384774396807986,-0.561620073158602,-0.595417539102477,-0.501092272239032,-0.275154530814195,-0.390851986264702,-0.473184196084247,-0.119471952214765,-0.063918353347111,-0.159541312554265,0.0883411831822826,-0.320773597038103,-0.43428376332478,-0.344417484453258,-0.351170744368661,-0.308219491972785,-0.463204235179408,-0.358828568781844,-0.473492681695348,-0.404744042843742,-0.174731219847344,-0.15296487769234,-0.101766631753834,-0.237043551000999,0.129386303099191,-0.504587739625637,-0.17986278716212,-0.199836038839903,-0.354998864169117,-0.272744864988465,-0.235240350913027,-0.187689999188261,-0.26527409848356,-0.387735351826276,-0.416813730143627,-0.556500883293189,-0.167802806698581,-0.0390171680396299,-0.107251255095785,-0.258802744570842,-0.313194392627552,-0.509517403237869,-0.210532753297563,-0.128908118234831,-0.162521097227947,-0.470601666241504,-0.173423040138466,-0.409618322783263,-0.152875963884245,-0.178988301097722,0.0551952914039407,-0.333892242546049,-0.0484376909483342,-0.272506748937701,0.0882770222379123,-0.159382491937212,-0.382767285545384,-0.260469416757609,-0.0405555370743464,-0.311563410778512,-0.285727690865933,-0.272823610469503,-0.945199727082893,-0.367044260969111,-0.32493049058991,-0.586096530376786,-0.0641826248326056,-0.455516999484833,-0.45909278965128,-0.353817578961654,-0.444681591647628,-0.329000780898644,-0.263203738365755,-0.381314815991465,-0.392708488285722,-0.241073858371923,-0.154153653278374,-0.367203940059884,-0.213253484964298,-0.258993579137498,-0.434053047880698,-0.466807375915275,-0.262463964275965,-0.310713463442958,-0.277513514479614,-0.0837853604365825,-0.152722004414669,0.119786237795803,-0.149960377254374,-0.250389479535596,-0.32447780924577,-0.268203591237414,0.012011374661866
11400,-0.0693471965425043,-0.290256228128679,-0.486166451861737,-0.167909010840036,-0.247179642316556,-0.10181657293044,-0.465146729330913,-0.446178212540251,-0.617181964269097,-0.479174724263837,-0.483698362677156,-0.398205695503772,-0.368537268039647,-0.456907117935382,-0.0915941703795749,-0.330013758152881,-0.630497329402899,-0.225390541827206,-0.355202628677746,-0.647375078361501,-0.635389473851198,-0.650353009345775,-0.457733073334133,-0.640819378968006,-0.581045840517179,-0.341308775043338,-0.520205356507357,-0.266041743054657,-0.213987549013884,-0.432722547115207,-0.421692896664823,0.28080495638796,-0.402852815134734,-0.0464062693666439,-0.475298223131096,-0.492788929630464,-0.392204217586409,-0.151430469600934,-0.356497683989394,-0.389813516838043,-0.535582962492706,-0.589853175261582,-0.523940135786424,-0.376561421657176,-0.206023601064881,-0.242706191740715,-0.177803239072891,-0.433270414866766,-0.552011322877853,-0.435515794827052,-0.121030440470816,-0.357165807173806,-0.566438732973053,-0.106305936787802,-0.220393518689162,-0.2609484916174,-0.0549319458545289,-0.197523777006369,-0.473752848868349,-0.338612897542151,-0.319711917276617,0.0179674646128651,-0.409867415088007,-0.418691327942901,-0.300335177895842,0.00102974150084817,-0.499118821714104,-0.374254182449678,-0.292589574487859,-0.774781158299492,-0.427262077533749,-0.606510554101905,-0.948060730680128,-0.384125156610099,-0.675892963609885,-0.605767488110347,-0.442769537866167,-0.473424552093254,-0.468266234859912,-0.499386256986326,-0.531952189257484,-0.527236461329561,-0.203387161795367,-0.305142637842195,-0.512126639095679,-0.55569893929849,-0.411630843361198,-0.335176679954099,-0.408738634871174,-0.298383700195553,-0.449575022844764,-0.33381505367091,-0.225623208414814,-0.247831132363784,-0.181990267134153,-0.0524114637769298,-0.299802521397867,-0.382337282560292,-0.128265702355657,-0.123028338281387
11500,-0.313100527290043,-0.374700130922858,-0.536802628830309,-0.236954192329512,-0.344204176823516,-0.510551969027609,-0.616330855220637,-0.588618552515202,-0.698477445073167,-0.474100157326691,-0.614329999739712,-0.451036604511956,-0.399194778636056,-0.426988706507366,-0.317653748285032,-0.306221086038743,-0.897510264866956,-0.314507055574759,-0.289918373599166,-0.583987739080263,-0.510591507670075,-0.763615219256926,-0.642378754185685,-0.517539981299711,-0.411597164915862,-0.669142699122288,-0.444986550782405,-0.530927542464945,-0.339830357677009,-0.292463066585085,-0.500928648921531,-0.0108502649970963,-0.585496380220469,-0.0585035236148064,-0.368293640523844,-0.504762514149877,-0.610267969885043,-0.306827881294849,-0.417606041342776,-0.453579619956177,-0.424713294879487,-0.508060429807408,-0.578113824300457,-0.398774828193421,-0.321750226776027,-0.367995143957359,-0.318268578081596,-0.366980649974791,-0.733034970024406,-0.54544959897726,-0.186068795995586,-0.416847035051598,-0.529186239680791,-0.392707364976078,-0.292696279207271,-0.192045660971509,-0.223963015589484,-0.354867734997922,-0.469014371100316,-0.240394089795842,-0.171487367570514,-0.0870345929097777,-0.610869147763178,-0.495346178345369,-0.401205181416143,0.00157867881891993,-0.338310267199698,-0.411806193267176,-0.205968825581355,-0.664563733519237,-0.525647804512051,-0.607243592248586,-0.878522937838561,-0.2884654484634,-0.675611623310391,-0.497511685295514,-0.426408788380907,-0.603675307558749,-0.52229713631927,-0.367326818264548,-0.674649386685428,-0.405683614036992,-0.144205499423774,-0.587139482719367,-0.545404377734523,-0.688533282079796,-0.464930209370701,-0.557342036390525,-0.446601854420254,-0.429583112541581,-0.303208333932542,-0.427184896476238,-0.149101518613755,-0.526838148208374,-0.37777340914873,-0.459337678397786,-0.537394226451285,-0.532360516463802,-0.150219307012865,-0.334056540318949
11600,-0.607994581084623,-0.270121647329991,-0.560545407311362,-0.248637444701806,-0.234177188316808,-0.628285584952666,-0.643254803761093,-0.537238574335593,-0.932467086460815,-0.647998091653395,-0.605924657250661,-0.691062230104644,-0.741418731742668,-0.504899903459419,-0.375581223595732,-0.582599518603198,-0.760360642090022,-0.476248281311094,-0.181851822024705,-0.801678731681993,-0.774485572287157,-0.738699515471749,-0.431250569830694,-0.465925098023086,-0.366228422858407,-0.83059191741289,-0.546003623107652,-0.724991330165048,-0.454365506284676,-0.508994857032636,-0.373285830252424,-0.0277743517051231,-0.579397485137866,-0.423179716917991,-0.63356210266821,-0.475681757425734,-0.618110069483354,-0.571242924833501,-0.796890873559743,-0.731218750003831,-0.476398032404076,-0.525081003767807,-0.544926124714278,-0.305088964547675,-0.519369301619636,-0.569807742126598,-0.43109424775248,-0.363981084961652,-0.90408581606853,-0.744956087654301,-0.284957921605516,-0.32436017524475,-0.75079553699353,-0.522407098422258,-0.63289018013558,-0.176816652727445,-0.161932966739267,-0.593165674177111,-0.697828679953731,-0.293869006051055,-0.610675797656456,-0.25905483147445,-0.605948721528079,-0.610041329259602,-0.373102000343907,-0.120058905122359,-0.319444491831682,-0.570208160531734,-0.377347224382022,-0.656315126940233,-0.595560365085698,-0.673350295554815,-0.935128844203974,-0.362068985234589,-0.503767547180649,-0.447383370732112,-0.819679313856169,-0.616620951600492,-0.84678799071828,-0.486883535663978,-0.570857411374088,-0.508505097355136,-0.337584265668255,-0.634806427707283,-0.909542474427956,-0.609219406293335,-0.630265231457838,-0.414322941098138,-0.837651997776774,-0.513752305835989,-0.586766739773061,-0.517573378138115,-0.325828213764125,-0.705501315820875,-0.543747837268381,-0.480998270655411,-0.493867878186553,-0.734774961192993,-0.26810682970912,-0.301295701931996
11700,-0.54062103173917,-0.494884360014565,-0.85261961597315,-0.415117700679922,-0.223574810428654,-0.583861479631533,-0.771117057350908,-0.813522641298468,-0.865996443512608,-0.766848765921784,-0.680568859165951,-0.816981300047037,-0.918979056264438,-0.802704705089969,-0.526765076915441,-0.713986953938222,-0.830298504907295,-0.42617068283288,-0.511130276986063,-0.870040216643103,-1.19104871024821,-0.629001909486939,-0.673508332772979,-0.600377087834407,-0.700969554298305,-1.05433302932096,-0.821195215015379,-0.779854766492757,-0.597798963785228,-0.391557023045222,-0.608458713251941,-0.431330033433395,-0.750345474589967,-0.442351051242812,-0.863118649416449,-0.487334844314221,-0.801495425544313,-0.92733583444496,-0.905476013038558,-0.706552879045824,-0.528165466272892,-0.650859303651938,-0.697874903971001,-0.636018592861823,-0.830977372172757,-0.610232478008571,-0.53956091184304,-0.698134761968343,-0.654937521567265,-0.95928105052457,-0.573523211977199,-0.538089488008986,-0.823936897595919,-0.629150138984125,-0.958173319582332,-0.32504999862826,-0.175549427738147,-0.7320236876833,-0.835437839569197,-0.190232231863897,-0.814472069575393,-0.265337653615272,-0.850959864682901,-0.77161443165429,-0.381017326432032,-0.291094026930106,-0.374742005457333,-0.447559173001688,-0.620924052461226,-0.76386298746109,-0.593435255722128,-0.913260366669352,-0.900068581408391,-0.499940611195264,-0.599605259320734,-0.326078324659938,-0.752137122421407,-0.771175924376292,-0.88197901178026,-0.56367631639028,-0.756382817458487,-0.559686699563654,-0.542674411428537,-0.50629375318526,-0.919785660024184,-0.526963670397703,-0.745547964972868,-0.535654301051389,-0.975149955732067,-0.630374319421494,-0.624042113929155,-0.570969897653196,-0.505127711909176,-0.905687364595833,-0.651124070494876,-0.73174909136047,-0.890436204461879,-0.703518761236787,-0.430997449827979,-0.272128863699312
11800,-0.651146698268682,-0.628909174457631,-0.783301723448925,-0.736733258394624,-0.394436429089199,-0.611011786632908,-0.869148272809857,-0.93207859714203,-0.976255673399324,-0.860984036723782,-0.71157940159978,-0.892453434683308,-0.681701889870249,-0.861749127970118,-0.755783415489476,-0.714252444569281,-0.909016006643958,-0.884895447817478,-0.663768594910301,-0.963884677051871,-1.32372294769886,-0.724422612026365,-0.780351832436968,-0.746754399688037,-0.83043016203,-0.911509672964635,-0.77461748020799,-0.622633652884368,-0.465985202623165,-0.70668145006762,-0.830344696711392,-0.675527965771862,-1.0312826572166,-0.395468721481711,-0.789230773438274,-0.514704365069098,-0.980663900743814,-0.803410563952936,-1.17598302044072,-0.860376026321235,-0.497615026213262,-0.992025801313876,-0.818003178409706,-0.546006140639866,-0.693042341289855,-0.745756115792653,-0.645554090624307,-0.548601973885061,-0.793669093488811,-0.836541422860378,-0.680629518943015,-0.760945274134528,-1.03277277999333,-0.649277248610253,-0.851715539887034,-0.721561038318247,-0.381859031658442,-0.782934692072227,-0.840993770790961,-0.390538214302295,-0.993596368987686,-0.52145842240128,-0.902083143545777,-0.831648015131225,-0.552083369294226,-0.522468732765633,-0.673353746068197,-0.752152681312757,-0.558767944201119,-1.04563378119696,-0.848865426406279,-0.861404868798579,-0.703244704993237,-0.589534522479834,-0.632401329170587,-0.30406817511956,-0.972944955071264,-0.822698027671326,-0.908092918021325,-0.60996181714103,-0.820144842476034,-0.828762864616783,-0.649102691087994,-0.670567075263688,-1.13977685584258,-0.851150267567925,-1.02386541981629,-0.564522150885835,-1.01847540226634,-0.963474571379373,-0.76066522517005,-0.686673595447017,-0.501728568054705,-0.793037711614159,-0.861684609500029,-0.833624406011801,-0.697437998012738,-0.852887758580644,-0.710469983872458,-0.269197698920418
11900,-0.544932779457651,-0.722448720865604,-0.946884342577517,-0.795724638361683,-0.806580467180523,-0.726123082276063,-0.98580329722652,-1.23604406056882,-0.901050584592175,-1.12080201415575,-0.993486408788304,-0.897086709360024,-0.610380964892252,-0.881426263541979,-0.688724125413329,-0.724269530799989,-0.888002705093648,-1.17017247552273,-0.929049625977163,-0.916757699152722,-1.26739502736701,-1.03907241228428,-1.03275347833604,-0.873459516724331,-0.735414787007551,-0.904286347499544,-1.01815561658018,-0.852750762937143,-0.353892122938872,-0.698800154099341,-0.760046578722729,-0.665239316535825,-0.742239434401373,-0.488551855401887,-1.05644431067403,-0.716232837969556,-1.00312138289835,-0.811868891650027,-0.924231125583281,-0.956926480388315,-0.707609199731554,-1.04022628071675,-0.841726284159417,-0.824017510965507,-0.736689402849247,-0.969359366812175,-0.733505240788334,-1.00461112569565,-0.953256626113668,-0.879546518539816,-0.830640827303842,-0.82166653310599,-1.02989672911456,-0.720071120169729,-0.9109094469284,-0.573047658604577,-0.696636892183191,-0.727111555488539,-0.660644006579083,-0.765640270338626,-0.929532861553791,-0.393433073478545,-0.95613556060173,-1.02991374145317,-0.505950132956341,-0.659629125405531,-0.771508737382032,-0.874916559296477,-0.648362007301771,-0.906699328799577,-1.15837111983694,-0.937854586796154,-0.781528333299273,-0.74058492687313,-0.801057659088252,-0.473823196061189,-1.31926532266446,-1.10157303457764,-1.19334601549315,-0.807832079158288,-1.07101214510892,-1.01787090862309,-0.707524425554052,-0.834120083286145,-1.1047565387806,-1.04036499987013,-1.07980530817784,-0.82520328675332,-1.04113995939937,-1.07069954433622,-1.16271869863051,-0.577592613723145,-0.709371800912258,-0.790848716949086,-0.936855225197743,-1.0879046880826,-0.675167189345904,-0.90102361531078,-0.848390833707303,-0.529169142626995
12000,-0.574698651257245,-0.816443848415166,-0.710218407568876,-0.891730305856749,-0.613075737377579,-0.888202241464455,-0.897665666953205,-1.28601321258068,-0.90277588048078,-1.29312408630093,-0.932538502489581,-0.862701042297531,-0.786139975596402,-0.890739156385931,-0.792771397082213,-0.803778954285921,-1.08971120362215,-1.18039949792646,-0.894361991246568,-0.97393729101141,-1.09043621643014,-1.07468145105464,-1.16065569105379,-1.00481802028489,-0.840429064301238,-0.895392136533369,-1.06568973331695,-1.15273367755764,-0.600986482420263,-0.805947968840782,-0.916526976577603,-0.902435422440976,-0.928637507533912,-0.510289258851813,-1.20070313423853,-1.02360645815701,-1.05831612867807,-0.706156300265976,-1.11684807963054,-0.775687371457493,-0.799743683023034,-0.936325790789801,-1.1106995313795,-0.773828287582895,-0.940122909777098,-0.770572814704883,-0.732388607347771,-1.02204372352174,-0.955823439318644,-0.930201402817223,-0.981239377287596,-1.15811571242104,-1.23468320020853,-0.726939284867261,-0.878736364240685,-0.66868058991844,-0.785065463999922,-0.924979108699627,-0.675259305170229,-1.12443571693247,-1.104879282025,-0.550202037612639,-1.05091970915579,-1.15331390138288,-0.642132411501645,-0.647506614178424,-0.83772295383913,-1.08666596462291,-0.650581435175745,-0.972821193903505,-1.09447267124043,-1.05276706173541,-0.720939662903505,-0.970649907845815,-1.02002884999196,-0.874718529086066,-1.33623280654644,-1.3120185774309,-1.28087069118928,-0.936512561006833,-1.45458340306053,-1.2466357222871,-0.836461590602554,-0.84618363897168,-1.05551903932133,-0.83161312620929,-1.03298972986185,-0.914962366131578,-1.08395255480685,-1.31985406287843,-1.02759221694451,-0.684166103209898,-0.780486655278085,-1.01242759602317,-0.943500416161263,-1.32367119385173,-0.761626168723471,-0.961742323750159,-0.770139554499208,-0.778934050497953
